time,nino12,nino3,nino34,nino4,norte,norteleste,centro,centroleste,cbm,tna,tsa,nat,sat,tasi,wtio,setio,swio,dmi
2015-01-16 12:00:00,27.788097351436733,26.729390997081666,27.066921473130197,28.752516150157103,22.57001744005303,21.97387205355696,25.445216620202174,24.668486538159232,20.196459815896382,25.28520912108882,28.173635951167608,25.321602707506777,27.22108107397091,-1.899478366464134,28.79261898018942,29.17188739525671,29.15376471343772,-0.3792684150672905
2015-02-15 00:00:00,28.47457401807669,26.982566347643036,27.24441111045639,28.40178016993995,21.869363235054045,21.30739171686228,24.91614123654318,24.153412180067782,21.210446539761296,24.82804602789262,28.514578191528063,24.951179326606383,27.919260691736053,-2.9680813651296667,28.87033398745895,29.19729399874141,29.43087675719929,-0.3269600112824626
2015-03-16 12:00:00,28.46189015257683,27.325122855614577,27.578955987772662,28.42619883207062,21.70996741128748,21.32268726191484,25.087654578602265,24.426434637071768,20.232820949545733,24.99430638410038,28.798579429591317,25.231714907819185,28.44813954254217,-3.2164246347229835,29.224268739407652,29.86208586835194,29.718716961171403,-0.6378171289442847
2015-04-16 00:00:00,28.2773589727558,27.94607778422688,28.09820579335792,28.84721773998284,21.95158510463956,21.66954773407623,25.25484270831558,24.575409010336426,19.719377860267358,25.118622746223924,28.77362364659945,25.3590295592873,28.615305119571698,-3.256275560284397,29.404264998261,29.948116517348485,29.6862852691146,-0.5438515190874824
2015-05-16 12:00:00,27.50730805520963,27.998487182830925,28.569587435690615,29.4894397643401,22.577690405718023,21.841825353392515,25.25069891121423,24.439430483161157,18.28232200746886,25.110770454922264,28.274852491044623,25.24818145178538,27.768083275728056,-2.519901823942675,29.44959309848401,30.113274909315084,29.29697184855817,-0.663681810831072
2015-06-16 00:00:00,25.850117576352964,27.669944656465187,28.76807220577383,29.67892383184783,23.476147540874702,22.736880879253995,25.58351352473139,24.73118639447044,17.37699850091287,25.431031035024024,27.51201165486381,25.443501303411857,26.059068876841764,-0.6155675734299066,29.30917131613822,29.64411232109455,28.673212383753764,-0.334941004956331
2015-07-16 12:00:00,25.249774130788,27.530535725477574,28.695955872674787,29.680154522180864,24.59716158033172,23.841087467624675,26.320207726802984,25.79805539682707,15.654742552031502,26.27272880233262,26.871623767224083,26.503844364464083,25.30556550870012,1.198278855763963,28.520117026837507,29.01957967089638,27.90292655194805,-0.4994626440588732
2015-08-16 12:00:00,25.658925160457507,27.109677334907676,28.389498104886812,29.55827063744332,26.221855441881097,25.614737453151708,27.27611605593809,27.17409525337051,14.89205388790673,27.315559329287037,26.4979563869997,27.63155586030299,24.90941362823317,2.722142232069817,28.33726880298593,28.325972310280537,27.898995263101785,0.0112964927053944
2015-09-16 00:00:00,25.91446252632032,26.848992318999667,28.245781483732763,29.725292610317087,26.86785178110147,26.341837573305096,27.97073977043882,27.954228781104245,14.701510369611793,27.95151737594672,26.459309025238277,28.31953783283028,25.07851345444061,3.2410243783896675,28.545066392253503,27.687510987704293,28.01142766129754,0.8575554045492133
2015-10-16 12:00:00,26.582371367124228,27.043034312101152,28.38673854135881,29.944734678068546,26.356653229888558,25.8291326232018,28.063427752465564,27.829649387931685,15.063837427356011,27.97177681420312,26.81613307489823,28.31327251914809,25.35966543524833,2.953607083899758,28.87892843940333,27.663814590600676,28.27973787172259,1.215113848802659
2015-11-16 00:00:00,27.40960438805203,27.39230089906206,28.41219514367837,29.908465548570387,25.09555999530364,24.645920412919462,27.518619200286437,27.054132638440667,16.41042617583511,27.35877989776057,27.416108011438705,27.690216086860097,25.96875067218147,1.721465414678626,29.06745010255357,28.06622571501658,28.557320847116163,1.0012243875369933
2015-12-16 12:00:00,28.229538879109644,27.731723976006823,28.39935249870764,29.80932095228964,23.852301377784336,23.19977928741669,26.20774060446562,25.485922985371875,18.011860883578084,26.14688005178249,28.046333670813404,26.293094696267868,26.70335391006994,-0.4102592138020711,29.0461305412311,28.625964349348934,28.99528047595753,0.4201661918821671
2016-01-16 12:00:00,28.85221269572765,28.0411553718391,28.34620379207473,29.534384605843712,22.3393019332636,21.76924583213742,25.127207957074248,24.37838413430173,19.217673302607476,25.127634485100227,28.72546374600669,25.27896589205331,27.468116783667945,-2.1891508916146343,29.333458725718632,29.56781847767181,29.93009511845032,-0.2343597519531819
2016-02-15 12:00:00,29.29981933899693,28.020151677904924,28.37620331282917,29.31299358999522,21.85973134288135,21.52987233337167,24.937887909524825,24.36242874311215,19.87951324596985,24.985639334744544,29.06467549247327,25.25040039331133,28.06763132615616,-2.8172309328448293,29.40436754852565,30.12458432215666,30.153333628216696,-0.7202167736310123
2016-03-16 12:00:00,29.18350565339153,28.065756790513984,28.44010904075424,29.15028891374788,21.86459961606324,21.568838765228485,25.08895735664592,24.560100468599742,20.54613816911875,25.133611833085517,29.185520453777897,25.45914365855776,28.157692207083254,-2.698548548525501,29.509456249846423,30.61955575995088,30.05810592221788,-1.1100995101044546
2016-04-16 00:00:00,29.01815394091585,28.44887759725999,28.474884701957603,29.112848091643517,21.99837703247453,21.813658883158794,25.47260066199836,24.98252591421842,19.342325843107723,25.45808126455362,29.151847221128264,25.884122218969846,28.1574799211103,-2.273357702140455,29.80240008533076,30.496723788086832,30.082900055518085,-0.6943237027560727
2016-05-16 12:00:00,28.19321557544362,28.00353504398247,28.431883435414527,29.218264324319705,22.698658118139317,22.40602114317302,25.808983400787294,25.193428488684884,17.40717144197642,25.73358524739701,28.569693523652692,26.070017779752664,27.388201519353387,-1.3181837396007232,30.108733904799443,30.091957264277813,30.09608089538016,0.0167766405216305
2016-06-16 00:00:00,26.35371164028876,27.335488747737813,28.35246595132493,29.45017798715245,23.414716090768948,22.82953380001282,26.25752112821616,25.470951968868608,15.891169453977067,26.153760207571946,27.71524924128712,26.38972489155282,26.569969912737285,-0.180245021184465,29.775288283913177,29.82767200096578,29.38944731540637,-0.0523837170526029
2016-07-16 12:00:00,24.69950087520792,26.39891241966137,27.93665219129045,29.430806193232947,24.71367651439757,23.96026455912818,26.851621476729257,26.303334011162267,15.093744275474554,26.77385668222271,26.92340182030476,27.055062790479376,25.55339255800052,1.5016702324788582,28.898429163923836,29.144603691153737,28.53641406493834,-0.246174527229904
2016-08-16 12:00:00,23.881886139490355,25.13908395839936,26.940309928977943,29.08888165877337,25.441143514031506,24.67524763682771,27.431073440137013,27.249028615661164,14.578145416556282,27.29980747168212,26.346645620517133,27.785942985761224,25.24683637238934,2.539106613371885,28.24215166906564,28.51934935889017,28.02316240660116,-0.2771976898245327
2016-09-16 00:00:00,24.62976285659492,24.623894917168112,25.90510565300533,28.515629781579086,26.262189544841625,25.58439879405812,27.87770736255984,27.78868926786973,14.458265365779845,27.771581610757423,26.228909955958816,28.27403841241851,25.084966432859503,3.189071979559003,28.419308256550195,27.573730111624112,28.0231322101525,0.8455781449260833
2016-10-16 12:00:00,25.19044471914284,24.68231560046865,26.0088315267894,28.54238184485686,25.96585953139733,25.35823955743532,27.83173380222952,27.660117081709547,15.116124171489025,27.73925362178841,26.58255787532076,28.177269828178805,25.50511007373898,2.672159754439825,28.671467675389216,27.804485415986985,28.13281910546633,0.8669822594022314
2016-11-16 00:00:00,26.20630604452297,25.152781420161844,26.187674481004866,28.591840287910884,24.88802910111404,24.11823144444105,27.07374740325591,26.617846862348287,16.425003527223645,26.996935418433985,27.074981471430384,27.27686441681325,26.068326269403617,1.2085381474096335,28.69706090323739,28.22686942142183,28.39599747108813,0.4701914818155579
2016-12-16 12:00:00,26.85918785814733,25.77659195382925,26.277499691172995,28.248597987907587,23.466062856035112,22.8035124613028,25.87981341032339,25.16202871760132,18.245454092270336,25.832185587937992,27.67897692622077,25.933217204139385,26.964428984562208,-1.0312117804228258,28.796381457178114,28.678912911173523,28.80847852040866,0.1174685460045914
2017-01-16 12:00:00,27.77241272993693,25.612449962404536,25.96466500562183,27.49178026800772,22.36424375866846,21.51391776535661,24.38782932899878,23.217837951111715,20.553350239388696,24.461339653733063,28.146143157286485,24.22472565651692,27.95027405843156,-3.725548401914644,28.61387134206577,29.18648165256173,28.9879188940803,-0.5726103104959641
2017-02-15 00:00:00,28.27346091697768,25.37932381035479,25.678727691429327,27.20659379092799,21.872330539082967,21.021399415886343,23.54662196292088,22.22081336521229,20.84786503820065,23.76318187931104,28.48972505381344,23.2647191993054,28.319929396832748,-5.055210197527348,28.74359336635009,29.554614887764053,29.313330081576183,-0.8110215214139593
2017-03-16 12:00:00,28.49153563484766,25.868898542237982,25.9153824290028,27.379218018159097,22.028624039815703,21.211050467357687,23.61645369436678,22.561688633607464,21.132469988091025,23.887049295330574,28.706945214068664,23.47655334473551,28.393391087594424,-4.916837742858913,29.120700948008363,29.647553367683116,29.6965160658714,-0.5268524196747499
2017-04-16 00:00:00,28.063976171204622,26.744695467529915,26.614244822348955,27.54146502080944,22.24924569897145,21.21911794439997,23.876061100180507,22.974661274539315,19.66363985141828,24.01656174201223,28.64474117444314,23.797785342505207,27.833229852923523,-4.035444510418316,29.48598426899541,30.18081986942121,29.8130523554188,-0.6948356004258045
2017-05-16 12:00:00,26.796911584134865,27.1465882735403,27.43844488499149,28.038803269726383,22.85599842593092,21.86274162384137,24.305246414843307,23.472620268635904,17.44221126733674,24.39483289571865,28.186567596457344,24.23001619896877,26.92682757016,-2.696811371191231,29.6946888794766,29.91953366133324,29.633752264421783,-0.224844781856639
2017-06-16 00:00:00,24.16327430130432,26.19644515503602,27.628108287208253,28.75508110187556,24.309753337965336,23.284472705842703,25.090318064588796,24.48428572446768,16.43876340612884,25.23923550211051,27.29357291947772,25.132640860045512,25.77771126561395,-0.6450704055684362,29.320556437590085,29.556984768736868,28.835378237806445,-0.2364283311467829
2017-07-16 12:00:00,23.93288805982138,25.95721336935154,27.542298165768702,28.9482828141234,25.564372566271786,24.61398894678697,26.04994342678488,25.69502371409407,15.407459481389406,26.2484386312759,26.665224544947534,26.28129743179564,25.10824866576415,1.173048766031485,28.347644581393485,29.111827929890868,27.921665559338862,-0.764183348497383
2017-08-16 12:00:00,24.43565204709572,25.77329403408595,27.276215215002253,28.944119260243685,26.147923344032748,25.111914559375908,26.92027756467088,26.75998385064161,14.645635846063254,26.97253287132429,26.287656726098177,27.245015662334183,24.73942240854081,2.5055932537933714,27.95791588750688,28.32828030102824,27.5910803116533,-0.3703644135213579
2017-09-16 00:00:00,25.22014341646339,25.667019668918105,27.17911569197172,29.03580580155719,26.50333735701108,25.435838049227144,27.45485124863175,27.26542622676764,14.297224125529745,27.47126168119641,26.27773433301943,27.803195954530228,24.61029867941121,3.192897275119016,28.10201548162009,28.318629328822205,27.633083526622794,-0.2166138472021153
2017-10-16 12:00:00,25.66308164556299,26.22711448048053,27.73188264442728,29.531650158625425,26.39503946912181,25.50589871950362,27.680625043148567,27.397671865623497,15.064331429638672,27.663552578289792,26.737374964512124,27.932589378835694,24.84556643045544,3.087022948380256,28.736847334485702,28.75627969234501,28.07300910803371,-0.0194323578593085
2017-11-16 00:00:00,26.750148826852893,26.941373535928005,28.130148199934048,29.571625891688967,25.247562663062755,24.349946069174447,26.929336961754583,26.42297005669946,16.100346742190762,26.875570477774968,27.446094065433385,27.084071651555654,25.484212885537985,1.5998587660176715,28.93105103679884,29.317213261289663,28.70210192090705,-0.3861622244908247
2017-12-16 12:00:00,27.86881902347817,27.66673434956778,28.363351477650426,29.536996252790047,24.001178997526115,23.12478740239616,25.626769875704124,24.650898524389248,17.839102531515223,25.653308667462177,28.121419780356423,25.47211504986004,26.190484923586776,-0.7183698737267399,29.05264597455582,29.84384977304129,29.34269534960289,-0.7912037984854727
2018-01-16 12:00:00,28.764163811420637,28.023723480258138,28.36619079307378,29.37845531151209,22.913413307672908,22.12482483305324,24.68507529854975,23.552569897879025,19.86351661580872,24.76513191430632,28.68817752913347,24.448725349631804,27.137043194099903,-2.688317844468102,28.70502551462684,30.19200415159042,29.089492167596088,-1.486978636963585
2018-02-15 00:00:00,29.05438305469179,27.8720582006397,28.152339616393014,29.1421234076976,22.204934054520265,21.288026645882866,23.928733579976274,22.722652727382584,20.90780595815227,24.083426097200643,28.921916946634795,23.74155764361052,27.954926973113658,-4.213369329503141,28.780615132984693,30.549423840703103,29.259138403789915,-1.76880870771841
2018-03-16 12:00:00,29.205699841546743,27.787790756392884,28.099027541185052,29.094442027850707,21.962957179551218,21.03283201126424,23.76045509527731,22.62661184208836,20.933342771701447,23.850803019411472,29.190687033169983,23.570444045006376,28.59014075229144,-5.019696707285064,29.668527167816173,30.856136558559264,30.23764573180555,-1.1876093907430914
2018-04-16 00:00:00,28.875043979178297,27.506221458929176,27.86532490184091,29.17619548616862,22.058278048554644,21.066549877606416,23.72730051982565,22.688967352010696,19.427848760370875,23.73252647657758,29.00483027153583,23.53175734075946,28.142677505460515,-4.6109201647010565,30.000792908159752,30.822334568182235,30.198896130716456,-0.8215416600224827
2018-05-16 12:00:00,27.52003120619837,27.50344106405272,28.36730653048109,29.52879716816693,22.82265688334265,21.79723311498649,24.25531105882082,23.35235790742503,17.471290055750682,24.22458346055766,28.520509587193,24.047767623119125,26.986319415438423,-2.9385517923192985,30.029612020563427,30.639432492169167,29.959583262330383,-0.6098204716057403
2018-06-16 00:00:00,24.664109144968137,26.56003256188083,28.402358420058214,29.78575603028509,24.38229641523661,23.348865711609815,25.06391658716983,24.36827771983104,16.378271560566375,25.10166404102856,27.68979255192394,24.9482769387282,25.89436886017786,-0.946091921449664,29.46625082200946,30.308250191342783,29.263926186436425,-0.8419993693333261
2018-07-16 12:00:00,24.019907405278257,26.38155559878403,28.494128712635938,29.90657582481061,25.741403254305087,24.67864453088332,26.090992817764427,25.49266247771116,15.452927858700528,26.203757217540076,27.074355733619104,26.03584567566068,24.90716422291192,1.1286814527487614,28.85025854937052,29.710318561190107,28.57707884322232,-0.8600600118195878
2018-08-16 12:00:00,24.573086464747128,26.85344799334937,28.501091326043515,29.84556621049788,26.547781765039684,25.533132898414674,27.072889320883693,26.79252748439848,14.43679743414781,27.14686710826021,26.774510965837703,27.284149794837735,24.464583612167765,2.8195661826699734,28.41120250319974,29.308532755036804,28.165858944285677,-0.8973302518370652
2018-09-16 00:00:00,25.45158030729172,27.012605330688498,28.32403135249041,29.86221587046889,26.810400402618537,26.021591194560035,27.683587492118896,27.495445644820997,14.843441391466396,27.66415287783254,26.818159616918383,27.91304588098495,24.381733696177417,3.5313121848075326,28.69767654806898,28.821922872583247,28.41874173007933,-0.1242463245142673
2018-10-16 12:00:00,26.638029420621,27.30427056420301,28.405774513467097,29.887023874152884,26.55549379048356,25.871058723774667,27.889110489376577,27.55910548078762,15.6569050443838,27.807627727117342,27.1641630624484,27.98681179157697,24.87886974812405,3.1079420434529226,29.232236023017087,28.658711250783384,28.695905765277253,0.5735247722337036
2018-11-16 00:00:00,27.497063011716172,27.795263264451503,28.802211404579523,30.187351936414764,25.81468148558277,25.265682073876555,27.439300774073605,26.769818646092897,16.359174862694893,27.32505189333761,27.747860145868344,27.2987943639032,25.794480579227343,1.5043137846758583,29.352552471950727,28.80995398992866,29.047611773815813,0.5425984820220684
2018-12-16 12:00:00,28.511072095741984,28.400650239626486,29.103513109967285,30.13665111577101,24.166778043184134,23.51478958442703,26.120586319532457,25.15016485209928,17.489000383544177,26.03411151895232,28.43708943275638,25.875058317258866,26.53774634489759,-0.6626880276387261,29.20393492465859,29.344522015179216,29.48604222535123,-0.1405870905206256
2019-01-16 12:00:00,29.22323224080153,28.978549816389528,29.332881083467957,29.908271108107517,22.809992075700976,22.05280600662676,24.830681001009417,23.595010721868483,19.7003060178514,24.87610333111496,29.06312865136402,24.558010902332004,27.2661940337895,-2.708183131457496,29.07662052901008,30.152127714528262,29.796149244793835,-1.0755071855181804
2019-02-15 00:00:00,29.7179104655846,29.03784814031541,29.13441222713957,29.34687124255148,22.202115322385808,21.443870233461197,24.472240831582425,23.26009794906877,20.73209927442357,24.57142964129594,29.40749076399293,24.27494561487155,27.91838793917369,-3.643442324302139,29.27007358115605,30.71169533941113,30.02149220971808,-1.441621758255078
2019-03-16 12:00:00,30.02934758921255,29.05582178732668,28.921128041546787,29.203815732730792,22.208648425483386,21.8269983587216,25.36152065185775,24.625133731100615,20.28606741572756,25.355369154735264,29.62697210047124,25.53912199996749,28.21760657080608,-2.6784845708385845,29.87226861818907,31.17795029960882,30.55173920680216,-1.305681681419749
2019-04-16 00:00:00,29.940770583416587,28.98022034812972,28.561483252714503,29.07875466306035,22.60887349088546,22.417534891304545,26.157411907100716,25.784740301814814,19.43364750883972,26.125346749681604,29.41399730236861,26.663849980128163,28.19870679190323,-1.534856811775068,30.29319604767715,31.228145613572437,30.658805733936884,-0.934949565895284
2019-05-16 12:00:00,29.430206808695296,28.886944809299887,28.687371495680225,29.069251972516664,23.01693715423222,22.80183208559251,26.583262706479392,26.08597142041305,18.002952139704703,26.456442084900644,28.957327732039666,27.002817914060863,27.396348727392663,-0.3935308133318003,30.670864416904205,30.9895023188648,30.690657185172373,-0.3186379019605923
2019-06-16 00:00:00,28.64044754020473,28.37782236440641,28.588070542405525,28.9660110548247,24.02945878222297,23.40325533800973,26.75601950309755,26.15061778155936,16.527618781664685,26.64098541431448,28.174254355937855,27.061426181634797,26.70629611019986,0.3551300714349317,30.16906017075167,30.663651226270737,29.77200088607068,-0.4945910555190664
2019-07-16 12:00:00,26.75790370814053,26.9706139571342,27.74430836735986,29.033120057456564,25.31310703679169,24.704215739106008,27.41748487400788,27.139996576869272,15.24527887884147,27.29808111654433,27.31974920208768,27.77163166883462,25.77895468692643,1.9926769819081895,29.119235818522885,30.076935571649777,28.49867517436775,-0.9576997531268924
2019-08-16 12:00:00,25.848591813296043,26.091930083668057,26.961066081887857,28.921742967952326,26.547933641122324,26.01642539153405,28.173146317430376,28.130568330014945,14.521279275961527,27.94265932061508,26.76284014675848,28.403943645383183,25.18931918580412,3.214624459579067,28.354295112087883,29.492858959548727,27.88409523995093,-1.1385638474608442
2019-09-16 00:00:00,25.775617449634066,25.88656889594324,26.501537720101357,28.68074684661361,27.07608647309084,26.601247582272283,28.582428579720563,28.57719874037605,14.395606303711444,28.397038455717837,26.688404209490194,28.866383406203244,25.130931207695536,3.735452198507709,28.219768002894536,29.19679338420153,27.8255993704482,-0.9770253813069942
2019-10-16 12:00:00,25.821658050575525,26.157623961471952,26.738445940567445,28.584784918956547,26.976808828823263,26.382229660440903,28.64718168322536,28.454788177973136,15.075817806360996,28.51817535635262,26.99802084382687,28.84870590473398,25.28259541289582,3.56611049183816,28.629873926279057,29.373350968290826,28.233784615236644,-0.7434770420117651
2019-11-16 00:00:00,26.48821251244062,26.25692201445906,26.8868821223344,28.52459612204107,25.729851943566054,25.378968029789675,28.24649176949704,27.873358125546776,16.286476066227664,28.050349718950983,27.52033583480593,28.366468680163823,25.98220898308041,2.384259697083408,28.810263781926857,29.592617620202304,28.648414047979177,-0.7823538382754478
2019-12-16 12:00:00,27.27662219766534,26.797543965363463,27.14517621491103,28.425355012365603,24.317781130335185,23.930334952189,26.991255075657115,26.35725351576166,18.113823065901435,26.85483189295011,28.178449598099093,27.059879301260967,26.886045544489285,0.1738337567716819,28.88554474913971,29.968319972441854,29.16115472219045,-1.0827752233021464
2020-01-16 12:00:00,28.296420301977548,27.028424740937464,27.28067441950554,28.28262663936648,23.023720699603288,22.68909704506109,26.110712770148243,25.42690078791164,18.85416675338595,25.99637516775101,28.555373662856766,26.256534772734184,27.134744068917705,-0.8782092961835204,28.61940539560625,29.6921532440085,29.11321932706873,-1.0727478484022477
2020-02-15 12:00:00,29.103906136074137,26.93183963173189,27.2721729096916,28.224618516143096,22.485912922734105,22.14755134548111,25.619151484214186,24.995943785233926,20.353386215168307,25.60978958703011,28.87042513753006,25.895123725996942,27.598737041731848,-1.7036133157349056,28.75207130905076,30.18123003254804,29.307418519614917,-1.4291587234972774
2020-03-16 12:00:00,28.991993673146126,27.210475973086467,27.40374998526595,28.42477370030513,22.476178996981066,22.11843212837785,25.591260822146836,24.93861294964061,20.838651619539217,25.60778406142047,29.028180308369294,25.83617505073221,28.048572612357507,-2.212397561625295,29.035711262959552,30.429730746226827,29.47081986664217,-1.3940194832672752
2020-04-16 00:00:00,29.060941556986677,27.73383724947027,27.731894656081774,28.82636032285894,22.5853606458435,22.07601559587096,25.55004006249536,24.69719950843369,19.985218083120085,25.47496547136893,29.026357829499187,25.592839240441293,28.16099202858229,-2.568152788140999,29.53301219214478,30.499453395772,29.73314517060488,-0.9664412036272196
2020-05-16 12:00:00,28.311738204764005,28.329002678625027,28.231706750230664,29.087695675539035,23.21441930841682,22.98624080799116,26.180679889717165,25.345549450476568,18.21570202733256,25.958813468597658,28.629136863331677,26.076398780901265,27.36586131850752,-1.289462537606255,29.874460039301805,30.54746061437274,29.75692928482388,-0.6730005750709331
2020-06-16 00:00:00,26.97856261363587,28.110043177868643,28.767287399412435,29.65226222727765,24.170965223777145,23.915500893327646,26.776058405004907,26.183651669226087,16.16199203295656,26.603324388673755,27.8957345068994,26.87430038560798,26.449304053131915,0.4249963324760664,29.662570358186237,30.015177699404106,29.188858206369822,-0.3526073412178689
2020-07-16 12:00:00,26.548184189442978,27.852296891273205,28.747416295189943,29.834091204180485,25.388899895797643,24.892672614598144,27.38444018636371,26.996894658143997,15.007483420784016,27.24183835455917,27.1949474667,27.554379607648556,25.62639224781081,1.927987359837747,28.82298259395126,29.43783847245709,28.213496103898617,-0.6148558785058356
2020-08-16 12:00:00,26.466653417826866,27.4868045829588,28.575663067575935,29.73773796069956,26.269653871920177,25.6034801562432,27.97014655355994,27.75949261566534,14.30805152418119,27.78282241342242,26.769145505026348,28.18688111165396,25.05640216978044,3.1304789418735237,28.35129595145828,28.56603121804785,27.880796906053675,-0.2147352665895781
2020-09-16 00:00:00,26.655289298643492,27.62189864657369,28.627783360530685,29.85158838588911,26.84162351792741,26.246020770561387,28.44701159352358,28.41563682340092,14.248730584768484,28.25153169848628,26.73843346414385,28.714789206118866,24.93447998846427,3.780309217654594,28.501759699632565,27.86282356849088,28.06722097571771,0.638936131141687
2020-10-16 12:00:00,27.502786288558248,28.10873899950609,29.01624807544381,29.974634234787157,26.58477208201822,25.988787222791974,28.402926151310304,28.169577621543137,14.348519241131914,28.253923481102827,27.193662686416577,28.60583004771328,25.368011066043728,3.237818981669552,29.15528824550662,28.094527048097344,28.710953889686948,1.060761197409274
2020-11-16 00:00:00,28.44654819921874,28.67202314044484,29.467340158859574,30.16398898167063,25.49694610667957,24.81710450476388,27.546548435752147,26.925544201362552,15.601054961221214,27.452949947023143,27.915355090669586,27.631901277442008,26.13831245730286,1.4935888201391485,29.46574655852096,28.82028440090979,29.210758213642272,0.6454621576111705
2020-12-16 12:00:00,29.241381439614592,28.96000743671036,29.467008775764743,30.05674285042477,24.103496214278906,23.395426402871745,26.452938767659568,25.684759993105462,17.386771167624797,26.416695861856567,28.48073796250437,26.54137291076816,27.101765203556184,-0.5603922927880269,29.33407170458025,29.32079061581523,29.514441332055508,0.0132810887650194
2021-01-16 12:00:00,29.78660948991925,29.09906588127713,29.317853244819982,29.820194285673743,23.096114987809308,22.410661868738675,25.74908632850372,24.922663568274668,18.751340707625364,25.74522855070932,29.03147419392945,25.845076647662555,28.31505294191558,-2.4699762942530263,29.141064999627663,29.78048987655219,29.638227457697663,-0.6394248769245259
2021-02-15 00:00:00,29.99133510139808,28.90832876622647,28.70664453620631,29.15653761295226,22.295521670567865,21.69023438668872,25.182821070219926,24.14421010348292,19.72136864801869,25.16125457983916,29.412906112973893,25.13430614414536,29.155861503974844,-4.021555359829488,29.366488645824507,30.48537206821004,29.996626395389445,-1.118883422385533
2021-03-16 12:00:00,30.22881329446864,29.19323066090781,28.644719755936823,28.77584631956966,22.27383076566696,21.460936567845987,25.16551186999348,24.028596695895857,19.93356644949885,25.075112163539902,29.724178953434237,24.976077224548543,29.66419648192518,-4.688119257376638,30.206674383645492,31.09115229045017,31.04002416515881,-0.8844779068046797
2021-04-16 00:00:00,29.925146840995367,29.04877852755163,28.3331389206548,28.39341326954717,22.76474864970691,22.129659889910275,25.464374839707457,24.31553292329512,18.81011288254156,25.35382222343262,29.52541674217776,25.146854719091888,29.478511256080136,-4.331656536988248,30.620735399208048,31.25211318342009,31.02967148403223,-0.6313777842120416
2021-05-16 12:00:00,28.88816460335505,28.704334115526358,28.298146586931065,28.504302461516467,23.654731770393305,23.093403152349048,25.983089346416385,24.926521366764323,17.213242022328323,25.782717008218743,28.86272083283622,25.565379114827635,28.39905374694493,-2.8336746321172903,30.52668503347736,31.26864806985257,30.426893281058632,-0.7419630363752177
2021-06-16 00:00:00,26.98173292096261,27.65972286424104,27.98290532649006,28.461563074558025,24.59083960719857,23.891964456877425,26.440570671175625,25.582434206713536,15.963869168631268,26.23092365287615,27.945734712059476,26.131846241032964,27.07688099377613,-0.9450347527431652,30.003369286658177,30.774683505895315,29.61048377637036,-0.7713142192371372
2021-07-16 12:00:00,25.01445942056442,25.61771792289974,26.379242618438195,28.326014276669543,25.991583431685804,25.204132808492467,27.1575640609656,26.628059930272485,14.948809452424417,27.0960348608232,26.98311066292496,27.178221835517668,25.961190229794425,1.2170316057232462,28.956699307882733,30.14321913433597,28.48394661751416,-1.1865198264532353
2021-08-16 12:00:00,24.170434612501676,24.1878741370501,25.22628843045304,27.92792731499332,26.99357384063349,26.13094753386289,28.036313274897257,27.753685012616064,14.319317713972248,27.86577230124629,26.433709994336454,28.05278560952023,25.43732756870825,2.6154580408119834,28.54048002254437,29.58222038906193,28.234802938154427,-1.0417403665175584
2021-09-16 00:00:00,24.099154584615576,24.48640598180708,25.18227479067222,27.49144366650616,27.23140260848701,26.43684685566091,28.4926851569126,28.380453173652224,14.41310859083626,28.31448239249192,26.40303359859896,28.645602316573942,25.20111453874697,3.444487777826968,28.655787871560783,29.217810728427807,28.30826016818991,-0.5620228568670207
2021-10-16 12:00:00,25.06504992233916,24.436035174940415,24.97508807327288,27.309032597893903,26.903310316190662,26.236263153713857,28.69944466984716,28.51987914808664,15.748429897289062,28.486993074790576,26.69258310705354,28.835321524331547,25.276242407716275,3.5590791166152727,29.046009478199576,29.39730754638394,28.53331612144985,-0.3512980681843629
2021-11-16 00:00:00,26.417678286373768,24.690041621585667,24.959195507832984,27.005975554364248,25.73691932164865,25.378749993809738,28.207800495671297,27.868542816121128,16.414480787400564,27.962972512488665,27.35196683521686,28.30824238941633,25.94856287931947,2.3596795100968606,29.16112331056864,29.864986697518784,28.909825900451025,-0.7038633869501467
2021-12-16 12:00:00,27.12305538721236,24.933802093761496,25.057352170802048,26.79949049519664,24.09855122731911,23.57515695663528,26.890080932779096,26.21447758553623,18.165751855899742,26.656656819480872,27.81752043363548,26.80418241302512,26.527696861378885,0.2764855516462319,28.864677977049062,30.109944092567183,28.9521540380539,-1.2452661155181204
2022-01-16 12:00:00,27.24662327751176,24.598168302429908,24.93883522360577,26.453352221567897,22.80797944320401,21.8811004872936,25.16277836197989,24.017935625077268,19.90848875147481,25.044943567061217,28.13922875361025,24.86205985171986,27.253543896041776,-2.391484044321917,28.567527173622,30.208255868527907,28.793012689850745,-1.64072869490591
2022-02-15 00:00:00,27.724136392994176,23.85159634791912,24.254173371206065,26.330956921451627,22.01840922082257,20.97189860693624,24.510925794354907,23.30057767382254,21.27263929326028,24.423816215901105,28.324050008118004,24.22352876706296,28.1358569155834,-3.912328148520437,28.67244336371384,30.15191676516092,28.991110926739477,-1.479473401447077
2022-03-16 12:00:00,27.87916674121257,24.391033077882977,24.35488342837955,26.47036052379666,21.76201190784917,20.74845068633668,24.22215334462185,23.087962122338517,21.65777708764482,24.154208703236662,28.505020825904925,24.00429616469765,28.22010391352248,-4.215807748824833,28.79161860825177,30.48081655229245,29.112438407691556,-1.6891979440406786
2022-04-16 00:00:00,27.92239240159118,25.77277809231852,25.34128837592897,26.70283316309288,22.29155454273538,21.326626583094587,24.68602776646245,23.76405346703161,20.507600227716228,24.581727948391727,28.421262026092887,24.56281838973341,28.12631214333528,-3.5634937536018683,29.211345295405938,30.328461970161666,29.260663119885464,-1.1171166747557244
2022-05-16 12:00:00,26.78764956116242,26.57158532898202,26.372554102507568,27.162113988110267,22.997999574349524,21.894412840127185,24.988341684186263,24.174787506390057,18.771299653664386,24.864570349092123,27.8936268397531,24.89653870830767,27.307479222117543,-2.4109405138098765,28.93045548870326,30.04039038628821,28.436954535289352,-1.109934897584953
2022-06-16 00:00:00,24.318913134061173,25.988835639750285,26.85107901437363,27.745397230199337,24.21767580228769,23.096709481597124,25.592626336087555,24.860617826452074,16.64945803662986,25.567512169479407,27.168041389443403,25.571513235631357,26.008110841321788,-0.4365976056904337,28.474331943706176,29.7181792288327,27.937758808352232,-1.243847285126524
2022-07-16 12:00:00,23.874989719769587,25.98852015215108,27.10797781569845,28.11465554005729,25.608978822327437,24.724066159238767,26.70322444484303,26.439195927069303,15.436483023705271,26.673635617134305,26.60689892437093,26.861206782744905,25.184907174404145,1.6762996083407593,27.92844190595966,29.40152328150597,27.494459468754457,-1.4730813755463077
2022-08-16 12:00:00,24.36251790337856,25.73077539342328,26.923377576268063,28.282838660025995,26.46870301132785,25.562311963880088,27.50537989607317,27.41254614414817,14.73895265944735,27.33086431898387,26.27421599196996,27.5700100360189,24.54811117380165,3.021898862217249,27.698440917759164,29.447596305045398,27.2722758079445,-1.7491553872862298
2022-09-16 00:00:00,25.22436915357288,25.82650326957148,26.960109782324484,28.496718289145377,27.037803395653377,26.085955078556523,28.02993287246943,28.07373702018833,14.929502063698347,27.920546084992733,26.28577394071486,28.32189474374657,24.39433612490877,3.9275586188378,27.917556968561065,29.220553543026696,27.419473570784167,-1.3029965744656309
2022-10-16 12:00:00,26.504272646133792,26.59272520737889,27.408271481400533,28.858447431833625,26.79258241862491,26.01476697346224,28.035661946730805,27.77510753739476,15.65177164321416,27.967798730215712,26.800300122907103,28.22437908189764,25.08701021032526,3.1373688715723773,28.464682655236203,29.46398814219552,27.967315167595316,-0.9993054869593188
2022-11-16 00:00:00,27.800997363443315,27.2158085830069,28.03858981682682,29.361625190019694,25.56873438031729,25.073239277250423,27.665017725445523,27.22460950176292,17.011850707157674,27.56772868691732,27.531831000171,27.78308503416704,26.06916606537988,1.7139189687871583,28.729455746172214,29.557698753717045,28.584074840996248,-0.828243007544831
2022-12-16 12:00:00,28.206060521071173,27.665694740042163,28.33598050321637,29.29956087555718,24.1707773875304,23.92056881609853,26.852400033429344,26.45290152029728,18.20866223389652,26.731539232980342,28.173833712805425,27.059294322803844,27.238486627438185,-0.1791923046343413,28.67669169689339,29.7191069203763,29.06548570834873,-1.0424152234829125
2023-01-16 12:00:00,29.086227213798075,28.10789558422234,28.343285063996746,29.071318352181,23.00012003385156,22.64100976351332,26.260734831826912,26.04763065308263,19.668521506141,26.151857220659554,28.69627416666176,26.76938683630012,27.78451398296569,-1.01512714666557,28.728624626756645,29.996413583962287,29.34546604550441,-1.2677889572056422
2023-02-15 00:00:00,29.45754582746664,28.375849673769007,28.544009528458865,29.11354293611278,22.367913726035365,22.00310072193761,25.890711323663687,25.64974400940812,20.88537785477739,25.795436186464904,29.075697415298443,26.454974296695664,28.48494220388707,-2.0299679071914056,28.8884019438196,29.89945454365338,29.451069100781197,-1.0110525998337785
2023-03-16 12:00:00,29.308397373957835,28.655836894174165,28.78703073703777,29.103930304252195,22.11034661719408,21.79030631772381,25.80418388150849,25.4022123154398,20.210972246946746,25.64014063426617,29.38891884210254,26.227347217522876,28.68250815395387,-2.455160936430996,29.205500473165152,30.618805077909737,29.634537687347933,-1.4133046047445852
2023-04-16 00:00:00,29.42293028992433,29.238506716759808,29.155263327590788,29.265501451842415,22.30039155596883,22.094972928601862,25.922693420783837,25.427011288404785,19.53327762267892,25.73559778776524,29.33214298264706,26.232550716519505,28.66353566060998,-2.430984944090476,29.665094791681327,30.764739910787547,29.908900332032573,-1.0996451191062206
2023-05-16 12:00:00,28.84025573933306,28.926778345221308,29.06569160448021,29.576078175366035,23.233131765052217,23.01600679622811,26.46560730952755,25.900088923634737,18.516883586206276,26.224970490425104,28.849841567881285,26.55983609659581,28.0029468427476,-1.4431107461517918,29.831327356800056,30.449355537310293,29.821918107482613,-0.6180281805102368
2023-06-16 00:00:00,27.68350903624561,28.16723369000985,29.019257555844536,29.708624537385592,24.240008701195983,23.68591277536258,26.835521941799364,26.144560183911487,16.80761326865552,26.538350419282445,28.096205902163955,26.750751427102788,27.00190495316743,-0.2511535260646411,29.846361729050013,30.0975761094955,29.45519851076981,-0.2512143804454858
2023-07-16 12:00:00,26.167410186230747,27.29477145217762,28.580327157418274,29.600251276012614,24.995758044864573,24.57623168065803,27.568760469124356,27.13482922787444,15.1537929117607,27.30615299773228,27.291939665602204,27.77037887403717,26.254057695485137,1.5163211785520367,29.12660454193725,29.7079481875372,28.5748867099801,-0.5813436455999472
2023-08-16 12:00:00,25.108233043177258,26.211523760606543,27.537281936494853,29.300597729263448,26.201133862747696,25.75660594990871,28.116123841811017,28.01039745942769,14.547871043516343,27.943895588941835,26.822098940493408,28.47564041270309,25.78189889834018,2.693741514362909,28.76290727541558,29.451077056354013,28.428073282606967,-0.6881697809384342
2023-09-16 00:00:00,25.02699129887896,25.57551699029072,26.639202381763507,28.939885427232092,26.659089880792152,26.30641674058979,28.488271546696133,28.471661860134105,14.525436404739391,28.2999907188455,26.69742743623817,28.82326240419078,25.510476177560975,3.3127862266298003,29.096729042912923,28.918785430972463,28.721089140639556,0.1779436119404565
2023-10-16 12:00:00,25.50514034866466,25.28487847449461,26.4418633623154,28.698157321750067,26.459903490264416,26.0971166363936,28.585254436210697,28.40933829957892,15.362454388449803,28.38152190807977,26.96265198562529,28.86173575028171,25.88797523729335,2.97376051298836,29.38140318478865,28.822077338657813,29.02792560610469,0.5593258461308359
2023-11-16 00:00:00,26.556101270343607,25.396971759876923,26.17348854768973,28.20999118713668,25.380843100578808,25.113056176038956,28.102480530970897,27.791756765761825,16.393343165540664,27.87003558897121,27.463022371385133,28.376466881058228,26.417783783160232,1.958683097897996,29.54086124859043,29.18079544060834,29.4142968110218,0.3600658079820924
2023-12-16 12:00:00,27.500877998631125,25.8017857821856,25.930508707946387,27.98358152804584,23.735470787426152,23.37930409512925,26.77229993251124,26.18464758623117,17.93764247655526,26.569719265922988,28.00334094368308,26.925967380361847,26.866164803581288,0.0598025767805587,29.28279190369046,29.572611810378238,29.45672731728661,-0.2898199066877751
2024-01-16 12:00:00,27.842648952786984,25.79529353808191,26.034971606388744,27.61149195556302,22.57023930358259,21.99427670961116,25.344063404337845,24.387576321410236,19.44331555136944,25.234410903726143,28.33845502754287,25.28204192209931,27.468024332459088,-2.1859824103597774,28.920820878698446,29.867509439718063,29.355639884660047,-0.94668856101962
2024-02-15 12:00:00,28.051078923488276,25.639981588483444,26.207569025138746,27.3257140841637,22.113646115427084,21.27300905902856,24.53459982958442,23.28878078347126,20.963270321454,24.50353942115713,28.606751884744064,24.21553389960552,27.99699445021613,-3.781460550610607,28.639922056373585,30.23826305733482,29.167059154814048,-1.5983410009612342
2024-03-16 12:00:00,28.69863703600196,26.467345518372483,26.52450572469324,27.509395159170342,22.074888756326636,21.258113346655385,24.55717947833458,23.50550267751821,21.69932149474695,24.550448964344376,28.82011117570732,24.34358929953921,28.215529620966628,-3.871940321427413,28.79354477491649,30.32320066567144,29.247988851321622,-1.5296558907549418
2024-04-16 00:00:00,28.555345678605597,27.24727246212682,26.94747593456109,27.721902180233485,22.318024045879387,21.524142894377647,24.809252385129287,23.95562498465656,19.59949340384643,24.75627770690988,28.77684439035763,24.722189547410352,27.95011041095686,-3.227920863546508,29.28609155115236,30.01441572214136,29.60455539435879,-0.7283241709890014
2024-05-16 12:00:00,27.49552636353188,26.88739125738983,27.449871886031534,28.252076393118173,22.83101501482836,21.766525367444803,25.06675351994969,24.1638611170126,17.685625268300566,24.87019823895704,28.305312477562985,24.895057351652333,27.022984596321955,-2.127927244669621,29.531928325283857,30.383071469253437,29.52561699877973,-0.8511431439695762
2024-06-16 00:00:00,25.68678896557038,26.585686425821905,28.060679987960093,29.2042329144626,23.879276942799567,22.73130174534394,25.48928402983365,24.71860733292711,16.224932461922652,25.366180497476893,27.56049256660188,25.4342439837152,26.321470468272988,-0.887226484557786,29.13773557113081,29.943932663016444,28.60969638653277,-0.8061970918856289
2024-07-16 12:00:00,25.072915245265847,26.573703751210587,27.996917466004493,29.496861783315456,25.032587028840226,23.888133229223705,26.25047206580022,25.89596863363392,15.239651829520945,26.266838000723265,26.8792808857544,26.590552011497003,25.927420919389327,0.6631310921076761,28.369788582402947,29.25823414180506,27.842967177547585,-0.8884455594021148
2024-08-16 12:00:00,25.503469944269803,26.367425340043724,27.710495252522577,29.372334498032348,25.92642103428945,24.771343125982145,27.136360973296338,26.961797577747557,14.775248477896266,27.0552730697924,26.469301989712477,27.424733159392787,25.30093441715326,2.1237987422395257,28.072825412513925,28.57767066448795,27.588886802157333,-0.5048452519740252
2024-09-16 00:00:00,25.57086017083072,26.40819001723613,27.68130156885735,29.349971850460022,26.48176920527971,25.415598721638684,27.593583284304707,27.41752060588059,14.494774720466877,27.58518803760764,26.46958725525461,27.95965521871852,25.105873484928036,2.853781733790488,28.160865686635983,28.14372064509061,27.62428221033656,0.0171450415453691
2024-10-16 12:00:00,26.01659581171615,26.827925774234146,27.969154289141176,29.551281703843912,26.163611854814672,25.231172105731453,27.929586770619174,27.546496294403905,15.061653787594198,27.764930402991418,26.90219074563956,28.10273024916353,25.438261202469725,2.6644690466938066,28.63615868446064,28.227286661221797,27.915343009695743,0.4088720232388461
2024-11-16 00:00:00,26.894084871140645,27.255196066478888,28.227430338998417,29.698452252321037,25.08495691907971,24.32590274330982,27.235731314014195,26.625957536548988,16.136539660920967,27.04593911562411,27.487161202791924,27.26194274704473,25.948852700741007,1.3130900463037245,28.984505156224568,28.642267530267887,28.54425154172557,0.342237625956681
2024-12-16 12:00:00,27.962440523314843,27.781027753024198,28.369954729544585,29.542520330793568,23.59295624601734,22.780916717451348,26.037039209461067,25.234294777649637,17.642781598161058,25.88583023358246,28.080069210850336,25.96462681101322,26.9867139021305,-1.0220870911172817,28.79901135013487,29.076019359783377,28.956443558038316,-0.2770080096485081
2025-01-16 12:00:00,28.84213677733819,27.9920325237564,28.26033116541783,29.33730454605921,22.59862983499472,21.512179480369635,24.926215139043627,23.85350737769641,19.269804991260436,24.813427678787225,28.678116338050053,24.679840015180822,28.0635526667962,-3.3837126516153795,28.88598569630196,29.80530662884034,29.41911346949969,-0.9193209325383798
2025-02-15 00:00:00,29.25835643771256,27.735818894832388,28.04074064554819,29.055879547331774,21.913024743965725,20.691423941680657,24.150835419513776,22.878665361199896,20.51151974967752,24.02430065329452,29.06710166376346,23.767713835993444,28.288763747539143,-4.521049911545703,29.17168703360023,30.25830065041994,29.79023447956905,-1.0866136168197116
2025-03-16 12:00:00,29.336387519979773,27.151191353595763,27.673818211659405,29.021047954320416,21.786974902196697,20.58213006901236,23.971668711927546,22.6398536919604,20.89676263783965,23.84589305817558,29.23682485858852,23.546398895700285,28.37264614318115,-4.826247247480865,29.62278149239011,30.666715660521223,30.22559303851427,-1.0439341681311127
2025-04-16 00:00:00,29.122928374366875,27.518435922414596,27.44906375258032,28.93388664674961,22.099110795073884,20.928965117794533,24.04566590408284,22.76751258176322,19.998489703044424,23.913019035370414,29.08425542638157,23.56215628584336,28.142552625329145,-4.580396339485784,29.5607275213913,30.43713176277423,29.862374186499643,-0.8764042413829287
2025-05-16 12:00:00,28.16672405851755,27.83601720182347,28.2258166891718,29.307537137046864,22.940835574226497,21.87334013218833,24.833884982677947,23.74762861115687,18.846910190108044,24.596139056302963,28.599571958072485,24.35434397133414,26.9788099694883,-2.624465998154161,29.734766390437475,30.517025609665584,29.78575472709277,-0.7822592192281093
2025-06-16 00:00:00,26.26734709172522,27.331097169186567,28.584033772768866,29.873025552149763,24.08792860427232,23.15140473131889,25.63250820791538,24.77935627834973,17.563117755399613,25.435009640591776,27.903442932260784,25.3195438912125,25.798668501016994,-0.4791246098044937,29.472490998420756,30.04909254423725,29.25546748665782,-0.5766015458165015
2025-07-16 12:00:00,25.3744138356374,27.321647137274343,28.59926042540522,29.95620530741141,25.282349611532997,24.24473303262579,26.395672936267545,25.83348869844149,16.349465271126164,26.302840410664256,27.216972898680247,26.39221324221703,24.87921267338482,1.513000568832208,28.862761564187583,29.404356642787,28.471225665437725,-0.5415950785994141
2025-08-16 12:00:00,25.647989983182075,27.01435700477042,28.286928446648247,29.86207456324548,26.18413125694328,25.25395066056582,27.28039145661595,27.03228650258396,15.884818061478656,27.163095359961943,26.84160537853479,27.437586804195284,24.410343508990504,3.02724329520478,28.70010625829045,28.72789421466026,28.33893929258154,-0.0277879563698064
2025-09-16 00:00:00,25.725223960352075,27.03364207491837,28.25606296239463,29.809738097127514,26.803985666642117,25.97383585629593,27.876067590056472,27.785074672447845,15.567726488035785,27.82984566885018,26.83736845733553,28.22355666216522,24.623151707495232,3.600404954669987,29.01564399528125,27.869551039364172,28.44405032537745,1.146092955917073
2025-10-16 12:00:00,26.51833439264392,27.19778832383097,28.49465684152901,29.99936036054828,26.60971341722028,25.733228817501683,28.10445072126917,27.636471653792,16.11791667708435,27.96470823051121,27.14748512037405,28.137573025850926,25.053374994274797,3.0841980315761326,29.38081212708119,27.82077461091772,28.66263045859308,1.5600375161634723
2025-11-16 00:00:00,27.330254572050777,27.549224017759038,28.581450177660308,30.06134708405191,25.07718262012613,24.05823285658892,26.995346532853382,26.189444795122025,17.088125452043602,26.81684139917399,27.72234499904048,26.82856507479637,25.76870847158118,1.0598566032151844,29.402973289163302,28.1028889951798,28.8507490085779,1.3000842939835096
2025-12-16 12:00:00,28.21985320760723,27.963526437652902,28.6123638617814,29.94581460007349,23.427941749343773,22.293392717880955,25.49057748449984,24.30073400170873,18.851014363418628,25.36202343087939,28.311596472866533,25.110823223609223,26.56538308795249,-1.454559864343267,29.39325370493186,28.48420098524728,29.28539312323321,0.9090527196845776
2026-01-16 12:00:00,29.06047695667857,28.12513875132171,28.50154791632509,29.535726508011848,22.50528284955575,21.3353442670949,24.428425330440763,23.093677479628195,20.489626080063022,24.369578537121544,28.86284967723372,23.929298440034664,27.314010831724,-3.384712391689334,29.27905550029481,29.446896492984077,29.608478024214563,-0.1678409926892676
2026-02-15 00:00:00,29.237967872044177,27.480810384882886,27.95932383531005,29.062709668508276,21.834634888373333,20.555439063915685,23.813956893034376,22.42030323921606,21.112644773506005,23.769855257659348,29.257204871924408,23.33878043128741,27.833058841391843,-4.494278410104428,29.282541424175005,29.87342494115968,29.815585079333115,-0.5908835169846753
2026-03-16 12:00:00,29.12311785700125,27.08204739142047,27.13581259680743,28.700993757685502,21.708728374176545,20.377544447017264,23.77476358539425,22.487634482645284,21.447796610364527,23.755724979986784,29.23660123227189,23.485825302422416,28.14651976381237,-4.660694461389955,29.613590985404887,30.55054533489937,30.19245883389957,-0.9369543494944814
2026-04-16 00:00:00,28.75004656637705,27.73198269588496,27.385353212750594,28.57288959049571,22.039075809262187,20.804653218153877,24.0144712128843,22.834070507280018,20.139972886857507,23.927858883976647,29.13071133543192,23.73896613134048,27.892916309065168,-4.153950177724692,29.92232741469545,30.851376079066856,30.30914076315293,-0.9290486643714077
2026-05-16 12:00:00,27.665719365557493,27.13271433744497,27.630891885724587,28.913398323086696,23.01464110589351,21.97333430083204,24.6134279538768,23.745669343819767,18.432103586699885,24.530072058255616,28.546356380312417,24.48259553626981,27.184289217767397,-2.7016936814975807,29.956731595555727,30.58425437021318,29.85130112203854,-0.6275227746574537
2026-06-16 00:00:00,25.18351283156153,26.316495491169047,27.83139518713247,29.226294714228143,24.138752302841915,23.036364188150355,25.17094583833584,24.492201587627253,16.455408089964358,25.222052977592732,27.698610485801726,25.26460326003088,26.22593724813542,-0.9613339881045384,29.6102343368475,30.010107556181826,29.136807067032517,-0.3998732193343208
2026-07-16 12:00:00,23.64652808085989,25.905098942478563,27.74157274263268,29.33869451229086,25.219749840072065,24.029573050143515,25.9785786891554,25.47311609881005,15.597255855485868,26.0692331851284,27.00963534972752,26.194347282369257,25.43022289199037,0.7641243903788855,28.83692407721138,29.46831416213915,28.44388494599017,-0.6313900849277729
2026-08-16 12:00:00,23.94079742036209,25.42251952175954,27.21529001683476,29.33026122334763,26.21247007085668,25.110967205000893,26.89001473118901,26.668547348012964,15.200073008980535,26.939942663259732,26.61046998105108,27.244505873821748,24.953420430075116,2.291085443746635,28.324252826963896,29.014216299343808,28.02948295098128,-0.6899634723799117
2026-09-16 00:00:00,24.6782789487299,25.26385908867768,26.832840558092,29.201235499946588,26.96002491162293,25.99453624738346,27.63188732942162,27.58992874696968,15.20630717397102,27.716385459443877,26.55582778161226,28.091570284443684,24.81687474723266,3.274695537211024,28.316768850723754,28.612687422185445,27.92952824479273,-0.2959185714616907
2026-10-16 12:00:00,25.394407131067968,25.87850120056086,27.28665510487785,29.36399994114789,26.688894041128936,25.761761962146327,27.830992151927543,27.620559998354,15.227156031860895,27.797963135956763,26.95965231754832,28.08944452656801,25.34769997460888,2.741744551959126,28.72268910764301,28.618884514371533,28.075842270235288,0.1038045932714766
2026-11-16 00:00:00,26.379804492472424,26.368126675103078,27.46374868734475,29.343197525929693,25.064808847801636,24.20145047575605,27.235270056076917,26.733005823746645,16.027277397956365,27.0507250983186,27.580865228625903,27.317989610269308,26.05852603485653,1.2594635754127737,28.873623964335003,28.98822738384225,28.559147616889486,-0.1146034195072509
2026-12-16 12:00:00,27.3261561098832,26.767312986690733,27.668749662851976,29.49760313888908,23.944228043438407,23.05381668375044,26.208392723897607,25.3883995082448,18.087439764007797,26.084940062618013,28.249941968133022,26.08278185214216,26.807247385141963,-0.7244655329998047,29.00623016224052,29.48814783654923,29.063930831480835,-0.4819176743087148
2027-01-16 12:00:00,28.74182633048937,27.420561406137526,27.86899590532278,29.42200697150675,22.906645489870524,21.93423193746581,25.240897199532387,24.28262018504679,20.243663272277058,25.124078016656885,28.614955620894506,25.01864479400275,27.621671462053232,-2.6030266680504823,29.05200526122761,29.55920985884205,29.395193246083775,-0.5072045976144359
2027-02-15 00:00:00,29.32470202933385,28.05990141247198,28.21327198970368,29.25172035352565,22.1843969941848,21.109179527187237,24.598589572178465,23.59626881803521,21.754580837366948,24.547906337963965,29.01349801028597,24.437354037021144,28.433370953961013,-3.996016916939869,29.16577175156106,29.85314290448292,29.65713038391476,-0.6873711529218625
2027-03-16 12:00:00,29.589138367472152,28.560639084443785,28.616856460714143,29.353392778328523,22.071704185008134,21.2671309972638,24.731495397460364,23.83916090581858,21.41274855162401,24.67796171120724,29.35673712833762,24.627371195282866,28.77883783499799,-4.1514666397151245,29.5493651989746,30.324743234030443,30.050147513975915,-0.7753780350558408
2027-04-16 00:00:00,29.49887245787586,29.112761242829265,29.066800642248243,29.638790798753085,22.295743919294964,21.453214125776093,25.062865808530194,24.199833568994,20.390528340263643,24.91992434279417,29.32827426109919,25.001713592810617,28.37194324522283,-3.3702296524122133,30.007723503936365,30.507281220254725,30.337622918444914,-0.4995577163183604
2027-05-16 12:00:00,28.77895354734206,29.01569540422244,29.50664846324397,30.01345394058102,23.25657253603902,22.43411614765106,25.508847283254028,24.93166088207065,18.84608511621355,25.435511133421155,28.87529154816845,25.6549015126962,27.6035390531028,-1.948637540406601,30.22700052855029,30.580271114778544,30.1750266318717,-0.3532705862282554
2027-06-16 00:00:00,27.399225291198263,28.66667491300806,29.62856042270092,30.3096511170183,24.70063588627809,23.90124972610624,26.237352406929677,25.74550168353589,17.27465002140043,26.291543273696696,28.124654592207047,26.512733850605628,26.68076521692011,-0.1680313663144836,29.79755725817317,30.198134775869267,29.232022546813365,-0.4005775176960924
2027-07-16 12:00:00,26.468936489406392,28.27813974350449,29.37522611951117,30.12171218800633,26.1358253973476,25.32402819848672,27.148916482930723,26.868752206080885,15.61178484102726,27.27377746753091,27.313948381793324,27.53637951357811,25.863687205784064,1.6726923077940477,28.85855659813404,29.154747759995985,28.261867584177526,-0.2961911618619446
2027-08-16 12:00:00,25.90664062897168,27.65919623182152,29.080478009703626,30.19206924585964,27.080260580134688,26.327639217824792,28.053474649103645,27.990500270087463,15.210579973838673,28.11844957367207,26.86910038091016,28.468554483264185,25.26821184512754,3.2003426381366467,28.674344848540084,28.302073953477542,28.18194402508565,0.3722708950625417
2027-09-16 00:00:00,26.03378410529289,27.48662374715516,28.909163068300284,30.266391565509466,27.52138207457132,26.64255850166636,28.646947894108727,28.53699828279913,14.93677586120406,28.60799562860409,26.84386023846197,28.92668440558444,25.35449720666264,3.5721871989218066,28.860455490917406,27.68067760482225,28.3156032670418,1.1797778860951524
2027-10-16 12:00:00,26.742237367936227,27.71521279500448,28.89829127616737,30.335120434461324,27.06403820420992,26.40503016479386,28.773318758484763,28.53763058294848,15.047758218062285,28.64669132028645,27.218247801234632,28.964929608351387,25.84001972200369,3.124909886347698,29.34665013859346,27.962355787215355,28.66143798979435,1.384294351378106
2027-11-16 00:00:00,27.27266953344757,28.088095602252853,29.136361156846316,30.288654410796813,25.8173395402967,25.06544327377554,27.992411792917476,27.30594845772304,16.55062759198277,27.87056801452449,27.76378243169183,27.982279938124947,26.65337742936421,1.3289025087607378,29.61552420573014,28.23186938507594,29.17828874602552,1.3836548206542003
2027-12-16 12:00:00,28.099908059133814,28.46181189419818,29.15569413335552,30.0302421941112,24.416072341779948,23.701468507963785,27.009837723808506,26.077704899866436,18.117371834708067,26.88346816235508,28.378989993784916,26.87356643348884,27.398456665049604,-0.5248902315607644,29.54358669863233,28.521602939018752,29.43659517211898,1.0219837596135797
2028-01-16 12:00:00,29.147050578366457,28.610014059730048,28.743897557318405,29.44986734778262,23.18263616280194,22.665940819174665,26.43936265352693,25.653947310229547,19.913314010348472,26.25022769225755,29.027826363453222,26.37172048125612,28.122659265863,-1.7509387846068805,29.81848713401214,29.490800782233148,30.2875150973875,0.3276863517789934
2028-02-15 12:00:00,29.840200637950165,28.45227046527217,28.105697185454407,28.556588561120016,22.555192329790195,22.044252548288988,25.89757245557217,25.1476118642398,21.451733419310543,25.740165211737036,29.301291578735785,25.9155715629692,28.758621475435703,-2.843049912466501,29.84597017999309,30.003728782066503,30.474281478092625,-0.157758602073418
2028-03-16 12:00:00,29.59074322955336,28.19767832769812,27.8860057608068,28.370423679066132,22.43653078203992,22.2414497636566,25.99162220671988,25.21250530815296,21.10506076468028,25.806713744998643,29.440432010799167,25.971280288921385,29.135050904986468,-3.163770616065083,30.11563511538329,30.578471606180084,30.759706997770216,-0.4628364907967892
2028-04-16 00:00:00,29.17821227656274,28.570283642382087,28.246781757003536,28.579866429680575,22.773120337812877,22.402383866516285,26.194840813227984,25.34496461640489,19.909304456041703,25.963686230664717,29.32975081192333,26.06726859568022,29.12404241963971,-3.0567738239594924,30.24141586523846,30.922594946978982,30.51616297157867,-0.6811790817405239
2028-05-16 12:00:00,28.32599572853493,28.482412329826296,28.448561252607742,28.978307464322423,23.417814564870223,22.66358394229153,26.361349060690237,25.347688673322665,17.722408421207362,26.06651500993772,28.794920370973127,26.076588074794465,28.17804039127188,-2.1014523164774133,30.38251930612815,30.796373243987,30.238224526769407,-0.4138539378588532
2028-06-16 00:00:00,26.96190096396563,27.6956487357428,28.388420822082423,29.15438734800928,24.401849064774336,23.458784877107245,26.710040618020148,25.661010212112732,16.330565223079557,26.414365555092814,28.032900069810783,26.35787466758679,27.139000403497587,-0.7811257359107984,30.09967437262036,30.45235389689088,29.767231108908454,-0.3526795242705205
2028-07-16 12:00:00,25.96003198868856,27.14648929914753,27.9864282819178,29.03428402629512,25.53051116836657,24.689646946596845,27.26008764996014,26.733693837341324,15.578532635708097,27.1225865135436,27.310542109810207,27.368050951939534,26.237530520540076,1.1305204313994608,29.06749815960591,30.22214335684099,28.61889849043433,-1.1546451972350802
2028-08-16 12:00:00,25.48795254104991,26.244380539184075,26.964509148951624,28.81220060784724,26.595898130421105,25.87817009368503,27.97549384983819,27.754366682800445,15.125364594827696,27.782067723006204,26.85781072428086,28.102070933877624,25.19029667515749,2.911774258720129,28.463222551048386,29.83339115227028,28.147758953954018,-1.370168601221895
2028-09-16 00:00:00,25.934340892796527,26.23912104874518,26.88577559510989,28.76434440327281,26.88732635560145,26.2183702729427,28.38378915709774,28.406678228396583,15.215324326582342,28.23910864056459,26.939833066777886,28.75997117170276,25.04195564153913,3.7180155301636297,28.80835924726204,29.58154843018381,28.430232581135964,-0.7731891829217723
2028-10-16 12:00:00,26.1469092662702,26.341100118080316,27.14894375242128,28.866137381607327,26.590343348315105,25.926068277010703,28.15019174225683,27.958382647694503,15.853418840560089,28.049741732043813,27.290911652845253,28.4416918147898,25.39155814688751,3.050133667902294,29.189691635176565,29.402132532199108,28.893099000262985,-0.2124408970225424
2028-11-16 00:00:00,26.92529715598282,26.80393332093474,27.35720859077617,28.971040830161552,25.636834475112654,24.945804954470905,27.654846626167192,27.200564089323112,17.486382334877934,27.559514029182736,27.86910901142535,27.81798026120829,26.35445477228929,1.463525488919,29.28677464417127,29.66153325730673,29.273115155626183,-0.3747586131354588
2028-12-16 12:00:00,27.727969569282507,27.20515954746124,27.473645586931216,28.81345285650293,24.22776727303754,23.50640534743398,26.51923754773023,25.78208684045821,18.998670033807308,26.47571252015496,28.465791093615486,26.544376728732825,26.878520167653512,-0.3341434389206874,29.35021298326649,29.84880163757145,29.706124061460777,-0.4985886543049638
2029-01-16 12:00:00,28.586678777045645,27.158496767119857,27.25998315082541,28.404970568903803,23.07496400869664,22.22224625801256,25.284023545329624,24.26331842607256,20.064566908155413,25.28764267849209,28.814821977558143,25.131547068833008,27.743996499400737,-2.612449430567729,29.01776689158592,29.96887508161154,29.50416502579907,-0.9511081900256216
2029-02-15 00:00:00,28.882686303533355,26.842807702256373,27.03385665037197,27.995019468081868,22.42405715903348,21.596447358083463,24.757680351255,23.65382651125245,21.621886481472103,24.785087742764023,29.074557112895448,24.581028828331014,27.980232049543677,-3.3992032212126557,29.23118998596916,30.46142548906653,29.81285917847017,-1.2302355030973722
2029-03-16 12:00:00,29.064662243463864,26.8808279146168,26.71305649882933,27.889266848813214,22.256061803330116,21.638555045429836,24.83920003911517,23.954047178758973,21.300449969031927,24.87278079104657,29.204142614860118,24.833407627346816,28.43549391338055,-3.6020862860337357,29.475816340258422,30.6249895843543,30.012434183290697,-1.1491732440958735
2029-04-16 00:00:00,28.52669114955088,27.26675516778488,27.08794513836324,28.177096871137906,22.566853286616347,22.12910908356556,25.173785952580378,24.41134357027876,20.693611242814917,25.159382454202508,29.193170758927405,25.214193358903533,28.33006118129246,-3.115867822388928,30.24775227008621,31.136744416509437,30.526875229974152,-0.8889921464232273
2029-05-16 12:00:00,27.13397162203024,27.403077266460866,27.695273837734632,28.54756890687476,23.313835584978094,22.813818511675983,25.712976133131477,25.18057819881273,18.94985120280686,25.6166783072678,28.634088012537376,25.82138686216693,27.55474083764897,-1.7333539754820393,30.11792606052324,30.873461915012115,30.072463614857547,-0.7555358544888726
2029-06-16 00:00:00,24.782119489854917,26.811194750335957,27.852839511364596,28.73487682746596,24.30338671568201,23.60406745809434,26.294091879128157,25.7062027829326,17.133120323234984,26.21132163005362,27.82154160263119,26.36131482831163,26.358026105419807,0.0032887228918241,29.475695570169904,30.37145725686704,29.121950802974627,-0.8957616866971314
2029-07-16 12:00:00,23.805636018583996,26.22403266821653,27.71902883229047,28.90120267806036,25.66648191897068,24.748907236487906,26.81909450370943,26.35096043808405,15.830714280182908,26.859856763752667,27.099467409146317,26.955884300746643,25.43003271346792,1.5258515872787264,28.633847492281596,30.177840358094432,28.141949988372456,-1.5439928658128397
2029-08-16 12:00:00,23.897994178328947,25.78633824620595,27.490743335687878,29.01558623589097,26.77425086318605,25.89669140541201,27.551243079690515,27.32289901074085,15.191912833950582,27.54074798208714,26.70445296844886,27.76558474992607,24.825074363419898,2.9405103865061726,28.360242316470472,29.911612273593555,28.006232929072265,-1.5513699571230823
2029-09-16 00:00:00,24.294699154706286,25.4994301046236,27.082502031245006,29.05585765118472,27.210124667392968,26.35080783677939,28.14834948361658,27.99581357501223,14.874137782201965,28.05715577809921,26.702656876920443,28.36000618268025,24.761903321463784,3.598102861216468,28.59361612941881,29.554647850841373,28.286870709691776,-0.961031721422561
2029-10-16 12:00:00,25.300936561061736,25.58662321524717,27.01906149487996,29.088039056089052,26.93861694714577,26.115719312884885,28.31431055060919,28.016073531786272,15.262431251215489,28.174203930301463,27.07687295969605,28.41038145252941,25.153872799730824,3.256508652798587,29.242967391031478,29.298341534362603,28.85019441622206,-0.0553741433311287
2029-11-16 00:00:00,26.099742869584677,25.94442332522451,27.111671156074983,28.98190142122312,25.63878845494554,24.977864363724404,27.812512861307688,27.362287884181526,16.677463052520764,27.57877024068176,27.587326698756144,27.826817079013104,25.82172423535424,2.0050928436588613,29.31598089273612,29.49276077405112,29.18963626277899,-0.1767798813149994
2029-12-16 12:00:00,27.21000423326217,26.367813645849647,27.11792864620085,28.77944186003352,24.190720122837533,23.44350969363488,26.61886468819517,25.92267962609745,18.865190016894843,26.389400978695296,28.161941143397485,26.516602728750147,26.51911989580852,-0.0025171670583716,29.08668523743427,29.88557597658158,29.29471741507633,-0.7988907391473106
2030-01-16 12:00:00,28.219787390587243,27.03086762804703,27.208557408184664,28.615886833792928,23.013460483837235,22.300920247209064,25.53846550556636,24.652164944636475,20.29982541746863,25.394913052242757,28.64186917314752,25.346329279607627,26.999345155524665,-1.6530158759170384,28.935619348446217,30.158483414539752,29.38320249500125,-1.2228640660935357
2030-02-15 00:00:00,28.71075310389469,27.19800195888362,27.510362489244205,28.5098165973012,22.42866199547491,21.57731679428633,24.448015494997254,23.264581283173627,21.950908626008143,24.462725264804465,28.91608789024249,24.10559097899285,27.389589683323244,-3.28399870433039,28.652010806207183,30.20456177456323,29.15314272135055,-1.552550968356048
2030-03-16 12:00:00,29.030511497903344,27.74496019882372,27.820988414753597,28.622076460624537,22.35128737621165,21.636203606213343,24.54223705844814,23.67730600684456,21.622425810893297,24.652131416079136,29.066227739445797,24.54845642001907,27.936170782656625,-3.3877143626375563,28.580699095895707,30.1994746934694,28.94399051141793,-1.6187755975736913
2030-04-16 00:00:00,28.39461593105544,28.13795543157066,28.502151662706435,29.010818329300985,22.481756179971992,21.625420908890504,24.936602535545877,24.31887420719485,20.141801364454768,25.00149921753012,28.989163887941125,25.213917091685172,28.04510510583937,-2.831188014154197,29.112609265147796,30.182944359129323,29.316515868578165,-1.0703350939815302
2030-05-16 12:00:00,27.924803437706306,27.856169896594785,28.630921635331703,29.751438771784777,23.058649776024595,22.003305471642854,25.29638242700813,24.69046711640648,18.510462882791188,25.289201782694,28.541685029488388,25.55684035225618,27.44797628288708,-1.8911359306308952,29.46364609907659,30.239522098371783,29.41541969092845,-0.7758759992951951
2030-06-16 00:00:00,27.08814853281709,27.843744533327683,28.956100557087595,30.051384319567685,24.288450775119586,22.951029249775512,25.947340502102428,25.298498586681973,16.70752456086964,25.97868604650258,27.92547889879042,26.16404865462589,26.49127943178458,-0.3272307771586895,29.499365327842373,29.80791827612648,29.1723048860408,-0.3085529482841096
2030-07-16 12:00:00,26.895398264992163,27.86801002262039,28.85349235121944,30.01052824508516,25.08248434333153,23.96558580107193,26.88611849035463,26.448528787357763,15.185614258537848,26.823600280075503,27.28615770059813,27.192190070932032,25.782299287416635,1.409890783515397,29.127035552729687,29.044629361187926,28.47770490041631,0.0824061915417608
2030-08-16 12:00:00,27.15650489651576,27.815431270943694,28.8804967188459,30.08763296469499,26.08271781597069,25.023614141051315,27.58616932706037,27.22911829861889,14.631553444413278,27.430409993431017,26.957176803657717,27.7656713414959,25.049236974285844,2.716434367210056,28.678750317268303,28.14042914006097,28.351016828506197,0.5383211772073331
2030-09-16 00:00:00,27.070806137270143,27.89905576980183,28.94640783403625,30.274493860595868,26.81436086458429,25.8687246048018,28.01088101159263,27.809946279199004,14.589618684964362,27.94320443834329,26.96455039887894,28.270230167686577,24.950074692249643,3.320155475436934,28.876395680988733,27.5515027475671,28.482524111751363,1.3248929334216335
2030-10-16 12:00:00,27.828658762343707,28.377516534933516,29.34501237597644,30.43463323560135,26.5559909360539,25.748232131433728,28.080247848513142,27.777695621041804,15.214672739386744,28.06386542183416,27.40124304503617,28.375563064247096,25.48068818513146,2.894874879115637,29.30412532639502,27.876037089430497,28.85592116970572,1.4280882369645234
2030-11-16 00:00:00,28.323939984846945,28.781617050836623,29.73493228940933,30.33786506898669,25.41928741849218,24.485915357746123,27.393340853959156,26.84622801195787,16.776158259339706,27.33997373419852,27.933435529744067,27.59814424155992,25.872187581208944,1.725956660350974,29.434058749059464,28.25558781813153,29.19771447405576,1.178470930927929
2030-12-16 12:00:00,29.19556650774776,29.351259330852603,29.900769705355916,30.11053179202334,24.300655704286147,23.478892762641383,26.68213529045501,25.900966192974767,18.285571286518103,26.61978063272777,28.578252885003465,26.700706318657392,26.654520811694283,0.0461855069631091,29.486416927316323,29.01370634431985,29.66007160579823,0.4727105829964735
2031-01-16 12:00:00,29.75099330207493,29.568609015669512,29.851936559576213,29.810461707506683,23.274119672631635,22.460903871581795,26.173741898729784,25.31614996039517,20.020319012427603,26.06880882566337,29.0886932099759,26.19061731189976,27.224728751361354,-1.0341114394615936,29.34048177061272,29.80041237893064,29.95876619462658,-0.4599306083179186
2031-02-15 00:00:00,30.27187922198472,29.645216032677343,29.56511257810128,29.406057856757823,22.619802770493983,21.794566267608293,25.78151527379925,24.81068880179584,21.30525925763317,25.66102144570441,29.496282341160683,25.761370950429377,27.982801568969112,-2.221430618539735,29.74825585021397,30.530028155706876,30.501844795990426,-0.7817723054929004
2031-03-16 12:00:00,30.403918906867094,29.63869824533702,29.04267441265874,28.893233324796007,22.177425683877622,21.326354870803208,25.36284987958958,24.41165794395504,20.581548306233817,25.242342324084515,29.7962328427243,25.403052207312516,28.38046312662973,-2.9774109193172222,30.019212430294743,31.089990570548576,30.721797728819105,-1.0707781402538323
2031-04-16 00:00:00,30.167799922175384,29.624113232732043,28.70528843709453,28.60728886857366,22.34254075856144,21.43890098490332,25.55312305613347,24.484579567538205,20.06081693319428,25.35559107424104,29.67573514055612,25.418515112738397,28.1034921145499,-2.684977001811508,30.649281837315357,31.52451684803523,31.178326216860157,-0.8752350107198765
2031-05-16 12:00:00,29.56597428490376,29.222554380960545,28.67155966520956,28.69124544983985,23.1627927896864,22.258518293280574,25.998908231117376,25.132211077005625,18.3545363016004,25.83601526104836,29.179636127483477,25.953404914328026,27.786138771317567,-1.8327338569895453,30.65806604762144,31.43062494711493,30.77847817192536,-0.7725588994934931
2031-06-16 00:00:00,28.860125186210283,28.91736372242311,28.52505090409947,28.616898021770712,24.353330690229622,23.254186774562243,26.485115334869707,25.561329787776625,16.602579320693458,26.36146705920749,28.45510624114238,26.364602653947426,26.9076626772848,-0.5430600233373788,30.376266317335887,30.808786344112992,30.13861997442281,-0.4325200267771052
2031-07-16 12:00:00,28.016497992692425,27.933552992379955,28.16951743483655,28.58925671688782,25.158968757622794,24.07116304015028,26.99840144409109,26.40963307450588,15.512666625056314,26.91526353205156,27.673130902674934,27.149643159165183,25.96332340078297,1.1863197583822114,29.449996980677792,30.299023501107147,29.20683994822677,-0.849026520429355
2031-08-16 12:00:00,27.21733546180543,27.077941239459037,27.615916037249583,28.76582419638154,26.2276372127135,25.29469765725652,27.649467931509463,27.45782082806316,14.528166524717433,27.58525352711609,27.252636701172616,28.00844130468064,25.37936809436248,2.629073210318161,28.84459775890143,29.91147969923739,28.658078032660697,-1.0668819403359606
2031-09-16 00:00:00,26.69590364764711,26.41103452754137,26.768527014895607,28.4778093767266,26.940609368849085,26.073068355324267,28.27820896411693,28.27442472919429,14.503591335416733,28.22497998413338,27.107693515426696,28.69121646716668,25.28288272035724,3.40833374680944,28.93616986911641,29.81222132283269,28.733227483292776,-0.8760514537162827
2031-10-16 12:00:00,26.54644994550405,26.51067590209688,26.6466918678727,28.210783907996326,26.764566858225106,25.97632713445471,28.23693664957609,28.068232988564606,15.269142368079375,28.2146897385398,27.357460721673085,28.547778129698514,25.55159409492535,2.996184034773165,29.351946605187795,29.77217504308589,28.9263141587538,-0.4202284378980998
2031-11-16 00:00:00,27.130669767631808,26.005862372328902,26.332774615281085,28.04675716620017,25.57943583679169,24.85351945393016,27.56767119973497,27.04863470558982,16.993263674777054,27.53490726676008,27.801103868452618,27.731675517844145,26.241528353092864,1.4901471647512778,29.338987805352154,29.72373541662847,29.127736358127763,-0.3847476112763175
2031-12-16 12:00:00,27.596456407527103,25.71522914562083,25.876836636992405,27.65678124785989,24.344252884155985,23.521608390263903,26.416723797642597,25.59248938040505,19.02079960543492,26.44291280428526,28.189094611133797,26.43469943064101,27.063078055490305,-0.6283786248492937,29.10857187881216,29.89543627149397,29.307536342952705,-0.7868643926818102
2032-01-16 12:00:00,28.295584025006168,25.298355885837434,25.72089617146757,27.173691027302983,23.110105524900533,22.210346331172463,25.43739244180324,24.511179452780397,20.830214792469395,25.4837591958016,28.544868886134463,25.43612337157857,27.79553333505776,-2.359409963479184,28.790781801086236,30.158341869396768,29.21027882411831,-1.3675600683105351
2032-02-15 12:00:00,28.274765844797773,24.590532448839756,25.05476351353211,26.699973952997823,22.210518520893597,21.02774557548086,24.65896286190906,23.556317920175317,21.71139275412299,24.68161947663433,28.741808502450027,24.56628292013267,28.64408285107494,-4.07779993094227,28.82843659186522,30.43151690633694,29.415054817338596,-1.6030803144717218
2032-03-16 12:00:00,28.597922905494546,25.363952697550992,24.99755490015877,26.765936039935557,21.83503173883303,20.58591547199568,24.24134296439076,23.00259188085004,21.6694706763596,24.259598041667328,28.97827395332222,24.04960927610669,28.868035734365684,-4.8184264582589975,29.38685732704696,30.49210985532962,29.93941845893794,-1.1052525282826586
2032-04-16 00:00:00,28.877979439349364,27.161579559170484,26.340053514963788,27.09133712095741,22.184323821958,21.03899388340713,24.210261581171487,23.14891415107784,20.56195434434006,24.20827677486465,29.0581702066618,24.06994773272008,28.613625083931776,-4.543677351211695,29.67723679296245,30.627763574531944,29.87533640554128,-0.9505267815694936
2032-05-16 12:00:00,27.923345427968357,28.174815687373524,27.55979933937716,27.776124384723197,23.249029696227808,22.10005759673773,24.919249205293347,24.025921386246388,18.50045089863856,24.864246616905746,28.56569258119946,24.78914187763681,27.803446469932464,-3.014304592295652,29.6821840140054,30.419203653994145,29.412516822900237,-0.7370196399887412
2032-06-16 00:00:00,26.401386046910066,27.446635573490752,27.906316747778884,28.44371864106091,24.91748925241518,24.12230581432363,25.760182596149463,25.069195447389088,16.733446198442007,25.837108764163563,27.823152797932742,25.689499709885105,26.763384785676152,-1.073885075791047,29.263226493869585,30.1601115821129,28.70820945806318,-0.8968850882433159
2032-07-16 12:00:00,26.12057680554737,27.054027523494533,27.826402226984865,28.677223466234945,25.88641423546563,24.98963603574485,26.667630349001307,26.28630156536981,15.66360687229853,26.761515824659877,27.24518857894328,26.844126231384937,25.75829422959696,1.0858320017879812,28.40112807083097,29.906477171120507,27.913812097782326,-1.5053491002895356
2032-08-16 12:00:00,26.36169814306905,26.821876986955772,27.771950137572105,28.900799250140736,26.88272165953504,26.180645315379056,27.53252126481331,27.382446261489854,15.341405846580768,27.599793839195957,26.891055711247063,27.827554788997944,25.224359759513664,2.6031950294842794,28.23954094487764,29.39240669173968,27.797971317073884,-1.1528657468620374
2032-09-16 00:00:00,26.69071876323477,26.990398984918954,27.885317316940355,29.15978696382277,27.491310684320585,26.967018844199277,28.280859652727237,28.192804598025035,15.33218734529448,28.30559731975321,26.91754480830981,28.55461620642497,25.14884713872458,3.405769067700394,28.48002771328426,29.128599735477504,27.93006466120767,-0.6485720221932425
2032-10-16 12:00:00,27.29345107468681,27.438212441597503,28.345676192889503,29.659164178188703,27.17140460137377,26.503636391778866,28.53536329437928,28.24409574738804,15.740125086559935,28.447961698623857,27.390332773055075,28.65301206642746,25.60613853234412,3.0468735340833426,28.99085245658475,29.284667964505672,28.354095058192986,-0.2938155079209217
2032-11-16 00:00:00,28.10938988473656,27.99649835822042,28.638014536843382,29.80989640854563,25.603751654176115,24.916765372319368,27.550918657098563,26.953416767731376,16.458619110533217,27.44417880057797,28.091376332690867,27.564238476090026,26.433721326899104,1.130517149190922,29.248187013720493,29.604442262765534,28.922280727521027,-0.356255249045045
2032-12-16 12:00:00,28.693529943999263,28.3306800795967,28.630543534685977,29.66646625645443,24.085413841163582,23.31081005557591,26.091503904066755,25.252389808939007,18.160326804956245,26.093910636327774,28.75375140922566,26.05754603964442,27.09318594803136,-1.035639908386937,29.28832928199675,30.100550936567814,29.46521636676224,-0.812221654571065
2033-01-16 12:00:00,29.4989736035179,28.74444959343871,28.73691782701741,29.40517956247373,23.00593861994108,22.04381266482135,24.825795514985128,23.683524719877983,19.81864306521356,24.949484771239664,29.27623863904885,24.656362521818814,28.017708622268728,-3.3613461004499143,29.24294538486161,30.33563667664046,29.779764174065008,-1.0926912917788485
2033-02-15 00:00:00,29.594323065744728,28.771585726516587,28.68414965415856,29.072358279948187,22.362235134949078,21.47907173520679,24.573691117049343,23.492645032818704,20.964933644638844,24.67478054147705,29.624014185084107,24.46667846774877,28.485499933306485,-4.018821465557714,29.48009873874533,31.05219808403204,30.218567887488824,-1.5720993452867162
2033-03-16 12:00:00,29.77637546661942,28.128866161623325,28.35841349618608,28.823012948834563,22.20419546614229,21.339087365164342,24.58061184406092,23.681454086402265,21.018261044563104,24.644487271999484,29.69911394544264,24.627692305981107,28.77870691034476,-4.151014604363652,29.68795559320676,31.248942495631965,30.303129673115567,-1.5609869024252063
2033-04-16 00:00:00,29.520051540363788,28.59083712890856,28.197914004561188,28.848409100476097,22.52770299020252,21.51393597606948,24.858472025651736,24.038394208038685,19.883140153296264,24.870749064197227,29.50399859027177,24.962156163733628,28.51169694371588,-3.549540779982248,29.89458763855372,31.187701301414094,30.283333120323608,-1.293113662860378
2033-05-16 12:00:00,29.051485024307183,29.002934353505907,28.68542353177211,29.086235916776506,23.114435281795284,22.07944028879212,25.092014784221817,24.355746981783007,18.30262451436669,25.073614593664345,28.97149754588062,25.193616797476107,27.97802050391502,-2.784403706438912,30.04797896170877,31.059947589503448,29.94433028285841,-1.0119686277946762
2033-06-16 00:00:00,27.467996715951305,28.736078159178103,28.8722828520468,29.25279077114067,24.043336128070816,22.997980121833496,25.77157315950424,25.300061258248665,17.145654278742875,25.802395172800075,28.18579260096437,26.077295781870657,27.09889381691604,-1.021598035045379,29.632060964511503,30.60505682012665,29.191096757124942,-0.9729958556151423
2033-07-16 12:00:00,26.421573824570384,28.212425114021634,28.80554975231744,29.33433985021411,25.593148339122237,24.67902564867635,26.84355129008092,26.61987474005929,16.178619465192835,26.91341207980506,27.500442212609723,27.255175826879466,26.07778874715117,1.1773870797282877,28.94587224210745,29.97435457475291,28.559112088414132,-1.02848233264546
2033-08-16 12:00:00,26.397666355629717,27.806705735880964,28.747711247557337,29.50215076982727,26.512916849753093,25.71495836332976,27.69775922127248,27.740044462863786,15.55950185449203,27.69734359476407,27.165445323187825,28.19220858721617,25.559659589083346,2.6325489981328296,28.65134278432915,29.727776680968724,28.27975588777723,-1.0764338966395748
2033-09-16 00:00:00,26.557929632343797,27.608469600023994,28.642826253627817,29.738956719568296,27.11148227805252,26.236832409206443,28.21519921031219,28.224309122006357,15.66614152848472,28.205320610440364,27.159591634856582,28.629914960186596,25.39862282866626,3.231292131520334,28.85095285495453,29.33398699747611,28.39876426467552,-0.4830341425215749
2033-10-16 12:00:00,26.52370136818224,27.68622167981253,28.790620064974306,30.0795593561252,26.71537148617461,25.8487194623757,28.16986938491937,27.903615952621067,16.0437568138875,28.157606647181787,27.541273356525107,28.43167792997901,25.86515558631228,2.5665223436667333,29.48122776091701,29.367411105476656,28.822293951213425,0.1138166554403561
2033-11-16 00:00:00,27.243746322652047,27.94357336825792,28.81007229010902,30.13213500308276,25.791300192616237,25.042315332040378,27.714285980647173,27.21525336002446,16.850761314978545,27.64414737671109,28.136300302282883,27.828934734686488,26.688994272413243,1.1399404622732447,29.590722331452884,29.43251403478175,29.370494112766348,0.158208296671134
2033-12-16 12:00:00,28.037218914043443,28.230596299246606,28.68819692783818,29.863960848209302,24.368217597105403,23.870010662280876,26.83578963554118,26.27130763784252,18.12679629988213,26.7579733928927,28.67538266270227,26.9355281118301,27.270282686588263,-0.3347545747581648,29.41168415738429,29.89372711497241,29.65094621965412,-0.4820429575881277
2034-01-16 12:00:00,28.935072111482583,28.426825408777727,28.73016131021785,29.627036391948625,23.202280578495387,22.58232497746246,25.930608998504447,25.318781710488857,19.932821410035668,25.86845588990324,29.121130173511844,26.067067070647774,27.789477467486503,-1.722410396838729,29.1173506173362,29.97147036369241,29.58742675635002,-0.8541197463562185
2034-02-15 00:00:00,29.366085229015127,28.101457581441903,28.476126866148444,29.24234365368187,22.54963557247728,21.88973457817232,25.492798785073965,24.775053337211872,21.24681216591236,25.449087953194123,29.371472298584774,25.633496012231134,28.335740437607285,-2.702244425376147,29.09117774446148,30.295149462925284,29.63322837822984,-1.2039717184638086
2034-03-16 12:00:00,29.54847119739949,27.90857731315005,28.023362465757373,28.79948719033673,22.219179809334715,21.61726262541533,25.386258496314515,24.589400847400004,20.882679487043017,25.29213013225503,29.6079905802418,25.468925504830864,28.61382660248109,-3.1449010976502265,29.491888931778625,30.804957536894445,29.988366787669538,-1.31306860511582
2034-04-16 00:00:00,29.322686597700454,27.89454720401224,27.595230179603355,28.702450533002096,22.48597040216878,21.861061461588505,25.565673185004847,24.6862623887955,19.599208896572947,25.393056519347127,29.47913038253301,25.520609355168407,28.760204531687823,-3.2395951765194155,29.98239026485616,30.95347091239669,30.19399972264601,-0.9710806475405284
2034-05-16 12:00:00,28.01871524042666,28.19030807885263,28.01386500228235,28.94823012606857,23.273053082409977,22.535379649223486,26.04125733420961,25.090857946209034,18.21844527817484,25.786415967540403,28.918824155732413,25.81634307622185,28.037722895085512,-2.22137981886366,30.02711215318924,30.70146463186949,29.90599601308357,-0.6743524786802553
2034-06-16 00:00:00,25.59817213967248,27.321160848774976,28.13166213074088,29.2630864087111,23.94676018209488,23.05636076625278,26.538510780808085,25.60546295158342,16.86240427712596,26.260485671320843,28.056898148461524,26.31083263619078,26.69217058770919,-0.3813379515184074,29.677471521544856,30.299522226776176,29.261101574938884,-0.6220507052313202
2034-07-16 12:00:00,24.5187849649674,26.38077386529236,27.875037344073693,29.257141115611063,24.99731125609699,24.15320040670483,27.308979361824065,26.76546497674425,15.723135945423792,27.07101865440279,27.28804472723777,27.405379118716528,25.961460042573755,1.4439190761427732,28.84578030274789,29.93189113201678,28.39771459546224,-1.0861108292688897
2034-08-16 12:00:00,24.702963518079574,26.081691527492296,27.40106573272125,29.175599689321768,26.215991459727064,25.469162768500063,27.998612424093988,27.80316934947317,14.716033223484065,27.784294022073915,26.911211123184533,28.2235652788166,25.518797381031916,2.704767897784688,28.569541374791733,29.403817609232757,28.227103407174507,-0.8342762344410204
2034-09-16 00:00:00,25.465664399712225,26.56540927491198,27.438788995126917,29.13304702859835,26.86182358462342,26.1348787953357,28.41021039384678,28.43286919417917,14.6134609452751,28.247836997188653,26.96481417923314,28.763882998873825,25.37036111079796,3.3935218880758637,28.70517563880067,29.093821349866648,28.316858120634848,-0.3886457110659762
2034-10-16 12:00:00,26.534291675809527,26.91209017223037,27.88496360300448,29.346122146686824,26.412145977635355,25.858761820836712,28.29328704075565,28.121668360916207,15.072512841825649,28.15891124883532,27.372754133294485,28.581576479256093,25.81197424204731,2.769602237208783,29.124573416947,29.06497841121985,28.56803035487873,0.0595950057271501
2034-11-16 00:00:00,27.362352188828265,27.486396844967068,28.29080933511105,29.60900536285357,25.366984517067955,24.75757252606937,27.69857516718817,27.15744451140443,16.151477469665956,27.565470507166744,27.97807767342858,27.825601895552367,26.80566157401534,1.0199403215370282,29.18956124376821,29.328107501443657,28.98325392095336,-0.138546257675447
2034-12-16 12:00:00,28.41154296398875,28.00350942688686,28.50676130518628,29.641351736598747,23.893378815852863,23.03879770662417,26.50605070481594,25.667322137116543,18.020272653675104,26.402151513309832,28.60497839674403,26.560157949369792,27.29532373914699,-0.7351657897771986,29.11036548231364,29.66806352229372,29.28438361511308,-0.5576980399800782
2035-01-16 12:00:00,29.24001701460445,28.353170658233992,28.558606448487645,29.4802795749946,22.72497558798855,21.82657293105998,25.329697941467067,24.326884089044427,20.15161262416764,25.310080982484227,29.074794312837724,25.266325157688048,27.637373113286205,-2.371047955598158,29.081028292768696,30.00440884369106,29.45807372406132,-0.9233805509223636
2035-02-15 00:00:00,29.62750304294144,28.538745723520947,28.673667231887503,29.19376137350109,22.202197127994918,21.19516838602592,24.796054721888687,23.705812380690904,21.290317670930325,24.82083774676659,29.439385614761623,24.682727243857244,28.07426141367679,-3.391534169819547,29.299618763447807,30.34816327707201,29.76873122985615,-1.0485445136242042
2035-03-16 12:00:00,29.80701897065466,28.762454451819885,28.622637512700404,29.101082174625677,22.15566768499373,21.231919472261488,24.916176650377345,23.931897066735612,21.070793921188365,24.939693760367323,29.693042446590542,24.9051865383616,28.546317324443244,-3.6411307860816464,29.764521206283938,30.777768576959264,30.1138074410872,-1.0132473706753269
2035-04-16 00:00:00,29.52174383505143,28.54447114852189,28.56006471399745,29.073511223150167,22.51877803147444,21.647811783245224,25.19270503025857,24.340698201204823,20.09301819342933,25.1371061675835,29.529327276355342,25.21953982992732,28.3376304947006,-3.1180906647732805,30.22720063393397,30.772807394814144,30.42973266587416,-0.5456067608801725
2035-05-16 12:00:00,28.41793425607809,28.500876216146345,28.654883646692586,29.18670729612964,22.939954408628125,22.05129364597986,25.465928060240305,24.68142860383568,18.62667181828075,25.317872443043463,28.92834345442235,25.493648814563684,27.82520379498174,-2.331554980418055,30.41985003609768,30.579278131227937,30.24466665774224,-0.1594280951302593
2035-06-16 00:00:00,26.656842999842365,27.790531839359684,28.711679420579973,29.3779762823914,23.91561368046708,22.951954955027468,25.695662878665768,24.88723130899843,17.11219357095394,25.58943790653409,28.13607059497157,25.689981826959883,26.85033066215837,-1.1603488351984872,30.366209129510324,30.37871321912722,29.91610730784352,-0.0125040896168968
2035-07-16 12:00:00,25.0288089612995,27.04015122321788,28.423314770151176,29.459896953665048,25.357360613459644,24.416817026836725,26.496561798754183,25.92715598420228,15.763911719138676,26.482123513867656,27.36977938761617,26.61259513915148,25.89030251874039,0.7222926204110856,29.427818519484344,30.135139944948587,29.003017446662977,-0.7073214254642437
2035-08-16 12:00:00,24.468171437295688,26.175929144214997,27.930812089942528,29.72978893401593,26.28581344413417,25.302339349750547,27.396025639215985,27.157289886396864,14.539954876942904,27.41085421549214,26.919557390235823,27.76202028285576,25.57392652645479,2.188093756400967,28.902400784555432,29.630810268091803,28.556321296479204,-0.728409483536371
2035-09-16 00:00:00,24.66702220524226,26.066588743184788,27.66678178246829,29.7709991224794,26.834555856898948,25.889053788324244,27.89182639265598,27.764262029592597,14.497185926199029,27.891761818407947,26.878759500618088,28.30662053453875,25.421935182226697,2.8846853523120544,28.71898077364263,29.201001422742987,28.328202219400147,-0.482020649100356
2035-10-16 12:00:00,25.523079074186665,26.46919075618856,27.72387108552369,29.76959955466589,26.324257544117987,25.306677756646582,27.994940011738983,27.52476876989048,14.750165278729485,27.863600582234763,27.271769681817744,28.14067441187798,25.792891975306965,2.3477824365710163,29.103182947928357,29.444304732076123,28.525336813331588,-0.34112178414777
2035-11-16 00:00:00,27.05612605275412,26.98349042545653,27.84631686164816,29.508413905188014,25.02630559851973,24.088805979025235,27.210322741645488,26.45734231918938,15.731568155461888,27.037327848361173,27.87632128121749,27.202982179102374,26.36345895611949,0.8395232229828835,29.212978291461784,29.735440960279877,28.98354854643907,-0.5224626688180898
2035-12-16 12:00:00,27.921081958523747,27.332536450843374,27.92655210706664,29.3306357881558,23.661677675449837,22.55536817629109,26.003823085187545,24.91816546491069,17.654740636174736,25.83332606074148,28.41041525024604,25.77292020659289,26.988149736452165,-1.215229529859279,29.212258687197785,29.978157503930998,29.47844841188444,-0.765898816733209
2036-01-16 12:00:00,28.855673523491607,27.520087638513854,27.69252000467134,28.894254266557837,22.407451036029805,21.12556050891572,24.55426941716074,23.127522056187452,19.76703312300576,24.4191301860528,28.959356475726786,24.06044311106724,27.847098333603125,-3.786655222535888,28.990318562228516,30.262232896210577,29.414581041989287,-1.271914333982064
2036-02-15 12:00:00,29.091034528668324,27.30419398905437,27.56822061782393,28.5806994673999,21.86586693882699,20.674216534476656,23.90927506915475,22.470368361316133,21.24148646638451,23.84761611378614,29.264416371357036,23.37175985673122,28.56662287248966,-5.19486301575844,29.27628081441515,30.25055068798717,29.849423661680877,-0.9742698735720232
2036-03-16 12:00:00,29.31993663957364,27.331529927818085,27.4870060716634,28.722132612963826,21.899368945466968,20.88617035350891,24.0719708397267,22.867667760495667,21.48684945885744,24.02363563908741,29.334035900078888,23.69230297476373,28.99266302218664,-5.300360047422903,29.453483075758523,30.587010358025065,29.87840716454575,-1.1335272822665416
2036-04-16 00:00:00,28.888471896726987,27.655147959582948,27.64967748937056,28.77350038195074,22.259190953102028,21.30688581842769,24.51293101097457,23.46493487972885,19.6443426732171,24.38463458811989,29.269602096573458,24.222954369774627,28.803867126079044,-4.580912756304418,29.777131065943863,30.811675574216174,30.080531152898462,-1.0345445082723153
2036-05-16 12:00:00,28.127143882603853,27.976083732465423,28.30099517288563,29.145095174246883,23.378285145079385,22.44604575724441,25.156777745916127,24.06399137115698,17.808341622168562,24.98142464927004,28.83019060223513,24.76243347453014,27.64440004025981,-2.8819665657296696,29.83571699262965,30.758479014627227,29.723671559545068,-0.9227620219975812
2036-06-16 00:00:00,26.37285813564094,27.28520972029577,28.382927343459283,29.57882974247069,24.66652696481236,23.598871432442515,25.839571835921618,24.875087610844364,16.350920631556615,25.68076189841476,28.04015870095465,25.480948016272716,26.60263022036802,-1.1216822040953076,29.408200031222982,30.38319562059492,29.00038506287038,-0.9749955893719324
2036-07-16 12:00:00,25.62784275941016,27.22942077506769,28.417181933753245,29.834755670414253,25.904218840502804,24.83272549661273,26.66333149799354,26.06805611411264,15.358119511099046,26.722055126653007,27.38613666625596,26.741575704005363,25.877580960964963,0.8639947430404007,28.83705101262747,29.979729236267023,28.40537502875972,-1.1426782236395532
2036-08-16 12:00:00,25.88762674712628,27.38287604488452,28.406859973825288,29.849649654710998,26.57393228314551,25.497111319562592,27.47544827124045,27.23014063452258,14.6826657693599,27.52935204411808,27.057095859599716,27.81249991564003,25.42935562300969,2.383144292630337,28.57744935357953,29.372460683460105,28.13668015892975,-0.7950113298805697
2036-09-16 00:00:00,26.38286202944396,27.52418507917358,28.51970475939084,30.02521785449565,26.627797295045177,25.626550577689777,27.83198880532169,27.6254269915577,14.554053543489143,27.8085362300654,27.068690712518023,28.146855630558797,25.39024632760642,2.756609302952373,28.712218906912828,28.925866368854884,28.164254369688592,-0.213647461942056
2036-10-16 12:00:00,27.255577502867823,28.03281551488041,29.06158185011988,30.387176353724197,26.467005576847143,25.63130058894684,28.067531748786152,27.550179815262155,14.95189342796282,27.940984782671272,27.526431507134838,28.13360180652828,25.9540805440926,2.179521262435678,29.191960710639417,29.042308928211284,28.385251949341587,0.1496517824281333
2036-11-16 00:00:00,28.212619292887567,28.58611370030952,29.38338348366754,30.32311265846122,25.50979172063807,24.81109893478678,27.32992240388132,26.64203593133005,15.88223362336493,27.267944582808845,28.12884097510865,27.322553491228344,26.86632183871385,0.4562316525144894,29.567672226697244,29.2333079775794,29.09166288878091,0.3343642491178471
2036-12-16 12:00:00,29.042625374159822,29.14248794893832,29.65596215119221,30.29571385260912,24.137748082518726,23.209349891736625,26.144260750068906,25.15391729201404,18.54434776506833,26.112359653572,28.79538927724336,26.013755025120474,27.472874287926025,-1.459119262805551,29.71167151697339,29.462112913474293,29.86663893714749,0.2495586034990964
2037-01-16 12:00:00,29.854682987198057,29.321658891803143,29.43714013233233,30.017690378994907,23.09028725918748,22.19673354234866,25.41184699207436,24.316169061864677,21.413904213087697,25.37271965369104,29.312491296470785,25.195358117247284,28.102243403907423,-2.9068852866601382,29.850056003126383,30.18825349629022,30.41669652723068,-0.338197493163836
2037-02-15 00:00:00,30.355757830329377,29.274731233067136,29.074997992727948,29.44461169138487,22.39255712904701,21.425252433342845,24.90847311766053,23.70316525852208,21.332148130558664,24.876917531090104,29.833150861857582,24.700994986758992,28.822999585896923,-4.122004599137931,30.08872219842293,31.16137543155822,30.847885795345416,-1.0726532331352914
2037-03-16 12:00:00,30.343776918675328,29.191055036233845,28.698904914225324,29.072675774544503,22.469627938898277,21.73553749774513,25.36202411984499,24.362137528541947,20.19386142672696,25.30241186123617,29.974756157916072,25.2855885342248,29.50516117737252,-4.219572643147718,30.43944121705736,31.403045496252805,31.129270247733512,-0.9636042791954438
2037-04-16 00:00:00,30.327409584146885,29.268487797484127,28.38202824970276,28.79133268478566,22.85308790978784,22.29099759965112,25.69489693283696,24.87100671964853,19.77013194615084,25.61266614921809,29.853411667391,25.715022221123483,29.478574698925502,-3.763552477802019,30.890534346470996,31.20792172987522,31.321460914800586,-0.3173873834042275
2037-05-16 12:00:00,29.6747153422302,29.040601259659667,28.48157264554194,28.870407329544268,23.456583018143878,22.698382557925207,26.19611857760356,25.546786072457078,18.283445195582235,26.05049907750072,29.238862070510358,26.2764154148163,28.67644789902972,-2.400032484213419,30.7264068551674,31.229625506892333,30.773650531358683,-0.5032186517249322
2037-06-16 00:00:00,28.677022007745617,28.758328790954472,28.578066363595426,28.80809134386492,24.544854912406947,23.447791087686237,26.54912227028912,25.892845679884683,16.642299667861053,26.482047850666948,28.43644633607945,26.668186729537,27.61187955534611,-0.9436928258091122,30.33944695218444,30.877272123896216,30.07608277320016,-0.537825171711777
2037-07-16 12:00:00,27.79750578633762,28.37349053057087,28.59749994026406,28.88911346685025,25.500045803955054,24.35205938615008,27.16619960340519,26.74643524482201,15.008258845703908,27.14236013005384,27.71829285644668,27.45157276372977,26.863880210471063,0.5876925532587123,29.456277580806915,30.366547667553256,28.973381151328407,-0.9102700867463404
2037-08-16 12:00:00,27.23051533982281,27.86977942550824,28.411218170508235,29.09034711927057,26.642061987711287,25.65287054681985,27.940853777115063,27.84045496371188,14.082015672950227,27.957109241825595,27.385821714346974,28.42003730374205,26.42130721738481,1.998730086357238,29.137007252197865,29.855596908924845,28.828875914217694,-0.71858965672698
2037-09-16 00:00:00,27.28862531061437,27.768756196004485,28.20583074104879,29.28255461136592,27.10057589068225,26.237527509873576,28.29607904869877,28.252948848517534,14.294656692476886,28.33948603099948,27.380537243087996,28.783491752988212,26.458696594596045,2.3247951583921704,29.32443835250872,29.35562881191829,28.94432882164882,-0.0311904594095686
2037-10-16 12:00:00,27.493175285734537,27.683380980552407,28.27104404624539,29.54889667005499,26.88967812896127,26.241818440301707,28.63785205150809,28.346823724992053,15.23116829269244,28.56219146479753,27.71396948030519,28.889598201310392,26.77621887647406,2.1133793248363304,29.73502342519757,29.601286727765576,29.29122712413126,0.1337366974319991
2037-11-16 00:00:00,27.745621916897456,27.416322618258583,27.945388565059343,29.473611268651137,25.59929640612801,24.70660684619365,28.02485664004616,27.40796187691877,16.6416827942062,27.84642583710781,28.24838828467883,28.12329978550788,27.13117147873537,0.9921283067725072,29.847898548804004,29.807509575191364,29.69851262960715,0.0403889736126394
2037-12-16 12:00:00,28.403852262390124,27.732533445478303,28.0074208882596,29.222655266261167,24.30349575858008,23.349049555924385,26.926922038523305,26.143794702778784,18.7432704413938,26.76815951727374,28.774375703390216,26.925940570939844,27.49452889540493,-0.5685883244650825,29.757198828614744,30.21978893664056,29.921707358895283,-0.4625901080258146
2038-01-16 12:00:00,28.91921126592696,27.669346046749315,27.72209741581004,28.746949849137025,23.069547533054514,21.99907038430085,25.61516011336044,24.497786033779352,20.605638206873778,25.52455358050632,29.14871535325925,25.395924038046463,27.99676181180256,-2.6008377737560906,29.681952836409412,30.51342663324319,30.11353955268194,-0.8314737968337731
2038-02-15 00:00:00,29.105126829573926,27.05281070631023,27.217116761156124,28.16168432882909,22.484115905038227,21.4187539837713,25.15921187007621,23.995006066598656,21.02220770554952,25.10774632730224,29.394773659691808,24.92606969202248,28.448148660784863,-3.5220789687623864,29.806143373428903,30.72614388917408,30.372140815702924,-0.9200005157451764
2038-03-16 12:00:00,29.178270824933087,26.850633449678654,27.009816955081124,28.160018130411164,22.33483347380766,21.394579865850705,25.23312880798941,24.16889609226532,21.040729591616344,25.14311859863179,29.59211100990436,25.10067224696269,28.552329546958852,-3.4516572999961603,30.09589881663737,31.40136979326292,30.56176701349857,-1.3054709766255463
2038-04-16 00:00:00,29.07076323106412,27.38039468270981,27.11482916573418,28.322963697731044,22.639803060174813,21.705660251757617,25.365112898178285,24.43966197554693,19.973754863635158,25.26896924801808,29.480426109839858,25.3174268529872,28.44544256699013,-3.128015714002931,30.140371267818065,31.396207175311933,30.281505665119514,-1.255835907493868
2038-05-16 12:00:00,27.713218712295117,27.89270961338969,27.797338423098942,28.627653640318005,23.537246797571097,22.60425395916852,25.636827907280956,24.6673878414651,18.16929450735591,25.53124259700078,28.92547270516033,25.451465162175385,27.694504820922,-2.243039658746614,30.33276949245839,30.94332144901393,30.209538338704288,-0.6105519565555362
2038-06-16 00:00:00,26.031486725936823,27.076682644617254,27.77540365891448,28.733939161642,24.440807674354005,23.319196458255945,26.266018864346776,25.25826213635133,16.747146173795787,26.0809904351915,28.094534215056964,25.992700162160787,26.87264815862889,-0.8799479964681041,29.94767648827393,30.690058294926807,29.378012541959198,-0.742381806652876
2038-07-16 12:00:00,24.812589806418064,25.824976111690447,27.14345323624739,28.822763175959647,25.460219545053786,24.46856984409617,26.85123961017987,26.30766072830092,15.462243332115744,26.834839002131428,27.318151159680298,26.981199299547768,25.97436485776004,1.0068344417877275,28.923078796982853,30.314647408984683,28.543486729850148,-1.39156861200183
2038-08-16 12:00:00,24.77161356893321,25.481779447181577,26.66683260118653,28.72458062188408,26.12650233695003,25.34216057872116,27.533559356595276,27.3588188956294,14.901089533278702,27.49999163534492,26.940380968550983,27.93691308996396,25.43072229792244,2.5061907920415223,28.621389750312616,29.89923356679548,28.308847848243477,-1.2778438164828645
2038-09-16 00:00:00,25.31257211770115,25.46295747003784,26.506688559005816,28.565328848513115,26.520423150755537,25.694667372902494,28.11073471991001,28.03689738195354,14.602901747536912,27.995877510145924,26.910462937230022,28.466770285181088,25.401412515573348,3.06535776960774,28.62678893508173,29.71860565581005,28.27077503935121,-1.0918167207283176
2038-10-16 12:00:00,25.918120968018822,25.80447434660338,26.924632405757208,28.844658547319025,26.33378686139204,25.58275975854943,28.21565998383624,27.921356748881376,15.12927021878428,28.07424122842957,27.282253063063063,28.472421694949187,25.813855380593388,2.6585663143557987,29.0179450000789,29.95183428679149,28.60238342412995,-0.933889286712592
2038-11-16 00:00:00,26.864195867610352,26.339811609883835,27.166341215734032,28.968612607907044,25.600796447716696,25.147785925397542,27.829230572795435,27.427821649647456,16.51464222300875,27.648228581838094,27.953514480731865,27.93102873202626,26.331605581801977,1.5994231502242826,29.526173299325077,30.11841898265201,29.37555791279227,-0.5922456833269365
2038-12-16 12:00:00,27.901671362564738,26.966750261225613,27.457611805241807,28.87930102186949,24.157586029911997,23.738474116522998,26.82458810164496,26.32547452247499,19.43762930096162,26.6270501334902,28.619228609763187,26.8812966087906,26.95764341761244,-0.0763468088218459,29.48259760684064,30.27457708336341,29.713567030208957,-0.7919794765227728
2039-01-16 12:00:00,28.56981536192591,27.254324435423246,27.58570958553805,28.668963855984103,22.92879607631609,22.351245472073128,25.76056144009288,25.042543561123612,21.505109921899017,25.60723083047196,29.1068212867877,25.79979991271539,27.75005983458349,-1.9502599218681027,29.34228752075367,30.442411066255996,29.79784099684686,-1.1001235455023242
2039-02-15 00:00:00,28.973133780798115,26.733189246182725,27.26773354321089,28.505847411882662,22.22047029765139,21.286503832701797,24.582992306748533,23.41091165536081,22.4293763948648,24.5667291589119,29.32714591602341,24.41987418937784,28.289466269790456,-3.86959208041262,29.26061352941515,30.54299949026973,29.709559629740003,-1.2823859608545796
2039-03-16 12:00:00,29.287903838644485,27.235265040079486,27.10556070481,28.46770513567681,22.227412241516763,21.21592238409692,24.364769687223436,23.240303879104363,21.077998861269062,24.448358386027067,29.474433118427942,24.275402441590288,28.72394109820498,-4.448538656614691,29.387624965517755,30.408021746824428,29.77253587222499,-1.0203967813066726
2039-04-16 00:00:00,29.13314960210956,28.03053959798281,27.557430949267083,28.49450345948514,22.38387644836077,21.38007154341296,24.576971617438776,23.586771619015,20.22538654167086,24.618574606707437,29.43779741432448,24.58046341690685,28.7088742061714,-4.128410789264553,29.8625089348671,30.535970439970285,30.044327153493747,-0.6734615051031838
2039-05-16 12:00:00,28.153189685205632,28.24539798583144,28.11776758524495,28.72741888062649,23.336422417414347,22.3223517489846,24.962605333309902,24.05091126318185,18.392770047451425,24.95870273156485,28.9504156582029,24.906001353598352,27.95576359355936,-3.0497622399610087,30.025941509946367,30.75170090396388,29.89736251092345,-0.725759394017512
2039-06-16 00:00:00,26.26146153278773,27.65491339819032,28.51907377447607,29.110462737293645,24.80869481245664,23.973354121539074,25.747705327480908,25.059283041337537,16.73345910064926,25.79973064652481,28.13481225849691,25.74139099457286,26.848691568965688,-1.107300574392827,29.50394620389089,30.4221153409202,29.28207315382941,-0.918169137029306
2039-07-16 12:00:00,24.95619105169366,26.961734233489125,28.25485867890491,29.40965583953225,25.822540156791494,25.04224326141827,26.575548098154755,26.252529055125244,15.821524967001686,26.73131193548433,27.382838101091,26.94468600092603,25.93539327456509,1.0092927263609397,28.845742125021783,29.823789517768866,28.582397108924788,-0.9780473927470794
2039-08-16 12:00:00,24.866167004191457,26.7039656286221,28.26561263976426,29.661318673163475,26.66548102479908,25.828154540309622,27.42678030547144,27.284440628040706,15.212558231598733,27.53454551747296,27.00851756091086,27.826544287375423,25.513593961795227,2.3129503255801964,28.63555114428508,29.29391828084629,28.394107455301747,-0.658367136561214
2039-09-16 00:00:00,25.327106156740303,26.969873006317343,28.37184295691023,29.820947934796525,27.42864186391457,26.64772092452201,28.198698726902368,28.14249161080889,14.71013272916858,28.27861727591128,27.04224201320446,28.596358343983475,25.46010363676411,3.136254707219365,28.70820095513653,28.808476601142345,28.37235121723105,-0.1002756460058122
2039-10-16 12:00:00,25.851559702211013,27.23087888194053,28.584834137590427,30.01550270870666,27.17390599176487,26.46771116620012,28.42659659632217,28.18546127585213,15.245560659862631,28.335554511774884,27.400669759832844,28.57653326576091,25.645575110139134,2.9309581556217736,29.17609298792277,28.97275370342628,28.6599070017874,0.2033392844964936
2039-11-16 00:00:00,26.862996454948878,27.69276842838162,28.86580952926416,30.20745018197623,26.06524382809424,25.398935228613134,27.71264964526572,27.203284836385706,16.99266272778168,27.62276029656819,28.059739723725453,27.757573154513462,26.34113455430237,1.4164386002110874,29.479607324103497,29.57750207922579,29.17985008475944,-0.0978947551222937
2039-12-16 12:00:00,27.896513146745555,28.06495336772628,28.894557900320383,30.133463048805808,24.609114744386726,24.074347940777248,26.597633635834,25.954602201941064,18.91900724372217,26.54637567286292,28.707005612637545,26.58494967653247,27.29294090798773,-0.7079912314552637,29.498144387449827,29.96873994398634,29.62927637182265,-0.4705955565365123
2040-01-16 12:00:00,28.83005877947943,28.21840864005654,28.794262735863573,30.08353890938004,23.448110077023426,22.780248203080586,25.66514569492937,24.8179465480038,21.08722444615666,25.613878417747127,29.229432472607872,25.50176789633031,28.143428923176856,-2.641661026846545,29.593052772241624,30.56892737795033,30.067500393538417,-0.9758746057087072
2040-02-15 12:00:00,29.55092702439852,28.48726490499029,28.824059127483103,29.915707001105776,22.77871951696589,22.208477107566186,25.215638942037927,24.376054380093542,22.09218808821237,25.16941414848155,29.62495714796514,25.08326435526834,28.90797951790908,-3.824715162640736,29.646429375665463,30.967642906278147,30.26039306643584,-1.321213530612681
2040-03-16 12:00:00,29.58635939680413,28.54077162994773,28.66273581443033,29.54082783320873,22.43448885537945,21.869554326583927,25.158833190808515,24.32856236331289,21.81431140500037,25.110926299127584,29.737401741698548,25.10619447178281,29.27462430051619,-4.168429828733377,29.43183727157781,31.24783806121205,29.9782542449646,-1.8160007896342376
2040-04-16 00:00:00,29.506705364964247,28.81978539402992,28.613226236366057,29.453771743659946,22.773924711972768,22.26205998376845,25.694937010892,24.818029424440702,20.647053916934144,25.512292972995365,29.54819857698576,25.552668923054323,28.66579754229963,-3.1131286192453054,29.83677350869466,31.0544200842769,30.2069045082294,-1.21764657558224
2040-05-16 12:00:00,28.744489849957507,28.68534695636088,29.04841569029046,29.74995352872964,23.442234632642663,22.803539656264213,25.900886378154805,25.060929120174848,18.247158037789514,25.690530823668738,29.093338710030075,25.760645802317068,27.88801878623984,-2.1273729839227684,30.18738304064492,31.168211830703317,30.34503548163387,-0.9808287900583964
2040-06-16 00:00:00,26.838753858977924,28.143553687795013,29.330313580442105,30.23896110392605,24.624068807797915,23.702802881713108,26.388522366820755,25.512869826039854,16.944992397315165,26.248073977929817,28.323603487976087,26.24635662108192,26.7589887495662,-0.512632128484281,30.187493838253182,30.64487193071669,30.01241485678102,-0.4573780924635073
2040-07-16 12:00:00,25.974051193233315,28.30401185974748,29.56423428881549,30.3472580285004,26.032972215054382,25.05827871224646,27.24085114771035,26.622970819584044,15.827475206419049,27.23515605231764,27.693446085809217,27.319884204715173,25.91325053195299,1.406633672762183,29.88082220127207,29.988726365294628,29.366292114993524,-0.1079041640225568
2040-08-16 12:00:00,26.38680339537719,28.324631866859285,29.61289159393636,30.50990660633291,26.912103287503275,25.998179125216527,28.097063223382477,27.82746173356865,14.944454939991012,28.04809619093021,27.328475997517963,28.36121204815104,25.594430515847773,2.76678153230327,29.338133591596936,28.775536666703445,28.857272752368253,0.5625969248934908
2040-09-16 00:00:00,27.084585581358336,28.387614674207867,29.651919232107726,30.73926198130193,27.48614586447569,26.56439089129755,28.57934385211175,28.454341737164043,15.267732012663329,28.538187267226693,27.36208283827945,28.907405201847805,25.321628082513143,3.585777119334661,29.16231494026947,28.34463490900677,28.648633601169912,0.8176800312627002
2040-10-16 12:00:00,27.59361313391489,28.691748597778343,29.95091864046213,30.894205266864034,27.282064476357892,26.52239254625924,28.761724240236628,28.37552620400612,15.897446291029798,28.69213750309996,27.73295042831202,28.912013932265086,25.681273636896595,3.2307402953684914,29.54871558872353,28.56898911637232,28.932888458483475,0.97972647235121
2040-11-16 00:00:00,28.4350024527911,29.11694030985865,30.145661725436437,30.92156143739544,25.87694630762573,25.34842450508992,28.064660069538405,27.408024320832908,17.037603169473474,27.922681090714825,28.343596644015065,28.065101699155207,26.532304449089747,1.5327972500654603,29.757252257251796,29.091429180453677,29.31243888059908,0.6658230767981195
2040-12-16 12:00:00,29.317642322867144,29.4031793450068,30.115043267307843,30.84225467548121,24.374473678731626,23.753724650008877,26.770939485237637,25.877562121058777,18.81598884078696,26.665838875365687,28.94434648154344,26.627471411763523,27.07252149437716,-0.445050082613637,29.94815901568448,29.79728283849752,29.95840109324499,0.1508761771869657
2041-01-16 12:00:00,29.92225385083393,29.532521269520743,29.904180832788107,30.586863754536814,23.328592982619305,22.76494787516186,26.027951972354845,25.096635295010444,20.37716611385869,25.93557545209998,29.51706115127171,25.88044058605003,28.03433442649636,-2.153893840446329,30.069153469026592,30.674527050413623,30.495906782802727,-0.6053735813870311
2041-02-15 00:00:00,30.272865293135457,29.753470699116345,29.75624107902404,30.290677193615394,22.889366255348207,22.46668719276964,25.96198401221324,25.146582440019703,20.98320486406688,25.865780118217213,29.98852168392093,25.905869398918423,28.977899809655167,-3.072030410736744,30.033514948056705,31.352759967518388,30.69965531644168,-1.3192450194616825
2041-03-16 12:00:00,30.412088064924152,29.3964585681952,29.495356293326537,30.036967537409737,22.559393464149927,22.078283897811247,25.68789648934338,24.87017301066229,21.266375849028115,25.59550320981819,30.11522423171414,25.717197258598336,29.17386710713114,-3.4566698485328047,30.35712191342568,31.554779096054407,30.958248186539844,-1.1976571826287277
2041-04-16 00:00:00,29.962220861846887,29.22783100203197,28.99466061253505,29.755845915235565,22.843806188229227,22.06354355658766,25.60454868780065,24.60032003625287,20.375258014147438,25.472135679059445,29.85100250411205,25.492299139543476,29.17503039330993,-3.682731253766459,30.58718480430256,31.36713869296573,30.954283508474127,-0.7799538886631794
2041-05-16 12:00:00,29.43765706543653,28.95697854917912,28.745593155272942,29.723075349076765,23.566554675436027,22.889171812469577,26.17539488998455,25.20386202195717,18.86061074856216,25.93862703144621,29.400891809005888,25.97299691425265,28.449767268388477,-2.4767703541358195,30.791112755488125,31.404029386907904,30.87131947488237,-0.6129166314197789
2041-06-16 00:00:00,27.255026926500868,27.533944241985825,28.34358526213259,29.78539817226346,24.576802673814395,23.989442671273515,26.659213175075763,25.79527747910247,16.92193057513249,26.457473201479537,28.438703608251696,26.468280894825984,27.42738276357958,-0.9591018687535956,30.499099609815875,30.859552069450206,30.17024116398729,-0.360452459634331
2041-07-16 12:00:00,25.46190704743013,26.56400380823152,27.855478431120737,29.63927267498093,25.3578755956991,24.633034488507302,27.22966034719493,26.587218827759155,15.551517027044564,27.090827305528407,27.62025572518241,27.309239152037264,26.353748605617533,0.955490546419732,29.74939697893309,30.01621504492549,29.293235902935237,-0.2668180659923997
2041-08-16 12:00:00,24.85570829964163,25.56279446931626,26.66566608610554,29.17334895258168,26.51210991240493,25.66804688502968,27.978854170930774,27.6649479921105,14.972232748478744,27.84561987281607,27.116662582354493,28.208878728634843,25.641455139474367,2.5674235891604766,29.26250807280311,29.622007364857712,28.87426371712605,-0.3594992920546005
2041-09-16 00:00:00,24.92273796843535,24.8027851644702,25.66184230469693,28.39828962219901,26.977778007566293,26.193601506428504,28.617399754498344,28.56697683935697,14.90373944990062,28.41051247195026,26.944572591934453,28.968486482622925,25.4359222045728,3.532564278050124,29.19725518705406,29.115396768567177,28.789906108740382,0.0818584184868846
2041-10-16 12:00:00,25.801830932363348,25.195866176115924,25.747034401567387,28.23389975147412,27.064298624666485,26.48269044354228,28.630006394617183,28.59225548578952,15.60071482959795,28.525315529253263,27.268689322422556,29.05090153027341,25.91951791582329,3.131383614450126,29.70666521003295,29.15225024244565,29.156445349014007,0.5544149675872987
2041-11-16 00:00:00,27.064432477289454,25.594345768520515,26.04967196009821,28.196509334884944,25.98385189282536,25.38797173684925,27.894972193078942,27.525204402711324,16.9247700158897,27.83582071690901,27.80299834892923,28.13519853810294,26.60489474821865,1.530303789884286,29.73356600550889,29.42821461170485,29.515113225225512,0.3053513938040453
2041-12-16 12:00:00,27.90565068826312,26.32268152186157,26.30942410059968,27.99266342485372,24.41677127566142,23.82735926236966,26.725324500875487,26.00471622278976,19.51866278272753,26.674228732455905,28.45820517658997,26.795302750409853,27.2055010068141,-0.4101982564042465,29.54899093850916,30.19485041373248,29.75519123433773,-0.6458594752233218
2042-01-16 12:00:00,28.733744642951866,26.51611788955927,26.35903341689124,27.764556039574,22.958807879337563,22.096802456905618,25.30721319149948,24.3275956539826,21.011643145198637,25.2888681496512,28.915634185350186,25.189834606766134,27.90422669087001,-2.714392084103878,29.35540898143296,30.526354887051298,29.80037697675348,-1.1709459056183391
2042-02-15 00:00:00,28.655283042939708,26.27297920875217,26.3913356280782,27.770683637547226,22.315201694239903,21.328175417921752,24.46856001777505,23.517607721638708,21.971638478747828,24.56077915112312,29.207582971911638,24.45145010307261,28.725988660532963,-4.274538557460357,29.458214220921704,30.758827924474204,29.95234394317949,-1.3006137035525
2042-03-16 12:00:00,29.10813003719575,26.966375820801197,26.91756399175659,27.89141127838647,22.281025900690256,21.327635287232603,24.53240396473297,23.73890880602385,21.597217672460623,24.695880944156432,29.365050907332392,24.72795455250452,29.233429346109286,-4.505474793604765,29.542629500163788,30.65165130206091,29.900808558851352,-1.1090218018971214
2042-04-16 00:00:00,28.734507211623924,27.701773175891397,27.63333364249342,28.24911173795541,22.567965035306923,21.620528342324786,24.835301075221995,24.172999457748347,20.35377052058197,24.9564796051731,29.36843335980994,25.13227186163423,29.016364948367126,-3.884093086732896,30.21118770732214,30.938359784967723,30.391645468491525,-0.7271720776455837
2042-05-16 12:00:00,28.37834192768204,28.217795731429497,28.1190590854296,28.77717294569373,23.24244960694884,22.1158550096098,25.03981457600213,24.273812134706574,18.51233402261525,25.07503264537932,28.92978656817074,25.18637145494667,27.986796724980103,-2.8004252700334327,30.46759277272581,31.073289094274507,30.40423168023072,-0.6056963215486952
2042-06-16 00:00:00,27.24644730583721,27.86848877226377,28.5170066894896,29.362343401169163,24.214224947337883,23.14406667966752,25.44726153446444,24.75958912275943,16.683373998169785,25.5130982489228,28.223991042725824,25.61755617715971,26.928418602633823,-1.310862425474113,30.091912740207757,30.91717189479129,29.70680689700417,-0.8252591545835415
2042-07-16 12:00:00,26.4236440436114,27.55312072777376,28.66692686499276,29.674520828389333,25.43277424164916,24.43077006450795,26.41922388655537,26.15300236945052,15.836508603232827,26.55215416802714,27.4982969894952,26.888804355356456,26.173716986718844,0.7150873686376116,29.278749441635323,30.321456055772643,28.818966648823334,-1.0427066141373196
2042-08-16 12:00:00,26.533558238714527,27.352740571079543,28.351588498686034,29.6117954856996,26.773527409119477,26.0389246905186,27.58356123766463,27.609837536333654,15.65024507754951,27.675676735570494,27.20369684810573,28.10839273256358,25.54818618347944,2.5602065490841426,28.690078122313523,29.7896454385238,28.377302469639325,-1.0995673162102797
2042-09-16 00:00:00,26.76232941338757,27.22200022961074,28.09688377237861,29.617410878913564,27.06273800825006,26.28967619028056,28.13854242363503,28.129956909757112,15.425077171328654,28.154935581713406,27.177002777009243,28.62665216684958,25.530061815647574,3.0965903512020034,28.872489650199352,29.33294896703892,28.498798377808782,-0.4604593168395645
2042-10-16 12:00:00,27.27417966076765,27.51189057641179,28.387641584575167,29.8819121603922,26.82666565005516,25.93373433288158,28.11503149622494,27.671094099024053,15.8501203866473,28.082844231292636,27.57985576995161,28.281500858155216,25.83277731035862,2.4487235477965967,29.499516912225733,29.50727645215564,29.032228076317608,-0.007759539929907
2042-11-16 00:00:00,28.058303842730915,28.074908101275277,28.83064754012744,30.18301063698572,25.69037674998615,24.62510971151853,27.335531955898063,26.636568294120767,17.028210463876732,27.273509318258444,28.23906121442273,27.381958288012317,26.29960784860264,1.0823504394096766,29.78759852216857,29.937868740402305,29.52606797318089,-0.1502702182337323
2042-12-16 12:00:00,28.86683636540865,28.56596377978145,28.982643423903426,30.21240525285159,24.40960849152629,23.567129754322757,26.312470350730518,25.539930704744403,18.750781701319664,26.297990866729204,28.87705163542529,26.335244943511977,27.192249629173208,-0.8570046856612308,29.58253165921457,30.31447449331956,29.766738965930006,-0.7319428341049843
2043-01-16 12:00:00,29.738089149882743,28.9307006114981,29.107402421097923,30.05988756713453,23.186723440957284,22.343813455922003,25.15411821021041,24.228414846775248,20.189570603511456,25.207741302254394,29.488845491306748,25.08891548318704,28.00088689890413,-2.9119714157170904,29.65932143954663,30.59775149156254,30.186758145725623,-0.93843005201591
2043-02-15 00:00:00,30.397307229772228,29.11032891561301,29.09104842237792,29.772034864499044,22.61366441470944,21.65622556041284,24.47070136049434,23.495865341039448,21.04580865048355,24.66355002364755,29.86355478909932,24.454488113552035,28.524037403319426,-4.069549289767391,29.649895564694503,30.784273659724303,30.234773401009416,-1.134378095029799
2043-03-16 12:00:00,30.27329712366449,28.800089657729973,28.814964482603084,29.56370757516873,22.47404353706986,21.507744264828816,24.54986081854662,23.736503422659005,21.51793932235812,24.736360570304,29.979874431740484,24.710781580597903,28.655938057147885,-3.9451564765499834,30.025499709140604,31.220740927483597,30.5919479365614,-1.1952412183429892
2043-04-16 00:00:00,29.96257554726811,29.26917291548403,28.86420616259525,29.381902492231337,23.016179445371264,22.203268907403903,25.22927513618605,24.447780000220774,20.183901793773156,25.310667510706025,29.97476364174959,25.3607275827483,28.65349093529008,-3.29276335254178,30.596892509715637,31.68146835854068,30.93037290708644,-1.0845758488250432
2043-05-16 12:00:00,29.617358386152706,29.38267259984953,29.16285589356628,29.58181034552701,23.481015198699072,22.297151542256337,25.492354753025992,24.63795333070757,17.894886704755383,25.508670179342797,29.60062357895469,25.599158461982157,27.99151604798565,-2.3923575860034987,30.72712902219217,31.682381655532183,30.704040727688906,-0.9552526333400202
2043-06-16 00:00:00,28.468143182105106,29.1696879267068,29.600010882027373,29.802079138588848,24.7364476808844,23.47818980822529,26.07930828352628,25.29767636069426,15.849180044840598,26.176770712083123,28.71064268341405,26.240620523245013,27.112215327185027,-0.8715948039400132,29.997780915354927,31.01150677899448,29.73929657929172,-1.01372586363955
2043-07-16 12:00:00,26.53317566506988,28.32463962532968,29.602044837994963,30.118799544477145,26.368638651170222,25.43207739417431,27.174647663288965,26.86618018763384,14.778197435840813,27.346375743902374,27.864826019338167,27.561579649503276,26.253405970904996,1.3081736785982798,29.103500292335102,30.238546823261576,28.80135300503721,-1.13504653092647
2043-08-16 12:00:00,26.206245688616036,27.87657421315248,29.210763901903533,30.318679319002552,27.33146416174762,26.4373908509198,28.152844236902613,28.041370561550988,14.660494651576188,28.18297513749332,27.51692428766476,28.4998139248356,25.62397692358752,2.87583700124808,28.94367616834156,29.90197485219989,28.7216476301144,-0.958298683858331
2043-09-16 00:00:00,26.73064020807,27.792676201618413,29.013927734999196,30.44161316354495,27.68451330840257,26.87846427208226,28.63182006407044,28.60362600245641,14.981583896809704,28.666905289382772,27.50095044563624,29.053043269549143,25.46916334423389,3.583879925315252,29.213671459995812,29.672968117969344,28.915667836121575,-0.4592966579735282
2043-10-16 12:00:00,27.56205096675914,28.22639279093931,29.359539704706076,30.658943797012792,27.235363149934187,26.41377448989336,28.814032645153222,28.61042150779253,15.9300123017431,28.737864528909064,27.913645155429236,29.089437024332558,25.781113855180024,3.30832316915253,29.892108770435247,29.71166197914647,29.40376235841561,0.1804467912887766
2043-11-16 00:00:00,28.658558153204343,28.905503900963527,29.76737173861283,30.872198221350885,25.92023466384403,25.101532352164803,28.046802295743426,27.601531523984967,17.02168065808585,27.945934990181392,28.54895717154921,28.2504209421411,26.439972078407752,1.810448863733349,30.013770589081265,30.05759325363949,29.68903687896521,-0.0438226645582275
2043-12-16 12:00:00,29.569499524562676,29.45164716821386,30.02355920563588,30.875337675455796,24.624411398061238,23.928510193525803,27.09307551968944,26.41004045512382,18.719591010024683,27.033669039826112,29.167756975282103,27.2498203077799,27.01873510616343,0.2310852016164695,29.84412164727008,30.352953033574657,29.93679875417806,-0.5088313863045784
2044-01-16 12:00:00,29.92558090235852,29.680137142383487,30.20216066183083,30.63096757733847,23.451288984564076,22.72510194970421,26.100799320056485,25.251285391696083,20.18223335840498,26.078380297160415,29.74662880734269,26.18856655672355,27.738901677636036,-1.5503351209124825,29.86586597266631,30.9156529691245,30.259460504885443,-1.0497869964581916
2044-02-15 12:00:00,30.19831980900868,29.699725693270796,29.85753399688977,30.24334205860716,22.92102273955739,22.173170720609388,25.623046463578923,24.535229230680244,21.361314880133406,25.622385270192964,30.106562915781872,25.531695121053705,28.36559218289085,-2.833897061837145,30.096085680956687,31.059735779216584,30.770139352448563,-0.9636500982598974
2044-03-16 12:00:00,30.73877275392297,29.68054936660747,29.540161285870948,30.16216335936533,22.8037477226325,22.15023485143352,25.90281096815112,24.91255491023805,21.00861368994158,25.83580754954953,30.38564083131113,25.837735095875928,28.969830974148707,-3.1320958782727786,30.43141294705744,31.675454321907484,30.9855979614616,-1.2440413748500454
2044-04-16 00:00:00,30.688603545810544,29.69401814238064,29.42002910799263,29.91495772701359,23.140218368233874,22.499272120709257,26.287779799330625,25.331480007708056,19.4722558313105,26.17342141625556,30.222232252483806,26.227844797070222,29.1061485231491,-2.8783037260788724,30.811746515619173,31.726094883627635,31.058179779003808,-0.9143483680084614
2044-05-16 12:00:00,29.962195373544567,29.635723540536016,29.4299034901444,29.710375745863157,23.780509822794723,22.87475259100785,26.50485642110931,25.529243457271956,17.888924295934753,26.336181673153988,29.530918045536,26.36516117880211,28.376051089767216,-2.010889910965105,31.030473019859127,31.50840155681661,30.88277477058748,-0.477928536957485
2044-06-16 00:00:00,28.831613222269745,28.763522350459706,29.147150021098533,29.64106795850909,24.843541602614717,23.996683404247552,26.95354300394253,26.08888105875136,16.40698308972172,26.85102443824762,28.727359383192766,26.867110316491928,27.245780410039337,-0.3786700935474094,30.749569571133197,30.964616495575765,30.20412670129676,-0.2150469244425714
2044-07-16 12:00:00,27.414226242123,27.026645155231016,27.76275527018816,29.5594491748312,26.374342980106945,25.46833940953601,27.805611015398497,27.160294407526138,14.979793910429697,27.751914257207417,27.83400429801624,27.844548299249404,26.259961153499315,1.5845871457500884,29.87124525011872,29.848914165394916,29.30809654733788,0.0223310847238096
2044-08-16 12:00:00,26.316579289291365,25.939489198570847,26.69552557521313,29.30379517704822,27.326072420331744,26.33923488050072,28.543292917989024,28.213794942830013,14.430298686290271,28.45505037754072,27.271732253288903,28.697446756922677,25.58776487380226,3.1096818831204125,29.150490745172824,29.16287003259212,28.69431864053833,-0.0123792874192929
2044-09-16 00:00:00,26.333825751180736,25.993006782742363,26.56220639756433,28.93764894106026,27.50599800831814,26.57240840224697,28.993094284496795,28.889983551111985,14.120904662965364,28.848512544790164,27.204543787912257,29.263746323888885,25.646501959830307,3.6172443640585774,29.058326825077284,28.654453978044224,28.54910219783349,0.4038728470330603
2044-10-16 12:00:00,26.49660622554119,26.119504442617217,26.624094431228905,28.648292535180687,27.072808030530663,26.330911070204834,29.19546594590633,28.93560665474735,15.22865446771448,28.960789661828446,27.46883787499849,29.334745630600327,25.86257900109212,3.472166629508205,29.409312560296225,28.74937224277996,28.763558766238543,0.6599403175162664
2044-11-16 00:00:00,27.476845413119328,26.667503299355303,27.0140227350942,28.60519821009342,25.765241278504583,24.706867629927213,28.273611894868804,27.44883151232106,16.77435151896845,28.054232731091947,28.049544512445458,28.20510467419093,26.55580724522653,1.649297428964406,29.497791068405675,29.1886811489652,29.10221030769429,0.3091099194404734
2044-12-16 12:00:00,28.05866321981093,26.796801843458265,27.235900653108555,28.62353915993707,24.08784586421121,23.128344853838524,26.756807732542963,25.68284888275613,19.08413249303791,26.673969679026065,28.62694908931869,26.684582417681117,27.122529323646194,-0.4379469059650809,29.544744139512257,29.766030432742703,29.596492217157248,-0.2212862932304489
2045-01-16 12:00:00,28.68155673698761,27.28887769499899,27.492469356091668,28.774752855966423,23.13859761814111,22.1351002069124,25.56509777599979,24.497086963340656,21.36549773467159,25.6101945278278,29.147747096358387,25.519460556307077,27.812070757258805,-2.2926102009517315,29.45866708942313,30.053729579968472,29.801648330848984,-0.5950624905453417
2045-02-15 00:00:00,29.515434995973013,27.90050674947381,28.01983685959344,28.805047515523363,22.55698157831688,21.30044177588213,24.44686551717366,23.156825032364686,21.29308672484937,24.57772579921889,29.56924616703107,24.213191940807857,28.48830394077756,-4.275111999969703,29.56015233919709,30.59318427202087,30.045794268401767,-1.0330319328237785
2045-03-16 12:00:00,30.178175886323285,28.54732001859868,28.456001389448097,29.136075475961377,22.45786408777185,21.29333902891422,24.370399983747408,23.17301407707473,21.065007561063894,24.47699863553417,29.819619706416493,24.14993012383158,28.56657124604357,-4.416641122211985,30.168380286634022,30.91830256090108,30.64958894500646,-0.7499222742670497
2045-04-16 00:00:00,30.022468810424044,29.26372621638095,29.196498837615124,29.812015293008763,22.81342666390234,21.92240081039784,25.057146736416158,23.991716679538445,20.300735990767816,24.9723558774424,29.899211978528168,24.797701688416804,28.244538293120485,-3.4468366047036803,30.92676496613542,31.23586708824577,31.12411151755682,-0.3091021221103531
2045-05-16 12:00:00,29.509006740856798,29.44374814134269,29.81117471473381,30.473063640236557,23.632393848031786,22.4939323815213,25.371412104991236,24.3866913907866,19.26809990513226,25.319956592326893,29.395260121083336,25.188299478691825,27.56085920216112,-2.3725597234692977,30.944736670940635,31.352180008131928,30.650251806477996,-0.4074433371912924
2045-06-16 00:00:00,28.87182999590169,29.17933975592133,29.97904867333312,30.606474265815617,25.126224090070025,23.91251872104097,25.968930924790328,25.13274666794166,17.590264265198837,26.074804883027507,28.66821507893316,25.89375420874699,26.68996117666312,-0.7962069679161274,30.620419854502263,30.9793609340903,30.0089430802772,-0.3589410795880319
2045-07-16 12:00:00,28.28497535871141,29.046568200706485,30.06919463269431,30.71356803124671,26.45546993476556,25.36727155182309,27.148208619520272,26.771705436459644,16.2199451127227,27.324673905055292,28.065239250303726,27.469778423979104,26.144694078686687,1.3250843452924173,29.92936701279535,30.41268179474526,29.3049838932661,-0.483314781949911
2045-08-16 12:00:00,28.15405403620026,28.940318050369303,30.081360964550576,30.76809756749593,27.46856774211832,26.452826393482813,28.008114940656217,27.847924570419867,15.622433134873738,28.141686432148987,27.621205066220732,28.440372752180263,25.632089294142343,2.80828345803792,29.37510230482456,29.441830351785683,28.86959181716804,-0.0667280469611242
2045-09-16 00:00:00,28.678389289109774,29.098003338524148,30.08103742243736,30.95683267824584,28.009573112335264,27.024071650377483,28.5396044037324,28.174859689331225,15.416490544279275,28.657458425263368,27.67412274780572,28.787049681887567,25.709811312314404,3.0772383695731627,29.43945281293099,29.31706479536467,28.876164204908527,0.1223880175663225
2045-10-16 12:00:00,29.438864327877248,29.51566185345568,30.300467710380836,31.029945426092624,27.757082180514523,26.85484214699975,28.91440166714426,28.38427687724637,15.7436392488118,28.87571609125409,28.10892721733332,28.97624934574338,26.2751513860262,2.701097959717181,30.02312386441668,29.717784338411796,29.399565288640087,0.3053395260048894
2045-11-16 00:00:00,29.912095525844897,29.81637551735535,30.51191124002052,30.95771050976938,26.27601820159102,25.41125756148763,28.2759622749548,27.575179805500568,17.091091953389103,28.15527621771574,28.71964338262548,28.281289568476147,27.199375273131555,1.0819142953445926,30.287544515473968,30.222915529133463,29.883932998094267,0.0646289863405016
2045-12-16 12:00:00,30.23327873634921,29.952815376494943,30.57325290692473,30.99258698322192,24.60612159787205,23.46354169685607,26.970417167367916,25.950681828090453,19.40418554958413,26.839629547596488,29.23722833179048,26.77094249397211,28.35678411486599,-1.5858416208938806,30.271819208266265,30.69497636617402,30.271436072921546,-0.423157157907756
2046-01-16 12:00:00,30.669514110793187,29.767499313361952,29.95656897878248,30.39117829925129,23.449383236204277,22.22468398010013,25.98578377092678,24.73141713327021,20.950262695498825,25.905692863615485,29.74501839429003,25.66893575483737,28.879493201258416,-3.210557446421042,30.169957371795444,31.32129489285428,30.51889678494365,-1.151337521058835
2046-02-15 00:00:00,30.65717957478597,29.584290868877023,29.31049109387164,29.57821966779018,22.85830211462051,21.64233159930743,25.592405936989053,24.34531071138225,21.007239293471137,25.56688721985842,30.07503600525994,25.34941417446884,29.369330993186257,-4.01991681871742,30.218724122080943,31.45057516519324,30.671313212135374,-1.231851043112293
2046-03-16 12:00:00,30.539782945404543,29.62773661565577,29.2556766709978,29.372609429286385,22.85424834173064,21.74420615551145,25.87733573401601,24.76392906829873,21.094365301163965,25.81648916521312,30.154416088736056,25.746939532881743,29.76454400378818,-4.017604470906438,30.541720046322983,31.573316069568705,30.977282041453243,-1.0315960232457186
2046-04-16 00:00:00,30.413650790653268,29.70142238462885,29.293701723246286,29.45640302288051,23.2451791690135,22.21033426282409,26.090322059227105,24.974786617570302,19.89233031018657,25.99006577984359,30.08906093029037,25.95035126174317,29.558760932145205,-3.608409670402036,31.083282538425216,31.73507349772555,31.344025881925525,-0.6517909593003353
2046-05-16 12:00:00,29.96490270296567,29.39642854847515,29.30211061844057,29.49634843985965,23.68070207610401,22.52135292922576,26.15088528453059,24.954100836220054,17.233896001568723,25.94393704481613,29.63666348850734,25.83711512194847,28.702492665278637,-2.865377543330162,31.233706808887877,31.843707051736967,31.167932568315862,-0.6100002428490932
2046-06-16 00:00:00,28.41777072685482,27.84237402269989,28.573297991621715,29.56857357104459,24.473768125676283,23.245549092523287,26.55329807412425,25.5512326197812,16.26753157756644,26.40480423314999,28.7103598337286,26.387128281566024,27.410182425560023,-1.023054143993999,30.74166340196463,31.213933550500887,30.430355676169803,-0.472270148536257
2046-07-16 12:00:00,26.71071150520118,27.078474472584308,27.913246867025844,29.54409253012181,25.425842809887545,24.34233805579762,27.002057792247296,26.305292549992668,14.982349485598665,26.96415189676433,27.92830056923045,27.11358382744793,26.53350919519064,0.5800746322572934,29.892973806144745,30.76370946742438,29.508819006030365,-0.8707356612796353
2046-08-16 12:00:00,26.027316749973306,26.47183690494733,27.06823946012993,28.945085469701063,26.294863034916386,25.468098592020027,27.732011952406825,27.46272379955961,14.235298325328053,27.67721039693344,27.381025054539844,28.03688024324963,25.98851463896134,2.048365604288289,29.3067828435503,30.09289740552792,29.020524321844697,-0.7861145619776195
2046-09-16 00:00:00,26.068796595907965,25.59323180203295,26.093882263671208,28.426611866357756,26.748968229468183,25.967674900685157,28.40244938183632,28.29856294537811,14.754476797032082,28.26125173411055,27.245743352794957,28.733880533222685,25.70219097064812,3.0316895625745666,29.16866014632429,29.581250293424585,28.932706371384352,-0.4125901471002926
2046-10-16 12:00:00,26.439947301089827,26.087697083900125,26.63319259604868,28.67136446278199,26.47456489849768,25.673727218008544,28.69289845344428,28.236559163388804,15.580391376052136,28.44988847984656,27.582052581067835,28.79280903910338,26.03823525117629,2.754573787927086,29.65366806934476,29.58975169825605,29.33157326949129,0.0639163710887054
2046-11-16 00:00:00,27.277147070881615,26.36561726529672,26.89212843628939,28.735844421166604,25.52634018856036,24.695578038420507,28.144653466955408,27.55198945117793,16.907632894520546,27.94365298981648,28.068631907550785,28.28182985665673,26.595571693742627,1.6862581629141076,29.72423197456512,29.99417999101703,29.608082637125467,-0.2699480164519094
2046-12-16 12:00:00,27.605866905267845,26.715303870197147,27.05683811047973,28.71957651384192,24.346657514603294,23.333361139071165,26.676614112199506,25.80617755350161,19.32934299327654,26.610583521935126,28.62378817522997,26.71573690159566,27.45530441408571,-0.7395675124900514,29.71848268573454,30.27278010772289,29.969271893147475,-0.5542974219883519
2047-01-16 12:00:00,28.50898725037597,27.12669819500829,27.187853260576485,28.48539994512724,23.401822747971888,22.31043683905429,25.472436042002407,24.40877239217842,21.999094449059868,25.507544410429222,29.194459431969666,25.34665206748692,28.55063800752109,-3.203985940034176,29.595146925750477,30.74708570435929,30.049609297195783,-1.1519387786088124
2047-02-15 00:00:00,29.1587962143154,26.89641453695092,27.322367010219835,28.283532524088933,22.67670944720046,21.55337406121472,24.934688554271425,23.974883095756542,22.771873719957867,25.001639633703928,29.448139361548964,24.89606216613412,29.171308049759197,-4.275245883625072,29.485133052494398,30.97441132913685,29.92731202926965,-1.4892782766424515
2047-03-16 12:00:00,29.72540603526659,26.992775909480816,27.31918515933257,28.42118098421281,22.476018403723884,21.343509220471365,24.80677652257765,23.91921704452589,22.43501824335901,24.897063504699016,29.609730311596724,24.876416092552827,29.358197329838735,-4.481781237285912,29.917635582400788,30.83246951596772,30.368274895424328,-0.914833933566932
2047-04-16 00:00:00,29.20317988991454,28.01043824994432,27.95857930585535,28.79799945868032,22.9844981027938,22.06169544416672,25.14635853452558,24.508000691055795,20.842952077773894,25.2412118048558,29.621537747529075,25.391557566280373,29.08071365373683,-3.689156087456457,30.23215398890011,30.97564796660381,30.409754182730765,-0.7434939777037037
2047-05-16 12:00:00,28.708781582845702,28.62361688680617,28.6981314243907,29.36734692074975,23.791405998694245,22.69964135601661,25.69857244798724,25.11016013344928,18.96893683052392,25.755449477504825,29.238972195910492,25.967858826056897,28.261401313153403,-2.2935424870965058,30.44818836457831,31.03527792523084,30.23335923119072,-0.5870895606525295
2047-06-16 00:00:00,27.2911074677136,28.356543958721343,29.200867979286468,29.961572543286355,24.96784168342364,23.96966967881659,26.25579249288112,25.69508762192948,17.8462610000398,26.34187909703392,28.50368313203322,26.463200668041083,26.81589441440989,-0.3526937463688071,30.192868706050923,30.677735208531168,29.6429384550058,-0.4848665024802443
2047-07-16 12:00:00,27.0123482042302,28.0385787859712,29.08451638408024,30.208751474280472,26.30675882541167,25.371983435702997,27.171148483330924,26.89543215016877,16.575046698412883,27.315291488368427,27.81986786818242,27.59806430331933,26.00250446695394,1.5955598363653891,29.28301010752031,30.397336999988312,28.69700498505521,-1.114326892468
2047-08-16 12:00:00,27.26630438478888,27.98763576071171,28.99699272460301,30.217066488101864,27.110819711153397,26.188706116850472,28.040686760445155,27.92068360508237,15.993563672393469,28.06720790647624,27.48866250200218,28.44722618208297,25.52321668546104,2.9240094966219345,28.88283945435948,29.76082940609831,28.37312413409265,-0.877989951738833
2047-09-16 00:00:00,27.890276195506715,28.05377793536553,28.7814382828891,30.252073545779123,27.573746824353396,26.66081500980596,28.701606491218364,28.724436711756383,15.34114636299245,28.6230224143104,27.510763096699687,29.11632975669915,25.601698681911632,3.51463107478752,29.0322602652168,29.01816789726698,28.536283840080067,0.0140923679498179
2047-10-16 12:00:00,28.131854328976857,28.137736528944533,29.0477659511844,30.52012278967193,27.27796787177657,26.45681963593772,28.55080745046529,28.38555279281208,15.979423522745115,28.52228518033129,27.84321918332425,28.89552743760256,26.112262842985807,2.7832645946167496,29.549356093461245,29.108558294037422,28.90502762907801,0.440797799423823
2047-11-16 00:00:00,28.683650863359656,28.501666618867223,29.5330749618054,30.846358518776285,26.14101685368393,25.534547505260367,28.300050632175925,27.799493189842817,16.460809508514775,28.18248936881629,28.403543070405163,28.4494455025753,27.07149880213011,1.3779467004451895,29.77097739678138,29.502207983087207,29.64551780591399,0.2687694136941729
2047-12-16 12:00:00,29.25402279505191,28.89778598890932,29.605027668208447,30.81883388498538,24.95606838771798,24.24191933567044,27.07177292601073,26.30617345977179,18.506983210583247,27.01149339144239,28.980859448430127,27.047657670237868,27.634832474079467,-0.5871748038415987,29.863205063676904,30.057922607847463,30.098728729554217,-0.1947175441705617
2048-01-16 12:00:00,29.645352943863664,29.19453151952697,29.579708870965646,30.55444137016465,23.8765617206008,23.201139101663717,26.275099267760343,25.548659984877943,20.905197480786597,26.29746614979072,29.44137546302414,26.3381724377213,28.02547088290433,-1.6872984451830249,29.938019888346822,30.59368289839418,30.506806515286563,-0.655663010047359
2048-02-15 12:00:00,30.14488153462899,29.121776911054432,29.506402225543283,30.327056737238696,23.09552790936485,22.39205415644586,25.82422068999322,25.13895738099261,21.961012504164252,25.857288185863357,29.88205592359984,26.03197441402407,28.63330750357129,-2.601333089547221,30.027971521328038,31.075206684473457,30.71801831848827,-1.047235163145423
2048-03-16 12:00:00,30.28191960768631,28.880194341010323,29.22078680904257,30.025116818409327,22.84411801014788,22.038336537790894,25.54953324332752,24.72005184720781,21.89427744613359,25.61512278785913,30.06525876123178,25.756817106713385,29.052544931328335,-3.295727824614953,30.278060303878014,31.358805685147605,30.833397769648258,-1.0807453812695869
2048-04-16 00:00:00,29.8209046669525,29.383421042516723,29.15709774240902,29.756742540641916,23.246455208197503,22.406474693673637,25.973578035680777,25.03131993387982,20.390764874807324,25.931560618546925,29.899429974066965,26.01330706570241,28.99634787687234,-2.9830408111699285,30.721252008503527,31.2049341670177,31.08825021448204,-0.4836821585141742
2048-05-16 12:00:00,28.778952877180235,28.560224538579924,29.162136873486485,29.984730452791418,24.206113413205628,23.43484373780417,26.65063948961296,25.70705976333568,18.41124456570592,26.503911134393224,29.324353031502188,26.518507190826327,28.176574833804963,-1.6580676429786363,30.98884134347021,31.24555994633802,30.971145962283668,-0.2567186028678101
2048-06-16 00:00:00,26.203309134095484,27.41278676471652,28.810246041325254,30.260577711933365,24.921483950290327,24.14342373704495,27.07657331506468,26.392772250772943,16.440603153966187,26.95378539056868,28.393741923652996,27.15803398485112,27.30091105787245,-0.1428770730213351,30.448219484009464,30.82623830503312,30.035244151711765,-0.3780188210236588
2048-07-16 12:00:00,25.33453778421332,26.5521969658314,27.92414235780192,29.948038220470863,26.07808408108617,25.195631810868345,27.92056183278098,27.57397887706964,15.2345150835471,27.803307372782065,27.588071504803374,28.19901309844875,26.499605558209847,1.6994075402389015,29.46434183066188,30.09563091420876,29.095855865031638,-0.6312890835468856
2048-08-16 12:00:00,24.77007050095189,25.7183722869833,27.1491486540904,29.604258292247888,26.69773517585267,25.82029848727948,28.519385979211545,28.409906161432605,14.878863864362511,28.32658972631354,27.13140721372648,28.80698940317524,25.680417703080384,3.126571700094857,29.167256036459403,29.590663568094364,28.858281119930485,-0.423407531634961
2048-09-16 00:00:00,25.173217292455348,25.930117532471623,27.29624018270685,29.47446883933325,27.35013804837537,26.472341143109603,28.85077295991285,28.7795947159738,14.824417344918436,28.709704316102343,27.15029393536488,29.168718712291845,25.59814385350597,3.570574858785875,29.33523172949017,29.345569767135757,28.92574713833437,-0.0103380376455817
2048-10-16 12:00:00,26.21917797561587,26.47704407178761,27.555805258494917,29.451615875983467,27.409942757312155,26.60313102517683,29.03006614068944,28.70537372506928,15.028941391867727,28.875524044276187,27.579801117820228,29.14088393002669,25.912695812879708,3.2281881171469777,29.78328916909418,29.480241770057635,29.274448687835136,0.3030473990365436
2048-11-16 00:00:00,27.308806191448348,27.004378914706702,27.746877495528665,29.523626033446075,26.24364031876732,25.518260309212707,28.08425022283316,27.37358389033,16.881588000159315,27.9838034558154,28.133559275595672,28.075727330621245,26.685956039988305,1.3897712906329396,29.954911910077737,29.802795243900587,29.63117782119522,0.1521166661771502
2048-12-16 12:00:00,28.322995667858912,27.467116523601717,27.928902700482528,29.495508516474075,24.65274046609112,23.86299540661626,26.899902573923896,25.935549156509254,19.339778510354733,26.849051203741173,28.70946226911915,26.7886976659432,27.70021721057379,-0.9115195446305931,29.83632815403557,30.027381464609963,29.854898698236592,-0.191053310574393
2049-01-16 12:00:00,29.057007717577434,28.105822829187776,28.170489493742803,29.41294443244292,23.44379723048734,22.479319550290278,25.92994566355408,24.8392435780551,20.75193084870373,25.896841088666,29.2569269306328,25.785654877940907,28.697426580224217,-2.9117717022833105,29.72219075728537,30.184238518599265,30.111933384807084,-0.4620477613138867
2049-02-15 00:00:00,29.654057814452862,28.49968039298565,28.81702930283664,29.55337186285016,22.932133506165343,22.062949046672053,25.498733650452447,24.35654345878548,22.06221034851732,25.4616205354724,29.7380665950639,25.28271399432735,29.134681919429383,-3.851967925102038,29.826559997821743,30.977310684276908,30.36624638680453,-1.150750686455165
2049-03-16 12:00:00,29.873286021120645,28.16771989469046,28.89020893600553,29.81637524767097,22.69411660768252,21.93086379425118,25.495491245333728,24.47044304876528,21.673009133971192,25.400044696857293,30.021834989959743,25.356376051427144,29.46563188598869,-4.109255834561548,30.110688291932245,31.215903637101604,30.5761889778512,-1.1052153451693592
2049-04-16 00:00:00,29.67214525362329,28.764249244981105,28.990372019246276,29.958947691967072,22.774993779957907,21.9284404779558,25.47752467219177,24.478170138540573,20.239725824733767,25.357419964497453,29.91756601145971,25.34116519851339,29.10999804840443,-3.768832849891041,30.519701066164835,31.087354149618037,30.7552023285503,-0.5676530834531981
2049-05-16 12:00:00,29.10409020462081,29.12408905788794,29.57656422455406,30.428318244332164,23.418522844388203,22.627886362609537,25.824938850617173,24.859142387686276,18.85408720233592,25.630870051788047,29.48666973601697,25.582225034141487,28.021119936292177,-2.4388949021506896,30.88088161550793,31.160187827114484,30.864322713200306,-0.2793062116065492
2049-06-16 00:00:00,28.053310568268177,28.53197874374566,29.80325116627529,30.79276589597655,24.61906936742649,23.57061241546618,26.3258315455372,25.408256647314428,17.024715146961743,26.16673175907705,28.695210397040352,26.099346269480368,26.982107276797866,-0.8827610073174945,30.69002447720889,30.7812817706355,30.24549975455292,-0.0912572934266044
2049-07-16 12:00:00,27.3732671613334,28.122387208135848,29.588556272925537,30.891028751931174,25.413168049270315,24.36231551156228,26.988904049525797,26.41803865736782,15.673718636921722,26.96382998085648,27.89298276245453,27.177332663525256,26.220138815558723,0.9571938479665328,29.87924885634519,29.668711533592436,29.43456816421446,0.2105373227527565
2049-08-16 12:00:00,26.918755755915555,27.89334783254588,29.239906064822517,30.82176701785251,26.31783609859541,25.59046787961992,27.798180845860266,27.63147823986944,15.104085194785274,27.754846586387387,27.46623876721529,28.192159842807968,25.58454844644517,2.607611396362796,29.45820133315875,28.73264171339254,29.11172461583713,0.7255596197662122
2049-09-16 00:00:00,26.968179580178276,27.8716133764856,29.174773986000755,30.869611013981768,26.91611931383744,26.25676600982886,28.31974873126421,28.24411686339591,15.315586833555647,28.29195732208032,27.52899441084188,28.7933855729025,25.46034839774173,3.333037175160776,29.563776322446184,28.54731655748634,28.99527123421351,1.016459764959844
2049-10-16 12:00:00,27.49019351666648,28.2177339130048,29.389722226551516,31.065237725731627,27.16155731913041,26.537846959575123,28.647627757734572,28.244461708832176,16.07877112047935,28.53949534116064,27.94394499263425,28.851442269088597,26.075366741618662,2.776075527469932,29.9575764998482,28.851973270336902,29.254727628553805,1.1056032295112992
2049-11-16 00:00:00,28.003611081109955,28.57429311745169,29.62206962913756,31.1132488537618,26.151125643117613,25.414432644047,28.03588666885189,27.271747027009585,17.06843191062728,27.90264379841037,28.441894416315808,27.9565567995329,26.582308156343483,1.374248643189418,30.148282437403527,29.142026654038848,29.70203481669898,1.0062557833646792
2049-12-16 12:00:00,28.85754112687094,28.974041240858703,29.832239700368667,31.135848707283085,24.906059720067145,23.98905440858329,26.7364053284016,25.64377154717296,19.024755598164607,26.63497902088181,29.0089565418673,26.350803047258072,27.068925949955524,-0.718122902697452,30.17135228860763,29.346676336104647,30.063379034058183,0.8246759525029823
2050-01-16 12:00:00,29.714119950658013,29.3489827900615,29.95655549304547,30.99021207493901,23.846407052511136,22.825043018034265,25.534035912572165,24.203697428302885,20.35582569093458,25.522392842446862,29.59348467895453,24.992811473955324,28.307534053169974,-3.3147225792146493,29.98667096156794,30.260387035768048,30.422389734921985,-0.2737160742001094
2050-02-15 00:00:00,30.44921787243655,29.90860408773438,30.216114492967044,30.80717959943299,23.282597164738416,22.38163229606054,25.41387640457276,24.19056616539113,21.862331076286733,25.39092808888812,30.199358306308778,24.97936020385652,29.007617639767183,-4.028257435910664,30.499210514915784,31.25702665362796,31.168550413846607,-0.7578161387121725
2050-03-16 12:00:00,30.569106155128136,30.055231592865063,30.240310998586388,30.656002831466974,23.104433707900885,22.33222791381174,25.59419344062861,24.4275950319691,21.917920207951457,25.49326830129399,30.434636604350363,25.21857920460261,29.51887985534047,-4.3003006507378565,30.84745588532941,31.72115488526713,31.55574512736428,-0.8736989999377158
2050-04-16 00:00:00,30.5612326053688,30.29948948958463,30.173954985518517,30.53375598929032,23.218876753470862,22.56708778323763,25.986698241305383,25.010068636998916,20.74479122834328,25.82389144268244,30.347127313495974,25.790330350476992,29.303719600865485,-3.5133892503884923,31.00974923458308,31.95731781286957,31.387030849524383,-0.9475685782864892
2050-05-16 12:00:00,29.679984045301488,29.583845143431155,29.90606687504534,30.68941677215791,23.867153536166278,23.05744809010834,26.36285874167636,25.46410080333621,19.353029970593216,26.180376173044987,29.800219627582813,26.244324494026216,28.40719256465908,-2.1628680706328645,31.237553444202444,31.97040320979125,31.24487512424256,-0.7328497655888064
2050-06-16 00:00:00,27.88524428060761,28.273659264552563,29.578940562254186,30.751084220805517,24.511753250949717,23.470409787712075,26.69251849887777,25.697722352010047,18.05067240033131,26.49685862463206,28.91405354336903,26.51162298904148,27.199379029186485,-0.6877560401450076,31.136822375187037,31.34933414142724,30.76596501809337,-0.2125117662402083
2050-07-16 12:00:00,26.743469142537474,27.51630888500381,28.981836511469076,30.637200426389438,25.69023378475872,24.616856440296097,27.33001378904489,26.58133933519081,16.56412323307913,27.194660690432297,28.1140626575842,27.335717587500135,26.34761187351112,0.9881057139890216,30.28349449711107,30.636530490830136,29.89185136693733,-0.3530359937190646
2050-08-16 12:00:00,26.214897865306064,27.146282277914203,28.189693777727893,30.067284087959848,26.506979234405986,25.53962020149245,27.89698756755409,27.4107193085922,16.11026893719056,27.847690729969173,27.643206457696223,28.144411330331327,25.79954502143598,2.344866308895348,29.666232786487416,29.70479460532157,29.428859113692845,-0.0385618188341574
2050-09-16 00:00:00,25.8960231719885,25.97811994688156,27.18872681865857,29.562651363936432,26.95833733237669,26.120331497328824,28.470179801270888,28.37326659355753,16.108938806200317,28.388775751649927,27.410538921821,28.92534953109281,25.816397823997363,3.108951707095443,29.54441555469686,29.182248005145947,29.21230585307215,0.3621675495509144
2050-10-16 12:00:00,26.38093510676121,25.835451240714885,27.202188951996344,29.74805703820968,26.579798588030485,25.76491929292394,28.330820455000943,28.019379933911647,16.602646683404995,28.22579424266067,27.655454587732965,28.681736618166525,26.130047218838467,2.5516893993280583,29.93476025338561,29.260401649602137,29.354733486718168,0.6743586037834746
2050-11-16 00:00:00,27.273332184958747,26.471463302910543,27.31948094822493,29.710047627188096,25.8885748288273,25.070432769877407,27.82348078428158,27.1549738635846,17.382380233292203,27.71099919366698,28.219714263631637,27.89423814398147,26.87030715617536,1.0239309878061107,29.939462090937123,29.516810944683773,29.600378906256648,0.4226511462533509
2050-12-16 12:00:00,27.942137178303746,26.78284520717047,27.298536595646404,29.52559313129137,24.603191184717787,23.91608807457497,26.902264793208158,26.11704778604927,19.62616647416891,26.807003663226084,28.73867701696802,26.916709905123096,27.48072285143958,-0.5640129463164847,29.891859635616523,30.00319826982417,29.9096639480136,-0.1113386342076481
