time,nino12,nino3,nino34,nino4,norte,norteleste,centro,centroleste,cbm,tna,tsa,nat,sat,tasi,wtio,setio,swio,dmi
2015-01-16 12:00:00,28.009584357496077,27.614769665607366,27.884418253205435,28.751841453956725,23.08854389286491,22.04472450260079,24.275293661749064,23.14944334134513,21.1064828947001,24.627643691477616,29.031108129085602,24.379064253145973,28.426850304193675,-4.0477860510477015,29.235786574981702,29.79603811723297,29.720151917779294,-0.5602515422512688
2015-02-15 00:00:00,28.925151718866893,27.613079704012424,28.17758554275687,28.80043742691899,22.716131212235148,21.746938871241685,23.85928321928953,22.815265712438652,22.03678893221292,24.22864751216488,29.35257777646543,23.951821329244787,29.06604763047431,-5.114226301229522,29.347409279409536,30.39093051755925,29.929521139977272,-1.0435212381497152
2015-03-16 12:00:00,28.799866664103725,27.528526037630957,28.06775716065489,28.929117491267053,22.59406435391261,21.797285020076526,24.16854053777235,23.331111976046998,21.70404104666482,24.43464871604999,29.58406097867474,24.339474029591535,29.355404894157747,-5.0159308645662115,29.64342781053727,30.460532492554574,30.200232459722404,-0.8171046820173054
2015-04-16 00:00:00,28.268161524124487,27.673931521523812,27.788237839486445,28.848794955367236,22.819251317152837,21.96274230202919,24.449566420200078,23.57941064843449,20.710966714336987,24.639394802663524,29.41637739934545,24.566010687866974,28.95215754688394,-4.386146859016964,30.393932364055207,30.478053635896533,30.787781868793967,-0.084121271841326
2015-05-16 12:00:00,26.76236188282964,27.420415080479422,28.124054343589147,29.111228711865646,23.463201442330615,22.40942610834447,24.722113965310204,23.828241253911578,18.387596747222087,24.882978645990754,28.773693236182595,24.80273703585182,27.94976180749165,-3.147024771639831,30.383450590669042,30.51001310242363,30.270732632887853,-0.12656251175458877
2015-06-16 00:00:00,23.787406996254013,26.28546251227935,28.00679174645737,29.46838798015419,24.49834186309717,23.233484006999678,25.358853027443875,24.476593705678308,16.776434635385794,25.51254824956856,27.921353481750256,25.42366003617241,26.839982673601877,-1.4163226374294666,29.53651761269985,30.26504039684019,29.31077616263678,-0.7285227841403419
2015-07-16 12:00:00,22.27283952240849,25.128158445194178,27.4890408009487,29.587629209043854,25.868773197430144,24.501857529451062,26.03579646105671,25.202446391755807,15.766353813964479,26.285597504569314,27.141335828340228,26.18309764518264,25.952562630600536,0.2305350145821059,29.002163164373837,29.551802735476155,28.858471188487268,-0.5496395711023183
2015-08-16 12:00:00,21.81866954315176,24.477368072799543,26.82412635491216,29.306786801418994,27.197232570537878,25.770550743809327,27.097084505200925,26.332061929670584,14.969453043283487,27.27953506766723,26.699373214294855,27.14076815963766,25.479422539787496,1.661345619850163,28.641714746105038,27.9848324020207,28.44779937743436,0.6568823440843374
2015-09-16 00:00:00,21.903922762958082,24.423334825426238,26.354690372266344,28.940958459083536,27.02988482460234,25.657281992890677,27.73701706076597,27.075038904330693,14.935407336144499,27.68164307465371,26.641467427124145,27.743290720928297,25.300818773543945,2.4424719473843517,28.63182507553337,27.109111145459767,28.3509307125546,1.5227139300736034
2015-10-16 12:00:00,22.655401333012144,24.409376117751396,26.067256619213055,28.582555084528448,26.0519134096549,24.880104963446108,27.32767185608539,26.655735076804078,15.214864747328871,27.325894225451623,26.987792917614307,27.49748374669549,25.75051608173777,1.7469676649577188,29.35945869014555,27.5930960590945,28.89544499272374,1.7663626310510523
2015-11-16 00:00:00,23.777328609270263,25.013275907447024,26.250206174313917,28.591035802214364,25.09715342827561,23.981080684529037,26.4654755219679,25.74703966653752,16.421195283593946,26.61085880046631,27.766311950811488,26.737599256621895,26.29703202448036,0.4405672321415359,29.712051815515757,28.754593790074257,29.58242160492172,0.9574580254415004
2015-12-16 12:00:00,24.77229700353068,25.627092480832005,26.615194563801108,28.250241337919338,24.009471141358446,23.094979990449836,25.566097247311642,24.861631556361246,18.29666772690892,25.824721159616878,28.35029889012153,25.923395816527115,27.15227810877809,-1.228882292250976,29.563691997610423,29.53863700456281,29.980422407115412,0.025054993047614715
2016-01-16 12:00:00,26.744059966440553,25.94173958310446,26.754519874345448,27.967683272321967,23.124544171768843,22.23723295618298,24.674711906630034,23.86784120585202,20.11240140838087,25.01145955069975,28.68769926404667,25.00254599300799,27.896167330192952,-2.893621337184964,29.173114875988738,29.507006752751757,29.678501744899016,-0.333891876763019
2016-02-15 00:00:00,28.301846183705823,25.7981358870658,26.553406002729865,27.95721977367968,22.692826966926056,21.8157635030834,24.228138909167747,23.401509446706953,20.44348330997841,24.607495386544976,28.976819881363994,24.54316523349649,28.621189930779323,-4.078024697282832,29.118355465094652,29.761292365387096,29.60972958422323,-0.6429369002924439
2016-03-16 12:00:00,28.42773032910429,26.57867707277447,26.892928671606214,28.176472135182436,22.564142898779515,21.697221739808768,24.236608746370266,23.44405132586858,20.172111925399488,24.533692701721506,29.310776928141355,24.488555071393527,29.00139813935486,-4.512843067961331,29.626034179394498,30.23409827253094,30.175684965732696,-0.6080640931364414
2016-04-16 00:00:00,27.807666196216537,27.61111093184058,27.56048343368841,28.451192536038135,22.769435716786173,22.072334667012257,24.469394596705747,23.718556615730783,19.306570220202623,24.665093962942226,29.244850578147847,24.677536241358172,29.045306606875315,-4.367770365517142,30.177353273840705,30.361540584551573,30.5110818772698,-0.18418731071086825
2016-05-16 12:00:00,27.058998567269462,28.178063082381673,28.36580300961441,28.974195084689807,23.702061070851553,22.783910271379977,24.882803738253894,24.154427532600707,17.71815503422907,25.12607313344841,28.785012698249723,25.11748704134885,27.966557597782714,-2.8490705564338654,30.446969934036513,30.608101925619525,30.423422470077714,-0.16113199158301228
2016-06-16 00:00:00,26.23491955763395,27.904146107683808,28.735196162573185,29.321210150710677,24.763164776851852,23.669494674921058,25.461246916662123,24.68285615991655,16.571278728870162,25.749625259422473,28.01617318237612,25.70009093907353,26.81690943488319,-1.1168184958096603,29.841419739693485,30.135001083212174,29.58755197938745,-0.2935813435186887
2016-07-16 12:00:00,26.023877568167308,27.44295570376495,28.579640339626373,29.59216750586425,26.22510090851438,24.890674057698593,26.501161205413176,25.840665205559592,15.897508129867191,26.743443076535424,27.35638896491658,26.7066798324533,25.65769803282321,1.0489817996300914,28.916316408347594,29.505466575199364,28.65256958180986,-0.5891501668517698
2016-08-16 12:00:00,24.830583881282944,26.93509179018649,28.359278480263296,29.789043184319166,27.195525207742996,25.716404446484223,27.609431691256443,26.978371248349312,15.160516389559165,27.62488720261735,26.996393633051195,27.630264176270877,25.003055394220187,2.6272087820506904,28.80759426188908,28.65612796454531,28.620809656264385,0.15146629734377015
2016-09-16 00:00:00,24.587508223324875,26.756375843018613,28.19814954394696,29.86610117005194,27.46744652326184,26.211831645745935,28.169273097825936,27.575701729292057,14.59706770066587,28.12048464006393,26.960510625586686,28.170057906950863,25.042331136920108,3.1277267700307547,29.12402466922847,27.30303286635071,28.84535018359701,1.82099180287776
2016-10-16 12:00:00,24.8833378946076,27.17185504405318,28.45424135350662,30.09167707786815,26.572178477826633,25.457764990042794,27.9597820172538,27.198397859293202,14.853510675303097,27.891705212445732,27.50510709502782,27.979408358789335,25.444822707589477,2.5345856511998583,29.650199005847774,27.469543313940235,29.27256594944881,2.180655691907539
2016-11-16 00:00:00,25.19126598275986,27.43307831607679,28.614032426562396,30.138502123692888,25.053646506675566,23.91586840686803,26.45072268469698,25.434040664067016,16.296954480463434,26.519166869571958,28.17250523158991,26.451322642771952,26.042552497913,0.408770144858952,29.88920172483731,28.550171048948435,29.664391630560708,1.3390306758888748
2016-12-16 12:00:00,26.8414575383963,27.850239417553816,28.516436155292165,29.9511925211991,23.709631141043275,22.54745217824122,25.025556170888766,23.89005534727825,18.146834368698897,25.2637000521381,28.96652491724231,25.062158061311965,27.118065517602457,-2.055907456290491,29.787400434379396,29.504710335223788,30.249725919358184,0.2826900991556087
2017-01-16 12:00:00,28.521151008775366,28.057256595359128,28.64219882827481,29.555777106864962,22.790461624722912,21.707049670603777,24.115160222548315,23.0051116431773,19.767772858923735,24.47931837445294,29.495561183879538,24.236658770128454,28.221530523864136,-3.984871753735682,29.64403736242654,30.295832072358206,30.375649899109224,-0.6517947099316643
2017-02-15 00:00:00,28.778150525303438,27.642721220971687,28.361001040244663,29.294201644309,22.415097282637138,21.40212030847491,23.81600441201309,22.803624069578664,21.001548054811842,24.217802075247167,29.613128807871004,23.999877415932207,29.098681844221456,-5.098804428289249,29.651333173779978,30.76971702178177,30.312735297874323,-1.1183838480017911
2017-03-16 12:00:00,28.62876015329756,27.033576579761533,27.874776833061336,29.03569954691915,22.42731409631995,21.54534479140034,24.17684252108204,23.356655144326492,20.56562919990023,24.460717722130365,29.78360764423044,24.440666835545574,29.383604962523446,-4.942938126977872,30.199772128786833,31.119633020251726,30.888040705522233,-0.9198608914648929
2017-04-16 00:00:00,28.5071997087034,27.150281977089776,27.37764993766128,28.730616956196428,22.75640251899921,21.845160830512643,24.317503259000436,23.45161500901159,19.78482126373686,24.57782470889494,29.646161319925472,24.51369098530839,28.940155197874578,-4.426464212566188,30.633848598366466,31.082903492312557,30.948400647521492,-0.44905489394609077
2017-05-16 12:00:00,26.25155924693426,27.2145927351571,27.761132917531963,28.947100883105556,23.732631967382368,22.63947904863627,24.788014417788165,23.971119044810017,18.22774237045716,25.042794330722355,28.988298884834048,24.967930311839645,27.83794331933758,-2.870013007497935,30.682921109692288,30.88927784214889,30.695764184192377,-0.20635673245660158
2017-06-16 00:00:00,23.39484038454264,25.442274224628136,27.522985376622827,29.463544352951086,24.711886790519547,23.38375632775542,25.414786401452588,24.582116547780444,16.90741312420575,25.719405884981292,28.02302487957916,25.660110264340798,26.805728309907675,-1.1456180455668772,30.056760621394293,30.38540127509008,29.789639796197445,-0.32864065369578555
2017-07-16 12:00:00,22.560256553644106,24.49684297510212,26.87589898569493,29.471286443713307,25.766572659878904,24.303041439265165,26.206404447822266,25.396034223296827,15.539380866858176,26.486399682675767,27.248949971166525,26.45166694103964,26.109180488228436,0.3424864528112046,29.30373786742508,29.722192960426653,29.10964524600013,-0.41845509300157246
2017-08-16 12:00:00,22.681158495189337,24.617630606631504,26.543436867770485,29.15734005797577,26.635487364324455,25.09822119676597,27.092017305635153,26.41960941771751,14.372601684879845,27.197415946122618,26.837532755378653,27.209502357963892,25.652782171991827,1.5567201859720647,28.946918890750137,28.051991220914722,28.708819676428256,0.8949276698354147
2017-09-16 00:00:00,22.343591746332944,24.920700455144974,26.643161253070467,28.841982013826605,27.190757220112033,25.83962325882757,27.91589813960658,27.427391796744008,14.068988789737345,27.925049458902752,26.804734186038417,28.08409926058165,25.4722928447975,2.611806415784148,28.910407082043292,27.915622169206564,28.648615208431085,0.9947849128367281
2017-10-16 12:00:00,22.96113221688498,25.288850646555574,26.70344286773366,28.80252178066724,26.635843033570918,25.34540173324317,27.55813843348411,26.890089739222322,14.535666946443268,27.598693771575416,27.140960942007297,27.658035302964816,25.665484897830076,1.9925504051347396,29.150262502498848,28.242275491656834,28.825717094459677,0.9079870108420138
2017-11-16 00:00:00,23.66403781697399,25.6828716026506,26.9561658161114,29.123670481602034,25.44336705186184,24.384396370456418,26.827367267201296,26.11107659799703,15.5208294590015,27.0100911429283,27.818731028379222,27.121179393200364,26.591883019392032,0.5292963738083323,29.48509832159094,29.112548234573804,29.400075675766903,0.3725500870171352
2017-12-16 12:00:00,24.581705456624917,26.128699760802476,27.3268026282977,29.10927256236847,23.968819630670158,22.917923538702755,25.613220679946384,24.806456801197985,18.206639050567155,25.84409551094355,28.467383340565355,25.91764514918157,27.27129386496601,-1.3536487157844412,29.44975272879438,29.66674874813651,29.71276964790226,-0.21699601934212964
2018-01-16 12:00:00,27.298512412184337,27.17665346316788,27.67699220256899,28.643115419118224,23.07223689515351,22.227264761949737,24.732015882537308,23.89822361446717,19.921005042977317,25.067419023657266,29.111089215503302,25.04078937887701,28.105207876005316,-3.0644184971283046,29.326764055595508,30.13978368496181,29.757839571708963,-0.8130196293663019
2018-02-15 00:00:00,29.024149748693816,27.119511871016783,27.678943045822194,28.661662994849785,22.61075996257509,21.818353937762108,24.179718631424723,23.343787594068566,21.65344716242821,24.581957118728962,29.484880144008645,24.507394579581863,28.789591647699446,-4.282197068117583,29.553952636536387,30.137400304281833,30.07432192959671,-0.5834476677454461
2018-03-16 12:00:00,28.7496350761285,27.189192622156735,27.85410515113154,28.831715969960072,22.474355197925462,21.70312973985597,24.250460960649516,23.425416375098486,20.760169156063128,24.601511301143866,29.572097261188453,24.56214029147911,29.135229485389534,-4.573089193910423,30.14456925108954,30.594522640344643,30.710619455363283,-0.44995338925510353
2018-04-16 00:00:00,28.28128186106831,27.693451963958566,28.150914188649462,29.064382634813374,22.63685602356988,21.85181938404642,24.417795725020458,23.52882804422974,19.120894144056393,24.669997700929567,29.542848267645173,24.596488446694508,28.709326586335113,-4.112838139640605,30.662510854296062,30.601931427668593,30.9683907035726,0.06057942662746996
2018-05-16 12:00:00,27.717586095187198,27.87153487038342,28.423867043225407,29.427027265640426,23.66354526052825,22.9429191690617,25.02199848599513,24.266284879096865,17.93688625889711,25.29207184365059,28.91192348647038,25.254347016901136,27.96910823457271,-2.7147612176715725,30.465288377821096,30.683196347906133,30.345652485176327,-0.2179079700850366
2018-06-16 00:00:00,25.772096931954607,27.514415361862866,28.60863395324321,29.794987362822884,24.489294210527003,23.518213283505226,25.63930041370356,24.844631819159225,16.291158415836595,25.908832783427915,28.147308749184234,25.895066510614132,27.111429801633033,-1.2163632910189008,29.574112515859238,30.445289760140025,29.42107866968999,-0.871177244280787
2018-07-16 12:00:00,24.36311083835388,26.82348349251475,28.520554177897083,29.99488188635773,25.89351585772134,24.53373515833267,26.312598983456187,25.484157292084003,15.266591390794481,26.586092962151138,27.43055542374392,26.486027848045847,26.157379719243618,0.3286481288022287,29.090240773725302,29.55447384016208,28.907480895487858,-0.4642330664367762
2018-08-16 12:00:00,23.717671948542588,26.466052319097138,28.357160288434773,29.967348465214727,27.12579240316484,25.75665996117135,27.407607334892088,26.614161746755652,14.509388815183453,27.514883220707553,27.032815311624645,27.41949989691178,25.582937897786007,1.8365619991257738,28.83575270809182,28.740331076823143,28.660371963239637,0.0954216312686782
2018-09-16 00:00:00,22.98433379738002,26.1220242775384,28.11049295678409,29.939328313227314,27.498776233532364,26.177874140380272,27.86624924224656,27.119692128190756,14.568123042324068,27.913288075260194,26.93574210306321,27.856188563663654,25.440871649931783,2.4153169137318713,29.16327937159002,27.565425188916155,28.869211386156607,1.5978541826738635
2018-10-16 12:00:00,23.438280786266684,26.416856516236198,28.09482892071681,30.039540029839685,26.92610943692907,25.80774222060694,27.907210608224293,27.144035455518807,14.985911928495778,27.997982907798413,27.32365108592969,28.003001573813496,26.013055387018028,1.9899461867954678,29.663103237202982,27.21485538218306,29.315850570124343,2.448247855019922
2018-11-16 00:00:00,24.087591391323393,26.607237169462167,28.027097203894204,30.028168311111248,25.52630337569657,24.602053310181503,27.19498922777148,26.373402477990027,15.976401421414431,27.284253844932724,27.981365264203944,27.32895488489086,26.708706675884557,0.6202482090063022,29.902360242957904,28.01462736830099,29.718415109711536,1.8877328746569155
2018-12-16 12:00:00,25.175712053599103,26.8480833896575,28.004115398156987,29.719898505516415,24.153917269372975,23.202459216685114,25.78145641420887,24.83659257984345,17.870922346262073,25.968582538224823,28.639525287230754,25.91667848047984,27.448032793489634,-1.5313543130097962,29.81769324293095,29.369392856097804,30.025383196609564,0.44830038683314655
2019-01-16 12:00:00,26.941704864258465,26.8088970124059,27.591648731272763,29.181343324095497,23.098235062977455,22.088949143659214,24.644525984480943,23.569740896448085,19.37064429741976,24.933050486883335,29.167373253704064,24.73244721142416,28.460775420553997,-3.728328209129838,29.801879003125162,30.085920983098923,30.311784784917382,-0.284041979973761
2019-02-15 00:00:00,28.17923887994932,26.151738397167893,26.870895479034264,28.39966717866336,22.685824139776745,21.76211813180717,24.207824780948844,23.16244087076954,20.64016823030844,24.502531873935975,29.30475112361561,24.254261352719347,29.16052887185979,-4.906267519140442,29.56278688416285,30.15409716210173,30.11675653755347,-0.5913102779388808
2019-03-16 12:00:00,28.154783405348194,25.72740004329115,26.317826726776026,28.227717296807352,22.56084445377384,21.70649470477632,24.277495847078967,23.433533564633784,20.54144044387358,24.56728788108989,29.301558676180374,24.483730883237804,29.37398244452531,-4.890251561287506,29.77101323648473,30.614215296400047,30.216158716056473,-0.8432020599153169
2019-04-16 00:00:00,27.67773526376958,25.890357900706167,26.3741355158636,28.254790015392842,23.016816521757995,22.27097549669974,24.614382184551356,23.865560765756815,18.842056971716353,24.894629664147345,29.232003386493567,24.84116365588812,29.01200305203633,-4.17083939614821,30.3450273217182,30.82102798570348,30.707048365203132,-0.47600066398528185
2019-05-16 12:00:00,25.06208995046332,25.972617834377996,26.978411276068215,28.600123587803704,24.138779203667927,23.396461581537682,25.211447411451594,24.498624631637576,17.591323157837394,25.477421103302806,28.57018528919403,25.408557057203375,27.809662648389985,-2.40110559118661,30.442385795586425,30.576403586297694,30.40024865740554,-0.13401779071126896
2019-06-16 00:00:00,23.327556766971362,24.946868194254108,26.63429980796667,28.6617915279041,25.32038475344298,24.244688569916182,25.92261660625528,25.181345326589653,16.25383866661595,26.21808690902934,27.707001438119114,26.12911232933351,26.61404937002471,-0.48493704069120014,29.49737011020853,30.166353576260985,29.25453807204134,-0.6689834660524561
2019-07-16 12:00:00,22.73487995442233,24.880044906773012,26.614569850868588,28.51046283614395,26.356986029195465,25.04361373401671,26.785008157805617,26.087966575430073,15.614381311487678,26.969896807100998,27.02215395402398,26.91927648908245,25.584753159261805,1.3345233298206445,28.626148409813787,29.36585737964989,28.49355347006069,-0.7397089698361015
2019-08-16 12:00:00,22.577535786835288,24.49312711468767,26.156492655980713,28.250381244060854,27.37845486485775,26.027602582900684,27.64508997450287,26.925767828161234,15.322092081032386,27.687831551884166,26.588696356042533,27.58442628405336,25.111399962643855,2.473026321409506,28.462687889219353,28.25819227790047,28.306574096079117,0.20449561131888316
2019-09-16 00:00:00,22.858066256675663,24.76649660707317,26.251413618779313,28.130855184313337,27.789235922182904,26.497536536954463,28.30426271747841,27.692675013397377,15.17579505278274,28.266724873249757,26.634335025177435,28.264092443947945,25.135442518105698,3.1286499258422467,28.857029257134815,27.242820884023192,28.52252506866888,1.614208373111623
2019-10-16 12:00:00,22.5349877810737,25.02601016981185,26.52304577261682,28.350534283233532,27.16443410353962,26.241021436582812,28.54412669460723,27.974473974096615,15.787666955826687,28.463791930584506,26.98969711801362,28.61956274258492,25.47442436251442,3.1451383800705024,29.27259668296808,27.622831535136015,28.68443268618278,1.6497651478320634
2019-11-16 00:00:00,23.507837243457395,25.734424075755342,26.90788102731925,28.50957170536966,25.7023556618851,25.229419749549482,27.782512573231763,27.271366015659705,17.115632346520034,27.803620613367837,27.71026531725802,28.125810608006688,26.09673405752053,2.0290765504861596,29.5141902865095,28.75403145773224,29.138699901820758,0.7601588287772607
2019-12-16 12:00:00,24.727581459660776,26.38893461355237,27.267183100216524,28.416545809217027,24.178810843664948,23.903530469599346,26.45898107287656,25.90918985383211,18.155108397271654,26.629986395781675,28.304741730946702,26.91580651961099,27.148162794249455,-0.23235627463846598,29.58721822675654,29.513840681609903,29.91930074108288,0.07337754514663786
2020-01-16 12:00:00,26.330681118635592,27.03083313737128,27.44938603303196,28.508320381835176,23.231386634677147,22.852883091246916,25.188538131728283,24.469051760930842,20.488189613944876,25.50778957521748,28.825882182716573,25.5926359560099,28.093525908509218,-2.5008899524993176,29.346991196540515,29.71524886327016,29.872525981050824,-0.3682576667296438
2020-02-15 00:00:00,28.387631909839293,27.30974833391975,27.611283509198355,28.378313229523744,22.568636941865325,22.00380803809702,24.417575868691895,23.502786879451673,21.582378010031235,24.783125983546086,29.2515045006221,24.721571693382142,28.76135702249417,-4.0397853291120285,29.213292660393336,29.745150398258478,29.723157190200663,-0.5318577378651419
2020-03-16 12:00:00,28.879083951104718,27.6330266825154,27.809642406610305,28.538360807670177,22.5148173930553,21.9311600991587,24.23843902940145,23.297292411232018,21.491167272451726,24.584635051280895,29.553531004511708,24.432928787120726,29.185248138413872,-4.752319351293146,29.95969299656801,30.32191311620434,30.484266486059052,-0.36222011963632994
2020-04-16 00:00:00,28.67903742403624,28.209180763817706,28.21818841461258,28.803596692905128,22.8296829708953,22.258641464090736,24.445235184129736,23.550260853590018,20.28644600596289,24.686094143266068,29.524856631294824,24.528077314085966,28.816967525440237,-4.288890211354271,30.63592677282757,30.539107372596913,30.816949137565967,0.09681940023065749
2020-05-16 12:00:00,27.1183394102062,28.19999744485846,28.63082114852193,29.294740867370187,23.655014239747153,22.995069215614283,24.812722672182243,24.006945236429214,18.594770927403065,25.060434098694042,28.94508084184562,24.928471386085953,27.877273052959254,-2.948801666873301,30.606475053544237,30.350147241043643,30.48289781703499,0.25632781250059367
2020-06-16 00:00:00,25.66961552348524,27.710156003175314,28.81847896012557,29.793359612921883,25.374214209272896,24.60042468756843,25.776301542296338,25.083024601523597,16.773585420506507,26.100167860326145,28.129629418841812,25.92243638357814,26.823536042590096,-0.9010996590119547,29.68288305682331,29.86565340438721,29.446754687758997,-0.1827703475638991
2020-07-16 12:00:00,24.944610793352645,27.018959915900837,28.55943854714872,29.916201241720163,26.082691090179466,24.954597693552287,26.68414987183032,26.025436541392192,15.663412701285374,26.881952228813514,27.471552852309923,26.890977724840955,26.089166605215055,0.8018111196258992,28.878168868411763,29.530818517831204,28.681865949858818,-0.6526496494194411
2020-08-16 12:00:00,23.970092295575434,26.48248099238044,28.34430831791473,30.037486036399994,27.058305263831144,25.84687542861256,27.49331163782648,26.803142083661914,15.021816659415485,27.56002602365218,27.11958974730605,27.57883384169504,25.498717682961225,2.0801161587338157,28.86537677176677,28.69585170706078,28.676705373856166,0.16952506470599005
2020-09-16 00:00:00,24.17846855763848,26.615995691584992,28.153485377009645,29.923482155972753,27.478304874617667,26.12799215618547,28.079673725791,27.425563268813526,14.78436375588408,28.034030190937187,27.13525619528977,28.08405397796992,25.246861528604395,2.8371924493655243,29.338320703367096,27.863268456762587,28.943777440104494,1.475052246604509
2020-10-16 12:00:00,23.98485284739142,26.473151096321228,27.87786514897272,29.892407145808935,27.204103988498918,25.91325245905203,28.112421737878464,27.53835263793269,15.114084028389243,28.13971599541516,27.56385146296799,28.275738100317426,25.80368487148117,2.4720532288362556,29.84029528192075,27.922168704151346,29.449785983127274,1.918126577769403
2020-11-16 00:00:00,24.14689021831805,26.443233906942556,27.7744362009301,29.737899293584494,25.969468856904104,24.799008048080168,27.252746352852565,26.71418462458868,16.36640536753498,27.447416860324864,28.229434858280474,27.709583769207384,26.524407229908054,1.1851765392993308,29.905310708070843,29.050478915525535,29.714717318299982,0.8548317925453084
2020-12-16 12:00:00,25.964825492628698,26.753138393952938,27.70490119851561,29.299839474906594,24.38447123953605,23.259483291251676,25.793575928139703,24.992956433481645,18.624235778068318,26.091232613435363,28.910009381518936,26.14211627459596,27.632077975821986,-1.4899617012260258,29.885229036544906,30.071126410394175,30.18320302931538,-0.18589737384926863
2021-01-16 12:00:00,27.8076928814936,27.025634558190482,27.654267991283966,28.836343512174043,23.496747946399655,22.415608037938703,24.5907486687051,23.71380531487832,21.084456356882992,25.020903043734883,29.37670855957528,24.878266520775675,28.238217429010817,-3.3599509082351418,29.819132961684065,30.38914167522843,30.3906564177782,-0.5700087135443646
2021-02-15 00:00:00,27.893821204622526,25.927352361807806,27.233665019621732,28.66405016450209,23.063045800664316,22.119534163330776,24.20132646877017,23.411546264180227,22.311782127617107,24.680746838620216,29.4381341323588,24.551844021692933,28.7599213176743,-4.208077295981369,29.71092467731721,30.426991754501014,30.2301033034927,-0.7160670771838049
2021-03-16 12:00:00,27.808219258376287,24.968086437997314,26.265744283803024,28.4879498492916,22.879068397746153,21.969440630209213,24.24262106332399,23.52437282461401,21.193010250245337,24.64351412817694,29.448388302266537,24.58148899041475,29.15585106734316,-4.574362076928409,30.28830742856646,30.544758008969662,30.67747630913035,-0.2564505804032038
2021-04-16 00:00:00,27.759653646606775,25.824743546853753,26.509260891951595,28.436062400054823,23.046809598862275,22.089872212093958,24.456434185530526,23.717705174728696,19.475378545393998,24.756919690206413,29.423820367148505,24.721099570606047,28.975832124028553,-4.254732553422507,30.919121048258994,31.10041781048217,31.09293117493109,-0.1812967622231767
2021-05-16 12:00:00,26.098526925083377,26.908041560958424,27.28248175860122,28.587188558686705,23.85362023487388,22.655899273118678,24.83736353936285,24.07561340572449,18.71403416835632,25.118756139401498,28.878261592957468,25.0450686786056,27.89413177497895,-2.8490630963733494,30.914052387126954,30.937267129814096,30.855185542078594,-0.02321474268714141
2021-06-16 00:00:00,24.901483246894163,26.47365626849294,27.47439811260341,28.998954184510428,25.082531234982355,23.770015427817796,25.453995619061892,24.752483874882675,17.202640271904357,25.789068058443945,28.08658205024489,25.70472497987214,26.856443503476548,-1.1517185236044085,29.308768616638208,30.77719231090059,29.15371061311311,-1.4684236942623805
2021-07-16 12:00:00,24.00072826349796,25.960552015492638,27.53116961453355,29.045639607856067,26.383885637191288,25.028573330906923,26.342643828538495,25.6241140100409,15.882674150632857,26.65668305832026,27.42304480602935,26.52021736520393,25.8743483075747,0.6458690576292305,28.855409515150132,30.052187330435398,28.734681113991396,-1.196777815285266
2021-08-16 12:00:00,23.50201135788484,25.535110565969944,27.28200053110678,29.084266263988,27.215560683897245,25.753058299563715,27.361686742145043,26.749835806201997,15.55773293403555,27.46402704623076,26.980267967307938,27.44416876953965,25.11710983812091,2.3270589314187404,28.8474706325947,29.26971850211343,28.676353708369025,-0.4222478695187313
2021-09-16 00:00:00,23.88979454302127,25.913140177783077,27.521456661081647,29.255751039603155,27.633361593976925,26.219864556104238,28.106520450104153,27.524188002439246,15.461551793530111,28.09546145386902,27.033758568088103,28.11051025349874,25.16213517709775,2.9483750764009926,29.139231803368865,27.83093870618973,28.888633847096788,1.308293097179135
2021-10-16 12:00:00,24.529992235550434,26.65471242004709,27.805600856408645,29.267408574148593,27.033103626873512,25.946637709213686,27.904876470378206,27.284569657125804,15.796953832920485,28.003189518106684,27.443474996742836,28.07979903294825,25.811629868482406,2.2681691644658457,29.667272884522088,27.793803727284246,29.237533508409424,1.8734691572378424
2021-11-16 00:00:00,25.660155002259845,27.182037398843974,28.121377367964445,29.457181826766025,25.666179565470415,24.814364799644714,27.11541948595371,26.479460176080288,16.728306068847346,27.303313861039413,28.13048197093035,27.4542744252632,26.86123329151149,0.5930411337517114,30.029189216698082,28.71487823673548,29.828943878643578,1.3143109799626025
2021-12-16 12:00:00,27.06697171258382,27.903032630998243,28.44711562119552,29.483791229490016,24.389867946350197,23.48682741184506,25.6467363322063,24.920326891848365,18.25199903950011,25.976532846585194,28.81908273677369,26.065546174421712,27.74296231110691,-1.6774161366851992,29.597740732970514,29.596251809587276,29.974482338766034,0.0014889233832384718
2022-01-16 12:00:00,28.110404298374114,27.534638984250858,28.63369006769439,29.406774640412827,23.479107245998957,22.468298979714795,24.479748639849827,23.59953729045978,20.523266958919333,24.960117800524735,29.273556851373346,24.835712175769043,28.70593574233118,-3.8702235665621387,29.57466887552694,30.003484158739102,30.122271193967283,-0.4288152832121632
2022-02-15 00:00:00,28.554138108087326,26.92089751235089,28.004889968036373,29.186660865095995,22.98891074934192,21.946155317240482,23.940143517505753,22.96311360434843,21.53652247484842,24.43630848578941,29.5650752507772,24.19382579623442,29.352853293414253,-5.159027497179832,29.673712647119892,30.06629334983335,30.235618540920335,-0.3925807027134596
2022-03-16 12:00:00,28.66898868177951,27.020738690523363,27.46669565270328,28.872236044295096,22.75535432642139,21.76275127500183,23.808417094144932,22.880732294158776,21.106521185866125,24.221692701746036,29.71616789284922,23.99678840915565,29.56987416832959,-5.573085759173942,30.173106616435348,30.72185305610704,30.754319796722,-0.5487464396716923
2022-04-16 00:00:00,27.70279202767746,27.090886004600858,27.638449927934037,28.778551660926837,23.02641429532038,22.12210420311638,24.191986364825084,23.400263785011294,19.651131916359432,24.501308253270174,29.58948228616083,24.389786210337988,29.531458389243106,-5.141672178905118,30.68250568706919,30.957890921958246,31.056810128526028,-0.275385234889054
2022-05-16 12:00:00,24.962573382904154,26.36908686400765,27.638646216224412,29.095843756397628,23.56642152264911,22.527379713240713,24.614153487053404,23.821951978935363,17.75420827660461,24.856386257558302,28.971779236875314,24.76727613506985,28.491695822976315,-3.7244196879064653,30.851287433873313,30.988084414689823,30.93874309428487,-0.13679698081650926
2022-06-16 00:00:00,23.844951392965054,25.713197702236986,27.37777021868199,29.28056630303532,24.73191218371031,23.430036845031797,25.311039514439184,24.647267954037194,16.325757337361434,25.62392744747875,28.09732892882995,25.608171271342687,27.04465787756756,-1.4364866062248716,30.05686194399086,30.386532796898138,30.12173355540655,-0.3296708529072774
2022-07-16 12:00:00,22.33435901698206,25.052312982140226,27.42347901912694,29.53851798082986,25.941522899288554,24.62597347817358,26.122795871347055,25.45198333946137,15.066947745705097,26.411631864883443,27.362137137239923,26.34424648008642,26.05088190742324,0.2933645726631795,29.058437480095066,30.07658096437037,29.13537767391653,-1.0181434842753028
2022-08-16 12:00:00,22.330248757824823,24.59849033985125,26.70611722947121,29.151515035890117,26.954006896265177,25.64040206745996,27.131873967937832,26.511206821297897,14.819974180071593,27.22215982184361,26.863785012963866,27.214864673583527,25.345201592337215,1.869663081246312,28.929098418830257,29.491058890462543,28.870300673544335,-0.5619604716322861
2022-09-16 00:00:00,22.377663683228253,24.576653157905447,26.644994312107094,29.16921581903618,27.660042350287526,26.409036303859235,27.943587946829677,27.3748015331922,14.512950624309477,28.005110180997587,26.867993736894316,28.0020962331681,25.365493563330656,2.636602669837444,29.25173136305714,28.391183449142137,29.081632910522554,0.8605479139150027
2022-10-16 12:00:00,22.81107345622538,25.38494369618155,26.82701664774827,29.106980465501895,27.16083180390489,26.029091912699023,27.88683089827097,27.18752932147874,14.686810679929108,28.044755175944985,27.21101980675013,28.095089257312925,25.98077676154309,2.114312495769834,29.624510162546056,28.117739868010844,29.3192395032121,1.5067702945352117
2022-11-16 00:00:00,23.241879307581595,25.673935977231416,27.106771373815306,29.306501052111738,25.83612623542573,25.016894400266708,27.141827084684547,26.427650868686143,15.833650859581937,27.343699562502795,27.85759687914948,27.448579785101987,26.72413494989768,0.7244448352043058,29.989615396640723,28.815194280428187,29.937373341571735,1.1744211162125353
2022-12-16 12:00:00,24.668809287905386,26.226867564612693,27.318153787248026,28.982076629539563,24.46975490501293,23.725456799409514,25.839424997808614,25.04156030844102,17.85042817254236,26.09617181469701,28.583311821304548,26.064861566481248,27.530320548426424,-1.4654589819451758,29.882082062669262,29.843150987149397,30.289910198961916,0.03893107551986574
2023-01-16 12:00:00,26.79930393384113,26.754637817663948,27.390956397931266,28.6466552919548,23.490191315240267,22.722390820926538,24.709676055307288,23.842295133975956,20.191570097302254,25.10220830261425,29.10810980219171,24.899207322902214,28.2997569923177,-3.4005496694154864,29.368279883204885,30.281053180930513,29.85122965893835,-0.9127732977256287
2023-02-15 00:00:00,28.51506063806428,26.361052289061885,27.048462557375565,28.46565406506673,22.79540287587361,21.988604083025248,24.24538238537166,23.292807062454994,20.28787015272464,24.623899744308183,29.300946203335826,24.385734506703685,28.784957166975843,-4.399222660272159,29.59939357460916,30.11939391406217,30.19672695193641,-0.5200003394530093
2023-03-16 12:00:00,28.25920090162613,26.142796776038573,27.08437217877776,28.654129897001912,22.555760173638177,21.92445873957918,24.163989253102798,23.315947156092886,20.80984417437687,24.499941606375817,29.479311279147804,24.342927730720458,29.227705784406304,-4.884778053685846,30.148266655158647,30.793119429988028,30.714295281114854,-0.6448527748293813
2023-04-16 00:00:00,28.06708110115366,27.303170382422476,27.56811871559267,28.605992790465073,23.007169478198772,22.346334964867005,24.49751304006569,23.75746371847853,18.801135128593437,24.81577793414401,29.504216022489004,24.718421179435133,29.04795429043268,-4.329533110997549,30.75303457292087,31.191134527724518,31.056718192591976,-0.43809995480364705
2023-05-16 12:00:00,27.319794290018493,27.880993520149698,28.269797173649007,29.00779126165653,23.689297899440604,22.83983811535229,25.070348441859498,24.24590816425945,16.992901238728383,25.256908367970297,28.95151932502999,25.174815503779293,27.993115338450128,-2.8182998346708352,30.696651183713143,30.701749050500602,30.82126158603749,-0.005097866787458827
2023-06-16 00:00:00,25.095478389333493,27.334622605327006,28.551354560059703,29.53581377936026,24.679958482691088,23.547331542528863,25.49933852260016,24.673206032620364,16.03437853240422,25.772394601185727,28.05399768793572,25.70102626039369,26.873490083377536,-1.1724638229838469,29.51084286268578,30.282203767046187,29.402415112292335,-0.7713609043604066
2023-07-16 12:00:00,24.432211588000573,26.681042770920016,28.312031264883966,29.69621960236201,25.867787742309407,24.53617939729388,26.519950195413855,25.905562636616978,15.231822296526852,26.696171811095656,27.334022310697854,26.77192413018616,26.04588258681214,0.7260415433740199,28.827007421311134,29.47395323367733,28.667283226483402,-0.646945812366198
2023-08-16 12:00:00,23.76885568224402,26.37201227235989,28.26197051859812,29.873133673980803,27.166407302935863,25.99166588760079,27.45290264252226,26.92282688528626,14.876720878184985,27.485098017361246,26.935690069002852,27.53300793264645,25.545217471076835,1.9877904615696131,28.66451027860701,28.656768291889392,28.544640541032404,0.007741986717618943
2023-09-16 00:00:00,23.71761842781953,26.249113342160076,28.025851192398754,29.82930522394186,27.439611450573338,26.253967008325375,27.935220339047408,27.443414705690543,14.760651395917346,27.846490311577686,26.883447500238553,27.920369641265843,25.2337759276008,2.6865937136650437,28.87814861912033,27.687848167171794,28.72784203988801,1.1903004519485378
2023-10-16 12:00:00,23.838556387870714,26.24320420834965,28.003228286901543,29.97398540829812,26.886374805812384,25.771916424784585,27.915708110059725,27.36045676503321,15.370177170982455,27.93900921822415,27.325154716238075,28.088226563039225,25.728424798405403,2.359801764633822,29.47661517609753,27.95578109792039,29.131622499472734,1.5208340781771383
2023-11-16 00:00:00,24.85433191455068,26.421147368833292,27.816531700929595,29.97133723081518,25.498659987455746,24.552400539969913,27.26098437913179,26.613398849162124,16.6329295927526,27.370224823627105,28.019847254419233,27.622013152707108,26.723847923894382,0.8981652288127258,29.776210310282902,28.63627412755726,29.65159629389104,1.1399361827256413
2023-12-16 12:00:00,25.498531025017503,26.71936223540802,27.6306411509986,29.634087014206607,24.040123525586978,23.365695986815005,25.937443372787392,25.07551462264718,18.47314242595433,26.158990473323172,28.603898152746822,26.194050941531533,27.48856769222365,-1.294516750692118,29.657815317368453,29.401701088348737,29.98324492466435,0.25611422901971537
2024-01-16 12:00:00,26.943230340201584,27.15514401440056,27.819542865912492,29.23175945573905,23.074083667933937,22.477663978356045,24.908605244693728,24.029085683193077,20.491005322653653,25.24729205214598,29.147302906576666,25.181880197681203,28.32461792095514,-3.142737723273939,29.525404422725686,29.960291200866816,30.10196916731767,-0.43488677814113075
2024-02-15 00:00:00,28.29609754819014,26.85449145633553,27.640463411419418,28.815262590051912,22.46264254169586,21.93129597445535,24.52909912440275,23.773026817225773,20.929174747686023,24.841260740324405,29.392120994790016,24.86450618695376,29.037019291394362,-4.1725131044406005,29.687989709053294,30.120303070710857,30.270966966345817,-0.4323133616575632
2024-03-16 12:00:00,27.85017140914464,25.443825676867647,26.82290461895463,28.693072123580038,22.41224924652523,21.93775512507605,24.728159545844797,24.145663748958015,20.70924120696407,24.978914159837323,29.411735187892475,25.16423646578513,29.532335082191004,-4.368098616405874,30.102476737830948,30.82737043274479,30.675106353537693,-0.7248936949138418
2024-04-16 00:00:00,27.900971386708623,26.161034700805196,26.48396138092674,28.564660487227584,23.07079921054085,22.565808123518146,25.00348965255352,24.46847904230048,19.462226967177774,25.225064364558715,29.36937162864075,25.39208541377698,29.360693199729013,-3.9686077859520346,30.540138356074323,31.162011140625175,30.868944375803544,-0.6218727845508525
2024-05-16 12:00:00,25.483735857648657,26.446343838267932,26.974148224004992,28.599929915640896,23.97145493651785,23.174323670889486,25.412949105130778,24.783157651464997,18.195092808753714,25.602874538819066,28.71453357276802,25.69253749421871,28.188495342556408,-2.4959578483376994,30.641432325712195,30.847185989875612,30.66573511174062,-0.20575366416341723
2024-06-16 00:00:00,23.26773759633213,25.19388205230827,26.609932257813757,28.68260677965774,25.415468433913304,24.23611667814326,26.10502082590286,25.445257479488557,16.895396321543913,26.405216356331053,27.807439468104292,26.42956423320076,26.923264975399327,-0.4937007421985662,29.978440797912775,30.38774971747158,29.84208610744832,-0.40930891955880355
2024-07-16 12:00:00,22.530166230900665,24.185775898362667,25.824311371867076,28.052640656990658,26.357229438196704,24.948816319562983,26.834144200627836,26.120929467160448,15.887077535719826,27.012809882534604,27.001858068938237,27.000925146167717,26.057267450894063,0.9436576952736537,29.244770697185736,29.75635635583579,29.106843554474366,-0.5115856586500556
2024-08-16 12:00:00,21.741726674852355,23.342835022394677,25.093317514775357,27.53931242839889,27.08907752495913,25.632787272430594,27.564240406873665,26.8576805262656,15.29277660960891,27.569065282592643,26.52805636893006,27.560298821149345,25.47951054926137,2.0807882718879753,28.90143158611819,29.10660705031794,28.82807688540125,-0.2051754641997512
2024-09-16 00:00:00,22.024488630996007,23.152842628322734,24.815851574860638,27.262251422204343,27.234000555221527,25.98112172218561,27.974021030789128,27.317552122753444,14.73179989567707,27.955877221855303,26.461450135275786,27.995243285131348,25.480447230423668,2.5147960547076806,29.022721400785645,27.86697651340905,28.936571257268362,1.1557448873765956
2024-10-16 12:00:00,21.81349054603269,23.12176966358784,24.98940435661259,27.442834014098253,26.681403093125986,25.508948426528548,27.66944104093273,26.899575882020226,14.724783744383718,27.78211234766116,26.776164848482875,27.84634367389336,26.063054064462605,1.7832896094307564,29.634175630468135,27.839453825524085,29.440522950174874,1.79472180494405
2024-11-16 00:00:00,22.77793733014199,23.95115252290947,25.450387009003727,27.568444275828483,25.47908893428359,24.590956521299212,26.966913507369043,26.243111179538936,15.961425248163605,27.185165202304773,27.481341269085327,27.333411437932984,26.912561899774538,0.4208495381584463,29.80266846587924,28.98562897949824,29.89081736179144,0.8170394863809989
2024-12-16 12:00:00,24.571019993752174,24.88431843304756,25.69264159750345,27.74328103064754,24.252303734941094,23.573861831867003,25.67279930182954,24.914251033080642,18.244311738894282,26.038361778269348,28.169540486064864,26.064826642047546,27.757591854514768,-1.6927652124672221,29.50232065883455,29.517684649351096,29.977880433001157,-0.015363990516547688
2025-01-16 12:00:00,26.880174236623635,25.440449814910085,25.86180446029649,27.546600942128382,23.108139503046385,22.411831623178138,24.6096556055567,23.737211439596273,20.163373162520003,24.999731572467333,28.619998933000893,24.900326326604898,28.399296568791016,-3.498970242186118,29.15271471269398,29.927965694381992,29.753244912173532,-0.7752509816880107
2025-02-15 00:00:00,28.182843835828535,25.88577251389224,26.03465154855933,27.53791629253043,22.614086483602232,21.953284909358157,24.176955447981925,23.254002557176367,21.37994701697657,24.59415361267152,28.87638819218716,24.457085603991626,29.127667886044733,-4.6705822820531075,29.07401484714479,29.358172174247752,29.63525264285023,-0.28415732710296027
2025-03-16 12:00:00,28.65746639711306,26.625045203222985,26.69631214871308,27.937550989168347,22.578131425053243,21.98798298693296,24.157626516259835,23.282138799555455,21.478427517532705,24.51253756283738,29.171122617676883,24.40072406093807,29.107322665332397,-4.706598604394326,29.743959598257547,30.231742731778564,30.324664429112506,-0.48778313352101677
2025-04-16 00:00:00,28.28650551077473,27.65016948564266,27.567957559020353,28.53923019820349,22.858499511399078,22.333932408050504,24.669810491720845,24.015024012634285,20.199989546663293,24.88878373139627,29.258002195703707,24.985717119460976,29.012289721677366,-4.02657260221639,30.430008627831118,30.52438745895938,30.786678659176484,-0.09437883112826384
2025-05-16 12:00:00,26.944386722391,27.90956729652892,28.197019152489688,28.882837948758045,23.629364678635955,22.956507685313372,25.184699448051223,24.599305652115035,18.060812516494206,25.351633601426094,28.821630564431715,25.510254809441847,27.921500788415802,-2.4112459789739553,30.71086119538113,30.714993347904663,30.666980890912765,-0.004132152523531829
2025-06-16 00:00:00,26.075481011935945,27.416497644167613,28.322288686502368,29.140083598785072,24.99681682823059,24.148679780203885,25.76546768178996,25.234881327324434,16.272182439055516,26.05733724301402,28.042108949567677,26.198758381912075,27.016489344065253,-0.8177309621531776,29.762088675318523,30.06865608826207,29.60663678847525,-0.30656741294354717
2025-07-16 12:00:00,25.473661697637837,26.871946938006182,28.077648988322036,29.316928064331343,26.152758834291948,25.184900675768528,26.641538583735297,26.086205923596133,15.386707531044753,26.869170843093478,27.375522038904126,26.928413395304226,26.248450470242336,0.6799629250618899,29.005787537006317,29.18984961356546,28.825327437820118,-0.18406207655914386
2025-08-16 12:00:00,25.054861169747586,26.485074030665526,27.81381659362872,29.516821347485823,27.562511012804112,26.50250844844686,27.63503861795935,27.083742331833896,14.91721641457177,27.781345697672485,26.975716732221557,27.75633444605475,25.549263561085542,2.207070884969209,28.736831823985064,27.968444720093473,28.53127735670895,0.768387103891591
2025-09-16 00:00:00,24.789454670668256,26.443549359736224,27.652325964955644,29.522062088291353,27.964588445860993,27.064968736134436,28.34579442682415,27.791878186084404,15.1532494145499,28.38547492148134,26.947261851178226,28.350138605413274,25.389341004150566,2.9607976012627084,28.85268101556216,27.280722125479844,28.615998191312485,1.571958890082314
2025-10-16 12:00:00,25.42677222298074,26.93095908750945,27.696650148112013,29.549938308734777,27.080018469344953,26.28309361683079,28.33960025459114,27.695002820512727,15.620929411226095,28.287219529119717,27.438702233566044,28.387029558552246,25.71843651821917,2.668593040333075,29.272810835818756,27.582733913497005,29.038668664505767,1.6900769223217509
2025-11-16 00:00:00,25.320398759550244,27.182330962815623,27.858138690048015,29.69082827240965,25.8431101590939,25.257447201231308,27.49359335705161,26.867692728504945,16.901045740249028,27.62017084626773,28.13566551845872,27.807149841902326,26.490053223763965,1.3170966181383612,29.63025522521674,28.608421474083595,29.592515966845706,1.0218337511331441
2025-12-16 12:00:00,26.657518507532515,27.764392514065147,28.157011708934363,29.643168687211904,24.39138734441816,23.783083711162654,26.13047842698512,25.290213635197095,19.122396250382685,26.3461042166805,28.8623333664026,26.376510089528086,27.303682182081083,-0.9271720925529969,29.660938676138294,29.782343764161173,30.01875788303425,-0.12140508802287897
2026-01-16 12:00:00,28.565627020074256,28.242044953005124,28.330705246243785,29.20692199597741,23.329314276266626,22.616804171305002,24.795621779969025,23.76694897379261,21.11310037327089,25.156815685316786,29.325531784387746,24.98201651038865,28.151572244904916,-3.1695557345162655,29.379327437292957,30.05367854748473,29.91076975962518,-0.6743511101917719
2026-02-15 00:00:00,29.239679819902026,28.17766011179009,28.445183232179044,29.027838259323904,22.90755856864379,22.155022311126693,24.221936731124092,23.190148818449938,22.20117727504651,24.647353454327064,29.593677575742973,24.38674387458001,28.78207407159424,-4.395330197014232,29.68052722793398,30.189920471988348,30.31643920177551,-0.5093932440543689
2026-03-16 12:00:00,28.898076824387164,27.56190105652888,28.342184161656764,29.15814328725094,22.75497550672874,21.984856679909146,24.200782533272093,23.316274636351064,21.876811721373162,24.55387259761983,29.812846789194605,24.41250545442266,29.312033895767534,-4.899528441344874,30.17243422727227,30.949901510247223,30.78611794946327,-0.7774672829749534
2026-04-16 00:00:00,28.53932193461318,27.477893694361747,28.1087826913346,29.325791602626353,22.88945710785401,22.15180392574867,24.436153133280833,23.540040219937158,20.22015163001626,24.691242293557064,29.729018103662625,24.597304870965836,29.122242678202053,-4.524937807236217,30.924789828629276,31.293368610562148,31.278174714753302,-0.36857878193287164
2026-05-16 12:00:00,27.51926160308283,27.99714471846648,28.50001839574027,29.671998548646016,23.87027258192771,23.06192793484833,24.848676248052847,23.935025097073215,17.935678802423077,25.145496890219583,29.30035932499192,24.945605322066516,28.26287245754299,-3.317267135476474,30.9193701863135,31.084343805063735,30.770300846825013,-0.16497361875023486
2026-06-16 00:00:00,26.57660242502663,27.652762836121003,28.733538849902402,29.872413074656496,24.82492535891142,23.867063061767485,25.57739060550296,24.84220731814984,16.176815874332476,25.907962328352088,28.502141909276116,25.81943552283543,27.221558744285332,-1.4021232214499015,29.826378759114533,30.72421215213925,29.639925915361008,-0.8978333930247153
2026-07-16 12:00:00,24.883877219530035,27.191975822403382,28.886459555070363,30.18254599181217,26.10403878525562,24.91360658149374,26.40751188975764,25.80307351895397,15.004669232882238,26.761650905153967,27.791832511890316,26.746319188866433,26.34788472907668,0.39843445978975467,29.014533902620812,30.294893866998144,28.842661044416314,-1.2803599643773325
2026-08-16 12:00:00,24.327261346751854,26.764923112659574,28.609135750102684,30.282572237971944,26.92830053728352,25.622077588012313,27.309859321222298,26.74752962254159,14.561159360835765,27.48903863788648,27.38168392916881,27.558615045792788,25.690991487391,1.8676235584017888,28.937180851048826,29.526826619908164,28.73857594327068,-0.589645768859338
2026-09-16 00:00:00,24.687953167053095,27.092918522864842,28.54429811758941,30.248096434482218,27.35809434500164,26.095384476694996,27.928287111038873,27.40561550221253,14.674365611905177,28.08276505645614,27.407358930828376,28.250091877394077,25.7451506819791,2.5049411954149754,29.45799814681017,28.568503430720888,29.076537939618856,0.8894947160892812
2026-10-16 12:00:00,24.61796645651957,27.446802572802696,28.645645779401775,30.264226145157703,26.833161238416803,25.709188871115668,27.75567831213334,27.09186429361761,15.142535396247586,27.85270239041542,27.81013345800001,27.93660961131974,26.1694714719868,1.767138139332939,30.068424904579896,28.35164356914802,29.512489352525147,1.7167813354318753
2026-11-16 00:00:00,25.105967285495115,27.632898141323125,28.89542348868319,30.478699270197417,25.377000412703538,24.244997183480994,26.728110894702542,25.801175802927023,16.958249633184124,26.854412292313327,28.37430151376089,26.859514861996686,26.957364641097687,-0.09784977910100068,30.033450844281838,29.156837257564334,29.881906834909948,0.8766135867175038
2026-12-16 12:00:00,25.705091138255302,27.62994927580009,28.890887428196557,30.191643579938358,24.04882123981232,22.848404627997798,25.334101763807947,24.216550188067934,19.624354601601844,25.581203773252557,28.987580890520054,25.393493153428643,27.58468452874976,-2.191191375321118,29.975284261860562,30.027290304294578,30.28447812247052,-0.05200604243401585
2027-01-16 12:00:00,27.835305907248703,27.6396264901451,28.33778195990618,29.353929535426598,23.21972812931579,22.20115266644718,24.354558939982933,23.319146652512963,21.05884016159965,24.73202995641524,29.535128149603587,24.480087477651825,28.557637836829706,-4.077550359177881,29.747653194214315,30.27725208877204,30.3474770204267,-0.5295988945577257
2027-02-15 00:00:00,28.582833373323936,26.124424503048047,27.074274491349684,28.782191080292506,22.79940607335942,21.84016101570817,23.894914581538455,22.895159706463726,21.761211441840164,24.32440776948021,29.575620831678727,24.051551775193637,29.136192872840965,-5.084641097647328,29.862218874680565,30.860458010847594,30.509511394601894,-0.9982391361670295
2027-03-16 12:00:00,28.799189087719263,25.885898981925113,26.303059270004127,28.58659350948267,22.997128871084417,22.16187196098696,24.293947294838215,23.36576097319373,21.20682459201634,24.665077886969748,29.703114621497303,24.409553050784815,29.555099337626054,-5.145546286841238,30.292356930503107,31.122275674268696,30.819224255420302,-0.8299187437655888
2027-04-16 00:00:00,28.535002729733925,26.977562563427206,26.9814826584112,28.623593779973127,23.373230986980957,22.739342502891834,24.690172640546496,24.037310121673176,19.84514986691478,25.018224745108107,29.59139158123965,24.969063367318824,29.050886780486323,-4.081823413167498,30.561558320622197,31.17706705167071,30.70171498814096,-0.6155087310485143
2027-05-16 12:00:00,27.443635291983114,27.66160699032262,27.883483692155487,28.991149864232966,24.389377212623874,23.529054127842265,25.306751318787057,24.650269770470082,18.575531677987144,25.57043866682919,29.13036149517862,25.51805010768141,27.94839566784594,-2.430345560164529,30.850724388404064,31.355679155798278,30.709288232706577,-0.5049547673942136
2027-06-16 00:00:00,25.71398811494769,26.972593173305466,27.94434493944856,29.382882477462893,25.365903984405914,24.255745248851625,26.09615365319238,25.487822786743028,16.645382543882928,26.332116579136237,28.29798982368226,26.363885122132384,26.767050990195518,-0.4031658680631338,29.841497377542055,30.83032895731438,29.656441366813077,-0.9888315797723237
2027-07-16 12:00:00,24.019063492258926,26.588300541862434,28.211902605288948,29.729759198581966,26.54220395795956,25.21910057789877,26.882978360942968,26.32820018508669,15.138497105984198,27.110639041758287,27.642387431254196,27.18405874252073,26.080259678580727,1.1037990639400022,29.250531917022922,30.04543368822526,29.137923386237258,-0.794901771202337
2027-08-16 12:00:00,23.556824211900768,26.6161089644306,28.34324740775881,29.899416436875214,27.677285336064926,26.22534692807651,27.78966355844331,27.200598523496932,14.043017316583876,27.871399169228795,27.239553163894147,27.848994950282034,25.650019655584483,2.1989752946975507,28.967798026737185,29.32648377819248,28.963667437665404,-0.3586857514552939
2027-09-16 00:00:00,23.909972633413545,26.88398126343793,28.527152906910125,30.15306543549676,28.002057727163226,26.77952975961609,28.380580135421255,27.824641201902924,13.854821828670744,28.39254465462713,27.273037001735872,28.38951481965399,25.558490745027875,2.8310240746261144,29.269611962084806,28.29874923392569,29.130226388302813,0.9708627281591156
2027-10-16 12:00:00,24.774862707517848,27.160304835266142,28.559287288457984,30.283640108959652,26.89490202115897,25.810124751813667,28.010848871280572,27.35089370849636,14.522664887776797,28.060971020528772,27.69961581507158,28.186035387972005,26.06924077063241,2.116794617339597,29.964441699167175,27.68227626033215,29.65057178945136,2.282165438835026
2027-11-16 00:00:00,25.614388586379203,27.796597195145605,28.72617927214171,30.377682405035504,25.74880849002012,24.8388359948995,27.1621467947624,26.41579288478281,16.838111171676516,27.350166384655402,28.438017672169334,27.455013471739896,26.908112922299484,0.5469005494404122,30.1324654704338,28.797216565685506,30.041045469390156,1.335248904748294
2027-12-16 12:00:00,26.708612864796983,28.437243493332755,28.965089488449266,30.093674322100224,24.567505179911308,23.707908457217385,25.96171440119572,25.159404429038634,18.546050184984455,26.287029430540578,29.08569446561017,26.28408918950573,27.82572097288295,-1.5416317833772233,29.814619404309262,29.764791309578282,30.128792119063338,0.049828094730980155
2028-01-16 12:00:00,28.204530115417665,28.379733509645554,29.062624969191166,29.628499642236886,23.411324479134677,22.4220066416689,24.8820839868106,23.865747245157905,20.33439053543436,25.216391654252078,29.642746004528025,25.065728076330654,28.77246330046887,-3.7067352241382174,29.795109425984574,30.46010053173764,30.33149168993277,-0.6649911057530673
2028-02-15 00:00:00,29.2316388108219,27.968635182892605,28.79668592784963,29.429164955441657,22.728968731512836,21.868388616138663,24.330955329671944,23.413633618138963,20.983478764185776,24.65927523502069,29.970496490012682,24.540105664492835,29.508313794002106,-4.9682081295092715,29.80805559815261,31.003731779298068,30.27592531142124,-1.1956761811454584
2028-03-16 12:00:00,29.333306139500166,27.983780406326876,28.257514445694184,29.324466980632454,22.57005672403895,21.785773705732677,24.320625560689656,23.438143180067144,20.93466187547946,24.591927632243486,30.04575975069831,24.506818437716536,29.92079339336065,-5.413974955644115,30.21356565903146,31.194321254796407,30.798798880066055,-0.980755595764947
2028-04-16 00:00:00,29.247220460044222,28.50169403812403,28.283604043985758,29.27584040429398,22.825616869883927,21.853128803895316,24.581137548582614,23.71778260020717,19.380822644570113,24.741722584507688,29.863407283670732,24.71110034916351,29.753702888840714,-5.042602539677205,30.647527200357796,31.134716195335564,30.998442854434828,-0.48718899497776746
2028-05-16 12:00:00,27.77034157826559,28.153074047050392,28.664242302236907,29.553742127101373,23.313645934356117,22.134649607581224,24.78189358715942,23.8938780675895,17.4416823688821,24.902219413477358,29.18866197088207,24.883304197342444,28.515704106546732,-3.6323999092042882,30.706426069211954,30.714461416079896,30.685623497947887,-0.00803534686794194
2028-06-16 00:00:00,25.427340186470843,27.500540061166323,28.722389220550788,30.01644217383354,24.388206172733028,22.989869970891895,25.44645231555987,24.533833742331307,16.654746540001646,25.589844159886926,28.41588794747311,25.52491641431272,27.168787739710098,-1.6438713253973773,29.941353050755495,30.355447976915396,29.73840173311086,-0.4140949261599012
2028-07-16 12:00:00,23.595732778293865,26.487197986235383,28.273325370314904,29.898580594085324,25.61234749282804,24.1982301480796,26.214365692884975,25.391239742236518,15.818471960616865,26.460993470692543,27.58811625189309,26.42072420415886,26.079961234688305,0.3407629694705534,29.24117029956424,29.815073276212626,28.83315632834178,-0.5739029766483874
2028-08-16 12:00:00,23.009667385173973,25.720404568645932,27.60878063923507,29.758469971285987,26.616515696510632,25.214503425537217,27.169784873123735,26.396611919969434,15.023072478220096,27.294018059544975,27.054470723599565,27.287842948662593,25.55039735763592,1.737445591026674,29.0740361039341,28.094079151733762,28.608046856734735,0.9799569522003395
2028-09-16 00:00:00,22.503038256011955,25.205257701173192,27.170512104922064,29.509745666185147,27.31563525904831,26.003629209345767,27.826576853791757,27.14920544790488,15.3649240500258,27.82436522775649,26.92667833886176,27.841595198326626,25.350689632836133,2.4909055654904932,29.170465707947745,27.24357002446845,28.683462028047288,1.9268956834792945
2028-10-16 12:00:00,23.55175866442072,25.518660617774515,26.911318095431103,29.107528792209354,26.663038298608445,25.294089832944884,27.60767704156828,26.88932147629317,15.930911577803494,27.674165852485885,27.26960725736775,27.79187256722198,25.86038388537813,1.9314886818438488,29.680642093062605,27.406924531168993,29.14228922714586,2.273717561893612
2028-11-16 00:00:00,24.22971580539397,25.839637389914376,27.04568398326218,28.88563589929151,25.236293941586265,24.039705588111225,26.745560537834763,25.888884533249197,17.405406214737564,26.87928120683283,27.861397392443354,26.990745324754794,26.765415202633363,0.22533012212143078,29.933684808823806,28.56059930427963,29.659433268584408,1.373085504544175
2028-12-16 12:00:00,25.668173563858847,26.158593531871126,27.107182481957604,28.769336739648413,23.96950068963335,22.97654274093635,25.832315832446923,25.00698737716146,19.3089151122036,26.05810146295068,28.663497528284502,26.14509217125563,27.72846595870911,-1.5833737874534783,29.86665753864391,29.647761935360105,30.169100785957568,0.21889560328380497
2029-01-16 12:00:00,27.3632395478967,26.91113312005167,27.230095036721487,28.329774872812205,23.152432308592406,22.193775435830343,24.94580031823211,24.12943612978273,21.466327289961235,25.24094484575633,29.177356521807067,25.20519038618729,28.801469026060694,-3.596278639873404,29.62511323705389,30.00780474380166,30.141911498022942,-0.3826915067477721
2029-02-15 00:00:00,28.473871094272155,26.272823720133086,27.0461359467613,28.326243002150854,22.63012559218506,21.669871715871622,24.26233043987256,23.323703452790546,22.014165313754603,24.59948702728118,29.33427674473099,24.448494752291435,29.423759479330062,-4.975264727038628,29.589285723210356,30.212155784552273,30.044948755784223,-0.6228700613419171
2029-03-16 12:00:00,28.59822522497974,26.505009337394196,26.99189680683609,28.60279406395333,22.68870586408942,21.875776466888105,24.26009725890151,23.53040230991348,21.61164913913394,24.621643464838666,29.536608146444056,24.553206694180485,29.558621473212227,-5.005414779031742,29.95712758895952,30.70007425474226,30.328309352621194,-0.742946665782739
2029-04-16 00:00:00,27.91326363962265,26.95725014091369,27.569280675104764,28.779122033919144,22.89754435167194,21.961779797549454,24.385700229535104,23.683820330098087,19.842658123586038,24.66331159425307,29.499971127501137,24.651732699002967,28.95953872340251,-4.307806024399543,30.4272969822918,30.66998072319178,30.703700541227114,-0.2426837408999809
2029-05-16 12:00:00,27.109206718877065,27.673863156053887,28.044273214638178,29.094844755388674,23.778640462662302,22.855395713033918,24.945955327368605,24.17526289741866,18.5386529856966,25.12757627439335,29.091811086232553,25.06782808803598,27.768027111506868,-2.700199023470887,30.81779171851644,31.15687865769675,30.79061218344897,-0.3390869391803122
2029-06-16 00:00:00,26.135999085314793,27.65918913655674,28.530344616418038,29.55799901497332,25.050125538170644,23.912666731761153,25.60971866324315,24.935858835037408,17.417206420288494,25.886662055520382,28.301745818801272,25.876284058483247,26.58721293849486,-0.7109288800116147,29.68910512733575,30.969836630487578,29.334357322270122,-1.2807315031518272
2029-07-16 12:00:00,25.433833148831354,27.218543318749457,28.476137113834014,29.74314279193395,26.390196120494497,24.99279960088751,26.63008467171371,26.000286880314235,16.133865821226696,26.83167683846674,27.607703858628746,26.81314027662184,25.842876438974933,0.9702638376469075,28.83171525712785,30.179157525621743,28.70236958249983,-1.347442268493893
2029-08-16 12:00:00,24.802993759442558,26.696165478093956,28.151493280048626,29.69985317060059,27.247371754996173,25.819696651069105,27.684831041127637,27.156197743858538,15.576493794349462,27.708833241436007,27.21608941244397,27.815044015601575,25.440503357025563,2.374540658576013,28.794751997011783,29.01851626725823,28.73676355371786,-0.2237642702464484
2029-09-16 00:00:00,24.71986931881448,26.786785511450223,28.115395083593036,29.652666227370247,27.603796938628467,26.21185184780636,27.961262268100903,27.340430001362726,15.670437790120722,28.054022985585505,27.29778297511783,28.115971273173276,25.47499590644025,2.640975366733027,29.151794611182797,28.366067959799707,28.996139923703392,0.7857266513830901
2029-10-16 12:00:00,24.536698471358577,27.087166682754603,28.309190061913743,29.79778663222429,26.851526568070973,25.601041073196406,27.585038931291418,26.846839748977906,15.875122721192671,27.732829654319435,27.71538830408145,27.766158920885847,25.91892904056964,1.8472298803162062,29.592935987111307,28.95661432519871,29.38392756056271,0.6363216619125964
2029-11-16 00:00:00,24.43674388091665,26.996488605305707,28.29155343501622,29.79544157175279,25.873531069874993,24.812896147095703,27.010037235740345,26.36730160690775,17.105638429594254,27.245432057148832,28.280470548486374,27.362888648002173,26.5851335117218,0.7777551362803727,29.809143848254692,29.745711276375253,29.752318472842934,0.06343257187943863
2029-12-16 12:00:00,25.21259056362253,27.015976612076003,28.112133446801455,29.55117335145309,24.652123567749904,23.676762460351487,25.843348311570825,25.12702273704542,18.917997841714932,26.19474030922578,28.75784050311059,26.190100926032446,27.28725644514292,-1.0971555191104727,29.63588044296304,30.237796091525027,30.00062538594758,-0.6019156485619881
2030-01-16 12:00:00,27.450120140433327,27.290049167057948,28.105799185423404,29.11821611223595,23.40716976460451,22.43206529912432,24.780120144395617,23.9221861291316,20.28681338836721,25.12954747101574,29.360396998586836,25.010922953633365,28.065891003731778,-3.054968050098413,29.61053623021006,30.560357346568512,30.306524777725826,-0.9498211163584536
2030-02-15 00:00:00,28.451057030355308,26.87959224976707,27.850103254992653,28.863297328853346,22.773533954895914,21.835256862950832,24.20156171278756,23.2404017499261,21.296658783909546,24.532990502085244,29.581650295370338,24.34931025852577,29.126560567818498,-4.777250309292729,29.51887893749707,30.384265840343332,30.01134338935789,-0.8653869028462609
2030-03-16 12:00:00,28.311330538872852,26.214873790176597,27.336876712873128,28.96767531871686,22.663026156530425,21.72354361049357,24.14267802139703,23.07900085141771,20.862238223487758,24.389839645300402,29.687403560520377,24.15510080061728,29.624818171556786,-5.469717370939506,30.44428260893585,30.74580787596995,31.00489618240416,-0.30152526703409777
2030-04-16 00:00:00,28.326044332171676,27.233962310521438,27.74273696147587,29.235633275167586,23.03287195148366,22.142675868244044,24.721630743043654,23.792377865977276,19.745445618100863,24.85962221941765,29.625040470404944,24.755987367835896,29.350975082301957,-4.594987714466061,30.841645447155944,31.248730237063572,30.979838560189737,-0.4070847899076284
2030-05-16 12:00:00,27.55083137433935,28.231780662951138,28.519246254962052,29.636600491701596,23.87687103597407,22.75251351589264,25.153406737301037,24.293800677377252,18.43705272987582,25.277584976335103,29.15574496379817,25.207958001753752,28.50466123382008,-3.296703232066328,30.820672977537324,31.02486552527429,30.714910819961634,-0.20419254773696593
2030-06-16 00:00:00,26.62116891786634,27.880282807157833,28.89632455092717,30.02510364599071,24.8945833064126,23.5698271660329,25.663808472701316,24.899571291961266,16.79942078759983,25.88211408680343,28.40544807481973,25.857175212326926,27.35410139065634,-1.4969261783294137,30.160599668671598,30.50421933144697,30.024097440255957,-0.3436196627753709
2030-07-16 12:00:00,25.752846013504005,27.337547611308906,28.994318931618803,30.3992409909606,25.926948840827873,24.483378643927114,26.3592386747528,25.64692297812204,15.616863063979253,26.58057179925664,27.694285744344693,26.570251961686246,26.4864725443684,0.08377941731784588,29.25784246388875,29.683812152345418,29.192367913467535,-0.42596968845666794
2030-08-16 12:00:00,24.831911197783953,26.882350617268266,28.797713285438224,30.399999367586418,26.937254360536144,25.41262430954889,27.37219139861059,26.75483677632485,15.162086099315326,27.43584660631066,27.231170453951584,27.492262782242957,25.80435666162015,1.6879061206228059,29.04593227897746,28.410731325598565,28.96399118967922,0.6352009533788952
2030-09-16 00:00:00,25.00650768309564,27.156821905995685,28.65538452733548,30.316829095765023,27.487446628470437,26.029791856433175,27.951313244097772,27.34003515475369,15.070646799168586,27.942668727075713,27.23282163979032,27.995558705657597,25.601815192209354,2.3937435134482428,29.3502296883955,27.31431103900772,29.05477915776269,2.0359186493877814
2030-10-16 12:00:00,25.253743204476958,27.6231021128139,28.91919874744669,30.653265849905093,26.796161464149005,25.237472914274655,27.77778763475554,27.10444228565473,15.278472806760716,27.81680226173273,27.697527175052098,27.960424085033672,25.908009952979032,2.05241413205464,29.875478035971913,27.733258228601777,29.56057695110889,2.142219807370136
2030-11-16 00:00:00,25.88097313975811,28.052019017480536,29.165986427767134,30.73823702867724,25.684214662283594,24.293281192156588,26.880696686344805,26.066437971045698,16.396292710019605,27.0710506845058,28.48344774114305,27.13633590458842,26.56629433833749,0.5700415662509322,30.11829397131525,29.311377796448642,29.96124838009145,0.8069161748666076
2030-12-16 12:00:00,27.31088723271072,28.472386570210674,29.26624079092855,30.629084139172065,24.396066384410133,23.253851581097056,25.82564338624218,25.01320744176833,18.570356796381574,26.10050271293227,29.26733242734588,26.13937191719885,27.592410824974305,-1.4530389077754542,30.152846211659273,30.209015399026967,30.483245877826267,-0.056169187367693496
2031-01-16 12:00:00,28.856097545281163,28.685320657660235,29.234692495442747,30.128156263567174,23.54820745969083,22.504252631138606,24.97394193212187,24.10205875238947,20.856985130538966,25.2846308085145,29.737599884417282,25.217649368219536,28.297667556192227,-3.0800181879726907,30.01454262062496,30.374782113363313,30.49836381583074,-0.36023949273835143
2031-02-15 00:00:00,29.25878300197611,27.725476533207623,28.024209886816863,29.257015742751502,23.037904861505808,22.114737509827943,24.599457853481926,23.768402230453532,21.595443542203213,24.940670061582992,29.932144883323993,24.871017880574264,28.997891249807218,-4.126873369232953,30.151154474507116,30.677448503235052,30.722043685112425,-0.5262940287279356
2031-03-16 12:00:00,29.06389558703287,27.009943916692222,27.242883829615124,28.70711745875971,22.96194838117077,22.13104502567116,24.846534032751073,24.186301700852514,21.40656397767132,25.14651369148817,29.90447524304824,25.211440235376397,29.41861633327752,-4.207176097901122,30.25245480155481,31.094065072162223,30.730219753889376,-0.8416102706074149
2031-04-16 00:00:00,28.54970031235415,27.178333429401846,26.97929687303885,28.512915015072167,23.14435171815785,22.254495879367536,25.007675421463443,24.318198287990427,20.557081156757448,25.254533842369593,29.70239519864259,25.362029722925506,29.0083608790831,-3.6463311561575935,30.774703796366676,30.897854371811885,31.06388459890934,-0.12315057544520869
2031-05-16 12:00:00,27.265740540569293,27.338371823501653,27.3573686884229,28.872897742482802,23.91018006831458,22.808565595555883,25.49556450629816,24.780423615713058,18.228815459423682,25.64872902596835,29.10541780334935,25.750639633422953,28.24981930845031,-2.4991796750273565,30.852302152262062,30.988910485103833,30.732520841708784,-0.13660833284177087
2031-06-16 00:00:00,24.75468122273516,26.42416477091623,27.226109826925427,28.894156067919905,25.1484509729675,23.841040796355284,26.341048229048205,25.641469578532636,16.780312482949583,26.45661540527925,28.205833190045816,26.513509945414263,27.161023629702814,-0.6475136842885512,29.944637414329527,30.655416651195722,29.499540361118562,-0.7107792368661947
2031-07-16 12:00:00,23.348383108068816,24.973551574557245,26.46759994828753,28.85722930659133,26.34911699986945,24.874277418327967,27.096897172283693,26.405646666820328,15.9359409757504,27.197254540358685,27.386829348469153,27.23555393924445,26.104518917153626,1.131035022090824,29.227827444714062,30.12140171044152,28.91249949679118,-0.8935742657274588
2031-08-16 12:00:00,22.739825349556227,24.247630911850127,26.025017148310496,28.722389838929786,27.534001900637765,26.131256916358705,27.885021265509646,27.122753213310006,15.16278868581465,27.898979731855146,26.87978908344767,27.822573179017517,25.38296375042823,2.4396094285892858,29.124223075921893,28.69934535629871,28.859633726291246,0.42487771962318277
2031-09-16 00:00:00,22.37488532189369,24.35793853132295,25.994224280053885,28.51182464908752,28.059988525310224,26.84841736834203,28.483122503215817,27.777997221276127,14.485883865918984,28.463916362565936,26.774490609326044,28.43810285393799,25.20930076519127,3.228802088746722,29.166473746018454,27.511889815847812,28.93254201052747,1.6545839301706415
2031-10-16 12:00:00,22.73090088276728,24.8983187874068,26.258015965745653,28.331168769718996,27.473148772551614,26.32457039686078,28.432380906035384,27.659040362612767,14.622610066847678,28.420865156005714,27.274599927229815,28.372426541043083,25.594840902721394,2.777585638321689,29.52856251610037,27.71928077967202,29.35753356180954,1.8092817364283498
2031-11-16 00:00:00,23.678448930725878,25.20678616579441,26.44666612236198,28.227384944814663,25.774376345855128,24.512934474245206,27.434129740320603,26.614506794337768,16.13875042324636,27.42451715354741,27.9722977842287,27.523667519448935,26.235056871289096,1.288610648159839,29.900310114012765,29.157578607286567,29.851439965425193,0.7427315067261979
2031-12-16 12:00:00,25.099661267719664,25.6443141882393,26.37444456738711,28.17177476077187,24.36060233054325,23.27499303761931,26.22514393465817,25.372502971476617,17.948150289464262,26.319632561327378,28.508753898315327,26.389897645810766,26.997691651594703,-0.607794005783937,29.546972198145003,29.96985972704669,29.783122180770366,-0.42288752890168624
2032-01-16 12:00:00,26.983151773493653,25.636939306291996,26.299439329086884,27.807416131342777,23.11614083090827,21.868797625879893,24.666085226324956,23.43853766632316,19.893953074558787,24.87725854620118,29.02438458210649,24.653477987851716,28.014224389995054,-3.360746402143338,29.594887601933788,30.625223172642944,30.016433180327216,-1.0303355707091555
2032-02-15 00:00:00,28.252668417779237,25.485697534267413,26.333057724869036,27.76426898143263,22.70102938377055,21.50827338225198,24.23395034829444,23.052249008226063,20.778716910279314,24.48753342975634,29.174284543245847,24.223302191028555,28.978931341082422,-4.755629150053867,29.775735928532463,29.919419037246104,30.27328342224723,-0.14368310871364187
2032-03-16 12:00:00,28.58757132057367,26.007058744016845,26.436142698002012,28.096742013998735,22.672488495144258,21.608998715485868,24.24430598064111,23.164111201305825,20.783388064504127,24.48589566632432,29.394761695167684,24.228539366814807,29.48539158014197,-5.256852213327164,29.827770313669806,30.6907790221794,30.180454527234172,-0.863008708509593
2032-04-16 00:00:00,27.994255527806068,26.72453115978821,26.914579290469053,28.377268295527912,22.881247276661455,21.99191432478646,24.605310368530677,23.645081752605265,19.319655608627613,24.744848721740272,29.36617297933081,24.599403637572664,29.187502182722536,-4.588098545149872,30.548192199043473,31.046115525275475,30.73328711189336,-0.49792332623200153
2032-05-16 12:00:00,26.522662604428447,27.437132070698713,27.745548139467495,28.745078021674388,23.819382059568618,23.06285952141458,25.302522290019596,24.487567650074556,18.179520282826115,25.45262180786993,28.850106015738813,25.371119940412758,27.528409330945262,-2.1572893905325046,30.599584107304764,30.748662072471035,30.549724963069487,-0.1490779651662706
2032-06-16 00:00:00,24.557737117247402,26.674720799571237,27.94793522021651,29.12924445185896,25.058607565939134,24.08774978154853,25.914110280702147,25.115904391271794,16.949300775513098,26.12793053760888,28.04051901399015,26.036634141410058,26.49534793361386,-0.4587137922038025,29.87889252483526,30.504791738618266,29.620467664216985,-0.6258992137830077
2032-07-16 12:00:00,24.214020552407817,25.819591005391718,27.45874520331898,29.02679621894699,26.09208341446141,24.828307004347568,26.65327778819655,25.814735980825358,15.621580075516146,26.776795609893206,27.31727362975771,26.694461846125737,25.831794073485693,0.8626677726400445,28.83468121167991,30.209161920734864,28.6948275999145,-1.3744807090549536
2032-08-16 12:00:00,22.976585273308636,25.11229384314892,26.97682024042696,28.812236008022033,27.01590644335342,25.7982365991843,27.549421667434483,26.833194438369592,15.277174625741509,27.536925636826922,26.86698488706557,27.503843652757748,25.408256763730623,2.0955868890271248,28.66559751472786,29.6559095874894,28.59418781396322,-0.9903120727615402
2032-09-16 00:00:00,22.729551100768266,24.873944643691523,26.610419737313062,28.699871043780107,27.440156661296285,26.25154515595525,28.14681594943035,27.57404717060088,15.053461334215216,28.11027627626637,26.834718373496628,28.237910858951235,25.48084312758663,2.7570677313646037,29.000397292379272,29.218044008879637,28.869802147732276,-0.21764671650036505
2032-10-16 12:00:00,23.468065262000625,25.39961341485596,26.9395607715356,28.788368573332388,27.203957417794147,26.210818526116043,28.20051184947177,27.708379980686985,15.357676583684475,28.244942792200387,27.28488452656426,28.42652782536619,26.109951341389994,2.3165764839761955,29.59825431173712,29.091429625968935,29.392882882532934,0.5068246857681835
2032-11-16 00:00:00,23.980841269319505,25.867768843253412,27.00017589209718,28.821243491138546,26.166839427403083,25.246891236287688,27.395877833470955,26.82048107045915,16.483158932256156,27.585131890997832,27.92190153593842,27.746881409909474,26.80500982076519,0.9418715891442844,29.679106620433533,29.77558178403833,29.67102420362763,-0.09647516360479713
2032-12-16 12:00:00,24.605992268055257,26.234443320978933,27.0307797129245,28.609064565572968,24.683138299360465,23.94339206351386,26.23758746992356,25.637067741080457,18.651096226950063,26.534828911808486,28.524094649286567,26.754959574863253,27.727685465694115,-0.972725890830862,29.53678990095779,30.191342997938477,29.98762386628282,-0.6545530969806883
2033-01-16 12:00:00,26.5120655934091,26.55696556129409,27.121149474821948,28.256479933978035,23.269510194164393,22.463638432343185,24.725649715482437,23.681614706802804,20.208698390481302,25.108033337610348,28.95216574867635,25.026289118669034,28.697562373767962,-3.671273255098928,29.240235205816877,30.527203148984327,29.824155988295324,-1.2869679431674506
2033-02-15 00:00:00,28.36502593431076,26.417995004469137,27.009946245863684,28.137460585842184,22.647425174254963,21.858912301789438,24.080142477801207,23.054130449629607,20.96107403924084,24.524835396797208,29.356544318566453,24.411059531696143,29.337629171031562,-4.926569639335419,29.526367287481456,30.54660254084219,30.105216722427713,-1.0202352533607346
2033-03-16 12:00:00,28.601711594764737,26.814412833759356,27.12155851884789,28.319752901994182,22.53605071174806,21.829588493873715,23.92200555412494,23.004739215323728,21.192012195889447,24.362512649533762,29.68119125137699,24.263584852997983,29.688393127938184,-5.424808274940201,29.969626048039263,30.872328931620185,30.52368272078484,-0.9027028835809219
2033-04-16 00:00:00,27.733948474618465,26.872922796475475,27.563134132379727,28.768854492927435,23.061955826942395,22.333608622621803,24.293736848756787,23.497702107303954,19.965988937021347,24.651984282085934,29.525185565732738,24.57686988101853,29.654627922561723,-5.077758041543191,30.391140596632955,31.10145294578714,30.653407402159978,-0.7103123491541865
2033-05-16 12:00:00,26.846109955658253,27.398513804853387,28.038671870379492,29.176550914230972,24.00748150901884,23.220387007581625,24.900699142679255,24.1322652670211,18.422755492043677,25.23082725699098,28.989150940010074,25.119619335767744,28.68669248385076,-3.567073148083015,30.514289999838844,30.785708816185792,30.561647375940368,-0.271418816346948
2033-06-16 00:00:00,24.72198804779229,26.777278299152346,28.01708198760307,29.35331252356561,25.33531313167982,24.401525596771762,25.745721078450064,25.05809272655616,17.485753204396737,26.133858357171437,28.123525130561323,26.04593793440254,27.12063363722567,-1.0746957028231279,29.86584399513901,30.598829661733035,29.633781576895224,-0.7329856665940255
2033-07-16 12:00:00,22.671661674560887,25.46819239577061,27.731238389584956,29.428797362063012,26.43389459013773,25.31168070175598,26.731407034543686,26.105199917346628,16.0700667683788,26.976358088927828,27.284298494160467,26.92692072582654,26.193209713854827,0.7337110119717138,29.23476128015364,29.60667976733701,29.008351933113467,-0.3719184871833683
2033-08-16 12:00:00,22.210512539492598,24.374972787786287,26.68343964794825,29.128435477410694,27.264723016416486,26.046276104442985,27.82256298228338,27.284150567347652,15.534969249861787,27.807365586058733,26.6799048239305,27.85877998506985,25.78256546966766,2.0762145154021923,29.084918156536546,27.782370925135247,28.72666437429868,1.3025472314012987
2033-09-16 00:00:00,22.94765521145628,24.58357246762386,26.369132702046446,28.88343584126423,27.637384679616996,26.628751348198865,28.325797799148653,27.750390522085446,15.668980604264453,28.281855428657536,26.73266096865824,28.380839510786394,25.864925054681123,2.5159144561052713,29.18420400597731,26.918726253758773,28.86039654314953,2.265477752218537
2033-10-16 12:00:00,22.849983078496052,24.87793847269232,26.53118930322187,28.725740129207036,27.032986962900743,26.256187087235237,28.041192746158185,27.432711374055668,16.16884095922362,28.078029774554253,27.029138296446607,28.202409834188213,26.114927919831608,2.087481914356605,29.601854024118584,27.33175690419452,29.19348312256525,2.2700971199240634
2033-11-16 00:00:00,23.84285579260594,25.58547696579717,26.75031480702344,28.682046537409743,25.97970474434676,25.179866244428645,27.25813809913593,26.41481839263052,17.126335201027462,27.43258091271912,27.813944729337752,27.40820464274181,26.87129117904569,0.5369134636961199,29.92009798867458,28.87699821895343,29.669595224864747,1.0430997697211488
2033-12-16 12:00:00,24.755375225132013,25.776341424451708,26.603285654751886,28.360138546885125,24.58621987034407,23.808667779757304,26.296144649137915,25.397706201377105,18.350711151864015,26.51158501906051,28.48173122820293,26.549695858284352,27.974995358307662,-1.4252995000233106,29.85615092930687,29.885833002489647,30.095557483890712,-0.02968207318277649
2034-01-16 12:00:00,26.461984649202634,26.01684135014662,26.615356899949408,27.8928145806595,23.284562040556562,22.444359214845296,25.035114787830736,23.89573121840459,20.648170176377757,25.316508181135188,28.883387758316676,25.204241602638987,29.029782392795877,-3.8255407901568894,29.26415228634327,30.096781611793,29.567863147771185,-0.8326293254497301
2034-02-15 00:00:00,28.179571618716018,25.074739944109055,26.108387723612758,27.771028804802164,22.75327959505541,21.936716516314508,24.62282015187209,23.565736529895737,22.304813852658427,24.917219597749874,29.14840432379652,24.813005549366927,29.72886720361096,-4.915861654244033,29.483432527888954,30.340775041123873,29.9174592638502,-0.8573425132349186
2034-03-16 12:00:00,28.612171061631752,25.319482190533208,25.938803498019027,27.890905136331824,22.630052755291842,21.971832191672437,24.558826335112535,23.656662680820176,21.77251172076195,24.84574409429082,29.335537144466873,24.8011407479137,29.89537357078965,-5.094232822875952,30.0675556778797,30.491273779828003,30.518390119923446,-0.42371810194830317
2034-04-16 00:00:00,28.32068194052405,26.438217204160242,26.585807162774557,28.150194377576124,23.014906767874464,22.448996505663523,24.83033356125346,24.183418861392294,20.412924072757427,25.05897039361528,29.357716595373308,25.15391874701933,29.483374312095226,-4.329455565075897,30.722251956931096,30.546944513006878,31.008719592078055,0.17530744392421838
2034-05-16 12:00:00,27.485403014890164,27.29399739963016,27.48798215353956,28.412486618673423,23.908697876633006,23.13455149835105,25.40247461998508,24.827143210826726,18.824581377128922,25.56847797626762,28.90344322285617,25.702921967041135,28.120906613760443,-2.417984646719308,30.792610463655453,30.85920502108923,30.84110346313697,-0.06659455743377762
2034-06-16 00:00:00,25.95642663558621,27.185864713411792,27.840554792776043,28.6507338369917,25.26167703398922,24.150726037428825,26.028765065118556,25.333311961196376,17.686385433431276,26.24081063947817,28.131492504289618,26.23030714848779,27.09492348053922,-0.8646163320514297,30.00611441587864,30.71931360560244,29.893793494851494,-0.7131991897238024
2034-07-16 12:00:00,25.117825893288522,26.71216273714624,27.97891105787867,28.996770592062187,26.506241762404674,25.195757102911976,26.898696626286124,26.27626105128871,16.5542170553541,27.074088161813243,27.409828620520887,27.1158767397675,26.110114625480865,1.005762114286636,29.100200063236542,30.253879468215526,28.939726343225523,-1.153679404978984
2034-08-16 12:00:00,23.571838639581713,26.23806658441937,27.87520836660286,29.251389163674702,27.826930894688168,26.570314546845662,27.83566047436804,27.216122777161797,15.459416891294214,27.917467211276175,26.960141497896984,27.8392569406484,25.698586026409085,2.1406709142393154,28.876403793018053,29.57982139977296,28.731560535965954,-0.7034176067549076
2034-09-16 00:00:00,23.755946999555302,26.026578512857657,27.626986615200092,29.210766100668614,28.192635745255505,27.16097206199205,28.4073016776256,27.82176759714362,15.21372617045625,28.414130406328866,26.97031391368907,28.35606212812885,25.482034137401648,2.8740279907272033,29.161287028601183,28.494746907956895,28.909136517166978,0.6665401206442887
2034-10-16 12:00:00,23.824839350394022,26.263674652287428,27.828113469916715,29.439149959606507,27.06120303778857,26.328375246480196,28.33249985141799,27.81167986374941,15.617779890471057,28.304311970216308,27.442320338546416,28.527075025166162,25.93580365469724,2.591271370468924,29.686939139880348,28.59079583014337,29.362484182155647,1.096143309736977
2034-11-16 00:00:00,24.020750128164323,26.26310373047877,27.649022102648708,29.335326216429582,25.609290983358562,24.73512326295118,27.293846151173497,26.551476848790248,16.704223374477756,27.381795252946336,27.95864308782952,27.56832887286807,26.574599096110116,0.9937297767579523,29.74160388107937,29.26061169169864,29.65638286736733,0.48099218938073207
2034-12-16 12:00:00,25.15600335310101,26.36898417257077,27.38231481028037,29.241457776827286,24.177018291460623,23.1776851524732,25.77662878523795,24.898315392173227,19.04182473893548,26.045888748095855,28.614959461518374,26.104718549911105,27.462026645098064,-1.3573080951869585,29.615857414153457,30.12727441107166,29.91496694954282,-0.5114169969182036
2035-01-16 12:00:00,26.840079736287066,26.822093452130794,27.32020612247676,28.743577333099573,23.319663271530334,22.307738086915116,24.64086634092973,23.709925064251994,21.230901288387667,25.047411876753024,29.208117561801835,24.950406651878183,28.298324752863817,-3.347918100985634,29.44819514132101,30.17903171872418,30.00055702228403,-0.7308365774031707
2035-02-15 00:00:00,28.45739775288664,26.969555227917134,27.569930885774607,28.58054740188658,22.677353436005372,21.941643464369772,24.30844295036201,23.551021628033638,22.309345204732864,24.664914963796292,29.37737248977272,24.739409018987693,29.068541128081616,-4.329132109093923,29.45044978693079,30.091869027461403,29.910711642806632,-0.6414192405306132
2035-03-16 12:00:00,28.537906900353406,27.512779132260622,27.893360300877806,28.96977987759536,22.669107539022285,21.985026721197272,24.41879658389864,23.659961702906383,21.869770937727075,24.733363266107197,29.7406540999447,24.789495988773243,29.50011912709658,-4.710623138323335,30.35918342430756,30.443677998635966,30.871236556902012,-0.08449457432840646
2035-04-16 00:00:00,28.34411322099515,27.74646065463725,28.25102968789996,29.333071926397107,23.137233262488273,22.414783067686294,24.647645334662833,23.939888463629796,20.309253791098016,24.939567784249352,29.708784470279074,24.98246092930882,29.310321578406842,-4.327860649098021,31.03050642452299,30.925209320091554,31.16615138584155,0.10529710443143614
2035-05-16 12:00:00,28.00269645426674,28.432806818393924,28.826228939473935,29.815853834261134,24.155106605890552,23.594767532939333,25.39952410110101,24.77037955100982,18.732589673051706,25.65303777121519,29.264906278608038,25.670082350278243,27.99293570374605,-2.3228533534678064,30.69838293245462,30.972859925842794,30.489422290882086,-0.27447699338817344
2035-06-16 00:00:00,27.060752065763584,28.281932378950295,29.051625236216022,30.100697380923187,25.361122575667764,24.651812782001493,26.235839858443335,25.626142960613542,17.386679945244563,26.4918500833333,28.52956860147751,26.511678156433224,27.036981934185025,-0.5253037777518017,29.597338306677717,30.66098171070406,29.291538536606105,-1.0636434040263438
2035-07-16 12:00:00,25.306904756966418,27.681904230054226,28.91918091126734,30.206264238029124,26.478074209451357,25.393793617162565,27.06713585365226,26.38259687431422,16.023646562251656,27.208164033782023,27.76985608005472,27.20596890047337,26.163682053601182,1.0422868468721873,29.152206818900833,29.460748906351462,28.97524398054414,-0.30854208745062905
2035-08-16 12:00:00,25.32339739142472,27.105427099006405,28.57276519384377,30.35256569892852,27.336802292344235,26.21450698703783,27.871891151561684,27.14968987432239,15.477066600330492,27.844141235779375,27.414201865895016,27.787058915572906,25.504055499517335,2.283003416055571,28.976883704923306,28.62161345293446,28.844524298542133,0.3552702519888449
2035-09-16 00:00:00,25.788891073031394,27.379437764751554,28.658689077583137,30.49280208014691,27.73002338556607,26.568595214849744,28.210930304037067,27.420263751634334,15.17002073970005,28.2237859176852,27.47511685733866,28.149370613135467,25.56218863543386,2.587181977701608,29.23831436173469,27.692138209290285,29.042563170977186,1.5461761524444064
2035-10-16 12:00:00,25.33546200469061,27.63689335404286,28.826657204135632,30.53213697803358,27.459813891399328,26.297835097914785,28.074599083953576,27.25636253486949,15.422433915981841,28.216709286744006,27.844072980428173,28.167183262997597,26.20892917892142,1.9582540840761773,29.695503976041913,28.012857817823935,29.34461926308131,1.6826461582179775
2035-11-16 00:00:00,25.34110935460011,27.641826258507955,28.90797632919008,30.75398305769226,26.075080662134564,24.992618166516895,27.165703451932362,26.206565619219454,16.65141133950605,27.32642618394359,28.43064600382994,27.25493770303215,27.062589688349842,0.19234801468230955,29.89979540378544,29.030183227356545,29.683531449590582,0.8696121764288947
2035-12-16 12:00:00,26.56896142881181,27.85028165126481,28.862373307681555,30.5414757988805,24.68482353340833,23.803374099389714,25.914837651606273,24.930910198824044,19.126124666018367,26.176067020436115,29.139751248998227,26.049693818519955,27.84299646994913,-1.793302651429176,29.984806983902843,30.204609002890493,30.22941499051235,-0.21980201898765017
2036-01-16 12:00:00,28.127379793937628,27.71947456363528,28.55114025762361,29.999441402160716,23.529492289715513,22.825864017962942,24.991945715889813,23.97488429886633,21.278187459755323,25.318330573068497,29.570267181217364,25.146502945790132,28.572264266799223,-3.425761321009091,29.909323036907633,30.223745074954884,30.462789159478668,-0.3144220380472511
2036-02-15 00:00:00,28.815112795762904,26.076069224281277,27.297476617670842,29.248584430442914,22.951304576321963,22.21690232886667,24.576710244740628,23.650913709808073,22.504694163230035,24.91049904313457,29.681604861529593,24.798191564505032,29.486311402516137,-4.688119838011104,29.993478453636417,30.472894848743838,30.55992563937549,-0.47941639510742107
2036-03-16 12:00:00,28.658388452813288,25.379245252220667,26.22380574584707,28.670308270408576,22.80141473864488,22.179337062833294,24.494963034082886,23.569859677362103,21.58168276895816,24.77932128963167,29.782845150212797,24.650247901393872,29.97465812129665,-5.324410219902777,30.37982648657548,31.369217826183437,30.923349487906282,-0.9893913396079554
2036-04-16 00:00:00,28.293159587399735,25.863902913148646,25.747412924203452,28.073504227790977,23.14572576263302,22.53057351911928,24.76642413809493,23.958185177941946,20.153275188516826,24.99126787524675,29.55192560898203,24.937683873835656,29.785214082568995,-4.847530208733339,30.85084101340058,30.932557635400915,31.10131780893937,-0.0817166220003358
2036-05-16 12:00:00,26.177966337074693,26.207768997190666,26.3318002545565,28.16596678131666,24.158049342252802,23.313116679488925,25.444892928728226,24.67752763159077,18.373790942992823,25.62046860405086,28.9600157110939,25.579361572496044,28.768090408030925,-3.1887288355348815,30.758474435561556,31.10092152185139,30.552716510016293,-0.3424470862898339
2036-06-16 00:00:00,23.46566320229317,24.994136610834406,26.646216650612562,28.662607082371935,25.551753775718602,24.624158242059274,26.225953269044783,25.41161277931269,16.767248728471372,26.449557840124672,28.064275818178693,26.282879149644295,27.209626181127174,-0.9267470314828792,30.086304276359638,30.848395664953813,29.894828918479124,-0.7620913885941754
2036-07-16 12:00:00,22.429933394033398,24.28002857116098,26.268102834306795,28.581089734542452,26.64172744326872,25.443078588473107,27.107256750527416,26.362545507861345,16.02449073008231,27.26381311370838,27.350268997530737,27.168098396673216,25.98679775146609,1.181300645207127,29.07212511015364,30.361285593433497,29.109957387483785,-1.2891604832798578
2036-08-16 12:00:00,22.72053701929422,24.434369956319244,26.235562467562268,28.347176372887493,27.145244030205543,25.898200236138916,27.911222583340255,27.26357620021254,15.582724082114934,27.84032019559788,27.00727637809963,27.86598179807459,25.39665468525101,2.469327112823578,28.807391277106234,29.632091358051586,28.89632474989816,-0.8247000809453517
2036-09-16 00:00:00,22.972425175693903,24.77440915126327,26.464635510187726,28.46125424500503,27.6882802075122,26.599713078977025,28.49739799975661,28.015714015862315,15.46042335212844,28.347444672598197,27.00704621410126,28.474903079850055,25.30417625865589,3.1707268211941653,29.096513932414094,29.102195237219757,29.067330350398443,-0.005681304805662535
2036-10-16 12:00:00,23.134665307015243,25.190708747460533,26.543618163758396,28.52235989587076,27.27592050477586,26.16174478685716,28.276238974157778,27.67030252939987,15.95412749598317,28.20955844204219,27.417783062339552,28.333370516390087,25.59602782482002,2.737342691570067,29.60067063692539,29.417414240333464,29.44049739261131,0.1832563965919256
2036-11-16 00:00:00,24.36816662193546,25.742406167917768,26.754988969554244,28.579958352247967,26.187748371252482,25.18809315100129,27.553178041277857,26.770496231981284,16.886517039648556,27.632016533994936,28.155400137577363,27.665002947875482,26.595976170116543,1.069026777758939,30.102322131713244,30.170638838599793,30.149692893984632,-0.06831670688654867
2036-12-16 12:00:00,25.920892048932703,26.38147694505468,26.92518403958359,28.500516162910433,24.491931586149207,23.58039759706017,26.283332863643434,25.526158501481746,18.65622744504644,26.451525269435876,28.834527532213894,26.493022454884255,27.421108706869656,-0.9280862519854018,29.962868761154585,30.57869875822049,30.441657952550987,-0.6158299970659051
2037-01-16 12:00:00,27.987334740008645,27.269760221440063,27.41270237861676,28.510003133895594,23.4559442869772,22.584877712795816,25.23015266985743,24.44771490892651,20.021810203687238,25.478638102117944,29.2871180485133,25.48268579423484,28.57861331821388,-3.0959275239790394,29.328243429873314,30.582683994602124,29.828561853163936,-1.2544405647288102
2037-02-15 00:00:00,29.424082371341118,27.683083255887016,28.081031225827395,28.644138558655584,22.911931503380142,21.99831088451151,24.476208871259253,23.579343594982998,21.895313150641385,24.764122842351433,29.575148803317944,24.65284713095611,29.46674963248223,-4.813902501526119,29.636662388967352,30.279658328102645,30.269441950969977,-0.6429959391352931
2037-03-16 12:00:00,29.63576855467472,28.186808619418464,28.452539459657928,29.001463695506832,22.788545161290635,21.99533356967987,24.542837418277955,23.645957820256985,21.711553957115026,24.74926991776462,29.893802240783486,24.62602350386326,29.758891995910776,-5.132868492047518,30.16090603202258,31.050005656354045,30.697444393398598,-0.8890996243314646
2037-04-16 00:00:00,28.962738800454893,28.506374163822787,28.786739890325997,29.497048289051154,23.08801451558683,22.4788494685375,24.926446572544872,24.166972437694227,20.685905042510832,25.084575564244325,29.804220308215573,25.06078026702022,29.49449678670602,-4.433716519685799,30.696247122292423,31.09407332901007,30.94261436636535,-0.3978262067176459
2037-05-16 12:00:00,27.547877107426114,28.591421140389183,29.198218293994017,29.96741316566626,23.772776991464482,22.782284184234875,25.367399696417188,24.473899690821657,18.743002903063108,25.435544361604606,29.284876026604085,25.371422989052544,28.26496414685471,-2.893541157802165,30.81970002803241,31.09332320272682,30.69028506453155,-0.2736231746944071
2037-06-16 00:00:00,25.409406967748904,27.922658573337298,29.268767866866554,30.271462836830587,24.853591064562256,23.55255282028054,25.954200980893873,25.09170626086206,17.131579120422412,26.081215277173357,28.455410341436977,26.051560149253763,27.016958921427694,-0.9653987721739306,30.06558730910691,30.710744709094943,29.687605892436913,-0.6451573999880331
2037-07-16 12:00:00,24.19177183722786,26.998690543303116,28.812620812432666,30.329929335583422,26.43775844080839,25.133201410508594,26.78658775996574,26.076331555125968,15.9139506818082,27.002685786013974,27.660648131462597,26.96988679262405,26.0757842024733,0.894102590150748,29.332148749939655,29.879624308926996,28.971080008971636,-0.5474755589873403
2037-08-16 12:00:00,23.78551973226084,26.4177569120201,28.24573646276927,30.264165007189476,27.71203182017922,26.312083303637216,27.776018924946555,27.04203344630151,15.061116051706541,27.827398172101258,27.167005357586195,27.690560933288136,25.485786460623927,2.2047744726642087,29.035400941414014,28.907673358012552,28.716734323205202,0.1277275834014624
2037-09-16 00:00:00,25.001075748513447,26.993296591056104,28.372857389683592,30.344440639566475,28.267631043625304,27.11327258676325,28.536976191152032,27.873285176361534,14.749760207772969,28.488125376453304,27.364035369307754,28.39015000650242,25.40935427962011,2.9807957268823095,29.227140241705257,28.71251424770829,28.892435532328957,0.5146259939969653
2037-10-16 12:00:00,25.268409692131947,27.495339044049217,28.656237930251734,30.371585396113097,27.519198146429098,26.44858361148411,28.375197532380643,27.72423588997527,15.20915459559824,28.382018337800346,27.737658538715312,28.46525794827083,25.750507411340603,2.714750536930225,29.79576821331934,28.50870378551274,29.32615855547851,1.2870644278066017
2037-11-16 00:00:00,25.881626990188625,27.85881616302923,28.887072580528645,30.457099665278555,26.227332300596725,25.158875678967924,27.46536629160206,26.695709665261937,15.933992185955908,27.614590037390116,28.394353491931273,27.686671515688342,26.707284009430573,0.979387506257769,30.002597427710146,29.152110721477378,29.765524784431765,0.8504867062327683
2037-12-16 12:00:00,26.607929154737874,28.188039947511832,29.077889112221282,30.573888313629208,24.921089037965046,23.991966140853467,26.150266768538668,25.281178381612836,18.30416033426995,26.465719749119124,29.06617618962911,26.407265365569895,27.520490038531644,-1.1132246729617492,29.89373649303248,30.170284280327344,30.137338242202354,-0.27654778729486296
2038-01-16 12:00:00,28.452822911957785,28.38094414622712,29.11474927685899,30.165725374154686,23.9625923875517,23.062181507061034,24.993366025791477,24.05835665167693,20.450366374084453,25.457556761897003,29.614161861060403,25.2727889556991,28.445872587525976,-3.173083631826877,29.705143967650784,30.164885003167154,30.14662019018531,-0.4597410355163696
2038-02-15 00:00:00,29.155368000162188,27.872004377407713,28.861362128701685,29.992277269890756,23.36475222520365,22.328425891072285,24.274349988842012,23.260747903619556,21.426589014935054,24.75954094637398,29.892290530680636,24.473643742125017,29.3814177749109,-4.907774032785884,29.929941577269798,30.650444592262232,30.516629208106803,-0.7205030149924347
2038-03-16 12:00:00,28.709896830128528,27.474156934246896,28.484368190186462,29.946366358672517,23.30378050395372,22.31791407487149,24.540964535871797,23.767480077385304,21.13988384536954,24.96650447434715,30.049870301803562,24.841499383767513,29.808307041040504,-4.966807657272991,30.193313217120817,30.826544243511645,30.820212740863347,-0.6332310263908276
2038-04-16 00:00:00,28.595034174710985,28.29803390794381,28.688104625063087,29.81853647797411,23.579333380694305,22.574908627956095,24.74351878148833,23.974582402520923,20.255759493651205,25.102783975341673,30.044342142650397,24.99159722621597,29.44938906124317,-4.457791835027201,30.783495746510177,31.25857042356039,31.1443852594832,-0.47507467705021256
2038-05-16 12:00:00,27.22292616336732,28.218356901978538,29.080242084571765,30.14730379774955,24.23495425990127,23.319765418495727,25.247053666505114,24.586723564836728,18.502972696404495,25.559880400835294,29.331865114909416,25.54024758310824,28.565507645353243,-3.025260062245003,30.510064459749962,31.00050420554919,30.348798024046577,-0.4904397457992289
2038-06-16 00:00:00,25.00382489720738,27.41358035239913,28.809934917385956,30.305712327744725,25.58464021273378,24.416283503553142,26.121279862453722,25.446471863686984,17.169556096098166,26.417183872136867,28.523128418660257,26.3697388036432,27.532203597954513,-1.1624647943113118,30.138657150334804,30.45928564507543,29.827175616143894,-0.3206284947406246
2038-07-16 12:00:00,24.36169354900357,26.811868718188652,28.63835295769144,30.37128316067052,26.53767379407276,25.23033316697317,26.982573416970393,26.311438219021912,16.107225880501,27.19492346194564,27.841371210277202,27.179427860359123,26.416525404353017,0.7629024560061062,29.48112110990307,29.889410989070036,29.07997628922812,-0.4082898791669649
2038-08-16 12:00:00,24.843957923418394,26.87256114278459,28.49167687287225,30.337591586384647,27.610270637246984,26.217482371944865,27.893762441408075,27.17732152997891,15.26269777670851,27.98773239103218,27.453610992778103,27.953067064607783,25.827651587869262,2.125415476738521,29.083684142940513,27.766344932389522,28.8820860649312,1.3173392105509905
2038-09-16 00:00:00,24.743083916708034,27.328333608871116,28.776976806600768,30.498221204753662,28.212309770392615,27.040908213336554,28.631517570097902,28.060291570222972,15.021452623925887,28.625212443200212,27.540788476272912,28.638045933057185,25.771070408950372,2.866975524106813,29.575041938543475,27.199130896755257,29.13293243940886,2.3759110417882177
2038-10-16 12:00:00,25.016449426652528,27.848349103199773,29.066467179328473,30.631302021564267,27.876609300526287,26.91494777654369,28.66320346665507,27.975898540756184,15.441402381183119,28.68678631661763,27.93393084137708,28.7057139114363,26.126906059396806,2.5788078520394926,29.827820400415803,27.72904087197417,29.31866621308537,2.098779528441632
2038-11-16 00:00:00,25.680660157236503,28.243719433601957,29.499245567231718,31.047186115062612,26.392680360858336,25.552038960399194,27.98235855393387,27.269436810237266,16.71646702462739,28.0705769310938,28.68725138332387,28.19624321121252,27.01007465559707,1.186168555615449,30.109261007794203,28.842393903683135,29.682011427361015,1.2668671041110677
2038-12-16 12:00:00,26.954655976424952,28.765175322514626,29.82067965064408,31.076415974135646,24.69105756406294,23.68980797016124,26.234852565364225,25.32597352804649,18.794246300245764,26.44532979421718,29.395265690775616,26.410568208278978,27.975834424404262,-1.5652662161252842,29.97932046662766,29.7720046140884,30.10998652736918,0.20731585253926
2039-01-16 12:00:00,28.964570624370328,28.83113246795825,29.67680065133426,30.658945257428122,23.66592081885828,22.83809415286595,25.432988741691897,24.546869440847786,21.07314341815651,25.69429451157925,29.900994568680158,25.655453404978267,29.081949152955588,-3.42649574797732,29.916430988483565,30.691881776124244,30.505093996299166,-0.7754507876406791
2039-02-15 00:00:00,29.780102534203355,28.514117796547964,29.179494981732766,30.176172294361297,23.077411580916593,22.28562496221314,25.26295819347073,24.5035172003092,21.640526570840986,25.463911361778482,30.403660168958957,25.550336174696945,29.948015908628324,-4.39767973393138,30.13351167012268,31.409246928162666,30.917415607265006,-1.2757352580399868
2039-03-16 12:00:00,30.03436632836325,28.366761703923785,28.298414136075266,29.585414041901892,23.214766747726035,22.460845625473493,25.447730571985577,24.887345829446353,21.296616509500545,25.670234471001166,30.38129696407623,25.88172199532648,30.2663226545797,-4.38460065925322,30.432969987793086,31.25272267378225,31.117772322739924,-0.8197526859891653
2039-04-16 00:00:00,29.409064472088787,28.667326369194836,28.22315176674591,29.09782056265474,23.549819517883332,22.71054776106746,25.71442202716145,25.20321938418148,19.798729753717705,25.85896170203615,30.184521934388826,26.13632786178576,29.699281665392544,-3.562953803606785,30.93540500982979,31.44415180612268,31.367225573060278,-0.5087467962928898
2039-05-16 12:00:00,27.98287555977288,28.41363283785368,28.633177547471117,29.339747994451127,24.098546864888064,23.153011017050865,25.75061624797054,25.01970066756941,18.62580407451104,25.878511471135646,29.636195147518773,26.017796662378917,28.365633557556784,-2.347836895177867,31.241822215522124,31.322956439566525,31.344869017327298,-0.08113422404440129
2039-06-16 00:00:00,25.682336551947085,27.28437519743645,28.551498985102242,29.735459037014678,25.24484527828445,24.138545820053093,26.35252375175425,25.661481064583928,17.060297798585296,26.59470596853502,28.709029346713645,26.690373111049702,27.343608603426706,-0.6532354923770036,30.375418269637656,31.06935107274516,30.312070865981656,-0.6939328031075043
2039-07-16 12:00:00,23.974021721770107,26.21416260220306,28.06499714895557,29.984713000695255,26.488247439923185,25.228275275481298,27.18402761384496,26.52521747153671,16.047189318813174,27.357754759753835,27.911459652540444,27.39047179015558,26.531366939511216,0.8591048506443641,29.37165372508278,30.14897974660175,29.29079023793839,-0.7773260215189701
2039-08-16 12:00:00,23.92289513362957,25.638108569880696,27.214901024034216,29.5714507294397,27.277786874312792,25.984748110449804,28.09692318206412,27.500196490628873,15.208362305088817,28.1006819675209,27.400968167788108,28.192015557967295,26.066407525165243,2.1256080328020523,29.213463209684942,28.171396012310804,29.102426636663157,1.0420671973741378
2039-09-16 00:00:00,23.811155812634027,25.591704899117833,26.93952022946233,29.335669148491792,27.611692911056164,26.352917350423358,28.632976465010312,28.07235786859807,14.968162536054962,28.563491273575277,27.292094400533774,28.739069059664054,26.000694857871554,2.7383742017924995,29.475458655675506,27.949986322361305,29.177946796711737,1.5254723333142017
2039-10-16 12:00:00,24.532081856998815,26.460119750008023,27.428559197897233,29.230994695831782,27.092673777784785,25.89738117542279,28.325060709229884,27.65616605917099,15.271268159999584,28.333985989210387,27.709282137727094,28.486138426459846,26.471941041761315,2.01419738469853,29.74831902996074,27.797838648308826,29.319740073638464,1.9504803816519143
2039-11-16 00:00:00,25.35351133517433,27.406640625154175,28.225992208492617,29.446436143455557,25.623661575700268,24.65203744662654,27.310574145541857,26.598981516286763,16.427109369752884,27.458794188770295,28.494831611760333,27.672575334437344,27.133503224281668,0.5390721101556757,30.06122416675852,28.900113320685993,29.725660980958658,1.1611108460725283
2039-12-16 12:00:00,27.06104109926193,28.159919783760873,28.611147693255493,29.353046359690367,24.54765269970063,23.762275485215156,26.195894901039143,25.412615628583094,18.159621695107734,26.495197080976347,29.272912887359812,26.579478149445848,28.012443094378032,-1.4329649449321842,30.022513159033444,30.13522033817879,30.171397585524094,-0.112707179145346
2040-01-16 12:00:00,28.53032061812693,28.078685500869618,28.675263106893375,29.28831236248745,23.63588032540042,22.878643395295374,25.110845004614816,24.271098702366956,19.841286161060225,25.530559070620008,29.682037100378476,25.47323597808519,28.904687075100092,-3.4314510970149037,29.93142034342503,30.41913837929385,30.456792351241756,-0.48771803586882
2040-02-15 00:00:00,28.62267972213275,27.208655476317254,28.475880758528106,29.40720145112841,22.963121582282163,22.157335841116144,24.566209901034682,23.616752102976854,20.88259125258938,24.977131188146096,29.947342362365006,24.88730017882348,29.74799686138647,-4.860696682562988,29.927115010710992,31.163492472333683,30.54265329624547,-1.2363774616226912
2040-03-16 12:00:00,28.850901243793388,27.038397564010285,28.07469050795602,29.582893336000982,22.917794779274317,22.21931494482047,24.816720691827136,24.018678671547892,21.121281829604886,25.158263905027248,30.082900090593224,25.18984098701851,30.200144289279674,-5.010303302261164,30.417577073728058,31.244670905498527,30.955654366711574,-0.827093831770469
2040-04-16 00:00:00,29.010531493334856,27.844916230194492,28.32550157637492,29.60881612047912,23.15535067293483,22.44197368359752,25.11437729673873,24.4626722069821,19.51778785878174,25.389808031263797,30.070825142837077,25.524214266700664,29.593344761722776,-4.069130495022112,30.98680063700862,31.32064866724678,31.246014845449462,-0.33384803023815834
2040-05-16 12:00:00,27.81790549484702,28.536495524934786,28.95957357698706,29.672447975380674,24.071353995089105,23.02182438035429,25.54321827496251,24.70820382536924,18.35715668716411,25.761546293679633,29.500197636638866,25.754240878898436,28.48617206872421,-2.7319311898257723,30.94597546873848,31.31350531659208,30.881357192263895,-0.3675298478536
2040-06-16 00:00:00,25.408198156432206,27.633755131202015,28.795707044546287,29.989916684282573,25.4001492389609,24.110936495629705,26.004859625838808,25.188795161847292,16.496299147433934,26.340671803289066,28.581857987686828,26.277124343342265,27.60706790948289,-1.3299435661406243,30.267972674537468,30.806300120135894,29.925261094352027,-0.5383274455984264
2040-07-16 12:00:00,24.3447660319556,26.424300728264264,28.19753339830601,29.96889044909831,26.240702696550745,24.92728168019447,26.719460335157066,26.046492835829586,15.471667387268875,27.031786461210345,27.77650161507458,27.083226556279783,26.82584770874498,0.25737884753480245,29.531029998990004,30.28181817525279,29.26703753321851,-0.7507881762627875
2040-08-16 12:00:00,24.37271957275902,26.43603653286562,28.05878988072868,29.971443334948663,26.93975794692943,25.633227514039728,27.494973621990223,26.84800977776007,14.395369913086027,27.65170802986625,27.449767825250625,27.698877865376385,26.254966415933733,1.443911449442652,29.28068421957425,29.64703151786225,29.142927572163803,-0.36634729828799806
2040-09-16 00:00:00,24.551097629250965,26.68747007394244,28.049460662383417,29.71235004190582,27.266149697162522,25.977669037671717,28.124046656068984,27.46292175292184,14.198216791511943,28.1935807485141,27.454188781800042,28.32798604857068,26.12842688510079,2.199559163469889,29.66291770359832,28.93789882176919,29.358979126927643,0.7250188818291328
2040-10-16 12:00:00,24.89899230403008,26.939463875780444,28.281381068920265,29.93635198061789,26.94757728874112,25.79395652106643,28.027942731787792,27.343575948325334,14.869386595700961,28.168854677686845,27.86012688778107,28.30566211620739,26.431272976495016,1.874389139712374,30.28452064484066,28.512987580094308,29.808559206087903,1.7715330647463539
2040-11-16 00:00:00,25.348927710773452,27.517688216323783,28.55786811606519,30.007001098169766,25.878160536015606,24.96336628793814,27.174959514495804,26.45083176502039,16.18948107864344,27.410075271306226,28.490663297216457,27.562082373589206,27.344897008446427,0.21718536514277886,30.524435270839533,29.125771906386184,30.31945001886694,1.3986633644533484
2040-12-16 12:00:00,26.708540936765516,27.824033670015112,28.554061347579445,29.89906765260277,24.74348758976482,23.8988287137527,25.973007513175826,25.1533099294161,18.52921389924507,26.336845631361417,29.20350672397073,26.327421057675814,28.228211632960914,-1.9007905752851002,30.079979860138554,29.929703289819486,30.404458637658674,0.15027657031906827
2041-01-16 12:00:00,28.39003845631743,27.50122333679921,28.592556103017184,29.680294730449287,23.69576557771802,22.84198104843112,24.90928351795575,23.95752322603791,21.280623097389775,25.35125006003193,29.633130640937395,25.21699223104012,29.24352913128431,-4.026536900244189,30.104685233272495,30.363040064458726,30.64660767495883,-0.2583548311862316
2041-02-15 00:00:00,28.450465767939278,27.31917293905129,28.415018522718213,29.6612836887938,23.097779789723937,22.257946489836826,24.325451935095582,23.274431323184288,22.33953893511237,24.766098730215973,29.919776441149967,24.520049346293277,30.100646676737313,-5.580597330444036,29.97218969373433,30.615672938853653,30.40826676347386,-0.6434832451193238
2041-03-16 12:00:00,28.64203395891222,26.925911116257478,27.870841421109088,29.41827504814763,23.078685811609095,22.23160221895536,24.498348237961718,23.608470888439776,21.469278895529808,24.845900072832332,29.9792405660906,24.703642645067852,30.491091278708105,-5.787448633640253,30.368318118835173,31.012131334234102,30.807318420299627,-0.6438132153989287
2041-04-16 00:00:00,28.247284783765924,27.09886747672429,27.863119954300927,29.29915416638575,23.265269035989604,22.251329555806834,24.537110137846113,23.67166935816461,19.422200790763483,24.804193827082052,29.77384687009894,24.721578811551776,30.025590464251398,-5.3040116526996215,30.930233073780446,30.924124639418668,31.234101830056215,0.006108434361777881
2041-05-16 12:00:00,26.802254085242037,27.434680887448973,28.28590581182871,29.554359285870653,24.074377401608626,22.91270379071197,25.006563233557397,24.197355525169343,18.199634673253584,25.24456678292977,29.229635460811362,25.173291056748916,28.97005004764908,-3.796758990900166,31.132888203724228,31.01277810509808,31.06594982353181,0.12011009862614941
2041-06-16 00:00:00,24.75773098098622,26.78156889870747,28.326265410330933,29.89968529792567,25.26717470595931,23.9023689652585,25.709528860509995,24.944744817400867,16.145687591968883,26.038597584020028,28.428313160599274,25.97982957391199,27.6098005732343,-1.6299709993223104,30.34850258580243,30.80179687248422,30.16138420326315,-0.4532942866817926
2041-07-16 12:00:00,23.362227963191515,25.66334233468792,27.68687611837278,29.779036881547547,26.528101188023154,25.067352185012254,26.66742323725755,26.077975346440915,15.10007479466905,26.974830438393006,27.62811490633958,27.014487144868127,26.5422972175638,0.47218992730432774,29.35062900785296,30.231613138796185,29.21550716607605,-0.8809841309432258
2041-08-16 12:00:00,23.32334402964711,25.321860913664235,27.407791816868098,29.746882519312855,27.3965161642077,25.904460833094234,27.51898764744975,26.97703325318823,14.620535044028466,27.631124124377962,27.29061596348783,27.636774203362883,25.843249778288172,1.793524425074711,29.216837398032418,29.36969736222982,29.211328588748973,-0.152859964197404
2041-09-16 00:00:00,24.22380544373766,26.1724571905352,27.523302562225826,29.49289533178819,27.706056853902158,26.223351599078118,27.996490450963893,27.379044067551213,14.882953543519788,27.9877277764397,27.348034850071066,27.990864440473754,25.56854211855164,2.4223223219221133,29.467729536951143,28.31084912588246,29.377867469454625,1.1568804110686841
2041-10-16 12:00:00,24.031354095252112,26.758277816635893,28.107001577317607,29.697864031446013,27.2468391333223,25.98422743329504,27.872774289562816,27.17337009789471,15.258025850938656,28.004984503036656,27.75810808010245,28.029893063681996,25.894059494003635,2.1358335696783612,30.107090048831598,28.715457590402877,29.876549915579787,1.3916324584287203
2041-11-16 00:00:00,24.77604989988577,27.162291948194795,28.463751101742663,30.089017561462562,25.85143712812612,24.588682025638544,26.93546643750558,26.08969108041967,16.563639373082772,27.161497118986293,28.41691784192016,27.181883357049283,26.632252081676775,0.5496312753725086,29.861729158981003,29.879147618045383,30.069249042173848,-0.017418459064380443
2041-12-16 12:00:00,26.94009700386357,27.63650257547942,28.515229987544036,29.87098755065736,24.4709527349785,23.390786375286837,25.973293083267915,25.040025786220006,18.160009739942257,26.226099512798164,29.082303447538045,26.178913334478466,27.547853248269586,-1.3689399137911202,29.606107152807038,30.71652740768405,30.02501302749218,-1.1104202548770132
2042-01-16 12:00:00,28.70796923396663,27.749177727967496,28.302574260452936,29.440526988563487,23.45439783876428,22.622578253725926,25.22339140929591,24.389017026591624,20.373881262259278,25.52018918079357,29.521430703482523,25.54146150185108,28.38764035030705,-2.846178848455967,29.825212515945235,30.24685452639196,30.40058274852256,-0.42164201044672467
2042-02-15 00:00:00,29.4158129927095,27.672694715310808,28.23843035466139,29.38253384718175,22.93612199336276,22.14496684099713,24.84157345628614,23.920786614468565,22.07713884529274,25.12923335468686,29.879210080786034,25.062909295373235,29.15530661787488,-4.092397322501647,29.878891035730085,30.741041379061326,30.393154819879594,-0.8621503433312405
2042-03-16 12:00:00,29.489034664326248,28.081775142726084,28.459822516518102,29.590866003029053,23.001269555160473,22.280220051578883,25.017778898833864,24.249057408253602,21.78910156814768,25.303277336053718,29.998228792508222,25.338344973454955,29.516566841393757,-4.178221867938802,30.013658404777765,30.993321254652,30.46405263686069,-0.9796628498742344
2042-04-16 00:00:00,29.29637881519495,28.88189261588495,29.01534813401999,29.860157919552456,23.59490411846893,22.81158245430182,25.343024451716154,24.621770078038175,20.44040327332628,25.628133465470953,30.019221036251626,25.63392522315017,29.460980794432217,-3.8270555712820453,30.752187922743733,31.111663254528864,30.990576402797352,-0.3594753317851307
2042-05-16 12:00:00,27.589769002985836,28.84492690936018,29.42214157579525,30.303316844151635,24.224176076132785,23.392669295181157,25.745255061785475,25.05303927341484,18.650112802195153,26.038217783814755,29.381698246562028,26.092910001158845,28.652814270891156,-2.5599042697323107,30.990280312309096,30.90790463580764,30.819991265646483,0.0823756765014565
2042-06-16 00:00:00,25.715101193804408,27.83702770232658,29.28330851352048,30.654464112012953,25.19111245735381,24.040717215878505,26.29399237948033,25.56073199342027,16.928258888214234,26.582461584387154,28.595680096360105,26.65402975980236,27.53601632301439,-0.8819865632120312,30.268893084595334,30.562297967204508,30.110782402751767,-0.29340488260917397
2042-07-16 12:00:00,24.62816907370962,27.242313014133472,29.096026141748148,30.77810388643962,26.140665003802482,24.85023121921787,26.927583395477,26.248377304369548,15.731201672178692,27.146077625462812,27.88292997291434,27.224301111666218,26.623933905971413,0.6003672056948055,29.423803004668606,30.29180302622783,29.25733264860846,-0.8680000215592223
2042-08-16 12:00:00,24.431380401006912,26.99556103437566,28.76262703523901,30.680430310097822,27.32878988890892,25.92521487226075,27.771738235922268,27.168217735954666,15.164929043019043,27.91656482337316,27.481160677492095,27.978966365034392,26.17703706597763,1.8019292990567628,29.285029690475422,29.29874874560338,29.097062464447806,-0.013719055127957347
2042-09-16 00:00:00,24.694514571359033,27.16935976105808,28.69513936063209,30.621739037472278,27.608534893854895,26.301701661324813,28.21894555643875,27.588926544302584,15.369980561410518,28.28895687439596,27.518904356459178,28.36871807614726,26.13211580123479,2.236602274912471,29.652270557845387,28.025517519479905,29.308525538118364,1.6267530383654822
2042-10-16 12:00:00,24.242100874119604,27.255327715463903,28.678472872895963,30.633234810180575,26.92486012186937,25.800967961677472,28.042463124077518,27.384360094066928,15.509032445599729,28.12889955746578,27.809307132719418,28.250634090896,26.469571086797934,1.7810630040980655,30.14189305661137,27.891350359799365,29.70942577657818,2.250542696812005
2042-11-16 00:00:00,24.55890203724501,27.318263663232095,28.718363443000037,30.708407168525937,25.652030400562563,24.567212436554186,27.259239673397065,26.535452706652777,16.371895242909275,27.39062742924763,28.564686059327396,27.53386831220981,27.20252203152009,0.3313462806897185,30.45941667790967,29.0457103073171,30.340903340319976,1.4137063705925677
2042-12-16 12:00:00,25.717097481155804,27.48621084782589,28.603220495042223,30.352800695372174,24.375479331012606,23.328768429227008,26.10327415307477,25.23890319487692,17.813800587614892,26.329384532281637,29.21985875186667,26.383393913687303,28.214671646592933,-1.8312777329056296,30.37488284975668,30.148333137603927,30.772761983262903,0.2265497121527531
2043-01-16 12:00:00,27.262805259627022,27.3101806909847,28.23570154416236,29.70181536674611,23.360615736578485,22.291478943609942,24.941509288888874,23.870992553293824,20.11474630368448,25.243320111634723,29.635746664173478,25.100851266447275,29.106317807357257,-4.005466540909982,30.119117872523823,30.883238727472666,30.663828491788482,-0.7641208549488425
2043-02-15 00:00:00,28.53405335536136,26.5854304921363,27.41256170342996,29.03124145950017,22.82180410899307,21.670028060603574,24.33636070757378,23.197542312129194,21.68452058118217,24.622611341490895,29.83285010596859,24.38916713809406,29.50057324974047,-5.11140611164641,30.27263523340722,30.76771070146298,30.840194878225514,-0.4950754680557594
2043-03-16 12:00:00,29.114152047467293,26.92455116173367,27.171310662686825,28.787981936596292,22.67674296866286,21.609062837713243,24.337531211874584,23.3113252191059,21.58630190104875,24.599344160638942,30.02251130658039,24.44193045191885,29.692755129120282,-5.250824677201432,30.60538017290378,30.96156407643288,31.16196897870733,-0.3561839035291001
2043-04-16 00:00:00,28.499886573421584,27.56933279861124,28.05951328146823,29.03572938110557,22.935607104361623,21.90484430688958,24.68346562551497,23.890309033291818,19.93224984439636,24.868434294943913,29.932345030684615,24.9177875835888,29.41677907335852,-4.498991489769718,31.204640632315197,31.183463585974675,31.434364623327404,0.02117704634052231
2043-05-16 12:00:00,26.92628300765948,27.86996055642801,28.608675850492858,29.682069406593044,23.612467073761493,22.624462711800838,25.212469806010624,24.50049924632126,18.548208668975644,25.38318440986153,29.384796458000412,25.497608378232492,28.53706129728127,-3.0394529190487773,31.319543438781107,31.267186390526643,31.24941035186764,0.05235704825446419
2043-06-16 00:00:00,25.492068684235324,27.17376913026431,28.38493721523241,29.783174496328893,24.71211846748492,23.587572769094017,25.759108261250244,24.999745544287507,17.329068138271225,26.00376432256464,28.518469461577553,26.061160538449613,27.470171742605164,-1.4090112041555507,30.443803546670978,30.972194159620297,30.20159219614043,-0.5283906129493197
2043-07-16 12:00:00,24.371971636496568,26.330656938340283,28.14416862704545,29.961514000525437,26.05351819771865,24.773125373532025,26.477187968281637,25.727719479567032,16.430825743414964,26.764780757991353,27.775147910757184,26.790810543190457,26.495054800410383,0.29575574278007366,29.628648378554093,30.19907800941938,29.39834418633786,-0.5704296308652879
2043-08-16 12:00:00,24.240332241310004,26.48539939236588,28.279876104165872,30.100921332634606,27.150694633077848,25.920490470569806,27.491581866325532,26.815227293378587,15.628095521576356,27.703781096492303,27.45350117554177,27.725043346235125,26.046747200140352,1.6782961460947732,29.472126746212847,28.77588206914594,29.266412896395934,0.6962446770669075
2043-09-16 00:00:00,24.102569630862078,26.943228992854152,28.533353560141492,30.354543530020706,27.770114518206327,26.558186766754687,28.143084670667744,27.476287495578667,15.195600884848703,28.33590589918022,27.469249895010147,28.34335839614331,26.07516241021001,2.2681959859333,29.62609862161412,28.27663192569957,29.291718768881566,1.3494666959145505
2043-10-16 12:00:00,25.11530774824447,27.36201299302954,28.68312745727121,30.358439819009348,27.325397835877578,26.26011759993424,28.324550450390156,27.690161218046608,15.880059177081742,28.39859780596063,27.86596143776413,28.490551464184,26.198545627244616,2.292005836939385,29.900908848002707,28.387646509781632,29.454397544906907,1.5132623382210753
2043-11-16 00:00:00,25.685169270278124,27.766868038208074,28.85928813844979,30.510098479028652,25.760675032086024,24.665134642128443,27.22538065826307,26.404894503559156,16.718205255244154,27.350319969451313,28.543033644977136,27.39213620163037,26.95271929238098,0.4394169092493918,30.201725213801797,29.45016109381091,29.81083533656686,0.7515641199908885
2043-12-16 12:00:00,26.84461190642627,28.12086269066934,28.75890030307375,30.24745395518442,24.301682135624503,23.395461812184553,26.107293720831628,25.22403244863566,18.938880733079767,26.31822177608214,29.208171482093267,26.347355748020604,28.096125368182697,-1.7487696201620935,30.18267795777836,30.076929408336365,30.297866836602584,0.1057485494419943
2044-01-16 12:00:00,28.209142031531197,27.912838354728112,28.65693526095229,29.92066367665022,23.165614633373753,22.345444606504465,25.16037856467795,24.229072412468263,20.57829712926885,25.41640653831655,29.644060207788,25.408290530003047,28.91645681665008,-3.5081662866470325,30.05958950611694,30.297254845209412,30.511554388836945,-0.237665339092473
2044-02-15 00:00:00,28.527036504567292,26.728373685953006,28.231100578201843,29.751549131017658,22.740002535523914,21.90683045240656,24.68712026525297,23.791737755750294,21.61012369687152,24.9694552095663,29.791059182626967,24.92785231562465,29.493053145732606,-4.565200830107955,30.14790954191205,30.479814500386848,30.654799004446772,-0.33190495847479795
2044-03-16 12:00:00,28.60445263758777,26.526994109631147,27.497559331012596,29.469500623270665,22.702360548654987,21.8297385696321,24.621014042763885,23.85242281391716,21.304984534468698,24.891185570737715,30.011561911741083,24.942238631943336,29.871944894135574,-4.929706262192237,30.589291708491217,30.558551849593073,31.196727026780234,0.030739858898144234
2044-04-16 00:00:00,28.423723025387943,27.22580458097191,27.393327543599128,29.138506297262253,23.126697443537672,22.180054878057422,24.93906728908712,24.183387343595843,19.965850951723187,25.1370857688698,29.98572137379447,25.19345574279961,29.597448038808917,-4.4039922960093065,31.319225901808522,31.441879788159724,31.56681636954741,-0.12265388635120189
2044-05-16 12:00:00,26.76904997560839,27.33701729825308,27.95668620380853,29.325888864123023,23.976506296255387,22.779372405538616,25.494627155453415,24.700828057650888,18.78724520956101,25.618926180283385,29.250111109531183,25.643341864392244,28.498707093427356,-2.8553652290351117,31.26536264591095,31.467729822961633,31.034710863628728,-0.2023671770506823
2044-06-16 00:00:00,25.29698475672802,26.45405718278467,27.626378424633206,29.374161223120193,24.981717130173575,23.586940179845886,25.992805801432475,25.25851677721492,17.846012778006468,26.201001699786467,28.42880868622904,26.290959412588354,27.39733493634314,-1.1063755237547852,30.314502560588053,30.997112589674664,30.106264740714074,-0.6826100290866108
2044-07-16 12:00:00,24.242938382053847,25.711821498314766,27.436243813969416,29.52665414588029,26.154425811985835,24.673111917868663,26.801760217484016,26.12821957067443,16.68904557759639,26.99584958022728,27.72212308423462,27.097035984217058,26.59999533269743,0.4970406515196295,29.32770234506329,30.506186607357886,29.197359739236088,-1.178484262294596
2044-08-16 12:00:00,24.003260810094424,25.399972272972,27.10769747568156,29.376293665726536,27.307948416917906,25.731423215077044,27.67018834012804,27.035026562684653,15.963077244304365,27.73419547209562,27.349949744177863,27.78750423479632,25.9509365785103,1.836567656286018,28.983278540939658,29.916607736602753,28.870635323162315,-0.9333291956630951
2044-09-16 00:00:00,23.849461647892717,25.77208483434909,27.312127050556136,29.237009895197517,27.75817885768055,26.373652581637035,28.29603953966083,27.698386227017757,15.71111956242849,28.32466289602123,27.36408306305782,28.44620602205592,25.650185726874692,2.796020295181229,29.17408053068375,29.076897646393107,28.977227456561828,0.09718288429064259
2044-10-16 12:00:00,24.043554733845458,26.254694653529782,27.424075627500248,29.186677746275077,27.24970719819159,26.015234529088303,28.2277157045977,27.43427798754725,16.328115891923794,28.24631692386291,27.797877180179338,28.239940007205316,25.914481840776745,2.3254581664285716,29.793061368216314,29.393784375630265,29.37416544699709,0.3992769925860493
2044-11-16 00:00:00,24.37084819772141,26.405349748220342,27.58876178710014,29.234907144887565,25.862429242632977,25.062714004902208,27.619594322791038,26.937922038141238,18.086567591760964,27.72516295878817,28.485077551872806,27.921987938799152,26.621991197181334,1.299996741617818,30.176734637284415,30.19954032306832,30.07519829666289,-0.022805685783904295
2044-12-16 12:00:00,25.445097223536724,26.958831302202643,27.884804998090456,29.00874963958616,24.424813068997164,23.88860974784881,26.5143103273144,25.984241700516602,19.535253212434707,26.7098652464012,29.07917217109631,27.02875308533971,27.467234758405592,-0.43848167306588337,29.65207738520588,30.628862282220073,29.982200610582257,-0.9767848970141912
2045-01-16 12:00:00,27.502771740601844,27.243925254343615,27.96233354672499,28.94185721705845,23.302169159382505,22.650726030943925,25.339912635037834,24.543468819857637,21.12384066719811,25.58607981228773,29.481617538911284,25.73433334225867,28.218116610384612,-2.4837832681259435,29.404247121162744,30.559347550736845,29.986789367818226,-1.1551004295741016
2045-02-15 00:00:00,28.961975514110968,27.096614969516686,28.165212591032564,29.189731922331926,22.9159865779749,22.234488840511748,24.976846609633917,24.00541804650887,21.93028013663409,25.184801676526675,29.816483262592232,25.12898448280394,28.983582130344335,-3.8545976475403947,29.970598675055978,30.931531111108082,30.741254786671195,-0.9609324360521043
2045-03-16 12:00:00,29.52470370240692,28.01487707997025,28.59858103725959,29.47868104838544,22.853312871353637,22.025922457277968,24.68369086819237,23.74043940745537,21.715784512433974,24.89193581404075,30.15284901261559,24.804435134744605,29.36574552156007,-4.561310386815464,30.40991777812349,31.065424288278685,30.9225785746155,-0.6555065101551953
2045-04-16 00:00:00,29.311706171246342,28.952714518120747,29.20142703958395,29.993286881675687,23.019946978827072,22.15025530904436,24.806757094794456,23.97416160669914,20.448366933947717,24.978185433262272,30.159360533159354,24.99191213706422,28.964726797309098,-3.972814660244879,30.78922033539258,31.459082015125293,30.849158012282597,-0.6698616797327119
2045-05-16 12:00:00,28.797788837421628,29.522712235912092,29.710917308782772,30.192348612150553,23.973780688467503,22.880592722380268,25.35983879686125,24.54924203063304,19.05756350002252,25.54738141929753,29.744520417871527,25.562353108641435,27.896355019617943,-2.3340019109765073,30.965552965126673,31.29870838205736,30.694955140133462,-0.33315541693068695
2045-06-16 00:00:00,28.230157881704315,29.64585472787272,30.04590154095839,30.6306272600985,25.413611576772123,24.125007173548482,26.03270743882991,25.195425511345235,17.50869194681887,26.317898622563813,28.994868358248098,26.240828334879588,27.18840326720795,-0.9475749323283615,30.284439056349246,30.883916661368733,29.771752097213763,-0.5994776050194872
2045-07-16 12:00:00,27.392997562764528,29.2061756044936,30.209823765812587,30.945042346102156,26.525919033148558,25.064458030999027,26.858625696767287,26.118332982627205,16.38086393702737,27.11281726463726,28.262075923809302,27.08929112260241,26.332353989896742,0.7569371327056693,29.59749506789199,29.95940978869413,29.020880736052227,-0.36191472080214027
2045-08-16 12:00:00,27.12471433874341,29.072469386894902,30.40321302737866,31.156648851986755,27.707352409861986,26.409873522437202,27.81214508053999,27.174708119847153,15.55781390167112,27.973715801288012,27.86752205394393,27.93835726316144,25.69852863192144,2.239828631239998,29.31018239281197,28.231723431090934,28.85973916578662,1.0784589617210365
2045-09-16 00:00:00,26.988431268478273,29.408180989806134,30.672133276221086,31.354026137189052,27.98542199747732,26.886203521953817,28.525803758520325,27.880231879915602,15.31922053106853,28.528480902830772,27.867945276331245,28.517902861513253,25.544142185313714,2.9737606761995394,29.573774422390983,27.07002090187707,29.070487915654436,2.5037535205139143
2045-10-16 12:00:00,27.476285172761433,29.880214311877744,31.06580424292375,31.51697405996618,27.284830371394655,26.396914424046006,28.502790084728588,27.934668790837712,15.706375721976817,28.59814813793184,28.291641050620463,28.791975065391718,26.353649311759394,2.4383257536323235,30.105728179166604,27.44294355067567,29.515418233613463,2.662784628490936
2045-11-16 00:00:00,28.55206035897232,30.41369658044866,31.240021325210915,31.406293767063417,26.25712588752639,25.391573690912356,27.64138705697087,26.94518878022711,16.61186227502801,27.846203982111838,29.10526747202063,27.94351576676583,27.43512000623396,0.5083957605318723,30.268854409809833,29.01194406983031,30.035248610338993,1.2569103399795232
2045-12-16 12:00:00,29.765028696550722,30.415837580911255,30.95172109874244,31.041438723881065,24.92733291887247,23.962264843140527,26.295573701111834,25.45841120725504,18.300382168509728,26.56258410027768,29.809850059062878,26.48455379106039,28.468512149339038,-1.9839583582786489,30.36465700628691,30.53637716303601,30.442970805582114,-0.17172015674909957
2046-01-16 12:00:00,30.421186607119026,29.771234193461247,30.14578211214084,30.296999786771757,23.819057495711064,22.948405125399077,25.698334594660636,24.791309507991127,19.614368338411087,25.911811904730428,30.24734763625615,25.79790827997771,29.220244187056167,-3.4223359070784554,30.580260848941784,30.8668935043227,31.104542224870467,-0.28663265538091665
2046-02-15 00:00:00,30.136368774233905,28.949801688079866,29.2349349350405,29.775633283200225,23.187352510233715,22.375447912100487,25.463416651163573,24.540121339812956,20.364968474071468,25.574257940054274,30.452744118551887,25.511314445619888,29.9942020797501,-4.482887634130211,30.765434072768315,31.35340531194612,31.40139895907798,-0.5879712391778043
2046-03-16 12:00:00,30.027654476765434,28.85778638565113,28.715621092143113,29.306743684477908,22.984013518903083,22.290097586097694,25.418070808262048,24.64234965675076,20.704042228030968,25.484272600544834,30.50762530103048,25.570857355970716,30.307622275673367,-4.736764919702651,30.772123677326043,31.4802758399351,31.303722918887182,-0.708152162609057
2046-04-16 00:00:00,29.47885650409936,28.97726662581392,28.676695489078103,29.196482997176503,23.274232332443408,22.46582502863763,25.389872540490753,24.545695652017788,20.075494190717773,25.4382437271127,30.397923106287415,25.503304118604127,29.821072004320744,-4.317767885716616,31.318403773356593,31.78529103333746,31.622171001408287,-0.46688725998086866
2046-05-16 12:00:00,28.295683456698466,28.571435472366122,28.884341931394133,29.585897241772145,24.174908755334535,23.28186220091872,25.868507880559243,25.090956695074716,18.778380147187807,25.949227623155945,29.77273561100593,25.980297793994463,28.556576357498432,-2.576278563503969,31.608762531345963,31.6512970383701,31.6136115784019,-0.0425345070241363
2046-06-16 00:00:00,26.667936428863115,27.38382372976349,28.581291236262107,29.948855689340363,25.314785918244016,24.146730099949455,26.305299544854442,25.593240687208766,17.0015927695398,26.518433708054253,28.84379830444298,26.588509445663092,27.59820867907231,-1.0096992334092185,30.495487317799387,31.101198557024247,30.28097545657679,-0.6057112392248598
2046-07-16 12:00:00,24.44900892504753,26.329888460846853,28.281188376401815,30.162177423808995,26.156463527789874,24.915021899869057,26.984204228835868,26.325215005515552,15.99226710194698,27.138139588194,28.031972894268833,27.21304567841761,26.589081886518343,0.6239637918992678,29.73196884287936,30.6374041746854,29.638523270134645,-0.9054353318060393
2046-08-16 12:00:00,24.12910090677834,25.900658042632067,27.76455884875801,29.991610464894844,27.31910231884094,26.00624425018397,28.0152376667097,27.46253883405698,15.10488430730076,28.075403657226147,27.593912876351745,28.203879072846778,26.096976450224172,2.1069026226226057,29.444024546784462,30.0906713617201,29.415569938011235,-0.6466468149356395
2046-09-16 00:00:00,24.841711135683138,26.008987778097467,27.282102432784285,29.475006657835856,27.544757028524913,26.27180315772989,28.583886292380328,27.962575660680397,14.844818851672173,28.481832370064794,27.558690808180692,28.64573676261591,25.94739249051167,2.69834427210424,29.644810783642995,29.423375127803574,29.572430328108613,0.22143565583942149
2046-10-16 12:00:00,24.36728617107925,26.13328793540749,27.34342216625531,29.230780049679268,27.068741349183274,25.86895833538726,28.40669797698093,27.812211508705598,15.34390973450063,28.41210663957164,28.009961159681154,28.675305516266892,26.461120520482584,2.214184995784308,30.273385377171586,29.687907247986004,30.026523571437693,0.5854781291855815
2046-11-16 00:00:00,24.629582627896834,25.940400957261044,27.362574372269545,29.179028064602686,25.74743952988654,24.73404135272944,27.513491954028872,26.904538659289255,17.05640447109514,27.624457232925657,28.644883933025692,27.915605816393846,27.334004151916155,0.5816016644776916,30.524918737597368,30.13449443571411,30.46733805534514,0.3904243018832574
2046-12-16 12:00:00,25.957657054538455,26.141303842335017,27.12261984903611,28.768825298123147,24.43839552866025,23.592361413438876,26.24753665253233,25.424479204538212,19.077289625011744,26.46458586207846,29.189913504400774,26.48375756762515,28.169336884562412,-1.685579316937261,30.202030596667505,30.82955433537724,30.49673927494125,-0.6275237387097334
2047-01-16 12:00:00,27.3253099991895,26.223236244362006,26.90401401037117,28.25068538214945,23.411607720685158,22.655102138399847,25.266950987898195,24.341802257026412,20.80931239309015,25.562416053919378,29.506492931864685,25.49476928713246,29.067651992675085,-3.572882705542625,29.888285447077475,30.99882622697128,30.385096516922783,-1.1105407798938032
2047-02-15 00:00:00,28.03336573857351,25.178460484503383,26.11161348122709,28.191370372754747,22.6531595667246,22.031813334857038,24.68733642239619,23.772478400868497,22.342445696547433,24.95601167564803,29.642080536750825,24.892007536745613,29.73321783133088,-4.841210294585267,30.09110144284737,30.762831901498576,30.592373044946292,-0.6717304586512043
2047-03-16 12:00:00,28.554480944409082,25.595348833792805,26.13885597660063,28.266267662673922,22.70432200632317,21.980728602216672,24.546930283738924,23.57896030660322,21.901051797045692,24.796809137540723,29.81458243621555,24.675000872010152,30.357730183152505,-5.682729311142353,30.56101920778854,31.170340491472658,30.97085956936103,-0.6093212836841175
2047-04-16 00:00:00,28.47032317949939,26.555893748414896,26.712294546462733,28.419770081681925,23.10342173205465,22.45926545517496,24.8322236757342,24.035796502681038,20.776819544890422,25.01643644712654,29.78675060430973,24.9982274021824,29.611267338289558,-4.613039936107157,31.126293172130314,31.4932465680469,31.226878430703138,-0.3669533959165854
2047-05-16 12:00:00,27.236770646049806,27.304253930625574,27.642789361546825,28.845706404700522,24.007632247047802,23.275100815959505,25.418932435570806,24.64034528422956,18.755999991080998,25.534638586303192,29.20654969531299,25.52391756651809,28.63266167812275,-3.1087441116046612,30.741741732348522,31.225832184444243,30.538134462326315,-0.484090452095721
2047-06-16 00:00:00,25.177197179511445,27.348962138016272,28.090667023099908,29.150778735814296,25.353398540555123,24.422627252250198,26.122971555935113,25.36873560403092,17.627121100191587,26.314746596974203,28.432083820575738,26.2506976364402,27.295436699897827,-1.0447390634576266,29.739981518678956,30.976170449244556,29.42789055326277,-1.2361889305656
2047-07-16 12:00:00,24.09674065601952,26.504097273909515,27.965054838980134,29.22668082135377,26.88893151625745,25.94346475132357,27.109049615299732,26.372752367855988,16.654070035357638,27.289385976945862,27.73474085387925,27.15693518596584,26.321101237315876,0.8358339486499631,29.147653378092645,30.377885981488777,28.92368003611321,-1.2302326033961322
2047-08-16 12:00:00,24.042897625202453,25.918984934196587,27.5800983609251,29.221097433108614,27.73349125414681,26.947398747668203,28.337390141691763,27.81018069235728,15.54559774811864,28.320783510539336,27.300444711561994,28.345445922424318,25.926964930622773,2.4184809918015446,29.096107462635988,29.497883321484494,28.841329048641533,-0.40177585884850586
2047-09-16 00:00:00,23.14441289237331,25.615410735348338,27.33760136986548,29.188501642725722,28.17086496165006,27.46337130358459,28.98393703130732,28.575783160725585,15.242623353473293,28.925719384531906,27.15413760712367,29.092874984430775,25.894715486292537,3.1981594981382386,29.35027215959164,28.387141155012966,28.98609965893565,0.9631310045786741
2047-10-16 12:00:00,24.158805292052865,26.091659138348284,27.436869920766924,29.092332894996247,27.494076921783876,26.926265217963387,28.847341053780298,28.23708561817512,15.813427305594928,28.82889942352678,27.65468454372167,28.93037489866061,26.46594908824666,2.4644258104139496,29.844649966642532,28.512561495186876,29.378744297854674,1.3320884714556556
2047-11-16 00:00:00,24.99014444248363,26.606897501266705,27.780222932389233,29.174524613370856,25.982340184658756,25.44548488844148,27.69239280530914,26.873287782549887,17.466815410362205,27.76990000881334,28.45299066019166,27.808412720736836,27.20304487370735,0.6053678470294876,30.00281554231961,29.73454549154714,29.79071280965131,0.26827005077246824
2047-12-16 12:00:00,26.323773783763905,27.148399909540505,27.860075240516654,29.13517900265189,24.566741028166792,23.88615490047768,26.372669129720244,25.533555258282764,19.172156097055222,26.583960087475006,29.14485276613971,26.603970039426528,28.202506802187735,-1.5985367627612064,30.007457233094048,30.221870356171088,30.083165191444415,-0.21441312307704052
2048-01-16 12:00:00,28.26852653781822,27.50734339196409,27.792528355164876,28.702830501869503,23.48883023635821,22.917154369968767,25.394979262139998,24.579526818212532,20.991656171987778,25.69382232112189,29.647113016823365,25.68449745583148,29.198246026362384,-3.513748570530904,30.142677813623838,30.541227291825226,30.700950046232307,-0.39854947820138875
2048-02-15 00:00:00,29.13451968267791,27.084310634615015,27.60313099623342,28.807312916081393,22.7329834863255,22.156684269930775,24.738255598490497,23.85154785936907,22.177051526589697,25.055672693762748,29.82873380468219,25.007425503060293,29.8957328012819,-4.888307298221605,29.90721654402256,30.93659793734376,30.45561890251615,-1.0293813933211986
2048-03-16 12:00:00,29.081684801781446,26.8498677745174,27.722551245327058,29.005235595006486,22.614643503083766,22.044343739929186,24.643174600475813,23.757885641340827,21.52976345334779,24.879911046009376,29.955212190094123,24.843737324146677,30.092106436447118,-5.248369112300441,30.26157915680308,31.340545499938592,30.83071731263327,-1.0789663431355123
2048-04-16 00:00:00,28.897221212745844,28.00979192245199,28.126809221989735,29.241520193976186,23.068330426275118,22.37779731610703,24.841438044936258,23.988823592589082,20.224358182133013,24.99937066944203,29.977404848160823,24.979683563550324,29.62308730810076,-4.643403744550437,31.28120982270552,31.24910573779574,31.578100665417594,0.03210408490977912
2048-05-16 12:00:00,28.539637166985944,28.720184462988055,28.92803621988446,29.636151507113194,24.02272680116825,23.319147364487428,25.474806899196572,24.655821502862544,18.86082850895625,25.59297055698824,29.5481039952145,25.52432706107094,28.46760075726347,-2.943273696192527,31.43244170735721,31.288413013512276,31.27336350924167,0.144028693844934
2048-06-16 00:00:00,26.856963219914007,28.19969180696265,29.21416769548843,30.105383969701684,25.13037096495355,24.16743474628153,26.07759903710255,25.271380262017722,17.88418296233094,26.26681461307879,28.671799212668297,26.20691908113445,27.46027069524818,-1.253351614113729,30.51355989908834,30.99226780805503,30.20315665441189,-0.47870790896669035
2048-07-16 12:00:00,25.949151583521203,27.676752901486957,29.173025314587033,30.42815539564173,26.295013826363153,25.19290797847987,26.880034264323786,26.167553117654442,16.63340115260747,27.085572579411846,27.951435167410217,27.0739575452602,26.639686118935764,0.43427142632443605,29.587389438020587,30.547683922863015,29.23646965447155,-0.9602944848424286
2048-08-16 12:00:00,25.500891578232075,27.46628143372269,29.19436036788701,30.731898471781097,27.457362901611837,26.37574088537786,27.977335329915586,27.417822049049565,15.771332335206488,28.11404731276236,27.57906612505942,28.194459302034943,26.263883717684575,1.9305755843503682,29.354346995911797,29.49163582463174,28.974298449391867,-0.1372888287199423
2048-09-16 00:00:00,24.857186559080173,27.44332385463714,29.085143666612506,30.796642908770117,27.818509168944217,26.734460205686602,28.60312491635276,28.008179123893456,15.488553301245469,28.625039053372618,27.50324334181835,28.744170068695105,26.236458195978596,2.5077118727165093,29.57927934646927,28.05938048040746,29.126211747925055,1.519898866061812
2048-10-16 12:00:00,24.89955488990162,27.571008919463928,29.168389419325745,30.951254226704375,27.467795164514097,26.334659620552415,28.594658035440236,27.999431736561494,16.069225203354282,28.68149497646016,27.876511507843126,28.869132136526403,26.65942899981177,2.2097031367146336,30.099471472168894,27.803101344379563,29.51047014929168,2.2963701277893307
2048-11-16 00:00:00,25.708769306924616,27.875379564895415,29.08240372881353,30.875860048468386,26.380051894080577,25.65532457155402,27.91425395480094,27.42154606669482,17.147305299810824,28.070170562478456,28.623362766059724,28.363796739457932,27.15629393103004,1.2075028084278934,30.522069946443487,28.659140687279677,30.114348317909112,1.8629292591638098
2048-12-16 12:00:00,26.146996017384076,28.139946220190392,29.018762366244168,30.629467325005823,24.91893131381881,24.295263098661053,26.58956119400181,26.02057581152551,19.284053398139715,26.85665552490383,29.20030992781449,27.081547156685417,28.148745719110835,-1.0671985624254177,30.618057551798998,30.043779811113897,30.62906331489998,0.5742777406851012
2049-01-16 12:00:00,27.255019309971818,27.827869420380487,28.749584763497694,30.180088166343687,23.80351964786744,23.061449406967913,25.334306272954546,24.356380155259895,21.274708005174983,25.65392228508326,29.569935614916275,25.518332682356455,29.016488872734143,-3.4981561903776885,30.155594168773632,30.554098130736172,30.543768427692545,-0.3985039619625397
2049-02-15 00:00:00,28.83147498203365,27.332550678227182,28.338422417898038,29.725483409791597,23.40353613381771,22.635929969202873,24.899444996780353,23.86157514664759,21.93313969016948,25.197502359184323,29.954265863234184,24.950077981598774,29.649487154766,-4.699409173167226,30.3296879648097,30.73737727727442,30.890599939375385,-0.4076893124647185
2049-03-16 12:00:00,28.567085151809817,26.84409936939223,27.678177509460987,29.272581323765902,23.378146182756417,22.56640238130217,24.948076251991466,23.963357978001397,21.862555367345887,25.223721048125842,30.049682366077725,25.01866567464698,29.908812940553023,-4.8901472659060445,30.658784005346163,31.219346716006108,31.20072060366893,-0.5605627106599442
2049-04-16 00:00:00,28.428284572543646,26.600148554337835,27.019143779384475,28.878394520021043,23.652513337652376,22.80607469397787,25.124529516684653,24.118595390577163,20.650267677065816,25.336507602863602,29.929437711822867,25.098830478433356,29.438235542815097,-4.33940506438174,31.086940122488013,31.410920250951477,31.345062540009085,-0.32398012846346447
2049-05-16 12:00:00,27.08491581186315,26.70710941689132,27.283074424743532,28.94400543517541,24.416274843697156,23.329850773394565,25.441911195046323,24.314978116955903,19.363582069709043,25.57581789845482,29.251839575303503,25.22397475705767,27.94401548255519,-2.7200407254975225,30.845559070889482,31.27437660934144,30.72835156394373,-0.428817538451959
2049-06-16 00:00:00,24.19786781855951,25.33925348614979,26.965383812112808,29.187314560821296,25.371109189949934,24.03080332813661,25.874885272879425,24.902381650117533,17.66180844173861,26.120062726470955,28.35609433701092,25.89455021023759,26.975820542572563,-1.0812703323349737,30.085856732270365,30.768452003421647,29.889155372896695,-0.6825952711512819
2049-07-16 12:00:00,23.746795617037648,24.963056120253963,26.731528686497402,29.313322290045626,26.690141495415983,25.27758761477928,26.727169077038614,25.882742937407816,16.635596012303207,26.96562348150377,27.75328356373579,26.816072491918415,26.17441180446993,0.6416606874484856,29.358590296568995,30.483613450783597,29.254609663867658,-1.1250231542146025
2049-08-16 12:00:00,22.931023024481927,24.683271278374395,26.50958032974732,28.956212297034792,27.347905562759458,26.02059073384081,27.734083847345904,27.04596078346726,15.732408142936105,27.7288007096506,27.29347857672587,27.692243555303907,25.679003003778885,2.0132405515250227,29.250013526325883,29.769717001236366,29.11179466805835,-0.5197034749104823
2049-09-16 00:00:00,23.774111783440624,24.999104352496126,26.437298500220365,28.8132117316668,27.795639485798656,26.52237672452186,28.494540796687126,27.984162178482794,15.839340732018885,28.37635888135764,27.365362357981862,28.476718349799338,25.65003555814189,2.826682791657447,29.294799512069392,28.66759687005399,29.14489974940295,0.6272026420154013
2049-10-16 12:00:00,23.70655531343856,25.560990135941605,26.809282313031364,28.798938849440393,27.345538887944887,26.227887443232653,28.265702627229306,27.581843875196462,16.5039404989907,28.328514148888154,27.73099433687609,28.392811064931387,26.149629225025247,2.243181839906139,29.821189327036585,28.878046788288188,29.636776676883176,0.9431425387483969
2049-11-16 00:00:00,24.277172088175565,25.87270204413305,27.0879004631102,28.98826784035423,26.154152064710747,25.310946356950264,27.452866039007926,26.595519479705942,17.874135793341793,27.628074661298104,28.32945000497604,27.610974252122727,27.011900881840674,0.5990733702820528,29.952737909546844,29.901552862296548,29.8963100068871,0.05118504725029638
2049-12-16 12:00:00,25.269053571411465,26.100937464845618,27.175412973510966,28.861579960067417,24.835007800776754,23.89019351940252,26.148893445729847,25.144579730868863,19.163909659977662,26.41790687372305,28.849429467388365,26.288144397205283,27.869720047624792,-1.5815756504195093,29.9094682839134,30.642000438234973,30.260611017607683,-0.7325321543215715
2050-01-16 12:00:00,27.36510105295332,26.71613777202925,27.45340477703358,28.40457405533236,23.835971246772772,22.97943777750017,24.889657593575617,23.829051939598877,20.357866096539762,25.306092563577987,29.29949026093116,25.045842605632938,28.72515675903923,-3.679314153406292,29.65311610535003,30.56927663648756,30.072706068723086,-0.9161605311375318
2050-02-15 00:00:00,28.570125249980904,26.828991460089355,27.64070732660196,28.435199515308614,23.12389584109059,22.522609762279277,24.508879650579217,23.67209548710141,21.69371527290535,24.92485346373784,29.66790625435412,24.797575385552886,29.435324807212556,-4.63774942165967,29.862877162622656,30.49714407691617,30.383791065618546,-0.6342669142935158
2050-03-16 12:00:00,28.68481654946615,27.037369133981244,27.752356886326986,28.733822298130494,22.880397383531058,22.33842533500725,24.62918254829748,23.98423547487198,21.830998995419407,25.00847962877585,29.839992052957193,25.039767656176803,29.824056170946058,-4.784288514769255,30.468592850792284,31.031063659187513,30.820088955611883,-0.5624708083952292
2050-04-16 00:00:00,28.046164706010742,27.24924041188129,27.885480595516302,29.015324497149972,23.213543210022138,22.474293618324115,24.75087956556474,24.10756098882108,20.55106560594268,25.084499346697783,29.727147997733987,25.147644061929963,29.169684976673334,-4.022040914743371,31.096650126783903,31.300756676363076,31.068950447496835,-0.20410654957917274
2050-05-16 12:00:00,26.470595715114147,27.515239318994496,28.11878530744141,29.18676788526671,24.18074960985604,23.27772273495994,25.20784304040285,24.443769609636615,18.9117074626034,25.5491195254729,29.183888739565692,25.498085600312304,28.17749635952721,-2.679410759214907,30.703261956866307,31.389091759852736,30.43254274946375,-0.6858298029864294
2050-06-16 00:00:00,25.62138853447915,27.596280311874526,28.470628176907766,29.41138138535264,25.742124603198896,24.567402133204663,26.05342340825411,25.383731155480692,17.557497066970477,26.470893542762166,28.455607904526005,26.372884958187495,27.162180833193915,-0.7892958750064203,29.87943373687543,30.988798697579956,29.616740409968195,-1.109364960704525
2050-07-16 12:00:00,25.167102325417677,27.008411762369214,28.32545868889233,29.52337599394954,26.740838480451472,25.443947533829558,26.939593064497515,26.298483506883546,16.080707591503064,27.205619004371002,27.82580515958439,27.08234772951886,26.221270851454932,0.8610768780639297,29.15101352406124,30.44238169734293,28.990420995011558,-1.2913681732816897
2050-08-16 12:00:00,24.748607114214586,26.950929530907185,28.307292894991733,29.770692287609393,27.712943418401117,26.457560208607845,28.02555701298692,27.49607474208036,15.506447390917103,28.044232074705047,27.467340541692668,27.988088127411043,25.617156388498113,2.3709317389129296,28.964593348179115,29.68203863003219,28.81146619930633,-0.7174452818530739
2050-09-16 00:00:00,24.49974070041427,26.839415596663866,28.236340052054206,29.853108042132604,27.80298460838586,26.553143236366335,28.52936012653543,27.992966493534873,15.525373439553123,28.445632834927444,27.45262710900176,28.50494010867385,25.535585970958483,2.969354137715367,29.405068552262378,29.238870694606067,29.135948828446157,0.1661978576563108
2050-10-16 12:00:00,24.882996600237178,27.205012404546302,28.451237510921498,30.077117274283925,27.25802613152157,26.20679062877375,28.393543965248533,27.753666304965655,16.455904181766307,28.393654847431062,27.910564935099675,28.470009779730457,25.96094473448858,2.5090650452418757,29.82444158928982,29.543057837447382,29.495656797790772,0.28138375184243714
2050-11-16 00:00:00,25.538956227713008,27.480811863341433,28.65003073040406,30.200582280781415,25.977024603740542,25.0870645407438,27.63357638847578,26.92509384519214,17.562392703990863,27.722084676073937,28.53061322804898,27.866018244225053,27.063459704037417,0.8025585401876363,30.233980609545853,29.98955109577789,29.959722014282814,0.24442951376796174
2050-12-16 12:00:00,26.582614415961178,27.773841975083062,28.529596329751268,29.979996628181055,24.41216429810181,23.75255955165891,26.36123259990386,25.65678106718575,19.3923996850739,26.54585838426807,29.225513702695444,26.685322747988042,27.957680347643496,-1.2723575996554537,30.118569580603147,30.583844150482573,30.39653642197664,-0.4652745698794263
