time,nino12,nino3,nino34,nino4,norte,norteleste,centro,centroleste,cbm,tna,tsa,nat,sat,tasi,wtio,setio,swio,dmi
2015-01-16 12:00:00,27.976150283677548,27.426555783013377,27.821333769906904,28.7535601075883,23.090309196750436,22.043702060293572,24.310953985945996,23.208626243609466,21.14880755055392,24.669525090889458,29.075778862007677,24.431330366793844,28.446915113499436,-4.015584746705592,29.292635533555195,29.769315302922188,29.823618383668737,-0.4766797693669922
2015-02-15 00:00:00,28.434123344361403,26.65261311325076,27.915373861503404,28.738519662185475,22.609165971098005,21.45633801404935,23.627510444805477,22.410663135965493,22.414878695338235,23.989523098513484,29.30444323067609,23.624584686673266,28.911498108960433,-5.286913422287167,29.339104817741354,30.314401293521318,29.97681216526831,-0.9752964757799631
2015-03-16 12:00:00,28.667068172525983,26.71690748470311,27.614296085914656,28.857382906147166,22.44562875832967,21.38103858835554,23.742557727569274,22.73040714572975,21.752097274953606,24.070919666263197,29.586037111287876,23.866246267419257,28.993186198842903,-5.126939931423646,29.83344366542604,30.41080207052786,30.510675520622826,-0.5773584051018226
2015-04-16 00:00:00,28.38059506433577,27.203000842999877,27.346305816384817,28.804711401818565,22.755860395711768,21.907010715850326,24.222253527539337,23.42407887764116,20.182644752251292,24.520584098345577,29.441451203807876,24.439221488896578,28.956814383218582,-4.517592894322004,30.329457796516163,30.5456036840843,30.550143183209332,-0.21614588756813546
2015-05-16 12:00:00,27.096214220298556,27.40737453654075,27.941523571982643,29.066595031224534,23.63398880959082,22.818827641154872,24.76850222382708,24.113769473460934,18.260260619070866,25.056460407796415,28.89783277255997,25.057883103117653,27.905156700721914,-2.8472735976042607,30.562090359710258,30.58424274355083,30.446307436478033,-0.02215238384057372
2015-06-16 00:00:00,23.599111570829656,26.415751825068302,27.891848335093435,29.267302362939635,24.77565840090712,23.622070357738277,25.447306985672814,24.800074425786622,16.91335389804852,25.690859340900037,27.925829503397015,25.71415341987092,26.446440085513572,-0.7322866656426505,29.594241819458478,30.43434034727867,29.30901554691823,-0.8400985278201922
2015-07-16 12:00:00,23.1080446889885,25.581464665711128,27.55399853926445,29.42269194809933,26.07002255414963,24.770129628778868,26.41922129231536,25.865202506797225,15.694135977492335,26.57653785550876,27.18557649660284,26.635418820978977,25.513260749645834,1.1221580713331427,28.584977811833223,29.85847066179527,28.387941300520524,-1.2734928499620466
2015-08-16 12:00:00,23.07754982124188,25.309243873843837,27.28198465679345,29.46512040005338,27.078424362570665,25.741389443978473,27.36870041510566,26.763255739265055,14.90897296185705,27.37757265637284,26.84390228884632,27.39853753035885,25.106188174736864,2.2923493556219867,28.4934184311049,29.01052500299575,28.305022462670816,-0.5171065718908494
2015-09-16 00:00:00,23.641142073444936,25.766575675100686,27.132700838711916,29.163874003568488,27.13768809036526,25.782887560576807,27.865225561572206,27.20385716471011,14.747000242101123,27.82615373834745,26.864703588194143,27.945635175040117,25.333269203841674,2.612365971198443,28.841065643684342,28.40726985641693,28.5777555917492,0.4337957872674103
2015-10-16 12:00:00,24.25110197985193,26.47226397194445,27.56295276565301,29.179805268541585,26.360168217048656,25.130881462831876,27.389674085524902,26.58833303678677,15.324581573776904,27.42944084386366,27.270272893892848,27.481680571339503,25.737504042822543,1.7441765285169595,29.385707616970915,28.04539440529105,28.96069286806892,1.3403132116798666
2015-11-16 00:00:00,24.75487876386799,27.002980737201256,27.943116108820387,29.22182362379765,25.080871003912726,23.90579362473067,26.49558752635292,25.527887321934784,16.096297578894067,26.637887963750536,27.954134436921525,26.62205505966341,26.542115517900584,0.07993954176282614,29.624772750088674,28.439041487022106,29.44771113487355,1.1857312630665682
2015-12-16 12:00:00,25.92455755082591,27.430878649837553,28.0903239655946,29.12288015266963,23.966520315752422,22.923184398301412,25.224968654927686,24.25187442958691,17.992610111735182,25.52310695945693,28.738002824615766,25.4131453158478,27.512800739113185,-2.0996554232653857,29.05950418145554,29.942180333724206,29.419964617219502,-0.8826761522686652
2016-01-16 12:00:00,27.742279773605663,27.381003600695852,28.101925688013917,29.046367081524355,23.107688168096104,22.1423486929655,24.34243226130122,23.417842636425707,19.822220545775743,24.751598666696577,29.19985694573905,24.60823536098827,28.357543581862483,-3.7493082208742123,29.016442131349553,29.96427070766522,29.648301837475092,-0.9478285763156684
2016-02-15 00:00:00,28.45667459737329,26.975778415812048,28.01498878387579,29.11154737476446,22.57001180140883,21.82839671077891,24.01922181696668,23.229996428384773,21.83939083739063,24.478136364764044,29.35870774385455,24.38137478827244,28.961475245771855,-4.580100457499416,29.218323256250265,30.239148773301018,29.831652925612996,-1.0208255170507528
2016-03-16 12:00:00,28.23872572774543,26.77432208501168,27.968058951975046,29.32178171200288,22.36684584874413,21.785622616542415,24.09696910243912,23.38971124310457,21.55190858684582,24.51557093945434,29.46407946725484,24.504944848861882,29.23967126302114,-4.734726414159258,29.767218179687514,30.343574750935847,30.35592222713398,-0.5763565712483327
2016-04-16 00:00:00,27.80277939508988,27.607494520464428,28.25957181256165,29.416940968063006,22.96320370681611,22.493164503478695,24.711634795371488,24.108391600633116,20.441351797248295,25.04819644225288,29.536692347844333,25.068811598170807,29.139608235570623,-4.070796637399816,30.570949119189358,30.716788004667936,30.965250936907868,-0.14583888547857882
2016-05-16 12:00:00,27.337445675714427,28.0307758859995,28.560682497366983,29.607615965750647,23.746604978817945,23.013960106150282,25.30344160393643,24.584717227962862,18.61669102635926,25.525053534614585,28.955136574351084,25.529336390514874,28.03305454517614,-2.5037181546612644,30.335994386864126,30.763655485914025,30.096246778847163,-0.42766109904989946
2016-06-16 00:00:00,25.617825722057102,27.686809210717705,28.774874280289293,29.824062768679767,24.94157021617241,23.83563112567413,25.876352602903356,25.07326430382101,17.354169694599747,26.155936402476353,28.118246035029305,26.101892305780687,27.089886904860183,-0.9879945990794958,29.76340359943797,30.36049297164371,29.436077014572678,-0.5970893722057369
2016-07-16 12:00:00,24.861404114471476,27.00879462813929,28.665001192894508,30.04238358018671,26.130909195554405,24.851166543744707,26.62338076738777,25.826073981448477,16.3301440198388,26.86340858591122,27.506726647560164,26.78321760447188,26.16689758102199,0.6163200234498909,29.16216875764239,29.909205702745616,28.970347100741158,-0.7470369451032255
2016-08-16 12:00:00,23.95535343819831,26.66144485111558,28.55572103025773,30.112972241739545,26.832424051489646,25.403054136403863,27.391404086138184,26.69146880383067,15.51813034000922,27.38628590370813,27.071813222961318,27.389402971408394,25.31601183843489,2.073391132973505,28.92520083161854,28.887809080097476,28.768004992982423,0.037391751521063554
2016-09-16 00:00:00,24.03055475630388,26.692419964774945,28.41619784779738,30.044510714584334,27.258272104777685,25.8680093617182,27.805283959618507,27.134719484224426,14.842461476409209,27.790351652462924,27.077244950916455,27.755488155367416,25.263555410358663,2.4919327450087536,29.31877158095151,28.160672346499044,29.006905881277746,1.1580992344524645
2016-10-16 12:00:00,24.462965784656873,26.85799459166506,28.314866990168664,30.1910523024663,26.92467967119878,25.76969130054361,27.917196848297557,27.214294858328266,15.098462175309557,27.953304510842184,27.412690023043904,27.94180524403852,25.67713206714118,2.2646731768973396,29.752067490856962,27.840734274491886,29.409001512719886,1.911333216365076
2016-11-16 00:00:00,25.087162776889038,27.180534469835766,28.370944112701157,30.233571950316616,25.43246544556736,24.465489833748116,26.81084705354861,26.020345386674762,15.954434226658885,26.960118055600027,28.13312194960145,27.00014162511252,26.435204144648917,0.5649374804636018,30.026275863594307,28.63837535087251,29.85794681736151,1.3879005127217958
2016-12-16 12:00:00,25.964790069253393,27.416866135394542,28.384544296201973,30.018850593528903,23.993167508542033,23.174092400126657,25.52758887298215,24.701319874053425,17.812927961273502,25.786480339401223,28.87786170371059,25.802365159699608,27.55569337174053,-1.7533282120409233,29.680609347176116,29.78839788704826,30.062160628307367,-0.10778853987214276
2017-01-16 12:00:00,27.71383691056677,27.50932465067913,28.078223582127062,29.46737594146088,23.001602810539886,22.229998057591068,24.52409811751061,23.629145395786413,19.518957335129645,24.852728883199983,29.295164058894738,24.77232149218206,28.332343275426357,-3.5600217832442986,29.285285225984875,30.215401117774352,29.93593899983723,-0.9301158917894767
2017-02-15 00:00:00,27.904518404076452,26.54378252171524,27.912491796842566,29.01795593575315,22.634661508047348,21.758811937654254,24.08933566314156,23.199035502497175,20.419280236948357,24.455060660838402,29.417145558474125,24.353169723807547,28.951582047379652,-4.598412323572106,29.576340148110322,30.439704152654407,30.23359010044944,-0.8633640045440849
2017-03-16 12:00:00,28.05396121634739,25.9677061523785,27.301474675476427,28.98123433947866,22.58445028980693,21.72252905387164,24.089095591061675,23.27953539122764,20.351609706472658,24.403910658112213,29.60249357797525,24.355122838222915,29.226368250097668,-4.871245411874753,30.0850588489559,30.7763674046878,30.643657246418066,-0.6913085557319008
2017-04-16 00:00:00,27.954775775324634,26.308526786541144,26.929790491257183,28.704854248333962,23.1127454081099,22.312166744792307,24.602264365686825,23.955399525282267,19.69262294561976,24.90246870669164,29.46362417293566,24.940903830976623,28.901823327168927,-3.9609194961923038,30.52947133375694,30.82905582035665,30.83967074168654,-0.29958448659970927
2017-05-16 12:00:00,27.086436495898997,26.861336523223482,27.21567558073751,28.810960500538744,23.721936107729846,22.73617129229685,24.92214078390648,24.183870696709956,17.818537131592933,25.150157439940926,28.92509750453624,25.150506085427786,27.987536368906866,-2.8370302834790806,30.701998944995587,30.816358617310115,30.7892007663398,-0.11435967231452793
2017-06-16 00:00:00,24.666852614122774,25.85307778334836,27.311560125888995,28.856076291547357,24.469556560600843,23.259537245500315,25.37927036051821,24.64333741559019,16.71291125659559,25.60113802612994,27.974854166203727,25.6186592952824,26.484869851863504,-0.8662105565811054,29.84797294039961,30.562830559065425,29.615129856693144,-0.714857618665814
2017-07-16 12:00:00,22.709719101217885,24.855470172842963,26.999969122240795,29.10484749532409,25.603732583196898,24.32658777574973,26.1297101734483,25.461727768196965,15.58330312525932,26.326856816707565,27.250083075291226,26.389125473181824,25.456220136436617,0.9329053367452076,28.969941437474677,30.252034147453855,28.865599448376834,-1.2820927099791781
2017-08-16 12:00:00,22.556631000146847,24.903282348508114,26.917394615790744,29.02085801942077,26.658868492431722,25.26760991606111,27.161774029058545,26.541493979151632,14.802627112193427,27.152092568194572,26.949667791291358,27.219848069643575,25.057145091784246,2.162702977859329,28.59336931897354,30.071015572493735,28.689177507996707,-1.477646253520195
2017-09-16 00:00:00,22.468250954350456,25.03972923810492,26.85014182298856,28.87586969879641,27.31770906241871,26.220301045857454,27.81311546061944,27.243061683079635,14.655317774204262,27.80392961024479,26.93819497390273,27.87615769766793,24.982570834814435,2.893586862853496,28.797266927612732,29.61944913526779,28.894290523323022,-0.8221822076550573
2017-10-16 12:00:00,23.141007830969787,25.48848976275079,26.948263229553465,28.70280246830416,26.94251217962575,25.90007730022378,27.82676942649331,27.288246602952764,15.195195814164961,27.879021370154096,27.33145533182251,28.057627134151122,25.408681657493528,2.6489454766575946,29.239025508858113,29.79554629344553,29.257842844935073,-0.5565207845874163
2017-11-16 00:00:00,23.547355985294484,25.775702966658645,27.37561724895518,28.93959035862348,25.471421141398146,24.420915239552784,26.971072266751754,26.33904414031015,16.56468626692206,27.093198735726947,27.90688447718967,27.347625833728717,26.220164453979308,1.127461379749409,29.570280696190935,30.01910236473536,29.636690542555773,-0.44882166854442573
2017-12-16 12:00:00,24.590731495747992,25.952392541749603,27.282744562557482,29.185034158899285,23.86406449761874,22.943729723139384,25.689120907762206,24.982859755436895,18.101445414209092,25.865505505529438,28.453170991412687,26.0999694774835,27.01881110264947,-0.9188416251659675,29.274576708118982,30.282383717355184,29.711529827802163,-1.0078070092362026
2018-01-16 12:00:00,26.944037219506814,26.438720981581284,27.184783057589463,28.568638882241654,22.79170992206628,21.804872158136067,24.62057129821428,23.73740094067082,19.595607932260087,24.865614407275096,28.88351606146184,24.93888755278959,27.858714228365773,-2.919826675576182,29.0064041042337,30.326598381740567,29.604542121684627,-1.320194277506868
2018-02-15 00:00:00,28.21409093966438,26.573875317028286,27.364651852035145,28.281296625927432,22.27630159781419,21.422921409053448,24.224191884149473,23.459523374678323,20.673453147553186,24.54449391793476,29.276868196512858,24.640974388395424,28.57736824579747,-3.936393857402045,29.293487670742515,30.72448945006865,29.95420557251207,-1.4310017793261345
2018-03-16 12:00:00,28.420751213334253,26.886700800736865,27.543423703492483,28.591703173803566,22.216899475921668,21.48251755244127,24.30367679161877,23.606878416032608,20.726837555521183,24.576190845296576,29.490277437951057,24.702038856335477,28.732568072203488,-4.030529215868011,30.00390302172427,30.578899618503204,30.44465764671221,-0.5749965967789343
2018-04-16 00:00:00,27.87747683267632,27.560083234737448,27.904800713963407,28.816666209203277,22.606552370092587,22.084864064564865,24.53755687371289,23.995302546256628,20.14805270435254,24.78556086112318,29.45086859759388,24.992844819772376,28.557082894715382,-3.564238074943006,30.58119977622387,30.853982096108084,30.734603230710952,-0.27278231988421453
2018-05-16 12:00:00,26.77017097124,27.952124698030612,28.348107160737285,29.125746710154235,23.73304978231724,22.987033982678717,25.127079985809928,24.49575416026312,18.27972489099245,25.360813351941932,28.898191499799072,25.462364527849218,27.56923570769938,-2.106871179850163,30.4786531580359,30.777549238007193,30.35354113367764,-0.29889607997129275
2018-06-16 00:00:00,25.135920822986975,27.373491025288843,28.53328025887494,29.48306159071302,24.975673010514818,23.986400458922063,25.91226845395344,25.271303229239596,16.732817545720128,26.20979578863903,28.04523322058691,26.264695700394206,26.45401872247695,-0.18932302208274265,29.365094430002884,30.573469909092704,29.02167063890194,-1.2083754790898205
2018-07-16 12:00:00,24.662223773496596,26.622001814691263,28.152083606054077,29.556013841842155,25.88475426661283,24.75744205482497,26.693108342878592,26.072612940768686,15.681784462049183,26.814276472939824,27.353434082150702,26.845981561427855,25.47901864305166,1.3669629183761955,28.384023488215348,30.153959622689264,28.14942486459594,-1.769936134473916
2018-08-16 12:00:00,24.831232483072966,26.49506470495222,27.941787108963165,29.503120818483982,26.665547103129505,25.411797966847434,27.431585130439007,26.834295496708172,14.98037804113571,27.388903964864106,27.068513534903474,27.44992521263939,25.019736938272413,2.4301882743669765,28.349938090994016,29.43074172445357,28.264357557684402,-1.0808036334595528
2018-09-16 00:00:00,24.664810348608313,26.707085823461643,28.04003481544014,29.65386032916584,26.722842182487923,25.454421697117596,27.793380610644782,27.26730921822656,15.142287681278411,27.701800706946912,27.154968361118392,27.903731204562177,24.936941225210784,2.966789979351393,28.701317215374104,28.999331899542682,28.63374339263735,-0.298014684168578
2018-10-16 12:00:00,25.20684487535482,27.203861763357775,28.307883341355407,29.846727241839325,26.40014948309605,25.500654338509946,27.852947591919772,27.580367752289966,15.571365538135561,27.88489885732372,27.602489074233308,28.284345837242554,25.488686231102946,2.7956596061396084,29.207489999903654,29.027907258199193,29.15975995485092,0.1795827417044613
2018-11-16 00:00:00,25.755109249268447,27.59771001971398,28.47318941778454,30.143671449444497,25.073934528268033,24.412756450782478,26.92158717163427,26.64609299098971,16.90477228807256,27.090207561971773,28.253594521113495,27.574068415846234,26.302656253954762,1.2714121618914724,29.654497936954925,29.58625812146655,29.68516149671762,0.06823981548837565
2018-12-16 12:00:00,26.86274467286262,27.924964825571237,28.6911130154771,29.94132643351096,23.92386205792065,23.34089778239166,25.91980623091232,25.409180725667532,18.63798677738155,26.20414562117847,28.956070711362354,26.525261629379294,27.371996738191836,-0.8467351088125419,29.52180417067816,29.97876837024558,30.033081697366494,-0.4569641995674196
2019-01-16 12:00:00,28.356214772816678,27.749484188771515,28.707926202190134,29.56852266857709,22.79343410221667,22.196445137717042,24.98902782630582,24.216314393398253,21.03136656756142,25.29757635172429,29.377811536932267,25.48196060642255,28.155035111229445,-2.6730745048068947,29.171886256805312,30.282710144587117,29.864156184200446,-1.1108238877818053
2019-02-15 00:00:00,29.398482707480557,27.50623317293298,28.25018310825523,29.308473810544694,22.35919369954468,21.823531274021846,24.737731573158474,23.871298942178388,21.43265986030367,25.06040692175036,29.64826000188464,25.172960167461394,28.91040759449187,-3.7374474270304745,29.535652626811906,30.716654936255967,30.31631688862196,-1.181002309444061
2019-03-16 12:00:00,29.57205312512761,27.594570969772583,27.773304869015153,29.05728407670024,22.23346004415785,21.836210471271183,24.907407209526532,24.28983466094021,21.21491093199087,25.12832500414355,29.880429381670023,25.410333012929456,29.43780676615821,-4.027473753228755,30.15613971107251,31.430837171710653,30.880954653848836,-1.2746974606381443
2019-04-16 00:00:00,28.497730342393123,27.700721300778614,27.696050302971607,28.814663917789936,22.609183980061385,22.191535936242733,25.21244625762545,24.485225966919675,19.665917025774018,25.298403247004064,29.655054515004487,25.533245060271923,29.241201902144983,-3.7079568418730595,30.87272373790235,31.029458775295797,31.321137308268646,-0.15673503739344596
2019-05-16 12:00:00,26.800043133190552,27.23822590958793,27.788392490201225,28.90755644031846,23.54564486859991,22.986151263324352,25.683392696709216,25.089102034115168,18.058517727087445,25.84731481460402,28.989248536070814,26.11058328413162,28.230808060709133,-2.120224776577512,30.86029783272253,30.945878405298863,30.80809607761905,-0.08558057257633322
2019-06-16 00:00:00,23.46537837652293,25.47984051606994,27.334033281636927,29.10962619790154,24.765974360092702,23.84417248992462,26.382482168725698,25.720378569610595,16.41702199185216,26.515805658392313,28.02249007567943,26.711575479172033,27.13412612192153,-0.4225506427494956,29.902810013625256,30.71450716523707,29.709734744752474,-0.8116971516118134
2019-07-16 12:00:00,22.959848189447083,24.47939091524736,26.431719583857472,29.037096121246865,25.795942807584005,24.622785374377735,26.860213703507537,26.108416038042886,14.979583506920584,26.972039912705647,27.270657570767327,27.015365814160056,26.22311229130269,0.7922535228573651,28.88909455106413,30.161943201919104,28.791121074460772,-1.272848650854975
2019-08-16 12:00:00,22.644607702059037,24.16687518413786,25.91415324329828,28.52627523384023,26.748216076324894,25.504730869948958,27.440350569238312,26.667282958793518,14.533672194050213,27.45277221307285,26.875615878575427,27.43522273077334,25.609318159372773,1.8259045714005673,28.681183268912744,29.546746527995627,28.765858936236206,-0.865563259082883
2019-09-16 00:00:00,22.54993699006343,24.31785700981051,25.71042499446762,28.10629114063383,27.103425342776436,25.894888472550587,28.10401608684159,27.432002293359194,14.53031279879081,28.004076526068648,26.884751191082728,28.09594576617778,25.49291643179064,2.6030293343871413,29.05434015645087,28.434905158997793,29.043450542946808,0.6194349974530766
2019-10-16 12:00:00,22.863069315861136,24.528147118056523,25.827297480535705,28.02722376722218,26.58460141646983,25.635773614440733,27.98231495894919,27.395536740868955,15.120466448645699,27.998756623420736,27.2311448900127,28.22727397681829,26.10264712167128,2.12462685514701,29.509746326311856,28.139551276994947,29.404257547979558,1.3701950493169086
2019-11-16 00:00:00,23.354483955556063,24.664483221328858,26.072933419337627,28.063489541139024,25.211126776538265,24.07004873253742,26.757791250747147,25.9919093780301,16.699976147585616,26.9089282976037,27.780235321483037,27.03208559651833,26.87721114054372,0.15487445597460692,29.381120912908955,29.447734426828465,29.64115495455339,-0.06661351391950987
2019-12-16 12:00:00,24.710123554033164,25.23271733298016,26.099173141728294,27.616561624155377,24.098222520903025,22.95793158755817,25.478359793263003,24.609728016494206,18.11390879431024,25.722523828734342,28.367631138733888,25.68027075434659,27.54861895235287,-1.8683481980062808,29.304577242722697,29.9623336922272,29.842408560904897,-0.6577564495045038
2020-01-16 12:00:00,26.974401145771235,25.80517862406532,26.239743939995815,27.363469286522434,22.912650965035642,21.718701806877064,24.27375819805178,23.245410127927936,20.181178304210945,24.624162627198796,28.789805225238673,24.474514963482456,28.277874415661085,-3.803359452178629,28.94607428348824,29.831763642682404,29.341136429404877,-0.8856893591941635
2020-02-15 00:00:00,28.12771927736488,25.34906137772068,26.055721377797195,27.721600012147103,22.383995823418722,21.39830560028458,23.97884258231446,23.119756579759528,21.326251956120526,24.339537326592616,28.975053224481425,24.315810024988927,28.828665315787003,-4.5128552907980755,29.295920412504675,29.786617608111307,29.803494746365224,-0.49069719560663216
2020-03-16 12:00:00,28.38965953381647,25.52505247586234,26.338633612863198,28.07913216698945,22.347267080739744,21.61600360195651,24.232647473184375,23.635652625471785,20.650494340253694,24.525531370273953,29.260525109308944,24.717109533191795,29.055298393870526,-4.338188860678731,30.01276285306134,30.468858130301925,30.528464057027406,-0.4560952772405855
2020-04-16 00:00:00,28.0830201859375,26.950755223317802,27.269827307508443,28.4369970021922,22.794857882354492,22.28484174480585,24.579593762454273,24.004786786222468,19.686110364198715,24.84395564131058,29.33001136142503,25.024430863256196,28.943467048321338,-3.919036185065142,30.578894293445003,30.52136843418871,30.85904790139249,0.05752585925629461
2020-05-16 12:00:00,27.800975195318458,28.02195003418512,28.084965578392147,28.76345099158913,23.711248767835254,22.876461390768117,25.087267851074245,24.372670315062308,17.915295001624063,25.320315068507075,28.922662431117203,25.39173054049886,27.965704529631747,-2.573973989132888,30.7810486806412,30.699262501376246,30.77032027300836,0.08178617926495235
2020-06-16 00:00:00,26.719017837419827,27.68048742312153,28.38935973526487,29.07243149819965,24.924923830906877,23.730827052645886,25.63340765850268,24.87776464748432,16.58799918722024,25.935953422136155,28.0790911613669,25.935092318883832,26.87574265274271,-0.9406503338588763,29.77353520341541,30.577257955055302,29.307684156703324,-0.8037227516398922
2020-07-16 12:00:00,25.990586210129127,27.12763553536683,28.28877974674873,29.364864717385537,25.985223096703596,24.730215342174557,26.387115333733444,25.690030017942128,16.145062206698235,26.611350060734186,27.4106238074691,26.607705193522484,25.864426740365257,0.7432784531572274,28.72012085275939,30.006342821979434,28.350507671207936,-1.286221969220044
2020-08-16 12:00:00,25.42316082247817,26.762334642403957,27.930529458541713,29.493443974668534,26.70857538135877,25.171359086107834,27.277814848054426,26.60688409455965,15.643936920463029,27.273443858489667,27.129567139701024,27.278895946010543,25.257842583967665,2.0210533620428777,28.51748918386608,29.215505139757234,28.269534227306224,-0.6980159558911545
2020-09-16 00:00:00,24.882593910607405,26.770186572238938,27.816526748278072,29.45493950622249,27.221579718081767,25.802324754957688,27.71762287657881,27.05517253590559,15.24266024317887,27.754330932908047,27.119571769767667,27.782207616091135,25.226702211789007,2.555505404302128,28.75964086675575,28.146724043444443,28.52766965616911,0.6129168233113056
2020-10-16 12:00:00,24.820141861537248,26.881245091962906,27.981488385460963,29.707226033181964,26.78148611788717,25.511258844554735,27.54107489925474,26.79009410936453,15.712530937321782,27.63204251066521,27.499681117282726,27.66071480315192,25.60054382022444,2.0601709829274775,29.367879833155733,28.76802936510046,29.048149571500538,0.5998504680552728
2020-11-16 00:00:00,24.678842818279243,26.96047937850767,28.018740813130545,29.882026404963533,25.387918955523787,24.15312222555426,26.571199757736295,25.66340543326847,16.891800174397282,26.76730393513434,28.132828900526395,26.751714582409292,26.623021911957252,0.1286926704520397,29.94238088684614,29.527658531653206,29.713592521779304,0.41472235519293577
2020-12-16 12:00:00,25.420179508888125,27.080534346838668,27.86218538621708,29.360767022341747,24.047128726714565,22.9441921241765,25.261369918031168,24.30482929798489,18.629232069391872,25.594000803608022,28.743700371255024,25.509957769850754,27.38568534669018,-1.8757275768394273,29.607785435542837,30.067468701244337,29.80777844591432,-0.4596832657015
2021-01-16 12:00:00,27.68951546059068,27.53390035937517,27.977029592304746,28.91718731339614,23.119310120747784,22.016641838232587,24.23119283689558,23.196782344099837,21.11289993862108,24.65915797009796,29.28569797267544,24.46047725528828,28.001216472052946,-3.540739216764667,29.42293491065128,30.398324486863206,29.983636602586955,-0.9753895762119278
2021-02-15 00:00:00,28.504700418846255,26.92085086549395,27.84026109362532,28.871719078162254,22.585353592364402,21.568359039452435,23.754505233395363,22.71307451040411,21.96563170601332,24.214085621104402,29.465673675826526,23.997958231379204,28.711210204107502,-4.7132519727282975,29.273870479321765,30.09944148485555,29.761151956878834,-0.825571005533785
2021-03-16 12:00:00,28.25364365730582,26.516084910513506,27.34944741911995,28.877969389792135,22.593457979157076,21.78465264137944,24.080146174010377,23.366929336266235,21.61612491509252,24.49403954661589,29.597380516467688,24.493877805926424,29.395828627657714,-4.90195082173129,29.73235158358974,30.236313012137366,30.187375190816876,-0.5039614285476262
2021-04-16 00:00:00,28.029785422181316,26.965316571519878,27.576458025566524,28.803851214735634,22.85997321812121,22.114817403798828,24.42119577454694,23.692339333186066,20.038468506643586,24.723145648976015,29.532290422835693,24.734461814156795,29.26125507031551,-4.526793256158715,30.750783136596517,30.807811649549638,30.906932838074038,-0.057028512953120725
2021-05-16 12:00:00,27.357884525270237,27.463899684988213,28.034264859936144,29.117004877049006,23.80993696785384,23.01094450812237,25.099810133386708,24.510481712043507,18.46420457622797,25.33805967634967,29.047088849099797,25.384875452096836,28.2415143310983,-2.8566388790014656,30.949958969086122,30.986728654297984,30.844459554881873,-0.03676968521186197
2021-06-16 00:00:00,24.82939435610152,27.174713169759272,28.337610591949165,29.52212026327171,25.29663752060358,24.36293374735413,26.108776127588754,25.67170458689138,17.00290371470117,26.33607207689098,28.323929417918993,26.451853521956682,27.175767277711444,-0.7239137557547615,29.914204497208242,30.82278115772878,29.90349195721433,-0.9085766605205379
2021-07-16 12:00:00,23.257760860913084,26.28046670393344,28.22689099483062,29.79175701526836,26.460997130740974,25.451588763229147,26.967744691900567,26.52869066873868,15.799099095534434,27.115590571850028,27.506589080442648,27.173362595044196,26.108160405756394,1.0652021892878025,29.126283231706914,30.305394643620346,29.085575905164063,-1.179111411913432
2021-08-16 12:00:00,23.16532052264379,25.6966637123454,27.715152542730767,29.738666623663583,27.3282497672089,26.083747573251657,27.83046890123896,27.292713655885436,15.236711511162442,27.76152730470246,27.053880153705183,27.761750058602644,25.5049058348694,2.2568442237332427,29.055658238896285,29.29453972444167,28.94619181115071,-0.23888148554538446
2021-09-16 00:00:00,23.434396379917242,25.898886058836855,27.637637705917246,29.574326210789696,27.630949868392435,26.354666749552347,28.441931506556767,27.94365088732753,14.961563065670488,28.298211510090912,27.026778807994283,28.418637104983077,25.3400676641138,3.078569440869277,29.419045946980265,28.092694067400178,29.139032961955962,1.3263518795800877
2021-10-16 12:00:00,23.30508293527997,26.2484782119218,27.83296680214829,29.528699534711926,27.00348025380144,25.824573376535923,28.16069566985258,27.431840486310964,15.454076291501083,28.106550102928015,27.438034680797927,28.151912833330307,25.682083314819334,2.4698295185109735,29.7937352380837,28.110669932235563,29.43875583256619,1.6830653058481353
2021-11-16 00:00:00,23.755874103148532,26.467590041391073,27.914314220546505,29.49458369065921,25.82779150758137,24.722589687006337,27.06841323264759,26.255838758360884,16.990466042611104,27.26758898888313,28.031944458073,27.291066034890296,26.512757205297316,0.7783088295929801,29.918924349800893,29.212754398794964,29.76044820184285,0.7061699510059292
2021-12-16 12:00:00,24.934259845020627,26.361207469271196,27.591453120922047,29.38135372230648,24.36463387239034,23.440032102973685,25.80296523463928,25.017656824305178,18.70624949727352,26.088221627300577,28.62356233070049,26.07801231570084,27.421269963803336,-1.3432576481024974,29.781750664920537,30.234954061503604,30.064853338948513,-0.4532033965830671
2022-01-16 12:00:00,26.564750128028948,26.29746678224051,27.117504122495628,28.71583516414419,23.24736199326752,22.061683290774422,24.639281764286544,23.534499325769428,19.93617842716907,24.977506124122996,28.979612735667526,24.81346383096397,28.042506600401243,-3.2290427694372745,29.660908894962258,29.924349652694325,30.108178350567215,-0.26344075773206654
2022-02-15 00:00:00,28.18062317701855,25.9811622027598,26.848249022287693,28.34365135953483,22.834885299835165,21.697645356064786,24.263069224889257,23.267338497795723,21.11994499530735,24.66358857404341,29.20252168813609,24.502434725686783,28.848253130415664,-4.345818404728881,29.544611212160476,29.7640004799635,30.002011596158738,-0.2193892678030238
2022-03-16 12:00:00,28.216288537776627,25.619108343637773,26.592121737920536,28.387768617284433,22.769520277750793,21.68775492080458,24.230383280752367,23.430055884094454,20.801906679818625,24.61469481361934,29.31919528797356,24.5761174277992,29.21111989654477,-4.635002468745569,29.795393387844445,30.14347790712128,30.313212625967463,-0.3480845192768349
2022-04-16 00:00:00,27.40983586098267,26.43580437898405,27.01003438323279,28.619889105864523,23.11958361378873,22.17927773745437,24.695046541101952,24.18554804335308,19.857391251754617,25.011769975625032,29.222578652769982,25.18657647431075,28.92577782538744,-3.7392013510766873,30.395552467461535,30.52497463101522,30.648374785816934,-0.1294221635536843
2022-05-16 12:00:00,26.558388512664393,27.26991190301624,27.63704084191066,28.8516480942306,24.037384414261307,22.895623004199077,25.261986980368185,24.72041945697027,18.088962129911618,25.499391770536423,28.847286963807473,25.663123467924336,27.81847401622068,-2.1553505482963438,30.67956152022467,30.751764956105884,30.56632802836698,-0.0722034358812138
2022-06-16 00:00:00,24.769797725405294,26.690685319397527,27.86418784384324,29.072321396035715,25.22520282243904,23.95730509967564,26.028387644289314,25.404809433921006,16.930862825834257,26.252166726991412,28.071513167768085,26.30378567805886,26.72015589416456,-0.416370216105701,30.131099873037,30.65491535647668,30.036438744429812,-0.5238154834396767
2022-07-16 12:00:00,24.241309350256554,25.71106904624671,27.24021795889527,29.065980647681226,26.095685305407326,24.677323310972948,26.769153570451053,26.208722924931532,15.894259205786062,26.904446155288873,27.304585747002626,27.022320719008246,25.897798664963418,1.124522054044828,29.34553941401641,29.814244718605732,29.199201605163914,-0.4687053045893208
2022-08-16 12:00:00,23.598846589438985,25.290654403268878,26.851091991482395,28.781547847283743,27.12091932264707,25.798472316246475,27.79156650779926,27.330083815293865,15.507323544235838,27.75040793706361,26.85195348967951,27.887916535009605,25.406731542890867,2.481184992118738,29.071410901379117,29.289830473476634,28.939078168218728,-0.21841957209751683
2022-09-16 00:00:00,24.371441969868002,25.97601165656853,27.204764380141782,28.974164863993952,27.459926637414046,26.19903929989064,28.26379074479666,27.798607574311973,15.060657244489379,28.246747792342674,26.979927820926374,28.480497423399036,25.403084172277907,3.077413251121129,29.22952350274353,28.47913670915171,29.039530272224216,0.7503867935918187
2022-10-16 12:00:00,24.331101719591402,26.633023961267742,27.792764388026868,29.321425031522665,26.807391099922633,25.53694860556492,27.7813019098966,27.103922659116886,15.297440663833283,27.803614378081114,27.369807301876943,27.91650234523816,25.67648547870679,2.24001686653137,29.6843762944811,27.942387206300886,29.467637353643827,1.7419890881802154
2022-11-16 00:00:00,24.851667777007826,27.039649355222437,28.18132473681968,29.660641740974615,25.617883193263008,24.373213006834877,26.93254059232646,26.122625828527415,16.362943728500007,27.05330555435265,28.07990464864823,27.119810965081147,26.40795461089113,0.7118563541900151,29.873327056145445,28.763772670399952,29.8600110141742,1.1095543857454935
2022-12-16 12:00:00,26.154364893080242,27.377816464128205,28.20762243932845,29.62901977394789,24.149381752934254,23.259026849062206,26.009880073216923,25.243038883938116,18.459409899382464,26.182321210840144,28.827450186731106,26.316301186021686,27.487015496529533,-1.1707143105078472,29.61972955215745,29.782167753093205,29.825419488211338,-0.16243820093575323
2023-01-16 12:00:00,27.983991834435905,27.832901706380746,28.19529538379033,29.368013504745917,23.307138275730388,22.539742086295025,25.145767018711176,24.33820858060455,20.29892196472142,25.40517978880241,29.32864615602186,25.437482150641525,28.318051503783426,-2.880569353141901,29.499853018371663,29.93249289613795,29.98945566229647,-0.4326398777662881
2023-02-15 00:00:00,28.40057024902179,27.32012508104016,28.25191715144696,29.300214732782454,22.739130976809168,21.792723929254016,24.222875177275796,23.16098873127631,21.136717148748755,24.538411168052463,29.62390163597507,24.37397514287686,29.115126915849217,-4.7411517729723585,29.676604599517724,30.312207112609684,30.268465377417442,-0.6356025130919605
2023-03-16 12:00:00,28.19166028111852,27.115093564081246,28.024811430900975,29.22120983628687,22.66326472479389,21.745469307018478,24.08421003984969,22.90267984378616,21.177395889649585,24.378926539876296,29.782093438404736,24.09295051447789,29.38909477433603,-5.2961442598581385,30.057621566757906,31.033356513072714,30.629936004560804,-0.9757349463148088
2023-04-16 00:00:00,28.500886721471442,27.36465846942025,27.7559173219973,29.217708148383444,23.15200125695969,22.359173820174842,24.419271771686162,23.522415478810032,20.069486342832093,24.71822737612584,29.68174008618065,24.55244786482877,29.042998735971533,-4.490550871142762,30.720171214679652,30.896272596956212,31.02305923472261,-0.1761013822765598
2023-05-16 12:00:00,26.571610163848693,27.516473617049467,28.119245961713823,29.347344858844824,24.23252500720059,23.354718812379843,24.968370756533215,24.133817029638745,18.331923994937338,25.29022928323878,29.03734778924117,25.110453098649995,28.3135005778061,-3.2030474791561048,30.71800327582766,30.641927633485295,30.55318767042438,0.07607564234236364
2023-06-16 00:00:00,24.20971461348142,26.243630119774508,27.925431238213914,29.514351144737567,25.0397757933946,23.862398043626545,25.663460077571564,24.87689311584596,16.734361284903045,25.92400947493096,28.11634183503825,25.84562189872776,27.046657335661862,-1.2010354369341023,30.075497116344934,30.399953970962756,29.781266067167234,-0.3244568546178215
2023-07-16 12:00:00,23.088870444247004,25.30262090112161,27.442803271228943,29.64109926070502,26.241402374095777,24.885116485580816,26.45336251760191,25.709550476291433,15.875713531001173,26.66982350893927,27.344773601693557,26.59808217089132,26.1031764630095,0.49490570788182,29.177928628123233,29.815840382570542,29.01379426108812,-0.637911754447309
2023-08-16 12:00:00,23.22905711231399,25.601201387267505,27.562393560481286,29.648072791683397,27.028889420649,25.6344955418971,27.34821581608039,26.69425899418425,15.238727616235385,27.42402268970933,27.00464226246862,27.44235017635007,25.622044690195626,1.8203054861544459,28.97678985385354,28.44196391915988,28.88849804214008,0.5348259346936608
2023-09-16 00:00:00,22.683586686433,25.86766779738048,27.74664049582874,29.717524447764152,27.508418380437778,26.186235311300976,27.88501930939361,27.280224034865824,15.248467478291046,28.002087698811156,26.97335131425656,28.03456580935363,25.66869389932354,2.3658719100300907,29.263845304693593,27.483994309279126,29.051649038715773,1.779850995414467
2023-10-16 12:00:00,23.281543809870648,26.076536437074733,27.78754042829553,29.81653499652091,26.8351936289826,25.732138779409635,27.721060793196553,26.996915363436443,15.771208558065243,27.87511352401629,27.358816099843974,27.952426315090673,26.20996409209418,1.742462222996494,29.65662476717753,27.689361192328626,29.396965404924156,1.9672635748489036
2023-11-16 00:00:00,24.07567794861556,26.33459833149978,27.74545329589137,29.900863941162598,25.70813433914927,24.786508047318083,26.96512406196401,26.123972734441686,17.089745076781877,27.187475706149055,27.98282746705859,27.170860438741638,27.026671773706862,0.14418866503477545,29.923054460813468,28.841061241382437,29.8274150878822,1.0819932194310304
2023-12-16 12:00:00,24.92877799330219,26.47604351259152,27.744981848189024,29.925438672464303,24.342399617787112,23.377511305082926,25.77242771803802,24.717423422388716,19.14437342957789,26.032472328882328,28.682237327947167,25.891253773744975,27.53425166803694,-1.642997894291966,29.969179551537472,29.84194648910473,30.33134424783597,0.1272330624327438
2024-01-16 12:00:00,26.71921491728239,26.978778174784903,27.702513428709732,29.37161659653353,23.35024870311864,22.414935718414778,24.831587085642578,23.72244448183207,21.31103187433827,25.166977456775772,29.197731060214938,24.929261304695526,28.320265522947164,-3.391004218251638,29.480184819641725,30.343785559098045,30.024366561320285,-0.8636007394563201
2024-02-15 00:00:00,28.5039393880632,26.9145474905027,27.57601083534397,28.679275556087177,22.993077519027423,21.949675513763594,24.268827443370803,23.14157251263497,21.6894957266932,24.653819954422662,29.43224639952854,24.366235564028194,28.971204638190535,-4.604969074162341,29.551453564171535,30.191582487729562,30.25931755931666,-0.6401289235580272
2024-03-16 12:00:00,28.729792166432276,27.008617027937337,27.502681011105267,28.65560716810997,22.959016966353396,21.942548914548997,24.10548759359952,22.968807450592664,21.931794270681912,24.484856741207004,29.6224056919674,24.14242136968313,29.004166610587717,-4.861745240904586,29.97185327804617,30.741337033419025,30.55747750439258,-0.7694837553728568
2024-04-16 00:00:00,28.141341540544484,27.31622095315092,27.763649014301667,28.87135995989327,23.375673584180735,22.33955221712519,24.34246269496056,23.30602179348485,19.8188871494419,24.673010120655686,29.500851490364937,24.38509908460156,28.605437149649646,-4.220338065048086,30.749191114733605,31.05809747397644,31.04427506241097,-0.30890635924283316
2024-05-16 12:00:00,26.273075782043797,27.124717674526757,28.102556351523386,29.352678579823564,24.19793506581464,23.400500028086853,25.133499823115518,24.35748380985292,18.30918727515381,25.46646422535231,28.919958771435052,25.362070312094758,28.009990108432483,-2.6479197963377246,31.062869563671207,31.043916604496815,31.114112486320966,0.018952959174391992
2024-06-16 00:00:00,24.337145085801694,26.21102315294459,27.91968080342508,29.62091003676909,25.522661239019712,24.595955336229757,25.858119601840293,25.157842787227306,17.201072235326357,26.22545720384496,28.043761862285457,26.134765428022487,26.8121769975088,-0.6774115694863134,30.00636033485899,30.446898817792373,29.858427368794466,-0.44053848293338405
2024-07-16 12:00:00,23.629044186351937,25.772520968534746,27.532961738091963,29.514606636968,26.49874553131332,25.160346908574486,26.62899054120326,25.95749624560171,16.10348896818438,26.868095845766597,27.309828823262777,26.795883470165588,25.762959674273926,1.0329237958916622,29.151036112453045,29.822568354125938,29.093561583419433,-0.6715322416728924
2024-08-16 12:00:00,23.693810891669145,25.645689679791005,27.18327245596518,29.29909046184891,27.363991053461994,25.955250432396117,27.452974701103763,26.805893392899957,15.840536937428475,27.497681991872078,26.926885691749728,27.404761429490037,25.05986627461301,2.344895154877026,28.94687521850973,29.1064527307343,28.882623902892487,-0.15957751222456906
2024-09-16 00:00:00,24.117230492464397,26.107457646404157,27.45776999957641,29.346825730815222,27.816662875675835,26.638600094914775,28.02024571570523,27.385603352682338,15.9499633871229,28.089848919419563,26.995278877532694,28.065324021892945,25.14078150411407,2.9245425177788746,29.19517719515296,27.762087543984837,29.01435664358693,1.4330896511681246
2024-10-16 12:00:00,24.089509223974158,26.55724330241949,27.881827476271297,29.448033467635348,27.038572062759837,25.90917931120261,27.570205333552323,26.844587662179787,16.5912816496285,27.745037921953156,27.446244990842583,27.717472299500656,25.647268351999234,2.0702039475014224,29.846939850540686,27.62826570677476,29.422132810444307,2.218674143765927
2024-11-16 00:00:00,24.384574699204734,26.85050122751476,28.11126846647137,29.581022835458064,25.968905946141952,25.070861780281533,26.89984569779785,26.34266548214053,17.54449829555383,27.188583098821137,28.08633121272165,27.292771072290382,26.619279249050688,0.6734918232396936,30.074355691702785,28.757478581404747,29.91376121725418,1.3168771102980372
2024-12-16 12:00:00,25.97622478402554,27.39131332325136,28.054218745414833,29.426152627189726,24.531314383143638,23.785936165240493,25.8182833591729,25.02944606942066,19.388802435056522,26.14385268963481,28.79924918373497,26.130838021075533,27.90417127194719,-1.7733332508716586,29.515717948638805,29.759617038398,29.85362725333068,-0.24389908975919639
2025-01-16 12:00:00,27.8305107168625,27.650792390821344,28.111605679598924,29.04825880514312,23.484514374363314,22.863646241184714,24.94454922551547,24.172119681317607,20.751739334068525,25.319567850132902,29.22690218409279,25.285821508401977,28.778747072909788,-3.4929255645078108,29.226049764379923,29.954212902680666,29.678280948854223,-0.7281631383007436
2025-02-15 00:00:00,28.71379647793918,26.851665960564066,27.65066706502065,29.00764532257471,22.979872021746512,22.389297732612242,24.430371586498367,23.665742178798073,21.52820110437994,24.84974919790051,29.524722503225952,24.793789047709904,29.504087490794852,-4.710298443084948,29.429770423046847,30.260556623981422,29.97529981257611,-0.8307862009345754
2025-03-16 12:00:00,28.855390671935574,26.820506677109403,27.399714239419758,29.020432629963448,22.988671285773695,22.529497803188132,24.58582639452329,24.076052962306168,21.42229816382787,24.98047938438159,29.64866469567792,25.06260603977932,29.96045910831718,-4.897853068537859,29.969144136538095,30.41774805060946,30.500513707034052,-0.44860391407136646
2025-04-16 00:00:00,28.11181668329999,26.633973135438094,27.177632867926622,28.915693881018733,23.399105437047133,23.03908210293343,25.107191874555326,24.668100511355885,20.06097985837429,25.396515195243673,29.486329270757036,25.525604041904156,29.602970356178893,-4.077366314274737,30.77682849238315,30.770648438022384,31.05010497597075,0.006180054360765297
2025-05-16 12:00:00,27.394888355975347,26.819191318633074,27.337766616951594,28.90998356177282,24.20671942489895,23.528156945001772,25.587113411029115,25.07679533650732,18.428626707331834,25.794415200749608,28.94559963004187,25.899756510546514,28.320763521560913,-2.4210070110143995,30.869322496121526,30.88651868918984,30.726474819780528,-0.01719619306831177
2025-06-16 00:00:00,25.25171186790763,26.29171726506767,27.693515691623,29.34128297679424,25.22380318236423,24.352836985958948,26.099195946697357,25.51724998778678,17.383942980370282,26.347112479972644,28.129693052988756,26.450115778338805,27.233866869448928,-0.7837510911101226,30.186495451009087,30.089881256852056,30.132824112056678,0.09661419415703065
2025-07-16 12:00:00,23.987154494931062,25.419007776220912,27.25203018613074,29.28258038006513,26.48461587154724,25.349692409359857,26.854814485794677,26.293615272014286,16.07963481529052,27.135748480086306,27.33662617329213,27.188483420550366,26.525082254718217,0.6634011658321484,29.26596088150914,29.665745252045586,29.168183678477305,-0.39978437053644456
2025-08-16 12:00:00,23.173812749536566,24.69431531388417,26.482006609079733,28.85859549842481,27.444386532653024,26.13241569810739,27.72658160930246,27.140995662303638,15.204659880040499,27.836206378014797,26.82357724131277,27.85132205590813,25.943027378833175,1.9082946770749558,28.948787171504076,28.566720549887865,28.807342264362738,0.38206662161621097
2025-09-16 00:00:00,22.966104561684393,24.537502555414328,26.19235455378736,28.658664653238155,27.796273512864783,26.44855361557624,28.423271693146056,27.88221401873544,14.858592732763617,28.39510684576471,26.808017870187577,28.475087085095755,25.884468661485187,2.590618423610568,29.181715435399024,27.565317881144058,28.91251021267567,1.6163975542549665
2025-10-16 12:00:00,23.086593537021713,24.84777321593419,26.31641114307319,28.362079254192015,27.151191474393443,26.044371490515232,28.25943039249664,27.6189906129135,15.03961517682781,28.299860476183234,27.085103962285572,28.417864021646388,26.272968412549147,2.14489560909724,29.43077849341278,27.548951329092358,29.145624841997062,1.8818271643204234
2025-11-16 00:00:00,23.61433939163683,25.224636484619605,26.530246594393404,28.394419246287942,25.721342465777063,24.809529220458547,27.318685622883383,26.592342925514604,16.173111171469355,27.447709977536782,27.79558402260125,27.59732068940712,26.85940035634054,0.7379203330665796,29.680870086351973,28.9815854028477,29.540704415729937,0.6992846835042741
2025-12-16 12:00:00,24.74727567789878,25.560111775062342,26.621708143262538,28.31354200438547,24.217541242209574,23.536410617212923,26.184870179505964,25.37184585236498,18.22869851742818,26.394587937239127,28.389883948689757,26.525219292367208,27.478547300923278,-0.9533280085560705,29.266958103943924,30.029310647085026,29.671770315586237,-0.7623525431411018
2026-01-16 12:00:00,26.882474912465145,25.603426219808913,26.473166742847614,28.005586950789997,23.162939542541295,22.338591423804356,24.968538206807693,23.957490920568755,20.685564953403833,25.28066527179326,28.747656941294437,25.22274084199629,28.447263453278882,-3.224522611282591,29.14424040809321,29.856727584569594,29.7398209566776,-0.7124871764763832
2026-02-15 00:00:00,28.20654482299155,25.3081689422642,26.211422629550622,27.88149331785818,22.60245279994072,21.754999168632466,24.38322003704883,23.266113941707495,21.54066887990125,24.70258468946633,29.130062622931494,24.587394314233293,29.047835765064715,-4.460441450831421,29.43461379989171,30.283822290155502,30.060318603777237,-0.8492084902637913
2026-03-16 12:00:00,28.52046775837625,25.771280277955505,26.21234920905984,27.94295012038384,22.62724419467522,21.85198710766321,24.37751245924897,23.247502618394645,20.60790664432204,24.62130313164876,29.482705043125332,24.403375990553833,29.222744533901857,-4.819368543348023,30.065150759541563,30.73094211846592,30.610429674910186,-0.6657913589243556
2026-04-16 00:00:00,28.31600038921183,27.233211014688102,27.06316757050214,27.942561677044882,23.076455530034245,22.35749566524916,24.651893840859728,23.668224279542375,19.954702497929922,24.850522871171766,29.410503496916693,24.651783397112368,28.809853371429156,-4.158069974316788,30.43282267318313,30.56684335061505,30.67398496252786,-0.13402067743191992
2026-05-16 12:00:00,26.858351281859683,27.814866916167105,28.0403896992351,28.464374652487386,24.033053876845404,23.149480713192084,25.257775249408294,24.31597090708148,18.72674881483689,25.42693995060922,28.86503971067815,25.24385496217107,28.00401394758438,-2.760158985413309,30.592779549525588,30.814013319343957,30.493230770817398,-0.22123376981836884
2026-06-16 00:00:00,25.75090957990172,27.378932860543344,28.345105634462683,28.969123949716487,25.15126935418561,23.99693909350863,25.769602900974,24.887953420925612,17.414269225093783,26.024062929182733,28.090664785718083,25.894876999110195,26.610669936525387,-0.7157929374151912,29.66824957417875,30.61870715256735,29.53079573922844,-0.9504575783886011
2026-07-16 12:00:00,25.382743229386303,26.95477275299833,28.23959266820453,29.39819263635002,26.38133725104262,24.98125451217629,26.62551827911408,25.79026774725606,16.222078787501836,26.829391936002406,27.43396246527917,26.688262359412363,25.80559681694915,0.8826655424632115,28.854674169780917,29.992978729495047,28.87239617138565,-1.138304559714129
2026-08-16 12:00:00,25.196731638372746,26.80633961584311,28.223534535039207,29.617689258211858,27.195008248272813,25.56726720738473,27.522797044995887,26.69199200958114,15.14874675305804,27.5407969022864,27.12939102951219,27.430159544089864,25.373850910810987,2.056308633278878,28.685316343220126,29.443325687321327,28.645502464844697,-0.7580093441012004
2026-09-16 00:00:00,24.55013214335628,26.74760000727623,28.01997835847124,29.69029534672129,27.496310509950053,25.91031722084016,27.944119927938676,27.22935750227991,15.006019858936416,27.942739075865813,27.057850573528835,27.917088993494264,25.26036302132432,2.6567259721699443,28.998480805331866,28.775208509901052,28.825685718471718,0.22327229543081373
2026-10-16 12:00:00,24.437405402052715,26.72100969078394,27.946751785177362,29.775987205913857,26.82971901976336,25.60511726021165,27.651995757908296,26.837961003480807,15.451618634942628,27.7990432958683,27.435106985305907,27.78167083355122,25.830059008883303,1.9516118246679177,29.556533168869148,28.772383978455704,29.20090799989515,0.7841491904134443
2026-11-16 00:00:00,24.67079643434192,26.8820475236943,28.053733346159074,29.987690310204773,25.728894579249985,24.645940217762384,26.978350099606324,26.178721103566577,16.52164862481383,27.212159014625563,28.136820657775356,27.216906778073007,26.517808851908896,0.6990979261641108,29.77174045137933,29.56664282373155,29.790561897993687,0.20509762764778117
2026-12-16 12:00:00,25.75355224989727,27.247767505761704,27.997468067898506,29.542096481440776,24.563407545039972,23.53089440794047,25.68615294290658,24.705841579252038,18.43395302231902,25.993914990820613,28.786384900587304,25.77599432588532,27.58584300709999,-1.8098486812146675,29.425307666839934,30.07968469174499,29.911844004526102,-0.654377024905056
2027-01-16 12:00:00,27.68828699606953,27.72191142694836,28.01963434997119,28.973255922834547,23.556204540849574,22.575130650444944,24.834098172924083,23.854830428343913,20.160943160214767,25.135095153980924,29.235733741845905,24.886534785163562,28.625586086212007,-3.7390513010484447,29.10019235004447,30.173331158812008,29.649530990252373,-1.0731388087675384
2027-02-15 00:00:00,28.396474950742654,27.198684071807048,28.185739478245306,28.88199104300312,22.860997331990283,21.85076846118279,24.196175926858263,23.122967659731344,21.028499125756497,24.5001707336915,29.613467543214043,24.220110091479114,29.118175332234046,-4.898065240754931,29.605287770440622,30.851377684344662,30.237284164850085,-1.24608991390404
2027-03-16 12:00:00,28.879588780432865,27.020143477478666,27.588021391757838,28.92932481052812,22.869287782213707,21.82928810599569,24.11110538694571,23.15823706725807,21.0429429266378,24.449071870046502,29.75530464842399,24.20570420739576,29.619516532241168,-5.413812324845409,30.133387584040058,30.871196314062594,30.683214296731897,-0.737808730022536
2027-04-16 00:00:00,28.505891256189063,28.137919736388344,28.204098338602822,29.14822289277129,23.365587875004316,22.27452190104701,24.447710845553402,23.548772480324022,19.888914044861927,24.78292010398564,29.744306909053073,24.506481585302218,29.540476195689095,-5.033994610386877,30.88314160474324,31.292558608677627,31.04226038186286,-0.4094170039343865
2027-05-16 12:00:00,26.472064191958836,28.039875329449696,28.820460120348056,29.670498915691997,24.131152805680195,22.93666484387545,25.161985793504268,24.26749442145616,18.130349111691977,25.383796955667815,29.196518945621264,25.189455433680862,28.4955122986817,-3.306056865000837,31.068369593832568,31.03813822384864,30.98438026561386,0.030231369983926726
2027-06-16 00:00:00,25.80659404939186,27.48932153637816,28.874839505134954,30.143345397213736,25.029369643947707,23.77230648309352,25.834655935754284,25.043996740430327,17.324877299707826,26.017101072405502,28.385727125176935,25.943354942819816,27.048995075027754,-1.105640132207938,29.720557588187702,30.7815878321879,29.54908579268524,-1.0610302440001966
2027-07-16 12:00:00,24.528687113877883,26.634026984442443,28.6832001149652,30.47583680303049,26.286039547886503,24.82778737923104,26.543508614352533,25.804789111550274,16.404285334848296,26.767750233934514,27.688890423836256,26.704645310605937,26.02804195718781,0.6766033534181268,29.085996001147453,30.478539358388197,28.95627620496877,-1.3925433572407435
2027-08-16 12:00:00,24.46341226787878,26.52210617875256,28.553341582766958,30.41504216198488,27.067669069018358,25.544902088544013,27.404155620672157,26.75237591301157,15.686231928073319,27.461121103747303,27.286634215290633,27.49900365983258,25.560925937574122,1.938077722258459,28.92086836117237,29.82880484728489,28.77375926516857,-0.9079364861125185
2027-09-16 00:00:00,24.252695794815182,27.00477119242173,28.658061746694827,30.471001429893125,27.43573636328026,25.929005595052494,27.959431596411623,27.28927396615536,15.465658219160595,27.98630585132468,27.331818092208845,28.04690364897777,25.590057289290595,2.4568463596871766,29.195593842126083,28.903316702252813,29.01405689691163,0.29227713987327064
2027-10-16 12:00:00,25.24879151312019,27.461228909742115,28.80773548569536,30.626653650897424,26.812351794063783,25.66821565675949,27.985587563259415,27.343004918031593,16.043370053434625,28.036979307769208,27.798435173804357,28.20884772484554,26.156988108914486,2.051859615931054,29.939481447917352,28.805623361557995,29.578146228134948,1.133858086359357
2027-11-16 00:00:00,25.741658169640917,27.794764548403677,28.883636052104965,30.62897593714581,25.65533579642441,24.6146342584481,27.19646547066287,26.510691118019526,16.939190221524242,27.34166485722879,28.473923085554706,27.536942419761168,26.919223881022333,0.6177185387388349,30.30725108198014,29.6058160731877,30.201279059029535,0.7014350087924406
2027-12-16 12:00:00,26.78410622619111,28.133768498620775,28.945790303276237,30.300331842150353,24.37930532573054,23.500914045512847,26.144972590071607,25.324306535684084,19.159059876009472,26.366638898463876,29.103007737855428,26.438850076453935,27.635538210062954,-1.196688133609019,29.91240613832915,30.37779438489156,30.37069628230928,-0.4653882465624086
2028-01-16 12:00:00,28.55075463382115,28.170067269305083,28.829298593957876,29.831476863803104,23.383177088334843,22.425141188257435,25.172417435375028,24.096988077300296,20.83528702424208,25.423901422754028,29.503802802727794,25.284847307649976,28.345583618322074,-3.060736310672098,29.466171164742555,30.387071256903784,30.125878032425543,-0.9209000921612294
2028-02-15 00:00:00,28.779735849283398,27.638737151626376,28.34605865328686,29.267254211614446,22.92635666626635,21.92366267316075,24.572957314033513,23.44227063933265,22.15975867765874,24.839908741705855,29.754323783264184,24.6018452535891,29.26875135557171,-4.666906101982608,29.771333023369483,30.70196382983285,30.519427221512572,-0.9306308064633662
2028-03-16 12:00:00,29.206745353341542,27.86622759377719,28.108905666780597,29.27158701086493,22.93619869679719,22.031016551998793,24.783714302246718,23.883990156433565,21.503931350054213,25.021472129573358,29.91338096417294,24.904425294481317,29.606872533315464,-4.7024472388341465,30.219619839591616,31.178201622753434,30.811973173921473,-0.9585817831618186
2028-04-16 00:00:00,28.89682871395636,27.83541458342532,28.120809276866726,29.35651577904312,23.423737486159364,22.618134144785877,25.20347836816251,24.25802858669025,19.71158744869746,25.391353722361103,29.864195573196255,25.211351182843003,29.27895771468191,-4.067606531838905,30.80226187727881,31.242972498827072,31.244559966078555,-0.4407106215482628
2028-05-16 12:00:00,27.820821697464204,28.21206825391,28.620695104232638,29.44520426401681,24.17953719851573,23.392278379946546,25.643951945768478,24.77894013740957,18.761570956210292,25.810841652179406,29.305195965124675,25.74038949093009,28.181175291548673,-2.440785800618581,31.1504297836684,31.16050898658046,31.27661693519441,-0.01007920291205977
2028-06-16 00:00:00,24.9340024075395,26.831800661580125,28.347877981158987,29.75644135379635,25.425340158507407,24.5052937332803,26.424062039936686,25.674092156174552,17.214602972264252,26.627888294913777,28.303620438520124,26.618098991305867,27.175525955937754,-0.5574269646318868,30.360152613698467,30.53371811639181,30.216486552189366,-0.17356550269334292
2028-07-16 12:00:00,24.345910748159852,26.234630160168127,28.051890899930655,29.84995251330312,26.56412073103835,25.303558991517054,27.106165277278535,26.34147085344385,16.310556913620264,27.254368746191414,27.6553677116086,27.218765997969935,26.302933554996482,0.9158324429734535,29.224827820812212,30.058395586869594,29.164565647830603,-0.8335677660573815
2028-08-16 12:00:00,24.294281016041342,25.78663140990899,27.306609427186192,29.5342796714858,27.33673713923407,25.995989715344713,27.82146974455295,27.119244753073133,15.610305634535159,27.81455781815407,27.177685513900062,27.779659675365714,25.74315198162652,2.0365076937391926,28.85502356638975,28.73713338560381,28.74480993679872,0.11789018078594182
2028-09-16 00:00:00,24.34954165924926,25.829737644401124,27.072491936536267,29.353054699817974,27.60359486710457,26.425458034826338,28.39497768819973,27.795274971952253,15.226649369918533,28.296978061433045,27.166281061656587,28.374071998893964,25.560407399467866,2.8136645994260974,29.363104427543657,27.9277584432668,29.080787644629105,1.4353459842768572
2028-10-16 12:00:00,23.859359263864448,25.912469586674348,27.476418778257862,29.429694586561876,26.99016251862876,25.92433392342131,27.959867199119273,27.20836250283011,15.151120900861363,28.05607131574958,27.45734077833238,28.08127899228008,26.346579706464436,1.734699285815644,29.697401542018586,27.923227306165376,29.37137755135593,1.7741742358532093
2028-11-16 00:00:00,23.8915121254158,25.776331672767792,27.489972938994956,29.662051030366946,25.655630013186354,24.680850888099112,27.21821133317763,26.453168009526205,16.04623846803069,27.41052566966146,28.089856985837475,27.520343576305503,27.42344441017194,0.09689916613356431,29.592652299662426,28.957940263681795,29.52650562975194,0.6347120359806304
2028-12-16 12:00:00,25.227444182502257,25.963755376844478,26.902323338057894,29.27564567497179,24.38623006606323,23.54157716524181,26.04316684522256,25.164686015685444,18.0846648487076,26.33686150741148,28.677057344332276,26.35675788250211,28.124131970132986,-1.767374087630877,29.533591138026495,30.04288798379119,29.978939946852226,-0.5092968457646947
2029-01-16 12:00:00,27.326051714539673,25.972677789179773,26.54609024058864,28.23641307566823,23.486741866632652,22.635466645696297,24.868785760240616,23.95125459537223,20.787609389455337,25.26630975388292,29.110891708594355,25.181293541660814,28.802785946529458,-3.6214924048686434,29.453701456440797,30.276662746346073,30.049344977588017,-0.8229612899052761
2029-02-15 00:00:00,28.230522107685715,25.51127881221215,26.57878881297912,28.25637836204102,22.972011398426314,22.10277571400886,24.330348132629428,23.457727582750955,21.09897136920159,24.73876908919607,29.279078514414056,24.64149546881398,29.28407461616437,-4.642579147350393,29.621531403773332,30.329624685970252,30.240289846225817,-0.7080932821969199
2029-03-16 12:00:00,28.516710709728095,25.823222101332103,26.578957110133675,28.526093717392875,22.864828577486982,21.965150617127577,24.259591322502278,23.404480417983898,21.066551955976212,24.609967138628654,29.54282120343143,24.521467745007985,29.449510316849775,-4.9280425718417895,30.096490902815226,30.796735726228846,30.644306373501358,-0.7002448234136196
2029-04-16 00:00:00,27.84187965292327,26.75492890709659,27.17991315996027,28.60981773999318,23.028451307706344,22.103237445087085,24.46249799627048,23.67470141652013,19.994783535272255,24.709845010169715,29.536449716488868,24.69978738629367,29.27701893772189,-4.57723155142822,30.80497194117599,30.89779356152421,31.024223954413557,-0.0928216203482215
2029-05-16 12:00:00,27.221619336948947,27.516864018533624,27.867955413004594,28.833464724687587,23.491869401699407,22.37090305300823,24.787345018676433,24.027780141128865,18.42694226465472,24.96756210883574,28.964146719371463,25.033201717193233,28.30245363988433,-3.2692519226910974,30.718818026402836,30.733069215323177,30.599211816630568,-0.014251188920340496
2029-06-16 00:00:00,25.630957980154438,27.452922152820978,28.1060332814737,28.99521422214164,24.72982527611287,23.37342959690955,25.465097874802527,24.723622356922526,17.478363730820945,25.745791856262016,28.177858139406272,25.781822905533144,27.271067798051533,-1.4892448925183892,29.86787756042907,30.540585396227076,29.691927816640167,-0.6727078357980076
2029-07-16 12:00:00,24.35460256126412,26.548676867553016,28.08472708700796,29.31786754200637,26.242947469662404,24.882864972562572,26.394490391086038,25.738329982328384,16.14304835867105,26.707342322396798,27.45556602731964,26.71033923155592,26.426231960742992,0.2841072708129282,28.98525127358701,30.046843033949443,28.89514067292118,-1.0615917603624325
2029-08-16 12:00:00,24.408579933149348,26.502882165079377,28.040282229188573,29.395440620613346,27.20972731450665,25.885322029704767,27.430034023333928,26.852988141865673,15.215240977616485,27.54598378401766,27.147450185884033,27.56794056999784,25.847108814027564,1.720831755970277,28.945703655023987,29.137159413119424,28.99348597889817,-0.19145575809543658
2029-09-16 00:00:00,24.697393930431677,26.780736211622482,28.02755420316709,29.39873934168049,27.570308982644523,26.088303939146527,27.993855677919427,27.41371913916311,15.033249158187616,27.992731829031353,27.19521758676268,28.085410129555715,25.699596684791672,2.385813444764043,29.265844813068572,28.405119560020303,29.280636650277053,0.860725253048269
2029-10-16 12:00:00,25.085453450961467,27.38793317361609,28.362724787148412,29.693239225515555,26.862843950973197,25.465005719165458,27.616218148073628,26.85377141289601,15.282991639660189,27.72778436290952,27.74551088353986,27.744324299220217,26.09206927504919,1.6522550241710263,29.813830694441833,28.54766491222964,29.697104908090246,1.2661657822121946
2029-11-16 00:00:00,25.00445120350099,27.604918221367505,28.804983498026584,30.070944082308753,25.53467478244268,24.275126606692822,26.803818915421026,25.88151110915345,16.54912227125296,26.933259510988595,28.409620704883157,26.915997589595534,26.806499660095323,0.1094979295002112,29.696096770230906,29.59836844693243,29.766069205838537,0.09772832329847603
2029-12-16 12:00:00,26.25157553310568,27.934375171044735,28.846418482580265,30.10755853516626,24.543902191526378,23.46201934948182,25.737189348085078,24.714500469168595,18.73666123441053,26.014284859805382,29.040928593448545,25.84752923625168,27.707895084076874,-1.860365847825193,29.770149789074953,30.208746124957933,30.236351556010245,-0.4385963358829805
2030-01-16 12:00:00,28.283827204684126,28.200502052592405,28.842717766668308,29.61497653811341,23.4931206560268,22.508476562804404,24.844393633601914,23.839313128443766,21.062193615503926,25.156490765822227,29.568211588251188,24.973492403057453,28.557297287318775,-3.5838048842613226,29.695208515170588,30.521850278983017,30.302879617945795,-0.8266417638124288
2030-02-15 00:00:00,28.7875262436686,27.3937728279256,28.43194926917107,29.43993697545139,22.850098427907383,21.945109482360788,24.47313690955769,23.603968325694307,21.481576693265747,24.780115161058824,29.769629122140536,24.699064971025162,29.322627925043076,-4.623562954017913,29.84560876477775,30.510840702624662,30.530050140610513,-0.6652319378469116
2030-03-16 12:00:00,28.63605910459816,27.09610756662221,27.90578030160358,29.20655215150042,22.837604760177552,21.997668610400808,24.698060644726596,23.874988910668606,21.415624802222812,24.946075989309733,29.862149225015063,24.90280421506885,29.668477744361457,-4.765673529292606,30.34957689341524,31.120018759458937,31.01540519672041,-0.7704418660436971
2030-04-16 00:00:00,28.455837857535276,27.362290517382355,27.80640200318164,29.08453858225385,23.08264517710781,22.10120360698881,24.757299237674733,23.89590994972199,20.224504481002192,24.93896026371831,29.728920137255884,24.919801301068603,29.473056457835163,-4.553255156766561,30.946120813179455,31.263705962217774,31.271011426766194,-0.3175851490383188
2030-05-16 12:00:00,27.731764431292582,27.491827292353918,28.03368525543927,29.159468785171477,23.783335867145496,22.632014911607556,25.13220813101403,24.310178624113046,18.37989878612588,25.324760189970437,29.164018205151773,25.33967299658375,28.593489446810917,-3.2538164502271663,31.064030253423493,31.174343375877466,31.024572561711985,-0.11031312245397373
2030-06-16 00:00:00,24.967642802554355,26.313138915651237,27.81634449790786,29.510261510705774,24.97116858495611,23.697637528894695,25.650662984271502,24.910320361039755,16.566879984692534,25.97110408771073,28.274014239299685,25.983346299990053,27.55149045467687,-1.5681441546868164,30.051614143380974,30.841376275549553,29.841842652603212,-0.7897621321685797
2030-07-16 12:00:00,23.625625370455285,25.458353523127595,27.46104074146075,29.6548907048685,26.2727698356434,24.86268893956823,26.507687546397477,25.81557697683339,15.280946348416595,26.80932350113834,27.517996922633415,26.760164186342696,26.518891362153006,0.24127282418968932,29.075744799101653,30.124682537702185,28.960388202879034,-1.0489377386005323
2030-08-16 12:00:00,22.8983374753867,25.02271455191537,26.98695072185691,29.313313006775935,27.29241819439932,25.874743705936666,27.554478298506513,26.961463163346245,14.657676414458706,27.70767102547587,26.987498574459803,27.728276674652964,25.823260677238412,1.9050159974145515,28.875931209876313,28.87575784008766,28.829954692586885,0.00017336978865145625
2030-09-16 00:00:00,22.266462174625524,24.879538829161554,26.70793873098985,28.984925201913086,27.494673135188822,26.01244440579951,28.193831538040403,27.54524645567188,14.622225333502882,28.141563625701586,26.90656750932679,28.18659457305795,25.596034327853104,2.590560245204845,29.36222868286596,27.6473606873098,29.195505152472258,1.7148679955561619
2030-10-16 12:00:00,21.930097195549443,24.81095093071252,26.795519224130047,28.85019308632792,27.064123343440126,25.745956468329805,28.151177375219813,27.413878011584554,15.070663951081446,28.1111913286782,27.15994408484458,28.174506871233145,25.754270855852624,2.420236015380521,29.769205550698604,27.428253711500673,29.675203578646695,2.340951839197931
2030-11-16 00:00:00,23.287583772796914,25.303350524897493,26.90943937131176,28.754983412397916,25.629530942558706,24.421331209264768,27.091645454740267,26.141101507901446,16.48455589242845,27.14127039379835,27.90014130844574,27.162615056817838,26.662523501921076,0.5000915548967626,30.126515673710607,28.66386295019829,30.10475965424341,1.462652723512317
2030-12-16 12:00:00,24.81925130159014,25.697989514308382,26.752348451669484,28.577951250648248,24.388544257033452,23.449909222815716,26.142773365243773,25.199863344628334,18.56508805432961,26.29179436552621,28.629099444225034,26.281232918299416,27.807591832258158,-1.5263589139587417,29.929388470986243,29.837984427910182,30.264741619577116,0.09140404307606076
2031-01-16 12:00:00,27.268116084970064,26.387629057049907,26.986791513739206,28.43972435936079,23.5006521198475,22.715802402984718,25.06324612963496,24.155212063175377,20.738873600114456,25.334760645187288,29.108712494729584,25.226508880665687,28.624837829241386,-3.398328948575699,29.56447760495261,30.003379381684567,30.052463675763292,-0.4389017767319565
2031-02-15 00:00:00,28.838512885642913,26.641336302564028,27.216868458892264,28.448519707169723,22.89932818610744,22.11408598869231,24.730687553136725,23.9704836917327,21.86563706663373,24.966505901118783,29.436193289722784,24.987432435797682,29.24746727141683,-4.260034835619148,29.6716760122408,30.100975811502405,30.178465201029038,-0.42929979926160655
2031-03-16 12:00:00,28.959522151896188,27.252116431225318,27.569705040753014,28.80602510947212,22.73600586079806,22.085481988438627,24.743610374902534,24.089615412914572,21.294966326031698,24.973664011550042,29.757787218934485,25.082923660935844,29.530774320443744,-4.4478506595079,30.362001437171106,30.686530501454623,30.839998008409605,-0.32452906428351724
2031-04-16 00:00:00,28.412394437730242,27.95278118618552,28.13215160586339,29.150666163831517,22.854453438043258,22.26462316369988,24.91517076990362,24.336635048832978,20.77401450796157,25.120554300499013,29.73994348842479,25.31485526720224,29.277732377756347,-3.962877110554107,31.04784791312028,30.96930183737138,31.220030448260736,0.07854607574889982
2031-05-16 12:00:00,26.61414766170086,28.250693581371156,28.794273200639598,29.616264242802355,23.721296979749653,23.022164438247643,25.537173672572337,24.85030760541171,18.85161197129109,25.67774783291616,29.21979074730793,25.77622726876218,28.185883647674327,-2.409656378912146,30.925581307684734,31.038914668921286,30.808392513306902,-0.11333336123655258
2031-06-16 00:00:00,25.799754583415343,27.898628094178857,28.892112572479515,29.976504510451544,25.11734701409536,24.138512715563234,26.305922584230036,25.65042046304864,17.551288832738592,26.457801406013637,28.41291569224936,26.51765476310068,27.07637736631347,-0.5587226032127894,30.188681087505717,30.72770371268045,29.9320584588668,-0.5390226251747343
2031-07-16 12:00:00,24.72442448965941,27.349903116534104,28.898645299459663,30.15022361797261,26.41153063447889,25.22309390834603,27.13828623060342,26.479407306189145,16.550582762733082,27.256026569257504,27.698028851673453,27.26676631805562,26.196259124314956,1.0705071937406636,29.35304054279244,30.26651358840104,29.064434296676545,-0.9134730456086011
2031-08-16 12:00:00,24.74213127929516,27.023587465689747,28.628473836069688,30.2191684492493,27.802843430933123,26.60137563450744,28.065971385037443,27.47494813617063,15.600536791441433,28.022221372727078,27.337404353506173,28.01030406250406,25.6149747982582,2.3953292642458592,29.05600509496757,29.47964426259363,28.859012760600073,-0.42363916762606024
2031-09-16 00:00:00,24.394048904457467,26.807093803532158,28.51561014128859,30.349380738880708,28.083042738481502,26.848889374959843,28.537749000890383,27.997176201100864,15.66359103715443,28.49020054864774,27.313948430575618,28.508745997596705,25.39848820666744,3.110257790929264,29.44491359388487,28.554328652230446,29.188144242152227,0.8905849416544243
2031-10-16 12:00:00,24.35517656008101,26.949422706686853,28.431151611993933,30.418728443731798,27.318738172321122,26.1265615218133,28.344526064474092,27.59676044203313,15.784257013761783,28.368749625539106,27.706268316951817,28.388544075678134,25.85393534948938,2.534608726188754,29.837979297503963,28.47461070404612,29.570828523428794,1.3633685934578423
2031-11-16 00:00:00,24.62921513607953,27.004289622903897,28.202298291636378,30.187651836947403,25.86436486648799,25.11867610990235,27.52199839840542,26.826196824806946,16.339413114598685,27.63220544449992,28.327493665074016,27.798217488914524,26.661710429991125,1.1365070589233994,30.165235622249845,29.40949068152078,30.132979272267537,0.7557449407290662
2031-12-16 12:00:00,25.6378702311953,27.11232646448902,28.02969614435587,29.760987329168607,24.559635709156716,23.799351944875728,26.261370140574023,25.53854517195058,18.13529530358664,26.497707245540816,28.945302671648133,26.61759288520387,27.591953936767286,-0.9743610515634167,29.65814370218089,30.452196562493242,30.091900501232793,-0.7940528603123518
2032-01-16 12:00:00,27.276698480269115,27.493085440597447,27.96168876713415,29.24362877597918,23.4550557367371,22.57213238122922,25.142895664449373,24.23843283946231,20.455136374766223,25.435558792044375,29.439108102339823,25.39679061454309,28.137150881615995,-2.740360267072905,29.729874745385622,30.310679160121495,30.342304631937903,-0.5808044147358729
2032-02-15 00:00:00,28.637426786137574,27.279618517913068,27.945149320405736,28.966021872644173,22.844476222789858,21.948613171338373,24.67683466566165,23.682225613494854,21.34004267295121,24.97265253803534,29.687741896850273,24.886294602748258,28.69754369591281,-3.8112490931645517,29.877644135708994,30.234343761047604,30.486627133707636,-0.3566996253386101
2032-03-16 12:00:00,28.471378325680192,26.31014908111726,27.772541128304645,29.208884823088493,22.869997649310356,22.069665636828862,24.88566469443897,24.12813802908951,21.182704716053596,25.12519144683427,29.798981737128425,25.190071917516878,29.421862687080772,-4.231790769563894,30.445369382957587,30.94783920544796,31.036738630450845,-0.5024698224903723
2032-04-16 00:00:00,28.51612899332034,27.449860621610565,28.022339825783156,29.31528485541627,23.31325015049202,22.556721169206767,25.321819090860952,24.63852072116917,19.89817891614005,25.48031103726766,29.75684134012156,25.639652062972996,29.252343914737068,-3.6126918517640725,30.695745440292953,31.23313310093518,30.970660067063523,-0.5373876606422279
2032-05-16 12:00:00,27.16558644138053,27.94826467526989,28.402689651752386,29.457501241778115,23.976268261710374,23.28733036141203,25.603921913396828,24.79681879518689,18.136855468099274,25.769807493993763,29.213637308375446,25.818162568213523,28.102179603625746,-2.284017035412223,30.793219253927045,31.203810761691944,30.840375676695775,-0.4105915077648987
2032-06-16 00:00:00,25.348167683599442,27.618360964828586,28.82395498100218,29.840991567563343,25.2179456400378,24.097305663038284,26.246423380214434,25.439858083919972,16.701238536508978,26.42372521612157,28.39791288525597,26.41439029733733,26.791098152826585,-0.37670785548925423,30.140717458252325,30.647689396694105,29.977594511413063,-0.5069719384417795
2032-07-16 12:00:00,23.59014313045148,26.95845958815848,28.940980008916707,30.239017672203204,26.515765609290728,25.294758641149116,27.106296124815973,26.450693715420687,15.695441895321707,27.197454881300455,27.666263585145312,27.255145360366107,26.00651678637755,1.248628573988558,29.22327382688195,30.165939611569502,29.21287705711402,-0.9426657846875521
2032-08-16 12:00:00,23.988033359735578,26.46992593531707,28.434736948880907,30.311042103692646,27.221223983196154,25.856422473342406,27.84650051110667,27.231204138955157,15.208647394489805,27.745852456318037,27.267608069160474,27.770898827824528,25.334146279739855,2.436752548084673,29.009299368741477,29.44858034566984,28.989376396262738,-0.4392809769283623
2032-09-16 00:00:00,23.96282969192667,26.462143024411027,28.098566237095984,30.024232711704382,27.530953343911563,26.126095359957468,28.018446110128714,27.419464393980746,15.272916497213266,27.97269251604002,27.253918904207136,28.013925768034532,25.139602720682426,2.8743230473521066,29.159687501795883,28.987314035606914,29.073494199314688,0.17237346618896865
2032-10-16 12:00:00,24.044962372210726,26.781264225711123,28.25086523422935,30.251986688692686,27.083130337259885,26.051189673216744,28.023058933718605,27.406121214780512,15.706543659441168,28.080935728302038,27.736535618295942,28.14396464065221,25.498151597783377,2.6458130428688342,29.711754448511606,29.158866578220106,29.578637708555124,0.5528878702914994
2032-11-16 00:00:00,24.244205141423908,26.835540071725482,28.383242149306913,30.373998789674115,25.943926745391472,25.111524859308798,27.473818380983715,26.92216426508072,17.03957473770291,27.58583714775156,28.31975330830031,27.76159403258071,26.078814204507893,1.6827798280728175,29.990052115954434,29.742262796045246,29.937324705438336,0.24778931990918807
2032-12-16 12:00:00,25.96125992120363,27.283823748378133,28.284527642524353,30.068877439472484,24.61963582467945,23.879779322640008,26.3775535068079,25.76586446919237,19.14137799167036,26.572461416323037,28.98432884304994,26.745946898810182,27.07249954903872,-0.32655265022853897,29.990448794531744,30.538150165008776,30.304450633030683,-0.5477013704770322
2033-01-16 12:00:00,27.661293949953244,27.695942553100462,28.334244133773414,29.557992585520587,23.431197738044307,22.733507801533943,25.131159567099463,24.367872898886617,20.644812354894892,25.425332290215007,29.484134047920733,25.44009618679309,28.374734584079736,-2.934638397286644,30.03671229613379,30.796387733321765,30.755028353697845,-0.7596754371879761
2033-02-15 00:00:00,28.494565588342184,27.44707143237993,28.1658710707099,29.23899163202767,22.97855278906564,22.273170001517713,24.787220954289868,24.015059916445754,20.707982203791026,25.059639868254344,29.621085323128522,25.057675759655776,29.334680508821993,-4.277004749166217,29.474193033731126,31.089166102275197,30.041940086961848,-1.6149730685440709
2033-03-16 12:00:00,28.520356942892754,26.497496633470927,27.560723001798827,28.99503233798487,22.900360148730112,21.919935354358522,24.432157070156578,23.4410358829239,20.939085013678753,24.698731118894255,29.713529285986535,24.56224308341962,29.676293368082224,-5.1140502846626035,30.16416832019527,30.746202351469186,30.65126929955475,-0.582034031273917
2033-04-16 00:00:00,28.298761705572403,26.575004739847316,26.910775919183074,28.902726940301534,23.40683935332399,22.262303727858406,24.61009557348326,23.58904832446431,19.541175299973297,24.86549777162999,29.55671022725524,24.64290529744253,29.362627604139462,-4.71972230669693,30.742360099525694,31.186540780621502,30.854012990502234,-0.44418068109580844
2033-05-16 12:00:00,27.20457398353929,26.790508447289177,27.29118949022667,28.959276585868338,23.95074733237602,22.776981074846923,24.983264328667797,24.083210043972528,18.58668660261754,25.232748682865424,28.96227161746501,25.05582721460683,28.027923139846337,-2.9720959252395076,30.372303092283907,30.890412401161125,30.356430789296322,-0.518109308877218
2033-06-16 00:00:00,25.2520744357481,26.390509829718333,27.436619009407785,29.2277208098667,25.11429605596655,23.881331207079622,25.603754508847842,24.783416701772712,16.99460606718112,25.912896534727313,28.207659603342197,25.747597317505857,26.94330637458121,-1.1957090570753515,29.63694141195404,30.244873373302113,29.3465266689319,-0.607931961348072
2033-07-16 12:00:00,23.908903916058296,25.846002588175583,27.400468923919476,29.2745004624183,26.32491964346935,24.929163340610756,26.555247214780813,25.82903197843516,15.586807465855314,26.856620294102232,27.465775366156052,26.75082114416798,26.052428610572324,0.6983925335956549,28.736524227040853,29.505334822241746,28.395075966179903,-0.7688105952008932
2033-08-16 12:00:00,23.91679768080669,25.62503283377503,27.07516199509425,29.101756820520844,26.801575324018984,25.302626478828042,27.418881483944272,26.685365745324116,15.271276990087955,27.44137889189458,27.102185843287913,27.371801745823433,25.319613107224612,2.052188638598821,28.449357105553826,28.447430837820523,28.090118129206616,0.0019262677333031775
2033-09-16 00:00:00,23.46916306079831,25.86620951174138,27.374382907471762,29.181646533221834,27.263170788277982,25.94781429499095,28.074493974991167,27.578729274684726,14.807938804715523,28.005083318894048,27.12754838599295,28.151524208130297,25.19332563868755,2.9581985694427466,28.810409310874714,27.954753220014375,28.35247130898205,0.8556560908603394
2033-10-16 12:00:00,24.3459924450472,26.606177548207185,27.879383326622587,29.68943697217253,27.060160927930646,25.99114306652091,28.069871313059398,27.6323657676211,15.170301393780347,28.10020623332762,27.63431100680036,28.307441434155557,25.701693740048803,2.6057476941067534,29.425803087778252,28.180364086928247,28.895224077644855,1.2454390008500056
2033-11-16 00:00:00,25.245011813440712,27.311180860921553,28.328321633792633,29.949090721668956,26.067882800841797,25.304396625082223,27.367635908612225,26.887549597142613,16.25814173750941,27.57334922783377,28.385349551690776,27.8065190234267,26.637902259894506,1.1686167635321922,29.72693160878268,29.125495816563337,29.40349014470924,0.6014357922193447
2033-12-16 12:00:00,26.673424379556025,28.0103908916241,28.70014017267207,29.83100454317217,24.804002163603396,23.993528521074506,26.102521353762704,25.484951986399214,18.2467161952039,26.444073067144526,29.07127980127559,26.551120107169485,27.46476241551919,-0.9136423083497043,29.855903175576895,29.695771993085927,30.089000079689065,0.16013118249096792
2034-01-16 12:00:00,28.907346454816917,28.659322722167506,28.95787701932714,29.60375975052793,23.600544376209935,22.705818490452977,25.10949289865889,24.37930164894731,20.807981570738974,25.49245741663449,29.562788009837398,25.52715460377932,28.14682177376033,-2.6196671699810103,29.61814159526825,29.98483494332532,30.097852197496184,-0.36669334805707265
2034-02-15 00:00:00,29.833378240407942,28.337498037484753,28.7597006341411,29.478508230281694,23.01413038913903,22.1335391623484,24.72355796773634,23.91159782430685,21.860623582753377,25.10505992608901,29.869971679215134,25.103465340094303,28.758405502102505,-3.6549401620082023,29.725729692691313,30.664040928571282,30.34201111243799,-0.9383112358799686
2034-03-16 12:00:00,29.78441785658599,28.667792688506836,28.875796340011565,29.520323356593195,23.06414728984036,22.245595648408173,24.98218250737863,24.111357483255954,21.726976603198292,25.26612577551988,30.079212411224162,25.25423020514881,29.087232361974237,-3.833002156825426,29.91743890409598,31.06013570272165,30.52230750281498,-1.1426967986256678
2034-04-16 00:00:00,29.010723724955813,28.62135647314916,28.85359115713122,29.57785874838358,23.390690799920062,22.52170864441461,25.26012907987464,24.53494907684786,20.436407231534652,25.521489145187388,29.98528689866626,25.639082402147505,29.258157731339704,-3.6190753291921993,30.770227361816204,30.87168237640707,31.222539795076674,-0.10145501459086503
2034-05-16 12:00:00,27.464586297635982,28.450020841836082,28.91177313916058,29.758055589763973,24.3014587381685,23.352766259086756,25.81466885052471,25.040123103577272,18.47917839680181,25.987897078205137,29.37367629881369,26.035294655059122,28.295080870493155,-2.2597862154340334,30.909052963415235,30.770976573489474,30.92180339071364,0.13807638992576088
2034-06-16 00:00:00,24.86095889529739,27.306509730380295,28.917359100505,30.0460489558437,25.350640428817883,24.3024394834491,26.361075408112157,25.63947588661408,16.65136783106128,26.527184992688635,28.443750665548556,26.606641075973926,27.173275167248356,-0.5666340912744303,30.20021492028705,30.48523045152348,29.92719049395838,-0.2850155312364322
2034-07-16 12:00:00,24.010563460995062,26.460563585270187,28.26825185662865,30.07718597972751,26.78111612915738,25.597675957082423,27.26562389269671,26.66068204107728,15.782636730684104,27.41825162771414,27.684794205827483,27.449355665742754,26.27123383941181,1.178121826330944,29.4675891312869,29.562029958565265,29.273954307539647,-0.09444082727836545
2034-08-16 12:00:00,24.61530457253299,26.589265924498715,28.162197478848995,30.008438566541336,27.83635120322487,26.662864711387776,28.3406813548229,27.82232171177089,15.204058685074143,28.332268609064187,27.2951213614768,28.398944496047015,25.77229835467696,2.626646141370056,29.33466773301764,27.77562829522881,29.06968590030362,1.5590394377888295
2034-09-16 00:00:00,24.345826024688883,26.539109233536436,27.969686351475108,29.89983434018723,28.330722414337927,27.23829338457119,28.87602254966524,28.263659002004044,15.207889256585375,28.853646876902943,27.167557010027668,28.838216493431304,25.693555962487434,3.14466053094387,29.485203279770072,27.093274351165704,29.1088942168181,2.3919289286043686
2034-10-16 12:00:00,24.19220889552711,26.724372364884267,28.16304911928334,30.089148810687952,27.75736976389245,26.82436733617451,28.738184070420857,28.190978575723335,15.657464112252248,28.793482052675195,27.60624596298759,28.9418545214377,26.104495594708858,2.837358926728843,29.947428379714143,27.66990067432862,29.4603110930796,2.2775277053855234
2034-11-16 00:00:00,25.288108047423915,27.425101953139446,28.464355231637164,30.083875691909892,26.11095763272733,25.071513407675255,27.416813845371312,26.637582667944706,16.52778221454502,27.55625634019672,28.344676693422038,27.631156726194096,26.85446730777055,0.7766894184235476,30.103736461665253,28.904063005032484,29.824813059055415,1.1996734566327696
2034-12-16 12:00:00,26.09799380213323,27.77811248554341,28.724598427009525,30.036274693205428,24.5712875144368,23.527161383121115,25.770874352022915,24.839329512747582,17.8290483294493,26.076245855138136,29.089727328637633,25.987938868883344,27.8234560165751,-1.835517147691757,30.036100014284784,29.876253859109237,30.267548200834668,0.159846155175547
2035-01-16 12:00:00,27.61683879162211,27.842258230382296,28.758675951249337,29.801554081563324,23.471701738054335,22.589074734337775,24.845781089549153,23.901189862846287,20.216060215033277,25.221283027067855,29.524964090065783,25.09170336139242,28.618165556316704,-3.526462194924285,29.734623558970203,30.43904254527577,30.177090256561584,-0.7044189863055657
2035-02-15 00:00:00,28.544936757657617,27.446743025724174,28.37165566327401,29.62322151037971,22.954809578369638,22.086962638914514,24.54209836308146,23.682997365551852,21.6298466954628,24.90698264074409,29.81993915346146,24.854894698882497,28.897414406166572,-4.042519707284075,30.045987992837137,30.777419741166074,30.651174200584435,-0.7314317483289372
2035-03-16 12:00:00,28.788528173243247,27.267326026198255,27.878727501148802,29.48259633861812,22.903967949711586,22.164278211162582,24.711185130477947,24.014047715795492,21.466525121128335,25.041405773122474,30.015859884531075,25.096056512353144,28.99282733752253,-3.896770825169387,30.6241835689231,31.316734101496195,31.182002808418343,-0.6925505325730938
2035-04-16 00:00:00,28.608464795928267,27.8015808511733,27.884651604585486,29.330435119788223,23.18968469310976,22.430501963768055,24.835676945278315,24.100004549941783,20.09038240044606,25.118232127608223,29.92312942220765,25.19031953142146,28.880572023272666,-3.690252491851208,31.210995068149337,31.201243478601505,31.59977581960746,0.009751589547832396
2035-05-16 12:00:00,26.66632551376797,27.53774267164929,28.305450100964936,29.605755061909594,24.127730277082243,23.22333153519208,25.361836226026675,24.622237714305157,18.46383637962041,25.632503983670677,29.305860908943835,25.65240156988657,28.16187384890359,-2.509472279017018,31.092355846092723,31.035885702946402,31.03993375828069,0.056470143146320595
2035-06-16 00:00:00,23.336357006942933,25.901223284152216,27.972728045888285,29.845856564780547,25.417187314515548,24.301372065173712,26.244110689492114,25.498717262993186,17.03520363574231,26.510240673689022,28.29206440882207,26.521829160769865,27.27426701292444,-0.7524378521545749,30.265020377313263,30.664762204605942,30.06209063200499,-0.3997418272926794
2035-07-16 12:00:00,22.97532644202479,24.864949006226365,27.20641230710009,29.810448891258837,26.39963873445619,25.18830376210925,26.963715222894475,26.27177809759647,15.647260364721403,27.16431520042903,27.44968477112708,27.184762035471707,26.32852664634899,0.8562353891227161,29.450283037722944,29.977212410407923,29.278449921488075,-0.5269293726849789
2035-08-16 12:00:00,23.297463129088772,24.997119655154027,27.009439997030587,29.713508123543207,27.358828713466924,26.17162338565978,27.873926543809347,27.278820446582788,15.040265067578062,27.84498749289711,27.05942214477445,27.869340848046786,25.66566389950318,2.203676948543606,29.071199670793447,28.773489966824467,28.95768354502494,0.2977097039689802
2035-09-16 00:00:00,23.15453523301671,25.29310892592448,26.914576025044212,29.308480824027495,27.87729326713152,26.495574510387257,28.325074215194846,27.69917861519475,15.121358759666165,28.301666381895025,27.07969083534886,28.32413492412101,25.62836710853662,2.695767815584393,29.34568647481396,28.052736231506138,29.115400425050368,1.2929502433078213
2035-10-16 12:00:00,23.211320872182924,25.377605823493045,26.907708924387983,29.11280385907596,27.33693865696775,26.079840572443608,28.01513179516716,27.249621086803657,15.63763288107563,28.124762528241583,27.489593845189887,28.13026428426073,26.00473288352921,2.125531400731518,29.833111264290157,28.301278675976246,29.516929462929177,1.531832588313911
2035-11-16 00:00:00,24.357696556467403,25.717151008740935,26.89163213748028,29.006033644217116,25.90329078249082,24.844468559726227,27.160044684887982,26.251191300954044,17.319019316969992,27.280538332545632,28.1266420603734,27.21149873809751,26.477806325641968,0.7336924124555431,30.087378717098698,29.451771477431315,30.03692251450871,0.6356072396673831
2035-12-16 12:00:00,25.47233235714717,25.98020511114446,26.691697374334133,28.538946972799724,24.624616372159384,23.669661532169055,26.157178540406292,25.239660008727604,18.916748662015085,26.35216919332581,28.730849066305606,26.280401699911167,27.208673336379047,-0.9282716364678798,29.727952330176,30.381065618409156,30.139603646123685,-0.6531132882331576
2036-01-16 12:00:00,27.80752581307634,25.98404179397877,26.608840133114917,28.254775889803565,23.37691748245872,22.3481012495884,25.40244971044476,24.352450159959584,20.213690374083193,25.578576123618376,29.148416652252255,25.510600136077226,27.978847399995242,-2.468247263918016,29.451908022587162,30.60002385520741,30.089822786896747,-1.148115832620249
2036-02-15 00:00:00,28.657248789695107,25.566067623900754,26.6843417986077,28.332252874363704,22.76974409971477,21.8793498380522,24.90605825556794,23.911878519361785,21.581961264007116,25.09689226738139,29.337221354765568,25.073710736861386,28.81747353665504,-3.743762799793654,29.515267036859488,30.315021497777767,30.10405903482053,-0.7997544609182796
2036-03-16 12:00:00,28.76434482895275,26.335898887045857,27.138135858296483,28.76139732241309,22.69212730053407,21.79501142693214,24.77216617043467,23.682439904402788,21.458053689251635,24.91577555322201,29.638389107475184,24.793935927957193,29.179165873821656,-4.385229945864463,30.218715954353936,30.945500225810356,30.80108594912943,-0.7267842714564203
2036-04-16 00:00:00,28.105156232547216,27.48526254400782,27.826086319731928,28.874830641128913,23.15401997920776,22.06597290149034,24.965232254398817,23.884518548824282,19.95116011179855,25.090267350030004,29.6644592574003,24.953359657231328,29.01000059336322,-4.056640936131892,30.868505625309904,31.32856479853541,31.265274721896017,-0.46005917322550616
2036-05-16 12:00:00,27.770331408863786,28.286103806983245,28.376866843457684,29.122815274523578,24.079724779479555,22.912366669254613,25.608009828375966,24.586146241490013,18.57548721768844,25.705076210639287,29.193659844086824,25.61093184420229,28.04860011897476,-2.43766827477247,31.0549994602514,31.155031402599583,31.093867239793806,-0.1000319423481848
2036-06-16 00:00:00,26.699448713967914,28.240337499730696,28.90096382445247,29.584000172664098,25.62149963988791,24.32383748501878,26.290836794459327,25.398501477938822,17.148718905527044,26.521245127440196,28.46791270813081,26.38973571214363,27.025917337150094,-0.6361816250064649,30.15458115064925,30.77701302559635,29.746271359719337,-0.6224318749471003
2036-07-16 12:00:00,26.45492862575238,27.901469572017664,28.898029004743382,29.908811686236405,26.879574302489385,25.574645838241597,27.096460828681366,26.275930051048807,16.067408451987866,27.313013720110114,27.80604415404755,27.164284197956842,26.344365016010702,0.8199191819461404,29.13263633184072,30.057944900372938,28.762765430953845,-0.9253085685322162
2036-08-16 12:00:00,26.452302791700227,27.86763136941988,28.89787057284363,30.082233614270702,27.618103136582235,26.184207132638647,28.03835253505683,27.277561063848765,15.350042272187483,28.09548404546508,27.38669488746303,27.999717597962597,25.953714144096867,2.0460034538657297,29.063993134784674,28.5130015911254,28.733971837760045,0.5509915436592756
2036-09-16 00:00:00,26.480033213580086,28.28163618357806,29.20797994043142,30.339843742328362,27.817544239410395,26.499943841746056,28.55345501483997,27.902570629205208,14.737372891191429,28.582256205939423,27.43784536707309,28.679249153704202,25.923115685989977,2.756133467714225,29.504765069707346,27.34630855690072,29.071172955326134,2.1584565128066266
2036-10-16 12:00:00,26.868802890514846,28.87987748723619,29.666708526594206,30.823641854990782,27.370051677003193,26.51488340299129,28.651006660559695,27.98587804646728,15.512631102101826,28.65435878587605,27.945759222383348,28.77608329798479,26.277087901339478,2.498995396645313,30.044020448272637,27.447866927057802,29.602750483771423,2.596153521214834
2036-11-16 00:00:00,27.68811630953892,29.458897381965386,30.121311684246653,31.05369677592334,26.058726566748085,25.427889419093535,27.936664518813924,27.38174485971406,16.72179921952525,28.03815309228311,28.71331895370694,28.31449461112458,27.186609566560083,1.127885044564497,30.38329748056098,28.393327235513603,30.187571539843454,1.9899702450473775
2036-12-16 12:00:00,28.51630694093179,29.625824196135376,30.27642586291564,31.03311381184434,24.49461143684801,23.73720578967351,26.465987010209453,25.83241867336206,18.787982180360057,26.709345981507663,29.46687112617146,26.94298851489585,27.932144925509768,-0.9891564106139192,30.414881032140215,29.58535091042978,30.716441646366793,0.8295301217104338
2037-01-16 12:00:00,29.38180495679862,29.179715150977934,29.895082412005113,30.585332063779607,23.46925148739766,22.68676965488933,25.427676698140722,24.74285051060439,20.363572639402005,25.73503130085759,29.970956606829905,25.90346374033043,28.84284559556177,-2.939381855231339,30.310361949508355,30.431745711942416,30.883518821905653,-0.12138376243406057
2037-02-15 00:00:00,29.369839650783046,27.95502263277613,28.690371968396107,29.96383161073472,22.897182377383867,22.02514980405275,24.80070656643827,24.030322259922897,21.134044372860956,25.099287805876028,30.08048438533487,25.186838443767538,29.766811151900217,-4.579972708132679,30.312297707507405,30.942708771851226,30.889112952075628,-0.6304110643438214
2037-03-16 12:00:00,29.06069309953227,26.927281748978686,27.50266356988002,29.35272765039613,22.751528806706858,21.856988927119108,24.66394130054275,23.899720194512277,21.444086550907112,24.93845857213654,30.090062542674794,25.025066126708655,30.143553644625676,-5.118487517917021,30.617646890876305,31.21387295386072,31.20016913164782,-0.5962260629844138
2037-04-16 00:00:00,28.795795863914122,26.527793213046,26.73670012463188,28.911901303382688,23.162177086136772,22.220976651431386,24.9459484025225,24.217297477880706,20.496417750282184,25.196402191367294,29.863085199932893,25.265396130139948,29.7830574904325,-4.5176613602925535,31.109319061649632,31.28694412903405,31.4274177538006,-0.17762506738441886
2037-05-16 12:00:00,27.6133966430271,26.822991845550977,26.942260045013864,29.023553588664786,24.37541373937086,23.302762994796147,25.73865367299776,25.115260267042615,19.10281095726025,25.944750152906607,29.342344705547806,25.972044212225285,28.351152593120307,-2.3791083808950226,31.46594847319422,31.23857495099545,31.34471325784839,0.22737352219877138
2037-06-16 00:00:00,24.427162378297208,25.354553883947304,26.637770861991175,28.974467310434083,25.4108362485399,24.25873552379803,26.212649755926563,25.594503688201804,17.45826605892167,26.41676021204382,28.400889948723954,26.425804639051176,27.04106274424811,-0.6152581051969328,30.56734310252713,30.726491911859142,30.471462264658403,-0.15914880933201303
2037-07-16 12:00:00,23.743726486103622,24.41761058380161,25.906716649680302,28.727549881253374,26.65429359306574,25.32931784083281,26.956469892508878,26.320877403381346,16.393452599280685,27.169543626005552,27.62640069068386,27.160907682661524,26.207133558428957,0.9537741242325666,29.50054203188772,30.140867176179032,29.376531752124947,-0.6403251442913138
2037-08-16 12:00:00,23.500668100099176,23.994649859709593,25.543173943959047,28.485021433812854,27.351982324412276,26.06871536295222,27.918360077962756,27.315467708441705,15.22612931806752,27.921048753628433,27.235700286561542,27.955444887064846,25.780791265139417,2.1746536219254295,29.26091863416202,29.96519433427793,29.174255838369174,-0.7042757001159075
2037-09-16 00:00:00,23.56483209770654,24.545970844199122,25.56957648404123,28.03665233701558,27.633133218719042,26.425342790198673,28.562930471134948,27.94493462006033,15.261130419388305,28.45092255714574,27.24851701522216,28.534815102232336,25.722872385288294,2.811942716944042,29.348883429901846,29.693595523166522,29.2267022361697,-0.34471209326467545
2037-10-16 12:00:00,22.962246895036866,24.71892294444143,25.75393033666746,27.923782752473546,27.143239289728037,25.964358662159693,28.161938439664777,27.38567178731032,16.024652526956757,28.202591625500876,27.482251419974155,28.24253309599499,26.0976938244505,2.144839271544491,29.952831441750945,29.34538116443825,29.672635207180175,0.6074502773126937
2037-11-16 00:00:00,24.05003476408526,25.019764970785197,26.056850606793677,28.084045473228496,25.785259788385538,24.63679476550728,27.186551444853105,26.335546209460652,17.449967486617496,27.354404180398685,28.178442868319596,27.427176937404024,26.854844332204426,0.5723326051995983,30.214109625565055,29.98779321150426,30.22057386760713,0.2263164140607934
2037-12-16 12:00:00,25.41226711835477,25.549528849568482,26.221612874460167,27.93976139386166,24.35313044670835,23.31763074148534,25.797047828964807,24.824501196516294,19.060403715732825,26.098995757541736,28.832214478450926,26.06579181704291,27.879288136582947,-1.813496319540036,30.0267618998908,30.661860517463236,30.33942657046793,-0.6350986175724351
2038-01-16 12:00:00,27.430507705321688,26.338805904923273,26.685209701173765,27.85679966763518,23.402051954060816,22.439802949419683,24.723283871005712,23.70125450211069,20.23989865529677,25.136485194876997,29.248567592740923,25.012014016004777,28.554987376752603,-3.542973360747826,29.458641504662765,30.532210278367383,30.09639876377401,-1.0735687737046185
2038-02-15 00:00:00,28.300468864536125,26.332333067907722,27.2258724257855,28.186777293275753,22.81656467481618,21.893402013637413,24.149011286302713,23.100700771384012,22.15110741357246,24.569889029827362,29.513264048670102,24.38988643454547,29.233713464813654,-4.843827030268184,29.552702612814336,30.49904400838181,30.111806990749308,-0.9463413955674724
2038-03-16 12:00:00,28.952833387911525,26.767242521056097,27.27344640523046,28.581256671179876,22.567721177196262,21.640474576751554,23.996860911871163,22.997055581770145,21.60150700976501,24.342605500562396,29.719353435286465,24.194143562179622,29.49371548435975,-5.299571922180128,30.37965951972417,30.771492271262307,30.886175825961836,-0.3918327515381357
2038-04-16 00:00:00,28.504368990171326,27.710308983777875,27.897759243526814,28.933004781024724,23.036041072367805,21.89379756094322,24.27200600002089,23.264799014013295,20.672851440083264,24.527933455638706,29.80216694709796,24.37103022682587,29.056676109368876,-4.685645882543007,31.15485906993186,31.152192732041787,31.20368267027894,0.0026663378900728674
2038-05-16 12:00:00,28.152798727172318,28.491433050229634,28.618969311067573,29.319672534057933,24.134935666437354,22.85471298958078,25.215381291858012,24.425259547363,18.571894905345133,25.42983182290619,29.379015728525115,25.379895887324647,28.18190979705984,-2.8020139097351944,30.864163143020466,30.929010787279715,30.838670618557057,-0.06484764425924894
2038-06-16 00:00:00,27.715231898635782,28.60269396826535,29.01471099492163,29.753063016597082,25.477718798960733,24.183296792874163,25.865406113844625,25.130393408300055,16.840321185216155,26.141500372655926,28.67812559410643,26.09485391136474,27.198894713046148,-1.104040801681407,29.802036676207937,30.63429149831423,29.5144807396445,-0.8322548221062931
2038-07-16 12:00:00,27.15608801171488,28.40005677334051,29.173310438102863,30.051509276036313,26.728357085097038,25.425463854589378,26.78056341126155,26.087494877709773,15.3640620718217,27.03777053003776,28.038304074579536,26.973261415245826,26.35363747558323,0.6196239396625955,29.240466410383746,30.184253139486955,29.03011614116992,-0.9437867291032092
2038-08-16 12:00:00,27.12293546311239,28.22302751413574,29.144038409952028,30.285690833325237,27.79863461786599,26.472937802437475,27.785340539473783,27.077015275359894,14.678420057362564,27.893688276590204,27.684179667120684,27.74897446967522,25.795770895398693,1.9532035742765252,29.188903494868416,28.83309810428468,28.9988599161567,0.35580539058373617
2038-09-16 00:00:00,26.909862441606297,28.58838446885927,29.36224220282148,30.47376534267984,28.444263047473438,27.326563268695054,28.51429702902757,27.82608263572127,14.833283391132763,28.641616182113243,27.714169774422924,28.523817648065144,25.847824584013225,2.6759930640519194,29.550032952154464,28.008626377052497,29.154549079178885,1.5414065751019663
2038-10-16 12:00:00,26.525791506611547,28.69839089522415,29.601531128662604,30.8069481200114,27.821392723155085,26.97056088212189,28.566157345063278,27.89708710995114,15.51260120492099,28.70661562815756,28.100574021206217,28.72253629691065,26.252442837744624,2.4700934591660264,30.01073103607972,27.543712077231728,29.575283497098596,2.4670189588479907
2038-11-16 00:00:00,26.420565654110895,28.882841091738623,29.825276564403993,31.154215361313675,26.25616875679287,25.341548530227325,27.60525142467805,26.811817451365375,17.10620770168898,27.79294909803443,28.797476299886828,27.833519019846875,26.77222611205523,1.0612929077916462,30.24192109696437,28.472847100362845,30.057141035017867,1.7690739966015236
2038-12-16 12:00:00,27.5353169733581,29.06298978284833,29.848970436779837,31.049771995250584,24.478070928435553,23.487726423493932,25.942761425025974,24.9631820213732,18.5748631276552,26.208410297779814,29.534650888251015,26.118583040624756,27.818958334993237,-1.700375294368481,30.444925517826004,29.881261918597982,30.625126935410066,0.5636635992280219
2039-01-16 12:00:00,29.090040051652238,28.60887452016763,29.468201010298216,30.35254342940537,23.506704551995746,22.58767726648653,24.96812599553093,24.077527591486785,20.1637569205751,25.315837135014977,30.095653135909217,25.203048624715322,28.94010237971481,-3.7370537549994864,30.373344676383134,30.79262787977269,30.85479565835456,-0.4192832033895577
2039-02-15 00:00:00,29.28346638706929,27.35245717209505,28.13589124754144,29.497406390801682,23.10369215885026,22.13604429258695,24.489358456991525,23.70914930558725,21.61189274328603,24.908136761713987,30.172424517242476,24.821097743109647,29.642760666314086,-4.821662923204439,30.3516188819765,31.100381996407574,30.80387800638313,-0.7487631144310747
2039-03-16 12:00:00,29.061840656095892,26.033382668431976,26.57239033586125,28.820519722464155,23.06141100496057,22.16798302188801,24.658394195209848,24.027825068966386,21.43410693146943,25.066772621330298,30.04983305711717,25.113708008435477,30.214923307272596,-5.101215298837118,30.90966350961121,31.108728433611272,31.330631745209473,-0.19906492400006215
2039-04-16 00:00:00,28.6016061079626,26.24098278536185,26.440150516967964,28.63498149249063,23.574686269614325,22.637956873124228,25.02417427861822,24.400125224999737,20.25929064808387,25.378128313011104,29.900434495986325,25.429362839299106,30.068179726904045,-4.638816887604939,31.55622350176709,31.32355728194866,31.832634307913796,0.23266621981843016
2039-05-16 12:00:00,27.072622772820722,26.440781330811628,26.69648151919067,28.672690702162793,24.466461065994817,23.361160910555906,25.562736765030085,25.016818828373694,18.7519285851804,25.898170563282836,29.27651611453806,26.00896222699602,28.92391566186399,-2.9149534348679715,31.080482945172406,31.39629646895523,30.88530625203619,-0.31581352378282546
2039-06-16 00:00:00,25.277091426563977,26.161246477954162,26.90384122724743,28.94378160941188,25.407571761182503,24.34028223113817,26.275342905447207,25.77226140528068,17.644591815627194,26.59512398370153,28.54219513786779,26.739563730432362,27.655970738627833,-0.9164070081954705,30.241673415060763,30.664496163897937,30.0526007009056,-0.42282274883717363
2039-07-16 12:00:00,23.902976892941144,24.966832356706494,26.495714559535102,28.928351314236924,26.081506526912147,24.748222515921313,26.74924846909374,26.071254125555424,16.658251672744683,26.98467979057184,27.740508693808792,27.029696479790683,26.551106484813953,0.4785899949767298,29.579574738894078,30.13668618475298,29.491130698949604,-0.5571114458589008
2039-08-16 12:00:00,23.401703389130436,24.392341572953836,25.97198107728436,28.49190114065111,27.148944819101594,25.77241870031191,27.650020347716257,27.034820895668442,15.603276332237078,27.730502693393394,27.26081557873269,27.762722689400576,25.836255857908224,1.9264668314923519,29.335192046645805,29.732651237351075,29.319046304765628,-0.3974591907052698
2039-09-16 00:00:00,23.03657183881778,24.65861610435327,26.269638320796478,28.553832466250853,27.648050769921785,26.307829311936416,28.15304773602682,27.45658171387847,15.513350760412933,28.226904516645384,27.258868625759522,28.247449981126202,25.79990835355942,2.447541627566782,29.504215166302043,29.678946083510382,29.43535290271871,-0.17473091720833978
2039-10-16 12:00:00,23.411558218474028,25.208454658337487,26.626209044262172,28.64603265556515,27.31723081680579,26.262601512769567,28.156186311206046,27.503580133426283,16.221552242780465,28.302338557302416,27.690712583870564,28.377923708721934,26.254730237694076,2.1231934710278573,29.645102807365312,29.937804677424914,29.674430058405775,-0.29270187005960224
2039-11-16 00:00:00,24.321755947320472,25.903642077952572,26.938014504753887,28.716621942228418,26.079655522112454,25.207144345315175,27.361362699355926,26.560993711671824,17.169511171700552,27.59188788949231,28.322935470312213,27.623447410087746,27.135797818078032,0.4876495920097135,29.80178970087993,30.516048495761048,29.82833536560589,-0.7142587948811183
2039-12-16 12:00:00,25.477816907743097,26.43687636030797,27.348851872618017,28.950775609436015,24.919256597100414,23.967494947728305,26.07244123117366,25.18769060331906,19.128310764626026,26.393757332172953,29.00041213435787,26.277794918311997,27.81108084619714,-1.5332859278851423,29.885477845442345,30.69606139062891,30.25452331338615,-0.8105835451865637
2040-01-16 12:00:00,27.9048713333248,27.105717277593413,27.525963342661527,28.66174369729755,23.92331571277166,23.047306696703004,25.06564943090284,24.17912902649373,21.490444650562267,25.488526604106998,29.469831211322013,25.28540416813178,28.42239418399948,-3.136990015867699,29.537302271310285,30.28770760211934,30.05210299377106,-0.7504053308090555
2040-02-15 00:00:00,29.102090364733396,27.433655459797023,27.940203747799927,28.620416114008954,23.41421837502403,22.6878550192616,24.744174687448247,23.940786916364797,22.325267589287517,25.168758730801432,29.770371579212956,25.01889877484897,28.873577029370825,-3.854678254521854,29.712344074702948,30.474916091309698,30.26005398020448,-0.7625720166067502
2040-03-16 12:00:00,28.711034309245388,27.20385642552567,28.221994979960815,29.098387376762524,23.339228349806497,22.764605153665514,25.046160948662997,24.400302413935275,22.107977264847722,25.348852005807785,29.84895029928921,25.353380974833975,29.32330778392063,-3.9699268090866546,30.38488092144225,30.829577233834343,30.919858786552183,-0.44469631239209306
2040-04-16 00:00:00,28.71840333177564,27.971992270740543,28.486460922965893,29.41981051955552,23.894545611344228,23.2651523360158,25.46284858661835,24.945047133341685,20.98878862957442,25.693569461235786,29.884573104977722,25.790588982298132,29.3717115483862,-3.5811225660880694,31.053988381235882,31.024509250816084,31.24061102846467,0.029479130419797883
2040-05-16 12:00:00,28.04251797830145,28.456761812903704,29.004784000011234,29.809272369903134,24.741547140127423,23.979694646401498,26.121528988813687,25.6537150427379,19.428331532724926,26.30591807737521,29.35682364597613,26.465503984252912,28.243529813214952,-1.7780258289620399,30.81727754490572,30.997578393578358,30.60553522920553,-0.18030084867263696
2040-06-16 00:00:00,26.400958668770816,28.165584732319708,29.297134184982188,30.190888153042398,25.637785537874265,24.639728368460023,26.64611366576491,26.120438305165763,17.676637467264587,26.850872785177987,28.58072815911955,26.999423400655196,26.860278446549465,0.13914495410573124,30.1196414332476,30.44800362020235,29.79295927335888,-0.32836218695474884
2040-07-16 12:00:00,24.949886533046136,27.382301966957318,28.992613515423976,30.342213202579035,26.85965259714095,25.715328124646636,27.520488615593738,27.000525939156415,15.98383157923399,27.62134000151041,27.826567955410408,27.721592305120677,26.095883640119407,1.6257086650012695,29.51737104190503,29.786509913657657,29.241003990164383,-0.2691388717526273
2040-08-16 12:00:00,24.797066048222458,26.91508828388176,28.541104416619053,30.238082054006707,27.687296149292774,26.42131234456222,28.359052906800876,27.79951588073158,15.270976911913262,28.163271689046645,27.380427745991668,28.219692379730713,25.376480040371572,2.843212339359141,29.327958155988217,28.358134642678785,29.106154176714224,0.9698235133094322
2040-09-16 00:00:00,25.052736628424636,26.66213482528457,28.16964164064053,30.121222260384506,28.229080514142264,27.060135189748802,28.909423596098183,28.409585906041663,15.537603418569537,28.77819215040109,27.3662580906387,28.912376007913952,25.435310477798826,3.4770655301151265,29.587446320543414,27.632218622838298,29.32984860615053,1.9552276977051157
2040-10-16 12:00:00,24.455824194380114,26.918685956994516,28.33598439176013,30.234578479204767,27.59078703488212,26.343522764078187,28.5045133447344,27.85276315189897,16.203352829644473,28.523184303750124,27.74148559953536,28.676691983904107,25.981451608363205,2.6952403755409016,30.108589860033998,28.148731741615276,29.771286746082342,1.9598581184187225
2040-11-16 00:00:00,24.667839070334118,26.957818508625,28.311762417613537,30.296689658951372,26.354584631727743,25.27904704421174,27.622913767134893,26.802453416417674,17.268348282308537,27.778009897572982,28.471314074441153,27.813152033871575,26.941215379121964,0.8719366547496108,30.53599347878428,29.19929506918864,30.488058719970933,1.3366984095956411
2040-12-16 12:00:00,26.22547329692972,27.422603191940265,28.104710392123188,30.015865334159546,25.007896874874827,24.084169493524026,26.443395209241114,25.571618668132405,19.91835156485707,26.70873660278494,29.17828672460436,26.66490407856302,27.900413447365388,-1.2355093688023686,30.322021345302776,30.014471245811208,30.646775712425622,0.30755009949156786
2041-01-16 12:00:00,28.184945113366624,27.76065941684702,28.274466024293787,29.4503115997285,23.703528634257765,22.986470709199644,25.387321530186163,24.45606919640837,22.072117136261806,25.69944781275074,29.80202015000706,25.599702845264407,28.866823118026577,-3.2671202727621704,30.19637064949545,30.434650752875875,30.666824932223207,-0.2382801033804256
2041-02-15 00:00:00,29.022060657734734,26.793601869518596,27.8939835782455,29.45031521606086,23.054748162905554,22.38298768431233,24.871754947417735,23.94077540358654,21.8954009135012,25.19437156072365,30.06083824031784,25.103881923517473,29.351291453245654,-4.247409529728181,30.16792446033722,30.5587623457249,30.774854397928458,-0.3908378853876826
2041-03-16 12:00:00,28.94396404292899,26.73491630773894,27.544043684463965,29.48928904964101,23.099405160284928,22.522291131657372,25.18627394046558,24.50343246593733,22.45375391545095,25.4734159616558,30.053385238707648,25.539163061761307,29.599907711277304,-4.060744649515996,30.38093716725979,31.222449393528507,31.0310504977355,-0.8415122262687156
2041-04-16 00:00:00,28.799655912665344,27.801968929005653,28.10528942327114,29.503880585241866,23.51270236773789,22.9287604141459,25.634436855087426,25.026345436994955,20.98629539612324,25.83940797203982,30.035816238775382,25.976005723378258,29.399075811279346,-3.4230700879010882,30.841096978784787,31.042028272494562,31.315089066822605,-0.20093129370977536
2041-05-16 12:00:00,27.58918970813795,28.18941897401998,28.784070893223163,29.703559994586886,23.978938482201045,23.344393719952784,25.924206110833723,25.373894759566483,19.106632886947484,26.08835704346537,29.619683718913535,26.2956415710313,28.57490318472308,-2.27926161369178,31.12120031288098,31.32551054179115,31.231709931058724,-0.20431022891017037
2041-06-16 00:00:00,25.10317910669363,27.589124366631594,28.988872830789187,30.269171545166987,25.07346581296864,24.22791497922604,26.424772151185348,25.927434054730785,17.73201300262439,26.65833748892191,28.776698550630496,26.883498834494244,27.525345520048376,-0.6418466855541318,30.413366155448262,31.288352402837393,30.451669992503497,-0.8749862473891312
2041-07-16 12:00:00,24.881596963505363,27.209098309807484,28.937520121770625,30.45760269092407,26.146642824305076,25.116180118719136,27.09086214131819,26.527299439459647,16.273599370839374,27.267424326659256,28.0678669000513,27.407631390071643,26.77186283106049,0.6357685590111544,29.70051983931128,30.5336552617313,29.641553919656666,-0.8331354224200211
2041-08-16 12:00:00,24.739158271038065,26.94533434700095,28.578628730275256,30.34781664359848,27.15037571929806,25.987440444937892,27.95847742889449,27.383579345353887,14.75676091102863,28.003888338557854,27.650547815214374,28.114154579922523,26.225524952702646,1.8886296272198777,29.38988061303146,29.949811384681027,29.3055139962749,-0.5599307716495687
2041-09-16 00:00:00,25.37401876399014,27.077274178753015,28.515068750958278,30.219318120061764,27.86979786140669,26.84529162135066,28.475169739236573,27.835568712044218,14.6571080069512,28.526898192211757,27.658523551754403,28.579179713122112,26.036219934571672,2.54295977855044,29.61910510063035,29.28698983296788,29.413477552296992,0.3321152676624699
2041-10-16 12:00:00,25.418872090975846,27.428549600762775,28.581243049192757,30.297115527374114,27.308327907944037,26.18897709467848,28.207537625751826,27.428777614677706,15.171963893035436,28.383427449949988,28.123943555010758,28.423881713127383,26.706837823724133,1.71704388940325,30.128208444484017,29.153593644908085,29.7082736603557,0.9746147995759316
2041-11-16 00:00:00,25.53441113887736,27.83080707606293,28.82352471569336,30.20232594127063,26.080957945251686,25.153342879031907,27.361677925993742,26.51531433822137,16.469117327712834,27.595623330903912,28.69555141254394,27.595108073282272,27.383477226257877,0.21163084702439505,30.133965668770717,29.715893994954353,29.950333924880056,0.4180716738163639
2041-12-16 12:00:00,26.76170705406629,28.135713966805223,28.983304500701802,30.178129198398967,24.835078769569733,24.059844041149486,26.207080380428284,25.337710929481506,18.37965291674082,26.522345851422994,29.389869589282426,26.45938349066814,28.43491612547161,-1.9755326348034679,30.09253296522642,30.466542637136552,30.260067273769714,-0.37400967191013024
2042-01-16 12:00:00,28.771767050333718,28.21507073884619,28.887116625437955,29.922812396240065,23.903248100935222,22.94096964302113,25.050308356194794,23.99805821309641,20.42605139517401,25.43370711854262,29.83515712043933,25.178077676665204,29.229225817642956,-4.051148140977752,29.95221461415856,30.492527584101325,30.426521741948093,-0.5403129699427645
2042-02-15 00:00:00,29.032866667584184,27.743022316395177,28.72592413677616,29.710282614031758,23.31396616110001,22.35167987275744,24.394433351518092,23.27144285925558,21.319509943591182,24.765955645115078,30.099156130469147,24.412493132017776,29.876901452933552,-5.464408320915776,30.33633728022225,31.085475709268586,30.972847117505385,-0.7491384290463365
2042-03-16 12:00:00,29.025416281644823,27.881619122698545,28.480599092791582,29.688759829490657,23.206127133513558,22.474430540525155,24.690094658736726,23.771532177989982,21.05381918806523,25.02384442264814,30.310484770646116,24.832827056105028,30.21416860206522,-5.381341545960193,30.73790403736606,31.36147536523447,31.212503013501706,-0.6235713278684081
2042-04-16 00:00:00,28.718332757241424,28.314804018771373,28.485570770845563,29.661370770649967,23.66339083932952,22.99978124871704,25.148166111115536,24.482705834615942,20.03864437124605,25.435915085996644,30.242710988249936,25.40518476434621,29.792837868665522,-4.3876531043193125,31.345857585098603,31.398699522613622,31.588298666451333,-0.05284193751501931
2042-05-16 12:00:00,28.022661082775652,28.431695893844047,28.826120257653322,29.84152059599978,24.382833592169387,23.51874072584035,25.732968703045813,25.063593011458636,18.53779495379308,25.9335644827886,29.68436170562501,25.911242073833233,28.740511354269568,-2.8292692804363355,31.596404169904446,31.409234075607678,31.42957606960408,0.18717009429676779
2042-06-16 00:00:00,25.528815021042266,27.95468400595652,29.094925860533184,30.13171932315959,25.79608664848713,24.73505090139638,26.465016718612123,25.76741193104694,16.590927821161447,26.712034859040653,28.818179088958534,26.654681935243737,27.539554935112697,-0.8848729998689606,30.47327153224004,30.947416442959423,30.185927825010662,-0.4741449107193816
2042-07-16 12:00:00,23.99889188994172,26.929413567672327,29.077087747038302,30.641493539873323,26.89428771668812,25.550048428395794,27.252147297556768,26.46967367304286,15.580357815994468,27.42814675864214,28.0185236408633,27.315596406093928,26.458596821990145,0.8569995841037823,29.64495103178495,30.4159318059433,29.49639171201089,-0.7709807741583496
2042-08-16 12:00:00,23.919596977681383,26.6585035519541,28.76835923543335,30.620617025205586,27.601848428971227,26.163538153233468,27.810146099057615,27.07005517765797,14.908982000583974,27.880798408673282,27.52659361717889,27.83382681175993,25.816407895802634,2.017418915957297,29.342910057890602,29.463212139312528,29.181342383994703,-0.12030208142192578
2042-09-16 00:00:00,23.92280456607085,26.783555044461654,28.657348670425257,30.67591048823504,28.193616541772965,26.97750661515635,28.362474478073658,27.655737601637448,15.128861253320013,28.483633039795947,27.518577165873293,28.468710983397493,25.7703436819085,2.698367301488993,29.615286589197527,28.439486888547716,29.276827231104367,1.1757997006498115
2042-10-16 12:00:00,24.199855924688134,26.982927503047218,28.576254915465594,30.630573656225366,27.54299017705198,26.16424888045287,28.38583781745163,27.614271339574366,15.849420838188193,28.451618154950943,27.93255925621401,28.45113990176231,26.158033726671288,2.2931061750910224,30.000108257741434,28.581117369652507,29.550218387732617,1.4189908880889277
2042-11-16 00:00:00,24.737503192101496,27.298889523507235,28.56032026050594,30.539541907334556,26.310229126883893,24.956662622614584,27.37193339074236,26.36753564309031,17.258342444043855,27.537461361423276,28.590919532661715,27.40372364437298,27.03580356879216,0.3679200755808196,30.231408406897145,29.643278024292833,30.014016868786744,0.5881303826043123
2042-12-16 12:00:00,25.720252830510468,27.461724431667882,28.40523067980417,30.02993625339488,24.994314414060536,23.755334813908743,26.127616713541634,25.070063712460318,19.132310812126835,26.434521461270116,29.181172807853567,26.21646754313365,27.903069057980467,-1.6866015148468172,30.042587008133097,30.527727799208865,30.379094053903053,-0.4851407910757679
2043-01-16 12:00:00,27.2623896494638,27.222770761482224,28.051013380350476,29.435377812190236,23.89005428341788,22.836835200992134,25.239019983008415,24.145374955571068,21.831264282832766,25.58844112241944,29.54410693537294,25.350364809132877,28.486662450665342,-3.1362976415324653,29.63678959293332,30.708812250015633,30.175417008701498,-1.0720226570823144
2043-02-15 00:00:00,28.64831245079826,26.709956256776266,27.39954254442731,29.1010979097426,23.444494928420443,22.651573066866586,25.137719495138462,24.282255775719015,22.448560961001856,25.462755319131237,29.77070443223757,25.383171852056567,29.400507145851783,-4.017335293795217,29.96204360215579,30.61076791898786,30.471211711838194,-0.6487243168320695
2043-03-16 12:00:00,28.59898688079829,26.400407235920394,27.208872474143458,28.953542903079793,23.24495045176162,22.457733089322943,24.967484885635315,24.19060353259424,22.254117973673047,25.253601089295994,29.90275794710663,25.24572470597621,30.06713118128704,-4.821406475310827,30.55613580573107,31.125762946192175,30.946264687401268,-0.5696271404611046
2043-04-16 00:00:00,28.20232293065745,25.95829477219266,26.992018868440613,29.082392737633402,23.593490085872777,22.947094258641286,25.338473077216292,24.55949942790402,20.62393926611,25.540305702223844,29.77206500306948,25.53526053641934,29.874870505688676,-4.339609969269336,31.20272288941745,31.51018210635332,31.279558757831573,-0.3074592169358681
2043-05-16 12:00:00,27.131416933953997,26.905708146017876,27.370821501573428,28.994577651020514,24.31376207712855,23.748443043896582,25.8565032053099,25.111367954036304,18.587306006921036,26.031671503321657,29.177566148596583,26.03956895732707,28.772387300695904,-2.732818343368834,31.029007647140514,31.38061657905282,30.81570437700819,-0.35160893191230613
2043-06-16 00:00:00,25.003351682587933,26.272991679111048,27.57820523336429,29.269781943309415,25.410127779460662,24.461291189588074,26.25871705968294,25.405024054608003,17.283499060515265,26.499268169786305,28.346750960434875,26.43419448129864,27.57674189162251,-1.1425474103238713,30.176646528836514,30.791021033672124,29.88403115177072,-0.6143745048356095
2043-07-16 12:00:00,23.693966103159728,25.73892271767301,27.731576295633126,29.607635754551804,26.785386648889414,25.629342466512238,27.12700996480874,26.35438332563583,16.46509422707752,27.343321677477846,27.721447853648762,27.251052205691284,26.43511301985712,0.8159391858341642,29.468933043874415,30.298100428096177,29.331062849351554,-0.829167384221762
2043-08-16 12:00:00,24.281873305001323,26.200870890504785,27.821374950592016,29.63713410881815,27.71732207183796,26.52118041080798,28.104256399919823,27.469359703678673,15.742655012212724,28.067823713198866,27.376475164151906,27.997217635973776,25.698019594281767,2.2991980416920086,29.295366459272277,29.032698825857075,29.132158564448652,0.2626676334152016
2043-09-16 00:00:00,24.723625943922737,26.522715489807347,27.98854465131273,29.714555433494475,27.895871845908186,26.89530890472265,28.72089924577727,28.221586247773274,14.958750370291954,28.57827239519748,27.37116334660426,28.69008770428401,25.5577146902379,3.1323730140461095,29.35435403659048,28.023341396153747,29.184416445545757,1.3310126404367324
2043-10-16 12:00:00,25.29601144507209,26.867207640849617,28.213093162114426,29.87701446961277,27.30536593647138,26.511033371302883,28.67344433386989,28.12136618670418,15.238269929272981,28.578187694178713,27.82024132756185,28.753198649735644,26.009907939173132,2.743290710562512,29.995327644967524,28.1077832671108,29.68229929461709,1.8875443778567238
2043-11-16 00:00:00,25.585035293537683,27.262829794501197,28.540847198263485,30.196283944984533,26.160063409240674,25.5952332426562,28.06645983294105,27.524811639554464,16.289684223966596,28.087019197743164,28.545098019151794,28.377950334198946,27.016049816344914,1.361900517854032,30.35606861818684,29.17006672152819,30.30694873034306,1.1860018966586487
2043-12-16 12:00:00,26.806853109372213,27.800875203603535,28.673987083204526,30.11179987118665,24.969662508131517,24.308908497440548,26.786776652608477,26.081473500802048,18.600342648793298,26.939829668080694,29.323983659633168,27.0754745645708,27.82746633814515,-0.7519917735743498,30.416989383327817,30.301720122630506,30.780168095199787,0.11526926069731047
2044-01-16 12:00:00,28.6847200167572,27.91482873581893,28.48617118321751,29.508893555977288,24.025863859487977,23.260361546709753,25.44533524249258,24.609896653945285,21.20200119935448,25.76376918704718,29.764281897031925,25.696143631244592,28.475849263528687,-2.779705632284095,29.897747706818,30.546220622011067,30.38758000819514,-0.6484729151930679
2044-02-15 00:00:00,29.256302554134137,27.143897666376613,28.106797831006116,29.44745364263108,23.459215680031342,22.731565726218292,25.147765931937283,24.373550967609514,22.210302707347026,25.47752584339702,29.97580888338236,25.46276835799613,29.20069818238533,-3.7379298243892016,30.281440901751985,31.035049313454863,30.84711864132958,-0.7536084117028778
2044-03-16 12:00:00,28.909357932758244,27.090368970411404,27.97743066371415,29.504894191629543,23.450975653746646,22.757432922499497,25.218150844187363,24.596262801516364,21.579998742261953,25.54639772977464,30.178518823679692,25.63536179690002,29.484418769808254,-3.849056972908233,30.60018633217715,31.100188953007244,31.01193541907154,-0.5000026208300952
2044-04-16 00:00:00,28.33361640346485,27.580681918173326,28.249144951796374,29.46492420501854,23.722539200703483,22.874041172310328,25.39116612460472,24.7538692785268,20.71251045142762,25.658914633480332,30.151181546813813,25.740197732864576,29.036941685410177,-3.296743952545601,31.389654080858815,31.38560617994671,31.622746142772385,0.0040479009121057175
2044-05-16 12:00:00,27.15754882135804,27.99042642240977,28.656631528087186,29.818431016785475,24.42492642082257,23.480076250837527,25.901941926151657,25.17325167772144,18.68214897915098,26.127037461500482,29.59838882985041,26.159271809811177,28.2706766728485,-2.111404863037322,31.33580412438899,31.48120816967048,31.224059122165553,-0.14540404528149153
2044-06-16 00:00:00,25.720451151176892,27.355559746909403,28.62970647976043,30.137743498649503,25.626256134094888,24.31589290127331,26.62771846914423,25.970548786406045,17.053993598687335,26.84492860489295,28.75724941019613,26.93391153519761,27.48958213339403,-0.5556705981964214,29.78726121140756,31.35072915806504,29.566781412293356,-1.5634679466574788
2044-07-16 12:00:00,24.666530937326673,26.782260093118396,28.51115687325111,30.211319675356332,26.637393896950478,25.262612361700267,27.361258300749395,26.72648076134012,15.833852291379117,27.521477985469268,28.07536749890796,27.56899398185615,26.622134770020548,0.9468592118356014,29.106560803341143,30.850806660623704,28.93957102474746,-1.7442458572825608
2044-08-16 12:00:00,24.39654999967908,26.529356847829643,28.394310152002273,30.2319860993316,27.42398169595464,26.20684027400728,28.101258446174974,27.463410248012064,15.257126260041023,28.144178743466266,27.734574743943448,28.144499418982733,25.9892546738029,2.155244745179832,29.175793351744105,30.429789346753513,29.18963379372424,-1.253995995009408
2044-09-16 00:00:00,24.092657050199378,26.593419332220346,28.27187953195174,30.125063942858084,27.997434928414734,26.81011671165131,28.793665250842423,28.26234944374975,15.238330459196161,28.752141522194176,27.678923376154696,28.867267809979833,25.72978080183605,3.1374870081437827,29.552883815003558,30.233309812133708,29.502328820833643,-0.6804259971301505
2044-10-16 12:00:00,24.831928258293427,26.92984286087687,28.416860751765785,30.25501198611961,27.349867807073473,26.166658628868632,28.615913910974825,28.076754565371708,15.751562296751317,28.650878664051785,28.183755418515915,28.868218490224017,26.115748654821225,2.752469835402792,30.26995061123867,30.429691646846745,30.03352588478971,-0.15974103560807507
2044-11-16 00:00:00,25.730892728753258,27.440581417811284,28.500248579792892,30.241663840031567,26.24791253874529,25.272813005221128,27.793148123642247,27.185625112775604,16.885807449040765,27.99500090391512,28.94640444752913,28.185410226486063,26.775264907607795,1.4101453188782678,30.580675081642404,30.76928950877554,30.593401493655886,-0.18861442713313537
2044-12-16 12:00:00,27.17464694309668,28.10615736600523,28.696468538225982,30.01432073805805,25.097070630125796,24.084711547721458,26.415929987713515,25.643691743609953,19.095698566445588,26.72730635312171,29.59234064059077,26.728681100098598,27.78136315813073,-1.0526820580321328,30.484824211359623,31.01427968296848,30.90816830625556,-0.5294554716088555
2045-01-16 12:00:00,28.69642915350855,27.775711273818146,28.63800942890667,29.79498436673894,23.979467474473303,22.881254177390478,24.929263232915147,23.928853056453647,20.969683301632482,25.372170873878343,29.97555105634215,25.15824853064773,28.68913635595233,-3.5308878253045997,30.053860569322197,31.455579602309136,30.667172239551576,-1.4017190329869393
2045-02-15 00:00:00,28.99675523840634,27.185496012557117,28.384933632338367,29.697756710135,23.259586945717473,22.11051459408055,24.300890613212836,23.15449937289117,22.68627361368036,24.686419381343786,30.17205871335022,24.380102861714875,29.43166981252243,-5.051566950807555,30.34029917179694,31.478155299128957,31.044086183654834,-1.137856127332018
2045-03-16 12:00:00,28.919355594883513,27.529651569064743,28.366675368138345,29.657831628142972,23.052085240651436,21.98623331646892,24.36792462196677,23.27887783580308,22.1829258374331,24.698086809980104,30.339748048427126,24.4651388733065,29.87653216536361,-5.4113932920571095,30.62996087273416,31.40468080835119,31.28688177449694,-0.774719935617032
2045-04-16 00:00:00,28.97728962306288,28.129914188207536,28.609879341739735,29.82278565639511,23.669784858082195,22.830692190885824,24.927744801056463,24.07996736426548,21.106608957573336,25.25897216046029,30.21474795422942,25.099446438077766,29.652766664445906,-4.55332022636814,30.966433702559392,31.5144334516233,31.327137994783847,-0.5479997490639086
2045-05-16 12:00:00,28.076128159347196,28.794324401613274,29.179774199538837,30.123471112105822,24.72049505117515,23.766135215389127,25.688712295625454,24.87568570964236,19.56860965064382,25.94389489260025,29.679013670767763,25.805063145551625,28.583370462880527,-2.7783073173289026,30.930965731784163,31.314582723182838,30.887639837696458,-0.3836169913986751
2045-06-16 00:00:00,26.480371119290265,28.29747825527684,29.39214610741363,30.439199799912203,25.717786202048092,24.568952635320684,26.425257078745037,25.721158153274114,18.317942832212967,26.691451068569798,28.873417628071508,26.641442993720826,27.60767962739276,-0.966236633671933,30.43287031204164,31.038579501688293,30.175802106209666,-0.6057091896466531
2045-07-16 12:00:00,25.75622293391869,27.800490300698694,29.338020376949874,30.69164056548478,26.901977359992607,25.680331394935166,27.297934659803516,26.66397017513951,17.176979333694312,27.520738961283612,28.209514127786374,27.483253660859152,26.616795762100566,0.8664578987585863,29.724506134075177,30.23382724868769,29.45868963523904,-0.5093211146125114
2045-08-16 12:00:00,25.17154687272955,27.3830156618513,29.168445151857558,30.830453842376045,27.504758844512228,26.197517536235477,28.159023493157893,27.526428388715793,16.086830071796147,28.227109816122752,27.784878163727843,28.34376274569529,26.10627246827407,2.2374902774212195,29.522528915767015,28.847519186651922,29.284421342436847,0.6750097291150929
2045-09-16 00:00:00,25.324966213257877,27.406397842416588,29.097309244471408,30.929381905570537,28.013255620950286,26.696798291427697,28.6278837937514,27.993325652142868,15.610751179052778,28.57544583021769,27.765468830230642,28.64657057466424,25.932833648968497,2.7137369256957413,29.748294170554185,27.95602239924127,29.4637477835531,1.7922717713129153
2045-10-16 12:00:00,25.571294119142454,27.828934055587705,29.20195871806497,30.958498370886993,27.419304080353648,26.23255095772753,28.449047195078688,27.739656313533192,15.855709379770826,28.475770038182723,28.232638961020093,28.60083839748433,26.352944439963412,2.247893957520919,30.298162590375103,28.211313039634394,29.86141239466212,2.086849550740709
2045-11-16 00:00:00,25.809033350192248,28.243838924267788,29.3984190150098,31.0143598001471,26.303422374822514,25.26883738077297,27.651841826752193,26.91405366170324,16.788215852182763,27.822578356146057,28.89282797798791,27.98508071327104,27.242360537246178,0.7427201760248607,30.424186156662945,29.524992326567794,30.135371877541516,0.8991938300951503
2045-12-16 12:00:00,27.19584135054431,28.8294228398762,29.69504725809953,30.995074429687644,25.124985676954037,24.139358822837877,26.470598634702736,25.71847880934703,19.140011350516083,26.77208286992585,29.662960066775558,26.83194125966956,28.143987082659603,-1.3120458229900436,30.615051684645234,30.30097528684411,30.887737211096745,0.3140763978011236
2046-01-16 12:00:00,29.27196631561216,28.821835466705124,29.567780343304836,30.74998475658206,24.00294000173984,22.954598941387733,25.366912054670802,24.462799126722206,21.14637347903473,25.693521939601517,30.239671680608375,25.624241960631846,28.829490383864385,-3.20524842323254,30.5769235271101,30.804448503650956,31.24567535628529,-0.22752497654085602
2046-02-15 00:00:00,30.013843072623857,28.642518084168138,29.33748260522174,30.477638308712496,23.528709415350704,22.65657210411677,25.09797282920632,24.32824279153411,22.550389928224213,25.44094809747099,30.499315436441357,25.469060798284357,29.590545225087226,-4.121484426802869,30.514813986431506,31.070898148131164,31.16466036497822,-0.5560841616996584
2046-03-16 12:00:00,29.636288260426184,28.18529864639969,28.804868645190435,30.05891831991209,23.382003150423344,22.594850030590123,25.273633273007864,24.67376623032097,22.065386208434557,25.588789256872015,30.606983060196193,25.777978010139407,30.000575922671974,-4.222597912532567,30.93588288973494,31.676397719852112,31.54443942930422,-0.7405148301171707
2046-04-16 00:00:00,29.173668090192418,28.28472844665787,28.5030433667832,29.772027332905424,23.748004408281414,22.93704843815078,25.570511788780994,24.988377620289633,21.145938256808396,25.846106806390967,30.409164064325076,26.06657138127344,29.750933356532343,-3.684361975258902,31.527369996789684,32.116179611279456,31.947216213518384,-0.5888096144897723
2046-05-16 12:00:00,28.02124528099164,28.227107994677816,28.68145305680435,30.039242460796164,24.380955067083388,23.19660472928368,25.696649410522085,24.949981522393454,19.06799512942049,25.936876815248578,29.861563973895326,26.058480022056123,28.78178884587027,-2.723308823814147,31.768112743386794,31.693064499965786,31.78589818776041,0.07504824342100846
2046-06-16 00:00:00,23.940415252632945,26.66158227201046,28.382360369737356,30.12698371498305,25.464859246582677,24.00146710679613,26.33728185989752,25.613533408827227,17.396120224633467,26.648848313256874,28.793544196909448,26.73889086206877,27.67552789099864,-0.9366370289298693,30.82477485140529,31.378896829757824,30.619321450840385,-0.5541219783525335
2046-07-16 12:00:00,24.064572806047153,25.784927868478878,27.69569863833688,30.001287661519516,26.586672201845673,25.084994335978866,27.1212224971235,26.43193812070437,15.886288809607754,27.390015559669685,28.0676766406984,27.40186302931398,26.763216690770083,0.6386463385438965,29.777866531799944,30.826670463663554,29.6930392935831,-1.0488039318636098
2046-08-16 12:00:00,23.014798130356528,24.939310932840744,26.83697823889771,29.539311370446075,27.205035071479184,25.71490794727367,28.05848205106698,27.500830066034595,15.253279625362751,28.05266128443951,27.52216493180148,28.193161314594292,26.0155881911672,2.1775731234270914,29.4864133049338,30.150339016762544,29.352423000688592,-0.6639257118287425
2046-09-16 00:00:00,23.092397200511453,25.047779409919546,26.79108554272554,29.277474989849722,27.723891662324615,26.338451649834788,28.65968035869142,28.107136014896327,15.052752322413681,28.56195156422152,27.54431427324351,28.735634273050273,25.863983388801987,2.871650884248286,29.586207350371534,29.98585866397282,29.434604117782236,-0.3996513136012858
2046-10-16 12:00:00,23.861760145950452,25.383551552290413,26.90221635633949,29.2450564262056,27.365150750480094,26.230491961832538,28.61146452027174,28.073626943059768,15.795913825743947,28.652624261576936,27.92087908189077,28.928302829950418,26.31764622402182,2.6106566059285967,30.25438340268883,29.86607922874062,29.906726521324906,0.38830417394821026
2046-11-16 00:00:00,24.774698525343062,26.06866486795012,27.18736707503646,29.193885581923887,26.327101102370705,25.488715658697863,27.853327001380798,27.377751296788016,17.107280940573837,28.040020277338105,28.571596535032562,28.39531017142493,27.26844800249463,1.1268621689303018,30.368204453667403,30.490047484961174,30.26069486437219,-0.12184303129377128
2046-12-16 12:00:00,25.94934858502044,26.939925870088768,27.582717465876325,28.97999469214159,25.131344911204387,24.109343545305013,26.412716756272786,25.71491514615233,18.717200177245108,26.714841251268044,29.162707407405176,26.809607259643496,28.164676703503943,-1.3550694438604474,29.767526758790435,30.973023283563847,30.21291387013518,-1.2054965247734124
2047-01-16 12:00:00,28.31835666951024,27.39958838962512,27.92472775455098,28.84803547314849,23.980018325594703,22.84997776375522,25.20048686968167,24.226760755011668,20.681071203308765,25.555430926701135,29.704886283923855,25.43145449104915,28.737981207011934,-3.306526715962786,29.873397341001702,31.01483615088113,30.535005761772606,-1.1414388098794284
2047-02-15 00:00:00,29.035649072355465,26.689244769253367,27.650975976652102,29.071658506940405,23.44163450348831,22.38127710092056,24.8007850051332,23.83654841006443,22.21894204537383,25.15163173752858,29.935659458740677,24.984624116716518,29.509277869375424,-4.524653752658907,29.954202491835943,30.871401077187837,30.553180503072355,-0.917198585351894
2047-03-16 12:00:00,29.372770753301495,26.916588086981584,27.645370593466968,29.317169101253594,23.360791447948525,22.36380683796804,24.92720165615369,24.0401524881068,22.321000461818123,25.23793928522254,30.19411514587382,25.152859731703632,29.97086646549988,-4.818006733796249,30.676230160269018,31.490145661300236,31.224498494597153,-0.813915501031218
2047-04-16 00:00:00,28.964566467113777,28.127265054091765,28.31014085073066,29.48986000981484,23.729805328219598,22.832731731095933,25.26990405723054,24.53888475601299,20.949088840894984,25.528684026307225,30.205959666715344,25.546840047437964,29.659578630843093,-4.112738583405129,31.207855956905664,31.80135480014706,31.380735412558646,-0.5934988432413952
2047-05-16 12:00:00,28.00661229780814,28.70030308818752,28.958508447045173,29.820074370336368,24.48999626899831,23.36639480533212,25.721494554461664,25.012433910652383,18.38704631038784,25.92107330649483,29.63101764755587,25.96787379815608,28.66763068466118,-2.6997568865050994,31.24714641458585,31.53888933741084,31.22395418866225,-0.2917429228249908
2047-06-16 00:00:00,26.669849142393836,28.60185045032805,29.447121380486077,30.125653265429087,25.56893232139834,24.374992849888052,26.5011906808055,25.926239089834507,16.784801762862774,26.72746957502158,28.86951482564383,26.87191016113906,27.676712015595324,-0.8048018544562652,30.534375089215143,31.025151473993837,30.316901326006487,-0.49077638477869456
2047-07-16 12:00:00,26.11177387814867,28.04012385852009,29.434270927609024,30.532050947876776,26.965807375386678,25.52541337870312,27.364549710045107,26.775016065870265,15.816462078141932,27.58202678837347,28.23613418558407,27.686061910228375,26.76697217776432,0.9190897324640552,29.931070342208848,30.54333902311455,29.658518659270285,-0.6122686809057036
2047-08-16 12:00:00,26.267722054273232,27.969686426709686,29.271108450586027,30.900533390733518,27.830737010276184,26.409301823370935,28.122098926720305,27.44607885153465,15.079993878282991,28.201856477233726,27.913613601684865,28.201823358134266,25.96336349758011,2.238459860554155,29.576216764072186,29.677395373831153,29.390316355695308,-0.10117860975896775
2047-09-16 00:00:00,25.97856455661241,27.841478702450033,29.094721270948952,30.803569500830694,27.959184537051655,26.465886100929183,28.48347248621926,27.760334398999863,15.09523731427982,28.456438304815546,27.907309529786797,28.464888135660622,25.685264440294514,2.7796236953661086,29.691093139136417,28.634709980125926,29.451369509999914,1.0563831590104904
2047-10-16 12:00:00,25.666023931426217,27.835814758435337,29.08829077212297,30.819389965590375,27.411045991399035,26.143598662448486,28.299183914447518,27.592273492602427,15.652930734824555,28.354753172683804,28.232672724771366,28.46914238346755,26.06283768390758,2.4063046995599677,30.476119416168817,28.811240112600853,29.938960277882803,1.6648793035679645
2047-11-16 00:00:00,26.34342236144209,28.07948753811859,29.13463607743087,30.876449108286703,26.305110596116133,25.50507317756901,27.810128491811497,27.223252694485655,17.19270574879069,28.007102395557492,28.909308816809087,28.214684023683503,26.945019104448,1.2696649192355025,30.773055481251948,29.64642373808457,30.540556067700972,1.1266317431673762
2047-12-16 12:00:00,27.166253632904144,28.243030507261217,29.079925656663626,30.658437321538862,24.941779499065166,24.29832822506144,26.816567836436008,26.156064994687686,19.43715086259124,26.993258194114194,29.613149944508535,27.151802552634095,27.945037837916317,-0.793235285282222,30.714661950906713,30.683143795743927,31.172093212453085,0.03151815516278589
2048-01-16 12:00:00,28.988493301483643,27.646656455031064,28.644872704418123,30.246022067049058,23.842806321963543,23.04915233867502,25.531892779162515,24.641818157588265,20.896452105010983,25.821267972235844,29.997206845192192,25.79359979601472,28.71820772567505,-2.924607929660329,30.225733586893604,31.171511664587516,30.7988606175452,-0.9457780776939124
2048-02-15 00:00:00,29.05096377668836,26.878782928607624,27.927747089555062,29.79569199163943,23.286032394809276,22.30028741862837,24.83958339522343,23.926060055550693,22.633014542973815,25.19401754860728,30.1314335272396,25.076240532695042,29.378873731277828,-4.302633198582786,30.139592853060307,30.699715569085825,30.679072432507013,-0.5601227160255178
2048-03-16 12:00:00,29.10522382432434,26.762990730981105,27.743590046208592,29.45586168320714,23.157556134791296,22.092571848441676,24.772008043123602,23.834610339318353,22.13437988129242,25.056583785224557,30.251962685838734,24.93423817431737,29.689243584438483,-4.755005410121111,30.53468574943453,31.482080729091827,31.05068426534487,-0.9473949796572967
2048-04-16 00:00:00,29.148729812818058,27.77055105233128,28.036964946571228,29.406028904415017,23.528287041113725,22.451081054505927,25.067944061224942,24.27169635975678,20.944691471252437,25.329347560506452,30.24427929170847,25.305253556712184,29.56978617288421,-4.264532616172026,31.163587310372847,31.29432343218756,31.44222814489037,-0.1307361218147136
2048-05-16 12:00:00,28.622328822456083,28.362984969631004,28.759339733521152,29.96622129125808,24.445438048464265,23.304769198771684,25.67233822018498,25.015442731384624,19.11322286004753,25.874299538324443,29.818806318737487,25.937004397443232,28.68602391742575,-2.749019519982518,31.44090424120776,31.64754938288946,31.474320639676264,-0.20664514168169745
2048-06-16 00:00:00,26.545153703964154,28.327105486168627,29.29285490886744,30.402738859089173,25.452459260480882,24.13548121428238,26.217531322297862,25.59141586344746,17.59535101190889,26.492973968371114,28.974272430861728,26.615007194169515,27.74199782286507,-1.1269906286955553,30.668130667018396,31.2629054830709,30.507941370995198,-0.594774816052503
2048-07-16 12:00:00,25.48291371434201,27.411836547115186,29.01485172944132,30.573093844986357,26.582690869188998,25.186550395064664,27.100032259068733,26.554817223688758,16.154537066419596,27.338837956722095,28.186537655482216,27.47932466144092,26.823540967056793,0.6557836943841266,29.839465182787485,30.76339902538247,29.580913501229126,-0.9239338425949839
2048-08-16 12:00:00,25.022888352903216,26.788817485318543,28.566655663765793,30.491249267183065,27.545359032218048,26.245393590406334,28.061271509406286,27.589667885475237,15.426870158283739,28.21116654483281,27.76276998158268,28.427432038231554,26.32068819333274,2.1067438448988156,29.686907825448625,29.489694911789112,29.387029764481717,0.19721291365951288
2048-09-16 00:00:00,24.986357360109974,27.1078126372983,28.456403768488332,30.223672701144295,28.262989461181974,27.133802170996816,28.89369146038719,28.453795996436757,15.159261598725507,28.903799481453856,27.813975397442654,29.097703934711937,26.129940565999483,2.967763368712454,29.889696446533478,28.77565465581829,29.576888793525757,1.1140417907151878
2048-10-16 12:00:00,25.116129826249598,27.645342531932023,28.87135120144217,30.36093895926372,27.689320056449347,26.768060665048306,29.063811386223744,28.716259116539515,15.25053836405485,29.061537780402816,28.215213652204813,29.373661038852582,26.52210271359421,2.8515583252583703,30.509691510636124,28.645427257678442,29.945654539739486,1.8642642529576818
2048-11-16 00:00:00,26.013667218757,28.060197287457015,29.113335576476427,30.519244530200723,26.216107615161732,25.346016590572873,28.116629237957447,27.426362494915164,16.79147433251076,28.15547328796801,28.898273125894857,28.32763816483455,27.469339180313955,0.8582989845205944,30.676810667426558,29.38902549278846,30.385020166581945,1.287785174638099
2048-12-16 12:00:00,27.19674680811541,28.390380604338112,29.296928297533153,30.539727416530972,24.742107718630788,23.806321037030703,26.642536021836325,25.831320979436242,18.866553934716094,26.8044394448652,29.576023640418082,26.921705012211255,28.44974694887999,-1.5280419366687354,30.404006964277382,30.425783398682096,30.604119126385417,-0.021776434404713996
2049-01-16 12:00:00,28.72687723698194,28.314174553724822,29.1597707623435,30.25823508088739,23.689482807296013,22.71684994359899,25.352479427510076,24.443359930085034,20.99014848450758,25.647317893540798,30.02213143089244,25.670195522504383,28.91302297837333,-3.242827455868948,30.343933102791834,30.90949532223914,30.7689192556187,-0.5655622194473082
2049-02-15 00:00:00,29.476944086018893,27.989289827640512,28.82783809986853,30.097157817027142,23.173595939271603,22.08486400839861,24.684459513709132,23.67019022487926,21.925668204629858,25.033661067553354,30.276898765236172,24.936954177842,29.43623660089817,-4.499282423056169,30.395561228554715,31.305630929893645,30.984170381084148,-0.9100697013389301
2049-03-16 12:00:00,29.033753157198102,27.674116546441528,28.530095010068788,29.915451314061595,23.201719301492755,22.224702586022413,24.58639321825269,23.5647246030445,22.060902202470903,24.86840140928072,30.424540710560866,24.71715964735436,29.842322825371607,-5.125163178017246,30.710637070826667,31.780923028606967,31.334547556073776,-1.0702859577802997
2049-04-16 00:00:00,29.179797730655675,28.081755381820162,28.45171133259363,29.861581497472695,23.2978948645364,22.29640978561414,24.69926097857775,23.712101367539606,20.718052357766464,24.907506091493676,30.3718595504749,24.80512704451828,29.689821393982058,-4.8846943494637785,31.520918494705985,31.585746368843807,31.83702019527172,-0.06482787413782276
2049-05-16 12:00:00,27.48359055212654,28.35811711334302,29.092383570271718,30.176543153651192,24.18851488789505,23.09694569172592,25.25525491232116,24.362959031797626,19.252313448374036,25.44392478498623,29.755077843906516,25.327311453995534,28.659380161953717,-3.3320687079581823,31.702632098387763,31.601968077072097,31.67660014562295,0.10066402131566576
2049-06-16 00:00:00,25.94498159137597,27.852989540162472,29.295240162571677,30.523208735087962,25.49838875057932,24.28301172354058,26.02539324112197,25.177143496797,17.838206954731035,26.26479908238691,28.94063423350797,26.127589911852,27.510138658368156,-1.3825487465161572,30.75712459538135,31.122472722596857,30.58993810063734,-0.36534812721550836
2049-07-16 12:00:00,25.051258255243596,27.315626059185767,29.13406014547832,30.744054583488936,26.737270107914746,25.3055971532915,27.015238890473935,26.33842351859133,16.914474189472273,27.274982421062195,28.267870803723252,27.262844960278013,26.629270151212225,0.633574809065788,29.8111898701702,30.82126160363537,29.771081045828197,-1.0100717334651712
2049-08-16 12:00:00,23.695766693797143,26.60251814703332,28.907777533554885,30.882323618818756,27.69072244860743,26.130364687315694,28.0048438227364,27.409629474113874,16.277594849579522,28.09641395651882,27.79897863500386,28.17690473287167,26.10146907594878,2.0754356569228882,29.547162953690496,29.935912405184766,29.446692140542346,-0.3887494514942702
2049-09-16 00:00:00,23.91984727158225,26.38915077430102,28.229998046258107,30.50749667703233,27.694338484823454,26.22947960889073,28.488959744205122,27.89172451984968,16.210413330369445,28.498201862427006,27.68831062495797,28.662359088565786,25.982037630178073,2.680321458387713,29.906726561673224,28.74219143763951,29.47783221809587,1.1645351240337156
2049-10-16 12:00:00,24.835181657853425,27.044336057693926,28.52721476407608,30.568615029044242,27.24140011780624,26.002906246626416,28.439269836914345,27.793296002730035,16.27762334821329,28.529611221910116,28.140783050750652,28.718588753000226,26.720928506474284,1.9976602465259425,30.351915375673574,28.929068385139775,29.847501603703567,1.4228469905337988
2049-11-16 00:00:00,25.45487751356299,27.700816486386636,28.76493881208694,30.429860042060223,26.108570418921097,25.114429109260822,27.717022335165993,26.9863157888032,17.803111013256153,27.87281686086952,28.81449029891183,28.04361889494106,27.62626100789123,0.41735788704982824,30.62456881470605,29.72620449847664,30.27451959436372,0.8983643162294079
2049-12-16 12:00:00,26.690002746764964,27.941010397040493,28.709324122191287,30.136779608910793,24.70698952259323,24.086806923655587,26.7565265924059,26.05399645215246,19.874117923687887,26.94964395239791,29.50899337632863,27.122238124933457,28.355502646811384,-1.2332645218779277,30.333482263662237,30.456498858660947,30.587179590005928,-0.12301659499870965
2050-01-16 12:00:00,28.47103890229502,27.94556244309527,28.564314643910553,29.69014924416192,23.70051015290537,23.079749880678975,25.770656644273416,25.086659690274658,21.251550342867212,26.02430037969083,29.998739198737983,26.15662819910659,29.232384622722826,-3.0757564236162374,30.19349589651089,30.78071711503599,30.763187842670064,-0.5872212185251016
2050-02-15 00:00:00,29.473593409415685,27.874028549016057,28.42821577018326,29.54028793649885,23.319294607695365,22.752301961136098,25.47391763977943,24.877723850360777,22.231295670267684,25.744838540145786,30.240926271363012,25.91164099933313,29.88069613606598,-3.969055136732848,30.432890787617794,31.080558360010468,31.109106395723536,-0.6476675723926739
2050-03-16 12:00:00,29.8357875083285,28.13066026336203,28.63623529674372,29.82110334396014,23.125259850466893,22.42886191942733,25.24678377971127,24.6017791212106,22.63825039027538,25.511779796316993,30.491177075700577,25.677026868676677,30.256025131727096,-4.578998263050419,30.652263996533993,31.33243813626462,31.226893759536754,-0.680174139730628
2050-04-16 00:00:00,29.66669799467875,29.070712052185904,29.137127566281894,30.01555722870116,23.452854686675956,22.7774883748971,25.50947747860892,24.8712305432131,20.957565664111186,25.68138327969687,30.52764738448903,25.86328183193826,29.952025000348165,-4.088743168409906,31.394860771186366,31.201333680173352,31.74640198615872,0.19352709101301357
2050-05-16 12:00:00,28.474952364360092,29.265134587970298,29.689840578331665,30.503220645314673,24.459257328373074,23.632851595016664,26.02563163456858,25.377361681716057,19.385825053536475,26.2247655169899,29.930467465907192,26.397539245216777,29.229991121368954,-2.8324518761521773,31.39924551907477,31.505415793906373,31.113558807456087,-0.10617027483160157
2050-06-16 00:00:00,26.394109836667187,28.507460089761977,29.8816603846392,30.808395474340863,25.686346277743244,24.639955497710538,26.684951243437578,26.02870132941745,17.954549688530943,26.96522577755641,29.110349635981457,27.086996929493438,28.152261196223844,-1.0652642667304058,30.780009419887712,31.269347596329784,30.432362310777396,-0.48933817644207167
2050-07-16 12:00:00,25.78631762890204,28.008538160976546,29.731524502072347,30.991095904497143,26.9031157903516,25.69930031518694,27.54815018622479,26.97371180439522,16.22852053095832,27.759140151323255,28.37426888803351,27.886612602218687,27.16765839383728,0.7189542083814082,30.05858601937302,30.46479065534615,29.753900063759335,-0.40620463597312906
2050-08-16 12:00:00,25.770660579598857,28.070330002457318,29.737597867212326,31.07330636195274,27.755786592897557,26.494318616411974,28.534121342797942,28.021569881051473,15.558317548613273,28.557249098180883,28.02469378608113,28.67407523098523,26.661943833549152,2.012131397436079,29.94664693005059,29.469236382914985,29.668521208557753,0.47741054713560516
2050-09-16 00:00:00,25.831651431357663,28.12232752411116,29.52381686128843,31.060006164349783,28.085520551755472,26.928978730309446,28.982923396270063,28.371549850561145,15.43389393591355,28.867228955700224,27.975745834148416,28.95390977330084,26.39590770269853,2.55800207060231,30.215252895666094,28.369313634815775,29.830089548076664,1.8459392608503187
2050-10-16 12:00:00,25.914275199474176,28.198990703555125,29.554041430266846,31.169157061641453,27.486459772670013,26.240784829773656,28.653105949232632,27.908095504656945,15.846967666248409,28.6945234317215,28.346481435630725,28.800496791281237,26.954331307890936,1.8461654833903012,30.68583204067833,28.30236507867527,30.162116356768113,2.3834669620030624
2050-11-16 00:00:00,25.841748884162634,28.44554270840634,29.752768121821905,31.28317457641713,26.3662962406981,25.22945275678273,27.770334531361872,26.901860497056262,17.25003164564972,27.877921738183247,29.06756723733829,27.905076916438542,27.327529839232163,0.5775470772063791,30.982621490386,29.638326950199065,30.67008388817678,1.344294540186933
2050-12-16 12:00:00,27.080848794773328,28.82053568250684,29.702472560602185,31.222529522578636,25.1496078665269,24.36359567524025,26.8854095191391,26.13413861271165,19.291994322444708,27.07762364531858,29.826347281951985,27.149576583215858,28.204316543849345,-1.054739960633487,30.9479078507473,30.712940542817172,31.13952990437241,0.23496730793012688
