time,nino12,nino3,nino34,nino4,norte,norteleste,centro,centroleste,cbm,tna,tsa,nat,sat,tasi,wtio,setio,swio,dmi
2015-01-16 12:00:00,25.273800352360055,24.850903291387738,25.03666613653546,26.89659813993047,21.932030092208365,20.301273642906253,23.872026912900154,23.199673436019363,20.25894520293615,24.140843368813698,27.813790396945258,24.434372596461003,27.684961776545677,-3.250589180084674,27.718813204204412,29.168631455280075,28.060392574777293,-1.449818251075662
2015-02-15 00:00:00,26.850544905559296,24.9990745017491,25.549733990811852,27.186195005448972,21.2783106797853,19.72141667839428,23.294378879502684,22.591563250213742,20.490555112020957,23.602617097217056,28.019084981529705,23.902333619737632,28.444841496932057,-4.542507877194424,27.79372427942272,28.81098120549037,28.176156084939564,-1.0172569260676525
2015-03-16 12:00:00,27.47905600025452,25.75575210176997,26.16368123689701,27.56450022312641,21.21049958437782,19.693407857957123,23.344824365718644,22.749562150427554,20.358064733211656,23.619544147851816,28.432517549863707,24.023609663732888,28.722822920620466,-4.699213256887578,29.12053144249449,29.231988623045925,29.52202828596776,-0.11145718055143661
2015-04-16 00:00:00,26.87063861954113,26.732532929524385,26.851913936633707,27.935388753819502,21.702215436428464,20.271907585506444,23.528978004205037,22.763224627735294,19.281111613265104,23.730584759878752,28.536613455774486,24.028387505896884,28.55374295347899,-4.525355447582108,30.099582903799153,30.38117501711187,30.136631379304223,-0.28159211331271905
2015-05-16 12:00:00,24.121207843874995,26.67629728381109,27.226900301587392,28.236919837991003,22.61589293614968,20.960375850832595,23.921683676921027,22.948859500684303,17.448554768368773,24.097003817038445,27.996311833001588,24.18692018187384,27.497377361206286,-3.3104571793324453,29.410339394146373,30.33052184363672,28.93084702381695,-0.9201824494903477
2015-06-16 00:00:00,22.535468202313545,26.058074522145926,27.373468834124687,28.55067031775512,23.26415601823528,21.400837694300687,24.256032648300167,23.253831164685288,15.372340366346215,24.5463633359799,27.20400695136914,24.578230530266424,26.52106483671702,-1.942834306450596,28.459392432492418,30.068150395338282,28.093561789903553,-1.6087579628458641
2015-07-16 12:00:00,21.621450815612786,25.211593159635385,27.02314729390019,28.491571923385965,23.658534703530478,21.738960432760877,24.995504307844655,24.14859842733014,14.032009575388244,25.181158450250607,26.42973108787081,25.39792389652523,25.36077443014416,0.037149466381070084,27.525064870816163,29.7419998149535,27.237906805208493,-2.2169349441373356
2015-08-16 12:00:00,21.259822173013738,24.501744621776375,26.62286967136987,28.409130019039626,24.22252046302555,22.323161904886597,25.9119980762417,25.21113361884595,13.531888554400872,25.83462182382941,25.953614522019222,26.189082489521105,24.432152600174774,1.7569298893463312,27.223664228200434,29.342747531153417,27.064804241250638,-2.1190833029529834
2015-09-16 00:00:00,21.539110291453575,24.268224754236705,26.44404230638979,28.568435563195624,24.29472923822833,22.33433996426804,26.134273091551446,25.35951615794273,13.893656411798368,25.96794035199405,25.985129626620495,26.303163497920085,24.42579517584358,1.8773683220765065,27.36262384805544,29.311163723093323,27.273530808147832,-1.9485398750378842
2015-10-16 12:00:00,22.27343330930944,24.217855330702573,26.189742711531213,28.662109581544378,24.189866244607842,22.253540924656853,25.707411843805115,24.89515165347221,14.822894487219257,25.7710563510041,26.473116420657902,26.00705472708069,25.001686839345457,1.0053678877352326,28.366604699087294,29.49861611734817,28.287401092894637,-1.132011418260877
2015-11-16 00:00:00,23.025751680101155,24.41072854387683,26.101973824373054,28.66629122543916,23.625474078022048,21.811382701893443,25.17842885400402,24.364023537029947,16.28498603636373,25.352690134196585,27.068893319332627,25.53788579171249,25.83211597879907,-0.2942301870865798,28.4871152572666,29.5024375603025,28.627898605317135,-1.0153223030359015
2015-12-16 12:00:00,24.027765699908734,24.997571176754487,26.29431946515728,28.609671969399166,22.8317666924991,21.122770001483136,24.51067900292408,23.705971698587117,18.03694957335805,24.74226711217571,27.671886667869657,24.940005735858232,26.73160354582722,-1.7915978099689873,28.42811996230865,29.35753558783126,28.77915579499985,-0.929415625522612
2016-01-16 12:00:00,25.269204787304336,25.850973599895568,26.515232378825818,28.38780051220221,21.953040805687447,20.306297941645795,23.596773515913366,22.79037685865487,19.6435284304571,23.891051768003475,28.061544078204253,24.088473187961103,27.737400402714258,-3.6489272147531544,28.2442292859357,28.917377662136246,28.723401530027036,-0.6731483762005475
2016-02-15 00:00:00,26.991759490501995,26.516493312204236,26.771759788110565,28.44902535400272,21.419166694625623,19.883796455684486,23.223007267486825,22.49516009970081,20.62032969362673,23.566440640136477,28.409157313110175,23.794362908175767,28.387732351270675,-4.5933694430949075,28.43572482771803,28.929188205675963,28.917496838862583,-0.4934633779579336
2016-03-16 12:00:00,27.815367077432864,26.661111132643555,27.293614446228563,28.88289407941165,21.335422647266874,19.891134776847416,23.303061511984453,22.66615414013996,20.800645830861345,23.576310184046207,28.795210547991086,23.929323010639095,28.54731381798476,-4.617990807345667,29.024629154288426,29.445274215524755,29.226570056063505,-0.4206450612363284
2016-04-16 00:00:00,25.955168539426833,27.316194744163134,28.05321727707891,29.309108754998753,21.4928349120836,19.995113541367807,23.453842671644836,22.782950546885544,19.772599340215006,23.636529312386227,28.882268800932476,23.996363442285997,28.53713939395393,-4.540775951667932,30.28203715957534,30.294802358480656,30.376949045092445,-0.012765198905317021
2016-05-16 12:00:00,23.611921008807105,27.540684703181256,28.56542680643774,29.607422504438972,22.516098163428765,20.906543606547988,23.68146584935925,22.781207728019925,16.66579858460502,23.893248002196888,28.320421329561775,24.019820580961966,27.866257143998624,-3.846436563036658,30.282400369641877,30.29266357065907,29.88252909451859,-0.010263201017192358
2016-06-16 00:00:00,22.651425019095946,27.297069423919904,28.69465979543004,29.86492706439321,23.10507242621985,21.299003580633244,24.152145667490096,23.176480733098767,14.713753690929936,24.401183736831545,27.59505918615149,24.44704765350322,27.000134972891793,-2.553087319388574,29.20371920612235,30.07535022375076,28.676618766528843,-0.8716310176284097
2016-07-16 12:00:00,22.115747606922838,26.623135741549405,28.402304857778038,29.941357610268575,23.60376740084059,21.730320039966465,24.83218194553602,23.93099384487199,13.317771043075078,25.039062163325383,26.838870896895198,25.185514617071494,25.958675408726798,-0.7731607916553038,28.287881096758028,29.379764278521595,27.971679050747433,-1.091883181763567
2016-08-16 12:00:00,22.073895401895232,26.066345484728707,28.073135534268086,30.057569205390745,24.372399086548604,22.482539980482937,25.68097641453648,24.863380344531524,12.89543338321102,25.708025138554937,26.420763593068543,25.90045591439899,25.374071435234768,0.5263844791642214,28.032000806835928,28.767736268496463,28.004858684289225,-0.7357354616605356
2016-09-16 00:00:00,22.39945933489851,25.874810183413228,27.919683038299503,30.00770143282295,24.933401077717754,22.88823409428269,26.086906495910274,25.20919448064876,13.341858529338014,26.108831409848865,26.430478925225923,26.230815205859372,25.227173255349115,1.0036419505102572,28.31544585350979,28.725816733500118,28.27959132718192,-0.41037087999032806
2016-10-16 12:00:00,23.138408926009628,26.28325911212674,28.353891623429114,30.395655696825,24.98914526259369,23.034975451140415,25.93627688789195,25.043326374478983,14.02143353805685,26.100547892759735,26.915864740504393,26.106794461825586,25.703778537123746,0.40301592470184033,28.795082447809513,29.38074115699324,28.718670806477338,-0.5856587091837255
2016-11-16 00:00:00,24.23352855418173,27.036401653822473,28.763332036496323,30.437686669360282,24.179432597566784,22.39113729793424,25.529733721206906,24.681285483977486,15.404959014834123,25.70490127410128,27.62971212362857,25.75842403080713,26.385577428525757,-0.6271533977186259,29.12939011101466,29.553020047792092,29.229023407014946,-0.42362993677743077
2016-12-16 12:00:00,25.42038470543645,27.414897275515532,28.949180096758212,30.696966666718026,23.25814262064366,21.538944894573255,24.82124206287432,24.064246977544805,17.307486411023817,25.014864271718363,28.307034219591802,25.146191069037677,27.166911767924066,-2.0207206988863895,29.020717473895765,29.69638774859548,29.488358499355332,-0.6756702746997156
2017-01-16 12:00:00,26.74232450882034,27.679698273374775,28.99437901964587,30.758462353193135,22.6293498261389,21.06973754893281,24.307889663994686,23.498847878144815,19.343456984911352,24.51102699059719,28.786690327683047,24.604564779584393,28.060924269036004,-3.4563594894516108,28.385288629781734,29.881959786621934,29.02698862420173,-1.4966711568402005
2017-02-15 00:00:00,28.085108940262717,28.269873091264813,29.095524484352044,30.4687655327419,22.168462463885948,20.771595655567815,24.158535800332803,23.318856143008258,19.91083365076594,24.344672595289435,29.037351530828605,24.471484346000455,28.738659762301506,-4.2671754163010505,28.726024009984442,29.70418452884497,29.494244413547214,-0.9781605188605269
2017-03-16 12:00:00,28.556275574909375,29.05518521407162,29.807751072025084,30.55067334207065,22.105959937683952,20.84789581122465,24.3018630980746,23.37954088147501,19.77586603820366,24.351298090944237,29.445719071250895,24.528398154938085,28.91639180530546,-4.387993650367374,29.628806255728062,30.30896659748917,30.26862050956743,-0.6801603417611091
2017-04-16 00:00:00,27.601696943398245,30.00620735257039,30.370851107202093,30.968423083238996,22.593972902999266,21.52827777903581,24.692812582723985,23.769532760127706,18.821419815963498,24.768545613729675,29.5576417314464,24.862196441535804,29.041150994032247,-4.178954552496442,30.410929351709843,30.394803309117226,30.7513078761204,0.016126042592617296
2017-05-16 12:00:00,26.223800542906186,29.658044260736293,30.568122819682035,31.215794769987642,23.330389676266492,22.02598699338565,25.003544487993253,23.953545843813586,16.958338018829604,25.114175290874577,29.004102171459817,25.07339326416641,28.145640105613232,-3.072246841446823,31.088983749928875,30.536787525056177,30.84449179979877,0.5521962248726986
2017-06-16 00:00:00,25.044310992721677,28.520899115039953,30.136202071065817,31.15555918331737,24.107043113345288,22.43316951503119,25.370385656329784,24.24243550152399,15.194477688841134,25.571061874649807,27.96923717819887,25.46110459600848,27.283619397640635,-1.8225148016321562,30.085382539161,28.95025958244386,29.64914951217505,1.1351229567171401
2017-07-16 12:00:00,23.781338179771026,27.16643208599567,29.43458732494644,30.9157727899305,24.644261950548067,22.764689049453448,25.949951464351372,24.925673870266692,13.722693173384226,26.086302219592177,27.005361742303432,26.067522548425245,26.425325509859384,-0.3578029614341389,29.063985449466912,26.847751424154993,28.898031985303323,2.2162340253119197
2017-08-16 12:00:00,23.31354246535729,26.66144882313246,28.74805560746362,30.41789495710873,25.121017360148162,23.276310082428594,26.776441336549503,25.921442230295344,13.271640767548602,26.656666930485326,26.51025942131713,26.812700446325024,25.84523080957787,0.967469636747154,28.710027639766366,25.67618022011787,28.689323024190653,3.0338474196484952
2017-09-16 00:00:00,22.89172234433714,26.155513601976352,28.23868763607595,30.35266183247805,25.51021054657164,23.541886750047667,27.13638600698659,26.261970882045304,13.292915821242927,26.94618643622687,26.405666940146276,27.117178860088746,25.533848420979098,1.5833304391096483,28.89411065947338,25.248575615179757,28.789572923113475,3.6455350442936236
2017-10-16 12:00:00,23.66797628316471,26.829828366148448,28.704298332124548,30.504225937583772,25.41885262909485,23.49811071027397,26.883933009432127,25.934821155244176,13.975380780489319,26.84837825228606,26.849773137447716,26.926249385568525,25.82750143610846,1.0987479494600656,29.35493597153511,25.822101770165037,29.060433154853936,3.532834201370072
2017-11-16 00:00:00,24.83146915055505,27.626808707547085,29.16356184198603,30.668298623176447,24.852672171289477,23.169151086096836,26.345954518678646,25.321016196680816,15.581708971972313,26.380717339174783,27.543826444491145,26.333692360213547,26.439955541188205,-0.1062631809746577,29.590179795525223,26.891754523402376,29.32951195565843,2.698425272122847
2017-12-16 12:00:00,26.082653215067047,28.018871480921312,29.258744124859824,30.758087035899397,23.94423994789634,22.571917301789597,25.60547145514853,24.69833271620833,17.61234079004558,25.732071831129197,28.292554878620543,25.72630889282426,27.279160586867096,-1.552851694042836,29.557495834006826,28.141381186759503,29.765155838874232,1.4161146472473227
2018-01-16 12:00:00,27.200300442424442,28.342568296532907,29.41220117292264,30.707779492782606,23.096190564591808,22.00060549504578,24.993881194974982,24.167619287989467,19.207922877519252,25.19726137343695,28.88570465288084,25.26679940597583,28.054062045729992,-2.787262639754161,29.53775705192745,29.18818872723325,30.209476068669524,0.34956832469420007
2018-02-15 00:00:00,28.188611310434144,29.05930827164534,29.70247045045092,30.58814061598555,22.66912051530087,21.6217126475402,24.80560180808212,24.04168198531248,19.778720215492193,25.02026592614176,29.303928251692703,25.161340771109344,28.5741140896722,-3.4127733185628557,29.531223806706798,29.970092164890037,30.323104147976593,-0.4388683581832389
2018-03-16 12:00:00,28.145903756105707,29.574423212438194,29.94027286629043,30.459385602531075,22.50934154350364,21.603684463272817,24.83067800738785,24.109954486151516,19.741523926272187,25.03475823173599,29.681703410164225,25.24423883576161,29.0000888715701,-3.755850035808489,29.8189100433236,30.569467070735662,30.719772839903868,-0.7505570274120608
2018-04-16 00:00:00,27.054009652962296,29.78372702131808,30.31711007942676,30.802463933591888,22.6738121111658,21.66526536983083,24.851100497030792,23.9388048856917,18.164683252014374,24.984508164281056,29.792999279965905,25.149474395696558,29.092655895773422,-3.9431815000768644,30.294530520386942,30.918894846443013,31.027521581487036,-0.624364326056071
2018-05-16 12:00:00,25.25618140855367,29.0229520533482,30.361194223297527,30.896244105189744,23.4801369294389,22.265994795242754,25.332536727460123,24.194964909373134,16.56182117288226,25.445109706801023,29.136904147193462,25.37196473322576,28.35062856063396,-2.9786638274082016,30.772564971584906,30.959142763661397,31.05498516597666,-0.18657779207649128
2018-06-16 00:00:00,23.427453235227258,26.94628635549887,29.1737880605219,30.88347576026966,24.372047141807748,22.781441192698434,25.638612624267136,24.54442786900195,14.789995758195452,25.882343234577394,28.001202829769742,25.78605933941139,27.31733446544415,-1.5312751260327602,30.454921936721824,30.31920956841082,30.113459621454865,0.13571236831100464
2018-07-16 12:00:00,22.11306296496799,24.8975815261445,26.967074096742607,29.93237870960054,24.922361376888002,23.114991299749974,26.271158650960295,25.33383819994466,13.339635102244152,26.38007150529343,26.98141107121099,26.39040086003989,26.31084659438174,0.0795542656581496,29.19546499928135,30.00671768738711,29.03063568388272,-0.8112526881057605
2018-08-16 12:00:00,21.473338466547556,23.785914132621567,25.623862446144255,28.6588524894424,24.981237781414656,23.003145525552014,26.969963535583716,26.13272111138653,12.550313492073323,26.760849059680957,26.299976376331866,26.908076203673584,25.533948431455283,1.3741277722183014,28.915969393373647,29.3075900346521,28.798089012317412,-0.391620641278454
2018-09-16 00:00:00,21.742538382122962,23.98771846647356,25.395221284601934,27.617203541038066,24.774995837351266,22.847452090337015,27.181470385630465,26.355388677419146,12.690112555180724,26.83914384437421,26.211813908025594,27.089003482644404,25.234017703377823,1.8549857792665811,29.18816464915995,28.817403008683556,29.058633327625323,0.37076164047639537
2018-10-16 12:00:00,22.611083262468064,23.77038640307565,25.073371632288993,27.39065893733566,24.686654125108294,22.706666974672224,26.786625075967642,25.911942226439134,13.677630608374884,26.663299285850684,26.47273615080367,26.845465189506612,25.57289047169913,1.2725747178074833,29.422467716861224,29.008181177291977,29.194406788722244,0.41428653956924677
2018-11-16 00:00:00,23.16148571088056,23.84274407075658,25.04479663674446,27.374241351267912,23.879363848680093,22.050184798096392,25.8686104483792,24.955489196722727,15.646170962571118,25.8947616835291,27.029409170835404,26.02693614292955,26.2589300490853,-0.23199390615575055,29.421747316941516,29.59565744101965,29.351404850870978,-0.17391012407813378
2018-12-16 12:00:00,24.190297546235286,24.09269250466448,24.78627641123386,26.82732164673638,22.95032242205535,21.246840602455293,24.964579377966167,24.083238585223604,17.56432883333274,25.073399262917942,27.547103083536985,25.198095796143374,27.114907258145347,-1.9168114620019736,28.81310237614215,29.973971785501394,28.934436342907563,-1.1608694093592433
2019-01-16 12:00:00,25.547812125403563,24.82947764697985,24.720623248441335,26.19404035363125,21.996428727724645,20.412934936810963,23.980548825550557,23.016444717567236,19.17889415869226,24.156842895754636,27.906288451527093,24.24183260770964,28.12074638542202,-3.8789137777123806,28.268396295600382,29.918352487349498,28.57904942318339,-1.6499561917491157
2019-02-15 00:00:00,26.850335370709388,24.78108773542677,24.908678456295164,26.337646030141773,21.38468607628914,19.85891185771512,23.48141002153193,22.50738527225393,20.572704268595967,23.71169903317285,28.140973948067327,23.76212773854616,28.847538859417824,-5.085411120871665,27.877745864870082,29.709135027941812,28.10209577480945,-1.83138916307173
2019-03-16 12:00:00,27.813524430505698,24.689941959237064,24.854297668235844,26.67543182487913,21.414262560363365,19.917019335099614,23.505442448370314,22.762068723267365,20.374808181332863,23.73717707690262,28.49372841510984,23.888482152179286,28.9655504209724,-5.077068268793113,28.85503293557209,30.105636908688346,29.187101054234457,-1.250603973116256
2019-04-16 00:00:00,25.400436977148225,26.352052644790245,26.0368515553553,27.069007395794266,22.22840419038114,20.759970735729144,23.72351338993863,23.01696405458354,19.182302393276068,23.99199802262045,28.514476354815436,24.083199655325952,28.78163100875314,-4.698431353427189,29.79658550065355,30.528969773138055,29.956578877488486,-0.7323842724845058
2019-05-16 12:00:00,22.249100565767186,25.410978752245548,26.696778880442587,27.79347221816015,23.017096434497173,21.454539609896887,24.146329908374316,23.284750351928714,17.196746340457963,24.37501158166569,27.928411241838514,24.366298774789485,28.06231584749049,-3.6960170727010038,29.593351518591522,30.54466210749287,29.410241572695114,-0.9513105889013467
2019-06-16 00:00:00,20.954867616998264,24.249515652924405,25.900734958059502,27.667640252461833,23.682213642570677,21.920194220206422,24.496935092093754,23.61552321519069,15.156582375084989,24.80424908165943,26.964494572076834,24.80491571445313,26.80618559530137,-2.0012698808482376,28.611344258037217,30.101448259476992,28.47416917289904,-1.490104001439775
2019-07-16 12:00:00,20.4386957649016,23.313425329351347,25.173069179433362,27.24830455406734,23.93728503204002,22.06530139954205,25.317071020223302,24.589750088955217,13.840380751351638,25.53213962474611,26.123771217701236,25.795239555672346,25.651473900493535,0.1437656551788109,28.09154462366174,29.70809097261037,27.96987017606317,-1.6165463489486314
2019-08-16 12:00:00,20.251442650684425,22.75734393689687,24.518059868997305,26.715673321553567,24.275530183577487,22.445436199999868,26.35282898007945,25.691635101190776,13.119941832106843,26.172237851765736,25.641931078830364,26.471480351077673,24.904260506218243,1.5672198448594301,27.879747290236992,29.433313118343712,27.72629369043642,-1.55356582810672
2019-09-16 00:00:00,20.54670814649804,22.733948512963824,24.2865555997426,26.389537451971254,24.622158447709474,22.719209304534324,26.782668475278946,26.100552791559608,13.262514471647561,26.47994199410868,25.587720999493317,26.846155873551638,24.543558734769324,2.302597138782314,28.076861275299603,29.124296975850253,27.94713700755917,-1.0474357005506505
2019-10-16 12:00:00,21.262010040337465,22.935088938140957,24.289230660365998,26.364130144606488,24.558999224709577,22.70974981453202,26.3527193838082,25.665807841135855,14.053259946947176,26.303853838345375,26.038675590799187,26.648753992387807,24.868405236981236,1.7803487554065711,28.799002507855633,29.233135725686655,28.665826882368634,-0.43413321783102177
2019-11-16 00:00:00,22.395445733266175,23.107860745576033,24.241994218747042,26.35198225198113,23.963291167212944,22.286261760660498,25.6466118069085,24.954959728517846,15.707253468438052,25.73186633226731,26.64225484586491,25.98990056391727,25.70082923402114,0.2890713298961316,28.539117426472572,29.806982380511112,28.469421682648818,-1.26786495403854
2019-12-16 12:00:00,23.687752187895157,23.514969111004387,24.314691804838613,26.24872770655553,22.885736161150678,21.217258522895452,24.589307747506744,23.827928028356816,17.93587014942775,24.766982210323366,27.17875570801831,24.980993830009275,26.364879704397154,-1.3838858743878788,28.103161506752006,29.867739310480015,28.23360513666026,-1.7645778037280095
2020-01-16 12:00:00,25.37819736145957,24.555606224311294,24.51130120637634,26.117997537606097,21.981040010233443,20.363100000695336,23.81590995121193,22.960742944481705,20.27152324109201,24.05209594660836,27.59739948441878,24.23041448345486,27.192099117809686,-2.9616846343548247,27.612947208087537,29.33666422011111,27.840379547879337,-1.7237170120235739
2020-02-15 00:00:00,27.11341825791763,24.73231418543571,24.969861701082284,26.41406617528078,21.300832701015473,19.63478476417659,23.326758591341896,22.43733377996302,21.24452896537666,23.56735207181234,27.941474602804767,23.762581994447427,27.984053694510127,-4.2214717000627004,27.29570918101,29.426536580798558,27.368455120110788,-2.130827399788558
2020-03-16 12:00:00,27.700626469099067,25.71182676997668,25.7604739143651,26.90712011374314,21.255703186392477,19.74499887404202,23.401241639493065,22.708545479913564,20.29552114228282,23.629509038566464,28.281175158583352,23.930931761100386,28.385278137767553,-4.454346376667168,28.153712603897976,29.431842719852195,28.16531090006796,-1.2781301159542195
2020-04-16 00:00:00,27.601366429018377,26.79711097203238,26.777421093322147,27.664004949400535,21.87722727612275,20.326227422464324,23.602312493267046,22.87113763316362,18.989447813364684,23.800100822021548,28.489969062225363,24.06615309162577,28.336197031527746,-4.270043939901974,29.497094169849287,30.180290569944496,29.12774895062794,-0.6831964000952091
2020-05-16 12:00:00,25.036409452697526,27.069853714913343,27.29648083778201,28.02454328019371,22.8852842568227,21.17568246222547,23.903176735141628,22.96163220812877,16.65358313890081,24.136353466933308,27.965257365962696,24.16998241069141,27.446396617106387,-3.2764142064149766,29.1150865709456,30.463286329108303,28.565480855716903,-1.3481997581627034
2020-06-16 00:00:00,23.512574830514133,26.532892588044895,27.321034530708673,28.293165263088795,23.933971675008266,21.894201930404734,24.42900760901238,23.45367423588655,14.97191159546163,24.783222133212824,27.25843135752813,24.6875834279625,26.46290189038434,-1.7753184624218399,28.15855326232826,30.286611907187357,27.935003575710443,-2.1280586448590952
2020-07-16 12:00:00,22.62227604485434,25.822129713959974,27.19916040388533,28.519941885955834,24.371974980311588,22.201207719490192,25.076887285468022,24.179068198065167,13.390487185316745,25.328621736723672,26.571232511044496,25.356312651135266,25.631857686716646,-0.27554503558138066,27.595707325470737,30.13571738682616,27.4449363123479,-2.540010061355421
2020-08-16 12:00:00,22.171699331691503,25.13094499156471,26.78497090895452,28.49567128463131,24.620359706563562,22.52562445917964,25.926360776796415,25.147691159338503,12.66526940113093,25.90100623819556,26.17045639204939,26.062048560325078,24.76026128787826,1.3017872724468162,27.36750391066362,29.932622324136744,27.315415945271965,-2.565118413473126
2020-09-16 00:00:00,22.519634874058557,25.078464050427517,26.673784330829967,28.505246772427547,24.774110586507085,22.619360565557955,26.340152500578498,25.587850581902234,12.95067890227858,26.20184338644785,26.260835436332204,26.459857208062957,24.64088594058512,1.8189712674778349,27.52687371138257,30.050059379446225,27.519909270727858,-2.523185668063654
2020-10-16 12:00:00,23.566807133725934,25.418754866272888,27.069013192705267,29.057471208775613,24.39965165521475,22.377860072420333,25.92371035767599,25.14333298254675,14.206281518929796,25.93388047064025,26.73813723660581,26.13863781438183,25.160114985888196,0.9785228284936345,27.89144586340827,29.98008381116814,27.915818547101328,-2.088637947759871
2020-11-16 00:00:00,24.036764500857647,25.692920762566168,27.32898430669993,29.369143079983516,23.94221062333389,22.079367321081566,25.4148086328142,24.702229771452828,15.687297380877409,25.584267541912187,27.363096125465997,25.758907636190703,25.986593687424936,-0.22768605123423313,28.372145666877984,29.78429596769894,28.52957944052393,-1.412150300820958
2020-12-16 12:00:00,25.124032975173062,26.31768912201224,27.545047508115275,29.32370224706035,23.249889444939402,21.59371913039188,24.656986212687308,24.06439243230026,17.619506630008953,24.97112383522905,28.07071326217899,25.162790056912677,26.94264746325125,-1.779857406338575,28.364927147369404,29.43868679044849,28.656177263918476,-1.073759643079086
2021-01-16 12:00:00,26.511658419952763,26.882554424043523,27.56528074190491,29.404038072304736,22.343673509818398,20.825346655181516,23.95670511536299,23.370326204979794,19.83029355642747,24.303129931868323,28.35379782090503,24.523862085481227,27.383555597051124,-2.8596935115698976,28.187035968520707,29.085544678314587,28.610347046345144,-0.8985087097938802
2021-02-15 00:00:00,27.53892192120805,27.36553555580489,27.985668926218974,29.6023625357145,21.980148283464004,20.55455384265686,23.810101982990453,23.32184412445516,20.809507844041143,24.170678984230396,28.684872817869888,24.484232890168922,28.00920510384966,-3.524972213680737,28.28623664220285,28.815778458386724,28.7556903636059,-0.5295418161838725
2021-03-16 12:00:00,27.965480451342785,27.855370159073715,28.69063217744828,30.141214634883788,21.90503525230414,20.462292482715778,23.857200595779812,23.393548352012278,20.763095925193195,24.17082138823799,29.139318648086093,24.567588746259535,28.476662738934706,-3.9090739926751716,29.395311726103774,29.445485937905193,29.95807091314292,-0.05017421180141923
2021-04-16 00:00:00,27.37042742233601,28.886712273175615,29.320732130365656,30.527584507398522,22.550805432233012,21.082450257218795,24.0777846067949,23.475401370138687,19.86622272749069,24.40166778613311,29.20978749440548,24.670346686289175,28.744143276940484,-4.073796590651309,30.27412665936098,30.41679411869262,30.612892414106735,-0.1426674593316406
2021-05-16 12:00:00,25.578460091092307,28.933951720146744,29.874544216387577,30.93670304434625,23.420630384948538,21.94835928929123,24.53624751682018,23.749272419495615,17.03432642560483,24.885992886425228,28.639236186825233,24.93583192278803,28.029836574584767,-3.0940046517967374,30.58780534115811,30.270533400775857,30.167762978713125,0.3172719403822519
2021-06-16 00:00:00,24.544331983586886,28.321346087128646,29.767184966591028,30.853693754022736,24.064669233761805,22.497010655888342,25.050834657412253,24.1506858817734,14.823903801456982,25.408262574534742,27.76627731723648,25.394665629491424,27.052268416001027,-1.657602786509603,29.526593659457244,29.36556365767822,29.052252819371276,0.16103000177902516
2021-07-16 12:00:00,23.932483089445853,27.602176492359987,29.458896591834325,30.738115729534414,24.321225606346392,22.50429739885768,25.699908438224778,24.844960046055583,13.84713152310954,25.867802801283908,27.002029883426857,25.983016637651744,26.16312545952674,-0.18010882187499533,28.435818893835457,28.449799670230643,28.231897072015233,-0.013980776395186467
2021-08-16 12:00:00,23.706122345666845,27.039845017384096,29.248474856116335,30.69782943749966,24.69134701130008,22.72966911158611,26.37125408087398,25.567793663077595,13.235858918008606,26.297498020955825,26.585726347050098,26.521044694999635,25.639385540473384,0.8816591545262504,28.20216478326286,27.636472335919837,28.216993823601737,0.5656924473430216
2021-09-16 00:00:00,23.885954042233966,27.205576871155838,29.210834001367253,30.651171169553166,25.057916053449816,23.131295442247,26.69404390224765,25.9137882673606,13.400122551103895,26.605431499250095,26.64178861137601,26.846267411749047,25.4594179126422,1.386849499106848,28.904736934776007,26.91052668914001,28.851108677382825,1.9942102456359976
2021-10-16 12:00:00,24.936717813484716,27.75044095582052,29.458212332887513,30.984108842334162,24.845412444935484,22.95617830690709,26.475858006646945,25.623194894714164,14.122508552739221,26.466255433686072,27.184355777974034,26.596538953486792,26.03981140714578,0.556727546341012,29.43876702519716,27.32385621605163,29.302076460357963,2.1149108091455275
2021-11-16 00:00:00,25.623949212418893,28.297056800720103,29.812961937980024,30.85796069363439,24.29035995497402,22.4824400058649,25.904473977493915,24.9273328461316,15.454497997643616,25.950841940848374,27.89468579649247,25.963714564960288,26.80541596750055,-0.8417014025402629,29.929986600680785,28.246084361061577,29.99769295144198,1.6839022396192078
2021-12-16 12:00:00,26.275461320998023,28.64894251369377,30.122347539952578,31.360930980118855,23.36641981573821,21.58383205807881,25.06141960344333,24.022802791241947,17.161620985447346,25.191184692072817,28.78764196340843,25.15382600417032,27.573206894061403,-2.419380889891084,29.58569893200599,29.215396046870435,30.16871938422241,0.37030288513555476
2022-01-16 12:00:00,27.46846255359744,28.884660675789938,30.01923756327027,31.14471073167263,22.348922756338272,20.579355534145222,24.263200531398436,23.142646003900186,18.774383607819953,24.410502120266646,29.306550004839362,24.384508266880157,28.079801828445206,-3.695293561565048,29.007074026802712,29.893612070691454,29.630057617511124,-0.8865380438887414
2022-02-15 00:00:00,28.46040451517867,29.132405170974035,30.055089950894313,30.81676023064545,21.895810767202168,20.20358552394015,23.865866502630073,22.771372601217294,19.554187425157274,24.028589100618685,29.588627961447038,24.00503104197947,28.837328468512794,-4.832297426533323,29.125360565891985,30.14872295278791,29.817656736059224,-1.0233623868959256
2022-03-16 12:00:00,28.905227615842886,29.8263426686497,30.238875643136076,30.75120242593418,21.912119615540707,20.283451145227673,23.92820423677597,22.79307888833141,19.518953091983978,24.044230487713143,30.06124838812967,24.004520810992343,29.196246805951247,-5.1917259949589045,29.89956655151671,30.86171470101851,30.640927677539352,-0.9621481495018003
2022-04-16 00:00:00,27.22883049148846,30.001096514427818,30.47979344465222,30.695109078807597,22.19362259231608,20.4897224334819,24.072347310703137,22.84609415495483,18.431038631676394,24.15033123724101,29.908292005836365,24.026618747264013,29.070691810768437,-5.044073063504424,30.72332069756338,30.93640148090621,31.24878071277761,-0.21308078334282854
2022-05-16 12:00:00,25.47292253477666,29.451039920590592,30.599312177805476,30.959773958350684,23.051931935401615,21.29432884045504,24.434028396308552,23.115745789691722,16.45559934682024,24.533995564539214,29.22621907010914,24.275349448975163,28.49236242479502,-4.217012975819856,31.52247360239953,30.411435842599552,31.48764585200607,1.1110377597999772
2022-06-16 00:00:00,24.062930365056452,28.01993740187829,30.167330904177355,30.983859956107096,24.115648018797046,22.157219428179292,24.83679745377158,23.532884838758388,14.911238359486585,25.078622333887026,28.260488127849683,24.72788789488175,27.60671369578946,-2.878825800907709,30.84747706390126,29.673683268124787,30.622880106641773,1.1737937957764721
2022-07-16 12:00:00,23.457611758196986,27.371307041939733,29.770097288145028,30.847260057511086,24.697271760823575,22.56467591639429,25.483322013307625,24.358769904171453,13.56173952375138,25.698700926072103,27.34282470721966,25.50573317502486,26.805556431169112,-1.2998232561442506,29.425949316449152,28.823201824842272,29.340345312559183,0.6027474916068805
2022-08-16 12:00:00,23.105003377748428,26.583655903519656,29.049061395642955,30.64032486258117,24.893938741809176,22.76086621405276,26.277585487570217,25.341962806225855,12.808759247090133,26.24895577888384,26.782786408753623,26.30194869382978,26.127256628522712,0.1746920653070667,28.86351513775674,27.515518646974183,28.866294865346266,1.3479964907825561
2022-09-16 00:00:00,23.081170016093505,26.174296503193787,28.45985756133736,30.649556444558076,25.139984298099396,22.885479783489195,26.723457592155825,25.896552757638794,12.763956309574116,26.56808250180836,26.715969624399698,26.76292122207408,25.957383939685023,0.8055372823890572,29.00530812673059,26.70730800738619,28.930357374730406,2.298000119344401
2022-10-16 12:00:00,23.490597055669536,26.460944243039002,28.649194891128126,30.685302665110903,25.173208386098953,22.99102735504541,26.453016538425324,25.650288910904777,13.615983953234974,26.513041831101447,27.109403190100142,26.62370454834831,26.173226356753474,0.4504781915948364,29.55970626492168,27.08915076150579,29.36225932264912,2.4705555034158913
2022-11-16 00:00:00,24.549170120216615,27.14354459243267,28.91360922886574,30.62525466705438,24.603351109842176,22.551717920719152,25.885016804219408,24.89976035738199,15.321259627503522,26.01486251677727,27.817255270916334,25.984421819832427,26.803159168940944,-0.8187373491085168,29.777392642702388,27.799853040367204,29.873592328844776,1.9775396023351846
2022-12-16 12:00:00,25.29741419593232,27.53781000826236,28.93727631577197,30.44493391278716,23.562998701619577,21.7245027483321,25.202486383423853,24.130757620147516,17.5657845799142,25.350119963633123,28.515361413811895,25.243347722102516,27.6183192859259,-2.374971563823383,29.524852160106573,28.77249750643864,30.00983116932448,0.7523546536679326
2023-01-16 12:00:00,26.456771193822956,27.615516365683334,28.712875813678558,30.265715437285543,22.723795793279933,20.961816635853943,24.36999652130586,23.361864308022824,19.383568979102495,24.590137169811946,28.980060560113486,24.518052148566607,28.153195933687073,-3.6351437851204658,29.28670143418676,29.803828474366544,29.979511917819224,-0.5171270401797834
2023-02-15 00:00:00,27.637161781179444,27.802248872504446,28.397216487689345,30.079224034567268,22.271270243698616,20.67044043053279,24.157873413960484,23.25573766484709,20.279549539108213,24.40002636492442,29.262163668234663,24.432370509173047,28.78249439860014,-4.350123889427092,29.260311742661045,29.921290936413044,30.072593517701016,-0.6609791937519987
2023-03-16 12:00:00,27.78938861511807,27.939409139327328,28.855443706087655,30.293613750244834,22.259261274885514,20.756424995620797,24.3231656367443,23.35056236834171,20.10258853749834,24.522274513486725,29.491262815442663,24.52075803988186,29.119184151028797,-4.598426111146939,29.642300418224593,30.364599146202234,30.40906094663922,-0.7222987279776412
2023-04-16 00:00:00,25.98199785380028,28.389946510501257,29.04709647464392,30.36748420537426,22.661857535590098,21.29640569694888,24.633797917675164,23.552693509271016,19.236540643410006,24.71983775561313,29.477604613883706,24.676220184120858,28.93375138903469,-4.257531204913832,30.541203318938297,30.7861638313485,31.052391780181992,-0.2449605124102021
2023-05-16 12:00:00,23.60027957679398,27.676834644170732,29.26912869924341,30.567666022919166,23.628367092603288,22.121918063032663,24.924338635045352,23.733429421090015,17.292855661797326,25.024183355479124,28.837345250624278,24.890382374402503,28.250901543151922,-3.36051916874942,30.81710339543221,30.88870819502394,30.742010018043754,-0.07160479959173216
2023-06-16 00:00:00,22.48476670254018,26.319573572176807,28.387989930910525,30.2684026667283,24.450900652326332,22.753491434701473,25.315377424577733,24.09759889061933,15.335121562018477,25.55280088673007,27.77998634782625,25.311806294048573,27.30871455074897,-1.9969082567003973,29.923001471550478,30.52678501108686,29.66149121476969,-0.6037835395363835
2023-07-16 12:00:00,21.957403075187777,24.772240626024356,26.732330340686932,29.444700743448845,24.878184156367677,22.964045205905023,25.786664740692668,24.676571666899257,13.951103648065828,26.030586536455413,26.858402928466212,25.9307793810851,26.349142496189017,-0.41836311510391866,29.057299492566912,29.959227720292446,28.864822828619946,-0.9019282277255343
2023-08-16 12:00:00,21.84895179465039,23.78910625604004,25.74768897310623,28.642252929022074,25.125830851090683,23.140665905107227,26.542827306256132,25.581385261585915,13.08762474801899,26.532401949273197,26.225065162982343,26.59310548421282,25.58202065426329,1.0110848299495316,28.6615093122231,29.13100320672485,28.51124257504858,-0.46949389450174905
2023-09-16 00:00:00,21.948954002634284,23.60378704621615,25.075101678126725,27.876658307374548,25.35151010065735,23.29082671915243,26.91655613944945,25.95189683630945,13.441603652928347,26.748429711751335,26.157208913426008,26.820411566484655,25.3292673516801,1.491144214804553,28.767863752717428,28.970037195261078,28.638222238723348,-0.20217344254364988
2023-10-16 12:00:00,22.78569295431139,23.438951133714966,24.516899317174683,27.5704521491979,25.211010290324502,23.213179451598045,26.653782332386253,25.66473013885048,14.495155082405432,26.62087264609332,26.453632559250646,26.66742311622677,25.659421247792302,1.0080018684344694,28.90656772602454,29.054999025052354,28.668711258539197,-0.1484312990278127
2023-11-16 00:00:00,23.687984083356792,24.034070786867712,24.768217915611647,27.473861723763363,24.447882342734818,22.728836095871884,26.10758172490614,25.30676859069331,16.293757238426075,26.216980716791657,27.138158851038273,26.37363097680815,26.419448001552823,-0.04581702474467164,29.294033217299994,29.73551481048592,29.11763960820035,-0.4414815931859266
2023-12-16 12:00:00,24.770872988259796,24.387949303484163,24.57817759264036,26.813059773160074,23.640940108177535,22.117459227482914,25.31787590171801,24.533331023584005,17.67559361746299,25.490188716984814,27.607257973625543,25.614324879692337,27.365625336540457,-1.7513004568481207,28.673266064251195,29.932280328526474,28.931651094209393,-1.2590142642752795
2024-01-16 12:00:00,26.368132193517383,25.3230588995191,24.819414994709028,26.492812306545595,22.750860562569628,21.326863478648136,24.440366632918362,23.63499652131608,19.87890037051066,24.698966593683544,27.9303642701882,24.78963323712854,27.928832127817778,-3.1391988906892365,27.906075724135313,29.258240327121616,28.365775231174393,-1.3521646029863028
2024-02-15 00:00:00,27.51765002373143,24.91930734496737,25.336636159983286,27.283110079943167,22.191993617156953,20.809557517775804,24.072660436026343,23.355366417072347,21.1996127927262,24.354142130532715,28.293469792779764,24.53578261234438,28.514254685659804,-3.978472073315423,27.99348124250526,29.11271449060808,28.424404772439072,-1.1192332481028195
2024-03-16 12:00:00,27.487243735835285,25.774449778429748,25.96700497405849,27.839558866926037,22.184997739628308,20.903513583861834,24.12118158661854,23.494921708831146,20.009500011194007,24.3882466828296,28.64714824149194,24.637464486696423,28.987034597499445,-4.349570110803022,29.02847432843641,29.3858883221296,29.43056820706015,-0.35741399369318927
2024-04-16 00:00:00,26.46570512010116,27.271113254874262,27.120389606327738,28.423421760498574,22.68275077905363,21.341230988488984,24.40158053334545,23.840369286468764,18.925907094980793,24.647419770957104,28.86299207308483,24.919429967899006,28.787087266118487,-3.8676572982194806,30.407022984633006,30.102447154087205,30.413682957403275,0.30457583054580084
2024-05-16 12:00:00,24.196596774460584,27.275536379675504,27.937881670643403,28.769510618081,23.09906031705806,21.49842913305699,24.599876391900217,23.784658054281252,16.773524455442097,24.79572981913982,28.25956937174184,24.989306097581096,27.907150987615164,-2.9178448900340683,30.234055401714265,30.498471562958468,29.666190322542267,-0.26441616124420264
2024-06-16 00:00:00,23.524305476299563,26.556716285729333,27.526634625784748,28.64223901041331,23.81593597210982,22.047069937347075,25.078436129654747,24.195209462838207,14.728420758307019,25.305449236299555,27.39244264518983,25.43716108727374,26.906424517506572,-1.4692634302328322,29.16412400283826,30.175402072872057,28.508110482649887,-1.0112780700337964
2024-07-16 12:00:00,23.20149442840034,25.64394833103083,26.96220413956496,28.517652961623234,24.447882657283824,22.636359945724536,25.8746508367443,25.051042107231517,13.570369347989342,25.993583845835207,26.65813139283302,26.172843673022555,25.849938907386555,0.32290476563600023,28.47484928596859,29.339821322605033,28.058926908399208,-0.8649720366364413
2024-08-16 12:00:00,22.673923391089836,24.905576152648425,26.474012430304157,28.199958015309715,24.845217643033628,22.89356809068634,26.78801799980102,26.029788974857308,12.759302064696236,26.531796836851203,26.238829537012297,26.796317063771635,25.05441166394419,1.741905399827445,28.301398274073314,28.91615763213569,28.092416561754142,-0.6147593580623756
2024-09-16 00:00:00,22.80226119819282,24.762380598521904,26.326632259108536,28.17694863245948,24.97711969143557,22.955672463580058,26.961662469646086,26.211246927594676,12.70806878882608,26.660412871901986,26.220003183837147,26.95378412693995,24.887040358276852,2.0667437686630983,28.6008200723388,28.550027324988992,28.43873794436056,0.05079274734980643
2024-10-16 12:00:00,23.514112734964133,24.948698137758402,26.186580775790354,28.35150499607175,25.06249727170756,23.1002307029018,26.701564845097852,25.896381523160542,14.029321439891977,26.624368442069994,26.68899043533647,26.830902995698906,25.23638560636712,1.5945173893317879,29.042662266404314,29.01498120003346,28.87841117531715,0.027681066370853102
2024-11-16 00:00:00,24.020826140746312,25.14574099182975,26.228771765054773,28.432351014468665,24.467022060019143,22.785698801973403,26.151456954324694,25.469740644033433,15.51924783860415,26.210511850231686,27.312511496234816,26.462782369009684,25.975010691221225,0.48777167778845865,29.04581041993434,29.757946680733593,28.935367342747256,-0.7121362607992516
2024-12-16 12:00:00,24.443552425777153,25.14266746434893,26.1821970867371,28.553304316752385,23.486351937050564,21.95462618145843,25.313899109839483,24.6521645801821,17.35421801335063,25.442449852215272,27.852960937194574,25.706962704398244,26.627833568964764,-0.9208708645665205,28.721667326369907,29.759395131058003,28.953516793468584,-1.037727804688096
2025-01-16 12:00:00,25.89823501555501,26.04505341541288,26.4604025469517,28.392730376946943,22.57448667092966,21.157826535387187,24.49779804440524,23.80665058404171,19.142498800118847,24.707841524642888,28.249665436864483,24.977434579455267,27.136813675945096,-2.159379096489829,28.264966132148526,29.225278108202478,28.710854088157745,-0.9603119760539514
2025-02-15 00:00:00,27.423912259057747,26.871163357368545,26.994012701581973,28.547869864323662,22.087801026120346,20.758709107697776,24.22446281919691,23.57775176579686,20.457570453978843,24.477208225745507,28.62682495382907,24.81490900162094,27.768905522385843,-2.9539965207649033,28.37812375447016,28.75845854287124,28.703773354330966,-0.38033478840107904
2025-03-16 12:00:00,28.36296126475067,27.68937525891104,27.826293123823884,29.168724788498082,22.225709195593076,21.01349216849868,24.373988133500657,23.89653093549433,20.56140798765986,24.66726338951657,28.964279448744335,25.076571087084368,28.107334807078484,-3.030763719994116,29.072937254123495,29.434767635888857,29.278992308453663,-0.36183038176536186
2025-04-16 00:00:00,27.823378278535262,28.668910100906373,28.786978924672802,29.674466541601827,22.459982040178076,21.067156411850682,24.505828641191904,23.948534016128878,18.957313299217052,24.740080414066302,29.141306826350853,25.12771127619052,28.293423525119636,-3.1657122489291147,30.662516525114825,30.260208153240416,30.698053150509633,0.40230837187440827
2025-05-16 12:00:00,25.644452529818196,28.49966483247902,29.244669201139455,30.31917765469011,23.083558268865367,21.3575634321701,24.750137049882103,23.98643153720013,16.79757344077666,24.97320501082534,28.614688241886057,25.233913699218068,27.72581217597297,-2.4918984767549013,30.719893276204047,30.463303978348254,30.267382349903233,0.2565892978557933
2025-06-16 00:00:00,24.543240145642297,27.939210255800507,29.115472576119878,30.523889248867672,23.82781273294083,21.978768779289844,25.103579571546522,24.162273308274756,15.015966066207413,25.351990900194604,27.77311992217947,25.474401294977046,26.66208818027595,-1.1876868852989055,29.53648527127428,30.008991799429957,29.081520382848023,-0.4725065281556766
2025-07-16 12:00:00,23.930972135070732,27.01360830052753,28.60547700446039,30.42842234989598,24.96461509850272,23.109637322737555,25.826510461993472,24.937496980394215,13.864779694657024,26.006595246771177,26.965719478405187,26.07031304085968,25.79482320284095,0.27548983801873206,28.66212295890758,29.21133757242431,28.34611481889352,-0.5492146135167282
2025-08-16 12:00:00,23.202711213674686,26.03792140172221,27.938860209562005,30.21829807678466,25.37569209705336,23.510989993386875,26.643720625667505,25.839608874861955,13.656052304947393,26.594789878881823,26.45999800879264,26.715163362937844,24.98471790827151,1.7304454546663344,28.2771544143075,28.08106782758032,28.130997730285312,0.19608658672717993
2025-09-16 00:00:00,23.26681764998952,25.869468171831098,27.914265994028487,30.292985412532264,25.933125412393032,23.924271361922514,27.10574212749184,26.288334964871506,13.902927857034975,27.008111979409218,26.449695204740113,27.10115913106519,24.713507909590145,2.3876512214750463,28.584558939220333,27.369289624841468,28.400513149920354,1.2152693143788653
2025-10-16 12:00:00,23.831919663793865,26.232549417777392,28.08116549254398,30.239836118046753,25.792734220453156,23.909630487158438,26.99393397547891,26.164890255133308,14.680589584432264,27.023590623472824,26.92001657149769,27.065137316625066,25.218605485911628,1.8465318307134382,29.074833163325806,28.20759345097254,28.952318141169165,0.8672397123532676
2025-11-16 00:00:00,25.00866468600074,26.931990377976046,28.64139777797526,30.57855673122155,25.219276244697074,23.694552669498012,26.621621359769982,25.849617724634097,16.03865114702266,26.728303392406964,27.675983331270604,26.75193585567674,26.12402690771758,0.6279089479591597,29.401227533218172,29.171225085281975,29.322205791738902,0.23000244793619729
2025-12-16 12:00:00,25.828848559178027,27.222184988348012,28.51976182016132,30.554950928383665,24.157417130100466,22.800330241350352,25.697544425614506,24.887675813568762,17.80157298499118,25.84976685322753,28.376969212733453,25.83921813171256,27.14675622049909,-1.3075380887865293,29.37939103948388,29.51508985007624,29.67135051238235,-0.1356988105923591
2026-01-16 12:00:00,26.97854299927114,27.738937924052266,28.62581130435456,30.321821447743183,23.243444013707634,21.84878046295851,24.998036247416852,24.164104170513355,19.42838362516521,25.186074024701416,28.833412549450433,25.228586144500117,27.992475603129595,-2.763889458629478,28.996498534847355,29.763599481881176,29.573962356240635,-0.7671009470338213
2026-02-15 00:00:00,28.28252481144637,28.38670463625672,29.068527541658142,30.54781808934508,22.849780521105153,21.431799365218286,24.67629715372215,23.784678157556563,20.518713986401576,24.88798544313079,29.23588421019091,24.937232841072255,28.707821508052135,-3.7705886669798794,29.086902750547633,29.510094876918984,29.69804402610454,-0.42319212637135095
2026-03-16 12:00:00,28.953895294856068,28.788235277199316,29.658054875338976,30.83000510189498,22.68283353312106,21.381377570847697,24.453688451069212,23.55584522792165,20.96983741673739,24.667288399853483,29.58011298113139,24.720173863715704,29.068632510992447,-4.348458647276743,29.55166374451031,30.224045214218147,30.149168274875166,-0.6723814697078367
2026-04-16 00:00:00,28.64570479889503,29.939285918294487,30.32063128554937,31.006355452545098,23.413334007529876,22.255555642434917,24.834474873594573,23.83430342207023,18.982506959369818,25.070204270642467,29.574265865408414,24.942394747948345,29.012400280192658,-4.070005532244313,30.36136491126615,30.29003239414157,30.946869417880663,0.07133251712458133
2026-05-16 12:00:00,26.894209651661594,30.024629478703567,30.71291697551239,31.248350717373487,24.159860896468896,22.84560547246055,25.326611126974026,24.209941751245847,16.80744470280355,25.5090571138969,29.000141305425025,25.26417844828998,28.495261853862782,-3.2310834055728037,30.87650394508527,29.936710062715374,30.881756639171808,0.9397938823698944
2026-06-16 00:00:00,25.19540029013398,29.370868438982416,30.80448411877865,31.332561669946305,24.83275259734032,23.116769393008074,25.788187598343278,24.594920834899824,14.615232939462535,25.995699432481814,28.043887031915162,25.702215826552987,27.470113840273992,-1.7678980137210054,30.487594190993253,28.35130202729144,29.948835931518996,2.136292163701814
2026-07-16 12:00:00,24.265998555298527,28.613915984231568,30.600327410436282,31.047706551768318,25.28331964828681,23.402154259491557,26.4092410332952,25.331760215563957,13.194647598493667,26.54013151740766,27.149098418701403,26.390542226961657,26.685398259219326,-0.29485603225766965,29.311009926314984,27.25212180406673,28.936477833072736,2.0588881222482556
2026-08-16 12:00:00,24.051503613816955,27.719452405269944,29.986366905191105,30.78695078548037,25.754154375441114,23.915441674889138,27.02946024738953,26.049453504908143,12.53943037792813,26.997207685708386,26.61447280639961,26.919662394085595,26.072221520158227,0.8474408739273684,28.908588458806314,26.202861596192747,28.67217355940164,2.7057268626135667
2026-09-16 00:00:00,24.00360894362872,27.424995617473765,29.615863987953553,30.78583235184539,26.239529792859464,24.25266476388062,27.351352760402403,26.40749057398677,12.652745439438016,27.284993987391886,26.602046131449217,27.23010592861032,25.74617098271261,1.4839349458977118,28.984932050924613,26.01499474264046,28.713986247448407,2.969937308284152
2026-10-16 12:00:00,24.53587974271764,27.734942658694237,29.78007584993606,30.80778454258642,26.007051645341697,24.012028676452918,27.20001164242661,26.10505800813614,13.502295025202582,27.214157979561318,26.96666111577211,27.072013168281888,25.997843639029355,1.0741695292525328,29.39285106751977,26.019483291897803,28.846180392050023,3.3733677756219684
2026-11-16 00:00:00,26.06612260610136,28.389267863310476,30.00378653912505,30.996083995523076,25.387288910882205,23.750535110253743,26.73063704936919,25.576497501348033,15.24322999004219,26.82867957885549,27.69065647755147,26.57245219935671,26.965596897794345,-0.39314469843763433,29.49222255461874,26.807945208629018,29.031326920953422,2.6842773459897202
2026-12-16 12:00:00,27.17059915326713,29.15058029404521,30.449356923995044,31.063978252655254,24.324231304887224,22.99334467663401,25.88551740235867,24.82712045966131,17.007468481821256,26.052832809683,28.54512071591403,25.836142568032976,27.778269774976117,-1.942127206943141,29.690683116046362,28.19398883572184,29.673117843704308,1.4966942803245225
2027-01-16 12:00:00,28.428042930722093,29.600307056120236,30.572247615489385,30.721138701520704,23.248837200521496,22.00907789403844,25.011800387043387,24.038831604340874,18.964402893483754,25.256711753968787,29.226918134559003,25.206036423999134,28.249355334836196,-3.043318910837062,29.552050464964445,29.977797490381317,30.084720313906676,-0.4257470254168716
2027-02-15 00:00:00,28.956040851253338,29.74510348581288,30.511961192099587,30.655143967870774,22.711884611713764,21.56350751910395,24.634607886971562,23.708048739190776,19.564518681323175,24.898472018882973,29.619555660781998,24.89002084748481,28.916604192412006,-4.026583344927197,29.5854997867272,30.507248104451463,30.35007447612414,-0.921748317724262
2027-03-16 12:00:00,29.41399280348385,29.792520967727754,30.385365039692378,30.617778286019675,22.500498834769218,21.639058835553886,24.91967796031673,24.042218972585847,19.297260557833233,25.085426903626885,29.851744139995144,25.15079620874521,29.621063292751018,-4.470267084005808,30.312623530267743,30.86762256920896,31.124550376491413,-0.5549990389412187
2027-04-16 00:00:00,28.3950145432526,30.145572864257446,30.345188038445865,30.422464095668907,22.571521864579577,21.781660096396802,25.103031494371205,24.2735217918623,18.314415216847312,25.210160609006607,29.833522061566395,25.376867923622804,29.58687214479638,-4.210004221173577,30.958427734396825,31.06276424403052,31.57778697710795,-0.104336509633697
2027-05-16 12:00:00,25.36326434396774,28.6204962234704,29.81988444344465,30.31889336406528,23.146137664662817,22.062188492057032,25.324873254717055,24.279298762074422,17.1275032928241,25.41260164698927,29.08210888114677,25.453606637184095,28.807408362357034,-3.3538017251729393,31.048298162045597,30.983027061572816,31.05272527734587,0.06527110047278128
2027-06-16 00:00:00,23.142070627172615,25.809446094739982,27.538560211991896,29.80619182673837,24.25841977671042,22.823202891934802,25.747963544012983,24.57469942984416,15.092278938214873,25.86851237723342,27.92593378137849,25.77315149191406,27.489257389296725,-1.7161058973826648,30.487602701626233,30.543055838528726,29.945339869247025,-0.05545313690249287
2027-07-16 12:00:00,21.687228326141355,24.07762339745781,25.392277290882607,28.519533522086665,25.20319799049429,23.622664459304307,26.396797438631072,25.34049521375032,13.956607798028315,26.54714133336893,26.867148865274128,26.540742295373114,26.304398004725535,0.23634429064757967,29.432861886353173,29.971023964322235,29.0907265747918,-0.5381620779690621
2027-08-16 12:00:00,20.989779039636474,23.042471554929566,24.500855420326495,27.275271970402123,25.288801177146954,23.551072910093758,27.297920631785672,26.461051628693443,13.23538439545017,27.079130242989653,26.17006645947318,27.28371226395701,25.415413821749567,1.8682984422074433,28.913759026616145,29.106834331933165,28.672514044098854,-0.19307530531702
2027-09-16 00:00:00,21.180535005320877,22.60226469736366,23.798361427352308,26.2578386548264,25.322844131404132,23.51204307164651,27.561160628009187,26.727574535870634,12.972575549963983,27.222405153842935,26.005371239426665,27.44406175198766,25.127343139996146,2.316718611991515,28.90336489475644,28.624524291173866,28.6752279771549,0.278840603582573
2027-10-16 12:00:00,21.82324042267228,22.866851029833626,23.6676648977726,25.989256184570845,25.1819982820682,23.58195374219758,27.09808534583851,26.23306558005203,13.896754460876307,27.0290482577048,26.309326266208007,27.198793689868317,25.404380082912283,1.7944136069560344,29.466976197416034,28.710357951710872,29.139590865929932,0.7566182457051625
2027-11-16 00:00:00,22.732764788113965,23.033919014771552,23.795917394373628,25.823347111424383,24.585277139946978,23.14786009269242,26.340158111462014,25.5971082772238,15.720218546742528,26.4868427088328,26.888006475015978,26.667395489810634,26.166610168158115,0.5007853216525184,29.586443242843217,29.32623634978352,29.50727939155477,0.2602068930596957
2027-12-16 12:00:00,24.033071465448817,23.646961618746886,23.567435278693125,25.41920409006209,23.603064993740904,22.213449291800476,25.453328316315872,24.743274240778188,17.53113365283157,25.641745344625495,27.494710509100624,25.841478879890683,26.84098999435514,-0.9995111144644575,29.22211923580238,29.98008988196875,29.546431554320847,-0.7579706461663669
2028-01-16 12:00:00,25.799421101851642,24.89424656403525,24.34075946439657,25.62908878767226,22.56809233298188,21.235535960418837,24.4179354782738,23.69406171765072,19.538905437505026,24.72037858944779,27.944811205141104,24.892060117026688,27.747626544438727,-2.8555664274120396,28.397945573106107,29.9258852753077,28.781186310747067,-1.5279397022015928
2028-02-15 00:00:00,27.63733181147518,25.474998828555105,25.339537054834103,26.21585793325238,22.141351388953023,20.873836718001066,24.025516488724275,23.377565080417945,20.23256078311874,24.408201305777517,28.36444606332283,24.623085026421514,28.523547130660916,-3.900462104239402,28.13754924944483,29.874611516443615,28.530310215031705,-1.7370622669987839
2028-03-16 12:00:00,27.979242406840935,25.609585194017214,25.426285181896347,26.70727982032271,22.012571429414773,20.87028763756457,23.911166045333264,23.29720343206795,19.57968960217049,24.293766054280567,28.66726519257131,24.518440084951056,28.966499005107934,-4.448058920156878,29.390717362679506,30.055036132261037,29.66047129002792,-0.6643187695815307
2028-04-16 00:00:00,26.961016376902858,26.69845080126972,26.163892489492895,27.159849490653798,22.39147988998725,21.390240096357132,24.11346851015506,23.38729193891361,18.63267953926715,24.451599778178117,28.769234297154124,24.59022491903699,28.91976861770772,-4.329543698670729,30.775792486911588,30.462277500748044,30.74319037667303,0.31351498616354334
2028-05-16 12:00:00,24.077284997980424,25.968945552412592,26.455118210714932,27.456773812250574,23.05244499722537,21.764915276891294,24.40572082496718,23.537874428867163,16.64434546969541,24.66807185265402,28.175337066290115,24.727432444107023,28.012124746787325,-3.284692302680302,30.159474079576277,31.189480357622966,29.85618361163552,-1.030006278046688
2028-06-16 00:00:00,22.20490832227788,24.901419368234045,25.997800325785914,27.471840944194348,23.707233896565956,22.171835905488557,24.861106852627437,23.935762043631748,14.493585319654576,25.15079253746473,27.228101678674413,25.18161079233209,27.017328391888704,-1.835717599556613,28.50487787010353,30.94240640813162,28.131055908890303,-2.43752853802809
2028-07-16 12:00:00,21.370265138643255,23.928573526781857,25.54879689793861,27.266130363951767,24.05429407667681,22.391878964955072,25.81554414440397,25.04503209973034,13.330989238931476,25.91291703827474,26.413911601920727,26.13723820000692,25.998926715967638,0.1383114840392814,27.933575204854932,30.371236038843765,27.544095590913393,-2.437660833988833
2028-08-16 12:00:00,20.37011708800879,22.787704972813145,24.741918773831266,26.90434096276561,24.576075032601704,22.910558299780295,26.659980366118205,25.923862986987626,12.720115925927926,26.45505511096497,25.886949040866824,26.672042438603324,25.16711847256255,1.5049239660407743,27.863379782483015,29.950889661471976,27.690053980695364,-2.0875098789889606
2028-09-16 00:00:00,21.088184397215702,23.121843578696748,24.632674265657254,26.72471761370602,24.860007861424606,23.101421201355468,27.142223898701136,26.454400729428414,13.166808563948512,26.76621435020066,25.939408258493007,27.09884542855981,24.823454968919233,2.275390459640576,28.096022204612815,29.83856841694535,27.890916360866086,-1.7425462123325346
2028-10-16 12:00:00,22.15290154835204,23.70506676778524,24.75579245274628,26.7667596422447,24.80180908695091,22.94031194218479,26.954118585015237,26.233921431684262,14.159513037617788,26.762551563995444,26.395600438614995,27.115827365385297,25.248374851132404,1.8674525142528928,28.39039908789542,30.091664578398706,28.33623159954594,-1.7012654905032853
2028-11-16 00:00:00,23.432466581134626,24.147978699270084,25.04434166583107,26.84725413848634,24.294144834687213,22.653952514196874,26.334741203589896,25.51308583276875,15.947942855379969,26.272839318456125,27.013811194195586,26.45724974133702,25.822011627512506,0.6352381138245136,28.67182800390901,30.236035582928164,28.694844389676533,-1.564207579019154
2028-12-16 12:00:00,24.73918193527436,24.90242207375045,25.398026035300454,27.024020983106247,23.269188512337116,21.767114800194957,25.228856887354457,24.478204871517644,17.696646400078578,25.331266140111335,27.534994015202972,25.543890502750955,26.557825004151372,-1.013934501400417,28.39345354109639,29.773378566623514,28.469647749688257,-1.3799250255271218
2029-01-16 12:00:00,25.986177362203847,25.905192697881688,25.909697477444467,27.127858272401436,22.288374645246055,20.79254796635485,24.158209373238375,23.336192239181923,19.69555493396642,24.401110192924694,28.02221528486882,24.55172723236906,27.63989457812988,-3.0881673457608194,28.042193403884298,29.28222039080405,28.265888185230487,-1.2400269869197516
2029-02-15 00:00:00,27.47240244000302,26.364357981906394,26.300451051166636,27.374197925567152,21.75870953392822,20.291773566325627,23.791140406385598,23.074352761107537,20.378223233966697,24.05622640777798,28.292210707258924,24.30373345678489,28.51156221425444,-4.207828757469549,28.072693700238887,29.039479428312248,28.28080774640941,-0.9667857280733614
2029-03-16 12:00:00,28.29250296722884,27.40096230911955,27.5005305307786,28.212923632695105,21.70220838937439,20.358257989014923,23.841506744083574,23.235876020747202,20.547022167113816,24.055851889921815,28.851940655885258,24.393819209957027,28.824534620617317,-4.430715410660291,29.257804869158328,29.865304562685296,29.631236986630647,-0.6074996935269681
2029-04-16 00:00:00,27.444573098306318,27.686848445791917,28.048204613399975,28.793738358218327,22.087744440089377,20.59966142758672,23.952720376111607,23.185358274975826,18.626432428268163,24.14354983992531,29.033070455658088,24.360003784756664,28.587042682021725,-4.227038897265061,30.63491439915271,30.306816896449746,30.780205556012383,0.32809750270296334
2029-05-16 12:00:00,24.890702674328473,27.952135734131407,28.485364791097652,29.144494627984688,22.873953905363447,21.29183623156995,24.315564897147762,23.42893320025676,17.15356820455618,24.49205031440961,28.454594190721618,24.590147704761478,27.996564935290788,-3.4064172305293106,30.627627918584704,30.55658109249461,30.255099709911875,0.07104682609009316
2029-06-16 00:00:00,23.530233052027977,26.778698249893537,27.977812473910554,29.22050323586366,23.711664467658768,21.775118645845495,24.87441366858462,23.93043662625276,15.06488673990492,25.072992991235413,27.510354878179914,25.13444377529844,27.11157459725584,-1.9771308219573989,28.84686135800666,30.341191200463772,28.608910888465566,-1.4943298424571125
2029-07-16 12:00:00,22.719229657310056,25.62807701782273,27.319194146768364,29.142874590829702,24.136321377953724,22.102575509806876,25.49346431729107,24.619108427025544,13.088454212201494,25.65742039165143,26.77275316833614,25.863428692361634,26.268869631401166,-0.4054409390395328,28.195803573872567,30.146309591966453,27.910517284246826,-1.9505060180938862
2029-08-16 12:00:00,22.33870564536381,25.113565179646663,26.690398657577635,28.596883258485427,24.469493401979697,22.535444024880682,26.44860798417581,25.709364032372772,12.759425544739804,26.32779524035626,26.326895113590695,26.67234901372477,25.42433558618662,1.248013427538151,27.91297556176827,29.80429854903619,27.694810712257,-1.8913229872679196
2029-09-16 00:00:00,22.473473894547073,24.477352340551874,25.947601364674814,28.27925325021911,24.540336799566433,22.55255241915757,26.84195124668486,26.122897192844228,12.886637387477114,26.575320662438862,26.3224102148863,26.959943839395834,25.218210047520348,1.741733791875486,28.37990922406986,29.87849041635418,28.34735097790693,-1.4985811922843197
2029-10-16 12:00:00,23.303949941011798,24.569174695755407,25.93864411749292,28.287333979517715,24.538270088726737,22.63904940292743,26.635343559369495,25.890305463959862,13.450665953569946,26.515366959448556,26.773628901500423,26.85899867123489,25.509603136763953,1.3493955344709363,28.47017986333021,29.963570887782,28.608755096925254,-1.4933910244517925
2029-11-16 00:00:00,23.90189207189553,24.683643231297683,26.01776538472915,28.378640583425483,23.860695695786493,22.13079155547174,25.925536750025056,25.10078385353043,15.328475861574159,25.904961703439906,27.350288277217444,26.140187736826597,26.217261240567172,-0.07707350374057498,28.9396722137698,30.05630107390206,29.057167827277823,-1.1166288601322591
2029-12-16 12:00:00,25.32319287652332,25.23175145671369,25.978148666792027,28.25950639808728,23.01269111308303,21.36235652773187,24.968553423701447,24.083247692834142,17.80891325897783,25.05359168169212,27.940613246710367,25.20929993966448,26.99693433838656,-1.78763439872208,29.12996443537251,29.77184712273115,29.28963934850788,-0.6418826873586383
2030-01-16 12:00:00,26.620251947680867,26.154462902220537,26.322812065763053,28.11469255326002,22.184148934781486,20.65142829082121,24.131315868847516,23.26888549838867,19.56948030505555,24.31471920597126,28.411631228228067,24.467305921959884,28.038198053993245,-3.570892132033361,28.33060374766829,29.9026029190895,28.770641542856424,-1.5719991714212078
2030-02-15 00:00:00,27.785597407699704,26.57156191250453,26.850902454323535,28.13810483556877,21.657869031446765,20.223120008333908,23.831134885657224,23.110984527782758,20.65780038322957,24.03941818058079,28.81015652349574,24.303477338754742,28.534143564540628,-4.230666225785885,28.489843431222067,29.643237396134612,28.912128124964774,-1.1533939649125458
2030-03-16 12:00:00,28.443917049714244,27.062666972141326,27.319081302266472,28.489964641154916,21.69621176336808,20.385944571312365,23.841890831275293,23.24875925722606,21.06770048099993,24.083007011850544,29.100258710115483,24.414267185052523,28.87913203081321,-4.464864845760687,28.90562234377051,29.885155417401602,29.161412973265193,-0.9795330736310923
2030-04-16 00:00:00,27.915250696717678,28.167975220220452,28.24978779614091,28.989041969162102,21.95217097664377,20.521242164482835,23.9508350104595,23.174980665617316,19.37892035210587,24.183585591196337,29.371629896869685,24.39565925000452,28.81779109350421,-4.422131843499688,30.28346328891025,30.83690416127365,30.324949572120016,-0.5534408723633994
2030-05-16 12:00:00,24.640917070163926,28.190833809855974,28.907897999147803,29.54796179450914,23.208304158624188,21.541851857362865,24.284659627316184,23.31647683461358,16.71874936742466,24.608316727790125,28.787468389178215,24.550815036514106,28.189647198178804,-3.6388321616646984,30.31825848637884,30.841044808137475,29.761454055428953,-0.5227863217586339
2030-06-16 00:00:00,22.99509180227066,27.1950466133388,28.64062064627046,29.769233173505285,24.334579883444782,22.572399029438273,24.884319205097118,23.82947221962223,14.57090485054949,25.288195282094343,27.82086549023229,25.102024089373586,27.048086005782395,-1.9460619164088087,29.191172881833694,30.445737140270552,28.662109693903698,-1.254564258436858
2030-07-16 12:00:00,22.288716084684456,26.178823606894845,28.081464966704143,29.775981198839993,24.470018649650513,22.53775337386382,25.440811713402656,24.42481193246188,13.46601225304576,25.73227104936673,27.058934513868785,25.695420097409663,26.143864590807276,-0.44844449339761283,28.381202720756423,30.198149761855152,28.060723317108707,-1.8169470410987287
2030-08-16 12:00:00,22.228540077164972,25.551553049697088,27.593835996149792,29.680329896045578,24.87558767285947,22.89662864654469,26.217543739209926,25.322812107127962,13.036525287825997,26.23938678499673,26.68155295920617,26.328227570168313,25.280190119440284,1.0480374507280281,28.1509348194752,29.969451401335117,28.09391391293373,-1.8185165818599174
2030-09-16 00:00:00,22.475513035561594,25.329858562484667,27.266676286410274,29.59807875104554,25.24610899632985,23.181280706479754,26.672308790570472,25.821563396974202,13.479052930641018,26.55681584470862,26.68421139027554,26.647073634039888,25.06781894836288,1.5792546856770073,28.28229076765443,29.91437930271462,28.34430394818649,-1.6320885350601912
2030-10-16 12:00:00,23.190243556401807,25.33233555231439,27.248148721236664,29.700450623588377,25.153402760927797,23.183914484352186,26.370688163987786,25.55834608334225,14.684882362463581,26.432701569894892,27.078380140875204,26.5019084034595,25.336637542651363,1.1652708608081355,28.5632850321466,29.90332026926956,28.57442290974818,-1.3400352371229616
2030-11-16 00:00:00,23.890416857844855,25.818861898276623,27.766667233117165,30.027462936047137,24.71542040235492,23.040561098032754,26.0645654214166,25.43481146988251,16.581704399208537,26.265066711091393,27.68633561958311,26.412184746428817,26.038769001288976,0.373415745139841,28.713519111179057,29.866101353618983,28.887685765604733,-1.1525822424399266
2030-12-16 12:00:00,25.577589286489825,26.620687289718877,27.97006658122013,30.166167239010136,23.768484051311585,22.433310941073294,25.48219516994543,24.84999618408521,18.95005078906917,25.668962848429793,28.35980131101363,25.84034978994743,26.77697851307487,-0.9366287231274377,28.922671976689557,29.720386614571275,29.43377912694737,-0.7977146378817181
2031-01-16 12:00:00,26.85282229724115,27.226231914444746,28.22593007626381,30.286262594165645,22.677773640096863,21.326964197274105,24.659396389706025,23.861389438931692,20.465192561612508,24.806528926841104,28.79781084272091,24.976496609727302,27.464592039347473,-2.48809542962017,28.808411236377378,29.41486650334733,29.52006250139569,-0.6064552669699523
2031-02-15 00:00:00,28.50517263526765,28.404669631229687,28.874472083597336,30.521754927379234,22.459624177371385,21.166371035955553,24.41642127647836,23.54777340025153,21.631665890712416,24.587875304410943,29.28686950710262,24.704022307302033,28.190575288590992,-3.486552981288959,28.935666040969693,29.999666089771754,29.607029033953808,-1.0640000488020611
2031-03-16 12:00:00,29.046247566803565,29.12854665575698,29.76992107103889,30.93065257805843,22.377540491708075,21.0935885284546,24.561014258649053,23.69157391224776,20.67493002216689,24.678752487039052,29.636594086746936,24.814679641994065,28.84415502590729,-4.029475383913226,29.44684694942627,30.178530443294026,30.09104656764727,-0.7316834938677559
2031-04-16 00:00:00,28.567701049525567,30.099377683451397,30.50308307896745,31.14399073028194,22.549906974031337,21.221918765398478,24.619710971473893,23.636782136375075,19.413372102539558,24.724655126196808,29.680262128537773,24.782732614621352,28.973664536366794,-4.190931921745442,30.200840506862765,30.757334008705225,30.5666701805336,-0.5564935018424606
2031-05-16 12:00:00,27.26742219018639,30.36952516354741,30.95627145470083,31.2310761044564,23.352921378281604,22.079648794675986,24.951620071140574,23.96854986189893,16.950308664975733,25.172121529757657,29.21249208790276,25.134727276276855,28.400455440489413,-3.2657281642125575,30.914822366828915,30.691525985536764,30.704821297423592,0.22329638129215112
2031-06-16 00:00:00,26.610445534892435,30.02241582072782,31.000740847500687,31.224599403493592,24.52897333177459,22.974761024058886,25.539712923167194,24.58219541449759,14.73166617756252,25.832402601387063,28.39975033921124,25.780249091464206,27.40125743821775,-1.6210083467535448,30.3590831260026,29.93959787191784,29.69286158586382,0.41948525408475845
2031-07-16 12:00:00,26.039706422518556,29.807294381031667,31.01520760825588,30.85076318256403,25.008400139754894,23.335553428566346,26.279157666596944,25.42978224735492,13.97814810068064,26.415244419874575,27.63053423061388,26.45746367210908,26.40722783667635,0.050235835432729914,29.2204596209936,28.437564878757787,28.876559872082424,0.7828947422358148
2031-08-16 12:00:00,25.44337629394929,29.178115449074003,30.638704083714455,30.616658208514973,25.425310879443373,23.59401204766332,27.096304666722318,26.335942759179563,13.28227619246754,26.95028981735478,27.120317362704938,27.110260018245558,25.76630450734958,1.3439555108959773,28.891291585963504,26.956848392417502,28.813577863910435,1.9344431935460022
2031-09-16 00:00:00,25.33645333938277,29.136323282251137,30.702466543548542,30.75614393608868,25.718759139440213,23.823083326747653,27.38947842076797,26.621290062339348,13.214868484594946,27.236882491685055,27.121970073176158,27.440306237493356,25.726187331193735,1.7141189062996212,29.48580318564402,26.541078360590397,29.27166587721457,2.9447248250536227
2031-10-16 12:00:00,25.964064453455073,29.82172275308866,31.068896959725503,31.006684123542165,25.59298695213128,23.773382838030024,27.18736498261882,26.3349653943178,13.79215843301165,27.176681529356497,27.642630878326592,27.271247279773846,26.106891998087864,1.1643552816859817,29.987770754085933,27.089806008944716,29.70726437302924,2.8979647451412163
2031-11-16 00:00:00,27.34095511447494,30.541893113771607,31.572981508541883,31.35295192673357,25.046735441100807,23.362536280689447,26.64325561878369,25.69784898179,15.581259288854872,26.7252758763293,28.430083326521054,26.695793644440013,27.160426398388513,-0.4646327539485,30.279618206538654,28.135692703259483,30.208886901984133,2.1439255032791706
2031-12-16 12:00:00,28.27207671505269,30.664317404178096,31.253628882050645,30.938432328724726,24.093260514887525,22.61339161088609,25.807679070403196,24.78374130329174,17.848564460424605,25.932291063894322,29.102345662780216,25.839201965434007,28.219600942870937,-2.380398977436929,29.994552021961564,29.2595261627911,30.478749434724957,0.735025859170463
2032-01-16 12:00:00,29.482626896897994,30.973846504793652,31.162023399583965,30.59587269332492,23.343215696028956,22.0193022134043,25.198058706685774,24.217413107594552,19.744969712035704,25.375166257562608,29.71272344466117,25.3182772810541,28.750699437751155,-3.4324221566970543,29.590735005107653,30.276776477268363,30.24100155715672,-0.68604147216071
2032-02-15 00:00:00,30.073497461524937,31.034547971014646,30.89519205105102,30.032487662112064,23.11406668050559,21.9739868524492,25.065019052166836,24.203056989874504,20.27688217112019,25.328324351850277,29.971565093682276,25.309506706134947,29.417637990823813,-4.1081312846888665,29.78775685122826,30.73699925988547,30.522757247346842,-0.9492424086572093
2032-03-16 12:00:00,30.295149741831572,31.01763935328031,30.54952720559933,29.62231177497332,22.910110433355463,21.772760991303326,25.073001999068374,24.2023033202598,20.247246480327345,25.307450371221584,30.178193091967653,25.352500076384835,29.736234658207227,-4.383734581822392,30.625398269152754,31.18780298846469,31.251062762186553,-0.5624047193119353
2032-04-16 00:00:00,30.17815228582013,31.09248551883046,30.4558060189831,29.61774914123815,23.19234716899434,21.975434247378452,25.25796856248645,24.263978868529627,18.637678709470997,25.47260155573727,30.21111824969523,25.438287318636682,29.893607150529213,-4.455319831892531,31.380381193601245,31.313582892708506,31.78596147093363,0.06679830089273864
2032-05-16 12:00:00,29.44885360180871,30.93900125887471,30.621355518356747,30.374412584319543,23.872612020537247,22.659627728411106,25.674335256439996,24.59610636452622,16.460250214186747,25.816771792523827,29.678791574010408,25.701131173080263,29.31647578150515,-3.6153446084248877,31.99299751184709,31.270806578278748,31.59850940197328,0.7221909335683421
2032-06-16 00:00:00,26.97134073393723,29.227234401013142,29.851838421569294,30.73929273675178,24.4427100548618,22.92618893375447,25.83880508370765,24.694820151295172,14.212650442355098,26.035370861274615,28.61601478534635,25.892110316794366,28.056235320430794,-2.1641250036364283,30.895576670711204,30.573391462832266,30.484237667290845,0.32218520787893823
2032-07-16 12:00:00,24.035378755472365,25.895507565799548,27.249602061293974,29.976657484098112,24.97142528576061,23.090321341689464,26.342076618655632,25.253299429214643,12.8857937326548,26.499641349899886,27.526699562907147,26.419357323218698,26.975979381536675,-0.5566220583179771,29.896801940634248,29.926950800483148,29.754399303151057,-0.030148859848900145
2032-08-16 12:00:00,22.651738133301794,24.85534288581823,25.842431427125202,28.472378988311036,25.26200943418737,23.293892947421224,27.20785728102537,26.257121077718523,12.300038891472523,27.06590629794852,26.892474470219632,27.17699197944599,26.134872651578817,1.042119327867173,29.27916104398065,29.33464876818995,29.247414590423098,-0.05548772420929993
2032-09-16 00:00:00,22.457740284875424,24.296157265515674,25.35628937506886,27.190699678336635,25.473617239083993,23.451954129790536,27.479240825318307,26.597065129919617,12.506198264032339,27.243937139486803,26.724870088279676,27.425541835535718,25.75960996909927,1.6659318664364484,29.566335940231546,29.12089911980213,29.40964094928904,0.4454368204294177
2032-10-16 12:00:00,22.842654278840236,24.126944695962326,25.13007919855769,27.16891308843489,25.279904145518547,23.420347198346217,27.203154420610506,26.354067972666616,13.907559335534767,27.136528033571974,27.036324647702315,27.324545654822654,26.03670665416293,1.287839000659723,29.98482205983346,29.393842981264633,29.88614116974887,0.5909790785688251
2032-11-16 00:00:00,23.475594862979978,23.989744121023808,24.533714463822847,26.532850783097366,24.762708304726438,23.055417226686473,26.630049794480218,25.878416747333375,16.00564120761966,26.729107491708806,27.457095453376702,26.89591930101065,26.85380123928431,0.04211806172634169,29.795362937584805,29.890844572788904,29.81991644132815,-0.09548163520409858
2032-12-16 12:00:00,24.945076046176716,24.36272478013028,24.35679776077237,26.432713063523416,23.76494478145327,22.179498685705077,25.60906201807458,24.86158587341678,18.577434394703072,25.791047617999368,27.99613232331343,25.962309541530896,27.431329017766295,-1.469019476235399,29.550042156787555,30.41240782013725,29.889053739110295,-0.8623656633496957
2033-01-16 12:00:00,26.132434766868712,25.090228404724932,24.620016992150767,25.99609838465651,22.768790785131742,21.168830482848,24.622188883631406,23.731120851121176,19.765821393999584,24.88416916755382,28.22456841835499,25.00394552026859,28.101049503126635,-3.0971039828580444,28.490578065147567,30.304373790323986,28.766365502438287,-1.8137957251764192
2033-02-15 00:00:00,27.497270708900494,25.112827547906903,25.50068956104784,26.729092983062962,22.37859846967051,20.858902883315572,24.29955945672451,23.504072574262448,21.164349602510793,24.581587118253026,28.57326015981623,24.73656952939246,28.71179452170002,-3.9752249923075595,28.083203957710406,30.015010929488852,28.572571654902646,-1.931806971778446
2033-03-16 12:00:00,28.47198551924107,26.082205398304726,26.08255014714042,27.373495428562123,22.252108572333675,20.812110556327642,24.323661891002835,23.601910449557366,20.584508681420914,24.534309793000872,29.103140448383165,24.72642465690855,28.90342716836569,-4.17700251145714,29.611178976350626,30.7061847070062,29.982149742949378,-1.0950057306555756
2033-04-16 00:00:00,27.10939471877023,26.904704078856916,26.681553809771685,27.727614579884904,22.502911310498664,20.882279837633646,24.46389583731979,23.616374200772942,19.460921685239406,24.55048496698885,29.21379107700872,24.761102001282342,29.0004155411004,-4.239313539818056,31.081198539376697,31.137967318557493,30.948673395776527,-0.05676877918079626
2033-05-16 12:00:00,23.7513507917269,26.9370926328917,27.11753896558914,27.97343910741532,23.13410744417811,21.29976600095047,24.700008113675658,23.758249210832922,17.34867269216788,24.806158459570188,28.64749450065442,24.926586756815713,28.299533674197438,-3.372946917381725,30.79911605948624,31.129133789836306,30.474435683125332,-0.33001773035006465
2033-06-16 00:00:00,22.446372263896794,25.42601842617613,26.404408308102056,27.935883555927887,23.81416828728649,21.942788840379915,25.045945763904907,24.078154102456896,14.722800000635262,25.231446217753874,27.63764594845664,25.33466883420315,27.228245505334158,-1.893576671131008,29.128705338774715,30.773033633865943,29.02500698105692,-1.6443282950912277
2033-07-16 12:00:00,21.552554404490866,23.742226338349656,25.260835148318712,27.34477103553578,24.305770465340046,22.437201031326627,25.85506986768313,24.99003611268223,13.364869292693884,25.959796517125696,26.68258680716938,26.16106556854878,26.210105727421933,-0.04904015887315438,28.303304133256347,30.274675781950613,28.107145295009797,-1.9713716486942658
2033-08-16 12:00:00,20.788563908876423,22.52331093261117,24.30163144017003,26.975746450871174,24.806338114672275,22.94189343076462,26.654371721800675,25.88482349297395,12.944052535047183,26.466163536529518,26.121747297678233,26.723402141000783,25.29277768413369,1.4306244568670934,28.00789303930358,29.966591574984655,27.81273912243096,-1.9586985356810764
2033-09-16 00:00:00,21.121184685502513,22.599330402538733,23.985420816403213,26.421036378775014,25.0076226213418,23.124718745558585,27.138023042860876,26.349511404651796,13.37043552396701,26.80801150402413,26.062120501910837,27.120370393976145,24.74719590704823,2.3731744869279154,28.38828921812846,29.90513067275291,28.257860950502156,-1.5168414546244513
2033-10-16 12:00:00,21.669877965619275,22.609515046208564,23.650406419167105,26.413151941753608,24.98531899375281,23.076057360047763,26.89000099200653,26.042706307890665,14.338652844493662,26.753022310687978,26.354644034291052,27.03993880536967,25.153287819868492,1.886650985501177,28.825737795712328,29.943335290472838,28.745745615385513,-1.1175974947605098
2033-11-16 00:00:00,22.795384258016636,23.11666287790868,23.951766703093995,26.42420940953787,24.35943254841619,22.617880158419464,26.17553476497508,25.30767388483397,16.060288913113272,26.182416589866165,26.845389640882228,26.35782463881394,25.99376700836543,0.36405763044851014,28.82087214256236,30.0321543243362,28.69757155504407,-1.2112821817738393
2033-12-16 12:00:00,24.20366549759615,23.900891909935854,24.460238661728404,26.556890551454284,23.39217254249612,21.798907105246865,25.231563095952254,24.407428766584356,18.063838945621846,25.334748030544883,27.47062998726153,25.491818043225404,26.761899042161247,-1.2700809989358426,28.750866411076895,30.096605554391157,28.838904666090684,-1.3457391433142618
2034-01-16 12:00:00,26.079487785554278,25.209408004773287,24.927298135971103,26.44733159712726,22.414926421460915,20.801386533965275,24.349075100547555,23.492094795952518,19.556193238374806,24.531703929440123,27.95276741238482,24.685609035771325,27.546776850337764,-2.861167814566439,28.14723755646295,29.988215368293197,28.37189602518417,-1.8409778118302462
2034-02-15 00:00:00,27.890447495624656,25.887246380321074,25.472039085096668,26.682805466231653,21.756896971858865,20.168565599785847,23.79667518935193,22.959591191901556,20.40824057082224,24.02807781922266,28.408146355954212,24.250158232035858,28.375192671472266,-4.1250344394364085,28.25409120564725,29.92350527646332,28.58614586860984,-1.669414070816071
2034-03-16 12:00:00,28.394641779807817,26.417835781812755,26.40454026355155,27.33444511103253,21.618050827248315,20.151647180649334,23.7312043524832,22.89805428230988,20.088520308110695,23.931534836835688,28.81324070309737,24.14256253312062,28.678288261430005,-4.535725728309384,29.39814938641914,29.94667857598367,29.662165936847703,-0.5485291895645297
2034-04-16 00:00:00,26.596673624155013,27.065310556762547,27.160284562251995,28.022855809355903,21.94393655162781,20.3920986666632,23.959334755463413,23.084648654399057,19.353997509259226,24.067153291550213,29.038648998622246,24.247180135297388,28.71217623867286,-4.464996103375473,30.79048521474559,30.731390106642976,30.56667741025333,0.05909510810261409
2034-05-16 12:00:00,23.68833177961018,26.40774076060401,27.320194655067805,28.38598414932712,22.90045016049506,21.128274817722208,24.27223145438372,23.260338495851308,17.333299809256662,24.405438084614868,28.305460991481965,24.470492868383342,27.77256066565309,-3.3020677972697463,30.104859996536582,30.668147310396343,29.458686647460585,-0.5632873138597603
2034-06-16 00:00:00,22.253753337933563,25.625419994238488,27.086903899835754,28.420404965849656,23.856082077534833,21.89549534585385,24.663436874311614,23.70416182412579,14.856589840369644,24.95551843041429,27.439616992155784,25.01089250349883,26.874453842711205,-1.8635613392123744,28.77108398230171,30.470374742638064,28.33726495293817,-1.6992907603363534
2034-07-16 12:00:00,21.43304137954657,24.904655604388278,26.665564877383407,28.29603087518249,24.456929117407938,22.456113295510754,25.371188190117312,24.53662656625659,13.387653215780796,25.58911979597408,26.692363207269214,25.775547884821542,25.88310757548276,-0.10755969066121907,28.198651810506107,29.982390238815444,27.87035084355975,-1.7837384283093378
2034-08-16 12:00:00,20.887973318274824,24.261678442409472,26.130251318566167,27.958294089516592,25.206654164952663,23.027246479089598,26.406047160807894,25.65337751701158,12.93671819660686,26.302641479041153,26.240277186486647,26.53875532949382,25.041761675552184,1.4969936539416366,28.00968060610652,29.8005801401854,27.974366594391316,-1.7908995340788785
2034-09-16 00:00:00,21.342359441764554,23.843988762207097,25.682770433107518,27.90054686324365,25.42203560813193,23.205135456130673,26.942338890891676,26.169197318089402,13.118854537492355,26.667650360351008,26.20071548860455,26.933360128356345,24.78723563288575,2.1461244954705947,28.20565414235039,30.03239106394533,28.27590927876356,-1.8267369215949394
2034-10-16 12:00:00,22.47850047776902,24.03758712961964,25.45533748814136,27.68524181735839,25.35253340161312,23.13670361462405,26.667452314399924,25.78579761770105,14.187160385443253,26.596276841521412,26.552260581567637,26.765593527823935,25.40056134569842,1.365032182125514,28.832251578007607,30.00830041212075,28.75242490275522,-1.1760488341131428
2034-11-16 00:00:00,23.268553091852834,24.095753458296873,25.425882795620694,27.738319587541366,24.47412206639682,22.50898336460149,25.94161439417589,25.09466431370012,15.915874985679306,25.98395471136125,27.095657815946964,26.156970165404033,26.11956633467599,0.03740383072804221,28.912505027146345,30.327939179422913,28.81162400927539,-1.4154341522765677
2034-12-16 12:00:00,24.559112551088845,24.76248566594975,25.524322819222153,27.515910588469023,23.436542961410794,21.65010542177416,25.060171089139327,24.219992514501907,18.246159309181486,25.178183961550353,27.630936247348625,25.342706552036862,26.96844276029523,-1.6257362082583668,28.644997721874734,30.1881626140331,28.66265221183707,-1.5431648921583658
2035-01-16 12:00:00,26.083198258861255,25.77230131641229,25.936636388164654,27.439203484543068,22.42267209791901,20.806211598404968,23.914518251493845,23.02132883315185,20.347248826024586,24.17952391076389,28.03205380169003,24.285142523835063,27.855249449765104,-3.570106925930041,27.825414732967204,29.74442057772715,27.77800233741036,-1.9190058447599476
2035-02-15 00:00:00,27.60688785979548,26.019519372402474,26.380922013367517,27.705616153807615,21.994897031963,20.521547619566288,23.49901134298711,22.677240819401707,21.15659757600913,23.821258911535516,28.470651000938012,23.918234209833575,28.643587279777176,-4.725353069943601,28.277165717527517,29.575141421727395,28.260885323408115,-1.297975704199878
2035-03-16 12:00:00,27.997634602507144,26.340135668878478,26.76427416210198,28.23274265257104,21.860827324818473,20.51795773680858,23.493877155810768,22.733302529910755,20.636785256944332,23.786699736477264,28.857375638146753,23.9573301774266,28.925386289281,-4.968056111854402,29.387834425257445,29.947649066592863,29.695702483309677,-0.5598146413354179
2035-04-16 00:00:00,26.173813005129468,27.603900780837556,27.857492651386075,28.765636315067898,22.552434189988652,21.324057594209634,23.86007900751831,22.976579293458528,19.51107964156554,24.15155960981763,28.951994944080756,24.185271224610602,28.982498706700834,-4.797227482090232,30.22157477900911,30.504338439724012,30.218803323770707,-0.28276366071490244
2035-05-16 12:00:00,23.939510102448196,27.269513414794318,28.122455868414537,29.112106734167764,23.440187091228378,22.016706688716344,24.42335678336492,23.358823678435172,17.174552554874513,24.676692375019723,28.4390991115548,24.512214441548625,28.33550427667383,-3.8232898351252054,30.32477287393532,30.935505406008872,29.89023252986894,-0.6107325320735519
2035-06-16 00:00:00,23.02902697141737,26.68056705574522,27.950150193366564,29.232905086458565,24.120497891881726,22.404764654485273,24.697694057422872,23.637022288323813,14.61290022934314,25.062007617619933,27.585493232646076,24.89187693868163,27.34029878217059,-2.4484218434889584,28.654123498901757,30.863287314012158,28.388427816670664,-2.2091638151104007
2035-07-16 12:00:00,22.236563302375878,25.65700989818229,27.511706254833932,29.229464645901196,24.351569813229023,22.613041962074487,25.461795142693518,24.577742106636787,13.411749706103306,25.707766770167314,26.906707594370406,25.784361822897147,26.306501965333332,-0.5221401424361858,27.86009534817007,30.59434259493632,27.721743365756332,-2.7342472467662517
2035-08-16 12:00:00,21.76694153624204,24.9946682227132,26.988904111395822,29.012370792767605,25.05926662288699,23.150346153408883,26.737530670254433,26.02149316632189,13.299414981189727,26.558793101161086,26.529875367409517,26.785973242502838,25.395871665747705,1.3901015767551321,28.08991172812477,30.41194740601028,27.967017703788517,-2.3220356778855127
2035-09-16 00:00:00,21.846618004396365,24.479571644418748,26.40779799527288,28.784134219741652,25.418319495390836,23.446210468204896,27.139854303510987,26.490357456142878,13.58087464280528,26.900529821347252,26.455786788309158,27.241270200867053,25.235833802673206,2.0054363981938472,28.390423974774418,30.271056090823215,28.327222028569427,-1.8806321160487975
2035-10-16 12:00:00,22.903140841239097,24.67960972269349,26.27612812688678,28.760470388363363,25.279711507771403,23.378651337819598,26.725927923928037,25.952981462083866,14.381507878073668,26.685055521616714,26.888639768406,26.906450365494226,25.45289623668946,1.4535541288047646,28.709448183885982,30.51845176800422,28.80682236820748,-1.809003584118237
2035-11-16 00:00:00,23.74163455723031,24.886524593562775,26.380819604782136,28.803700286326183,24.88065298038692,23.0792378002957,26.142806898183725,25.41440509862509,15.910280507907345,26.261668071249687,27.456244614697454,26.421843665044825,26.22785403469236,0.19398963035246553,28.633455432482062,30.399155314021048,28.844297519754228,-1.7656998815389855
2035-12-16 12:00:00,24.57911862029529,25.518279340871562,26.64060829820934,28.797409050646973,24.189597343103816,22.49004809243858,25.24274715766938,24.520771249176263,17.408646654612973,25.519969470928572,28.004377868075448,25.591642381147217,27.146091917461746,-1.5544495363145288,28.688329760178675,29.852688958413,29.10577128879418,-1.164359198234326
2036-01-16 12:00:00,26.18338945106643,26.21943551561965,27.00029090055784,29.173804333338616,23.33121999396473,21.784945798605364,24.629304762623725,23.886553426281445,19.358268655560785,24.951078874897963,28.42441443512171,25.038295901970837,27.95967392126054,-2.921378019289701,28.202373632507374,29.439526459498754,28.60736897426879,-1.2371528269913803
2036-02-15 00:00:00,28.129823715428945,27.04203400631564,27.63732701818292,29.610998397738975,22.798742052257193,21.352655930409675,24.477624412483486,23.748488871897578,20.723393877152887,24.78564998047532,28.92768223435436,24.9613368831018,28.591945743902933,-3.630608860801132,28.73315907993975,29.268955752752163,29.19410741490469,-0.5357966728124133
2036-03-16 12:00:00,28.87486997075633,28.201774527975722,28.41999391537277,29.84244984143337,22.584821988391194,21.21210372296457,24.529950061779402,23.829004339721966,20.195119800879787,24.807842930160945,29.45257672088466,25.04416209173416,28.915635534113918,-3.871473442379756,29.81193477153958,29.557218635888113,30.342788873968175,0.2547161356514671
2036-04-16 00:00:00,28.748598260951884,28.93564870520753,29.2897931973883,30.184007271060874,22.829251225831456,21.251516314509445,24.71324898495873,24.012287063081917,19.35571853802768,24.96170418152277,29.533064998083656,25.254305776523967,28.94154615261455,-3.687240376090582,30.779670500338987,30.457893488295273,30.89872915500005,0.32177701204371445
2036-05-16 12:00:00,26.947598395840625,29.270582256908423,29.87862720746295,30.707052500170718,23.430745222462203,21.59187776807234,24.815718258968577,23.874661460177737,16.692731744039886,25.056004301624267,29.075040692156925,25.196096891343515,28.279654186929307,-3.0835572955857913,31.233149637867275,30.478173886819384,30.51135879639657,0.7549757510478905
2036-06-16 00:00:00,25.673509121547866,28.477528269495917,29.739741836185765,31.079219300641096,24.38952944404544,22.453730937760735,25.230413602323615,24.215563087361335,14.968492026500227,25.540882142617356,28.243123290680156,25.512385231634518,27.36991795528153,-1.8575327236470116,30.242641825123147,29.861869900627706,29.64720346602481,0.3807719244954413
2036-07-16 12:00:00,24.695587054749375,27.861302835864283,29.489497859158437,30.957177313396393,24.95299763091972,22.95360366343967,25.880902131639655,24.923484633239855,13.56199897285462,26.12383992672122,27.481068970854267,26.139559734410145,26.651376719574948,-0.5118169851648027,29.33385041514318,28.828078624084263,29.00950918216582,0.5057717910589155
2036-08-16 12:00:00,24.327220422860123,27.445575418124598,29.204081314692605,30.9807822359826,25.476445896623012,23.573342119715935,26.732108540380658,25.921890713464027,12.90185264869319,26.7329950683789,27.026231968291086,26.88165118948096,26.0058784302115,0.8757727592694593,29.024874776082328,27.659695000459227,28.879482127155566,1.3651797756231012
2036-09-16 00:00:00,24.006015139869,27.322402779057644,29.23743319530613,30.906806945192,25.80152742536784,23.77122782823454,27.19681569931886,26.4113600409079,13.003039131141653,27.09062406632728,26.96720754848511,27.256063108928988,25.76887259518996,1.4871905137390264,29.557093773483146,27.158822958195504,29.38682542842184,2.398270815287642
2036-10-16 12:00:00,24.143527552262725,27.33097283442119,29.49182229437129,31.11824258891091,25.725843563990036,23.736642901185537,26.980295472728347,26.075664047569493,14.211833457290169,27.017969994665055,27.372444542185534,27.070257936332375,26.047492630031968,1.022765306300407,30.30442568353,27.343337137339482,30.035625422305234,2.961088546190517
2036-11-16 00:00:00,24.972350642285654,27.756993904202414,29.696586606370836,31.13645781093482,24.880797331353623,23.00476359502176,26.221118861587403,25.230759773694516,15.538225092761495,26.371886944756742,28.047329071841514,26.333493566994918,26.90815656344272,-0.5746629964478025,30.66954363974898,28.13445917585121,30.6386622509232,2.535084463897771
2036-12-16 12:00:00,25.99762861416248,28.196356691561107,29.791700797275436,31.078992132301725,23.95837329836125,22.28552876301404,25.397155788009425,24.511280071149127,17.20850627250628,25.632644485008417,28.67917040913725,25.62869592841819,27.889777384627866,-2.261081456209677,30.6362385486271,29.164950999711838,31.236094985400477,1.4712875489152637
2037-01-16 12:00:00,27.132038491271,28.597138412603396,29.904689237183213,31.040352643673113,23.108073534692846,21.519001644463472,24.56636344986908,23.731306077512567,18.88348030586981,24.887267659516485,29.324239371797194,24.918875880812013,28.45710205916676,-3.5382261783547477,30.197347298939334,30.243384954023867,30.9590254625199,-0.0460376550845325
2037-02-15 00:00:00,28.18384568401637,28.697418451179228,29.863938961741457,31.210783802657897,22.486730724415448,20.844509025452815,24.083086210530702,23.24572057962369,20.082391299202165,24.44187604497461,29.74108634491977,24.51769256989523,29.4337205083705,-4.916027938475267,30.12465349820254,30.15574062059605,30.845696691578922,-0.031087122393508082
2037-03-16 12:00:00,28.484780167050072,28.619637153323627,29.766085576149255,31.23703657735684,22.535963443955765,21.15121867573851,24.289535516370297,23.63138770277816,20.21934322647611,24.606601972265736,30.000401252251176,24.767476184298744,29.92859043593338,-5.161114251634636,30.469312801242523,30.777844409592685,31.157475196468706,-0.3085316083501617
2037-04-16 00:00:00,26.49824918965847,29.23874986082694,30.192937609775786,31.20913058109566,23.082842155443434,21.845290070992046,24.67842153346407,24.054725232541116,18.82547761879948,24.895343694943193,29.914340058464187,25.120214534358258,29.521384194425913,-4.401169660067655,30.95500290693262,31.10326573990414,31.4852894658587,-0.14826283297151832
2037-05-16 12:00:00,24.063553874268127,28.26961114087521,29.985632343021734,31.21143103192867,23.87257927598566,22.722536421304635,25.023764921170912,24.300418740069905,16.703433348850197,25.264299343784376,29.128498275327445,25.361568049806063,28.63792739101128,-3.276359341205218,31.58726311273735,30.80809771255646,31.469601790073025,0.7791654001808901
2037-06-16 00:00:00,22.440541100054933,26.54851583040843,28.93933434270234,31.03127479899243,24.876109181301615,23.436832842001138,25.61473648137046,24.856691166253817,14.665089698183385,25.933840732793225,28.0839167497369,25.924935517368233,27.468420644758442,-1.543485127390209,30.685446321267797,30.356274206347685,30.458353483494,0.32917211492011234
2037-07-16 12:00:00,21.54242609917827,25.223630217335245,27.764651496456864,30.398601767486277,25.38767342438604,23.64196953731749,26.240082013175098,25.455567411102702,13.595542607259107,26.466090403826065,27.168434912878983,26.51846009847664,26.45101142945599,0.06744866902065283,29.680836268375433,29.369011113679875,29.615808102057127,0.3118251546955584
2037-08-16 12:00:00,21.355564423555435,24.111024764394383,26.45532124451142,29.792942352345914,25.781415973886947,23.88025082235989,27.003852486969222,26.22511936760751,13.29419865084405,26.95507707123949,26.549521681137755,27.07007278291508,25.74188970658964,1.3281830763254412,29.293241137006145,28.011429170576463,29.298135954233363,1.2818119664296823
2037-09-16 00:00:00,21.657661326545817,24.06664917308843,26.230046149994653,29.41907518715485,26.17188496748477,24.135228342843153,27.298592286422963,26.431386349619732,13.793366028609087,27.14952769939746,26.485723467609244,27.229289498585146,25.403054878113856,1.8262346204712898,29.5486224419953,27.04922151659062,29.433065177764696,2.4994009254046787
2037-10-16 12:00:00,22.58242702451021,24.482485217161404,26.297232077613053,29.14270318674596,25.919786514273092,23.996247979633264,26.92853215433561,25.99878111071808,14.792753281506762,26.96903542978258,26.84888253369905,26.93515409633877,25.594945806429386,1.3402082899093841,30.190970374234585,27.460295947216867,29.778177521497128,2.7306744270177177
2037-11-16 00:00:00,23.951527344849698,25.160407010710795,26.630346082596507,29.109365053565522,25.28877604252734,23.529649460434275,26.3464711250383,25.406123557100802,16.617623992615894,26.506215195935965,27.52902054341851,26.395415340943252,26.35836802659456,0.03704731434869046,30.28100906550287,28.46187153731839,30.216888428172528,1.8191375281844806
2037-12-16 12:00:00,24.891458184339108,25.579784240183116,26.46876524448987,28.789798747247758,24.29199866221498,22.724795512836085,25.567861716062197,24.621436613352877,18.055601899110222,25.765956244766034,28.19642066955368,25.657874229477592,27.360275450976445,-1.702401221498853,29.621594064273154,29.810339429008813,29.6979818220441,-0.1887453647356594
2038-01-16 12:00:00,26.053134369290504,26.101442953957427,26.531796803388644,28.58141218379672,23.277119216077445,21.840053614248514,24.702243313659928,23.680926867105562,19.631775921572416,24.966899370191086,28.66455602689173,24.815110371826684,27.929865212220612,-3.1147548403939282,28.99133679741563,30.132816539338016,29.356978041440904,-1.1414797419223852
2038-02-15 00:00:00,27.0975401398148,27.109488953110787,27.19380340622824,28.590751652838044,22.641200654112858,21.195078670473844,24.269199540583408,23.315513772005204,20.946142609444347,24.577447905257422,29.027356246440004,24.493514750466478,28.718791633742832,-4.225276883276354,28.928199675707777,29.832798981990912,29.394201084730387,-0.904599306283135
2038-03-16 12:00:00,27.239295289342927,28.16835822136615,28.194103870193906,29.219165798978175,22.555386518407904,21.142309524686137,24.2601454283771,23.45610400203393,20.712729661210975,24.56987080487133,29.394440735536808,24.623213121739443,29.23771586248268,-4.614502740743237,29.39401731058896,30.400260540109986,29.652439778642602,-1.0062432295210257
2038-04-16 00:00:00,26.160080862792288,29.02770829783991,29.31391745517452,29.847012854861276,22.97837051087434,21.49190255147416,24.509595658898366,23.704661791310937,19.42138373439807,24.806345333516507,29.474134146610258,24.88526973478069,29.237605904078112,-4.352336169297423,30.774019206152612,30.95569825312015,30.779510681010773,-0.18167904696753823
2038-05-16 12:00:00,24.911750613640592,27.869499591688104,29.03712945405073,30.295302645397538,23.950303880289972,22.473441207116206,24.80450652542683,23.864343015079477,17.552557071875313,25.147172196944588,28.806034425732154,25.091787166055358,28.365187820705266,-3.273400654649908,30.742018724282143,31.16566057840291,30.250086335268264,-0.42364185412076694
2038-06-16 00:00:00,23.949033866153922,26.87379859158392,28.488820352447306,30.251735057037106,24.981792259428335,22.961493085226856,25.266225349562543,24.264923934777272,15.787771482265798,25.69807703051941,27.9034747411847,25.562892209891228,27.307729438457187,-1.7448372285659595,29.515097692233425,30.850491616423632,29.05470098600387,-1.3353939241902069
2038-07-16 12:00:00,22.884977246795316,25.831796883723367,27.68126227224149,29.957383360772894,25.179790348770876,23.254517532333377,25.95007856737461,25.034519591371424,14.425845692335452,26.25394289894497,27.09189639438153,26.270859517430427,26.376035335668593,-0.10517581823816613,28.700164092447967,30.144193066406554,28.392498053596086,-1.4440289739585879
2038-08-16 12:00:00,22.381854724662443,25.122810430010393,27.019197418263463,29.664202608708923,25.535395735854873,23.697761205943113,26.78268317170287,26.01855103255877,13.687536629003166,26.781707358693446,26.657048167930146,26.929538853886495,25.830505848293882,1.099033005592613,28.40444450277725,29.862308637403874,28.277736964661084,-1.4578641346266252
2038-09-16 00:00:00,22.64851365533388,24.88631237213083,26.7127416980464,29.31804050228469,25.775567948197715,23.882259458761702,27.359639089480652,26.61360098013293,14.000591947596115,27.139742235293586,26.582135961452433,27.33892642850446,25.581154314874144,1.7577721136303168,28.4973986381324,29.82166355912484,28.47966872553802,-1.3242649209924409
2038-10-16 12:00:00,23.17352668377958,24.927620373873722,26.591182303746898,29.377844823764914,25.532104750329744,23.660389551126066,27.00671429663488,26.10480560250342,14.94752018573384,26.963250625935945,26.97859416696905,27.05040609876523,25.907424725075263,1.1429813736899668,28.928328316617247,29.95933078319339,28.933077221565174,-1.031002466576144
2038-11-16 00:00:00,23.817165501149915,25.2383637270989,26.767752000216962,29.375476962215107,24.961510056617094,23.28981870548835,26.247038134726044,25.365335610837814,16.56639466356598,26.382480082881848,27.62859337002187,26.38889387894051,26.533895442277235,-0.14500156333672365,29.217184873346884,30.138341435327334,29.30084480780279,-0.9211565619804496
2038-12-16 12:00:00,24.792712852153947,25.911351498677803,26.845370489599947,28.98896695965643,24.054169770671894,22.449232427735044,25.311055691913236,24.58728124626889,19.061164797177646,25.580839494061408,28.20280010574213,25.703822320648513,27.158865720277472,-1.4550433996289591,28.968474854449706,30.04954466714852,29.377574014531355,-1.0810698126988143
2039-01-16 12:00:00,26.150652522242435,26.446966382451112,26.950031809813776,28.831939275235683,23.08908498032999,21.46608787174549,24.453171061298146,23.659751392593932,21.188144172388995,24.76821776742698,28.6302873278285,24.88674655625103,28.11156902228401,-3.224822466032979,28.476011318826522,29.527527737575944,28.98633072476725,-1.0515164187494221
2039-02-15 00:00:00,27.956813206603165,27.031137435644435,27.304007938656838,28.73756629321227,22.55504399446642,20.964596375832805,24.032605836631728,23.300944437645438,22.169149576259464,24.387349818187413,28.958671432237647,24.567809379900037,28.87572790919676,-4.307918529296721,28.375760746033798,29.242611101561806,28.886232783185065,-0.8668503555280083
2039-03-16 12:00:00,28.36627111081799,27.111659590223105,27.612156918974968,29.238908939230626,22.420123441735615,20.873447079064235,24.000020725341287,23.33710019785511,21.70903873150864,24.300183168598036,29.279670031741038,24.53401264726975,29.22511333609575,-4.691100688825998,29.71621192106193,29.753729500106672,30.09306514871854,-0.03751757904474218
2039-04-16 00:00:00,26.103030660009388,27.998772581500827,28.377555476369164,29.495647048211982,22.693890206436077,21.181757367137436,24.227590431398916,23.607682296943874,20.240498104782805,24.469377988118463,29.370648933594236,24.768553321409993,28.929525542844697,-4.1609722214347045,31.079773317948455,31.05436369971274,31.055284620761213,0.025409618235713083
2039-05-16 12:00:00,24.148030485236788,28.445274626224546,29.25821993426169,29.989996586013913,23.892098127258784,22.081576942107727,24.560241910237146,23.748383844738225,17.772061612902103,24.885386896148386,28.794553466547907,24.943338639534158,28.352077667384698,-3.4087390278505403,30.555790223943085,31.04443449240766,30.139897542553342,-0.48864426846457576
2039-06-16 00:00:00,22.988254236235495,27.537579301086232,28.97215874844096,30.220098587903337,24.834286602311973,22.792563156085084,25.154088116859924,24.235015614522386,15.635387733907628,25.525490086574564,27.915158799584738,25.452427809285112,27.160957452174365,-1.7085296428892534,29.21969356121511,30.694828689150935,28.94753953451073,-1.4751351279358254
2039-07-16 12:00:00,22.18797156288628,26.099302604405803,28.267523447577922,30.419536723805926,25.097747575171557,23.167169365392684,25.933046019165317,25.115833957306887,13.981578262489366,26.165525511601246,27.16260796348277,26.246870905178508,26.318084446033957,-0.07121354085544951,28.58285188182107,30.36758682460652,28.394296797046227,-1.7847349427854482
2039-08-16 12:00:00,21.949940910732415,25.185801004063475,27.49660261170351,30.118717801986335,25.620257564015088,23.68046102946481,26.87460628036695,26.15030560829337,13.479722858462065,26.797693562903024,26.73196948074168,26.982409312308445,25.669975968253585,1.3124333440548597,28.36165387739198,30.06970964549708,28.29744195511356,-1.7080557681051012
2039-09-16 00:00:00,22.11538738967229,24.67614883542457,26.672326118105147,29.446793470059244,25.932879462917043,23.890819054137783,27.39120941134491,26.635824359772215,13.544364383175525,27.151179230156547,26.688786764990972,27.33534233710377,25.47140869251251,1.8639336445912598,28.7333613385051,29.981804160604486,28.666054445314572,-1.2484428220993848
2039-10-16 12:00:00,23.141583620386772,24.725858659650736,26.40197392203429,29.284396320406163,25.851272654382168,23.8014598451371,27.083912438504807,26.16188175710655,14.559260152979093,27.04986494673324,27.032192297120297,27.046239170390105,25.77802967805194,1.2682094923381655,29.14395407649554,30.012912857610203,29.03017535258204,-0.8689587811146637
2039-11-16 00:00:00,23.886614039845593,25.066806285720794,26.808562865045154,29.513507559728055,25.091798307474605,23.095718870723026,26.443469372317796,25.42557154711771,16.361247278997457,26.51077424671034,27.699949648967632,26.44238023867671,26.570097644066944,-0.12771740539023568,29.419026048011425,30.046424653500015,29.51291208824406,-0.6273986054885903
2039-12-16 12:00:00,24.72657074145985,25.808544628721407,27.144194787277566,29.680209577595093,24.157639671583773,22.455273793262368,25.88816436805001,24.9564086794375,18.01129784780482,25.968783315544094,28.445010263628905,25.99832105616861,27.257574898107382,-1.2592538419387722,29.372219498585377,30.03691094150919,29.804466118011856,-0.6646914429238144
2040-01-16 12:00:00,26.233570520947563,26.389565496176434,27.29107456154537,29.551174982890217,23.113653999752888,21.36527751855364,24.873500441208193,23.828059124641026,20.347406574550167,24.998296193869738,28.798307050787493,25.006059374344378,27.874622778746346,-2.868563404401968,29.044700793478796,29.597121959859486,29.571715530360432,-0.5524211663806895
2040-02-15 00:00:00,27.958512272890914,27.187056739923822,27.694297504136543,29.672985174052517,22.502802553947966,20.791558555255076,24.264492879984058,23.261763122124936,21.7823601013046,24.474864104776245,29.181484220425116,24.5271139619493,28.62139748183964,-4.09428351989034,29.234958045101703,29.311823661437177,29.845502450038612,-0.07686561633547484
2040-03-16 12:00:00,28.851186433103685,27.741551780925107,28.358363461009997,30.27648407094818,22.44837187429803,20.908033583076982,24.294694760522752,23.55454612057772,21.535763198564016,24.552712399168836,29.552101386955947,24.713996092007193,28.832870231511794,-4.118874139504602,30.21823064673722,30.028906609480114,30.80363314128881,0.189324037257105
2040-04-16 00:00:00,28.027769049662155,28.664021721158036,29.257424297356266,30.76384780799594,23.01050636645582,21.610073089871445,24.693462090028806,24.051222345002305,19.99210444542324,24.93217241658201,29.624426361640786,25.110857944240298,28.86169097721061,-3.750833032970313,31.075281425857582,30.884693044892817,31.158396103334862,0.1905883809647655
2040-05-16 12:00:00,25.80309423038206,28.940612806978102,29.78138418065586,31.1658034079687,23.75951408304216,22.06484101333312,24.99580527241271,24.224985776958434,18.116301992287394,25.240027720017608,29.062794361911862,25.34512411414557,27.99527811233282,-2.6501539981872497,31.050714758780835,31.002343113012078,30.480993383156793,0.04837164576875708
2040-06-16 00:00:00,24.62303392063209,28.215812119440915,29.725171179165326,31.221994588806233,24.702659153828158,23.040468385885095,25.517187822172133,24.743176508026973,16.311114938009847,25.88176069810877,28.200295477057367,25.93221925456529,27.07894582798615,-1.1467265734208603,29.904306866967396,30.291593067502298,29.41358395400417,-0.38728620053490204
2040-07-16 12:00:00,23.775453351775298,27.073360175788885,29.106654463347574,31.12617944189976,24.967438470326186,23.20679550304381,26.239118958664665,25.50981109216947,15.059731422705692,26.429416864778293,27.34246688472448,26.618956699207775,26.318386116197015,0.3005705830107601,29.117502058778125,29.412607443451748,28.770133939970123,-0.29510538467362224
2040-08-16 12:00:00,23.46606193329901,26.49589897234364,28.584043587641318,30.897693608574762,25.419214274168883,23.64794422487324,27.189281845779714,26.563205701638644,14.372216201973412,27.07800357370098,26.851099333062837,27.39447076843121,25.735115502157846,1.6593552662733622,28.905476273656333,28.42701337570701,28.756506935529615,0.4784628979493242
2040-09-16 00:00:00,23.686965603263058,26.505050716120756,28.403447341579536,30.725799919839037,25.744506208917755,23.92187485498107,27.514353361303435,26.82897596849391,14.081457045301107,27.336094309370406,26.847057719365004,27.609485960751595,25.635313840454977,1.9741721202966183,29.095109583991075,27.505340765732488,29.01748481194675,1.5897688182585874
2040-10-16 12:00:00,24.43462137835896,26.691939414432692,28.43612233678185,30.74161087505783,25.8239819651726,23.97153344709171,27.173507818822646,26.375475117357038,14.80576092034721,27.184410458686926,27.27589942468767,27.27709703647814,25.963846643313552,1.3132503931645871,29.859556584322622,27.34740402413315,29.694408139793453,2.5121525601894703
2040-11-16 00:00:00,25.45904827936802,27.437870601976915,29.048297039156466,31.12424067813266,25.263861860144658,23.733232819498983,26.707090590818282,25.858894841178948,16.430791095298297,26.806586251787863,28.004627954600075,26.80284946200459,26.72444003880051,0.07840942320408217,30.239428819552945,28.256613125276083,30.183886736015044,1.9828156942768622
2040-12-16 12:00:00,26.350398535443713,27.911025361644548,29.31547078089936,31.306812001325554,24.27908499525809,22.823301553720643,25.962103943787664,25.058318359489704,18.085838465562286,26.061318443409622,28.766879419449744,26.027541796522726,27.48264504057739,-1.455103244054662,30.15396407250746,29.320248396143338,30.731719164578713,0.8337156763641218
2041-01-16 12:00:00,27.437443344142807,28.309336624835776,29.434472479157886,31.352077299570688,23.423468833113382,21.92121673814471,25.064242986102016,24.086576123678192,19.42742569024853,25.25276637298431,29.315955275427353,25.16645230959095,28.024941387169488,-2.858489077578536,29.721106034447686,30.084569115506497,30.50433968864067,-0.36346308105881064
2041-02-15 00:00:00,27.889095646054155,28.935142366494187,29.758300901696366,31.158237392416662,22.983279022170514,21.534375570663045,24.75260321253906,23.839377313973507,20.199864233278106,25.00908104296196,29.582523187273633,24.998555201805956,28.643619871749657,-3.6450646699437,29.64048203100238,30.588003172616606,30.496271135798185,-0.9475211416142244
2041-03-16 12:00:00,28.181300242314595,29.758538811416347,30.505371046055952,31.374096844780624,22.985374064314197,21.649609131377677,24.684598801809287,23.793345173997608,19.97275291792055,24.976522737066837,29.915743346264286,24.95563414437735,29.035764991837812,-4.080130847460463,30.295210400878563,30.91038405782371,31.013521862055907,-0.6151736569451458
2041-04-16 00:00:00,27.992745970788114,30.330154107257542,31.027042221974334,31.791627451086946,23.22954957173644,21.80484214208465,24.730374969928484,23.746749113172562,19.02415908913392,25.0221674917783,29.93618410975837,24.987634946654566,29.070987229415838,-4.083352282761272,30.850728500072357,31.108651705224663,31.314445036903894,-0.2579232051523057
2041-05-16 12:00:00,27.811924235252192,30.520372725524332,31.199294272579575,31.94130747302505,23.71966471216225,22.001824543232626,25.010694612291793,23.85201303445667,17.560420615788278,25.273144380916964,29.49463554397935,25.169077751226805,28.50037589817084,-3.331298146944036,31.275446649122177,30.92259352672283,31.44785890168392,0.3528531223993454
2041-06-16 00:00:00,26.847089402996204,30.25239424022752,31.287935566532806,31.478331077978662,24.911872987312087,23.1686508373681,25.48083135861368,24.276006454713798,15.472219175097614,25.89307855920934,28.627913853827955,25.621185421517694,27.5239351155311,-1.902749694013405,30.80285815343517,30.096552596545937,30.556128691631,0.7063055568892338
2041-07-16 12:00:00,25.801061456526043,30.100264281325984,31.299821471407917,31.313083621646715,25.46194912948298,23.51497739014367,26.192889855928204,25.10328025460407,14.163192938717243,26.4295183365134,27.84439818621269,26.263698577682547,26.504655324421734,-0.24095674673918666,29.71050509138216,28.86625667690348,29.49570996475437,0.844248414478681
2041-08-16 12:00:00,25.67658179390465,29.749123869074428,31.158907535035425,31.12827416868536,25.823420286619513,23.978479721844366,26.839279075940603,25.855228272606173,13.473755091166002,26.846711195280378,27.37562681983647,26.768679910683513,25.9324863707483,0.8361935399352127,29.314123252917376,27.661952951015635,29.213004829094135,1.6521703019017409
2041-09-16 00:00:00,25.959628340507777,29.523330734220778,31.03388941998789,31.228193927911786,26.14536387488244,24.20764720785499,27.193925400366112,26.225253727032122,13.71546891668546,27.133892016570094,27.371685951881616,27.11544877585099,25.839307708194458,1.276141067656532,29.498404525326727,27.116175287910437,29.328395499499923,2.38222923741629
2041-10-16 12:00:00,26.466997042181717,29.67186655807104,31.004900226204544,31.094947562240762,26.140781654515486,24.232839623854616,27.068343122795447,26.112221922761123,14.590756291838265,27.183654974840692,27.73365128055888,27.109742511103605,26.22697247451735,0.8827700365862547,30.032014916986427,27.40449205606876,29.720032576161177,2.627522860917665
2041-11-16 00:00:00,27.237834808447296,30.14824464449386,31.264556525299128,31.308274890545167,25.77202897516367,23.96210896979607,26.65562313143132,25.666590033425194,16.282609380861317,26.868695754504067,28.444204908238618,26.673045356779557,27.0608612153419,-0.3878158585623446,30.460699567288568,28.18323315617462,30.35108149064493,2.2774664111139487
2041-12-16 12:00:00,28.212738751921243,30.53865086797057,31.313764424929865,31.39856921357661,24.898690701195125,23.26914086586889,25.917641949824347,24.97705788097773,17.794736579106534,26.167833130225763,29.244014607048957,26.017303408720636,28.3724278704037,-2.355124461683065,30.430594765324734,29.452297592020475,30.693372338378527,0.9782971733042594
2042-01-16 12:00:00,29.2223635737722,30.641421058854068,31.278924850229384,31.20602117433038,23.683893860483952,21.981751090577372,24.93434761683722,23.89318489493006,19.278093628648868,25.215203120744114,29.932365343846087,25.101607126507762,29.580585556509103,-4.478978430001341,30.04433634637534,30.555202403808096,30.87179580459163,-0.5108660574327573
2042-02-15 00:00:00,29.664919506979967,30.5573936404488,31.165938141269315,31.00306879310064,23.188777060780687,21.5747311473419,24.592730199346107,23.503574566245522,20.44884933996245,24.89996278263848,30.356619315998838,24.71664656732479,30.057097890185016,-5.3404513228602255,30.128588749963413,31.357145905838053,30.979734489503386,-1.2285571558746398
2042-03-16 12:00:00,30.176564030133015,30.825823522907598,31.26288296613968,30.98167229910997,23.112909769066473,21.748963723020957,24.879988305362545,23.733051697026685,20.32011128966393,25.091070613474134,30.62693815089229,24.867241771895745,30.572863976505126,-5.70562220460938,30.687600442283614,31.75186637189107,31.437280004429816,-1.0642659296074548
2042-04-16 00:00:00,29.176442546953375,30.843188681672974,31.18795004241612,31.136949241244313,23.310642598210016,21.954006297802927,25.067646775611017,23.971399340570485,18.854829488641215,25.238565823789155,30.511227200641283,25.09533730914874,30.334095172344558,-5.2387578631958185,31.570577294688363,31.67432709942237,31.931198464386917,-0.10374980473400797
2042-05-16 12:00:00,26.213838317723653,29.43857099566983,30.861089406412045,31.542079993007057,24.16161099723854,22.654312779652166,25.398066667236066,24.20074528514227,16.784868779340144,25.624559632434156,29.756444004479604,25.384371838593918,29.406000815383518,-4.0216289767896,32.00525688531178,31.35144857453966,31.95792230448048,0.6538083107721206
2042-06-16 00:00:00,24.199709974229204,27.147558783809156,29.174114729620516,31.224473928146246,24.92532531159736,23.197002467511513,25.8151647853444,24.628512568511805,14.701397776705752,26.11494315232605,28.62317648177478,25.904252377489122,28.192822130017724,-2.288569752528602,31.102049954503777,30.55752597888912,30.81645330696617,0.5445239756146556
2042-07-16 12:00:00,22.872249744076697,25.678547271973855,27.66000105432867,30.317212169667165,25.25091540820498,23.603977625218796,26.29730515942512,25.259594634628183,13.501475604844163,26.543444471458365,27.584064275268364,26.4572265339936,27.07732802053757,-0.6201014865439696,29.997183120124586,29.508577564455518,29.8185672605631,0.4886055556690678
2042-08-16 12:00:00,22.068998075402064,24.600085462837832,26.191957357571404,29.15406105464184,25.588561656403083,23.98692048893101,27.026873091187515,26.157682885223714,12.888866413087843,27.02712338807577,26.907966386462032,27.109730480897188,26.29631573807044,0.8134147428267475,29.32362452111371,28.267761243176565,29.28171031291184,1.0558632779371457
2042-09-16 00:00:00,22.310242132133997,24.243201137158053,25.58765651730822,28.333043466068617,25.80893439688838,24.06019688829687,27.469778921010548,26.671213027215693,13.118568586932376,27.29788066281746,26.776241016809184,27.469300731579416,25.8686680369122,1.6006326946672154,29.30833090365828,28.499976780496386,29.349834058266605,0.8083541231618945
2042-10-16 12:00:00,23.046347876122592,23.99521513625587,25.268795586831928,27.98955929143381,25.701499992650994,23.916382936134994,27.225772424238038,26.362240526316235,14.425657405493924,27.206075816407957,27.034811313113984,27.337358060987995,26.134472248789525,1.2028858121984705,29.68239413611391,29.346390604298517,29.58577318829432,0.33600353181539333
2042-11-16 00:00:00,23.85602561390924,24.259952092497134,25.174797239313953,27.614231758948662,25.26840179264181,23.543416231123445,26.658879121405366,25.93579545284505,16.23220337039398,26.833890010654965,27.581258361165496,26.977965280944673,26.933212882339053,0.044752398605620414,29.642856336194296,30.097235011222338,29.682659515162758,-0.4543786750280425
2042-12-16 12:00:00,25.138725968044533,25.065088443774254,25.328446643492338,27.267281188319078,24.280368692193818,22.755085193752244,25.667897933210988,24.931312248332024,18.330176785640173,25.912488256724266,28.204659613402157,26.042154409875554,27.537130242831434,-1.4949758329558804,29.178473937079374,30.439528846470598,29.366208488535015,-1.2610549093912233
2043-01-16 12:00:00,26.021798707048575,25.526786304324773,25.31954488885351,26.825246402753088,23.32506742170003,21.95815480250257,24.767307309077825,24.04976884826577,20.0718187155841,25.115876574505602,28.45865602248633,25.25161885194904,28.496502264310646,-3.244883412361606,28.77518269316177,29.8884206712487,29.2552629336112,-1.1132379780869286
2043-02-15 00:00:00,28.313701883634923,25.541915961248332,25.798276942641152,27.29097828770969,22.69714488262106,21.43473117566055,24.391812235287983,23.664930474108967,20.567579934404986,24.74292613237776,28.927081910229507,24.872341929756058,29.356303531097335,-4.483961601341278,29.033916604076843,29.98401837707369,29.609976391898968,-0.9501017729968453
2043-03-16 12:00:00,28.281917240805683,26.25049057194504,26.41633353080905,27.699389268713666,22.712802671990048,21.500614750172556,24.636136331671885,24.139616478751407,20.348656089965164,24.93154495674492,29.2181759346887,25.212210147762864,29.767426081680792,-4.555215933917928,29.629118794151143,30.49942662257004,29.98545055238467,-0.8703078284188983
2043-04-16 00:00:00,27.725344430343366,27.459296243658905,27.321651675180537,27.96669999363232,23.022031967219295,21.94189644000393,24.852676170593977,24.36627754098092,19.547469335879786,25.082797376720634,29.30380185408139,25.383003983955177,29.542808160842146,-4.1598041768869685,30.47315569420288,30.894262544387857,30.415880040817466,-0.4211068501849766
2043-05-16 12:00:00,24.533363505287436,27.610458135975396,27.95605987207209,28.371622218441818,23.82820335366706,22.5604168900404,25.08783767037732,24.440990165026587,17.530361781923318,25.340333676684704,28.77811214154745,25.546380439064755,28.463496051915914,-2.917115612851159,30.75775153666992,31.104468386343918,30.321876189633137,-0.34671684967399585
2043-06-16 00:00:00,22.715881158223137,25.67922451066473,27.134648976972706,28.462717605875184,24.415971472879125,22.808618036249182,25.571525664966675,24.835422967125524,15.550460434581632,25.870089931284312,27.77595393009968,26.0645594776534,27.340346860992778,-1.2757873833393774,29.622663544357714,30.89463107458225,29.233742096239332,-1.2719675302245363
2043-07-16 12:00:00,22.080367766825763,24.81631923586657,26.344255422241417,28.034115570754143,24.68717920907319,23.077068441530244,26.35733531117578,25.698120812972032,14.333666831499391,26.508548232014718,26.992614501603168,26.85383774412002,26.320816825262668,0.5330209188573534,28.879451503811552,30.24930555578665,28.635678150066582,-1.3698540519750964
2043-08-16 12:00:00,22.010251278537613,24.45544402561743,26.072500402632198,27.84140261718746,25.091932233795966,23.487374649613308,27.335685317158294,26.731415513917725,13.664081513685627,27.080580610602215,26.51660557151371,27.42433512285493,25.485707355378697,1.938627767476234,28.584681031493776,29.944620398785712,28.38553640075347,-1.3599393672919362
2043-09-16 00:00:00,22.394346338180892,24.475900808021372,25.87379680475609,27.913007745114037,25.56456210129079,23.86779518505757,27.738734106716823,27.161929913254927,13.820504716939892,27.38827119926402,26.491795730084686,27.77578227307197,25.273362097086423,2.5024201759855487,28.74868123432899,29.746519659214364,28.466329715480487,-0.9978384248853729
2043-10-16 12:00:00,23.127722214775694,24.50940865725326,25.758793025302104,28.11117895943806,25.450772457743902,23.845443934229806,27.352081179570845,26.712877620881166,14.177109377184065,27.236230782372907,26.905483337238802,27.5869891102059,25.642476153826333,1.9445129563795653,29.216863423200486,29.972486391838647,29.100003659048976,-0.7556229686381606
2043-11-16 00:00:00,23.890319296233056,24.995653308991905,26.092016379918665,28.176940630027755,24.846245645614378,23.288932087061532,26.60934389268253,26.022338928268656,15.727960355974602,26.678704134207525,27.535371531646266,27.008775966342707,26.556126327560715,0.4526496387819918,29.463288877226542,30.261342407247763,29.41611919738591,-0.798053530021221
2043-12-16 12:00:00,25.09363685212092,25.575984648663546,26.350099496402006,28.186177665866804,23.89286158632468,22.464588120636698,25.61388873717926,25.07493462418123,17.611029240654553,25.81409608200434,28.17368640128505,26.172912464253383,27.382620196422167,-1.2097077321687841,29.178719674131717,30.55474071301599,29.28838208841273,-1.3760210388842715
2044-01-16 12:00:00,26.52524557857102,26.68223620665978,26.854821928391445,28.129128483054497,22.949149085893836,21.620059243487326,24.67445548512841,24.085881464773653,20.15570678262632,24.98892236410253,28.586022703428277,25.320174549933085,28.131554029850868,-2.8113794799177825,28.273472463639333,29.840612161250977,28.496679703565317,-1.567139697611644
2044-02-15 00:00:00,27.530780876778255,27.329449330706794,27.482793060356776,28.601953818358112,22.50497010634805,21.246824299521975,24.27338528511528,23.78924527039522,21.444503469344937,24.647086963783938,28.971607418494457,25.020838123434103,28.82960758101185,-3.808769457577746,28.589253906035914,29.589011740950745,28.977093022657506,-0.9997578349148313
2044-03-16 12:00:00,28.203872623651357,27.63831907953725,27.986826012728923,29.15747513987428,22.55810695920606,21.403768542922357,24.37071514253466,23.874092319132494,21.107950079721462,24.717729110793936,29.361061503381347,25.05427926757578,29.31381835145439,-4.259539083878611,29.660808332381205,30.097303976117004,29.888056916755552,-0.43649564373579963
2044-04-16 00:00:00,27.700624281992294,28.42602142086133,28.72331490675103,29.661852718744324,22.903395579867812,21.806109043102836,24.52763509318545,23.93596122581488,19.691148027584763,24.79458196973123,29.604206953297798,25.113282012685715,29.554584098544577,-4.441302085858862,31.033154435578393,30.979432652320103,30.967692234572517,0.05372178325828969
2044-05-16 12:00:00,25.25020053155092,28.658757558442346,29.2941323029454,30.11294087632994,23.848525412096507,22.569998254446954,24.888769182499555,24.284511786855163,17.425703754194945,25.195900343723753,29.041847781180604,25.400047463612545,28.60677304850749,-3.2067255848949436,30.753809278894746,31.183125000791232,30.023685333275964,-0.4293157218964865
2044-06-16 00:00:00,23.975194525912265,27.865896298683367,28.950313150511462,30.197883858776656,24.42575684583319,22.804858606685,25.482440013515053,24.792863263901168,15.362237699808242,25.773509513606967,28.129326401173838,25.948959634101712,27.38531147969789,-1.4363518455961781,29.591869786415202,30.748536784244326,29.083066895226008,-1.1566669978291237
2044-07-16 12:00:00,23.25069140738279,26.757086820453885,28.438919711346635,30.232649656412683,24.940850187477434,23.346321035096587,26.304010336576866,25.66162793097734,13.859924069373665,26.462669048187887,27.3656798482041,26.737440900337116,26.42671667751655,0.3107242228205678,29.07188887902807,29.98845446427376,28.67683320870778,-0.9165655852456922
2044-08-16 12:00:00,22.772578870982123,25.695018673381863,27.689498766981405,29.884971806189597,25.520405831504192,23.95950898681405,27.2891643990604,26.65088366790252,13.07103846467577,27.14474076992872,26.863223092759082,27.43368551336733,25.728434961262302,1.7052505521050279,28.9816882354224,29.118332119218692,28.752548016430936,-0.13664388379629244
2044-09-16 00:00:00,23.040989175577035,25.10376644080728,26.90251731135163,29.28116683952146,25.803347972725987,24.157112902333846,27.651085802703353,26.943624547074304,13.374964087057895,27.404777634651037,26.77293502448907,27.67399425558855,25.501543613164277,2.1724506424242733,29.334042584798695,28.363970396125776,29.21163616591196,0.9700721886729191
2044-10-16 12:00:00,23.707381905763402,24.975416153415246,26.61869665436655,29.316455186988712,25.993245562407903,24.41569095581936,27.379055317678386,26.611702440063926,14.55711210288323,27.374475023123267,27.139996660098152,27.52969946308021,25.749116051917593,1.7805834111626169,29.876294511049984,28.892739190724587,29.765491356272594,0.9835553203253973
2044-11-16 00:00:00,24.420101463125118,25.36281673363159,26.923350629665343,29.2822577801121,25.426172421418027,24.039806515283285,26.764370493276754,25.948982672101245,16.34420886809987,26.906881642517536,27.662432480489954,26.934607761950407,26.70226085144533,0.2323469105050755,29.986534555643544,29.656399512911854,29.961134379941477,0.3301350427316905
2044-12-16 12:00:00,25.31513714103381,25.90786904091559,26.6910649643617,28.695702030485887,24.53397867291401,23.354816060969927,26.0190055010968,25.251506014137743,17.948837425851067,26.21869914708343,28.34036988036346,26.21508046239406,27.685136912864852,-1.4700564504707927,29.354050706110897,30.267941848867906,29.471224252651844,-0.9138911427570093
2045-01-16 12:00:00,26.862797691695086,26.371223999323004,26.547300885686546,28.437481839616165,23.73180322692424,22.45675511027558,25.161256597114175,24.329475811684535,20.4345409717874,25.419062709181024,28.751144848355874,25.375793796883325,28.44634253865733,-3.0705487417740045,28.87447679135189,30.28709989539262,29.273224205549077,-1.4126231040407298
2045-02-15 00:00:00,28.23546129559656,27.123238697297477,27.314781588132956,28.579938172644166,23.097390036300585,21.76887356192438,24.65544415364267,23.81954576891469,21.09081895931814,24.928867016395625,29.139601624329103,24.933238637764926,29.141141688705307,-4.207903050940381,29.011794646441256,30.023248397074358,29.44676314006728,-1.0114537506331018
2045-03-16 12:00:00,27.90559116848092,26.943473107863195,27.501757173115646,28.77654215433043,22.996901400578167,21.791187706809627,24.771888051766293,24.104087531973974,21.030539966009673,24.970744462508602,29.453002814911564,25.12470391989601,29.48309837800519,-4.358394458109181,29.871149535882303,30.766951583042662,30.233221806791732,-0.8958020471603589
2045-04-16 00:00:00,25.803712956432037,28.1894366892918,28.306513066012844,29.241670767163313,23.17149306877829,21.9523984939951,24.894042207435223,24.144442288324438,19.594685656665877,25.019249116208627,29.522442024543068,25.211414576922945,29.070402928276163,-3.8589883513532186,31.02523905204447,31.268649578889903,31.197747311396405,-0.24341052684543385
2045-05-16 12:00:00,24.42275034433486,27.660020094768186,28.60757443495129,29.667010585290825,23.80036301814651,22.42265634234153,25.191768718531026,24.264309084282644,17.711642636231772,25.302274623984605,29.050780252613983,25.343450208969426,28.417510197626335,-3.0740599886569093,31.503089247547592,31.639229089517436,31.192722146085288,-0.1361398419698432
2045-06-16 00:00:00,22.926149367218947,26.9146238928797,28.252298102022284,29.603858917580826,24.68115504991011,23.048991765382066,25.71320921227355,24.741109055820946,15.617734046717736,25.935265710134697,28.088097784425788,25.879211723917376,27.125883422071475,-1.246671698154099,30.09254347646683,31.311244586026906,29.872683824633082,-1.218701109560076
2045-07-16 12:00:00,21.99155459553183,25.756117177923702,27.61858602639211,29.445627110992298,25.08790035185275,23.415661314406435,26.302812088568114,25.40574884866648,14.127824450113685,26.509438204437348,27.20371975011526,26.559098914452505,26.086002574894426,0.4730963395580794,29.182021105208037,30.731037119940588,28.827887839994045,-1.5490160147325511
2045-08-16 12:00:00,21.819718336074583,24.760590724704155,26.90187354450157,29.235929789844956,25.51721412663554,23.84391608469443,27.214373475901013,26.47671050052217,13.85989279048216,27.07216696606751,26.736105994498327,27.269371835751343,25.274883083171982,1.994488752579361,28.85158527872029,30.31232101865352,28.752124614224687,-1.4607357399332308
2045-09-16 00:00:00,22.325470224140506,24.52732304447775,26.40605391472799,28.984688510590967,25.726868551471465,24.015472181582677,27.649238533447697,26.970007447195815,14.336594817486754,27.38515081909175,26.684682207080613,27.677000212836553,25.219445138390757,2.4575550744457964,28.920953387447273,30.090698760536164,28.82522539590849,-1.1697453730888903
2045-10-16 12:00:00,23.220670013518472,24.478247618829226,26.081131078141283,28.823369976396375,25.60474640068351,23.867753932078543,27.281345459714785,26.540903082006537,15.59970628515681,27.257267144237627,27.052518455291537,27.496917557248143,25.791006155873873,1.7059114013742693,29.235762112606206,30.38032593630841,29.202087330760897,-1.144563823702203
2045-11-16 00:00:00,23.644117475915706,24.64174218937914,25.77662670566057,28.543896433993936,25.003993866072804,23.485201092769486,26.55173161663017,25.75060042934015,17.224603114395002,26.688560209545496,27.556306619333597,26.781124753036067,26.703185663584552,0.07793908945151529,29.341211499896744,30.362677003857453,29.42852541842616,-1.0214655039607088
2045-12-16 12:00:00,24.729202895240554,25.315828997177228,26.088920158687234,28.31063673967453,24.20020148336523,22.700129340784397,25.674464259543903,24.923643808636328,19.294515055567242,25.919158672506885,28.148360854278057,26.002032653149012,27.503135465257557,-1.5011028121085452,29.23599268918857,30.25819986495366,29.552291414203065,-1.0222071757650895
2046-01-16 12:00:00,26.575509529064917,26.396495811741914,26.538293389515644,28.483480764637353,23.339053955624703,21.863909983660076,24.89772212151685,24.18495284059532,20.15419687104443,25.23124521892667,28.6773856235848,25.396650517816663,28.307021619137135,-2.9103711013204716,28.71926413331392,29.733569218973596,29.30460793447418,-1.0143050856596751
2046-02-15 00:00:00,28.12623253223082,27.37141170983513,27.37869351258404,28.841937513344355,22.914123101223304,21.471525293749735,24.562893409853643,23.750396382242766,20.877323306225087,24.926228460163674,29.197580769027432,25.00402744795519,29.16534327756202,-4.161315829606831,28.794470828444535,29.45262300600856,29.340673328726467,-0.6581521775640269
2046-03-16 12:00:00,28.724859218055766,28.066667312945828,28.343045057368972,29.67103147412951,22.95198934417758,21.51776064401059,24.484950512234327,23.666266725218094,20.913528640579717,24.84636066444378,29.556947666765485,24.8833203434471,29.74644045565395,-4.86312011220685,29.74995636987158,29.875754502899433,30.280936812025736,-0.12579813302785325
2046-04-16 00:00:00,28.08677914256934,29.064578899453156,29.528296312470808,30.514387895048706,23.313727901450434,21.721778110122674,24.658998997044897,23.766548073903074,19.54386347164321,24.950595509535606,29.70533758703001,24.940635913737818,29.503008207725884,-4.562372293988066,31.07672916483301,31.035138283005303,31.240600298615036,0.04159088182770887
2046-05-16 12:00:00,26.59704317351354,29.06808932485581,29.775361857779153,30.768960336731684,24.08223065820669,22.50420356508497,25.09460955789185,24.1009165404257,17.385262383580212,25.370505965480547,29.19389841234598,25.22606168467317,28.281646985731502,-3.0555853010583327,31.077834494998896,31.193033640102005,30.564850800981464,-0.11519914510310869
2046-06-16 00:00:00,25.65680136579796,28.26279433609118,29.389206073512682,30.837704515255712,24.52344023193838,22.69019662869197,25.42576931107031,24.35060845759711,15.747035214857195,25.708242938600094,28.377341809089454,25.543087794071514,27.301473240297074,-1.7583854462255601,29.869808883312754,30.790750740845674,29.4896081251237,-0.9209418575329202
2046-07-16 12:00:00,24.707579986102957,27.51625677701921,28.956425180286406,30.969929213241688,24.884720792918085,23.02904942443363,26.058351061039897,25.084979749545184,14.520951024143566,26.271446708317136,27.59253549542253,26.28220043890803,26.482693100970646,-0.20049266206261507,29.155393886245317,30.358357671377203,28.80639086775777,-1.2029637851318853
2046-08-16 12:00:00,24.431490079036145,27.027345890767347,28.68178165322009,30.935960309953444,25.40884060430901,23.58424057202085,26.876105995818236,26.042867441306537,13.337227317592024,26.864808031973972,27.18759730121919,26.996135013369376,25.848055193782564,1.1480798195868118,28.795700569719614,29.742706062416612,28.572143983273275,-0.9470054926969986
2046-09-16 00:00:00,24.505326014160882,26.940273364739895,28.633244277727997,30.791262068984455,26.033196873855147,24.19475040070898,27.33703106545536,26.490198456574003,13.521588267625342,27.242856957540404,27.195559748645007,27.352298052991195,25.78736268500831,1.5649353679828835,29.01582705801509,29.104843360094517,28.862911308952434,-0.08901630207942546
2046-10-16 12:00:00,24.7933830073262,27.050904176717932,28.742471810356363,30.954266936370196,25.939650385204757,24.088761741425873,27.02422328067419,26.085186696056585,14.611183539360274,27.11348561525615,27.599360210146987,27.090025570786445,26.130687913717885,0.9593376570685592,29.557719781025035,29.71170902287477,29.418241405213724,-0.15398924184973595
2046-11-16 00:00:00,25.41651380337962,27.566324306948857,29.13764143916637,31.30072318801332,25.289185627424665,23.536869990224826,26.531117886082367,25.556726231055762,16.6094929911207,26.663876706503956,28.2917708240986,26.568159710895788,26.90902542191771,-0.3408657110219231,29.74595888486465,30.403336325470903,29.729195525273365,-0.657377440606254
2046-12-16 12:00:00,26.43589930142725,28.012942974241202,29.26334373155207,31.111624582689128,24.566126373405613,22.906214207313713,25.52251061141128,24.6211698112007,18.444131784491947,25.796774028614422,28.900140720605336,25.679519189403603,27.649265577000843,-1.9697463875972403,29.663519791661134,30.445386191431254,30.097749216312245,-0.7818663997701201
2047-01-16 12:00:00,27.410543077017216,28.270535153415036,29.39746392507067,31.15706339506405,23.7283907543313,22.130650104370783,24.776517992614586,23.886400733193472,20.643698120872944,25.104235630938508,29.492299387770537,24.992345683443954,28.386767985790904,-3.3944223023469497,29.352819698991624,30.346538157155937,30.044741784701053,-0.993718458164313
2047-02-15 00:00:00,28.461854585377125,28.656138741536495,29.448114599350117,31.0959650683035,23.232458382470096,21.73580098597775,24.63294452397006,23.88280963394434,21.00756632457401,24.97187541040091,29.751661039030576,24.992644212409143,29.076509703417774,-4.0838654910086305,29.382275140890474,29.979000056808143,30.16982017708918,-0.5967249159176689
2047-03-16 12:00:00,29.180736128616616,29.302041239836818,30.141394482511288,31.413288352821464,23.08491754683673,21.649311247029523,24.606652774790525,23.881684675643438,20.651872680649483,24.926369834492274,30.098957703300403,25.028865186995013,29.35165143931903,-4.322786252324018,30.112028097640568,30.616651145354137,30.760345649283973,-0.5046230477135687
2047-04-16 00:00:00,28.253092736329457,29.9577598936382,30.70098461683278,31.745822132740706,23.115612930933004,21.640300024332166,24.761180628782306,23.98223586812591,19.358045536618462,24.98534389251955,30.11480951803301,25.122830758222683,29.29229859522139,-4.169467836998706,31.12664758299434,30.918217298736632,31.397976956462937,0.20843028425770882
2047-05-16 12:00:00,26.440719071989466,30.347238955400357,31.205124440956716,31.746189551609724,24.251474418320694,22.669497684724195,25.222467617639513,24.481373535501113,17.053577093017118,25.54836579504642,29.456401868041095,25.59472155742533,28.753005726332972,-3.1582841689076417,31.4732474420121,30.40027894260547,31.016247320752832,1.0729684994066275
2047-06-16 00:00:00,25.642976790242496,30.25567594975096,31.47967826104457,31.731797497435693,25.22529395049136,23.42485452414496,25.828264340393513,25.05315961319925,15.276899958545398,26.187429400569943,28.57744351496273,26.21784599797326,27.894072001255978,-1.6762260032827179,30.55343384002839,28.8992411155723,29.85889956314994,1.6541927244560917
2047-07-16 12:00:00,25.303780945470915,30.0088445715456,31.358398669148723,31.299449021378656,25.610500620538804,23.80724410735207,26.571155712823018,25.80808378907022,14.201167824286896,26.78323203421757,27.716472412465244,26.888935630850806,27.00900288859882,-0.12006725774801197,29.54328708693103,27.136587142244633,29.118721789916993,2.406699944686398
2047-08-16 12:00:00,25.322564943687215,29.633278725949985,31.196989692607733,31.183742214861688,26.088804400124538,24.370082932512894,27.432545793656814,26.699338349482233,13.464701037677779,27.361367756784418,27.229348171193582,27.489631286545,26.358838440593903,1.1307928459510954,29.169812492192595,26.281269725069063,28.921512915386973,2.888542767123532
2047-09-16 00:00:00,25.16066257299652,29.23427599589771,30.940543771222544,31.08656349362731,26.713262921578487,25.003155164396073,27.892769533481523,27.148105381669822,13.577608220142345,27.789662427213827,27.18205482077224,27.95081648255329,26.141825480498618,1.8089910020546718,29.186199769354047,26.088129504402826,28.854100001166856,3.0980702649512217
2047-10-16 12:00:00,25.896243230554024,29.58680365806076,31.110101150459965,31.078218945869956,26.86752041166121,25.269289327201403,27.889551308998364,27.1136099772849,14.622812790558916,27.960563819766353,27.58223066573309,28.023918994682823,26.483357578701344,1.5405614159814789,29.683078915506254,26.53694897452759,29.080856294933465,3.146129940978664
2047-11-16 00:00:00,27.282947663252685,30.34290600305906,31.508335838126527,31.323316269000195,26.323296238233127,24.866281162728356,27.509988645699618,26.751451144424983,16.746334569635284,27.633170981157825,28.310206779012486,27.681484843257735,27.350109497927235,0.3313753453304997,29.845251075248438,27.48701734818602,29.30533741031743,2.3582337270624194
2047-12-16 12:00:00,28.270972668124838,30.900086930172005,31.720910590037416,31.561238001516514,25.337842870194166,23.99074066779775,26.459836382341354,25.79005536610145,18.145310216184043,26.72834240623942,29.249907165391754,26.72843524725709,28.742066858304607,-2.0136316110475185,30.31155000246121,28.73293290110924,30.305181180944988,1.5786171013519699
2048-01-16 12:00:00,29.320171292693882,31.12752316807322,31.54212688213161,31.28017954389802,24.236981804414203,23.072181726399908,25.616066626590246,24.97191164486993,19.408564138050355,25.953865043836217,30.032335463718905,26.016166311322557,29.69601631837507,-3.6798500070525115,30.64645073199542,30.184877610374723,31.233271303774547,0.4615731216206953
2048-02-15 00:00:00,30.0668902860208,31.266291852164752,31.501133711873127,31.12294097927894,23.779880630908078,22.588296267209323,25.30049194183636,24.623806771643782,20.104002659927428,25.666082411237266,30.45838863270371,25.730252327947444,30.65958713823506,-4.929334810287617,30.709144045940974,31.193510156231678,31.616638888988092,-0.4843661102907042
2048-03-16 12:00:00,30.66149533774388,31.60710645005501,31.272518968532697,30.578418948409887,23.609894270291505,22.57472431459167,25.635316134758117,24.920813513570437,20.05998155920414,25.868513995893007,30.76323858132873,26.0248819183803,30.853807000037914,-4.828925081657616,31.054049178132082,31.687989738379194,31.914770374380264,-0.6339405602471118
2048-04-16 00:00:00,31.009961842696192,31.716400013025634,31.141476708511355,30.154104896703913,23.998439794976555,22.90398049958578,25.966035940181555,25.103727506082155,18.912649154714273,26.164481908267103,30.66839423697256,26.287613154774686,30.632778609090245,-4.345165454315559,31.608756824812165,31.689785358861066,32.09495476479019,-0.08102853404890098
2048-05-16 12:00:00,29.781223249179508,31.445557815075087,31.203769581483677,30.667887392708064,24.422043785419174,23.187874714177223,26.260081988428272,25.27675748307215,17.64547303163532,26.3688323586883,30.040399034693408,26.404411126393306,29.64481685185009,-3.2404057254567853,31.961953579150787,31.06938559589157,31.819598701448253,0.8925679832592159
2048-06-16 00:00:00,27.71947690273565,29.110881977353813,29.443239345745788,30.75737148301273,25.589609248275355,24.193493228752352,26.590067280349185,25.55566657983935,15.692277356610703,26.79711568592601,28.989314400580056,26.726277254770878,28.465478512151083,-1.7392012573802056,31.277352805880945,30.277203670070953,30.890995006537175,1.0001491358099912
2048-07-16 12:00:00,24.97340485168634,26.630114273274245,27.85976701714413,30.203443931778107,26.05945353634278,24.51129259512671,27.27365779905387,26.323300117516453,14.531378705563556,27.3953408247577,27.882601931712543,27.352531996803812,27.45982195313424,-0.1072899563304297,29.95852873499942,29.040476626890662,29.76257259978106,0.9180521081087569
2048-08-16 12:00:00,23.714766863668878,25.834874606794173,26.95511794463974,29.63162271534835,26.47694465165066,24.695767871310444,28.151248471009193,27.32762557348343,13.793421672705753,27.939167467138272,27.312471716958054,28.030999056502004,26.582900305349387,1.4480987511526173,29.612282067666612,28.06555350876451,29.420181431677104,1.5467285589021031
2048-09-16 00:00:00,23.96959794622191,25.710863859203123,26.700988124585837,29.276091797224115,26.69063661807608,25.014944940571716,28.579901597970498,27.93691981648056,13.92416199521001,28.23672520646671,27.25737468083497,28.44803779144294,26.293274803280973,2.1547629881619663,30.038002989776352,27.42992454690596,29.77515581048746,2.6080784428703936
2048-10-16 12:00:00,24.333872087933386,25.858556700273624,27.045298145871477,28.830637644938385,26.552972773259615,24.995217086768736,28.156821519679266,27.46949887189689,14.834064986138639,28.07259824996098,27.587782719845396,28.223510760272067,26.342369721492343,1.8811410387797238,30.761060692486335,27.73070032594868,30.519419590385805,3.030360366537657
2048-11-16 00:00:00,24.996670633702905,26.147742165711534,27.0872755545079,28.528798510854685,25.820846231122943,24.220717523527544,27.319259731905735,26.46276996469937,16.401245629657986,27.434118737988754,28.15616727608457,27.46042683283246,27.341338532055453,0.11908830077700827,30.661725028045275,28.81045371352084,30.590945453951306,1.8512713145244355
2048-12-16 12:00:00,26.173434834887605,26.48570374914943,26.848134290147133,28.245931071449892,24.716945559930256,23.260037742562307,26.31234355725227,25.446625708317445,18.090026148655397,26.514190552807396,28.83927902664815,26.535408063789028,28.28551392903161,-1.7501058652425812,30.287323560057224,30.123794956960094,30.56278551265203,0.1635286030971308
2049-01-16 12:00:00,27.218164810005113,26.961094315450147,27.070836097828487,28.372680183290335,23.603461915319404,22.08621363939235,25.239058020709123,24.30499144451546,19.43450093520176,25.518685016043108,29.395146893706475,25.511487359804224,28.737370897410276,-3.2258835376060517,29.679068616344836,30.733917289380997,30.143956935892486,-1.0548486730361617
2049-02-15 00:00:00,28.168460396314696,25.719461645804845,26.521676344466982,28.358989295160804,23.040564605038973,21.567284005893676,24.779958254475236,23.910124423228552,21.012661213386608,25.102435744652546,29.499777419826096,25.09262642802592,29.25267221372364,-4.160045785697719,29.44386940107808,30.622120669504874,30.013320971695773,-1.178251268426795
2049-03-16 12:00:00,28.36485355689282,26.46597753649217,26.917581127936597,28.69047614223225,22.961465411423607,21.561342715934575,24.91967570243829,24.283287800150724,20.273395303771334,25.190386490796723,29.74018789891592,25.371505126808824,29.65881510779693,-4.2873099809881055,29.938044205529444,30.826512078342738,30.332709748908734,-0.888467872813294
2049-04-16 00:00:00,27.37888580097463,27.736191195511154,27.746257562179824,28.971064789678813,23.505540051717816,21.999718487611517,25.11826453933024,24.29610823767948,18.89450697700788,25.35845866634437,29.861345274956584,25.434864664583937,29.379579162571616,-3.944714497987679,31.080911004042832,31.337070393523042,31.092069865395114,-0.2561593894802101
2049-05-16 12:00:00,23.933978041094242,27.663988990410655,28.48910191878682,29.307014173221177,24.108337247399156,22.467184253607815,25.397699958578052,24.533318986384447,16.337431720985265,25.634471740444777,29.221581732874366,25.68786377395806,28.63783790535334,-2.9499741313952796,30.94154782627839,31.508016158176744,30.658528115778747,-0.5664683318983528
2049-06-16 00:00:00,22.126634391468336,26.246177244734216,27.96076601348902,29.462545329241937,24.7141368259078,23.035651277272493,25.82692632400921,25.024241775724455,14.541285350784618,26.114010432743267,28.26739761088399,26.23269853952686,27.687871932980055,-1.4551733934531939,29.678571338631116,31.29632685754953,29.390949250321196,-1.6177555189184147
2049-07-16 12:00:00,21.88619730510916,25.10223355854266,26.946412417160193,28.952165490809335,25.080313579286017,23.266079776801444,26.762951222703546,26.1640533586366,12.997027791434846,26.836914802771275,27.39225674663162,27.190684899543346,26.72884496270606,0.4618399368372863,29.09003510071028,30.69815964147639,28.825438211937737,-1.6081245407661093
2049-08-16 12:00:00,21.523096866670663,24.231948368932926,26.142468897611028,28.597926291165553,25.587987541473648,23.82685934471899,27.644042806888823,27.06290106056549,12.319435067819487,27.398472993928014,26.884700942074186,27.787357552708784,25.976934161280298,1.8104233914284862,28.846986639141477,30.391951721893143,28.694024703639986,-1.5449650827516663
2049-09-16 00:00:00,21.89933275342523,23.857659235089525,25.630572830604635,28.22700042345769,25.865267723227277,24.0278568419439,28.069442107498556,27.47281703040179,12.779057875363733,27.666413215523477,26.722979970070394,28.057646600720165,25.658783039250203,2.3988635614699625,28.859361624924727,30.109180788493532,28.6878540493402,-1.2498191635688052
2049-10-16 12:00:00,22.5735549939031,24.051165543880302,25.555056510134225,28.251675859611915,25.791405954925324,23.889735451638128,27.791332879591184,27.114355217378648,14.160875363368659,27.61020146405271,27.11558230703662,27.975042031762236,26.066960506598257,1.908081525163979,29.382707656686033,30.363272379831294,29.275327686354306,-0.9805647231452603
2049-11-16 00:00:00,23.46705947340282,24.215117933408205,25.50365127433441,28.12093665288024,25.09267328063562,23.305140308092373,26.93008725827042,26.091269024374956,15.773408372546093,26.912284665474044,27.69179687677844,27.103424290169883,26.857775665606933,0.2456486245629499,29.807761902656285,30.647315856324767,29.835988571765487,-0.8395539536684815
2049-12-16 12:00:00,24.79415192944552,25.066466689799356,25.71323916329402,27.874178995692258,24.322229245562642,22.608437395396038,25.979055789675122,25.206968805721537,17.957243223896793,26.10877859720302,28.290019376513303,26.278289424414584,27.469500182819626,-1.1912107584050418,30.19452351131179,30.782077445419386,30.588993848113617,-0.5875539341075964
2050-01-16 12:00:00,26.0950894699396,26.17609324628385,26.294486636069784,27.862569497145778,23.4339555648283,21.787451453839438,25.041859207956854,24.275796603751424,19.985058788998074,25.311652771182096,28.685182603235113,25.468969446342236,28.118399631517846,-2.6494301851756106,29.297859174487478,30.894514953968056,29.560540037013,-1.596655779480578
2050-02-15 00:00:00,27.233958592731913,27.338700546577922,27.15873937854876,28.176569427192007,22.91036622693977,21.402727953910777,24.574504376214556,23.940988027762934,21.263584851412197,24.921248543087156,29.165276003901912,25.19610255658271,28.672190514724996,-3.476087958142287,28.754539904387453,30.656861254478034,28.865156787065462,-1.9023213500905811
2050-03-16 12:00:00,27.716805351440872,27.258203588488215,27.638904928321473,28.669305398783713,22.808413086887253,21.42651739077699,24.563469671369866,24.078866753273232,21.16415549082234,24.890294169471623,29.5378512521828,25.26953006856856,29.192474086021033,-3.9229440174524726,29.669084720400164,30.916261528071697,29.70155397135449,-1.2471768076715328
2050-04-16 00:00:00,26.445473740776414,28.017578070251417,28.378974368330393,29.34607807697376,23.05518206442471,21.6465588622636,24.818461744486576,24.370699668735387,19.67446406437271,25.038146184205438,29.589986879407274,25.480181093959335,29.201862303170252,-3.7216812092109173,30.882413784166623,31.289321549186198,30.686548566432712,-0.40690776501957515
2050-05-16 12:00:00,24.868749064759633,27.790120455101448,28.593879858115734,29.610067364742466,23.670723380285256,22.239284640936763,25.121407857276814,24.52387441877433,17.621581753503705,25.320546239135425,29.0562522201426,25.698635833002967,28.401310855152737,-2.7026750221497693,30.724341829579295,31.579486697782823,30.416780426397487,-0.8551448682035279
2050-06-16 00:00:00,23.512113531022614,26.956969444230023,28.199590740097854,29.480656214152134,24.298590354587386,22.69798846105924,25.56520367743227,24.832131339734357,15.970170014749208,25.82905999663312,28.201854510981278,26.103485369456816,27.312625785872882,-1.2091404164160657,29.484066721920886,31.344989572789473,29.17275578809833,-1.8609228508685867
2050-07-16 12:00:00,22.55336881794,25.55915413633327,27.257641119007616,29.16749078014968,24.7548591488808,22.98202946444993,26.295956870529363,25.566540443657143,14.290466926190444,26.45408261555282,27.347708760889333,26.771330975789503,26.558027209194744,0.21330376659475903,28.807986735329244,30.73950376170177,28.542982675991208,-1.931517026372525
2050-08-16 12:00:00,21.964133623690504,24.311113528925596,26.262905251419024,28.853047869689302,25.44250853745522,23.52210562781746,27.220244461698844,26.495694911130386,13.626671638725782,27.062172909333484,26.877565914913617,27.35876240798413,25.81156318001852,1.54719922796561,28.425843962886898,30.582295636120556,28.24208922287734,-2.156451673233658
2050-09-16 00:00:00,22.342451523469254,24.250453730250328,25.84801077858826,28.43915700537389,25.60799175610816,23.644125744519904,27.767602384999613,27.104515791559685,14.40176081036393,27.395433816795975,26.839106934534787,27.786539139821258,25.35276139520664,2.4337777446146163,28.699192487987148,30.379496161662782,28.65257000953086,-1.6803036736756347
2050-10-16 12:00:00,23.409473663897316,24.58955291408848,25.984878206025357,28.499779038824652,25.460917134060715,23.468693278828166,27.469085375260924,26.80294573049493,15.581249301677996,27.295781956572743,27.231242203179075,27.689709515784067,25.788302898224565,1.901406617559502,29.03261337713192,30.220085762574268,29.000600543271705,-1.187472385442348
2050-11-16 00:00:00,24.46263592521163,24.907742485776517,26.185421348834087,28.738363799119526,24.86832875790289,23.08401232429264,26.576498179912054,25.778582815784677,16.958034970443638,26.608271590179573,27.83811672032682,26.759027388515115,26.779504407839806,-0.020477019324690815,29.354818470132088,30.330371489983257,29.26097767333593,-0.9755530198511693
2050-12-16 12:00:00,25.562839232046024,25.639027374164627,26.24968075606832,28.59023853758186,23.887617685298622,22.23202650466097,25.586024215074083,24.75947259853291,18.839506009737274,25.7319192965542,28.426138537223252,25.851419031370416,27.736132527872968,-1.8847134965025525,29.57734432324485,30.22486085231482,29.829490393397574,-0.6475165290699678
