time,nino12,nino3,nino34,nino4,norte,norteleste,centro,centroleste,cbm,tna,tsa,nat,sat,tasi,wtio,setio,swio,dmi
2015-01-16 12:00:00,27.690304898046424,27.704269339456733,28.252619878915862,29.56560707297906,22.525024691154474,21.63201248548053,24.68564417115894,23.917471656727397,21.814856201564297,24.78844530308251,28.854746474213155,24.898936956402522,28.49885737361836,-3.599920417215838,28.996676915142142,29.480138674829277,29.756252379184453,-0.4834617596871347
2015-02-15 00:00:00,28.95085919045757,27.83591611388547,28.15783866339065,29.206343249146084,21.83344842786958,20.97733103287603,24.16129331924222,23.40209886561321,22.74888991984638,24.281050433780592,29.181242777802517,24.398621393083157,29.627789774155353,-5.229168381072196,28.632497490009797,29.405729250900936,29.305123207261357,-0.7732317608911394
2015-03-16 12:00:00,29.41737819035528,27.919066912101407,28.09053573027462,29.093082509228417,21.57594378065083,20.67071638631282,24.049444928551257,23.339856795092544,22.416298092301524,24.167890903853824,29.454486960754405,24.364762567161186,30.108775959264005,-5.7440133921028185,29.067617707587242,29.466037697141253,29.67581375321514,-0.3984199895540108
2015-04-16 00:00:00,29.122525064415612,28.296908405729425,28.32170307230709,29.309475366006136,21.899865884676288,20.955533250701375,24.313275324744033,23.608399704033133,21.079222876726956,24.428008687058202,29.45560355815808,24.6627524458216,30.111078040687367,-5.448325594865768,29.909134831091258,29.932314289839226,30.28515908372726,-0.02317945874796834
2015-05-16 12:00:00,27.178054191918854,28.578157418585164,28.838133539778877,29.607945829104327,22.899177951245917,21.734865582838932,24.710611229559355,23.97233141344565,19.060284832192004,24.835440441135542,28.914290571199032,24.984016461757104,28.61099600309131,-3.6269795413342045,30.515393842598783,30.058392316706538,30.442986396954947,0.4570015258922453
2015-06-16 00:00:00,24.774725683352838,27.665839805547073,28.70458341179258,29.782171069208943,24.109916456298244,22.689583483338232,25.256370709967285,24.5474543143258,16.844057672235756,25.489652850536576,27.931132907721658,25.61222310125432,27.2264318055854,-1.6142087043310802,29.722611673659024,29.388680787785198,29.44674918701301,0.33393088587382636
2015-07-16 12:00:00,23.873366199769443,27.05915998133834,28.271925370118304,29.662219627063624,25.46242538534881,23.79836667346206,26.071440605251077,25.515590969154005,15.477199177144728,26.352495739333296,27.085535268082644,26.51435241602416,26.140286160608262,0.37406625541589733,28.87110979175059,28.63508045080625,28.533383558684314,0.23602934094434147
2015-08-16 12:00:00,23.33462107569966,26.172542283045832,27.567922909135916,29.431208259241995,26.42842289129468,24.76420410833663,27.033190350162243,26.650635109637044,14.729366917649157,27.105604476286185,26.53518358345175,27.28673645803669,25.400903928079035,1.8858325299576535,28.53903895274732,27.588567006844443,28.21988279960503,0.9504719459028763
2015-09-16 00:00:00,23.48394074008814,26.14613023617007,27.43683282909263,29.38776750190354,26.86867934756413,25.360831939950337,27.80207210751736,27.486218587147437,14.626420710731551,27.698266562455792,26.450266738649933,27.971119017681804,25.21726484606045,2.753854171621356,28.77702518897825,26.826472630743236,28.405509644819816,1.9505525582350138
2015-10-16 12:00:00,24.16324851140792,26.5231842004183,27.76524674457268,29.541195436654267,26.46916995052773,25.192502172072473,27.9000251062021,27.587662210689757,15.448400537891736,27.81536034415045,26.855769209978636,28.12605792398422,25.47674229935446,2.649315624629761,29.173274854927584,26.91090858981678,28.79028097596372,2.2623662651108027
2015-11-16 00:00:00,24.816408839569114,26.720683412336534,27.961892725735407,29.72228953461717,25.175362887633266,24.209780542067417,27.224619440964684,26.765313074694,17.082845246927974,27.138322518439537,27.454462783457185,27.4275422683,26.22487996128267,1.2026623070173308,29.1341111022385,27.705237879815655,28.97581312952963,1.428873222422844
2015-12-16 12:00:00,26.049150555600143,27.19922482447005,28.136940829802672,29.73034839078281,23.73055461644951,22.854377640529197,25.953675037118472,25.279572316602028,19.465518964506693,25.943623367822358,28.190515475142693,26.125402969112194,27.138056512793295,-1.0126535436811004,28.966549315150235,28.89885107518785,29.226355452006377,0.067698239962386
2016-01-16 12:00:00,27.890916905444406,27.631418236317092,28.112153477299415,29.50200824098503,22.490408505179364,21.677609544040493,24.86563485555532,24.001201253709684,21.569977083846794,24.91060647682956,28.79522967843586,24.979617859289267,28.40581403501303,-3.4261961757237636,28.94429532624749,29.227338560442035,29.626698035076544,-0.2830432341945439
2016-02-15 12:00:00,28.81616972113616,27.764431967455387,28.040481214208054,29.256933635130167,21.83679225411323,21.04038977184058,24.345477123748616,23.447765345323624,22.75765862896477,24.418833863275545,29.23392593778144,24.466929903667566,29.754468751444204,-5.287538847776638,28.713148491760812,29.266328308724134,29.370677558838977,-0.553179816963322
2016-03-16 12:00:00,29.31120634663029,27.835123565048395,28.011442129571403,29.04158999880352,21.658981290549132,20.749121392749043,24.166987783353093,23.31815713359152,22.311166018778476,24.271602881266062,29.462498657700714,24.379306421986122,30.305210924011345,-5.925904502025222,29.0508100266504,29.25369395138082,29.68727572811346,-0.20288392473042194
2016-04-16 00:00:00,29.124398262806583,28.369763795183374,28.28999101537353,29.229703738873287,21.896908843512104,20.959135966784306,24.367267288313887,23.585411570120737,20.817424308833214,24.460027434580976,29.47668943553788,24.648144946238403,29.932083671415782,-5.283938725177379,30.006406464200467,30.029472538623814,30.479321827767077,-0.023066074423347516
2016-05-16 12:00:00,26.84337516183002,28.359176239881197,28.69579750378088,29.521543952297165,22.91387623018869,21.80817161392097,24.683220384461382,23.855315824600723,18.81215000517168,24.830822347087356,28.867437775814118,24.915465555205888,28.642237050142683,-3.726771494936795,30.538754642229527,29.928259275963374,30.485456524855564,0.6104953662661536
2016-06-16 00:00:00,24.346096102150113,27.218756629436182,28.52874330899646,29.710453772208528,24.41095416814021,22.95915900885835,25.278908604222252,24.476234297098003,16.88026843253541,25.57521477419268,27.86473736520255,25.575050422903185,27.359141389187155,-1.7840909662839692,29.700548283924356,29.36374345730833,29.447053537253588,0.3368048266160244
2016-07-16 12:00:00,23.27394275527059,26.67799059636658,28.09707667787965,29.51585896684759,25.888905885430887,24.275549777431102,26.283493567757763,25.68525183805176,15.581276221093345,26.617886865334047,27.02662527781598,26.662366878225185,26.3565289198145,0.3058379584106845,28.82254011868367,28.706642389076716,28.545002572821296,0.11589772960695299
2016-08-16 12:00:00,22.871574694958795,25.989790815231572,27.492048646683173,29.26801946569412,26.514039314562186,24.952181336070204,27.24856612626932,26.80787881516358,14.937731385897484,27.302968288396773,26.526282159822465,27.451526553618294,25.631217148835564,1.82030940478273,28.491372127841792,27.859279210158057,28.227310024725824,0.6320929176837353
2016-09-16 00:00:00,23.03768887812257,25.709765585388457,27.12572328795576,29.11636640597423,26.84076760163708,25.41272734722489,27.89153951805643,27.523965193499535,14.859755389245223,27.760704935185913,26.446296635683485,27.99723859743955,25.400505843574972,2.596732753864579,28.6634801633255,27.29547519142695,28.36595235041114,1.36800497189855
2016-10-16 12:00:00,23.910617841603514,26.184612277980996,27.40421726530612,29.332162537227116,26.55495066084169,25.42167378600857,27.99978962571856,27.668761801207125,15.56052558096628,27.891215156303492,26.817363940176158,28.161059808811252,25.587405872081884,2.573653936729368,29.256624545285163,27.299961560102833,28.811058096160952,1.95666298518233
2016-11-16 00:00:00,24.864989457690356,26.52669616099193,27.63826962774656,29.4498964980546,25.19055773731434,24.300671214964733,27.20905582795964,26.72755959018621,17.266208048363197,27.140378701146183,27.4716042585124,27.362518845180176,26.298009934463003,1.0645089107171728,29.329959592890482,28.056153995854544,29.141786864804942,1.2738055970359383
2016-12-16 12:00:00,25.849247479180534,26.828230074336346,27.687391200199677,29.30270507918882,23.461521977560484,22.64191283703491,25.82302150003319,25.097661725865244,19.533748922582646,25.804969221052524,28.174379944979357,25.963478462124982,27.252959929504577,-1.289481467379595,29.096697590927118,28.975389426061785,29.466097014788932,0.12130816486533291
2017-01-16 12:00:00,27.510109695073293,27.105017221583612,27.587877125394154,28.981660421814027,22.206085396153295,21.437322262736885,24.744335676670048,23.861641136375447,21.495161115722258,24.780830867775297,28.712058541290062,24.87396825622691,28.338456951756502,-3.4644886955295924,28.779577926920982,29.267040696190264,29.45390712972535,-0.4874627692692819
2017-02-15 00:00:00,28.76097785667123,27.457677048721013,27.65736162457603,28.760454256125538,21.627229407084272,20.87800827991791,24.34488724147706,23.491508543009004,22.718674524365017,24.405791639081,29.115632209832704,24.53368298533866,29.56418342568434,-5.03050044034568,28.614787389284473,29.30076030591315,29.311364574549533,-0.6859729166286783
2017-03-16 12:00:00,29.186231200598915,27.565468696070894,27.71543682791734,28.7569690512017,21.49213340340447,20.664384161148508,24.235395289381806,23.43393469197829,22.400991325117786,24.32894568379543,29.401913566876264,24.516818129383797,29.950319950577946,-5.433501821194149,29.011368843794337,29.555774934458416,29.54897951845406,-0.5444060906640793
2017-04-16 00:00:00,28.989419912038116,28.175890356588045,27.98120827878877,28.88365318333683,21.804450150974134,20.841010146655705,24.38395485667622,23.606227221515233,21.094494687333338,24.491706955310747,29.374257722111928,24.717687490188187,29.80369251974355,-5.086005029555363,29.79657078009827,29.825566710289102,30.077678067901545,-0.028995930190831132
2017-05-16 12:00:00,26.654645975315667,28.104567453673276,28.339271667421094,29.14996907704406,22.548586326912794,21.37424311732764,24.5994939263582,23.76712425397645,18.85347802314848,24.69970380725708,28.765385075396956,24.87746310843252,28.554784424824767,-3.6773213163922485,30.289364078675874,29.83667500319682,30.274584388706984,0.45268907547905357
2017-06-16 00:00:00,23.98563163696985,26.848146829148277,28.0179017502447,29.341386257070067,23.89208199494081,22.527686736988663,25.13376098660652,24.383817463425284,16.572629050979923,25.36272714500246,27.75327128163983,25.499678417385216,27.14445274210598,-1.644774324720764,29.67612937506968,29.332892734859158,29.34032713088529,0.3432366402105238
2017-07-16 12:00:00,22.96204740196697,26.111972389315177,27.507197459374275,29.170404217232683,25.480904990639115,23.99812375938522,26.05214704356886,25.54622643946314,15.422249435302266,26.332408708266207,26.887189369345084,26.50005884912936,26.078834524313386,0.4212243248159737,28.688258093101734,28.728643607568134,28.408186072120113,-0.04038551446640071
2017-08-16 12:00:00,22.459268085055363,25.4648032900631,26.92840574454603,28.80691344246855,26.32973477221295,24.679637982605453,27.056951529611894,26.646659039965385,14.646648388602404,27.063765449571296,26.376594201933727,27.230507423234204,25.31505621447325,1.915451208760956,28.36115938928344,28.00285396205768,28.13879076631791,0.3583054272257584
2017-09-16 00:00:00,22.7682408597529,25.40842092590851,26.71334827584988,28.690046833962263,26.6881906572533,25.14803703441516,27.722199525058283,27.42007090961481,14.64088934365782,27.571877354322613,26.348105799834013,27.86364825084849,25.057613442541324,2.8060348083071673,28.595755733245525,27.666394617050575,28.348685497128994,0.9293611161949507
2017-10-16 12:00:00,23.42746445030246,25.565068963998698,26.831597709063395,28.82142379633173,26.316565584449084,24.988881124727097,27.720537639040906,27.342183027995844,15.480633882282731,27.599548584087433,26.679970741737023,27.891421236842096,25.366172480853745,2.5252487559883505,28.987515206240403,27.722342564855712,28.707077390757604,1.2651726413846909
2017-11-16 00:00:00,24.497910089072278,25.972578024709886,27.002887360205552,28.873491160037787,25.09651162431376,23.973757343125104,26.896133675851686,26.40964446984231,17.187774502611934,26.844866595311064,27.307459703761154,27.095066215223493,26.106669699953635,0.9883965152698586,29.1661398580422,28.18916939178109,29.05250466688711,0.9769704662611112
2017-12-16 12:00:00,25.317789985348792,26.245571319625174,27.10386684354396,28.860622415762155,23.590977394905075,22.588642087850076,25.703108487073973,25.00518853933361,19.483383551051894,25.717321539018442,27.96176813648512,25.883515415994978,26.99208960954502,-1.1085741935500408,28.928447739365232,28.902705706657972,29.24260094956711,0.025742032707260165
2018-01-16 12:00:00,27.379978470737722,26.7884378140869,27.21814635940102,28.69465641957947,22.38777804505836,21.42528599313689,24.642950094468738,23.805737738828913,21.46036804210176,24.710527273187772,28.52603500747697,24.79315086262738,28.332572050239953,-3.5394211876125716,28.459078094464182,29.01019083390175,29.03674398517805,-0.551112739437567
2018-02-15 00:00:00,28.642160365234638,26.941771549011786,27.252967643811456,28.549442784567855,21.728513642635935,20.754878108573664,24.12763053012163,23.259638660288424,22.55564441033872,24.229468916449658,28.877456446113225,24.293702279681273,29.737740990447257,-5.444038710765984,28.357874914676504,28.903532563112947,28.956557882787223,-0.5456576484364426
2018-03-16 12:00:00,28.8602878535089,27.38041693191381,27.512809313223435,28.59589057257639,21.57679024759295,20.672292435203268,24.114326601488937,23.32112424290181,22.723620269186604,24.216288500279926,29.190217433505328,24.354867429461304,30.13206567521355,-5.7771982457522455,28.786677369983575,29.18546496112388,29.335489700767475,-0.39878759114030515
2018-04-16 00:00:00,28.9227622350158,28.11191142217059,28.046002289778226,28.88996903872394,21.70319556857815,20.769247909886943,24.180217995297202,23.425827444745316,21.067830977018673,24.282663512431984,29.29561209091224,24.50376159021127,29.784470414273432,-5.280708824062163,29.810815052595494,29.814498760888654,30.140168794317233,-0.003683708293159782
2018-05-16 12:00:00,26.791833375187014,28.33954519363941,28.47537602313319,29.272270316733028,22.511978838342742,21.464880683502376,24.482016741913284,23.735482745309696,18.760107622744755,24.617322027330154,28.715548030747385,24.80529942296793,28.475390864243966,-3.6700914412760355,30.232097946853035,29.833612055350848,30.086327964473227,0.3984858915021867
2018-06-16 00:00:00,24.401354194343906,27.54049782415314,28.557949037516746,29.56997409899215,23.98092826629472,22.78225800601012,25.11529277087692,24.43022666983798,16.618838651923433,25.37511299257244,27.760929340381466,25.493571441195517,27.09529933362645,-1.601727892430933,29.473844140928975,29.36885769553725,29.09140483123235,0.10498644539172375
2018-07-16 12:00:00,23.567858459027043,26.95304052204559,28.212624649750026,29.523457795423937,25.41672778540325,23.923944937085864,26.076057569600565,25.634784716311348,15.246050052221046,26.361649493295918,26.967282775968616,26.58569315097231,26.096556888950992,0.48913626202131866,28.6357666923551,28.715387645302126,28.309966735406526,-0.07962095294702465
2018-08-16 12:00:00,23.295704819609526,26.42391832262195,27.73485967612391,29.39677651433482,26.213758432058746,24.719885721379633,27.11359754944284,26.800027718986428,14.589153967064163,27.110630855040032,26.512489930631762,27.397835997927125,25.438712436352223,1.959123561574902,28.372930913976276,27.88902678664293,28.11336485678605,0.4839041273333464
2018-09-16 00:00:00,23.642114865748525,26.20283030716485,27.501019577197454,29.36139425855486,26.745435823999504,25.358375166299336,27.783272247227778,27.501134535273565,14.582984262082954,27.642726634935542,26.463061081566302,27.9406670887017,25.20537801316022,2.7352890755414805,28.567744035252534,27.39381926087951,28.305067987426046,1.173924774373024
2018-10-16 12:00:00,24.199605969844704,26.493569744355295,27.66930300410827,29.484501146441634,26.28081008127817,25.095013097119317,27.75240139974395,27.44742828091527,15.309268382959706,27.661730835060215,26.828962404268463,28.008204989923517,25.44507827777662,2.5631267121468966,29.170065818522772,27.38227822231234,28.8258193297846,1.787787596210432
2018-11-16 00:00:00,24.931061753242883,26.869204976376672,27.909325569488985,29.548068303629325,25.036419851182274,24.057924327320986,26.976623822425907,26.51266210926465,16.863595546830894,26.941491235668618,27.470403469699946,27.225805584957897,26.23708926281785,0.9887163221400463,29.38099073277628,28.043158169051242,29.306059887119297,1.337832563725037
2018-12-16 12:00:00,25.61885407950732,27.108580709732454,27.983570108369886,29.462440789199174,23.577050870154725,22.70934379224554,25.732937060103556,25.08037007755348,19.038414146720818,25.778423916551333,28.203414868954336,25.96960384368352,27.2913569435634,-1.3217530998798814,29.24354760645542,29.012950333036766,29.689455921670145,0.23059727341865255
2019-01-16 12:00:00,27.392108064866264,27.291059867939197,27.835897875719564,29.152977516016193,22.388951553761064,21.563059996723283,24.683807471108096,23.861608731840775,21.25094413256838,24.776227704586116,28.740114360539316,24.861643680574815,28.530106503482976,-3.668462822908161,28.81741057018326,29.3884631683353,29.47469818642775,-0.5710525981520398
2019-02-15 00:00:00,28.665696491785837,27.32220816405393,27.62192008995531,28.86444829389187,21.779877526487716,20.946267479837807,24.191934969694707,23.365414629787228,22.712868175693856,24.29794210659492,29.097720932599522,24.376081010630674,29.607225799850845,-5.231144789220171,28.65725876109085,29.25776585666348,29.304560716371604,-0.6005070955726275
2019-03-16 12:00:00,29.034559048930664,27.27600799347332,27.498285281570794,28.7119791355548,21.618753755158476,20.82683425664201,24.104218137362015,23.386369885250655,22.61756844502551,24.234942944172616,29.330920309741916,24.40793380757629,30.141223662467485,-5.733289854891197,29.019595566856683,29.233984978242134,29.591357401062826,-0.21438941138545076
2019-04-16 00:00:00,28.784270577448638,28.048884450906876,27.97781218319212,28.96937918316037,21.920622898126368,21.055167108403225,24.288118755938612,23.644606953938414,21.093659033365018,24.424879498217695,29.36965658206962,24.674670920931636,29.988728277313033,-5.314057356381397,29.922381665869462,29.95445836084853,30.3192898886077,-0.032076694979068066
2019-05-16 12:00:00,26.531220610051935,27.894706406580813,28.305158704008086,29.334650483857047,22.86125272816644,21.83850124628676,24.693805760384016,24.029895255017024,18.915043705666843,24.867425958891687,28.730972419099615,25.069571256103544,28.476575534371975,-3.407004278268431,30.325311190467982,29.88958537053163,30.18632781804396,0.4357258199363514
2019-06-16 00:00:00,23.829048493895026,26.923064971926163,28.21210665008398,29.52203679066394,24.235281524806556,22.90921985960572,25.289622775338046,24.596127160981613,16.795799062350167,25.55959062301316,27.774992945592107,25.663790365322008,27.063182157177007,-1.399391791854999,29.701492469745254,29.491490736230332,29.35639144753606,0.2100017335149218
2019-07-16 12:00:00,22.947830948746933,26.431564037140458,27.881132283712542,29.41482175857983,25.42762796002657,23.909622511737187,26.155044703233898,25.65650229300304,15.341568607028618,26.43090418032032,26.954251607074056,26.593875375760824,26.02811720160775,0.5657581741530748,28.703167116047783,28.72797504176142,28.425528346530637,-0.024807925713638213
2019-08-16 12:00:00,22.862458190991347,25.889627337664457,27.38734151360496,29.176694154888295,26.185772829258962,24.629759592788048,27.106362193486095,26.766265115573802,14.56729780305942,27.101214041604106,26.45342624490116,27.35691444213277,25.343184942575917,2.0137294995568524,28.432112548699767,27.86868387653245,28.200806348247543,0.5634286721673156
2019-09-16 00:00:00,23.15871570969902,25.903280574882658,27.272261247563137,29.133179445186585,26.75991943948522,25.29907991932486,27.783808181719717,27.498626636411647,14.503939183788244,27.66577254948147,26.41827952811581,27.986523107978197,25.21931740073169,2.7672057072465073,28.710744239083507,27.439145191283,28.431347175583223,1.2715990478005068
2019-10-16 12:00:00,23.994442983259194,26.27989442886931,27.474469123352158,29.28825046261341,26.387223949761474,25.246031024904262,27.87850962112067,27.5890108103547,15.465146235258826,27.789679493084538,26.789313196593135,28.140704414589457,25.69913649874139,2.4415679158480685,29.194601697532484,27.507203529663258,28.811806239382015,1.687398167869226
2019-11-16 00:00:00,24.9781997300179,26.70485515172738,27.723688749055277,29.32594615674602,25.148390001282213,24.218822105875123,27.11664073491072,26.66266676398792,17.138251513235808,27.063988031403618,27.450922713918462,27.33598900949358,26.379221361591433,0.9567676479021472,29.27000589343121,28.218508827052574,29.10634301212442,1.0514970663786372
2019-12-16 12:00:00,26.086845715829163,27.04352372350309,27.74929502016518,29.18517214804002,23.721192720865254,22.927515095096645,25.890470334320938,25.304036121198028,19.002287398279922,25.929738134681653,28.0919590696596,26.137931934192395,27.35430232743364,-1.2163703932412453,29.069502123326487,29.064230294701918,29.373234289047414,0.005271828624568542
2020-01-16 12:00:00,27.375295765449188,27.349899758112386,27.725876602109235,28.952114799062414,22.591305257252596,21.793949924413052,24.788696924490534,24.026970889928766,21.12531232050119,24.893110541188562,28.622565206447128,24.981671408897363,28.625976142847485,-3.644304733950122,28.742312345512836,29.163065399734116,29.316700949131302,-0.4207530542212794
2020-02-15 12:00:00,28.684078178588376,27.49811456941663,27.76523700159468,28.812707753511866,21.921828798756994,21.06672903806991,24.104038925716832,23.287049041985583,22.693624693823626,24.26474917828025,29.030823786687804,24.295357802209292,29.489321479781683,-5.193963677572391,28.655206935637512,28.99466190560716,29.29320701720118,-0.33945496996964764
2020-03-16 12:00:00,28.899903937107837,27.5178149829312,27.805774399105232,28.83873815015216,21.715056983311793,20.787717499871526,23.928327832671858,23.150880779874797,22.282236447829533,24.10440454859818,29.34955308113256,24.19784777387322,30.13532322061132,-5.937475446738098,28.99178759450935,29.30626224911523,29.499215583314726,-0.31447465460587765
2020-04-16 00:00:00,28.92029554709702,28.03278148507611,28.058980226092075,29.052806516787026,21.982735848121425,20.959795682070155,24.081531637584682,23.32448310012413,20.91405171588431,24.264808996850775,29.372620554885,24.400459528605943,29.953297784820645,-5.552838256214702,29.821795296085202,29.700310230384304,30.176116708732128,0.12148506570089879
2020-05-16 12:00:00,26.826253772053263,28.36967133252475,28.585319679722883,29.396159969338562,22.865604338722058,21.675483649825935,24.498447589096585,23.72434514757483,19.081910625290245,24.694632496575817,28.751271320330122,24.77464429950106,28.680832122852514,-3.9061878233514555,30.314943498011697,29.69655128874873,30.215133386771473,0.6183922092629679
2020-06-16 00:00:00,24.54888085649232,27.38672729268191,28.41703461793224,29.610514134708584,24.258655334781,22.8335902448757,25.115683095920662,24.40311082120845,16.94532585415509,25.4284798708707,27.762163146392304,25.47156840683354,27.37677941559155,-1.905211008758009,29.52876623721256,29.175172573659477,29.179922603327775,0.3535936635530845
2020-07-16 12:00:00,23.53378271744224,26.62042240957394,27.95726023648639,29.510540126803292,25.44198644740822,23.818663506036955,26.04108293024325,25.541775475927704,15.509235065900652,26.351320723486413,26.941136464575862,26.509263134607757,26.306236462604808,0.20302667200294877,28.666405499612086,28.506288908259982,28.347770767155136,0.16011659135210365
2020-08-16 12:00:00,23.254608898510146,26.123532397421464,27.37969023465645,29.233344316547424,26.318221973373667,24.69792072177967,27.023453544714325,26.651194023566223,14.78452409091063,27.07588407360888,26.47405401360721,27.284597523257688,25.56253156548082,1.7220659577768664,28.403811006846798,27.659114598719235,28.12885486093289,0.7446964081275631
2020-09-16 00:00:00,23.671757878369583,26.077737855150787,27.214023275851922,29.156417646317642,26.83252412299621,25.409954444839634,27.83006046797516,27.584374844524522,14.770123968549246,27.696981347658394,26.426243056223846,28.007647918001577,25.291358523897944,2.716289394103633,28.651821100625124,27.0753792337537,28.295559239090846,1.5764418668714235
2020-10-16 12:00:00,24.231318405504418,26.353222716527544,27.482870546466973,29.43424415319584,26.434098559710296,25.309661182862477,27.846148793111126,27.549682761770754,15.533984289045783,27.774903952846977,26.818624260579362,28.082736741535964,25.551118517017713,2.531618224518251,29.217346080340313,27.080434159151466,28.793005918615613,2.1369119211888474
2020-11-16 00:00:00,25.056450642238925,26.8363496619803,27.84758408717912,29.610642126552044,25.181932988220115,24.238546422820296,27.086002900653316,26.594878598266142,17.154825319979256,27.061893644895555,27.480832003820947,27.287405427547544,26.415545838764753,0.8718595887827902,29.26822272845955,27.756931105944567,29.1088592198364,1.5112916225149817
2020-12-16 12:00:00,25.932645893866884,27.180647108184594,27.97250936986018,29.586617195859517,23.674689927670528,22.81565197077152,25.82510142636477,25.067423094189337,19.543741444396858,25.848188996902287,28.209291716173812,25.958321184402443,27.452883832274377,-1.494562647871934,29.152428331926448,28.881904311730022,29.525034109171127,0.27052402019642585
2021-01-16 12:00:00,27.58993498813535,27.46101447935357,27.91224788511879,29.287862110537567,22.479640192612074,21.633372141114005,24.731856028371524,23.846611994135248,21.438915574221284,24.814949775732565,28.741510899566023,24.8390126601295,28.60405290874713,-3.765040248617627,28.82982839628757,29.12863608961796,29.51795855201859,-0.2988076933303887
2021-02-15 00:00:00,28.842155275630667,27.4386094071462,27.747786056473906,29.073795146500974,21.858099363630295,21.005383835519478,24.211315440491735,23.36100203704594,22.77819865139201,24.3316237684029,29.079290491270516,24.38272397001493,29.49367197986831,-5.110948009853381,28.73234709100499,29.246012935923527,29.424164157631456,-0.5136658449185383
2021-03-16 12:00:00,29.13065261887345,27.457597216472543,27.70485183733101,28.9302848724918,21.67647095060495,20.78164084368599,24.155562514382208,23.35305888070236,22.810096599604652,24.277596109304266,29.355117599266634,24.406102234346697,30.116273846193707,-5.710171611847009,29.040988287569448,29.391359529866868,29.570846776858595,-0.35037124229742034
2021-04-16 00:00:00,28.88289868605047,28.119538043629472,28.07028468206364,29.118544832537932,22.05245620749373,21.039576863656716,24.291945065625242,23.53332000018525,21.42019535657426,24.436971767718735,29.411122650998323,24.603266825414845,29.923143025060575,-5.31987619964573,29.89892887685846,29.793809699639628,30.2023354015392,0.1051191772188318
2021-05-16 12:00:00,26.3508720304556,28.034121408950206,28.521182712157756,29.447335115116427,22.78431375417463,21.623238444725338,24.577557998474784,23.810358385447017,19.06645908676212,24.710175717381542,28.799132011072032,24.862341420781984,28.582660684215167,-3.7203192634331828,30.391747224461383,29.84222933833453,30.225462187640638,0.5495178861268535
2021-06-16 00:00:00,23.98079765878417,27.137133624834902,28.43596988190566,29.662261080636082,24.384831928987985,22.967223852375735,25.177353218842885,24.424089784365005,16.541386521940844,25.49341449632717,27.83644303981458,25.509689833514884,27.31971597525952,-1.8100261417446362,29.713747279689223,29.222671853950864,29.400823273971024,0.4910754257383587
2021-07-16 12:00:00,23.16574167835532,26.681928394868503,28.058348935364144,29.513268889302644,25.80634049898108,24.249616702916025,26.12988243201217,25.601434675554216,15.319901503671861,26.46660611673349,27.017049014817793,26.55423754505151,26.341832601816396,0.21240494323511427,28.861610141516646,28.271987950419792,28.584168541211675,0.5896221910968542
2021-08-16 12:00:00,22.996235683880858,26.07804735465095,27.575811503138187,29.36292358827452,26.671316398847786,25.139426835729036,27.2111301155302,26.803681051060238,14.713772501872587,27.262133262467454,26.52090678247467,27.400105076906453,25.584353868998196,1.8157512079082565,28.510592271019714,27.446186810970435,28.29157590190201,1.0644054600492794
2021-09-16 00:00:00,23.201031206966285,25.994337582029374,27.46398459926651,29.34497128397562,27.03516867779247,25.58854606467867,27.918259577920903,27.543876422664052,14.57182773070431,27.78666000376733,26.46904221824179,28.017225925519448,25.298400771984177,2.7188251535352705,28.707582315519442,27.02374954468391,28.43091649740583,1.683832770835533
2021-10-16 12:00:00,23.870480464033882,26.278079301356104,27.60072318146267,29.5210152718255,26.63047570809372,25.441512524910035,27.975211325188038,27.5967532676019,15.37258274005577,27.860755712495205,26.822853742159754,28.138732422351925,25.468114723987576,2.6706176983643495,29.126347147416336,27.158448558388763,28.695808140367713,1.9678985890275733
2021-11-16 00:00:00,24.701442844548644,26.78696892970228,28.011949089404194,29.68042492035535,25.21872013862635,24.258088884389274,27.192243336864717,26.69485329896949,17.260063864947366,27.10898832275312,27.481953439844514,27.36519414665722,26.155848121535136,1.209346025122084,29.168749712731305,27.965130769642755,28.98172432422641,1.20361894308855
2021-12-16 12:00:00,26.01263634585298,27.198076089297597,28.15599386937648,29.542121855056013,23.68816294405587,22.815961156477805,25.865538466003375,25.15762904332744,19.400570407077193,25.884548733373673,28.18351691782174,26.024503930338998,27.009980366893895,-0.9854764365548974,28.991174933630617,28.802402888840184,29.26664412640695,0.18877204479043286
2022-01-16 12:00:00,27.625003736169518,27.655776460318872,28.21748434161764,29.30397275122118,22.43928921144213,21.63982595106656,24.85325278846058,24.048347149024696,21.7804596749,24.916103098551147,28.752228420953998,25.02549113486775,28.26229543636365,-3.2368043014959014,28.670895620566117,29.24367205176166,29.2593511963571,-0.5727764311955426
2022-02-15 00:00:00,28.830843242982894,27.957427033417606,28.275247902261626,29.15157579005712,21.86884268380815,21.086139266664254,24.36501830737454,23.559048650081444,23.227841541538066,24.46529779679866,29.22457345534067,24.568147619132457,29.569999986637548,-5.001852367505091,28.688039692841624,29.286966694336208,29.335533098810185,-0.5989270014945838
2022-03-16 12:00:00,29.363031731065174,28.19152276747439,28.25088943779819,29.104889513799762,21.72724424112279,20.983875885578453,24.327024486707845,23.62900876812531,22.815429449612214,24.45966291863132,29.510768544393027,24.66511803445557,30.373899727784387,-5.708781693328817,29.122679476719373,29.476649414430725,29.69604386712045,-0.35396993771135143
2022-04-16 00:00:00,29.19556881804523,28.771434847703826,28.634266074347067,29.284909988626005,22.067177712727524,21.257160146192284,24.581949789633825,23.93970711880206,21.04853479582211,24.72391584108196,29.53335560326305,25.01433684505807,30.24575335228904,-5.231416507230968,30.007823774821293,30.004155772719223,30.43086871829632,0.0036680021020707443
2022-05-16 12:00:00,27.26479139986253,28.656204253348086,28.925141743091007,29.589046276315056,22.952353739413162,21.99153633665343,24.932668916523603,24.19199772425242,19.01143355840426,25.076514025735353,28.898837917972823,25.262967104505986,28.876723171811,-3.6137560673050153,30.45795141996158,29.986903642713813,30.352617594979858,0.4710477772477688
2022-06-16 00:00:00,24.837331923787513,27.302279097446615,28.471177207841,29.72116435522839,24.288680241194303,23.004703016634288,25.395577800968198,24.678412860300625,16.926402796617047,25.667898351842265,27.873126177853283,25.79416061210075,27.42513649360965,-1.630975881508899,29.789280217916758,29.459811823402738,29.39869622385015,0.32946839451402
2022-07-16 12:00:00,23.704621030134447,26.70089923809988,27.983258509437018,29.46224366842438,25.76712843176591,24.237231412909324,26.303663841742786,25.770699973031384,15.427296205032517,26.602188890008655,27.03455453063895,26.726375416587654,26.405146942205068,0.32122847438258617,28.798067441147477,28.775391923772037,28.508649521781106,0.022675517375439824
2022-08-16 12:00:00,23.28966122126508,26.11343817046994,27.47297489875357,29.281176831004867,26.687769154936365,25.089100029041646,27.386156763646277,26.97097643830591,14.699353172534659,27.36496296366367,26.53700554144594,27.518604186250922,25.609617643511275,1.9089865427396475,28.50611542602539,27.778703717146836,28.267661681984574,0.7274117088785523
2022-09-16 00:00:00,23.459089404452392,26.006954101260824,27.27113067754368,29.24408978516166,27.136828796312496,25.72039122442991,28.174911066702776,27.820118040719883,14.670149166690763,27.98390154356704,26.487490806313318,28.22307446476005,25.293726969047455,2.9293474957125945,28.74539380621901,27.20950958266608,28.458349747484345,1.5358842235529302
2022-10-16 12:00:00,23.99927054590836,26.288681966757235,27.543121069938948,29.522590551010346,26.75941141103655,25.579191994336863,28.13259243904735,27.807630533793308,15.524173046942554,28.010453947514286,26.8274888994829,28.29505661914641,25.529003610004523,2.7660530091418885,29.216398450132033,27.277821853859287,28.823903182111632,1.9385765962727461
2022-11-16 00:00:00,24.855187393195138,26.685541864740106,27.798242314482334,29.618128932725348,25.509531415314814,24.556176715412,27.35394272132422,26.888379941492545,17.382305348697486,27.29761566582576,27.498285011940794,27.539152971576964,26.2713430603922,1.267809911184763,29.26739820558078,28.01864891784584,29.16399138518181,1.2487492877349382
2022-12-16 12:00:00,25.930187436341825,26.950164969255027,27.85516994912708,29.387214135321653,23.85411517994506,23.096191430010016,26.11439270168003,25.437567716073524,19.480808523799976,26.106815195310556,28.18978114907575,26.278281013482285,27.311344724414212,-1.033063710931927,29.153898349556513,28.980169564708604,29.475749781278513,0.17372878484790988
2023-01-16 12:00:00,27.52304285184016,27.238549425446003,27.826196952864603,29.106031077113194,22.61720908948366,21.85185570731711,24.982800287506155,24.11587868410211,21.58807868923725,25.044186470110777,28.780613772844415,25.10513858353179,28.66620207576194,-3.5610634922301507,29.01065187847858,29.447371907257885,29.723452027455103,-0.4367200287793054
2023-02-15 00:00:00,28.713975289406754,27.455264268130616,27.88362954049703,28.937088442391076,21.975593540415048,21.209138664037543,24.434490346353343,23.583793118543564,23.051763563173775,24.532834396320663,29.127577320856695,24.589391690960927,29.93122285027052,-5.341831159309592,28.760517252870503,29.286942583130863,29.437947153502382,-0.5264253302603592
2023-03-16 12:00:00,28.995026213827874,27.31385087341224,27.79402913760692,28.926038556753248,21.80682769235395,21.013204744938406,24.332935836556665,23.529302692331882,22.52608516307789,24.436395478139683,29.416156201525137,24.54668479057496,30.05233726419037,-5.5056524736154095,29.02363769805046,29.572113606023848,29.54162373373317,-0.548475907973387
2023-04-16 00:00:00,28.960747584036685,28.069369401383252,28.062633357192738,29.06396061338242,22.128798855411503,21.196940014934803,24.514751822269794,23.752013058786613,21.08997655676215,24.62816567128196,29.46180578801582,24.795949173688484,29.971873039925974,-5.17592386623749,29.817279908283147,29.997963762602286,30.163870959479706,-0.18068385431913825
2023-05-16 12:00:00,26.36000486702594,28.267797245771444,28.560308426711394,29.341915227136695,22.959469952900278,21.84382229587056,24.83615561532385,24.053783876825833,18.94246450290536,24.970522087427703,28.834916056652073,25.088726189513533,28.68995341974609,-3.6012272302325563,30.24538245970735,30.003949799442,30.22919882879678,0.2414326602653496
2023-06-16 00:00:00,24.143315442779247,27.319478843919683,28.51765784150447,29.680914979475165,24.132046234608442,22.70621058050769,25.32863097620147,24.57444563059137,17.07800594257664,25.575251542619753,27.88852189224616,25.667388512168113,27.246582233450162,-1.5791937212820493,29.745907307588645,29.459540099015502,29.440205773706417,0.286367208573143
2023-07-16 12:00:00,23.308805621820653,26.873787547947703,28.21440288272457,29.587432381793374,25.4942284141488,23.96405931667765,26.211370941725765,25.6919968549488,15.361953610143429,26.47831737115191,27.101181389424337,26.65064419862076,26.182252266424637,0.4683919321961234,28.88616025879652,28.75900273021456,28.618315376197632,0.12715752858195728
2023-08-16 12:00:00,23.175268294752133,26.338028829956183,27.747101601045106,29.404776451523386,26.539704820226408,25.03307964261373,27.286066952180622,26.94355673719849,14.65147015351501,27.31138249648095,26.630419325563732,27.511930561482462,25.49230639539439,2.0196241660880716,28.59730248559575,28.011364212624937,28.36923616564936,0.5859382729708145
2023-09-16 00:00:00,23.358229455293614,26.053289123585067,27.452648254631043,29.324275610685458,27.08805971534879,25.636988520804334,28.021287327344762,27.725737219520404,14.692171353262314,27.910170802786574,26.59571861079364,28.170596026269873,25.33153108104117,2.839064945228703,28.78479702632515,27.57163212401246,28.531736440381195,1.2131649023126911
2023-10-16 12:00:00,24.102387032607027,26.277557275861504,27.601777625870266,29.57504709215475,26.689236099722436,25.464091665094422,28.06006526593304,27.69377574781222,15.578675770958839,27.957644664129543,26.95647389997639,28.212156661975126,25.586429061385537,2.625727600589588,29.276352096565585,27.682446986784708,28.918481069558936,1.5939051097808772
2023-11-16 00:00:00,25.085234430927574,26.774717821960724,27.90545895071054,29.784707032451063,25.396315883944276,24.320953095619906,27.304030625904883,26.806876135785323,17.518135851732136,27.242415686202943,27.651713989163134,27.480008009544534,26.24969207272012,1.2303159368244145,29.492686753560797,28.43874561506518,29.40081619738122,1.0539411384956168
2023-12-16 12:00:00,25.861333276595207,27.14069516563405,27.950850965830778,29.583207121931455,23.756716409048558,22.84466716864092,26.075626859313665,25.389300164086094,19.523438018844,26.060606423471768,28.318193453871412,26.24854861147496,27.22230717451528,-0.9737585630403203,29.256424110713148,29.119533460985046,29.63021341916633,0.13689064972810172
2024-01-16 12:00:00,27.604423137739392,27.50530967839914,27.898951516463597,29.226522247907113,22.66526851524442,21.697324489404433,24.9187240218956,24.01622670140925,21.52111560293283,24.981014484172857,28.843366775753786,25.01640409881003,28.534033777789034,-3.517629678979006,28.87808129279482,29.289326059283255,29.567055543725317,-0.41124476648843356
2024-02-15 12:00:00,28.781100811433042,27.6104706777537,27.84141126436843,29.00617255882138,21.973826177668837,21.058132080188848,24.34014847932858,23.426749053919135,22.92946953318896,24.446003872012035,29.237977659630047,24.4757690746166,29.558685939290992,-5.082916864674392,28.709076119987596,29.14790458809925,29.419694210983163,-0.4388284681116552
2024-03-16 12:00:00,29.171096765313525,27.645677574077066,27.92374492562321,29.0525666664945,21.758830920335598,20.843877702556647,24.18968388979389,23.35898371591987,22.853958341265553,24.32094944600755,29.524951250975366,24.433416497312848,30.30720752890222,-5.8737910315893735,29.171584781601062,29.465659180549064,29.765088394033196,-0.2940743989480019
2024-04-16 00:00:00,28.964225327036047,28.25432285375998,28.301970965812163,29.27703061305257,22.04365833078995,21.083217475966073,24.34854090841822,23.57043594103588,21.235386576282156,24.480896342600726,29.557115541608383,24.635973557091408,29.904831622669025,-5.268858065577618,29.98004456794213,29.98584144283909,30.37961557865283,-0.00579687489695857
2024-05-16 12:00:00,26.310155648101773,28.202356462180624,28.710372602465075,29.680704378466356,22.980789483533,21.841516888621342,24.66091651184503,23.859435588349466,18.871252728842276,24.80977675457982,28.90543880635405,24.898491914562552,28.58202725594853,-3.68353534138598,30.49526285928221,30.07672180939593,30.459756372419907,0.4185410498862794
2024-06-16 00:00:00,23.98461534038339,27.241982364056085,28.565274580055615,29.8973889680438,24.43469841982066,22.987971958588606,25.264860040644688,24.451766328979254,16.684961407591448,25.522820742042697,27.933120794208957,25.515422039590987,27.229529929094053,-1.7141078895030653,29.88954218232727,29.55565430268822,29.57808136463851,0.33388787963904676
2024-07-16 12:00:00,23.098939007603665,26.770620763088477,28.223733568333852,29.77084434080982,25.80275796661523,24.086323440733274,26.157309901213413,25.52303015789856,15.321980044918522,26.454938063840466,27.106271942392738,26.505035441767586,26.16933811685518,0.335697324912406,28.87536468743829,28.82833961908244,28.546519295897806,0.04702506835585041
2024-08-16 12:00:00,22.959228987403844,26.09190968445256,27.629911172899998,29.495057298887932,26.75870935922899,25.090597932020536,27.197147813069872,26.75684688636347,14.767600824723694,27.267460613135704,26.571833280922103,27.407700641258984,25.53718655709121,1.8705140841677732,28.556195883539903,27.838479902988816,28.254556403254696,0.7177159805510875
2024-09-16 00:00:00,22.987175122733298,25.80956913023859,27.303345421027164,29.314855494261263,27.18331550870485,25.616886684345722,27.9400445870851,27.581640580657517,14.85900089843006,27.84374384164878,26.470507616823117,28.059525140402982,25.295531437569895,2.763993702833087,28.68768783938867,27.323465173565662,28.3581791700402,1.3642226658230072
2024-10-16 12:00:00,23.623321194901557,26.057724132372908,27.45593643620464,29.517483541423665,26.617339962035583,25.32720913234261,28.063660642413264,27.659835122347523,15.810717987423336,27.936577065442787,26.821765218183913,28.205685582238583,25.497032022016693,2.70865356022189,29.2152455764999,27.512303988055812,28.75387460117332,1.7029415884440873
2024-11-16 00:00:00,24.860472451790105,26.68888340952077,27.788012308815674,29.703380233542003,25.250347398273096,24.331333294253753,27.41226290494106,26.873453410403762,17.594646110100804,27.292869457809708,27.527112515094032,27.542929597386212,26.205524412569595,1.3374051848166175,29.331435728004905,28.405619542124636,29.126238618574988,0.9258161858802687
2024-12-16 12:00:00,25.878394134070707,27.032580782232543,27.90741136180661,29.51289951735446,23.636553688939962,22.818929529948555,26.011118786966968,25.297483649016808,19.827044081030742,25.978508873170636,28.244041982591828,26.153934335508456,27.171730259140837,-1.0177959236323808,29.126682183344183,29.186904939672672,29.455721810576712,-0.06022275632848917
2025-01-16 12:00:00,27.71711025808337,27.387585507423438,27.85437557656384,29.18374158912716,22.516873738946632,21.64422636471289,24.901255272939867,24.012685436794097,21.397872975684397,24.943716747847766,28.80784771165777,24.996330631494853,28.64033510765947,-3.6440044761646178,28.823715876280332,29.23511612081016,29.43662671751876,-0.4114002445298297
2025-02-15 00:00:00,28.923455239280038,27.387378297859584,27.72477822222788,29.043898944238716,21.92355241735255,21.0729187230631,24.389420110108116,23.503755788211862,22.49605280503978,24.46996720356198,29.195218532279977,24.51458395641152,29.80527905282189,-5.290695096410371,28.686108525960474,29.075869927034915,29.336215493755716,-0.38976140107444124
2025-03-16 12:00:00,29.325483796374687,27.66475242993004,27.801834072854092,28.995039107165358,21.72032779142582,20.81968906455394,24.23843942955983,23.393694696796192,22.311187979991026,24.335711122988474,29.432588496204723,24.438525896119632,30.355239469541228,-5.916713573421596,29.06028751084635,29.334201747421737,29.620323508245537,-0.2739142365753864
2025-04-16 00:00:00,29.07667015736483,28.48226976071474,28.275016222435973,29.204113039640685,21.993294788776314,21.014752666812544,24.35394549788301,23.55618003767317,20.94644431246038,24.46911210102351,29.474048578663673,24.620032752990003,30.06516640656476,-5.445133653574757,29.83026883959285,29.834175706386254,30.200879360616142,-0.003906866793403907
2025-05-16 12:00:00,26.757209145809306,28.21856140917404,28.553424091437908,29.532136495613297,22.720298723407733,21.599147778249833,24.663161887854503,23.893761022167297,18.908176499280277,24.778137818932006,28.83363278068746,24.92157912040114,28.535863772132082,-3.614284651730941,30.459558480641377,29.922949591196414,30.318889284467705,0.5366088894449632
2025-06-16 00:00:00,24.47325583291797,27.27908514939998,28.443853995240445,29.811898392942567,24.113473774502516,22.817043336455193,25.26912014794535,24.584960560716834,16.82227348751378,25.531479756264755,27.89523233761183,25.64199603932432,27.176778125247193,-1.534782085922874,29.744826439273897,29.430977015993125,29.40884642226704,0.3138494232807716
2025-07-16 12:00:00,23.42108338787725,26.79536454017201,28.108442951485536,29.673614903928637,25.70551839414086,24.11203427388388,26.29706586046977,25.835852725749398,15.394436490264349,26.58028016383295,27.065250842267382,26.748619538807677,26.14459892508784,0.6040206137198361,28.913473388033736,28.50024961800657,28.588174209206706,0.4132237700271659
2025-08-16 12:00:00,23.243978380218444,26.250776105734047,27.49398977915953,29.348436132235307,26.52558643103759,24.861388127547638,27.30599551642225,26.914307629327862,14.723124436300832,27.30350571267448,26.562496237682403,27.497807483281374,25.48020642502081,2.0176010582605635,28.5494046130465,27.382646399706996,28.282318598667782,1.1667582133395058
2025-09-16 00:00:00,23.491134485807574,26.0193334215209,27.21078242711899,29.173826146011443,27.063327072502194,25.614995658614507,28.04028264921308,27.75921484536828,14.63435514042933,27.89893063534792,26.490953094159757,28.21637016063912,25.320002357772204,2.8963678028669158,28.744392243765535,26.878515447192356,28.480427125530905,1.865876796573179
2025-10-16 12:00:00,23.90064825835008,26.121633149983683,27.361242553061437,29.38917492141118,26.702517114982236,25.515609110274003,28.10604383820819,27.828893048614255,15.564475355781854,28.015330603421944,26.825211299624588,28.35023292081462,25.63472241372551,2.7155105070891103,29.20711862795272,27.14241368134344,28.804678863705742,2.064704946609279
2025-11-16 00:00:00,24.82924271775995,26.512668908723768,27.568564095574967,29.463693731716145,25.396268655937398,24.421340707722322,27.301877651719447,26.8515660503759,17.137540988620113,27.269307821263922,27.477203909556195,27.52625083836236,26.391650720784934,1.134600117577424,29.240075508253067,27.99240837168918,29.043122043444676,1.2476671365638872
2025-12-16 12:00:00,25.66925158276991,26.85398449051564,27.71359589369124,29.39423082180979,23.87191655688883,23.12194952521505,26.1108555303784,25.48633747988049,19.45678418193606,26.14549778408848,28.128501175594828,26.327055535563083,27.28418911743198,-0.9571335818688951,29.02739534050303,28.87826446071058,29.313289414079854,0.14913087979245176
2026-01-16 12:00:00,27.504123491431898,27.2181681331958,27.681805730444694,29.178577185038833,22.73364725810578,21.90495067400712,24.91361272678879,24.069922161559585,21.872508536580263,25.028846198186713,28.68780540860514,25.056140340522532,28.585462370225525,-3.5293220297029926,28.877931075188446,29.21214201654571,29.50423912383219,-0.3342109413572629
2026-02-15 00:00:00,28.90266893519249,27.473080043647123,27.722143319446815,28.99798588334456,22.025735395963693,21.091479178167337,24.330870171905964,23.41197197405835,22.751648529335895,24.466375501381233,29.16036881922854,24.461740624875784,29.84299515598384,-5.3812545311080555,28.73158302863561,29.134608079139674,29.3701416049526,-0.4030250505040627
2026-03-16 12:00:00,29.209840395667346,27.78996542420775,27.918597576812854,28.942493024103342,21.83160438433479,20.97522104920392,24.306434347393697,23.514125507342293,22.567978399962254,24.45101695254605,29.453185217212752,24.56180733163351,30.296930653510856,-5.735123321877346,29.117381539556867,29.391383046839216,29.727409978243173,-0.2740015072823496
2026-04-16 00:00:00,28.978198513746406,28.317150895674928,28.19346428153574,29.104389953181062,22.02247500455899,21.13795451716564,24.456932693048877,23.7566703220647,21.38103696601637,24.60488703815521,29.45742802648547,24.814876630382187,30.03878154935379,-5.223904918971602,29.82949610322705,29.955398780286593,30.164342240301036,-0.1259026770595426
2026-05-16 12:00:00,26.810574653463746,28.210923570277956,28.66654823639133,29.577020819343897,22.80704518317248,21.751871369400636,24.789274392391956,24.086126037013376,18.857912207910527,24.944506367674904,28.868580530898754,25.154863899431287,28.586947038008464,-3.432083138577177,30.43598513881828,29.894029239363363,30.34022776229029,0.5419558994549156
2026-06-16 00:00:00,24.2440299295606,27.41135860950824,28.717908079336993,29.8247312936371,24.120985636736833,22.75678132050455,25.315145387209437,24.614191654961534,16.917853044063424,25.582453459514102,27.92757357677443,25.725638855023675,27.278165524235643,-1.552526669211968,29.734420830969125,29.40063035989314,29.40746928983774,0.3337904710759858
2026-07-16 12:00:00,23.239764786393952,26.93663110420818,28.34598865777057,29.724311620848155,25.58914985782946,24.07202658682474,26.217584161766496,25.727770430220772,15.461991774811276,26.507866262922207,27.09341819480861,26.6849696956723,26.197975403132187,0.48699429254011406,28.841987636278407,28.739305883991268,28.52919154008149,0.10268175228713972
2026-08-16 12:00:00,23.038326514524794,26.260542049414866,27.66125282421511,29.447638467240296,26.58765104058452,25.020862519972187,27.273798797611587,26.926389070973503,14.762357520868047,27.311932492655533,26.59755282160333,27.523877864879665,25.415792529964804,2.108085334914861,28.614996602513468,27.810389120756163,28.37001086969472,0.804607481757305
2026-09-16 00:00:00,23.57506303259907,26.07706390752563,27.389646651007823,29.332967771965034,27.169610087936068,25.747228881343183,28.094936522941424,27.828158349604298,14.796817764984793,27.950264070259095,26.546690934543296,28.233721679919068,25.2091477045456,3.0245739753734675,28.81064095151621,27.07444475559724,28.501654485281005,1.7361961959189678
2026-10-16 12:00:00,24.083267098508195,26.312058481769984,27.588569886654543,29.528242435289055,26.890121981978975,25.70697698380921,28.171973164134048,27.837289405621537,15.648950837531858,28.06347053745814,26.87081789724151,28.333688074713184,25.56127548102226,2.772412593690923,29.19110703516488,27.09989849461791,28.825878382901735,2.091208540546969
2026-11-16 00:00:00,25.003442383743337,26.73706714898575,27.840077357071852,29.741207517222776,25.480269724314898,24.566009375737053,27.424531508457438,26.977950266968158,17.36149274508489,27.3528420750724,27.547381635992096,27.617465877416773,26.295474007465717,1.3219918699510558,29.340955790516936,27.85099994662388,29.131691969259343,1.489955843893057
2026-12-16 12:00:00,25.9870676789313,27.046454345482054,27.962285520719902,29.66558161986731,23.84214281889256,23.043767469112105,26.13640567052179,25.511963121110423,19.435842716042927,26.13023840815878,28.237223601929752,26.338740305460963,27.184681309091246,-0.8459410036302835,29.24622083471991,28.884170158964082,29.531915570702623,0.36205067575582817
2027-01-16 12:00:00,27.421165837914806,27.485457214891373,28.017047198852477,29.473092914688806,22.589431345808332,21.82730427590205,25.008667024612272,24.228521621046887,21.347260397832194,25.063841814520117,28.805600576514312,25.184700226359254,28.617225118064102,-3.4325248917048476,29.100125295904217,29.257349127174948,29.792868516352133,-0.15722383127073059
2027-02-15 00:00:00,28.825345921258272,27.73289762502159,28.072682416253695,29.304066555371076,21.91031246350826,21.179016546434486,24.486690974347045,23.682066906932484,22.611205056958998,24.548021989482436,29.226554345722782,24.671264040321738,29.92551572885289,-5.254251688531152,28.84735236848597,29.275024387845406,29.538502910060803,-0.42767201935943433
2027-03-16 12:00:00,29.29623419332425,27.8286117048854,27.956666516754694,29.101169203282492,21.67445671980695,20.86771697874078,24.22743151691533,23.427378498278568,22.53320430462372,24.315553478864796,29.51781101742093,24.46199570916323,30.34378773805394,-5.881792028890711,29.190565730905742,29.490193918761737,29.775269122626568,-0.2996281878559941
2027-04-16 00:00:00,29.13914463602584,28.29622305705893,28.154345851249257,29.233174556551557,21.93651517701364,21.036605809694844,24.323625138428113,23.562926310886365,21.057407795176285,24.43308386860131,29.544597871445824,24.61037452959857,30.017085731454245,-5.406711201855675,30.107581710582956,30.15633375166784,30.547397799976217,-0.04875204108488518
2027-05-16 12:00:00,26.74603030606158,28.111478631775693,28.59770311387904,29.61159487344584,22.840104711910584,21.71730092645192,24.652797646467636,23.866994732119213,19.186982135574823,24.778276239072888,28.895544563401355,24.892788638634528,28.554213936288143,-3.661425297653615,30.483957563332947,30.003210018377814,30.416717900324237,0.4807475449551326
2027-06-16 00:00:00,24.248214685488943,27.187162977729947,28.609257718130934,29.919635275140646,24.13440558973367,22.775640313690793,25.271316220518848,24.54221872908495,16.90823835672232,25.498337358830423,27.957063335756065,25.582914279826625,27.24488784598832,-1.661973566161695,29.780793644829,29.620884213727702,29.45417262469723,0.15990943110129763
2027-07-16 12:00:00,23.270544566820146,26.863007170713598,28.2833487924114,29.72330355436632,25.44318852145674,23.900797284917598,26.22354251471913,25.70858013316947,15.521631967703591,26.449385726141433,27.14385937057578,26.620196791482055,26.101714505134776,0.5184822863472789,28.813471664189176,29.054898767955265,28.54436699088137,-0.2414271037660889
2027-08-16 12:00:00,23.015256305174503,26.119738826561456,27.534005621668882,29.417976785665946,26.533620705924324,25.008405627507706,27.31256246487128,26.969364187192426,14.665329187703696,27.287677228939074,26.646567330857067,27.512440319030922,25.388063016301604,2.124377302729318,28.5517939445754,28.324942460922745,28.34321845287925,0.22685148365265562
2027-09-16 00:00:00,23.45852944422637,25.946553491574168,27.220015140751403,29.21741209506503,27.023575204887948,25.557272192670826,28.018850993635304,27.766930069166683,14.665382039542832,27.855381547256826,26.582393940536658,28.188863711082668,25.18004815683622,3.0088155542464463,28.763941829732666,27.82553916225863,28.533300089770872,0.9384026674740369
2027-10-16 12:00:00,24.235704088292223,26.290331627584575,27.49294664903764,29.465468998126642,26.653345899155486,25.421428616567315,28.11186421048184,27.775269283632564,15.734261516300217,27.97982050007656,26.983682950820103,28.30580629402866,25.513740912160127,2.7920653818685324,29.408252977655053,27.979151005827443,29.062352512004658,1.4291019718276097
2027-11-16 00:00:00,25.230986857803405,26.701142558676324,27.71758146021808,29.589841114014632,25.355938766324442,24.391591874483247,27.344652227746973,26.85616090166406,17.50038976308327,27.251979398205492,27.651725393375855,27.520366450981793,26.311969947966343,1.2083965030154502,29.441805022575437,28.549691259793107,29.393052593038544,0.8921137627823299
2027-12-16 12:00:00,26.196438400503947,27.1365071623393,27.89938600028942,29.50849934488276,23.802140629944468,22.924815044134263,26.027795245403098,25.302944189059,19.759389338932163,26.025760212319323,28.3604865133724,26.17735255856309,27.32438033352572,-1.1470277749626305,29.148226401662175,29.403662857265417,29.492869043226932,-0.2554364556032418
2028-01-16 12:00:00,27.71017333516924,27.388837352748297,27.936214120812988,29.30261709645874,22.576001158473264,21.67263874043934,24.865637872469108,23.991032317893293,21.836483013297,24.9253466447359,28.957857401977098,24.98667465106073,28.65803568307279,-3.671361032012058,28.869405187249356,29.427333290882192,29.528521633028845,-0.5579281036328361
2028-02-15 12:00:00,28.83905986441308,27.36332601738709,27.7014689381742,29.035606679344756,21.940652538523906,21.021632051941463,24.261405223797738,23.35867230773369,22.771782891533856,24.3610201548309,29.312839183134884,24.39657832911264,29.82593235668366,-5.429354027571019,28.720023588930992,29.173657451293817,29.35987355110417,-0.45363386236282466
2028-03-16 12:00:00,29.3190943937482,27.543044752553257,27.671466009454008,28.932122094279613,21.722150930481675,20.792299804517743,24.115283012182882,23.305365428835536,22.692567107945,24.24248833596098,29.56821238112033,24.365972605872845,30.131022705271384,-5.76505009939854,29.11652705448275,29.448595527682798,29.641103889822517,-0.3320684732000494
2028-04-16 00:00:00,29.071241956475042,28.197793225120666,28.179688797375462,29.16508675621083,21.972883423672247,20.951043056971056,24.274187702431128,23.560942233160922,21.073862813867663,24.413807406615653,29.592408163066786,24.62449516715107,29.92176424312319,-5.2972690759721175,30.11714294118836,30.12004909199096,30.409853469141726,-0.0029061508026018146
2028-05-16 12:00:00,26.938399706999274,28.47317653994798,28.61867462111026,29.48823640173697,22.743598230693607,21.531124764085153,24.514497953406465,23.751826052668413,19.23061062915498,24.660758759465928,28.984385749302593,24.83162992364049,28.531302987372545,-3.699673063732053,30.57526089673413,30.15559808525083,30.49346746103448,0.419662811483299
2028-06-16 00:00:00,24.119922555917217,27.421537814038913,28.62171925934647,29.87199079966795,24.302619138066305,22.835993117327373,25.09491064927238,24.3667405536876,17.238125295722224,25.42269380134943,27.994841696749443,25.48084790141176,27.22680784024167,-1.745959938829909,29.798341645845763,29.64014948324716,29.528039550056153,0.1581921625986027
2028-07-16 12:00:00,23.221780626048435,26.98043844744949,28.429014292822067,29.831573422832356,25.890062202083868,24.248958511819584,26.05985747833504,25.526398852993438,15.705419881906224,26.45779192592167,27.167007177551742,26.522991932348503,26.18278640382438,0.3402055285241232,28.79492612601994,29.01824284255384,28.529824848499775,-0.22331671653389762
2028-08-16 12:00:00,23.188430836798787,26.426291429795967,27.90016020698613,29.702289578999448,26.848853023807674,25.284144729142117,27.187192577734237,26.833300700720876,14.992532369294064,27.30200663260693,26.673263775270467,27.435554309083205,25.505030240499956,1.9305240685832494,28.483755396502115,28.255521361172402,28.237527007725078,0.22823403532971298
2028-09-16 00:00:00,23.595454738252077,26.13666064130142,27.621375765577923,29.728571490098467,27.300294967655883,25.903648997305165,27.9542760310705,27.689582386376973,15.016882914260467,27.899507323350697,26.621848132914067,28.150820547127314,25.28693741590126,2.8638831312260535,28.755919081983485,27.756421230564875,28.439554522257147,0.9994978514186101
2028-10-16 12:00:00,24.45441856451478,26.613695871095484,27.924160007820483,29.974014789210127,26.892010977076428,25.716866278994615,28.01570371417633,27.686999736803592,15.907161296720535,27.961665771350876,27.05207870216766,28.19881815538359,25.492429197828322,2.7063889575552693,29.35026803113468,27.868885285526975,28.928802918007225,1.4813827456077036
2028-11-16 00:00:00,25.27942264744009,27.040535430667138,28.212484752584952,30.003475539577025,25.59129936957484,24.592299971294665,27.288856819230066,26.831084740015882,17.66885807979454,27.267367594379206,27.731094397549107,27.484249829516454,26.242182470082597,1.2420673594338574,29.336391266656364,28.55308913426497,29.271198173443118,0.7833021323913947
2028-12-16 12:00:00,26.51205594376935,27.492899048871198,28.422092134643428,30.05188797532975,23.990576006754193,23.112343065443095,26.001723446846086,25.359032903731627,19.945159149864054,26.042628621774647,28.45918364732097,26.19553620852011,27.338921371112328,-1.1433851625922173,29.27570456149103,29.383829231649663,29.64833368907051,-0.10812467015863447
2029-01-16 12:00:00,28.10685139510827,27.749582104042336,28.425797027600208,29.9586375655158,22.702390974387548,21.86896395784079,24.911399237589205,24.14424558675902,21.88121411545259,25.00143534797761,29.031375648802978,25.11239734874297,28.721565398110165,-3.609168049367195,28.92851018801234,29.538049377022297,29.601682395712256,-0.6095391890099577
2029-02-15 00:00:00,28.98247438924557,27.962620310759164,28.397270930783947,29.72768129192322,22.10607540977507,21.315987906729415,24.48647438908314,23.706784726063105,22.97497567985209,24.59410171636789,29.362511520976412,24.696768805365238,30.009762287501193,-5.312993482135955,28.734155554526726,29.396065672482976,29.411786442847923,-0.6619101179562499
2029-03-16 12:00:00,29.481901522178422,27.952918372421575,28.326069889276326,29.60351281635143,21.88457583483634,21.075590824594407,24.36370583484491,23.65884740145688,22.669594057832015,24.478880842488245,29.649030406182142,24.674484692212236,30.350103242309423,-5.675618550097187,29.169827670763716,29.6313439835968,29.778867698129744,-0.4615163128330835
2029-04-16 00:00:00,29.31740263650553,28.5477787025711,28.607018301594987,29.68077291367945,22.054917517980684,21.116468580129812,24.5205875499995,23.80311276560325,21.352738756319848,24.605370273954872,29.6690630088077,24.855323663592742,30.110656609401833,-5.255332945809091,29.96639171742497,30.07692444610891,30.38575156245607,-0.1105327286839426
2029-05-16 12:00:00,27.328024649763176,28.847204857110146,29.07742174813222,30.05635306856069,23.034568231521284,21.843619388113527,24.789636152562103,23.978888080650123,19.318772041212576,24.918279181887822,29.061461611032037,25.04404692216312,28.75542409853682,-3.711377176373702,30.46099243870096,30.081171897442058,30.35773973966788,0.3798205412589013
2029-06-16 00:00:00,24.79167925646092,27.894784571705856,29.155373018319004,30.391959442272857,24.41297886601889,22.937047171500904,25.345835975194,24.573819827031173,17.02645248522491,25.623375072440215,28.099850444116345,25.68580458714742,27.59003524347157,-1.904230656324149,29.708498066003663,29.573063016113466,29.403140501930256,0.13543504989019794
2029-07-16 12:00:00,23.808108116122494,27.588844221516773,28.93961163893761,30.277157478218104,25.62367853564449,23.944261818050723,26.21534619027182,25.626258689858574,15.742059752011059,26.51395849522147,27.314788784133725,26.644440189224046,26.49690610949625,0.14753407972779442,28.926476019202276,28.862837915964455,28.596463283567044,0.06363810323782104
2029-08-16 12:00:00,23.759292263830726,27.011195876514474,28.43929834505957,30.169698352237965,26.63943053540266,24.989512523624207,27.28686888980458,26.85052984575703,14.982735545615382,27.344718643952824,26.819066305176595,27.52033447887125,25.8282418463623,1.692092632508949,28.614590358201617,27.820916245047353,28.277694012776784,0.793674113154264
2029-09-16 00:00:00,24.128348868104233,26.88719612738711,28.329817078981975,30.107047309117693,27.246535879120678,25.717195203697475,28.074587776978753,27.735861231698806,14.819914029905444,28.004869798272267,26.766222748450158,28.265537670784205,25.659192019583312,2.6063456512008933,28.867962381320115,27.044911491279894,28.45261322841656,1.8230508900402214
2029-10-16 12:00:00,24.710787042444284,27.17355570789814,28.553714360077976,30.24130320898409,26.811914196388994,25.564026496875805,28.194652028392547,27.788980566219898,15.851503433789485,28.13016870481771,27.12441036067106,28.415432587741588,26.002350130301895,2.4130824574396925,29.374417192732476,26.90579805042394,28.866196860684717,2.468619142308537
2029-11-16 00:00:00,25.72360713465355,27.722043906301597,28.87934955739582,30.21594355980466,25.523838262299236,24.475287158772815,27.454948760577736,26.906767255971417,17.533724251596215,27.419865784332266,27.803942409909986,27.657383456427603,26.886857590151823,0.7705258662757792,29.457998731562114,27.68210698983707,29.227202766764794,1.7758917417250437
2029-12-16 12:00:00,26.900429820722177,28.169871889756568,29.06882006026647,30.175689054088735,24.064032449452498,23.172362201455233,26.21323930395374,25.52967470609366,19.360187419619308,26.265834034768673,28.553988664603274,26.423388827915208,27.921246955014293,-1.4978581270990858,29.374034917230787,28.82694367045189,29.643413575044608,0.5470912467788978
2030-01-16 12:00:00,28.154223350509067,28.405057122462388,29.017014728443613,29.897254681544354,22.842962015272143,21.974946060772673,25.120771996312516,24.268511484078157,21.866322892364405,25.23103072734088,29.199523008286754,25.286579868290147,29.265037907285606,-3.978458038995459,29.305599962355814,29.73955471895397,29.979124636805775,-0.43395475659815475
2030-02-15 00:00:00,29.41744677810422,28.475677663085854,28.846578857944895,29.795987761649513,22.11719732463566,21.25074321291186,24.576064613125318,23.689951403661208,23.16830874812508,24.68614700685652,29.5651873903312,24.74746364421992,30.355052233007207,-5.607588588787287,29.1623583542307,29.739418735521898,29.87444969017065,-0.5770603812911972
2030-03-16 12:00:00,29.80576714676752,28.597354187891575,28.709944492756208,29.576065592022264,21.954812573165157,21.11464870039632,24.536593748220078,23.72679314750732,22.9940321378352,24.643777793638954,29.839746146443442,24.786112579549968,30.82072268356489,-6.034610104014924,29.44243204239714,30.11370729372342,30.130792612153467,-0.6712752513262785
2030-04-16 00:00:00,29.561875242181607,29.03894545972915,28.88859593268094,29.594982704495376,22.2371881780439,21.33424797708318,24.79535817295689,24.00266374874616,21.092481475545043,24.87182562063909,29.865191578654244,25.06424023503041,30.354304775407318,-5.290064540376907,30.243501461098496,30.67804000175224,30.77699589516259,-0.43453854065374387
2030-05-16 12:00:00,27.506502975033232,28.694786664068737,29.04323087304765,29.80122923921233,23.178428246892448,22.047702090611697,25.16395576627689,24.30780916760136,18.959660077059926,25.236657790276805,29.2188531148139,25.349924037962694,28.997051590082155,-3.6471275521194606,30.831691578054112,30.375789570483995,30.88197042192895,0.455902007570117
2030-06-16 00:00:00,25.31925854973866,27.616187738257405,28.801979358154416,29.99259610729854,24.49343398250131,23.085422405902435,25.69015596879123,24.82386171093126,17.026225196603097,25.889584316856915,28.166082408065733,25.921340662810206,27.587561790412007,-1.6662211276018013,30.180081080891306,29.61976223489469,29.880436216001257,0.5603188459966155
2030-07-16 12:00:00,24.182012148120336,27.013080760293864,28.144973095876903,29.576492563299723,26.073167666940925,24.463961498942712,26.522133656790878,25.829007696024338,15.583160945209311,26.80327330079179,27.30169870879632,26.817142899594902,26.54052026377581,0.2766226358190913,29.201916057334444,28.963234662887213,28.937333694002735,0.23868139444723013
2030-08-16 12:00:00,23.336848936940843,26.070805388607567,27.268311101147642,29.12207357979167,27.015317985860662,25.36268315844567,27.594523023695064,27.07938705818296,14.84821152265315,27.60721404936901,26.719058355045977,27.69200628270681,25.779231075359537,1.9127752073472735,28.769410315974056,28.190824875094382,28.501804475534218,0.5785854408796745
2030-09-16 00:00:00,23.46455464474836,25.871735996245917,27.01044347169806,28.91694744794242,27.431650126247852,25.903634601401254,28.26706059867186,27.890130483725894,14.813510569719167,28.140012444568434,26.622530953197273,28.35682285261198,25.536895920732256,2.819926931879724,28.84000128304606,27.740695506767477,28.54170711546606,1.0993057762785838
2030-10-16 12:00:00,23.83620647517338,25.930050608672264,27.154645106648335,29.03483985745693,26.91111766575389,25.664630819917473,28.1837991430772,27.80964139994906,15.55676168792315,28.12163292771046,26.942421925898326,28.373037439746817,25.77437460186585,2.5986628378809655,29.288026268500055,27.888175858951097,28.950699654300774,1.3998504095489572
2030-11-16 00:00:00,24.621569809694176,26.23056293119422,27.238581322823297,29.070210124200784,25.59764563730666,24.560974753809038,27.481061433341782,26.9807262091025,17.304668581988977,27.42355594055979,27.528055876720796,27.642555254348512,26.534973341418194,1.1075819129303177,29.352323208095704,28.604266272467466,29.227220256803356,0.748056935628238
2030-12-16 12:00:00,25.605388679777807,26.43799910000965,27.17603328490809,28.941109194342495,23.863246539229486,22.954335981604036,26.10880397129526,25.40302753245533,19.338541026211338,26.10704398476666,28.164698593123816,26.273236498251556,27.584367565990227,-1.3111310677386712,29.19069080934933,29.263627024021194,29.519174401883173,-0.07293621467186284
2031-01-16 12:00:00,27.29198390223577,26.70249759995843,27.11036514991091,28.759044483588188,22.64266547456513,21.73336459816719,25.01037469466676,24.138553392190502,21.674224612978445,25.066118047585885,28.69500765209752,25.131288197282313,28.714509088997843,-3.5832208917155306,28.85825510799593,29.396164554466985,29.518713958498704,-0.5379094464710548
2031-02-15 00:00:00,28.622603378078033,26.983090885405005,27.19337681112713,28.521840839509267,22.002815771395806,21.063589499948105,24.41164134707957,23.488725576907324,22.691507029763756,24.51080077521819,29.081837601448058,24.523157773052333,29.659519758449473,-5.136361985397141,28.643861215380596,29.189597771982953,29.25630769212285,-0.5457365566023569
2031-03-16 12:00:00,28.851680263506275,27.20578161693619,27.30721799598433,28.45321292100275,21.885932547911665,21.06080743070717,24.329882521095907,23.578033839874067,22.460425667945607,24.46845660453548,29.34098805465373,24.60882483028409,29.98674662100598,-5.377921790721892,29.05895199304758,29.63715999442176,29.50373419548765,-0.5782080013741826
2031-04-16 00:00:00,28.643193075133453,27.932128051908133,27.75019033869942,28.663924198926196,22.15599803171571,21.352902167142833,24.48690765541635,23.872047744904417,21.250936411791688,24.647749733279035,29.36448002624789,24.903062650195352,29.94139265030275,-5.038330000107397,29.79507646824899,29.844682349395494,30.050277742363917,-0.04960588114650477
2031-05-16 12:00:00,26.03517269204211,28.054200675586408,28.349434247214095,29.126841950250867,23.046568262144273,21.97836609966138,24.851038227236533,24.191247949249522,19.26119433476661,25.019535970547185,28.83705297868448,25.2093681408792,28.75487206334927,-3.545503922470072,30.368397276556244,30.076584050724712,30.305646521968246,0.29181322583153246
2031-06-16 00:00:00,23.702025578579633,26.85879587693228,28.159173287722883,29.40800750641451,24.640766470725584,23.254836029446142,25.53012092375855,24.892383545550388,17.057783796278507,25.82464030145219,27.849757213551275,25.92085133910359,27.453959826304306,-1.5331084872007175,29.582533886278995,29.653508129582605,29.24524074730057,-0.0709742433036098
2031-07-16 12:00:00,23.142983186721633,26.544692632642338,27.8071721992745,29.269998110703558,26.161688600469912,24.602810231629825,26.48419848641728,25.97434593653623,15.549572230088122,26.80774230698904,27.07706336621678,26.868926293555873,26.290424132400847,0.5785021611550256,28.72607983302348,29.123025876240742,28.42103819707971,-0.39694604321726246
2031-08-16 12:00:00,23.053880140755822,26.01148566297531,27.339375563300173,29.087145487101882,26.995138096892696,25.41193219652801,27.628834767481003,27.151969824850333,14.89712524628367,27.59599221786493,26.583246059104873,27.65399684982087,25.5602293191375,2.0937675306833725,28.456860950467764,28.464449220489257,28.183867690978015,-0.007588270021493315
2031-09-16 00:00:00,23.201466591362315,25.766664053776708,27.05915836078848,28.971899031755175,27.2683484585324,25.818686705940735,28.326043042187017,27.93170591250706,14.958658310878208,28.099006000775432,26.504354476987956,28.315776658417494,25.36569803898385,2.9500786194336435,28.663647765803663,28.071317323921782,28.409347107855055,0.5923304418818809
2031-10-16 12:00:00,23.927142869355453,26.114072375946634,27.24870817418451,29.152619244288562,26.822864318328648,25.574615418458293,28.316197756836377,27.925579347387682,15.909263817178887,28.145333689606606,26.892706503857116,28.439215302313386,25.667563626993093,2.7716516753202924,29.140839690736406,28.200941519579832,28.8396447670126,0.9398981711565746
2031-11-16 00:00:00,24.60661313928711,26.405456377923098,27.458280567116812,29.226577177325442,25.496317405559154,24.49390555017398,27.52002066689579,26.995799445273615,17.515025454388216,27.409507176809377,27.519654587734394,27.658717633227603,26.303906885108013,1.35481074811959,29.315180914469874,28.74637816304112,29.24915963699204,0.5688027514287555
2031-12-16 12:00:00,25.28385116194182,26.759418094004058,27.565623707046328,29.204796978097665,23.9862894465698,23.134778520534205,26.207033543303748,25.525331991937485,19.419527228468592,26.205075398026825,28.19073743986458,26.38146691475735,27.265095446170804,-0.8836285314134535,29.046421487640856,29.232985881794015,29.336221490105313,-0.18656439415315873
2032-01-16 12:00:00,27.19355920206513,27.274178393554315,27.627726152418887,28.99619344196848,22.75915014196338,21.91881545432047,25.01620269749217,24.16806272567207,21.613979936204004,25.100185805855897,28.72592931379246,25.158138938370897,28.566601157611885,-3.408462219240988,28.754706813048458,29.1475279678811,29.32172647052711,-0.39282115483264235
2032-02-15 12:00:00,28.721739515739863,27.406242875560036,27.66963824730539,28.86273258486188,22.08082193334041,21.217242440738723,24.39805729467942,23.532940299251994,23.034467582479902,24.527579625210418,29.13458843833522,24.570117738788962,29.841655400773075,-5.271537661984112,28.647717263415725,29.16144274642536,29.20966761674228,-0.5137254830096367
2032-03-16 12:00:00,29.210213729858662,27.825052421308456,27.864567423188554,28.924302207950273,21.89138069937879,20.98755285732751,24.30434059035228,23.497386894237565,22.76735341233968,24.45205265169924,29.475871313257333,24.55505287233995,30.440928514482977,-5.885875642143027,29.051389339640764,29.49108713064375,29.552834971235107,-0.4396977910029847
2032-04-16 00:00:00,29.042387352181642,28.53835258594062,28.38849367655492,29.19989738902474,22.17671583689266,21.279280661440602,24.467721255668007,23.75304032439918,21.276631038970194,24.61658346759578,29.549232521722193,24.79605911343169,30.000943758713028,-5.204884645281339,29.98914983028077,29.97571362181766,30.325956424960083,0.013436208463108557
2032-05-16 12:00:00,26.754302919256283,28.34351847889934,28.704493590924887,29.593868755401942,23.0815792648108,21.95987970724963,24.784727897766476,24.05213691596558,19.102136256980202,24.949607981952976,28.931505219317412,25.09193111096665,28.631076849992688,-3.5391457390260364,30.40271533326499,30.08778702511338,30.252314141625458,0.314928308151611
2032-06-16 00:00:00,24.335736588436376,27.46354128331082,28.65228546825653,29.87281003432411,24.456864336525374,23.112651376927918,25.420144262116523,24.753332957558428,17.110091998821865,25.712957018468355,27.96124410178594,25.817481348018063,27.36634343628513,-1.548862088267068,29.58163620068785,29.4962662387337,29.240687519476936,0.08536996195415014
2032-07-16 12:00:00,23.700423697686066,27.105743097645878,28.403423257848306,29.786703940959022,25.872021805490835,24.31090806461669,26.328000833734613,25.830292993757187,15.716307774011979,26.649770211912998,27.174991390941585,26.79395871099949,26.26141886132822,0.5325398496712701,28.807574749440967,28.798683627740694,28.473107741434102,0.008891121700273175
2032-08-16 12:00:00,23.528305294664865,26.575772340394185,27.961543975158147,29.658773840799203,26.719255218151737,25.10130065081258,27.370838406054766,26.96633745036885,14.891999539606601,27.402691917034105,26.71818019258126,27.578496058819617,25.520201078188286,2.058294980631331,28.633475205166125,27.87518243141089,28.324556251398178,0.7582927737552332
2032-09-16 00:00:00,23.68967704263915,26.375785300543043,27.72427468510134,29.6010996107439,27.134438273239734,25.62319302035175,28.10767955334555,27.781777809555173,14.896381749278337,27.977370775318803,26.642658976361684,28.260155248246566,25.32689956809408,2.9332556801524845,28.876591111138296,27.094715272049125,28.549609105292948,1.781875839089171
2032-10-16 12:00:00,24.44206482300852,26.71120945579861,28.021979941706423,29.889475732094596,26.656324307644542,25.391092663324624,28.105569174352983,27.727120268954888,15.860732930136603,28.004674895780557,27.031766716927127,28.321514636278337,25.666797511193526,2.6547171250848116,29.448996565511216,27.297472360316654,28.991643243392847,2.151524205194562
2032-11-16 00:00:00,25.296124005892064,27.159431381122044,28.333903361852016,30.153983834991056,25.40079072826926,24.355952810220085,27.447958979472276,26.895120929187346,17.331816576576582,27.35431865398551,27.72617387279957,27.60797873121267,26.502448339218958,1.1055303919937103,29.51923916309363,28.208580549467943,29.282927944387254,1.3106586136256873
2032-12-16 12:00:00,26.285161440979547,27.628065562508684,28.483066304654585,30.077611582833427,23.85590628507681,22.925471914518635,26.077789849139343,25.33032272279122,19.459330455889226,26.083547850944502,28.471318720253244,26.217803615455452,27.470534876205498,-1.2527312607500463,29.42454895906244,29.212524392164717,29.6879439726998,0.21202456689772475
2033-01-16 12:00:00,27.972362795568852,27.903365508871346,28.468835179492554,29.8340544185445,22.723006905066264,21.78546682640815,24.99957615043354,24.089307648036833,21.8146394646331,25.07605189022967,29.022447120905646,25.08528050730769,28.749545259982682,-3.664264752674992,29.145707618589295,29.338842977445843,29.774397754323285,-0.19313535885654787
2033-02-15 00:00:00,29.25264548405878,27.98841508841625,28.36026492879994,29.565797466871544,22.102300689696673,21.12206635201483,24.425533816021275,23.486524989715736,23.09846862659597,24.540504361451138,29.386168116613725,24.52972876702481,29.977678513542205,-5.447949746517395,29.00417393277287,29.574936159646942,29.665916963544216,-0.5707622268740735
2033-03-16 12:00:00,29.530093929854257,28.163119647810205,28.39454722867249,29.50842162824097,22.003032600940067,21.02899289864512,24.463370003971647,23.624434481239696,22.818884559542795,24.582558155712626,29.673409187404676,24.68166538783141,30.536394463496592,-5.854729075665183,29.288941362808444,29.760027681731668,29.88748847527579,-0.4710863189232235
2033-04-16 00:00:00,29.30971453267045,28.688542913276482,28.729368353328898,29.68437542310987,22.253366440805415,21.158064723972004,24.64100272819953,23.81644593782783,21.233384804824354,24.731782768946612,29.736710904066978,24.890374155467637,30.16475731043598,-5.274383154968344,30.012526136994808,30.341274009680184,30.520280305997765,-0.3287478726853763
2033-05-16 12:00:00,27.061600203077962,28.775283258821837,29.136934106637135,30.035047399111345,23.12314957927673,21.824521675564416,24.91814091606522,24.049604566335827,19.12340154873053,25.029522658549755,29.16817459510344,25.116716537536924,28.759056769831325,-3.6423402322944014,30.69068970190887,30.408512921772342,30.727942174327918,0.2821767801365276
2033-06-16 00:00:00,24.535991437067484,27.653540176157982,28.951706173222515,30.202087035391617,24.484054403541837,22.956083932383436,25.42475648446416,24.610564927354375,17.05807225406538,25.691231798191616,28.127410529397007,25.72872648338488,27.360476753695554,-1.6317502703106754,29.962640105806013,29.721065856416214,29.754102844556115,0.24157424938979943
2033-07-16 12:00:00,23.56302165771006,27.020643196989354,28.56583948638601,30.11844661500862,25.718903623984353,24.054628864106903,26.293283215279022,25.705910073514147,15.58926475948188,26.590830594802146,27.282374439933477,26.706888811348133,26.36165797059807,0.3452308407500624,29.11783212662795,29.036585573686107,28.852740851899608,0.0812465529418418
2033-08-16 12:00:00,23.30262757277651,26.349620919507874,27.931798362742907,29.843862762112916,26.579796041178223,24.862852948738453,27.276956920558145,26.822582782737566,14.89706620937371,27.315808175675127,26.770120792767905,27.49402515947457,25.622911306945205,1.8711138525293656,28.84998386633891,28.146930523080233,28.57810372371873,0.7030533432586772
2033-09-16 00:00:00,23.683320227411485,26.2764195038092,27.69378424391031,29.742279045681393,27.173161477274487,25.64512021222351,28.041486165697798,27.694346475393342,14.874129796723066,27.932037299697573,26.70026750184461,28.194628102808977,25.40727585919569,2.787352243613288,28.97584451560747,27.358677302521208,28.65495328491144,1.6171672130862618
2033-10-16 12:00:00,24.25205679168262,26.628018852581622,28.01485883371745,29.961244498766167,26.93384768921746,25.68923107986385,28.231050519572253,27.924559811084805,15.704462818215188,28.13202566835712,27.077422851068242,28.427973013609517,25.706696332275538,2.721276681333979,29.450438296083775,27.21142368971501,29.016546476386193,2.239014606368766
2033-11-16 00:00:00,25.230712713310595,27.104964982807306,28.359938747981186,30.174217480222094,25.681771364518035,24.60365174139151,27.520364672527368,27.010460858693726,17.556909588363016,27.464322124803335,27.71910421611789,27.681024627823778,26.582449770316643,1.0985748575071348,29.51137909773217,27.972276275323797,29.29251216347485,1.539102822408374
2033-12-16 12:00:00,26.28650908952639,27.539587887536683,28.516970357494706,30.158712468218035,24.137620058906208,23.197321946188264,26.305893423878512,25.580473674377494,19.81271469949659,26.314518758180377,28.464533211139855,26.458172302244492,27.58792926411112,-1.1297569618666294,29.428218102643097,29.12148662138145,29.75329259442819,0.3067314812616466
2034-01-16 12:00:00,28.0630922918356,28.062495077160385,28.649111027274362,29.90476822766272,22.94055633302718,22.035495808294435,25.231425626661725,24.355687090792074,21.78283136852605,25.302599939932495,29.100399290628406,25.364847157640103,28.964746789087652,-3.599899631447549,29.309282345600202,29.585133227578584,30.02775078289989,-0.27585088197838203
2034-02-15 00:00:00,29.28320816195086,28.407985659079213,28.75926367408196,29.66344454017755,22.276781561119627,21.381458158456137,24.64654478546349,23.748736767866927,22.996024242933665,24.757880613699378,29.54324858541467,24.79944786885232,30.111174774939396,-5.3117269060870775,29.170203115505906,29.886882802107042,29.87616758417022,-0.716679686601136
2034-03-16 12:00:00,29.688962493033788,28.466113193169196,28.688231326917972,29.648477547624665,22.0969816997711,21.254450028829933,24.55588783575901,23.76820888105473,22.756011818553308,24.70465092283964,29.792364164066285,24.8341711157232,30.541064612838646,-5.706893497115445,29.416768848643237,29.78071433620666,30.03735192443971,-0.3639454875634236
2034-04-16 00:00:00,29.506098849407444,29.133915366547594,29.007899247983346,29.80866784663515,22.469824458317667,21.53600833929444,24.764657185805603,24.06661915836068,21.357955625984882,24.92664454508525,29.877799538163043,25.135490666162475,30.262986291388916,-5.127495625226441,30.286445826158257,30.514061754059746,30.764611799042598,-0.2276159279014891
2034-05-16 12:00:00,27.36888884581115,28.9474796224904,29.351801900320076,30.176499699722967,23.222355593397566,22.147152311384474,25.162279779763537,24.450881472857994,19.187093403476503,25.298521823094973,29.280637919246626,25.489561980518264,28.990141971588514,-3.50057999107025,30.802461606983385,30.358096616904813,30.808106794320533,0.4443649900785722
2034-06-16 00:00:00,24.956339541271387,27.860296059383696,29.14524769746321,30.308435277553013,24.621513276907745,23.301564164056906,25.661110149580118,24.956358255752498,17.111826050239415,25.924817078421764,28.238328291283985,26.03621039653324,27.51212659574704,-1.4759161992138026,30.175617629840268,29.625821660073218,29.861395585421292,0.5497959697670503
2034-07-16 12:00:00,23.810832712135788,27.19848593955747,28.625042465455373,30.083190001440137,26.189701592723367,24.636504497684495,26.617673478018972,26.035391540407673,15.546961154802343,26.905941391072005,27.349369940684518,26.970016790519818,26.454920375408808,0.5150964151110102,29.188127968580794,28.77459574723781,28.908683326995444,0.41353222134298306
2034-08-16 12:00:00,23.312743312871223,26.315916994191223,27.80635214687668,29.783303129606765,26.979955674790947,25.36525031803943,27.691297337774955,27.22978035191983,14.898177913572491,27.650975011341515,26.793635328884346,27.7845804237162,25.73945076073515,2.0451296629810507,28.87877592150823,27.845553551279263,28.64726619583723,1.033222370228966
2034-09-16 00:00:00,23.75230575698992,26.126627676139446,27.488310263062516,29.681700081687584,27.34017008811944,25.911438764795694,28.32827516213137,27.989156931692968,14.967624136756505,28.16609065817626,26.723458511191087,28.4512559147743,25.527386101111624,2.9238698136626766,29.08357027138294,27.19143521500122,28.852864334583064,1.8921350563817185
2034-10-16 12:00:00,24.432122556620822,26.560780421061715,27.8836398835367,29.9775296759646,26.93795252977821,25.71054609459152,28.313945569425595,27.949936005767043,15.99099436121278,28.206682673902954,27.135483005398616,28.507675529924754,25.856896203496383,2.6507793264283706,29.548551929132397,27.308899858079684,29.163410612007986,2.2396520710527135
2034-11-16 00:00:00,25.319895491064475,26.93149167998804,28.021519794875786,29.96980181277145,25.64093076070499,24.592221001189287,27.596862502197105,27.07887226042137,17.67492014310182,27.50335469137376,27.763206351291053,27.767576505074867,26.56747982959396,1.200096675480907,29.511776491091542,28.311620753760547,29.37326784287582,1.200155737330995
2034-12-16 12:00:00,26.11589705826259,27.34872814292265,28.179558617029077,29.96615429686008,24.097820892081533,23.234829594242363,26.34533172633823,25.645848652887054,19.915035549991458,26.33034313323488,28.4890939800557,26.4978250751459,27.545956943083613,-1.0481318679377125,29.449819044968955,29.327560354198415,29.77571966648623,0.12225869077053986
2035-01-16 12:00:00,27.6272731116512,27.659499362498867,28.18918561202799,29.68969979440242,22.984814066617567,22.14862506376013,25.230803684078346,24.397004985195327,22.23150640433877,25.302264224118858,29.065933422038814,25.34037065046438,28.815031928815724,-3.474661278351345,29.270527727603486,29.398300637317877,29.973006663058268,-0.12777290971439115
2035-02-15 00:00:00,29.096992970401896,27.785622749635454,28.10533153072683,29.415066681999107,22.355876363463477,21.463814382830567,24.617304454343955,23.754498063276525,23.24262068028121,24.729458885419703,29.44780106511929,24.726949246613444,29.98917879145348,-5.262229544840036,28.953957869463792,29.365548273622004,29.597053548894802,-0.41159040415821124
2035-03-16 12:00:00,29.487086018483776,27.86688137006749,28.123701470661167,29.325639506718787,22.219514387893526,21.29433553869559,24.45165996713393,23.65455102062632,22.809974705392158,24.602940279642397,29.704908404347965,24.65917842836387,30.4634337536808,-5.80425532531693,29.35692602863613,29.547522208715574,29.853168601049227,-0.19059618007944223
2035-04-16 00:00:00,29.508245929741012,28.65307811474884,28.50315006383569,29.464062604272105,22.431824747801304,21.410350912264157,24.59906728771063,23.809515441820214,21.57152714142513,24.754654630569707,29.75747265556152,24.855879423627517,30.245559082669878,-5.389679659042361,30.3493723578758,30.17650906421901,30.692272628992228,0.1728632936567891
2035-05-16 12:00:00,27.214112596868404,28.73542120176183,29.020156578427816,29.867882953320066,23.21277043073717,21.964429932855637,24.929563590184223,24.089216466295483,19.38724722861499,25.077224522890752,29.162794174941798,25.13995877952153,28.951871925264157,-3.811913145742629,30.84400752576926,30.24536218431209,30.72665659422554,0.5986453414571713
2035-06-16 00:00:00,24.745501662191007,27.62049463517288,28.88961030650513,30.105296994346105,24.44414296939406,22.965959646974426,25.508831098693772,24.72574028184082,17.119373018642513,25.753802105195152,28.194327969064762,25.81376868761909,27.639061842542883,-1.825293154923795,29.96997907229695,29.675341215088224,29.689035462477825,0.2946378572087269
2035-07-16 12:00:00,23.837001804924036,27.21331891250792,28.57202999031015,29.97904189935781,25.878965391084417,24.29027382896183,26.47425506724402,25.951368142963155,15.750355093115408,26.77460530483163,27.368413012971143,26.92660795471388,26.568252099091488,0.358355855622392,29.1077453304113,28.91382292734269,28.832576490810915,0.19392240306861197
2035-08-16 12:00:00,23.516154379716358,26.56148128311129,27.95690112884502,29.724812663833898,26.703263625593205,25.110409220234665,27.534234863354506,27.177306280810914,15.028342045009644,27.525957618386997,26.849989315851005,27.747231106057555,25.832403078915256,1.914828027142299,28.812836187383702,28.005656767839856,28.527547830471253,0.8071794195438464
2035-09-16 00:00:00,23.794073579569222,26.43059306969638,27.821019164615468,29.687181731022267,27.186937718701,25.7404835837005,28.228121287515943,27.914031797971123,14.990684786092007,28.065529561304444,26.780666998716494,28.36819514338106,25.57724768026129,2.790947463119771,28.942237198957788,27.443253696521086,28.60959527024532,1.498983502436701
2035-10-16 12:00:00,24.581041121308242,26.89413622872236,28.087293419301577,29.842406787897417,26.829097154666766,25.546597358573266,28.222287286107637,27.867939172184183,16.055034639773503,28.131089310312987,27.18264573018965,28.451259974343014,25.841432155276067,2.609827819066947,29.44871360759756,27.494031412847747,28.994850691595456,1.9546821947498145
2035-11-16 00:00:00,25.56403155440598,27.30702201062719,28.4023472294309,30.100993166635803,25.489818097430927,24.38200257727909,27.50481569655895,26.986728652446082,17.891089115642544,27.43980243531507,27.87955584343794,27.71254943429972,26.499804858833524,1.2127445754661963,29.56801815229172,28.398991969867613,29.385155888931706,1.1690261824241084
2035-12-16 12:00:00,26.474249207372413,27.70117174006283,28.550041806998955,30.002583708867736,23.935659207494048,22.94964815480526,26.258720634190738,25.55822606927762,20.177600800705417,26.248775372189726,28.632360596094205,26.445494281451353,27.48778231902162,-1.0422880375702661,29.462202552087348,29.459126202959826,29.78260674649431,0.003076349127521638
2036-01-16 12:00:00,28.040201875802506,28.1335448496261,28.480419819189624,29.748528965214938,22.732848579525115,21.78074417305608,25.186721815610305,24.34143760866366,22.124272237316685,25.23058440529268,29.159730031088017,25.339503449817393,28.776352824041144,-3.436849374223751,29.206578049080903,29.422489021101715,29.91336725257111,-0.21591097202081144
2036-02-15 12:00:00,29.476037557807487,28.393986009936555,28.57014486554518,29.66033339659142,22.071103596809373,21.204043190043787,24.770418363089927,23.910594889134394,22.877713036025195,24.81049930815275,29.609560291817203,24.923624629745007,30.020776308868186,-5.097151679123179,29.039478277954686,29.50764938933754,29.72116913346161,-0.46817111138285483
2036-03-16 12:00:00,29.89404132275458,28.605948382435894,28.66933669585542,29.587426204310777,21.978614599434266,21.09547393084921,24.67631340957433,23.895466750199052,22.605286657619967,24.74266805453297,29.84574685580124,24.935570019827118,30.70905442961304,-5.773484409785922,29.31242870182325,29.838083702826733,29.86480031998004,-0.5256550010034822
2036-04-16 00:00:00,29.485687348104083,28.967202216531025,28.913741521028108,29.874469280790425,22.310048184730945,21.390101339822333,24.90288403737591,24.17280151791499,21.05210684854227,24.975880091770023,29.863886316996055,25.232830847094643,30.565635916712655,-5.332805069618011,30.212668287690175,30.509990510385517,30.65894743204414,-0.2973222226953425
2036-05-16 12:00:00,27.377714700532323,28.765499481695695,29.208823671670217,30.18923206268704,23.0624763305221,22.01576037810278,25.232939672924683,24.462691987321268,18.754514449410667,25.289246163104874,29.26691934381106,25.533464497647955,29.16399156741968,-3.6305270697717233,30.926817718448916,30.459084989368705,30.866569520163722,0.46773272908021113
2036-06-16 00:00:00,25.09499043550065,27.995630938398865,29.125483139932424,30.375952303598595,24.560393571382964,23.295454678523566,25.880862925900086,25.213362193444453,16.728150318942173,26.113860681854412,28.303436169611025,26.312568191447106,27.73256693991368,-1.4199987484665755,30.02918676172508,29.757698429325064,29.838818457529463,0.2714883324000148
2036-07-16 12:00:00,24.34520345822074,27.62584660489767,28.822378116491056,30.22729411102666,26.084917907147247,24.632699611083183,26.784478686027267,26.337345112044076,15.518583842358757,27.03145037781468,27.49039203036976,27.265411529674388,26.65912452467036,0.6062870050040274,29.221260887835193,28.9496481066623,28.96876657659186,0.27161278117289456
2036-08-16 12:00:00,24.024522873904353,26.720539313937298,28.121461733983946,29.960536504818315,27.035846475194365,25.548808122005063,27.840531090111273,27.511911225170316,14.929838273249462,27.794851790095997,26.92997244997739,28.04270444264184,25.908241919551738,2.1344625230901,28.909738424609195,27.861011059285243,28.635412015128008,1.048727365323952
2036-09-16 00:00:00,24.007480616220384,26.53055181590225,27.881216190319275,29.845144287145818,27.426023280206767,26.052392182524965,28.534348532186424,28.270543051682985,14.816821752403081,28.32465153367009,26.814145396595663,28.661710842323497,25.659443386505615,3.002267455817883,29.109436501216237,26.90321379556141,28.761990443753525,2.2062227056548274
2036-10-16 12:00:00,24.617251928605686,26.87994870697993,28.189118578432446,30.067845273845766,26.963193352103087,25.76838197927919,28.4740050897048,28.140880912699636,15.660903891137453,28.31989464280433,27.184194731727608,28.661625819631404,25.8484465644425,2.8131792551889028,29.616923318648503,26.905370475099307,29.13519810070594,2.711552843549196
2036-11-16 00:00:00,25.448790337840837,27.35249533989356,28.535438362378255,30.196708717573305,25.630683036254613,24.618028883294816,27.60122469565666,27.144809953845783,17.53519939136164,27.53720888404209,27.87165136218871,27.837357269747663,26.497379208140387,1.339978061607276,29.676654580841713,27.910841350016756,29.472787957031954,1.765813230824957
2036-12-16 12:00:00,26.34549167695991,27.703112048704487,28.67913288373006,30.07742400279462,24.12033035550849,23.195874899648658,26.226634165424883,25.528302693797183,19.797564940377526,26.27811140632617,28.59897463698907,26.443540284781772,27.414440711729252,-0.9709004269474804,29.677424313961474,29.177459136456417,30.003507981594197,0.4999651775050573
2037-01-16 12:00:00,28.01524784067463,28.083766124937856,28.621232251031934,29.82894711979461,22.91007015386988,22.00842183198305,25.12291664176143,24.25955762856833,21.954753938459955,25.240679205591583,29.228356553494216,25.288755623450875,28.91926669798981,-3.6305110745389335,29.532632448686368,29.856139760956815,30.267397175558333,-0.32350731227044704
2037-02-15 00:00:00,29.332345459679164,28.153268894482594,28.43933152111204,29.576529506683404,22.193713042568927,21.323369769415756,24.52027520904976,23.67756161224506,23.043168369476504,24.671585245273107,29.64635615641646,24.73641208875785,30.185880902648865,-5.449468813891016,29.32567148596657,29.823838971547932,30.09124183661784,-0.49816748558136226
2037-03-16 12:00:00,29.6396699915485,28.02723319052966,28.20386255797163,29.412684596496614,21.941153068656288,21.051002468347626,24.395159922646393,23.596794395323705,22.77170014155139,24.550753709631135,29.861034038239886,24.696130131951175,30.592422932859083,-5.896292800907908,29.47956356189365,30.014636935804763,30.114997143703487,-0.5350733739111142
2037-04-16 00:00:00,29.206410249590842,28.544263346730872,28.398175313122593,29.524432561448588,22.27512222083675,21.294074409633613,24.67541475804112,23.902724588775026,21.51112154588554,24.816295853408374,29.86038565614554,25.000648900199888,30.272228902922535,-5.271580002722647,30.21782853647069,30.40567376429974,30.58820410242386,-0.18784522782904745
2037-05-16 12:00:00,27.03866373624645,28.286769521620787,28.740485732079044,29.76983038326894,22.990152883834867,21.847589762760705,24.933296013552656,24.16207300961917,19.357289183979972,25.07388305604287,29.220711872894892,25.269614166478284,28.891386288143355,-3.621772121665071,30.89314444853609,30.494373443191943,30.87746077480468,0.3987710053441482
2037-06-16 00:00:00,24.52054436312376,27.333210154066098,28.629628484397653,29.943460808135036,24.387771424826553,22.919179311012584,25.492429245054314,24.778326444419516,17.3919126925352,25.770944599500286,28.206221984814086,25.90774415772371,27.535979838977987,-1.628235681254278,30.118775900507693,29.853071276252575,29.93555635934015,0.2657046242551182
2037-07-16 12:00:00,23.412115444055,26.789484554529533,28.232195033522014,29.793587005255798,25.73019337224205,24.11649127116895,26.408783675649182,25.89355611874164,15.988047170221833,26.697074451977556,27.35625499076594,26.881268987831305,26.59146999023287,0.2897989975984352,29.1617624620182,29.23423173802088,28.950675627806035,-0.07246927600268194
2037-08-16 12:00:00,23.03957676140942,26.014785035994592,27.518230654367954,29.46273971186059,26.721284480600477,25.157081567031682,27.429543298261475,27.06738292488309,15.169341153078836,27.471791279797348,26.819184408329598,27.680168989705734,25.88297382411709,1.7971951655886436,28.833385258380417,28.40182898981706,28.595248156997652,0.4315562685633587
2037-09-16 00:00:00,23.363184886871423,25.867543732809956,27.224902911794338,29.315066439868843,27.29780728035162,25.85373604523711,28.18067747267381,27.887752168496036,15.07542746979761,28.074296085808825,26.7534457357353,28.375695229573935,25.63517511686423,2.7405201127097065,28.99367602835424,27.955095800808387,28.694985061254243,1.0385802275458538
2037-10-16 12:00:00,24.0883593165919,26.323866871095895,27.55192234748223,29.517159740699945,26.903927813139102,25.647335208108537,28.203169064055942,27.85087826492813,15.971820548761828,28.15369276517757,27.1178851552315,28.460270651091438,25.939833750367683,2.5204369007237553,29.505590780368575,27.94043006092022,29.115064115039733,1.5651607194483539
2037-11-16 00:00:00,25.03092099055856,26.753077913469358,27.8021968541866,29.611543157280153,25.58261742488077,24.557456266568387,27.445405980725337,26.964535795764526,17.535355099799403,27.415327780410756,27.78312807651395,27.6821492742101,26.55607259638634,1.126076677823761,29.532674916893438,28.641344792287146,29.409553062425204,0.8913301246062915
2037-12-16 12:00:00,26.047602697478535,27.04021310664608,27.810629111529067,29.40411613993566,23.986389141334985,23.074730030952875,26.17665340586711,25.500400403629317,19.695676705728392,26.209954649764914,28.48178100248164,26.393736140587194,27.393361875553882,-0.9996257349666884,29.333564394476895,29.470215511633565,29.757129699411266,-0.13665111715667067
2038-01-16 12:00:00,27.514195387548217,27.337876910165285,27.73599607476754,29.088646378516213,22.8196218191357,21.880839218220846,25.09512116249202,24.290363181099753,22.1111311299623,25.192841968294818,28.98219573725658,25.307621562882602,28.715171408696527,-3.407549845813925,28.940372694106582,29.55997026049215,29.666876139874756,-0.6195975663855684
2038-02-15 00:00:00,28.849580665783094,27.501956957891583,27.74367626166937,28.9438054758739,22.149093742704352,21.19055420770654,24.50617631317166,23.66866536558329,23.051151297343637,24.648448944200815,29.3416064080374,24.744332014778582,30.055955097998577,-5.311623083219995,28.770171597073507,29.151849658903533,29.509824268184637,-0.3816780618300264
2038-03-16 12:00:00,29.235710711195498,27.51078659226193,27.823936882562858,29.034432854671977,21.960717648785074,21.056194075264546,24.425602087874307,23.675266789833625,22.693058468216098,24.58726769449437,29.616364999367104,24.772698229274173,30.473054296757397,-5.700356067483224,29.15893252287264,29.696832346483724,29.741990138055197,-0.5378998236110846
2038-04-16 00:00:00,29.114931670582777,28.352281637698443,28.39742242536926,29.40267926498259,22.249884828149717,21.234697894372793,24.59295409698554,23.938355147450757,21.25078292729616,24.777108737823056,29.70602835131698,25.055984978937264,30.242343680998275,-5.1863587020610105,30.078748978476295,30.33356194392397,30.367985222141094,-0.25481296544767673
2038-05-16 12:00:00,27.118345135097204,28.482437324595637,28.786074023330617,29.68974941145645,22.940701419215458,21.82252594627027,24.883719781752895,24.25625171041137,19.038085475995583,25.053405927009415,29.096102881374915,25.36054210495522,28.950359081324414,-3.589816976369196,30.58058325000895,30.255386214970255,30.466310568198818,0.3251970350386948
2038-06-16 00:00:00,24.53282051821415,27.845519342824225,28.89126224220467,29.930441587569167,24.357225942089123,23.043314005138246,25.44947448561662,24.837861455625422,17.015026926858294,25.744817627153495,28.16376350502881,25.954678707353906,27.489017050707798,-1.534338343353891,29.78797150130402,29.94891523657488,29.480246795179212,-0.16094373527085892
2038-07-16 12:00:00,23.697964245736802,27.453718064441507,28.749578461402802,29.90244517862063,25.739738169656274,24.223013237466677,26.33572993240697,25.877867218113384,15.620642100819435,26.649061929319178,27.3678048094894,26.86874129762124,26.4586479515584,0.4100933460628404,28.912744363968596,29.465555438301067,28.61503263621719,-0.552811074332471
2038-08-16 12:00:00,23.506204972520006,26.83913377685902,28.288234658256698,29.803677184325757,26.88785478760048,25.30058260723816,27.426055745732647,27.092932628268432,14.96963189421498,27.52915506451677,26.880201610758117,27.747667215477158,25.793576556989546,1.9540906584876119,28.648042141551468,28.864551176425998,28.38040472736485,-0.21650903487453022
2038-09-16 00:00:00,23.89989070319609,26.7380952521353,28.081554743520172,29.824824342267373,27.543931954527352,26.109240546255904,28.235748843688604,27.936790952157985,15.03368281847784,28.13754812202366,26.882851894714523,28.365246187727454,25.52479721444806,2.8404489732793934,28.925115758584813,28.487510523628643,28.62820284113347,0.43760523495616965
2038-10-16 12:00:00,24.446318397726973,26.968168555196364,28.289949410356478,30.028748079315655,27.098682798229998,25.98871915976683,28.368104935480726,28.049325485040008,15.825412450988743,28.262849346421216,27.25569054294916,28.545915317709518,25.818644437653063,2.727270880056455,29.555859297174813,28.510330847097467,29.14144612396901,1.0455284500773452
2038-11-16 00:00:00,25.377772379539948,27.409302049941207,28.554443371200527,30.175701066887374,25.79368271092174,24.800808488681156,27.583846589305562,27.130160818374662,17.38094872571029,27.542553631143598,27.91991789129884,27.808500438649283,26.59854994579282,1.2099504928564642,29.636244127622547,28.998179333297934,29.532691072889882,0.6380647943246132
2038-12-16 12:00:00,26.651085309215482,27.846399501497825,28.733236342965682,30.183232089329056,24.19709882834288,23.296888125223248,26.32836439901625,25.688638410451826,19.712542208875046,26.346944542888615,28.65883362859876,26.533358134473495,27.38586267848374,-0.8525045440102446,29.44711271630633,29.525862057085774,29.840161912430055,-0.07874934077944573
2039-01-16 12:00:00,28.160771282301734,28.152516360892847,28.7450586177895,30.04663650355263,22.93603344066962,22.060839847066514,25.288446988291447,24.50835078779571,21.989905126822265,25.357814267072357,29.276370492063243,25.48131447268747,28.5455082028412,-3.0641937301537325,29.254744518810906,29.87154879037805,29.99699868587434,-0.616804271567144
2039-02-15 00:00:00,29.457801838760012,28.364091148212076,28.724795264214013,29.90874899639391,22.299174157869903,21.469112128065934,24.7643886372144,23.959015077720988,23.483345017594367,24.859387851410737,29.658136153228558,24.97325741628378,29.890998865486864,-4.917741449203085,28.994739009841876,29.896515850183057,29.64840661248626,-0.9017768403411814
2039-03-16 12:00:00,29.89293614145797,28.700173673894284,28.8152827667255,29.815316579256574,22.153077943785455,21.393194165508646,24.740152772213563,24.048908982886054,23.11001693112335,24.860125126764427,29.935593931085588,25.08301282962398,30.61695396926546,-5.533941139641481,29.313041540860354,29.806969953637594,29.851070250610945,-0.4939284127772403
2039-04-16 00:00:00,29.69979963091223,28.979389378569813,29.06955347955772,30.020579477105606,22.433158496323713,21.674682610751763,24.993407484952733,24.34584997831972,21.102009197692833,25.12242674658499,29.953769524156566,25.42199023816771,30.39576027549107,-4.973770037323362,30.218324680183926,30.507154897008196,30.559646307792466,-0.28883021682426957
2039-05-16 12:00:00,27.753446450777066,28.98063185215303,29.373640640098984,30.31382188657341,23.336878880999535,22.343283893524077,25.323739044007688,24.61584042130163,19.026455084173378,25.468649614174232,29.32564272560499,25.70821933000063,29.17994219333021,-3.4717228633295782,30.879971149297702,30.46122188562489,30.784579451035977,0.4187492636728116
2039-06-16 00:00:00,25.113813428240853,28.066944939698146,29.384105421644836,30.57442614637114,24.692301736308572,23.330508187989153,25.873982893691096,25.19271708774905,17.13388087999757,26.12759135818651,28.337359738735742,26.29597882327235,27.93012543231723,-1.6341466090448797,30.21126854806814,29.834363699596306,29.90359120618808,0.3769048484718347
2039-07-16 12:00:00,24.028819419766396,27.684980442514284,29.0239887679203,30.348930373909553,26.32181213322478,24.73382249799456,26.832364809812198,26.32259765042632,15.773706140503402,27.14266671852977,27.50306887293884,27.281059694892456,26.83819016980411,0.4428695250883443,29.298798048664366,29.08866273428273,29.01255236198151,0.21013531438163469
2039-08-16 12:00:00,23.895101665807513,26.855651518925686,28.258393276423377,29.976496991119745,27.485549699164267,25.83824956727957,27.892806101160705,27.427871686639666,15.089988697760475,27.937746671810235,26.97371692599393,28.018347862295773,26.057921026003164,1.9604268362926085,28.94965401504004,28.115147259117567,28.706748325732793,0.8345067559224724
2039-09-16 00:00:00,23.985234491626926,26.52938511707829,27.905748137197254,29.85279411842613,27.881929797228175,26.384965822971,28.665395746294813,28.270879271239412,14.94843442325249,28.516264070732937,26.879541869578482,28.67148011280674,25.820342979953896,2.8511371328528448,29.174372047778558,27.545032047207904,28.85630421168196,1.6293400005706538
2039-10-16 12:00:00,24.85581152729832,27.0168632001408,28.30294645538538,30.06081671679973,27.498719068464776,26.315962132322102,28.76599817175404,28.42083855522868,15.761754626701773,28.68284500857985,27.258349336643604,28.94217790713212,26.202939860893064,2.7392380462390555,29.644558427390844,27.537103512758684,29.246700068704722,2.107454914632161
2039-11-16 00:00:00,26.049077202989473,27.61882500919855,28.71984605376094,30.276370646633325,26.121146746901655,25.2071655917823,27.935085153912105,27.48433355122158,17.427256122550244,27.900231308148623,27.97060330584002,28.122615826360263,26.8906968143436,1.2319190120166645,29.738749348884216,28.333402453357536,29.592665804240124,1.4053468955266801
2039-12-16 12:00:00,27.195105475341414,28.13687179502346,28.890750371576743,30.080271208253826,24.45064058376655,23.616819624443355,26.574245278704048,25.931524680810668,19.42994781146687,26.602143993082144,28.720838054696785,26.756917115529674,27.74274910657772,-0.9858319910480446,29.658602831088206,29.43298467577505,29.906753987823624,0.22561815531315688
2040-01-16 12:00:00,28.526225412329506,28.43236930217042,28.885492473639957,29.889222043385157,23.184501027345366,22.355010644510212,25.47907940871269,24.640260171075624,21.620350539575398,25.55811482655718,29.329118327690374,25.593000355037347,28.985741704148797,-3.39274134911145,29.463741011417955,29.717577915161993,30.146197698390385,-0.25383690374403756
2040-02-15 12:00:00,29.613389475787606,28.518241592810156,28.824422658558355,29.739924760106874,22.520313766206442,21.6498306983594,24.864760731383782,23.986946272393748,22.95573452084377,24.980441902492696,29.718931302760257,24.98860151373461,30.22211429291328,-5.2335127791786675,29.250858201665757,30.05443055041831,29.966681303657598,-0.803572348752553
2040-03-16 12:00:00,29.901873161026074,28.684218304667144,28.80130291787572,29.641680277942672,22.250194387305452,21.401770623567234,24.78845311152071,23.97840161025303,22.596069361172248,24.89559850137182,29.99427072737382,25.010388967531664,30.856385280822373,-5.8459963132907085,29.631437695417606,30.19102958226818,30.254002822773796,-0.5595918868505727
2040-04-16 00:00:00,29.869628968419637,29.173461537134333,29.00189587764002,29.737379618260192,22.526196758608414,21.599905304373802,25.03487940584933,24.27471476065078,21.236289333913458,25.12786281604913,30.03220780844739,25.330196492874453,30.685266743364064,-5.355070250489611,30.554494367053763,30.764832278698428,30.951822936177727,-0.21033791164466464
2040-05-16 12:00:00,28.03631335863519,29.053542234346544,29.257264722887285,30.015116157146128,23.15152199084855,21.961854814594346,25.23854638946588,24.419903094724695,19.281699154762958,25.323480596379053,29.40686519767711,25.501072375439644,29.19326108321035,-3.692188707770704,31.121507475599756,30.613628045594,31.095264436151158,0.5078794300057545
2040-06-16 00:00:00,25.653923612282757,27.953868524411163,29.046096863642695,30.23181700726266,24.60938183097897,23.044438116927523,25.804592564436135,24.988707691255616,17.258187955778997,26.00602817356193,28.416357961500527,26.070277802078877,27.768586621811032,-1.698308819732155,30.53636957654343,29.929862403125874,30.199941099888974,0.6065071734175547
2040-07-16 12:00:00,24.41674697898216,27.2443302695279,28.434750821788032,29.968257323751583,26.105834742180704,24.393168035855783,26.741523874876197,26.1675259825607,15.7079390951908,26.975152883021757,27.56635163250105,27.125574632455944,26.798797580091072,0.3267770523648714,29.462512657922577,29.263654938300547,29.204931220921093,0.1988577196220298
2040-08-16 12:00:00,23.742963308960316,26.448868280139457,27.701643697214674,29.437070005427636,27.089199255293096,25.458233308942102,27.844415704961133,27.41825608418298,15.079707448814293,27.818469177881937,27.02570344492445,27.972806656797108,26.061332255918092,1.9114744008790154,29.05479130758661,28.57664395737179,28.8618214639351,0.4781473502148188
2040-09-16 00:00:00,23.86330427750397,26.152137077417578,27.292159149292477,29.219827602049282,27.54535458803264,26.08159915124402,28.556613769273362,28.24200507724162,15.124736903458887,28.385437018996367,26.914243309072845,28.658854117241738,25.78233347717298,2.876520640068758,29.222380731318122,28.06023109485373,28.97674429994247,1.1621496364643917
2040-10-16 12:00:00,24.383055272088843,26.255907121374054,27.33473471412605,29.314244639236666,27.106404375358743,25.862817785527405,28.457652086039996,28.106883655290012,16.07083347207053,28.372304088335238,27.252472763188926,28.668248435202024,26.044714821655138,2.6235336135468863,29.685592154418625,28.136942035597286,29.373119678145915,1.5486501188213389
2040-11-16 00:00:00,25.302891492938933,26.58991807141823,27.6068930653259,29.42966727336987,25.775216737841003,24.83076819028902,27.621988086331708,27.182507746616015,17.936004265095733,27.594626558701044,27.902515228475117,27.870995568911678,26.8151012679378,1.055894300973879,29.670145124416727,28.861360829611822,29.601965136589943,0.8087842948049051
2040-12-16 12:00:00,26.105036235540584,26.968788913044456,27.636610349343567,29.226040457813287,24.1148305655419,23.25613076608452,26.29476537475866,25.572633832868217,19.865537959537082,26.32633606536729,28.54483047136036,26.47589919021176,27.84263487255077,-1.3667356823390122,29.501078503200418,29.532749793756228,29.8512390073836,-0.03167129055580986
2041-01-16 12:00:00,27.733081806968006,27.390848460905126,27.656862341553992,28.99288553273502,22.863353728472212,21.994492772056432,25.177451243005954,24.250700496490232,21.92265885159897,25.254709236365052,29.075354138891935,25.28733672798659,29.079770639866513,-3.7924339118799217,29.116444462430437,29.651498593754877,29.727654532488,-0.5350541313244399
2041-02-15 00:00:00,29.189085741100712,27.705049712214475,27.771732971365374,28.846791077953732,22.284170338805104,21.45503146521347,24.642290785476895,23.768873846569257,23.121110099109778,24.774280230709895,29.426614182468487,24.827224023318923,30.162322791709887,-5.335098768390964,28.891185902658588,29.551373579798643,29.449532578785767,-0.6601876771400548
2041-03-16 12:00:00,29.44304757192479,27.723929750423558,27.76476417185439,28.790703722055284,22.112691979182124,21.282656806558407,24.511511551403153,23.74896900212747,22.8715695496979,24.66531756575118,29.66861923988325,24.813811345231606,30.53759451331268,-5.723783168081074,29.40643519749651,29.795536758437812,29.85650067423672,-0.38910156094130244
2041-04-16 00:00:00,29.27442461417748,28.455871905744843,28.19219799576824,29.02502754813896,22.471419224898145,21.58179416265969,24.72988810602044,24.037079643195874,21.3282536552219,24.901687704184,29.697996001184084,25.11025687135633,30.26040357362728,-5.150146702270948,30.338318901537924,30.17695501671296,30.651391849554255,0.161363884824965
2041-05-16 12:00:00,26.431298519132955,28.242952189755464,28.54937276112323,29.38639394826476,23.434488194437602,22.37855519774281,25.11544812573439,24.402440599836876,19.292933401538658,25.276381228754218,29.069252289563376,25.42193151348602,28.70847005652571,-3.28653854303969,30.805234642262747,30.423485458399323,30.63218244672613,0.38174918386342327
2041-06-16 00:00:00,24.026520041130222,27.002367386097177,28.321444498928148,29.605217437380734,24.84609144135229,23.58961964647603,25.80780653164837,25.150843787801765,17.360698200982615,26.10463722485878,28.07731438418238,26.189993793423554,27.414660247082406,-1.2246664536588519,29.93655986806201,29.95762557656353,29.60783577052098,-0.021065708501520675
2041-07-16 12:00:00,23.3199979314586,26.536095070844805,27.935522509913888,29.43552558183302,26.224370732816798,24.76561146353755,26.8013704647237,26.320796655773584,15.87634214884692,27.045164061703534,27.288514210352663,27.162745042960886,26.406365603011945,0.7563794399489403,29.013785528193427,29.451801774925578,28.703349904033107,-0.43801624673215045
2041-08-16 12:00:00,23.180542190191975,25.970276779067365,27.31319731745811,29.087570231791588,26.866330715741732,25.361913332895732,27.858159707876442,27.478481781270673,15.174951602417174,27.771434322232913,26.82048579090852,27.96838937903719,25.72303825128203,2.2453511277551605,28.771526765977384,28.85731537327569,28.57133168647519,-0.08578860729830495
2041-09-16 00:00:00,23.354119938966047,25.76098053767041,26.99454271925514,28.924934881750616,27.275523556515445,25.84409170361936,28.47203757803857,28.112670399214576,15.283300198168446,28.23520771482043,26.756138554241844,28.506384124938553,25.462260007215395,3.0441241177231575,28.993383378956278,28.435154053926137,28.783959090403965,0.5582293250301404
2041-10-16 12:00:00,24.075243987971145,26.094041887476394,27.15583167878204,29.102472582370822,27.030326246537662,25.79138736071994,28.412015515239315,28.10587821856421,16.20238505922348,28.272579148414795,27.123499570130345,28.60295155385371,25.66289526078204,2.9400562930716703,29.452246025846893,28.509635663064756,29.24868948366969,0.942610362782137
2041-11-16 00:00:00,24.85700272935442,26.39896054868209,27.45173998148527,29.31239168116824,25.81526315642802,24.739110997574155,27.556220533428775,27.062504190783184,17.83147195258126,27.51069959035622,27.78598673561583,27.744912869141135,26.562651923201642,1.1822609459394933,29.591571725458984,29.111074121677245,29.535278396470417,0.480497603781739
2041-12-16 12:00:00,25.785207528569824,26.77708138518289,27.49925242216062,29.20242549552715,24.254105713960787,23.332097578429664,26.236117970657382,25.543912567390155,19.786590183266508,26.2872591685443,28.457607284933758,26.429074139897452,27.592339996843847,-1.1632658569463956,29.323606744145494,29.602877243571424,29.73329343352453,-0.2792704994259303
2042-01-16 12:00:00,27.58538921678611,27.148323830828932,27.507293565785137,28.973535905440396,22.959793172570286,22.07786598114351,25.10708589943493,24.31587193574967,21.977596081950676,25.217923508509514,28.97855271562412,25.309176010582622,28.88438905283356,-3.5752130422509367,28.94879368222586,29.54399567910261,29.612924142644204,-0.595201996876753
2042-02-15 00:00:00,28.87254125267348,27.266999977845767,27.548915257599493,28.793076877442147,22.23700755534896,21.357934813315715,24.521489153910977,23.699125034755575,22.96305502733721,24.661014930368275,29.29392645324542,24.73894119142058,30.084804374313055,-5.345863182892476,28.637291191843946,29.241301895158,29.200297410077628,-0.6040107033140529
2042-03-16 12:00:00,29.370529304406446,27.615574552940874,27.737089228075252,28.840997717362985,22.02432665562191,21.084066319664338,24.395658273323367,23.581371191187035,22.734336975463552,24.534807877935737,29.629717228027086,24.65412931710557,30.477478017022584,-5.8233486999170125,29.190200685034497,29.638785456364115,29.641785746990188,-0.4485847713296174
2042-04-16 00:00:00,29.24531332418724,28.39832705143792,28.28342051159765,29.183479889989172,22.296805977780334,21.311559651943636,24.65681748149242,23.920762437972197,21.552676712380688,24.78611955989865,29.705412041638173,24.996902123259705,30.339533382768582,-5.342631259508877,30.170723556170486,29.984471380332195,30.51044832455804,0.18625217583829112
2042-05-16 12:00:00,27.040786702558105,28.62035153495374,28.83327076176885,29.598266832050175,23.10338795209686,21.930141018381466,24.937186923337546,24.205886765327996,19.416683188423455,25.073191454480952,29.142905135615297,25.265819903729245,28.870328811528676,-3.6045089077994312,30.5951283478161,30.198357984115,30.508740579616983,0.3967703637011013
2042-06-16 00:00:00,24.88772912574147,27.9238374896754,28.896622162264304,29.943547171326152,24.5727696534468,23.15492505907693,25.57116044806353,24.897568142031787,17.308205656179815,25.861384715833946,28.236914580880164,25.983057574510745,27.441053413588637,-1.457995839077892,29.78735228845356,29.83176250908016,29.473207977940785,-0.04441022062659883
2042-07-16 12:00:00,24.013237546726728,27.456849572553374,28.581420906186136,29.8487382344421,25.92845522421055,24.38101598748395,26.54583123127542,26.102454902015044,15.847127403602975,26.81219129703538,27.42234941637615,27.031442099725524,26.416920606015747,0.6145214937097769,29.04382985321829,29.29174244557792,28.702452250682708,-0.24791259235962926
2042-08-16 12:00:00,23.92523392211852,26.888754219473636,28.18155758057781,29.793230679265626,26.81131175295417,25.199690133083106,27.54208493336451,27.16729271544433,15.085181777986612,27.53621864221639,26.95941633067954,27.751063751845933,25.675555020325316,2.0755087315206175,28.823498497814978,28.450142254131052,28.528827480712124,0.3733562436839257
2042-09-16 00:00:00,24.221094072580595,26.84765229623707,28.093252979046163,29.874276678572027,27.23759344458437,25.734401840523653,28.27110234791778,27.957759749338848,15.223808684111402,28.098599444497037,26.919760595741476,28.410051819322593,25.405052125537797,3.0049996937847965,29.029096566951647,27.776162396417927,28.70702954193064,1.2529341705337202
2042-10-16 12:00:00,25.001253070371593,27.126861404250967,28.31652957344455,30.12995068598506,26.95181503710906,25.744092376870878,28.349204634487293,28.04372153039818,16.13620062413807,28.241461517199916,27.291662609929958,28.581745960485875,25.80802893058248,2.773717029903395,29.549133072353825,27.781138254222824,29.074253090735535,1.767994818131001
2042-11-16 00:00:00,25.856875770844553,27.593948877327673,28.62679735677408,30.262390328754094,25.868535226653186,24.87058501566507,27.689865117880714,27.283572340775503,17.585158505046028,27.646273244919144,27.97658060835413,27.920035857057954,26.64384027455717,1.2761955825007831,29.703508253628137,28.622316779694636,29.47521650084769,1.081191473933501
2042-12-16 12:00:00,26.874073183507303,28.092522337518155,28.901665638879862,30.26282410941812,24.348478590696967,23.473402254728565,26.524210598546446,25.90196019656008,19.9446950480153,26.54414345793919,28.721863082228015,26.725420078042596,27.595754154000247,-0.8703340759576506,29.552059139874736,29.549130832903938,29.791063227505777,0.0029283069707979337
2043-01-16 12:00:00,28.479834169035556,28.439024381782524,28.90267871567553,30.016354024009285,23.07857279133523,22.16858605165764,25.393371229799993,24.532905254224417,21.654631605053815,25.453047151934307,29.322468771641947,25.51772660249063,28.98142919143407,-3.463702588943441,29.40585199831798,29.804755397028117,30.03028364900413,-0.3989033987101358
2043-02-15 00:00:00,29.488941675763314,28.718089260971162,28.934020730702894,29.845337440144405,22.401632469067188,21.524164483449617,24.877459270950357,23.95278500938029,23.146522050106636,24.95886321170703,29.747115159160376,25.010147337267632,30.30989595338734,-5.299748616119707,29.331096715103687,29.97522103316652,30.02019028515412,-0.6441243180628327
2043-03-16 12:00:00,30.018007889252882,28.843957591042724,29.02050900163354,29.838688602312473,22.209775892524476,21.307486291281,24.74755610919948,23.91692189573592,23.034368150781013,24.849731645151962,30.03580204554987,24.98170779627128,30.855409828277846,-5.873702032006566,29.731541376360678,30.016325164431326,30.37288399378739,-0.28478378807064786
2043-04-16 00:00:00,29.80046720972718,29.373312360567393,29.27671015296722,30.029998081100313,22.552364260289778,21.519257123741323,24.894699820723414,24.08018606549205,21.49727224314917,25.012736917156513,30.087250035583114,25.155378613339714,30.29616694345569,-5.140788330115978,30.757002485999436,30.81813665879832,31.192894973222767,-0.06113417279888367
2043-05-16 12:00:00,27.83479324637386,29.102340046860274,29.4509008135826,30.341841507300057,23.284610187031745,22.105971337355466,25.1715120304556,24.343014987817394,19.627111437217273,25.29847527096284,29.42212658525916,25.418798231404818,28.882396345577536,-3.4635981141727186,31.04469952761852,30.614159833952332,30.83593478498593,0.43053969366618716
2043-06-16 00:00:00,25.624641224844336,28.187106301341192,29.30078807687288,30.52197828480622,24.551280831833772,23.025409432529088,25.738703055902864,24.94278172888026,17.442352575129885,25.98393452820097,28.427092099855894,26.069767873695422,27.733311865032512,-1.6635439913370895,30.308778189025144,29.774465285147777,29.9148530291979,0.5343129038773675
2043-07-16 12:00:00,24.427203775333655,27.613725359597186,28.82622628258985,30.26407870262706,26.0570591672082,24.363660839581932,26.585763771905548,25.961968848149414,16.105895547828403,26.885782207261226,27.55351366639962,26.991097527898994,26.700821314230467,0.29027621366852685,29.343977913374903,28.91203461907914,28.947746187447603,0.4319432942957633
2043-08-16 12:00:00,24.002491213917978,26.89118909566644,28.216172187414884,29.98673992574273,27.04431813211235,25.379071195415595,27.6928837810727,27.2120257873741,15.38324401229122,27.709556825059753,27.021680913080388,27.866627833882042,26.00021230019785,1.8664155336841937,29.023450404037344,27.932997048756448,28.66270916389959,1.0904533552808964
2043-09-16 00:00:00,24.221455463555877,26.68750001105011,27.916137158312775,29.83322486798254,27.745862682299812,26.275109256967735,28.51862331270465,28.18507952501193,15.358022805090199,28.399291368293884,26.93504977109768,28.65756039622228,25.78771907093687,2.8698413252854102,29.100440386847716,27.23012745336021,28.720797775925437,1.8703129334875044
2043-10-16 12:00:00,24.640704982280795,26.891917441583644,28.166044141499093,30.102896487836205,27.386357821330257,26.15520497687434,28.57342058325393,28.23461995087107,16.157370092114732,28.511821959632453,27.27711021786487,28.78817930954443,26.14588700912153,2.6422923004228984,29.51694689254632,27.407546017529565,29.057077426625618,2.109400875016753
2043-11-16 00:00:00,25.777147394358497,27.463546710261625,28.53224034042382,30.326270769625104,26.022002323865525,24.970077285350964,27.816946242714305,27.279455219908638,17.70314979769504,27.779837432697292,27.97209023711113,27.978728846749675,26.853185042203666,1.1255438045460089,29.573523821263155,28.291536773584284,29.33128824417885,1.2819870476788715
2043-12-16 12:00:00,26.912101619568897,27.96209461920319,28.747046394263688,30.176021854458277,24.422593582428007,23.52892225491277,26.481583701144793,25.766670555283863,19.73712180619491,26.526190438020553,28.73567801657764,26.63306864134946,27.944017023362807,-1.310948382013347,29.531816963610854,29.564897077910143,29.79799500874173,-0.033080114299288255
2044-01-16 12:00:00,28.386526486205145,28.18847018617964,28.731728793479334,29.95064148044857,23.15964250093721,22.278811177507954,25.32626716136739,24.50012046557573,22.139777241672057,25.448787297849528,29.300014175192725,25.5027065349051,29.217858062373875,-3.715151527468773,29.413440519955643,29.798094048663994,30.055382395459226,-0.3846535287083519
2044-02-15 12:00:00,29.509233353158052,28.34874322548871,28.665809513707508,29.84200622434241,22.458370970446225,21.632850276909792,24.78427817631659,23.949222015225807,23.36920862324551,24.935912487250462,29.70518399694948,24.986606711148642,30.24295975777897,-5.256353046630327,29.407979663278134,29.875096231981,30.12706735244829,-0.4671165687028669
2044-03-16 12:00:00,29.742745312947676,28.289633173916897,28.573249368417386,29.744483788914437,22.281515441176417,21.41506666036669,24.702202636911302,23.93211994625454,22.97463951633361,24.856235564676094,29.96467651466443,24.99368457994811,30.61105423422325,-5.617369654275141,29.651118704669422,30.217618334526055,30.28983980959506,-0.5664996298566329
2044-04-16 00:00:00,29.64393127841394,29.024148304270323,28.957336267043733,29.852270251687496,22.49091576286728,21.59927275081777,24.886393473582718,24.183516028762007,21.52039117792069,25.02972512876239,30.033265951833222,25.261720053088638,30.56808621155488,-5.306366158466243,30.54814349651425,30.500900409885016,30.94228837994959,0.04724308662923349
2044-05-16 12:00:00,27.022129807264214,28.725551178054047,29.286488647538636,30.14328917130324,23.137416828198884,22.054119545820516,25.117325075047187,24.369246414096185,19.43948954737558,25.260670100140338,29.414231086761564,25.479426332708687,29.19912581048629,-3.7196994777776027,31.108937729712874,30.60617471230717,31.006740947303655,0.5027630174057052
2044-06-16 00:00:00,24.82475482360992,27.934776358244996,29.1427488297494,30.308945752908492,24.657365820194453,23.362902801058382,25.773274086715507,25.02055815822634,17.270365814707713,26.045931940515338,28.438979634728394,26.149123955314895,27.888298671040776,-1.7391747157258806,30.259035827650195,30.11119487697351,30.03320215028536,0.14784095067668446
2044-07-16 12:00:00,23.925350239685848,27.29476483781856,28.661004807469645,30.055585177708142,26.036585980075337,24.478221944712516,26.771721886519142,26.23644441911841,16.011002523007924,27.020799735749154,27.597111363089542,27.191274337725766,26.858713240692285,0.33256109703348,29.36552001379033,29.521229746588343,29.126250542726638,-0.15570973279801237
2044-08-16 12:00:00,23.664385398452,26.545342843486775,28.02769700378,29.86244858779179,26.866088458629317,25.303845772241253,27.79272156542584,27.40558405853867,15.18669576984035,27.774614722731247,27.069934526336223,28.002595033375478,26.18475615661177,1.8178388767637088,29.054077922227968,28.698231171314855,28.80849186848227,0.3558467509131127
2044-09-16 00:00:00,23.883382451378182,26.324718248229566,27.73856730329273,29.74752152986908,27.33029340271919,25.861438499368496,28.444480222499934,28.1392103272629,15.087698145835235,28.280083745226268,27.00514296349357,28.612679650003095,25.931540805620415,2.68113884438268,29.19935550436098,28.02774928993361,28.918628310359843,1.1716062144273707
2044-10-16 12:00:00,24.504323692863448,26.612252079167718,27.860715641323207,29.928536629029534,26.935361916104206,25.659211225712415,28.426266620523837,28.068904490793194,15.860221109616424,28.31922932486029,27.364370500754056,28.663457976494424,26.232841202812068,2.430616773682356,29.733064774345358,28.143034815441794,29.363589282870972,1.590029958903564
2044-11-16 00:00:00,25.21376144313611,26.908152868826512,28.041475154898908,29.956535130713085,25.725073168652706,24.756786004574153,27.6677450621264,27.242870201538253,17.709709873873432,27.632831033168774,27.96215418216733,27.944269215540967,26.945356440268625,0.9989127752723412,29.761668699223097,28.736507188507055,29.659566516711752,1.0251615107160426
2044-12-16 12:00:00,26.134913403103745,27.274673176371476,28.088778668492846,29.939837782466675,24.183352073716414,23.385098491422376,26.333359042420366,25.741109013699244,19.877486770555933,26.39610341098062,28.663482368249124,26.614536009618167,27.95545777384664,-1.3409217642284723,29.58989957882007,29.487680691909418,29.94907142329062,0.10221888691065217
2045-01-16 12:00:00,27.83921078928854,27.557011243329722,27.998157619288595,29.638955002343913,23.02626948062662,22.186106972606726,25.250907408923428,24.472474091894984,22.398368529156308,25.373909299440747,29.17896574510282,25.470565137452777,29.357994877088487,-3.88742973963571,29.285523363920465,29.774131720425355,29.918386175760382,-0.48860835650489065
2045-02-15 00:00:00,29.142873483201388,27.65574920532918,27.990637152958936,29.47526869545138,22.440538535926652,21.602172430213017,24.744020964073716,23.952573749177155,23.523951284495467,24.89363383680678,29.509656457841018,24.966644454108188,30.160535259790624,-5.193890805682436,29.065745247240525,29.658215979743066,29.697316593624937,-0.5924707325025409
2045-03-16 12:00:00,29.478316817426155,27.92848419064986,28.101082301575886,29.35958750708426,22.32203366631123,21.446894997733402,24.65041702623901,23.95908943130496,23.433575242507708,24.825220948018575,29.822746107610634,24.993784053951334,30.69088099662776,-5.697096942676428,29.57354634551177,29.803261371026686,30.13124690357672,-0.22971502551491696
2045-04-16 00:00:00,29.348239798665556,28.631027262039247,28.528448209731046,29.610886036513886,22.650029979491073,21.75326418959656,24.888301277636867,24.28893535553423,21.930185172653676,25.07178221825066,29.879423281024053,25.343400930548704,30.6649347296459,-5.321533799097196,30.528771990866655,30.328980385212756,30.79418895470498,0.19979160565389975
2045-05-16 12:00:00,27.23111594482192,28.57480637002874,28.93291934919845,29.9850607429184,23.438417179080332,22.30780618823256,25.23681688205865,24.59233062091243,19.48891511221795,25.41369084656808,29.283954789280948,25.647644926598566,29.2810058985234,-3.6333609719248336,30.891343168618192,30.43949834495467,30.683780512495815,0.45184482366352086
2045-06-16 00:00:00,24.86016077482976,27.758618259718766,28.974006826928516,30.303308863984107,24.641646833167744,23.29476523581043,25.819751421559772,25.217742937014748,17.397494379851945,26.0810073258328,28.339706078433252,26.29060273273395,27.859558729801993,-1.5689559970680413,30.118668877996114,29.888137825719422,29.748074647367662,0.23053105227669235
2045-07-16 12:00:00,23.999638340568715,27.37960939951431,28.679043918178795,30.146426713285393,26.12298852976328,24.5625460141514,26.78240047236593,26.34525219277566,15.791511410688141,27.06015720176066,27.5359086088752,27.281338182990467,26.766957876767655,0.5143803062228116,29.333803780440658,29.1741649103224,28.991311490508334,0.15963887011825761
2045-08-16 12:00:00,23.784386011877157,26.76003454546375,28.181171333348935,29.96747734972461,27.121549503902287,25.5623382943428,27.863621201311876,27.520522218760764,15.146621901159513,27.855149243782826,27.026582483441036,28.07182813689446,26.043382349103172,2.028445787791288,29.026567910246985,28.187703625167142,28.738426150791103,0.8388642850798433
2045-09-16 00:00:00,24.126372123253496,26.655157077225194,28.03350559607504,29.97497871056788,27.642606873811616,26.139433125011436,28.565120400696248,28.206622034643342,15.278279965690208,28.406420981011028,27.00297123017319,28.646289231683955,25.7734255378011,2.872863693882856,29.25832776430595,27.71889476166434,28.943857225543134,1.5394330026416085
2045-10-16 12:00:00,24.736358032955508,26.87762650310959,28.229847806497983,30.190394777210823,27.270529487111162,26.036279910613175,28.68624519786322,28.2774124531897,16.151360862671847,28.573336927005336,27.3419457951626,28.8376499867112,26.106007969434945,2.731642017276254,29.743400251472707,27.783170725215463,29.34301809470045,1.960229526257244
2045-11-16 00:00:00,25.577883406448763,27.41846647987465,28.577401466005988,30.355295340452386,25.974465400190226,24.96559394979703,27.87622444417252,27.39279163829356,17.88917925351773,27.829872565200624,28.0477765126167,28.069105808523783,26.922715722846196,1.146390085677588,29.808463703445078,28.71604729301599,29.63166763453461,1.092416410429088
2045-12-16 12:00:00,26.839216208585775,27.86741854624513,28.769425633219967,30.286998545291176,24.468936913892893,23.63652993413112,26.57350407740212,25.912524778682766,19.862334608321348,26.63108498253071,28.800484825104544,26.7709959241208,27.913419341840708,-1.1424234177199075,29.695610992230115,29.667819011842774,30.038566161472566,0.027791980387341653
2046-01-16 12:00:00,28.523176042704193,28.21962145507707,28.74441372013036,30.107239323830246,23.19887894505557,22.3384929119356,25.41170973187449,24.567571579838035,22.00469262315523,25.514632942383873,29.389649175897556,25.54759547321198,29.198637966215628,-3.651042493003647,29.433957779491173,29.874577104492328,30.109713847262036,-0.44061932500115475
2046-02-15 00:00:00,29.58363717242255,28.461208229013906,28.76089586233244,29.879863617744082,22.504500156378676,21.61582451859267,24.8352104098846,23.979842403760976,23.343461561764983,24.963947460395737,29.75276541620116,25.000356811063675,30.352867822114025,-5.35251101105035,29.336020694283853,29.94049661921832,30.028783615578362,-0.6044759249344658
2046-03-16 12:00:00,29.92367971920576,28.542157460880055,28.777917744954316,29.816413683031453,22.343139985435798,21.46439418035278,24.774856066604286,24.002156332381325,23.16459772612665,24.91325558379173,30.015872658765577,25.04714868938681,30.783476412769758,-5.736327723382949,29.725418255076804,30.0599705043951,30.314600983266416,-0.3345522493182962
2046-04-16 00:00:00,29.660918470452064,29.136564920264387,29.079444741597506,29.985963904097908,22.571967314542807,21.660968886667124,24.91730503259056,24.195998229203248,21.82860140539644,25.063860363868425,30.010896419414973,25.27051047169745,30.83007902769181,-5.55956855599436,30.477677800662978,30.667942741693114,30.84305320940403,-0.19026494103013647
2046-05-16 12:00:00,27.137984516590087,28.996839181194783,29.490529395239456,30.42775970698042,23.400157282592314,22.352324655622336,25.311329776510362,24.544914859462544,19.687422541229893,25.442448639190598,29.369849674451082,25.586832962855624,29.460256583797918,-3.873423620942294,31.03585903515065,30.56165658464661,30.96165463340358,0.4742024505040412
2046-06-16 00:00:00,24.733654471142334,27.98425373922331,29.30325683892258,30.593687858203037,24.81146715039194,23.513906148875563,25.986884973549877,25.258991920272226,17.60611207144257,26.22218387845031,28.39007733954133,26.310945109106775,28.00306317921108,-1.6921180701043035,30.384781941670298,30.00406945983613,30.054723042760596,0.3807124818341663
2046-07-16 12:00:00,23.855136934119063,27.423504660331265,28.770508332608205,30.343581254078085,26.198374159206594,24.651115434999284,26.833214538819274,26.26063768265399,16.204376556696587,27.094537380415577,27.523838452305796,27.21434856634014,26.84482853289852,0.3695200334416171,29.43680978860695,29.005718483656665,29.100942051688623,0.4310913049502858
2046-08-16 12:00:00,23.59252302963186,26.620207722044867,27.99699236201906,29.896685458074067,26.996478180901242,25.3569419737582,27.850506152823776,27.413742788381064,15.356434435555999,27.834037841941214,26.963722770182123,28.011317092511696,26.072607226655013,1.9387098658566835,29.10187045107263,27.936341292730607,28.771369669899784,1.165529158342025
2046-09-16 00:00:00,23.94390023109996,26.343008413106986,27.616552138587053,29.659506806292637,27.509656297236024,26.009051246247694,28.53637175103695,28.230485161913304,15.374367751203916,28.380974272649674,26.868848232700998,28.70473669422187,25.81738295129755,2.887353742924322,29.25277086131462,27.334793896509606,28.899831684950126,1.917976964805014
2046-10-16 12:00:00,24.748022802811793,26.69627505811403,27.838541132951033,29.861409831526803,27.226173177317147,25.905833887364157,28.579126670747222,28.20549934421209,16.06979316903093,28.472741906816978,27.27496773416981,28.779442911520256,26.123106287549177,2.656336623971079,29.748969213386854,27.49563394753322,29.287519922986693,2.2533352658536323
2046-11-16 00:00:00,25.77965600616883,27.2639014449712,28.136443217751825,29.917740203739907,25.944416630244522,24.903965253583763,27.83064375632498,27.336569817155386,17.65705245863098,27.767096344765072,27.96330914536131,28.025434310703837,26.801605039493744,1.2238292712100929,29.84836334145097,28.29258246431066,29.582009389611265,1.555780877140311
2046-12-16 12:00:00,26.752136611649785,27.536610587604137,28.2049052636542,29.8840952540894,24.302141714664792,23.434072370234468,26.55287273801055,25.91738655810047,19.3364472624179,26.561443403041668,28.687777025167588,26.778838992227772,27.72264944316116,-0.9438104509333876,29.679981619911118,29.319082780749003,29.90627755856655,0.3608988391621146
2047-01-16 12:00:00,28.31809966416168,27.764131281889092,28.14354728710894,29.59352928941905,23.067169458363555,22.18680273968282,25.366792960764712,24.573787077358006,21.838945642783845,25.45601600023956,29.24452463231461,25.561521071094084,28.918768081913232,-3.3572470108191474,29.46888565190194,29.591770173878892,30.078962616558073,-0.12288452197695321
2047-02-15 00:00:00,29.30997648752374,27.703064281620687,28.06453053986052,29.511173109504398,22.39464933597329,21.490442899182245,24.795468701044967,23.978774198132818,23.45199830382902,24.912363758807697,29.622227425725036,25.011866731187997,30.064575371823008,-5.052708640635011,29.176894478312974,29.59711784710188,29.84008064767523,-0.420223368788907
2047-03-16 12:00:00,29.707627017211717,27.925068180372275,28.12919320924875,29.452678952993335,22.232813080577632,21.325141981854465,24.64884932622503,23.902240940740263,23.166880009442497,24.790454737583016,29.921821643703417,24.956353393195712,30.55280359438427,-5.596450201188556,29.521487091177463,29.90245863374025,30.052383300454625,-0.3809715425627864
2047-04-16 00:00:00,29.592867961880764,28.754011331050435,28.533338690394423,29.592879133979327,22.46429172158939,21.523018239704204,24.89512808734543,24.250617909589376,21.703800657610056,25.036420224914917,29.996849266987535,25.306859961676302,30.465158596599732,-5.15829863492343,30.388459648505926,30.442237543564108,30.804765030286262,-0.05377789505818242
2047-05-16 12:00:00,27.537036186330656,29.006349874760968,29.096689881512255,29.989044719338633,23.19217139314731,22.013599604335198,25.239149033322292,24.518153576251358,19.519854412705016,25.37241028490718,29.376692849782774,25.589144188864033,29.08364158550095,-3.494497396636916,31.066279890644964,30.38774591456436,31.063244064969588,0.6785339760806046
2047-06-16 00:00:00,24.779072954310358,27.95385142089811,29.05552033657684,30.251507736149442,24.527025982145673,23.109522323266408,25.839336633510754,25.135734318424927,17.446623981677764,26.081546122253926,28.34381129917691,26.23522883015993,27.613122003806268,-1.3778931736463385,30.16965810808222,29.86590407979077,29.932987572074325,0.3037540282914506
2047-07-16 12:00:00,23.92644939587165,27.39248820356883,28.700278638090108,30.125052848565872,25.934793824840757,24.3298475197353,26.850611602249792,26.41646579717525,15.994288402484507,27.06208283011778,27.506103355856176,27.32334502124601,26.55158643033208,0.7717585909139295,29.288224362788103,29.154852675090392,29.01583735793037,0.13337168769771068
2047-08-16 12:00:00,23.83437874507869,26.723056379357587,28.118797233120876,29.90889942317908,26.982326997902003,25.3385993287503,27.89168948492423,27.538170981034575,15.39174587994809,27.82086317307047,26.99886822365376,28.04765101773053,25.768524589088873,2.279126428641657,28.950403665250285,28.45225343456841,28.71063026423596,0.49815023068187614
2047-09-16 00:00:00,24.039346032087447,26.50771717647107,27.858484563774127,29.793570111352444,27.47978312738762,25.97520718605199,28.527684720253873,28.221025966959797,15.384685876624658,28.372945535837488,26.949313641514383,28.67870183915154,25.610396478379656,3.068305360771884,29.14189947290284,28.193920259962024,28.864304632168743,0.9479792129408153
2047-10-16 12:00:00,24.995839360267915,26.939389092459184,28.101611203627744,29.967478627965196,27.23228017113801,25.98071792868003,28.61307872119001,28.312272454683786,16.28464759809024,28.506841140716322,27.35881579820328,28.82281531850681,26.00301271531284,2.8198026031939705,29.667614502105856,28.3068084810299,29.277152266346697,1.3608060210759554
2047-11-16 00:00:00,25.72347174475204,27.3034895054009,28.39465706646643,30.0942451939844,25.958604985795848,24.93024008793918,27.875016314528878,27.405769620264817,17.902150485249877,27.825786791013353,28.030616950931226,28.077094614704635,26.816217448181302,1.2608771665233327,29.758985192053185,28.84696018910995,29.624144824209097,0.9120250029432349
2047-12-16 12:00:00,26.64950727414345,27.693366118072806,28.42801477710155,29.976108380677793,24.39579059077385,23.516851772859766,26.64436402886798,26.01400334414238,20.038774318430036,26.66560027208756,28.68989819088442,26.856980926132707,27.7896736912551,-0.9326927651223933,29.45973795191528,29.527504715693244,29.784969326013304,-0.0677667637779642
2048-01-16 12:00:00,28.518260300610017,28.27302391708012,28.54666349620796,29.808177460984147,23.18793870058419,22.35639593397804,25.609097177423013,24.820217053780958,22.002229143155667,25.679943792787736,29.315693046606523,25.78742378200884,29.14314919694871,-3.3557254149398688,29.357406283599104,29.813339741983675,30.05361181118534,-0.4559334583845711
2048-02-15 12:00:00,29.553236207362165,28.363815148871897,28.560186459441532,29.650278000143324,22.47342469917091,21.608931681979147,25.00882640698478,24.150763194841936,23.168646997321,25.10065175303678,29.755550939378292,25.191129059185183,30.42755601902549,-5.236426959840308,29.35396105004796,29.847258391395084,30.057216568756452,-0.4932973413471231
2048-03-16 12:00:00,29.94766526551075,28.684049561615772,28.743459531725975,29.591613435333628,22.360327649921214,21.44089033832456,24.87252210577505,24.053738837871986,23.01181975972861,25.00236257350688,30.065747268600013,25.13393212883618,30.81256516186478,-5.6786330330286,29.749714368214594,30.00251015770201,30.380617748589334,-0.2527957894874149
2048-04-16 00:00:00,29.6508014476337,29.43159460538023,29.223845074377476,29.90650708130704,22.711233922191457,21.70056837441198,25.063880080038132,24.291251884302994,21.617664604576085,25.191655163586216,30.08304415798149,25.377793086576677,30.53244458961688,-5.154651503040203,30.642154145407638,30.598362115905676,31.024612489298836,0.043792029501961593
2048-05-16 12:00:00,27.50753445686056,29.06765677803388,29.414198150292904,30.29127002338699,23.578564027657464,22.429649351958986,25.336839549138322,24.506829595884813,19.546977057756823,25.490050349428007,29.47432085002466,25.595121778022023,29.098100279632632,-3.5029785016106096,31.166638375921483,30.74349289171584,31.067570383443496,0.42314548420564435
2048-06-16 00:00:00,25.528453775282127,28.21933996120497,29.29554986888203,30.471456187363945,25.087914962822094,23.653842378986653,25.98423191306905,25.202092816015696,17.546115086443002,26.28554778875972,28.48906892107243,26.308330256869954,27.8576634625537,-1.5493332056837446,30.37208106474967,30.068274568918717,30.02324832932758,0.3038064958309512
2048-07-16 12:00:00,24.478744946719456,27.610791767860185,28.861607487678718,30.3502844394326,26.70580074388837,25.13061297098393,27.07970238860906,26.518006047023245,16.019340446126645,27.360641189816867,27.617450004153877,27.408196669440454,26.797203708412717,0.6109929610277369,29.41733277237468,29.212637116133024,29.072079790269605,0.20469565624165753
2048-08-16 12:00:00,24.079714991671576,27.023864140042214,28.31460947818017,30.052225152447864,27.5280096845942,25.965209584520128,28.197055211054934,27.74017377493411,15.255465540945455,28.119447021236404,27.114704383233605,28.211823226789345,25.996230035323205,2.215593191466141,29.109820308408363,28.218578908315013,28.823973646277597,0.8912414000933495
2048-09-16 00:00:00,24.1511096650504,26.790915928625637,28.053649068059922,29.93191719826381,28.037547841214632,26.560911580980804,28.857316277659073,28.472328937343878,15.303276389704882,28.653380197610016,27.031460164888255,28.841633542879137,25.776605531285526,3.0650280115936113,29.258790118712582,27.538094771538205,28.914895108381582,1.7206953471743773
2048-10-16 12:00:00,24.98998392965777,27.125984141746677,28.29344215436361,30.181188686182892,27.55060157756448,26.2613678033313,28.89912979435881,28.478713490811582,16.17000763294121,28.744235752737737,27.40965419033155,28.97654249098886,26.09801224568374,2.878530245305118,29.67036636795986,27.66902520290218,29.241624118977107,2.0013411650576813
2048-11-16 00:00:00,26.026560459247467,27.551169675832128,28.559156816394804,30.287347207037346,26.151352457790573,25.13677791541879,28.123832327670343,27.612486983262656,17.823439235325118,28.029473174240703,28.101316808224976,28.260182372419266,26.898841278289442,1.3613410941298234,29.766593907872515,28.678193915868192,29.55332770779459,1.088399992004323
2048-12-16 12:00:00,27.081747564348788,27.9559531477704,28.79605948173033,30.24292752304171,24.490973139900817,23.70236856032658,26.808087262011583,26.142363366647746,19.89223477711264,26.804961215992527,28.844359582285605,26.979157324933688,28.046441775002812,-1.067284450069124,29.765093577758535,29.634056491862978,30.04628775719149,0.13103708589555652
2049-01-16 12:00:00,28.789827667541385,28.462292114721524,28.89282175855391,30.021311609261296,23.244427116670433,22.44816277833166,25.690887215421665,24.856971709343373,22.101664099323415,25.740421834501753,29.462573281667368,25.819911402533315,29.623205535486704,-3.80329413295339,29.65053132977672,30.03679514555308,30.301015836545524,-0.3862638157763598
2049-02-15 00:00:00,29.762479462335403,28.56996600038086,28.821500195801427,29.788213367848805,22.59010729586903,21.743236605098396,25.158740971626866,24.22598574673408,22.956860594813104,25.217406907089504,29.881493006971564,25.234105688449084,30.869403226374395,-5.635297537925311,29.61285739053641,30.19446758753778,30.304268369401015,-0.5816101970013712
2049-03-16 12:00:00,30.197946271769222,28.95915538108668,28.963577943843273,29.825013190216705,22.357726081071945,21.530027804794326,25.035564518001923,24.142032746706068,22.888644513345383,25.09830402596674,30.216701733805397,25.182255893107243,31.23333040241418,-6.051074509306936,29.944200630420674,30.40982715460417,30.55324330586582,-0.46562652418349515
2049-04-16 00:00:00,30.007460617518934,29.458985854945574,29.269865383124742,29.979261264113283,22.675400684407823,21.7345222160229,25.163390002719552,24.303692249328215,21.606345805405763,25.247230430815762,30.23007554969957,25.371578696692012,30.68479292715676,-5.313214230464748,30.744587922977352,31.076378035291352,31.126435420513907,-0.3317901123139997
2049-05-16 12:00:00,28.04661078568486,29.308708662125955,29.58043035185097,30.224868921528415,23.571681953736444,22.418875671212188,25.44454336070087,24.58557003088946,19.463069689975615,25.572697740777393,29.6026151465609,25.668522098769277,29.39614827921414,-3.727626180444865,31.327907317879347,31.075936529095788,31.23254230188776,0.2519707887835594
2049-06-16 00:00:00,25.61965174209874,28.104317288766836,29.35038379266881,30.525958690523538,24.984326453138966,23.642845453878547,26.054088188001526,25.24457498923576,17.442261470801814,26.333180858238123,28.579020610972545,26.348571628572163,28.013893535712388,-1.6653219071402248,30.745517103207188,30.335354099170125,30.395813204938104,0.41016300403706296
2049-07-16 12:00:00,24.754330349057817,27.47011135245431,28.718996595200768,30.22268751718209,26.230842620108216,24.613874177042117,26.915209979042714,26.278826968890716,16.055526191760848,27.174296105275495,27.700453811270624,27.278285265301633,26.968150411675854,0.3101348536257795,29.711945737229126,29.487959806991213,29.346708988726597,0.22398593023791236
2049-08-16 12:00:00,24.07456857812282,26.659923742603407,27.889491347807457,29.68807542444989,27.114299926987172,25.395783632310106,27.89822697133503,27.40524647592601,15.31495018790061,27.897204298019794,27.142193526188528,28.038264791037527,26.215873185615393,1.8223916054221334,29.30037303024238,28.52899535804411,28.987430392352717,0.7713776721982697
2049-09-16 00:00:00,24.106660291191215,26.379027192516087,27.55345785614479,29.586019812269885,27.675177835051286,26.088217160980896,28.660682735349468,28.286995534101848,15.290072157402003,28.516830327643643,27.058578698311944,28.76587008096397,25.94035898132728,2.8255110996366923,29.483414574430277,27.866455625220578,29.161019535399802,1.6169589492096996
2049-10-16 12:00:00,24.650030084181232,26.612151022452135,27.717602196779215,29.64857922909039,27.405564755128335,26.08711751744852,28.74924821597382,28.323084281754163,16.25476671184018,28.66458673068744,27.42600148820356,28.890064362929323,26.28032899206997,2.6097353708593545,29.97395229963577,27.950028947169898,29.572631978863974,2.0239233524658715
2049-11-16 00:00:00,25.599391963592822,27.15143196909412,27.997365813440283,29.754304585418208,26.06365860134425,25.040372124732652,28.028928064592144,27.50234536290732,17.907152635170544,27.954379578513855,28.109220472293497,28.17001116634378,27.059418511607195,1.1105926547365854,29.956082945375734,28.833014418239312,29.80054375876801,1.1230685271364216
2049-12-16 12:00:00,26.4419890133506,27.426969804952773,27.976785992225455,29.65049942401868,24.408196167445148,23.4629677093947,26.626081491745737,25.893552933070588,19.93552115194646,26.64553969743961,28.800966104007113,26.776136079718256,28.181041018092024,-1.4049049383737682,29.834731681665744,29.61028081529923,30.18115279733376,0.22445086636651368
2050-01-16 12:00:00,28.129263478451907,27.83966491133866,28.029769733706928,29.38695244807018,23.130471377628737,22.21656692104982,25.47497606097978,24.572747375039008,22.192943166344424,25.545432268319065,29.34940291560329,25.573016135180747,29.51628883305287,-3.9432726978721213,29.462331478354546,29.842039587299986,30.07478387219907,-0.37970810894544016
2050-02-15 00:00:00,29.325082334553365,27.860220771118918,28.029785289708553,29.13832894085891,22.463750092048492,21.497721912048366,24.79482186303424,23.84535987415414,23.334334500965348,24.906546547758268,29.668079491321297,24.87958947347448,30.447174999807064,-5.567585526332586,29.41132676540303,29.633327420699594,30.048776891197136,-0.22200065529656499
2050-03-16 12:00:00,29.532427993946254,27.966123904891322,28.059992289187914,29.13229103731978,22.327835344466138,21.396895619091737,24.687087673154057,23.865529854425095,22.926451665241068,24.837820862408897,29.925417701452293,24.906562162495234,30.633788766479217,-5.727226603983983,29.781774966449806,30.000377127954586,30.299407568752937,-0.21860216150477996
2050-04-16 00:00:00,29.356478277893206,28.67942728765903,28.470361851833243,29.4436735508925,22.622306177596354,21.693251932038645,24.973978207826494,24.313881540955705,21.60214468084148,25.132463599247366,29.958189132627968,25.328591147051473,30.436713151979202,-5.108122004927729,30.623435399536927,30.205303637003613,30.851960893868817,0.41813176253331363
2050-05-16 12:00:00,26.613567742238377,28.545986683769318,28.861536298834054,29.742473068589387,23.460299565762288,22.345894489838972,25.31295446897579,24.670264770925183,19.627844976222196,25.478002603792444,29.31148312594307,25.670333677400016,29.164680049401078,-3.4943463720010612,30.98326557805091,30.53226464045758,30.810107698661362,0.4510009375933315
2050-06-16 00:00:00,24.34570835393952,27.47410585181711,28.808368882453887,30.041469154248762,25.04193242459033,23.761045084223834,26.058795970504846,25.496256619735746,17.60046967828315,26.383145809728134,28.337028683421725,26.535756154427585,27.83918046170921,-1.3034243072816238,30.190288882664596,30.104846991480176,29.80386540232709,0.08544189118441992
2050-07-16 12:00:00,23.49880304218848,27.058334778647595,28.49675671006513,29.93590032832469,26.595200973019516,25.106214068540165,27.147616088545163,26.705977257456553,16.14693938530116,27.410205050529374,27.52103727015339,27.539346379095086,26.688434861145407,0.8509115179496796,29.36935738067952,29.377728202994618,29.0007307652121,-0.008370822315097115
2050-08-16 12:00:00,23.2811897709731,26.342396667021493,27.81209518515024,29.67728311149588,27.332517906376793,25.835662351274696,28.248678829621163,27.847957110322245,15.424693635948856,28.14637677861278,26.976669526185646,28.298520277424814,25.897798707442696,2.4007215699821174,29.021677387374524,28.416941550632643,28.713433810246084,0.6047358367418809
2050-09-16 00:00:00,23.791393832227225,26.316317821787464,27.59014666400431,29.538961021972163,27.664769480470053,26.281356716874633,28.88365042069439,28.487367690706865,15.489989442153005,28.57372683672227,26.924549929040364,28.827093478868274,25.566472923762326,3.260620555105948,29.122894518236926,27.896169746644876,28.832063390121476,1.2267247715920497
2050-10-16 12:00:00,24.486449205883936,26.542029384447513,27.681471059138154,29.69237390181248,27.474820811327284,26.329252623044137,28.87264672841571,28.53088936646019,16.40167307815482,28.687793015796803,27.290017804184558,28.99646396421457,25.876314247814012,3.120149716400558,29.65440188056265,28.07182019657487,29.285148057461523,1.5825816839877795
2050-11-16 00:00:00,25.38167601860808,26.97083681971354,28.021112104361432,29.959347442570145,26.1318873645419,25.18884278231415,28.006232538802305,27.56958886182182,18.040739399396095,27.915740127692818,27.925471681709315,28.19060278022891,26.543321291857215,1.6472814883716964,29.77678522419584,28.768181543253974,29.64315142561497,1.0086036809418673
2050-12-16 12:00:00,26.45844836321393,27.462189971888154,28.19981786734284,30.006696818629337,24.599855728028434,23.705525794107114,26.607467389150223,25.9435674402696,20.08124714563424,26.64796268809093,28.681092433829253,26.801950204568435,27.60445277700856,-0.802502572440126,29.707386439080334,29.61125759490832,30.060757849632463,0.09612884417201428
