time,nino12,nino3,nino34,nino4,norte,norteleste,centro,centroleste,cbm,tna,tsa,nat,sat,tasi,wtio,setio,swio,dmi
2015-01-16 12:00:00,26.331384182501242,25.137203820383004,24.85170657529559,26.164239398259777,21.049314347672045,20.084947585585166,24.081212745605875,23.727168854630662,16.318922634872138,24.075172352639512,27.180557893103863,24.74688433429888,26.787664871393954,-2.040780537095074,27.392148683551355,28.767059489086513,27.856659755189714,-1.3749108055351584
2015-02-15 00:00:00,27.01394949836504,25.53904344582646,26.166713726638033,26.883990890835335,20.400708876114916,19.397581593310836,23.525737713263716,23.079458089461944,16.60697779868871,23.560821402188502,27.606917259749277,24.24508247881324,27.35926078661345,-3.114178307800209,27.57983289361043,28.577101485102077,28.043084910880893,-0.9972685914916468
2015-03-16 12:00:00,27.246923639906292,26.305178228518272,26.58073294641093,27.14580717544425,20.259924815274175,19.38869517143699,23.59828813674834,23.066152549553273,16.975282598456566,23.62969854654247,27.87362328063086,24.242248015429535,27.732524436343134,-3.490276420913599,28.18880532053943,28.982954431107498,28.653973733017157,-0.7941491105680676
2015-04-16 00:00:00,27.486465472282227,27.308379865044497,26.987040204419845,27.02009307711038,20.74379177524226,19.729806870962882,23.878616798077978,23.269989175939358,16.000695093694198,23.91479528020211,27.859909902544608,24.409037424602936,27.471481164176524,-3.062443739573588,28.79535595429536,28.785592500022346,29.059982091344473,0.009763454273013394
2015-05-16 12:00:00,27.696398183366743,27.34577328194663,27.416166533270363,27.582779170539034,21.69249799453893,20.35852228248105,24.274564683283543,23.630683641156093,14.592410458525567,24.36491432175335,27.488295880504765,24.741881604017866,26.80881247390149,-2.066930869883624,29.07452856101741,28.547297180950917,28.945523979516935,0.5272313800664925
2015-06-16 00:00:00,26.69527468752203,26.205423703027783,27.02762791430578,27.844079538492714,22.541732462939596,21.07332606114437,24.752221574490612,24.28377232368476,12.001296499631643,24.909076435920692,26.729805897985603,25.382804259661444,25.527388085056003,-0.14458382539455883,28.37723668692566,28.442304831046886,28.064104233585976,-0.06506814412122708
2015-07-16 12:00:00,25.723128262583028,25.253777822904933,26.25133623212751,27.45362226451704,23.288823362213066,21.876628933304865,25.364308224630076,25.21300877353559,10.021959146976354,25.45199204874703,26.038268720318015,26.124947289015843,24.671375248264937,1.453572040750906,27.61936003125484,28.183863883747957,27.387765230569038,-0.5645038524931181
2015-08-16 12:00:00,25.228672823243556,24.385328902679454,24.815629914164926,26.455970013684595,23.768604209171105,22.387065667187706,25.77902713487424,25.614865537413433,9.385321233305149,25.777485801624056,25.585115599442293,26.425230445326733,23.953542823637108,2.4716876216896253,27.422830026666364,28.262230230256694,27.288569826675012,-0.8394002035903299
2015-09-16 00:00:00,24.600959861742485,24.06483528204313,24.094753119855877,25.824777897735494,23.91365783208194,22.631729210916287,26.188396043039535,26.19534399352448,10.136824063309522,26.114809942989655,25.57132234572679,26.868891274932245,23.813310491511313,3.0555807834209325,27.56044559033802,28.42417407864096,27.42192706580155,-0.8637284883029395
2015-10-16 12:00:00,24.874339025293843,24.360182453568466,24.19273949004968,25.88633395712906,23.613349564969045,22.422336017443335,26.147863693451466,26.163180294459295,11.008677725282606,26.049022364051936,25.996395849774792,26.818856793418632,24.391745799470865,2.4271109939477675,27.81060276265539,28.61207072351601,27.89765068506216,-0.8014679608606201
2015-11-16 00:00:00,25.613748643687117,25.328635525238525,24.839760716434075,25.66282813146488,23.02236259768117,22.026989471950078,25.618702836187108,25.486992858127547,12.043803357127102,25.52577094675576,26.579313375542224,26.2442102684349,25.238169593576448,1.006040674858454,27.856511936687603,28.726533637202504,27.805769876143103,-0.8700217005149007
2015-12-16 12:00:00,25.81446940839518,25.867874139128322,25.453998884965284,26.011643214614885,21.895754815015238,20.689307424069806,24.865804639810136,24.465758393383364,13.46960177289578,24.677370360591944,27.005795530181473,25.374888674568606,25.940160707970897,-0.5652720334022909,27.76630033118705,28.536380599003962,27.959852676656258,-0.7700802678169119
2016-01-16 12:00:00,26.522195003525386,25.85117692003654,25.284943844875773,26.370260284217395,21.02989251769805,19.724128328183713,24.15254195201622,23.52267338082063,15.534145333571091,23.995828968972404,27.363731559539865,24.625101754199346,26.762808206243143,-2.1377064520437976,27.82066581369225,28.633101272590583,28.340435032587095,-0.8124354588983316
2016-02-15 00:00:00,27.54823548524451,26.45556106336374,26.259843013862582,26.800773291358727,20.67979486839033,19.384900994068694,23.7654238152419,23.13183974502258,16.415713714150748,23.693459512163635,27.784339359504827,24.279649024490183,27.431659514686707,-3.152010490196524,27.73910850116616,29.02106667012615,28.285245889455254,-1.2819581689599886
2016-03-16 12:00:00,27.758311008328093,26.734069992520546,26.801007810857755,27.158918746360154,20.663478162228646,19.45907482158334,23.62371174539399,22.988594152781694,16.793248618356202,23.630511186163904,28.02005951520442,24.164624632760752,27.803720034948153,-3.639095402187401,28.20538121711085,28.970164755327637,28.631503432777503,-0.7647835382167862
2016-04-16 00:00:00,27.932965974660785,27.287605877139573,27.06424645350434,27.586208379012444,20.865533558587007,19.476373037283896,23.8256814629682,23.09402681996749,15.023994905203327,23.824146878557162,27.969972939269322,24.304223343951794,27.684422263013577,-3.380198919061783,28.915923315441315,28.734516355368637,29.096486493013863,0.1814069600726782
2016-05-16 12:00:00,26.911378256834286,27.466727293102725,27.683325626110026,27.95595302709644,21.679798215627574,20.118853304374397,24.211667417029854,23.531183877312433,13.714984261074946,24.310102711485285,27.45111973166894,24.785724965292058,26.76734885002275,-1.9816238847306913,29.121600589783622,28.612957007593717,28.94729352441304,0.5086435821899045
2016-06-16 00:00:00,25.771056502813032,26.576912163954933,27.46602293564901,27.958493195232773,22.591029832127663,20.93665358078082,24.719706956956646,24.27180592457498,11.705731594008682,24.868294460796037,26.67799685428498,25.46347929347042,25.842072016155427,-0.3785927226850063,28.54795852309358,28.534443627241853,28.157997982322527,0.013514895851727715
2016-07-16 12:00:00,24.942165469177766,25.200087243808426,26.32245698213045,27.601140162143665,23.479916954796817,22.01743666117082,25.396182066098394,25.237626446081226,10.473387628265487,25.494174791494633,25.992342695132294,26.199774549817697,24.868751096420365,1.3310234533973322,27.64423729782818,28.204269827926634,27.444010134273984,-0.5600325300984537
2016-08-16 12:00:00,24.34249919748575,23.892434051481647,24.507115025888083,26.663094734589404,23.97938916041842,22.545995403056022,25.777446112091543,25.63384491345543,10.252079204707858,25.80665682136514,25.586231069913367,26.448888886505284,24.097335970809613,2.3515529156956703,27.567009173811375,27.980075402722218,27.476130030312316,-0.4130662289108429
2016-09-16 00:00:00,25.128314204537165,24.35933516825464,23.897178497424093,25.83259641722754,24.25221072976264,22.823618981134242,26.09705690624072,26.028492999835283,10.459266357676448,26.116688499128006,25.708003374537103,26.7627548031813,24.163937528575907,2.5988172746053912,27.966533485465963,28.288199014124185,27.863448231747153,-0.3216655286582224
2016-10-16 12:00:00,24.96377724020358,24.67484584843914,24.423485859136235,25.45045942929136,24.060807731896194,22.646156917664662,26.143455156446073,26.142155150678622,11.21206024013582,26.137125178218998,26.03347199986608,26.86252707110162,24.812325690603334,2.0502013804982866,28.363039770523827,28.36398742314472,28.36327724886994,-0.000947652620894246
2016-11-16 00:00:00,25.725599942416455,25.2974769002982,24.70443483889232,25.627180597188808,23.420283038936844,22.110362710073673,25.754216818392187,25.462010948424282,12.782981401898686,25.669105597587645,26.597963744370205,26.26261636303015,25.664435947600726,0.5981804154294252,28.44352283362799,28.49097937811155,28.425784917445142,-0.04745654448355907
2016-12-16 12:00:00,25.81526030639538,25.707254899018253,25.17578738358248,26.181222908406504,22.432892986220097,21.49608658150728,25.103607549428176,24.743095650982223,14.508077412816828,25.014479557779243,27.091238987095398,25.596075756728627,26.414349369825093,-0.8182736130964656,28.09900240622065,28.699882776065017,28.433754277507283,-0.6008803698443685
2017-01-16 12:00:00,26.179178378116703,25.999842157746052,25.49768163087447,26.4218280402846,21.37007088895783,20.47418970422557,24.30004815901314,23.93348238459673,16.003628948054494,24.255499261632593,27.4729983539608,24.930057606212564,27.05974203824565,-2.129684432033084,27.684799087552015,28.896944159920327,28.165012183015637,-1.2121450723683118
2017-02-15 00:00:00,27.112169196747157,27.164065053228725,26.876352928947586,26.75551870087199,20.682266073371522,19.7273756226462,23.72931486504365,23.302974686637732,16.10083079914548,23.69329955783101,27.955828373768558,24.41716180371124,27.666684093609856,-3.2495222898986142,28.01450169519187,28.878340689960346,28.434381873163566,-0.863838994768475
2017-03-16 12:00:00,28.004954171282918,27.691633043439058,27.614185054920593,27.359428246397606,20.48891496007263,19.49512695646006,23.596498555908717,23.078832687222526,16.55194543722711,23.597320043786194,28.237220225374905,24.24477714350557,28.07167812963925,-3.82690098613368,28.420121909900853,28.976335019687205,28.659533381860744,-0.5562131097863521
2017-04-16 00:00:00,28.223100491793243,27.623359045900738,27.63744349753133,27.93188576282361,20.713070140859315,19.648256755179794,23.995888363915157,23.4719152786648,14.839041530486798,23.9984613861147,28.13524971416278,24.652437493172382,27.781134113395193,-3.1286966202228115,29.108165540330834,28.88708415936643,29.211335662730278,0.221081380964403
2017-05-16 12:00:00,27.12812458576123,27.348227825157796,27.679499253138328,28.2970132979515,21.52992857509826,20.239279391437623,24.31686793275252,23.835231028545266,13.059398335302305,24.387747749675786,27.611408979188063,25.048832911390512,26.961809463510658,-1.9129765521201456,29.140289266329866,28.72112071037382,28.912278122542226,0.41916855595604474
2017-06-16 00:00:00,25.807023696749116,26.55224469038937,27.43429539620638,28.116518224195804,22.647894255858287,21.22597631662321,24.839503418707363,24.542118848602797,11.399382099197094,25.00258574806265,26.77739139627994,25.739156555256816,26.02562397630551,-0.2864674210486946,28.290307559450582,28.528555664145824,27.942361195634952,-0.23824810469524138
2017-07-16 12:00:00,24.042166239940038,24.49807453884024,26.02971181052317,27.730525438405436,23.11655963165098,21.73909850690009,25.412458228905873,25.32946197177272,10.075793792274636,25.43585334594279,25.929728526572987,26.27356866555786,24.979330213677233,1.2942384518806271,27.36911746576916,28.28603543879605,27.04622415074861,-0.9169179730268873
2017-08-16 12:00:00,24.102531936481842,23.65789311809292,24.51056682679923,27.088842040780094,23.684189171791704,22.30821128819219,25.757752491317078,25.719749004979537,9.86074209868126,25.69546985674349,25.55667127589545,26.480646694523294,24.514766713126857,1.9658799813964372,27.275803677576807,28.295831424123406,27.02661625392702,-1.0200277465465994
2017-09-16 00:00:00,24.253739450592015,23.730089916796384,23.906796070851268,25.99910169545367,23.80760441515577,22.461584171561903,26.096514043602156,26.11449301230664,10.253574038435197,26.03572911085837,25.58094786506719,26.85320643677733,24.55173784000592,2.301468596771411,27.718127682876922,28.424794030937026,27.526816146592573,-0.7066663480601036
2017-10-16 12:00:00,24.944949384618244,24.38897827098692,24.144664323190664,25.762977915286623,23.77213196489199,22.497871719257624,26.083157999609668,26.140887656309893,10.86900517894048,26.039120517972748,26.009238467541337,26.85794334574831,25.11630927853769,1.7416340672106223,27.96299293545795,28.705273866980434,27.895283355250754,-0.7422809315224832
2017-11-16 00:00:00,25.392983292939288,24.453329549546503,24.235270004319627,26.044623005015783,23.33988938070079,22.126598550014997,25.59312819219823,25.436974584960904,12.47054282047014,25.522187404094495,26.463952054558785,26.226236987556895,25.681326136699028,0.5449108508578675,27.864338787344582,28.527343494496616,27.909187836229645,-0.6630047071520337
2017-12-16 12:00:00,25.522811070592727,24.847793295848152,24.55349668608398,26.111202341882535,22.53743940639981,21.346942830664048,24.93039546884891,24.648768166121318,14.036982428468688,24.878941999389273,26.874881559108804,25.51802384231296,26.365921045584308,-0.8478972032713479,27.664267293566727,28.50910997941779,27.857325117308708,-0.8448426858510629
2018-01-16 12:00:00,26.46242533436461,25.511894002754623,25.08056011972052,26.265348227740688,21.554339411645678,20.333681001057897,24.200855845399662,23.816993032106016,16.054422643735364,24.180993906020873,27.25812655886411,24.831626764365296,27.12083775845432,-2.289210994089025,27.46943696680218,28.49794063138644,27.969034286813404,-1.0285036645842602
2018-02-15 00:00:00,27.19689491027432,25.649806050279302,25.70957878320422,26.250484078419692,20.93547712978043,19.877624632989598,23.757522249946174,23.439207371407768,16.8226079356531,23.78355646336962,27.52478291985181,24.51940519887502,27.57606308277563,-3.056657883900609,27.935226668517917,28.537540334276713,28.419443588549022,-0.6023136657587962
2018-03-16 12:00:00,27.363300734732036,25.430837027743184,25.816518325671357,26.58902174326023,20.81773348393494,20.078255217992282,23.696873993479418,23.511182351741475,16.672156922993373,23.84942271145272,27.69341337044291,24.59695013376638,27.77051338845532,-3.17356325468894,28.31371918986224,28.66351672547182,28.717898597178298,-0.3497975356095786
2018-04-16 00:00:00,27.549994888775103,26.42919035458803,26.18536116704157,26.83666849567293,21.19184928894858,20.345241835525908,23.919408989460205,23.683612354730446,14.895441635046726,24.10242335957134,27.706764167960863,24.78278221302934,27.5800833429132,-2.7973011298838593,28.892819127931794,28.76962283240985,28.873039710977213,0.123196295521943
2018-05-16 12:00:00,26.732915890565607,26.971093771441563,27.04185840973274,27.051034948316023,21.56260407878097,20.407085436579067,24.16934398371263,23.81420984630529,12.913058866685518,24.257472771852306,27.23360858431303,24.91934866836268,26.938349878344827,-2.0190012099821466,28.900799142822105,28.801256990372256,28.551487957038542,0.09954215244984965
2018-06-16 00:00:00,25.573421134862503,24.574868145146993,26.067985821731607,27.585093730846012,22.089737231728222,20.899142829916507,24.569763077522484,24.341561544026785,11.575221246164809,24.731158600803965,26.427529291767343,25.511797154334754,25.991687173410718,-0.4798900190759632,27.97387376535673,28.667171813336758,27.720600331400565,-0.6932980479800293
2018-07-16 12:00:00,23.42052866167672,23.14530607776962,24.52825537743498,26.842082215451143,22.990955823943313,21.849046956377087,25.105020963108117,25.007267286179733,10.47492892956935,25.21108334625435,25.62051348356506,25.95894468917895,24.955982763423638,1.0029619257553115,27.330671560195388,28.43832407851179,27.062029760251292,-1.107652518316403
2018-08-16 12:00:00,23.50856372974468,22.33083000568806,23.14644278781885,25.78494037220394,23.463771870376522,22.33171910282624,25.729572157503693,25.69311766720626,9.893155887965015,25.68518896472617,25.200823029781507,26.39145701037277,24.33948168856417,2.051975321808598,27.285913308394946,28.35616327947157,27.110084987459956,-1.070249971076624
2018-09-16 00:00:00,23.678464423987027,22.81796685867491,22.710652774950326,24.981327800751796,23.57477190840589,22.404427158873144,26.15882646466411,26.179358962004788,10.001517502638348,26.01606462620734,25.240128871876,26.786773467404682,24.39719733377649,2.389576133628193,27.367698794189913,28.413454736344807,27.25217837012969,-1.0457559421548943
2018-10-16 12:00:00,24.174829442365755,23.52446921318081,22.92096254820081,24.761272568156897,23.697220942509357,22.636633208076592,26.250538083959785,26.35348487536298,10.935008666559522,26.17927745882777,25.6258532236742,27.028222584624547,25.095546169007648,1.9326764156168998,27.900764978662004,28.45532044461157,27.794825880348387,-0.5545554659495657
2018-11-16 00:00:00,25.078538882883482,24.103863439283398,23.44482607656279,24.75328336898434,23.080532832488927,22.054448274428783,25.699704673822087,25.594152502888146,12.736943332476708,25.63741319798678,26.154222208216282,26.32068260002016,25.762888498075267,0.5577941019448929,27.976636801718154,28.534820002371692,27.939787071830644,-0.5581832006535379
2018-12-16 12:00:00,25.18369225150422,24.257199089999965,23.98239965112766,25.37120788476615,22.11669621866577,21.21248228742906,24.93030648701882,24.6740374244015,15.016013023649247,24.89356128035852,26.633079420086847,25.54808944131976,26.396592833913456,-0.8485033925936953,27.594134918992967,28.61889680529827,27.766187384223674,-1.0247618863053027
2019-01-16 12:00:00,25.740610439947083,25.820018231602322,25.092795562551082,25.569933367851167,21.374938292103536,20.627933112145755,24.31805325567153,24.010925392570222,16.626876912411287,24.31261731586535,27.0958002042526,24.952614760592738,27.121352364175735,-2.168737603582997,27.390412091474314,28.487616738483297,27.84884312315764,-1.097204647008983
2019-02-15 00:00:00,26.88980224719318,26.796664919235585,26.541616521888376,26.45156511858499,20.84196612924582,20.1191742338036,23.959965005467915,23.51177791761121,17.543784510651076,23.960775732343127,27.592965360645962,24.547033769955416,27.578090820719705,-3.0310570507642893,27.482844353864493,28.665274366906566,27.801065404664495,-1.1824300130420724
2019-03-16 12:00:00,27.404931237049205,26.708188751442247,26.81318146888551,27.0834436397191,20.586966702673603,19.82336940947883,23.8856157804691,23.317245293157402,16.6311925663707,23.86929345555291,27.89278399161199,24.44864872928281,27.919951468417892,-3.4713027391350835,28.134385180170472,28.975895555538575,28.46957197963105,-0.8415103753681024
2019-04-16 00:00:00,27.827879634285466,27.43988896867206,27.24993922353907,27.586263821118028,20.797391829115732,19.87041898245982,24.050142661371233,23.3570101194746,15.248353811104586,24.004437990615518,27.82889262878977,24.480434445653962,27.68569783744962,-3.2052633917956577,28.800052706430066,28.73021963938924,28.854272930361574,0.06983306704082537
2019-05-16 12:00:00,27.370691092655623,27.37477558984941,27.881150352465756,28.21088277604309,21.59541334936535,20.49772134340983,24.260326390913136,23.595990386587587,13.753592222006695,24.311566340483253,27.40134255364213,24.772482930331496,26.76579512072741,-1.9933121903959155,28.869386159057946,28.66322350710186,28.456547641367717,0.20616265195608463
2019-06-16 00:00:00,25.29293738674398,26.003663590505287,27.113568210248992,28.08452974817034,22.588794427852857,21.330781705121282,24.68736741584683,24.230124360673855,11.769301441408563,24.868972110002062,26.536475679854597,25.4173859448361,25.847171281666917,-0.4297853368308182,28.098049350924647,28.57034684236221,27.576905590947227,-0.47229749143756194
2019-07-16 12:00:00,24.194902260246213,24.300450726613285,25.361886091413197,27.22253063187117,23.15522982998865,21.871909505472683,25.255263260421998,25.033119477336466,10.464661868424468,25.364371199954924,25.75854483742964,26.01802721836708,25.010749204012974,1.0072780143541067,27.4180247098273,28.260262090029272,27.068563332240487,-0.842237380201972
2019-08-16 12:00:00,23.807364817828702,23.68211498443213,23.70416613992242,25.710448455800506,23.637300328451747,22.443980221735675,25.746671543219716,25.650541604024568,9.929274703853126,25.771456627332558,25.3313548951983,26.416136936132204,24.327022639161875,2.0891142969703296,27.41239045059316,27.976993392681525,27.069247586201143,-0.5646029420883636
2019-09-16 00:00:00,23.599536609773928,23.653703080146244,23.347012612977505,24.718038382944826,23.86132112940838,22.700825143310077,26.232094549665224,26.293469010404497,10.481642691645696,26.155626766981655,25.365751110020682,26.88168983485272,24.2664178403521,2.615271994500617,27.684141966633494,28.16425330671797,27.458628196469206,-0.480111340084477
2019-10-16 12:00:00,24.567138087231957,24.794606191586528,24.45282410416637,25.147796253652317,23.682465513078352,22.450713917760353,26.10337312380917,26.082637402428382,11.569798907346513,26.06121189449261,25.92954829871354,26.81693865858104,24.817648938185485,1.9992897203955557,27.88262067078577,28.602994254219617,27.900415281886957,-0.7203735834338474
2019-11-16 00:00:00,25.24515342594959,25.270513256723238,24.986149079711655,25.54355901456947,23.136308197078172,22.03737944926337,25.626585541069616,25.446994773878906,13.311053080251972,25.567321917606364,26.51576149246377,26.27410660157898,25.417119414195255,0.8569871873837229,27.95734865398832,28.64180248430901,28.04134993425431,-0.6844538303206917
2019-12-16 12:00:00,26.32525393620401,25.61176081808372,24.933371702340633,25.472721230925035,22.13176871986175,21.036568357535508,24.879910430970245,24.629394518443533,15.38158738349234,24.831837420656353,26.97597461642199,25.530834215648856,26.222122176795185,-0.6912879611463296,27.83499916358921,28.569193620323126,28.151867405448748,-0.7341944567339169
2020-01-16 12:00:00,26.999266515708594,25.939330429510143,25.227665194377124,26.038775854666053,21.375851885579184,20.328023950583372,24.21744961587918,23.96055351443461,16.35307199594212,24.22011998309471,27.324565826389154,24.92767254243997,26.76357550586577,-1.8359029634257986,27.446938784382695,28.74234190931255,27.87553103726473,-1.2954031249298552
2020-02-15 00:00:00,27.408889572390315,25.91600543223563,26.219170013925883,26.728232313018513,20.942489704972,19.987865353933795,23.784653332020618,23.49136341802688,17.348113426391905,23.891500851138822,27.658859662664238,24.59954719098568,27.432855244396013,-2.833308053410331,27.860024882460202,28.511524092274286,28.342445431082773,-0.6514992098140837
2020-03-16 12:00:00,27.630691322082225,26.669378764436587,26.809540629434984,26.989080688834395,20.930867368852088,20.043251090183084,23.861609310774522,23.59312509866363,17.436156371311064,23.998847146305604,27.920828969328664,24.736234078943077,27.875700733341382,-3.139466654398305,28.498896079581748,28.66663344487101,28.78247435990931,-0.16773736528926264
2020-04-16 00:00:00,27.486221969484443,27.113175707435833,26.87345017170449,27.237307188418047,21.07479700141747,20.123613734062896,23.883092459258354,23.543301866427928,16.274364717038463,24.018364451051248,27.948770501524848,24.74725400160595,27.436186990213578,-2.688932988607629,29.21354156541903,28.718114210859845,29.184148962015062,0.4954273545591832
2020-05-16 12:00:00,27.099249088605937,27.064815481505512,27.26555551341201,27.983768416183683,22.034788822370693,20.935087654712273,24.204524654022702,23.832544460104742,14.341570665244081,24.434899009324653,27.584277490666736,25.087470874361998,26.72298283019984,-1.635511955837842,29.241490970892134,28.777713639217176,28.981822712927084,0.46377733167495805
2020-06-16 00:00:00,25.283968105936502,26.002587317608715,26.976355891215256,28.01609778580727,22.800394393480747,21.444091604035492,24.724692032070767,24.409660343555963,12.661872133083383,24.962177317529914,26.79916217068004,25.628935741218466,25.95475836336864,-0.32582262215017366,28.28681751923289,28.632161023711333,28.036030639257053,-0.34534350447844275
2020-07-16 12:00:00,24.222536516873372,24.457119090857088,26.101846611400575,27.53015999993157,23.678358058264187,22.311586990481864,25.194360002741835,24.922371392976594,11.341426506322438,25.421741899728882,25.998359849838668,25.959722431976115,25.057860104940726,0.9018623270353885,27.645377040719712,28.433421818426705,27.37406815945664,-0.7880447777069932
2020-08-16 12:00:00,24.039669903206754,23.5571090947884,24.66253022985042,26.68722347683387,24.23195620184994,22.85033525765219,25.75630924779676,25.55407364427261,10.437100671971743,25.855105197508855,25.538770768811837,26.32781067613168,24.35772030178336,1.9700903743483202,27.52124232940814,28.149643331694946,27.228710794436598,-0.6284010022868074
2020-09-16 00:00:00,24.75787701208242,23.844189162225675,23.728274633886585,25.680384321684873,24.49281270241037,23.20613161096742,26.294887942123168,26.320315553580397,10.567555597968932,26.31846844592268,25.584045221436277,26.937076967107945,24.13070683975463,2.806370127353315,27.575406942724772,28.342576510500624,27.419294801342225,-0.7671695677758521
2020-10-16 12:00:00,24.857510367806118,24.488080467639534,23.938144411466276,25.503129829064214,24.411140183396803,23.276472925577536,26.468463366015804,26.572259541111134,11.41918001977172,26.484615831398287,26.01212061681565,27.195866970008094,24.781652615260285,2.414214354747809,28.007635713652494,28.800025117456123,27.94378597570753,-0.7923894038036288
2020-11-16 00:00:00,25.204944039644133,25.345154332963386,25.00531445830183,25.88650951749199,23.82460305661122,22.659221067520278,26.060703429123745,26.049647340013884,12.38536833339964,26.07036920157711,26.6287432415997,26.72790108126418,25.563427244806448,1.1644738364577307,27.976891495619753,28.808739971478804,28.16156531612694,-0.8318484758590508
2020-12-16 12:00:00,26.067298615800006,25.842673209165923,24.93383196273324,25.72363157516345,22.51796552533832,21.291104160048754,25.100901703411306,24.949016365871827,14.369316485736633,25.145071847303637,27.06623859195334,25.80543292619185,26.280518067861674,-0.47508514166982607,27.7809082122527,28.709972036707327,28.151137661439446,-0.9290638244546265
2021-01-16 12:00:00,26.47291173833136,26.37401291562635,26.068847658377535,26.406914008601852,21.514040409375934,20.335902184315323,24.360528592310164,24.11516754612478,16.087759388231436,24.423871087900608,27.490467308141373,25.078663023720107,27.121301486920963,-2.0426384632008556,27.474774333450526,28.873590186433404,28.05164574876488,-1.398815852982878
2021-02-15 00:00:00,27.061308297340336,26.335971711225096,26.676110898000044,27.18119452298013,21.005751258391662,19.76159956590039,23.83459629831118,23.469773159939507,16.700606618214515,23.97928983984201,27.8627218077556,24.56513775285877,27.706965112166923,-3.1418273593081523,27.893722041309,28.937854857063606,28.505840638986616,-1.0441328157546046
2021-03-16 12:00:00,27.56895632184615,26.30937726722456,26.63046276978065,27.20604645856724,20.94502102202106,19.631942689329037,23.730375953625494,23.328600943452436,16.376840892600043,23.91583983492711,28.025311942630502,24.549859830699482,27.987857854864,-3.437998024164518,28.36069710211946,29.037600958382768,28.746378299240543,-0.6769038562633085
2021-04-16 00:00:00,27.429924369946022,26.657102816149138,26.805680693522664,27.443346923103007,21.0800991610005,19.485591070144217,23.843544350838535,23.358729542080212,15.986826413521019,24.03249063458618,27.9821766695936,24.662722039326354,27.844450139898363,-3.181728100572009,29.08785092978767,29.04574877816626,29.132843070093443,0.0421021516214104
2021-05-16 12:00:00,26.275711526134742,26.77444268241578,26.78088224956699,27.36978219856379,21.920397237112358,20.324476260061136,24.334181374299604,23.89853438322455,14.223004402349668,24.54632327786946,27.489792104145042,25.193813411667538,27.119075972427567,-1.9252625607600287,29.008465979141,29.000860146541655,28.831805038057265,0.007605832599345774
2021-06-16 00:00:00,25.295724919734237,25.447410108959403,26.88978523517442,27.4874727138814,22.984629638643185,21.56398627317125,25.050748553901037,24.91018777363585,11.884233164870077,25.27546929527637,26.65396399634983,25.969057047551072,26.086504053968472,-0.11744700641740025,28.11190673442049,28.849829875228906,27.71055107246758,-0.7379231408084159
2021-07-16 12:00:00,24.39291198639326,23.97671609845608,25.273312167685887,27.030576240155135,23.554596799067948,22.267870214641864,25.5334605969526,25.449717658449984,10.697250824974931,25.62922011043357,25.93120063633259,26.31309453770282,24.86704268148142,1.446051856221402,27.43126866136324,28.774203406115827,27.143110281856515,-1.3429347447525863
2021-08-16 12:00:00,22.921510327797204,22.984081150911553,23.628329597191325,25.941366480389075,24.12231921721341,22.8163762848473,25.866767459656682,25.760083699566536,10.280639363129756,25.900618982482396,25.450345252925906,26.541115005099932,24.04836715455907,2.4927478505408622,27.311784474355388,28.66150196291666,27.076663788774624,-1.3497174885612715
2021-09-16 00:00:00,23.319882740919606,22.828879407194606,23.145405607431115,25.47036216056858,24.41369194785469,23.00370066182287,26.35075691852371,26.296987209336482,10.385448781643229,26.271551786005038,25.52048649356292,26.952770169281973,24.209125726391584,2.743644442890389,27.56073596829255,28.89058490451334,27.479486388995767,-1.3298489362207881
2021-10-16 12:00:00,24.505022314845807,23.77351839849365,23.357221327768038,25.21607356099842,24.271213579955262,22.89271894734727,26.199195527071865,26.092091412588474,11.298218127607146,26.155324025281768,25.954964729844505,26.824227849464904,24.769532801135092,2.054695048329812,27.752077140632753,29.136530589622247,27.833234004050375,-1.3844534489894933
2021-11-16 00:00:00,25.379847553228487,24.61872887742211,23.90267942234899,25.365585497739563,23.77544665910323,22.571592357767297,25.840511931494614,25.640634048214725,12.739550680772721,25.81959938266582,26.47942578361027,26.403193644948672,25.50454407326622,0.8986495716824514,27.66218659380437,28.9074174687287,27.750306956094647,-1.245230874924328
2021-12-16 12:00:00,25.574138208947282,24.85303802505669,24.28441132487307,25.767572209098336,22.941415275842413,21.9236319262532,25.2835112239485,25.02008116219592,14.96411309852337,25.292588357915044,26.81302747503975,25.810332848766095,26.337243939836657,-0.5269110910705628,27.700095241298403,28.729781890704313,28.0288531689933,-1.0296866494059103
2022-01-16 12:00:00,26.11701954534992,25.41626932703486,25.23345588061283,26.66510708608754,21.991870644066143,21.111660125654705,24.673552692832693,24.431381535180694,16.749128691112585,24.72612665984765,27.25385981078872,25.305896500501948,27.101562812295995,-1.7956663117940472,27.20669858021426,28.839523323236524,27.486699549992988,-1.6328247430222653
2022-02-15 00:00:00,27.052782452082795,26.176834907671825,25.723539823892484,26.858328541289374,21.072656549707467,20.325905276669424,24.321364619500017,23.985614698519544,16.999906130569748,24.346011796856065,27.614953459530998,25.048825134618212,27.682407263431084,-2.633582128812872,27.670227947683575,28.803317728120767,28.134870320692016,-1.1330897804371922
2022-03-16 12:00:00,27.487216737844385,27.295851271905,27.022090905905213,26.836434685646452,20.808466428211478,20.027684819090734,24.141278342156557,23.71538449955296,17.153041421998243,24.18995500315728,27.984616181026304,24.862260873231865,27.822861159039462,-2.9606002858075975,28.530672372032424,29.15322660840516,29.023723653730972,-0.6225542363727357
2022-04-16 00:00:00,27.445230866739593,27.7144507149835,27.5427169231691,27.44475860643262,21.137583408062547,20.41593421033572,24.481017924586347,24.18159662275919,15.956151865017336,24.5252557060915,27.93672610472974,25.288564297455867,27.62070176312134,-2.332137465665472,29.13105257119455,28.861703148288996,29.326177060675274,0.26934942290555597
2022-05-16 12:00:00,27.261611232239133,27.091503610318075,27.748077236755815,28.22511423821774,21.973107397401016,21.235220629410126,24.853056201930723,24.542615050108395,14.230960126027277,24.945043815764638,27.498422843641716,25.62130879339748,26.832975880420147,-1.2116670870226685,29.338385279134837,28.6992557597562,29.13006372754607,0.6391295193786384
2022-06-16 00:00:00,26.55441222869475,26.30239228084859,27.306035372765425,28.12050406650787,22.90624635808747,21.900090350536622,25.449530724311174,25.332934700131354,12.176512415420332,25.5535999281177,26.804996653452765,26.32513748635728,25.511604432963473,0.8135330533938081,29.072571760590648,28.651673999398923,28.610101586620427,0.42089776119172484
2022-07-16 12:00:00,25.327348120523222,25.531671378620448,26.663311488006315,27.718844033848637,23.576482240531625,22.694466419943943,26.12187053628789,26.22466256415417,11.401607325121704,26.07163771561392,26.156422115870882,26.956589368219266,24.493839547472312,2.4627498207469536,28.145411454173402,28.646414101122115,27.901541997006994,-0.501002646948713
2022-08-16 12:00:00,25.265017643926054,24.439647468546422,25.031837689856907,26.849144368928947,23.967878582966524,23.083101138700687,26.52981533126997,26.59709007297211,10.41205489576503,26.339945792523537,25.730346044122964,27.121467475387544,23.755995202220667,3.3654722731668762,27.838696278357276,28.465091010202578,27.59601716165513,-0.626394731845302
2022-09-16 00:00:00,24.627017334540255,24.272672520805276,24.162484460234747,26.16774241759076,24.080736566887843,23.085462582695705,26.798142688975656,26.951661966900833,10.47710741540015,26.557912949744956,25.73623879231413,27.39868907440721,23.808730578541017,3.589958495866192,28.001311284338648,28.688109200402238,27.891297050559366,-0.6867979160635898
2022-10-16 12:00:00,24.605995161528014,24.46129196045211,24.14057477572303,25.64716219336234,23.948802998887867,22.9957394261844,26.731906959303256,26.993626599503628,11.493023378282611,26.570858375285063,26.101515244102846,27.485883013394798,24.636709948625917,2.8491730647688804,28.219936140181723,29.047585152140798,28.101106115050833,-0.8276490119590747
2022-11-16 00:00:00,25.631068998050758,25.37510439200899,24.765807502858056,25.749824048421516,23.430174585332924,22.514606216802832,26.17165903544651,26.336542666772058,12.840111949319052,26.049562665281144,26.730231322906267,26.91712753600723,25.49954492218785,1.417582613819377,28.337414100755115,28.945486332978643,28.405517862760718,-0.6080722322235275
2022-12-16 12:00:00,26.1088494243786,25.982689208975568,25.313740712366542,25.993677075147104,22.233590276344284,21.08845557556349,25.32100855045818,25.098691107363504,15.570073005947055,25.109846897138798,27.15224347717715,25.873685768312264,26.14809387844679,-0.2744081101345266,28.103996513115003,28.851930351102403,28.6183769294998,-0.7479338379874001
2023-01-16 12:00:00,27.10502510284664,25.632781297998083,25.394044555040615,26.68312997307004,21.245140497021183,20.005561530275475,24.575318440141217,24.211149613041204,17.247095324085436,24.395594538291515,27.522662259046246,25.158614381781142,27.013607233653527,-1.8549928518723853,27.61127825675716,28.961594408317968,28.23238148293628,-1.3503161515608078
2023-02-15 00:00:00,27.581020546636015,25.72879794595473,26.308370424883584,26.991268291783314,20.896214587595644,19.604993976593573,24.16088753939683,23.75487062381386,18.3862300403978,24.074549694627716,27.85683414646908,24.83026691464668,27.617753175615526,-2.7874862609688478,27.883274653590906,29.04463224998503,28.460943961463453,-1.1613575963941223
2023-03-16 12:00:00,27.54132978604217,26.914633132472158,26.737188405286823,26.87706509831948,20.942670697442665,19.683600419643764,24.095086111648303,23.685173270669654,17.51006049335778,24.12987686506569,28.083218420060955,24.813863019972874,27.90469152143308,-3.090828501460205,28.547701187388935,28.67520882489813,28.915688062888357,-0.12750763750919702
2023-04-16 00:00:00,28.09060809700212,27.880249368501943,27.513324668929208,27.281871786274092,21.42536812220769,20.277310203466506,24.459964335014863,23.886400637572915,16.061326120994888,24.500964244607633,28.127139111774298,25.01650201436831,27.912964126045974,-2.896462111677664,29.119941450338267,28.978972694433462,29.121884511612258,0.1409687559048045
2023-05-16 12:00:00,27.750345921368485,27.65682611102354,27.96724132371754,28.165881872214857,22.034524666385295,20.60195172771443,24.78510472491283,24.16518332655075,14.07769769767073,24.82371022618974,27.701376154518883,25.322098304787854,27.196592645322447,-1.8744943405345929,29.307828701850156,28.836115860303043,28.970555138933086,0.471712841547113
2023-06-16 00:00:00,27.676359003046578,26.91815544911932,27.62657980725754,28.086932769854123,22.738538044154247,21.224581138931487,25.247012903941354,24.7932495470771,11.832426135344432,25.29332827877947,27.03654733124557,25.90941645737685,26.245109460007555,-0.33569300263070545,28.601353650939426,28.795111160649668,28.219629403144182,-0.19375750971024175
2023-07-16 12:00:00,26.7273681434754,25.643421748194626,26.47326808995822,27.78946398043202,23.669528908187832,22.26960230255346,25.768026465966948,25.553437359621125,10.640862590312926,25.81452830812214,26.29144167296147,26.47795904140827,25.229620846434013,1.2483381949742558,27.909128864126384,28.66970998627449,27.52911560416677,-0.7605811221481069
2023-08-16 12:00:00,24.593823566005184,24.19698724092554,24.74922804448625,27.06031423105469,24.42502863202327,23.006663990763165,26.212252018383936,26.08109144753777,10.464504836839433,26.196778609175297,25.79281790428492,26.820151530178876,24.581069204645264,2.2390823255336123,27.703481761989924,28.630477559711657,27.411179963101418,-0.9269957977217338
2023-09-16 00:00:00,23.613875179211895,23.682176519045544,24.027816539257152,26.353139077110676,24.370118104437605,22.905140803518957,26.571617747804105,26.56940283018785,10.663222511846069,26.469450234915936,25.775032813029796,27.232943307624463,24.69091777485095,2.542025532773515,27.821670199257042,28.63916648969294,27.588762222072987,-0.8174962904358978
2023-10-16 12:00:00,24.68610776032763,24.477452127982172,24.430947735437307,26.09285696457659,24.02952302192159,22.570132369112194,26.42720303573044,26.351014826721038,11.677226920890494,26.350348983020396,26.201400624396605,27.1501260692258,25.19695143855401,1.9531746306717892,28.250256576741037,28.719995624663696,28.09172093601166,-0.4697390479226584
2023-11-16 00:00:00,25.571502519414807,25.028300407214306,24.832973966767458,26.086281776062254,23.4469281660687,22.12291970491749,25.924980760599695,25.651432858097564,13.123507797277583,25.819808500422443,26.746421728608144,26.504940878433374,25.92792073844545,0.5770201399879227,28.477253279029263,28.70937735315373,28.472351818896055,-0.23212407412446723
2023-12-16 12:00:00,25.89634422187311,25.540628148934886,24.90466072877259,26.17346144240098,22.53426988054958,21.280171819807176,25.173411684298816,24.72424708474516,15.633833110157255,25.05944299228351,27.145480637641953,25.625663148616688,26.525111800980106,-0.899448652363418,28.286353331497807,28.76344943923688,28.58054828714755,-0.4770961077390723
2024-01-16 12:00:00,26.66826970192078,26.432655665812764,25.736126377824583,26.51020039007766,21.40976967185116,20.113613323011684,24.37985214244516,23.892800779481114,17.20922122950462,24.291606882028884,27.54816346297768,24.906178173798338,27.213830198502038,-2.3076520247036996,28.107655391995326,28.8072476272841,28.6590791736718,-0.6995922352887725
2024-02-15 00:00:00,27.647474075173573,26.697608634089363,26.83519274692123,26.87773459642908,20.819453514018505,19.501950308645988,24.01129629198307,23.44194881311007,16.984785618589953,23.96800407057492,27.930906097939364,24.573983692656228,27.809160938419822,-3.2351772457635946,27.896675145525002,28.720744939123783,28.50985589351859,-0.8240697935987811
2024-03-16 12:00:00,28.16888332356241,27.19321940652141,27.230858950055605,27.356991327344236,20.817307792686652,19.6156853744593,24.125348286220152,23.523601587589877,17.04068651399557,24.107374894873754,28.182022278065492,24.64024289254694,28.082026596999288,-3.441783704452348,28.579780458090113,28.855253745408216,28.92955029205857,-0.2754732873181034
2024-04-16 00:00:00,27.949405537264898,27.50283057298072,27.580260051544474,27.879117474697974,21.396523622502766,20.380030872643914,24.571786633409733,23.953358214328418,15.65454406601562,24.581200232770453,28.16972702886408,25.052511484372207,28.057779572811796,-3.005268088439589,29.248836422124487,29.141329735197605,29.311411552337475,0.10750668692688237
2024-05-16 12:00:00,26.878555785862385,26.912600404039058,27.41759340644612,28.286516490839997,22.47691294000568,21.1110075851953,24.791242433513176,24.20896506353952,14.079644835289018,24.91776939724128,27.66331413444305,25.325909843340074,27.17642083855274,-1.850510995212666,29.287215156106505,29.04444081146113,29.028831751521885,0.24277434464537606
2024-06-16 00:00:00,25.338570306344188,25.34507203891242,26.529634137302363,27.92614313522203,23.32829676188137,21.673899239019008,25.264303449102737,24.842136233514847,12.317816705254252,25.424436693141985,26.809484311200713,25.941750662242892,26.05460842810909,-0.11285776586619889,28.706882835308132,28.92023448668049,28.28502942604719,-0.21335165137235634
2024-07-16 12:00:00,24.999966750490415,24.103759306253703,25.126497621737922,27.007894808464595,23.774509762382237,22.2356931562954,25.79088459272189,25.630126572584352,11.224956162878064,25.8377744021479,26.039949834663233,26.492975140810607,24.865780460510408,1.6271946803001995,27.865160799115227,28.7698345083223,27.53862562431432,-0.9046737092070742
2024-08-16 12:00:00,24.94655411615084,22.959221836100735,23.42352375989476,26.22045323669192,24.3714539719061,22.879308435473437,26.26693384401115,26.14245184659701,10.664150255416404,26.16909615162508,25.576983914853855,26.767190376790655,24.045346548118612,2.7218438286720428,27.545525552575697,28.64903662842728,27.399183963354186,-1.103511075851582
2024-09-16 00:00:00,24.135753689888354,22.990588331464433,22.883837978780278,25.327322341516876,24.56375372143303,23.10192207508565,26.681823724931,26.69158758526803,10.803963177573563,26.539249033092418,25.574076079054795,27.220181163158845,23.976429836737633,3.2437513264212114,27.7105710036505,28.52449539339373,27.69944206498266,-0.8139243897432316
2024-10-16 12:00:00,24.886705765604326,23.788438742504344,23.576060407614023,25.14980116811733,24.70058368985973,23.41591468158876,26.669939318458674,26.755205626983148,11.675404985095653,26.637709367682017,26.010683010942618,27.376512731479266,24.746671418336323,2.6298413131429434,28.04696033520019,28.84683345758755,28.184632149482443,-0.7998731223873605
2024-11-16 00:00:00,25.27002400480653,25.032625006611358,24.757198929197873,25.64534384359216,23.96998506034493,22.964452497693276,26.236505525490106,26.07569933265095,13.761779798416766,26.17656829382129,26.577822908943098,26.796237119841056,25.27684256925221,1.5193945505888458,28.12660996308412,28.954214251433577,28.324591477834485,-0.8276042883494554
2024-12-16 12:00:00,25.66746418208727,25.061471872160876,24.72027220169603,25.50388729345556,22.83683725948912,22.060140955901083,25.54930858757841,25.290708164371683,15.47443625960934,25.468954834781062,26.910483500198342,26.029167079063704,26.171972189759998,-0.14280511069629398,27.73798960940158,28.832470477576667,28.014211031044546,-1.0944808681750864
2025-01-16 12:00:00,26.265692773191788,26.09440212110964,25.300192774302168,25.72485752305725,21.76031838284938,21.05235239401654,24.793143218362076,24.51721688737621,16.551439562708424,24.74750254270495,27.35725444356264,25.415328393701852,26.85931516419756,-1.4439867704957088,27.698214691809167,28.905284598916925,28.211099111534885,-1.2070699071077584
2025-02-15 00:00:00,26.931415243818094,26.437705987785215,26.252359175649286,26.50644783172538,21.250880722725896,20.587813031686494,24.545447652957503,24.1272548684328,16.703058782118276,24.477243868650135,27.78721130953249,25.12649647543576,27.436582185644735,-2.3100857102089734,27.949145020906617,28.912888160919582,28.534724410994947,-0.9637431400129657
2025-03-16 12:00:00,27.766522520333105,26.774925418523452,26.976139837202822,27.05336206129392,21.20419878185089,20.644593244051475,24.66920234854733,24.301884299588025,16.35917318680682,24.590173458552556,28.03606155862189,25.271682603830335,27.670227882311664,-2.398545278481329,28.332879455723205,28.681765093259518,28.779168796988372,-0.34888563753631274
2025-04-16 00:00:00,27.59568072928146,27.295016058199526,27.391267045892477,27.721734995899848,21.358687488785584,20.574271398656766,24.7651667818662,24.324046511593384,15.963548399080208,24.67584815550252,28.055510463483515,25.33312074502194,27.37664332163033,-2.043522576608389,28.831940521207017,28.610468203595975,29.06308536071928,0.2214723176110418
2025-05-16 12:00:00,27.228861794255764,27.499430137945524,27.929409976312993,28.189450552182418,22.179530073894313,21.0487345016707,25.102730277475718,24.65558848176756,14.405255539820066,25.107823131991335,27.610400040633635,25.747022225952065,26.58082030739601,-0.8337980814439447,28.986300923359867,28.781923369847693,28.880216191388094,0.2043775535121739
2025-06-16 00:00:00,25.877885496862618,26.161771270772523,27.418657871958416,28.40463159583552,23.013017250901417,21.781050945135444,25.51903903916814,25.310404333051647,12.640232590618428,25.595336113898096,26.792866570241888,26.350577180720588,25.43610748039544,0.9144697003251494,28.422633066434024,28.626494804648022,28.065755417001622,-0.20386173821399822
2025-07-16 12:00:00,23.877264045941597,24.576945175665767,26.06331974575852,27.662086727534753,23.73918693869532,22.491672745617617,25.9918601500025,25.88777591181522,11.351249183491674,25.975258074756226,25.930340944345723,26.705322539273617,24.336286458445368,2.3690360808282485,27.69240914932469,28.173957313111107,27.29981441867486,-0.4815481637864174
2025-08-16 12:00:00,23.491485693506185,23.27642751376619,24.16560299550071,26.47602845423581,24.435019424951886,23.16290262814305,26.50824756340224,26.415549304913803,10.667160753730505,26.36322698965905,25.492159003694034,27.02507672988431,23.776656837222795,3.2484198926615164,27.536904793846173,28.036884292690733,27.30964266980781,-0.49997949884456006
2025-09-16 00:00:00,23.876670225913433,23.214360617814993,23.21649843616422,25.37583446055123,24.595570990374632,23.26507511176215,26.815023600116273,26.711411635485582,10.836369715557623,26.62109481854602,25.508633483987126,27.26438979921223,23.846355474894455,3.418034324317773,27.613535830738563,28.2539225270228,27.49564824081083,-0.6403866962842386
2025-10-16 12:00:00,24.725057998987765,24.050901749684442,23.461645287533873,25.091556645535313,24.34654003519657,23.195443246022723,26.619542521369283,26.52215760096058,11.902178134913745,26.492059359067877,26.00612229968991,27.16015261011065,24.605659052005734,2.554493558104916,28.108407323484464,28.528861627851192,28.17031108622325,-0.4204543043667286
2025-11-16 00:00:00,25.358966884564076,25.058400370245526,24.538075159241448,25.731478808348996,23.624775157281448,22.633423381999,26.145121479665278,25.857653863636617,13.122115234167554,25.994972099091814,26.65614906317106,26.574510484899356,25.545752373601548,1.0287581112978081,28.234656997149244,28.78892826877382,28.360184704507837,-0.5542712716245752
2025-12-16 12:00:00,25.586483074159748,25.270150895784283,24.923516914544837,25.911326943222207,22.5107689597277,21.378856448928566,25.277553889325795,24.846088313605296,14.909299773588772,25.08271809615388,27.114886795751193,25.676990735899846,26.142184607716434,-0.465193871816588,27.964724345967543,28.847597792710502,28.376436370894837,-0.8828734467429591
2026-01-16 12:00:00,26.235417356887858,25.73136380427225,25.028114832455607,25.770145525892875,21.422746711237945,20.229895742032497,24.301331950786512,23.824413367489427,15.91239579712404,24.207619010127683,27.42752448567965,24.873845718902572,27.004712820335346,-2.1308671014327736,27.716975668758007,29.038283920409583,28.17407815258206,-1.3213082516515762
2026-02-15 00:00:00,26.886229143126897,26.280512787031874,26.124068298250215,26.472001255640023,20.940192600374967,19.793790404771883,24.012432030719346,23.490072873338097,16.794028024714454,23.96692971342762,27.82960675902453,24.608409060285364,27.492571606794897,-2.8841625465095326,27.978210032486196,29.209735200332805,28.405417022601156,-1.231525167846609
2026-03-16 12:00:00,27.624473141446714,26.883992896052746,26.764828080685657,27.12417068483812,20.710801502707298,19.571955166538622,23.979097193419843,23.301753063831423,16.6385547629736,23.88907629809978,28.059319621934605,24.444660242134358,27.816693154141046,-3.372032912006688,28.467445686967704,29.12988102598702,28.81335251098409,-0.6624353390193178
2026-04-16 00:00:00,27.718204650805955,27.77614380983909,27.783482837136162,27.626980300003975,21.066814783164,19.89302526506355,24.320369485362303,23.755299386912373,15.052409980861453,24.282206569443662,28.084729283955717,24.887499867578786,27.42869335475716,-2.5411934871783757,29.15878638774214,29.174469230355363,29.185431384335224,-0.015682842613223613
2026-05-16 12:00:00,27.214544611482502,27.650295258972882,27.724690910549544,28.087713877760265,21.73204296754485,20.686232186791937,24.70067505032874,24.16898135411325,13.521033804780439,24.707012177926185,27.705246208107884,25.31194111502604,26.661309025911315,-1.3493679108852739,29.37087361804666,29.01627389606635,29.07156043722543,0.354599721980307
2026-06-16 00:00:00,26.098074854882782,26.438719414199657,27.330707671653947,27.979746162412525,22.942412404131673,21.551680079395684,25.164450409823846,24.706058472868662,12.018257525237097,25.240082202979583,26.930421126534142,25.83619074524646,25.68835170410067,0.14783904114579016,28.4437815842674,28.878266434267545,28.15159689192543,-0.43448485000014614
2026-07-16 12:00:00,25.058459499703517,24.96209091848859,26.16472527154342,27.62592010215692,23.650092456743934,22.36805076822852,25.699093736895442,25.432323599274984,10.999509099278123,25.691418751066657,26.163422106985305,26.355594827930833,24.710430335020053,1.64516449291078,27.564229833214842,28.63307476249146,27.37395178215924,-1.0688449292766187
2026-08-16 12:00:00,24.929311610158624,24.07135307479835,24.43038978378061,26.745428360771648,24.332213585312473,23.118040279807087,26.189811470609072,26.037475550311907,10.657817458497316,26.106574408533422,25.793557736016215,26.722478447758753,24.023469002837913,2.69900944492084,27.5795504088535,28.448068758903766,27.453072274901437,-0.868518350050266
2026-09-16 00:00:00,25.379066648215552,24.227951883275452,23.71420630994289,25.82270148811822,24.707604147134283,23.46965452310384,26.62947199001601,26.57840228785946,10.918922224722515,26.532405014391845,25.783824039076453,27.16234579498698,24.007270848228526,3.155074946758454,27.78250951712974,28.608168449038978,27.745961455027395,-0.8256589319092384
2026-10-16 12:00:00,25.875377677004728,25.248124008475692,24.45674596802154,25.799266774400465,24.496855598016626,23.27241180737106,26.527342410435853,26.484446194121375,11.790433788199326,26.451675829004976,26.285231773315363,27.128745838301388,24.709885561962267,2.418860276339121,28.15138969643376,28.84966244954579,28.229428540586916,-0.698272753112029
2026-11-16 00:00:00,26.02991944655447,26.132863217252805,25.657940244926884,26.05815301336182,23.924722193322868,22.780700251633725,26.034758298370754,25.863165394185735,13.752781835980974,25.980223275686285,26.894117309755234,26.542025268780364,25.544197059027432,0.9978282097529316,28.00873922467389,29.055452591115987,27.861949752926535,-1.0467133664420984
2026-12-16 12:00:00,26.691427294079443,26.419110521188358,25.69531074800356,26.236442809511527,22.80395173753564,21.71968713299686,25.45608639937792,25.21191229906426,16.201673578426025,25.35734136389439,27.304232670800246,25.980061899975684,26.283212145140293,-0.3031502451646091,27.720124690400336,28.831737329282273,27.823058952235122,-1.1116126388819367
2027-01-16 12:00:00,27.307559009974508,26.547715344602345,26.118160148013086,26.78319587221491,21.85195964726104,20.906836736374956,24.63097911865156,24.350649601387502,16.901652330249373,24.587427765308284,27.68772278093253,25.242691859647632,27.00078237126303,-1.7580905116153964,27.532198486388197,28.93373991209926,28.014695006261192,-1.4015414257110628
2027-02-15 00:00:00,27.705410167491,26.91153338934517,27.138310374356056,27.40070963287793,21.317766006158077,20.457417947083297,24.312267754604974,23.969158417255795,16.706933893315032,24.289094487940257,27.97869196406039,24.94920194874763,27.587617022913317,-2.638415074165689,27.693850092654944,28.75201848594483,28.31791678550346,-1.0581683932898862
2027-03-16 12:00:00,28.436926157290745,27.898034045270133,27.90716236831994,28.131042598636864,21.323069174535863,20.396086731466294,24.416756903649787,23.953176146234636,17.34625785158736,24.407402704512965,28.336913143278046,24.9671433714222,27.87583982859273,-2.9086964571705316,28.445679807587766,28.863474733079595,29.007934914007595,-0.4177949254918296
2027-04-16 00:00:00,28.441419218730836,28.00458884240964,27.751428040554053,28.241357653099897,21.411878037400832,20.25030454909711,24.600894706105322,23.98054838458847,15.245680414374403,24.502739742394695,28.224631602403772,25.05554914688369,27.83979424397856,-2.784245097094871,29.200487665744134,29.00149521371611,29.280370757384723,0.19899245202802263
2027-05-16 12:00:00,28.418488836085757,28.037178002582806,28.295097028888474,28.39405285026307,21.869939977341765,20.57256109075593,24.876869737293518,24.23878558780152,13.950736816079605,24.795617194699158,27.802609640961638,25.352779385362243,27.18594105655062,-1.8331616711883783,29.344297542872045,29.15574348400675,29.075306583346865,0.18855405886529653
2027-06-16 00:00:00,27.139174140684396,26.54049904541345,27.420139488194067,28.332610854094362,22.552025177958054,21.10275846368561,25.23701217687092,24.79020163723993,12.120314386362713,25.25368417944309,26.92754054036254,25.95839903216806,26.113776293219747,-0.1553772610516866,28.546974701983007,28.938083772820292,28.109629086276986,-0.39110907083728463
2027-07-16 12:00:00,26.003396808415424,24.91513088962981,25.792247723121328,27.466309900814764,23.15981408947294,21.761351490368224,25.708882369601323,25.44730116521619,10.96146747249638,25.655421218885795,26.128216417032196,26.38146369166934,24.99691969108361,1.3845440005857306,27.858633631017074,28.483844420283198,27.41114495398026,-0.6252107892661236
2027-08-16 12:00:00,24.36745065051092,23.459734493091002,23.870809788835896,26.123355118395637,24.061337980459044,22.69793332411871,26.212154888374645,26.023670054444302,10.464273919594682,26.10478086995503,25.61303082868293,26.740202392718388,24.080052109138844,2.6601502835795436,27.69551559007093,28.12714710033543,27.387591778114096,-0.4316315102645021
2027-09-16 00:00:00,24.17502970229145,23.240677078248236,23.028179166478033,25.32190347559534,24.35641661218454,23.061179197406002,26.589359983346565,26.525603243692895,10.931937397554991,26.444767831145956,25.5570925342912,27.143629822022312,23.914540937350402,3.22908888467191,27.88856659738413,28.203304012494147,27.69999962566927,-0.3147374151100166
2027-10-16 12:00:00,25.06191408445532,24.280652922052944,23.945379416508874,25.186648238145164,24.350269245009137,23.019636873131287,26.52172346782029,26.518064485913897,11.845810794409871,26.419311251260748,26.051427689742614,27.187331445355717,24.668386974883173,2.518944470472544,28.255741255999162,28.387128349967057,28.328180596644692,-0.13138709396789494
2027-11-16 00:00:00,25.70428291569406,25.079025055022587,24.44512853623826,24.859634601970527,23.965975866094208,22.735992879211643,26.03381811279072,25.957424909427676,12.92090547471815,25.982698184557705,26.601360049659313,26.64696377423626,25.587490392474653,1.059473381761606,28.42140004052411,28.690603476211294,28.748751692518372,-0.2692034356871851
2027-12-16 12:00:00,26.164599946546943,25.095614475059513,24.32102202653568,25.39152243136964,22.898052024044265,21.502111400904283,25.118310484674122,24.801014252669052,15.42950536426362,25.03810546395438,27.025719659764338,25.6427131816103,26.10171723778509,-0.4590040561747877,28.117212749869616,28.596934002051537,28.470577814267095,-0.4797212521819212
2028-01-16 12:00:00,26.565048956419183,25.43960277957019,24.948087268830395,26.28786842024326,21.953452043114908,20.683290052320743,24.534681375909294,24.049393686654433,15.852456107223018,24.485900238927446,27.375710645050045,25.049904511735498,27.007321476013427,-1.9574169642779289,27.8312781934852,28.56239270561425,28.42057556355012,-0.7311145121290501
2028-02-15 00:00:00,27.271907270849972,26.063952079147548,26.498291113620507,26.760819392823198,21.48266720370069,20.206457545891777,24.193188581568638,23.594549931913793,16.425603841393894,24.180139610660103,27.75267586842608,24.685364507723513,27.696666697835404,-3.0113021901118913,28.065164381009502,28.63534952702638,28.6144318648424,-0.570185146016879
2028-03-16 12:00:00,27.228224501448615,26.89717496049044,27.108264744485385,27.312210156416416,21.24682475433329,20.151600458617736,24.12701808566364,23.4868567139791,16.81517296683414,24.124795557762706,28.084700761583232,24.61100142761721,27.911058041773146,-3.3000566141559347,28.36249896010386,29.249943470623844,28.85332223667625,-0.887444510519984
2028-04-16 00:00:00,28.11995791876577,27.64124856033393,27.628566002833104,27.745387296230835,21.374210614616487,20.272162352458004,24.21257582217249,23.555876115148354,15.497679730091596,24.249984479303855,28.0757054571434,24.708681509808617,27.81690018091178,-3.108218671103163,28.82888695730772,29.131253006021947,28.91399376236644,-0.30236604871422657
2028-05-16 12:00:00,27.53668937854575,27.196863700408606,27.726486214490453,28.278340530235756,21.817044733107178,20.811028133759113,24.63038367245125,24.158823068369497,14.181491361742943,24.728984635145835,27.569609818413053,25.311857190224345,27.13678662981076,-1.8249294395864162,29.255723675075284,28.87734497974942,28.994780327839315,0.3783786953258641
2028-06-16 00:00:00,25.705803967050667,25.423312065027545,26.521835942422516,27.915578019083203,22.40082277401278,21.240009023419095,25.060758964199657,24.791791337710933,12.09514151688216,25.15334742670942,26.765987839973373,25.90167885984261,25.808329073048633,0.0933497867939792,28.537379236515118,28.794626874417663,28.207399146904063,-0.25724763790254457
2028-07-16 12:00:00,23.740616988063827,23.616500264806795,24.681173479895833,26.66174872661,23.135791058006145,21.922342800887076,25.448722185363152,25.317690292946583,11.071494851823168,25.478031345074303,25.87895011468264,26.25436390354558,24.8103151760565,1.4440487274890828,27.58366828628181,28.61829456721377,27.38184547508335,-1.0346262809319597
2028-08-16 12:00:00,24.21057374995669,23.08692993678272,23.162600630622318,25.5454930948165,23.93255472109508,22.725131048589297,26.050396937815012,26.015160116598043,10.164642749394773,25.979969731601656,25.483425294980755,26.698222051067674,24.3008019847727,2.3974200662949734,27.53920135983591,28.354916678914062,27.382501947019147,-0.8157153190781514
2028-09-16 00:00:00,23.713956478753303,23.338134155256054,22.924971380750538,25.16006052397079,24.568000474164258,23.5528192488421,26.55434070495521,26.598111055261725,10.447056956696295,26.454238824152284,25.527807253245197,27.169702404017173,24.301170181251305,2.868532222765868,27.817403864184268,28.485796076308162,27.654458277558195,-0.6683922121238943
2028-10-16 12:00:00,24.863043627034155,24.5197903542619,23.970713343789498,25.10925427895844,24.28278767554698,23.267193314030706,26.52089422508009,26.501666430350078,11.626256076151291,26.427392758007358,25.989267095502765,27.129266606360115,24.82434271269997,2.3049238936601455,28.025572279044024,28.91661096853879,27.93263428241249,-0.8910386894947671
2028-11-16 00:00:00,25.07272709302751,24.774185984778306,24.409880748614288,25.159527679133014,23.68018972513008,22.643978561364683,25.90901156464017,25.686494859212512,13.01369611019438,25.799527676425065,26.48883719636965,26.438813447041603,25.53055934825554,0.9082540987860632,27.985120882774908,29.00115008187661,27.86215999322258,-1.0160291991017019
2028-12-16 12:00:00,25.617546386179324,25.04402174839843,24.319015175162548,25.072660201103336,22.75568245212107,21.575895686014345,25.06543169640847,24.679056636928063,14.939763465509515,24.959793915412682,26.917174196383524,25.544863727588123,26.26331170830268,-0.7184479807145578,27.781025318765803,28.787329350600498,27.895832402675563,-1.006304031834695
2029-01-16 12:00:00,26.194107152974574,25.59096645361558,25.208411829332945,25.76882226602699,21.804698578389882,20.68223560622784,24.404297686779167,23.977348363400555,16.87730085336134,24.383539366175807,27.30169544391389,24.954631577919894,27.08374287652651,-2.1291112986066167,27.623661945560702,28.776113543092446,27.96143447216427,-1.1524515975317442
2029-02-15 00:00:00,27.10312765006027,25.85804647941239,25.877046848083296,26.166272000131602,21.29467390640053,20.35247940074527,24.23392966546999,23.758899181300634,17.105899670230993,24.217479108006522,27.525961981734998,24.7849101135188,27.6018834370614,-2.816973323542598,27.83750439255956,28.525226058662135,28.282906124560515,-0.6877216661025756
2029-03-16 12:00:00,27.320259375130227,26.522068117443315,26.46838140667828,26.617926985980585,21.199133647203855,20.095403288145118,24.223647907137526,23.616475708530903,16.760009835155255,24.177063445340384,27.77933277027172,24.672580713686116,27.67112030378129,-2.9985395900951737,28.48573254695478,28.906911768785832,28.836050549155804,-0.4211792218310535
2029-04-16 00:00:00,27.65649847537195,27.121154938718554,26.762581913928344,26.849787392100556,21.42983253727486,20.05081816332141,24.368144374813184,23.601274351357915,16.202869695641542,24.29701179937391,27.822055969099978,24.714982821051827,27.440827339613886,-2.7258445185620594,29.06419518545724,29.066985273341082,29.040310058476987,-0.0027900878838416077
2029-05-16 12:00:00,27.47207936885624,26.86940222167525,27.446367671060784,27.691568712516798,22.17091895635876,20.61722581041222,24.61297345909447,23.917637057250413,14.51421075804843,24.66194955776353,27.413748538107992,25.100456164012314,26.502273685927406,-1.401817521915092,29.18497917212405,29.052357997802638,28.90198454812409,0.13262117432141096
2029-06-16 00:00:00,25.86632552411535,25.269501630641187,26.611161133461884,27.826456905156025,22.695518013060592,21.137026310779422,25.105450670777355,24.678051316373477,12.393260851516311,25.14073664222759,26.65889013389398,25.78673830027207,25.723488119818864,0.06325018045320618,28.380588013201944,28.898794381435792,28.23457791482337,-0.518206368233848
2029-07-16 12:00:00,24.17480914767918,24.089314209813367,25.342222057667037,27.072127651542914,23.541638840462358,22.070876507501087,25.346144662624187,24.986611008546703,10.811666909977927,25.413824644497303,25.973687342318964,26.008273556446657,24.804461450853687,1.20381210559297,27.660664715752798,28.785042368555896,27.47196228250605,-1.1243776528030978
2029-08-16 12:00:00,24.048049931259374,23.430574195511095,23.79615036024507,25.99980329567096,24.37176220468659,22.990160866001062,25.886569601188853,25.630283002677803,10.096966173240508,25.883957456940696,25.615521829225845,26.399032264311863,24.12174130241132,2.277290961900544,27.6995456963474,28.685861887361597,27.500768379995815,-0.9863161910141969
2029-09-16 00:00:00,24.077449600101087,23.427801030674303,23.268934161454943,25.223040052922865,24.854952680085603,23.537147603824803,26.50117179414004,26.430328495740707,10.257376379231875,26.422151700475336,25.612818935606683,26.99507618504254,24.055199516882475,2.939876668160064,27.954351387911498,28.83475857854163,27.729990226638893,-0.8804071906301338
2029-10-16 12:00:00,24.62144995700814,24.065740561268466,23.43969895880303,24.7565732503891,24.760713876071417,23.60007958450331,26.637512596036363,26.65767438867931,11.522723488664372,26.571792404624325,26.023411670706047,27.26407465021428,24.528183219491474,2.7358914307228055,28.149796340316197,29.0419842462444,28.10857095910447,-0.8921879059282034
2029-11-16 00:00:00,24.736749980966856,24.303675190262446,24.072480398722465,25.18735977596872,24.037781950735326,22.976758641514625,26.226810298056094,26.0760265265293,12.674884329112208,26.093054564537304,26.461993706422636,26.695692792302232,25.396008099597577,1.2996846927046555,28.315060030304636,28.977349645480867,28.343185412005734,-0.6622896151762312
2029-12-16 12:00:00,25.212911917017276,24.719787200125243,24.426578635541386,25.521758428900952,22.893791579925406,21.999306981735867,25.6439740539994,25.39224489017482,15.060608837385528,25.472025380367075,26.904621084603686,26.11966372352405,26.29775141348808,-0.17808768996403046,27.91142835635054,29.03998828876806,28.16974655815727,-1.1285599324175202
2030-01-16 12:00:00,26.300630784208916,25.755300501001162,24.961118493788273,25.620340925394572,21.997944373072702,21.10377497410171,25.03222833507696,24.755915827750183,16.946570493325027,24.888254861230063,27.26890849594213,25.579172426229754,26.99476962073662,-1.4155971945068657,27.67451966661127,28.867393714475767,28.08840058062175,-1.1928740478644961
2030-02-15 00:00:00,27.25262063343884,26.82057097681773,26.229741107191202,26.16773612399291,21.554618744812384,20.671231412286556,24.708213016686255,24.394526787350312,17.265243498411785,24.636520882664197,27.70456587037076,25.30074589303399,27.505001002880597,-2.2042551098466063,27.864385849753475,29.06375113335532,28.292260328749194,-1.1993652836018462
2030-03-16 12:00:00,27.627043838796062,27.480720466586448,27.155550269378825,26.96344137032286,21.394070083667444,20.558942541238704,24.563612297081466,24.30478531102274,16.665787458947563,24.580373096050252,28.05079804505397,25.27610143448598,27.837902634655844,-2.561801200169864,28.59023156927185,28.736864362346186,28.94751119871609,-0.1466327930743354
2030-04-16 00:00:00,28.007885698515125,27.38592704455252,27.41244150537233,27.73700409360991,21.559764261797476,20.59754227209668,24.641375017469176,24.30066308611199,16.067254338600524,24.680471298142034,28.06487049473492,25.373479582874186,27.750093540862064,-2.3766139579878782,29.036110799344776,28.90367988597778,29.216080313871018,0.13243091336699564
2030-05-16 12:00:00,27.501980374694824,26.939345014718192,27.274944499267818,27.894441711325253,22.113583047108513,20.821734020503268,25.013253515883033,24.638280449072177,14.124446657422054,25.06499254958302,27.497198372393854,25.824199345785388,27.028263116847036,-1.204063771061648,29.131479398684437,29.03285234415585,28.95783961930747,0.09862705452858833
2030-06-16 00:00:00,25.881793177921214,25.63087398349944,26.656009824843256,27.659424506624948,22.777765025772208,21.385212425451716,25.40065668249252,25.15509882118089,12.181922178824772,25.488487847047008,26.68669689963249,26.313385534038932,25.928497440292404,0.3848880937465289,28.349443302001475,29.051972648366753,28.07165396312501,-0.702529346365278
2030-07-16 12:00:00,23.83195307805294,24.4308086273273,25.489882963845723,27.044858584977163,23.450251971470372,22.276390362510845,25.852020767174846,25.813029599158174,10.822997511376906,25.820667640984322,25.950689243461845,26.66958429351592,24.981213929014704,1.6883703645012176,27.83437200866568,28.63714083791243,27.53887105339438,-0.8027688292467481
2030-08-16 12:00:00,24.214843206988572,23.600283146591767,23.957785146888163,26.047692479244954,24.01260003194785,22.781848245418292,26.39077803901291,26.443999638297512,10.27380404660216,26.199095897354276,25.520850458764556,26.99717459301834,24.344301489830336,2.6528731031880035,27.802278232676226,28.41328055228574,27.52062394746851,-0.6110023196095149
2030-09-16 00:00:00,24.44713547393939,23.69525478539805,23.477770687071637,25.277162020189206,24.289675126892828,23.07261481097312,26.887834751031455,27.016918726764853,10.797513760197738,26.629022828881734,25.59582956426558,27.45710729446571,24.256950740624305,3.2001565538414063,28.028276827223326,28.661852763796823,27.97151829642522,-0.6335759365734965
2030-10-16 12:00:00,25.537582380098065,24.883167204532626,24.056443754792458,25.167043836441394,24.04560869045141,22.781027314251997,26.813399638508287,26.878733818045028,11.475751277786427,26.59201447093187,26.150921538885314,27.45336534429691,24.96035476090547,2.493010583391438,28.45260395977602,28.87481263913117,28.53466548509467,-0.42220867935515116
2030-11-16 00:00:00,26.058960094657607,25.075488684817465,24.319972448109777,25.27185490499617,23.27278274614539,21.98973517814131,26.166806473976315,25.941556768858156,12.714081715289785,25.885039300717164,26.570301079506045,26.636632584158367,25.834963389146157,0.8016691950122095,28.27942890049044,28.882147880586317,28.273918938972123,-0.6027189800958759
2030-12-16 12:00:00,26.294035544419476,25.425246176579176,24.83942887914859,25.858724997377383,22.283181105445674,21.246420835063574,25.45137507435828,25.21477368421449,14.593478595760022,25.255157224678104,26.97969159462382,26.045719469464206,26.435872938243858,-0.3901534687796513,28.01022722712823,28.787531572899436,28.219173239605503,-0.7773043457712063
2031-01-16 12:00:00,26.788332918733435,26.40987632313165,25.55157413889521,26.043070837845168,21.60730932691344,20.678207856037194,24.68323606670933,24.419567919990808,16.185051104759665,24.62092922171644,27.404587708539367,25.33642995060886,27.065695483835725,-1.7292655332268652,28.142649600361317,28.835608713858566,28.691201776743267,-0.692959113497249
2031-02-15 00:00:00,27.366608865397456,26.954121960783997,26.945326340690553,26.692218782502792,21.274792496791502,20.346236234231263,24.370627847850443,24.05575652358241,16.54000430936708,24.353997039720745,27.80903884543407,25.004289001045116,27.74324632217414,-2.738957321129025,28.247336262995606,28.947232037785888,28.738992597981262,-0.6998957747902814
2031-03-16 12:00:00,27.837920976283208,27.217812351150318,27.45623411834185,27.631020065400673,21.233623358256,20.353376934000234,24.369225206647435,23.83996124198634,15.726357462733889,24.33998888744852,28.148111713596496,24.88068666285935,27.932570556265198,-3.051883893405847,28.64035554083321,29.362803513143206,29.060908293727703,-0.7224479723099968
2031-04-16 00:00:00,28.101672131165685,28.126584151063025,27.931126061168836,27.96712812107832,21.605515805219923,20.833114863555075,24.666885636573696,24.004463266862103,15.24448051927644,24.617558235375427,28.162696316591234,24.99935186652328,27.776501773742385,-2.777149907219105,29.393538399099366,29.14146454402438,29.549581992968914,0.25207385507498614
2031-05-16 12:00:00,27.69947291245351,27.429096932432806,27.96023701826129,28.530078095379345,22.25002905787015,21.114603004558106,24.919129561469013,24.333447224291053,13.506881814786665,24.966986598556126,27.713005025068945,25.4284453725852,27.00393744936026,-1.5754920767750598,29.60481924925386,29.009442913150103,29.421041298843264,0.5953763361037581
2031-06-16 00:00:00,25.474016541176766,25.868973680637076,26.976039665825027,28.278525664327276,23.013458034217265,21.732055938027905,25.25859171284135,24.833161547223924,12.163784005451534,25.37385881732363,26.868385522300926,25.950404840263964,25.99730730411302,-0.0469024638490545,28.70750815455511,29.040639756457015,28.396565016766374,-0.33313160190190416
2031-07-16 12:00:00,24.108678611626647,24.543936102632273,25.66135130600162,27.312940746410316,23.539110493509515,22.38329870496628,25.78902676771812,25.649251057732116,11.240289865699637,25.824542420742223,26.089720414920162,26.536344647017806,25.075479353746182,1.460865293271624,27.708029992869964,28.68964274531979,27.498661208957973,-0.981612752449827
2031-08-16 12:00:00,24.466003865222536,23.672847099592257,23.79338444773523,25.92970395785768,24.096003237658863,22.954242848714962,26.225719102933382,26.116452054490782,10.570367207986326,26.18454214653913,25.66253700967578,26.82551600145705,24.59832424854396,2.2271917529130896,27.619662305688262,28.4426863444643,27.425504982962067,-0.8230240387760368
2031-09-16 00:00:00,24.104832616836784,23.602582720478082,23.295043610835247,25.040616011314427,24.331207094399154,23.086432521081484,26.595013939334716,26.505767133233974,10.943388969868375,26.454462006372076,25.611155910448797,27.08877847452765,24.55687335631416,2.5319051182134906,27.683930116693,28.6008650799291,27.5276545161089,-0.9169349632361019
2031-10-16 12:00:00,24.936098037583957,24.48014336207228,24.089348924957378,24.878525526586515,24.263248969672066,23.044922331371136,26.583293089880424,26.441462811342873,11.830377584311618,26.50138654069283,26.011502289929886,27.147005077889894,25.11599690208105,2.031008175808843,27.908070724301517,28.844302183812804,27.918787546284545,-0.9362314595112871
2031-11-16 00:00:00,25.371724551176435,24.72379590280831,24.441774353760323,25.151109876436134,23.63620404059774,22.415752280046718,25.896691299188145,25.647817164782513,13.299005773065897,25.859055575309142,26.528165688415367,26.460060665932467,25.712262428904925,0.747798237027542,28.074177250883512,28.850816479789266,28.174004351194633,-0.7766392289057542
2031-12-16 12:00:00,25.592618005730614,25.045579995652773,24.457081451632657,25.414202959529145,22.58101365626822,21.39438359864544,25.25221156064519,24.904476361713282,14.917334508693079,25.205554313854975,26.935929720056134,25.792277604139972,26.270800990121586,-0.4785233859816138,27.775552883129787,28.907568357204752,27.985811690724322,-1.132015474074965
2032-01-16 12:00:00,26.433445679717096,25.958818263182003,25.387678723806065,26.14525522587388,21.623586938186694,20.33377592900851,24.72359676022912,24.182196527892394,16.416716262535108,24.61850204735498,27.385956876145357,25.18156219182914,26.78071051145021,-1.5991483196210687,27.294310956194998,28.609472408085992,27.825904807310312,-1.3151614518909938
2032-02-15 00:00:00,27.474353977424993,26.603396327224097,26.520349687673136,26.732704594175246,21.240839155407503,20.010576518049884,24.303441134489344,23.75208712327773,17.48331806863639,24.293810347058436,27.757756557012847,24.82808151328598,27.204455553972085,-2.3763740406861054,27.576698022371087,28.677266747231453,28.13381447480954,-1.1005687248603664
2032-03-16 12:00:00,27.792328178790633,27.331364960924127,27.191952458596912,27.372628962363954,21.169857169752426,20.019653304672193,24.28219495268643,23.727203556322703,17.487806170008362,24.300089569809725,28.128174630618066,24.820189641303134,27.70042272159306,-2.8802330802899263,28.42602168856242,28.940989127511507,28.80679485809793,-0.5149674389490855
2032-04-16 00:00:00,27.66171157480046,28.027258583830747,27.688544794745123,27.78183933159384,21.399430053619636,20.209845472286634,24.35243428224488,23.83670057140566,14.968667515357216,24.39156188073577,28.055935205863335,24.927477230250314,27.74965233180613,-2.822175101555814,29.25843223482106,29.038707395806842,29.32899342130007,0.21972483901421924
2032-05-16 12:00:00,27.473672408373297,27.334724209090897,28.011004456704203,28.1852803907235,22.043743078301485,20.643470786567566,24.58326684666219,24.177314159268043,12.639364632240435,24.707510993144094,27.604146534416408,25.26653083810113,26.929705049123566,-1.6631742110224366,29.530137547839033,28.838709307229973,29.21876611123288,0.6914282406090599
2032-06-16 00:00:00,26.574282158353174,26.393645428966035,27.370001667970094,28.355845829290697,22.741170160587846,21.41611547110511,25.223516699436015,25.13286024606932,11.17344522698294,25.352562600779287,26.87113022825628,26.155312004333098,25.94674247543882,0.2085695288942766,28.585832480275247,28.789001601122973,28.298821086774016,-0.20316912084772554
2032-07-16 12:00:00,24.718247494358984,24.92482947398646,25.806550967232724,27.28879371828865,23.570319214574724,22.29756499780224,25.76201594491904,25.778901705343724,10.285487382220575,25.77479175632308,26.08901502235819,26.591204176122673,25.048184611640323,1.54301956448235,27.555303417466412,28.61804515992052,27.258491668653264,-1.062741742454108
2032-08-16 12:00:00,24.858016269086807,23.905514599591953,24.019160439694588,26.107021257380318,24.40210851250233,23.172193186233557,26.266185405755454,26.29152763883548,10.286650059809148,26.184425330925425,25.67853308570202,26.85265433023545,24.308677243524187,2.543977086711262,27.290252334380828,28.549210236429264,27.082748919865825,-1.2589579020484365
2032-09-16 00:00:00,24.460916124783804,23.838113503978743,23.437608833522166,25.40204507631551,24.734440878018397,23.481346973459846,26.72401830377038,26.78388203202675,10.487943930006116,26.567196167889914,25.718564304126936,27.25368622841138,24.21230801768462,3.0413782107267586,27.715153396232374,28.694058195061167,27.601168084855267,-0.9789047988287933
2032-10-16 12:00:00,24.929394595964585,24.78444258395606,24.36348895275151,25.452273569199058,24.600915791227685,23.36552933289972,26.730051401544447,26.827768696069505,11.15222660970061,26.6502759149271,26.239276872226693,27.405910038371413,24.74873621290878,2.657173825462632,28.26727194172243,29.156416135932385,28.392602145315866,-0.8891441942099547
2032-11-16 00:00:00,25.759402989015214,25.217173399558995,24.69777054256029,25.078820810188954,23.929781671052634,22.680655475260924,26.153908049690752,26.073843359068107,12.776169566129015,26.084805292634687,26.72009083737187,26.733672083857407,25.427482326889475,1.3061897569679317,28.186089146415583,29.02306200997062,28.295477302558123,-0.8369728635550366
2032-12-16 12:00:00,26.570760306330854,25.353084138610516,24.513410527977317,25.415177222715858,22.94624856919036,21.749062171027145,25.374227475518413,25.154590823153214,14.709284372997768,25.309749858590486,27.21952240853126,25.927481409844884,26.021361454425048,-0.09388004458016397,27.859151850180407,29.09435734284896,28.134632924767384,-1.2352054926685518
2033-01-16 12:00:00,26.83611896931798,25.565586565292456,25.418897148025323,26.562398349958702,21.851740332496814,20.634222910634147,24.553602901342668,24.238280036845936,16.76264883692999,24.57156423222489,27.609064718859795,25.205178911544692,26.858492998603765,-1.6533140870590728,27.810061297652567,29.01314629858337,28.188529284053534,-1.2030850009308018
2033-02-15 00:00:00,27.118881487063078,26.601922458955688,26.490698830566018,26.797632001777043,21.181922114125463,19.896703302474453,24.164529716958505,23.610763047801267,17.009071218475885,24.177166937679377,28.0426178282981,24.74813331256722,27.356103726147534,-2.607970413580315,28.196872738311832,29.377494533325084,28.713991070114183,-1.180621795013252
2033-03-16 12:00:00,28.119629337970547,27.746795099738286,27.51256925751607,27.29562900482975,21.077821252643098,20.13654558877887,24.296662519668384,23.759064162400946,16.413618581714704,24.323679300888504,28.394463721782078,24.857416661629326,27.786629452582517,-2.9292127909531906,28.647902070829254,29.384795713473945,29.047456311846812,-0.7368936426446915
2033-04-16 00:00:00,28.606429068238555,28.055303708573685,27.89991536708712,28.10855573140376,21.320982878771098,20.21309501693124,24.481803480738336,23.93602626259802,15.010334980966432,24.517050477808034,28.418899388750706,25.06825254865733,27.39425388675315,-2.3260013380958213,29.355023521603332,29.468668390935015,29.459233301983534,-0.11364486933168294
2033-05-16 12:00:00,27.823889479966436,27.657352902194802,28.064106156374866,28.773848683690616,22.007528488854955,20.587762999544914,24.72853895251373,24.16317088121054,13.311360087429975,24.820367687843728,27.904796346822362,25.3627041761856,26.696855059601432,-1.334150883415834,29.481278605903285,29.356980873511425,29.222526350459315,0.12429773239185948
2033-06-16 00:00:00,26.35652554275459,26.297159092676726,27.32993200555035,28.483698054338916,22.830965170825884,21.42209543871662,25.31740104168907,25.085581794695077,11.361407297110333,25.415765780091782,27.075001615666032,26.170386158080678,25.82185449774384,0.3485316603368389,28.66682442025206,29.077143507401473,28.521250009039793,-0.41031908714941423
2033-07-16 12:00:00,25.35762829029317,24.417481714470405,25.595571624804247,27.537117887519884,23.958096683956725,22.640234503898437,25.75083628573612,25.679798761020294,10.389648433985268,25.860015967349945,26.22799715965927,26.58247713550205,24.664799635025368,1.9176775004766817,27.8926226661046,28.7544862198029,27.802164671167354,-0.8618635536982993
2033-08-16 12:00:00,24.662186999337884,23.864937264860796,23.911112374313973,26.060737549190502,24.661040119519082,23.327161619785073,26.142641270584935,26.035713517698678,9.57046567990047,26.224108804254886,25.818269409826787,26.766039455657463,24.064564558519763,2.7014748971377003,27.715263575242716,28.568254472082177,27.54625947975015,-0.8529908968394615
2033-09-16 00:00:00,24.35043086029133,23.685984120046058,23.502753434334267,25.262885939358828,24.845418986435007,23.481939847199776,26.67864955703996,26.680166388137447,9.71260801220919,26.610469774904246,25.821471885148203,27.212659009677445,23.894180938959366,3.318478070718079,28.016821738373075,28.727825686375958,27.87571713902373,-0.7110039480028831
2033-10-16 12:00:00,25.169752752076768,24.68372735969332,24.164354235969586,25.373730429563885,24.616018798832844,23.3000134760103,26.68328555154898,26.750378916771453,10.888939722145052,26.60850959009314,26.270806036064698,27.334820514940038,24.38674411476842,2.948076400171619,28.282284294359055,28.949200787104825,28.171188303868,-0.66691649274577
2033-11-16 00:00:00,25.437145617678002,24.970740819869604,24.86801304478601,25.787441385749347,23.760305610750606,22.441845693044577,26.104641451977006,25.89838185215237,12.544798061559463,25.983768517046112,26.783237807079413,26.59466247489594,25.197479306707226,1.3971831681887146,28.453704775732263,29.058373833072398,28.522084227303775,-0.6046690573401357
2033-12-16 12:00:00,25.731484250878452,25.72355538508992,25.41274600100271,25.934616014662968,22.80542435488249,21.540224603574295,25.493431391324485,25.13751395809624,14.314315259620644,25.343909806940957,27.26390413570294,25.980480761417738,26.105666792218713,-0.12518603080097535,28.308920855142283,28.92992632923329,28.73446497179162,-0.6210054740910067
2034-01-16 12:00:00,27.06811213415279,26.56655325838949,26.05539543035389,26.33306252898634,21.70259856512845,20.198763552868584,24.62634672788289,24.025481078380732,15.706703026514749,24.47495616448027,27.69324849136111,25.02390350321653,26.99517409683372,-1.971270593617188,27.97806582780547,29.076681425072387,28.47744756901033,-1.0986155972669174
2034-02-15 00:00:00,27.86080552891457,26.534042678744793,26.598985258900434,27.082697563920988,21.090196667543132,19.53306528429444,24.054810246638134,23.342505952651678,16.638395825411056,24.008401343928224,28.014945562122946,24.469609235191577,27.629933784372326,-3.16032454918075,28.095216844860126,29.036308601703567,28.51428577106365,-0.9410917568434414
2034-03-16 12:00:00,27.896341295390233,27.492307557270347,27.399329113256595,27.583445219431418,20.889955118930246,19.43163204973964,23.832250053668258,23.052807628676195,16.556102037137716,23.836050865363895,28.28783656543423,24.24516625477575,27.94124263386503,-3.6960763790892806,28.712397825357193,29.335461405103114,29.034262098133254,-0.6230635797459207
2034-04-16 00:00:00,27.927975582618064,27.825521785593356,28.082683888318495,28.3166455762628,21.402494113288316,20.011165979448506,24.072427276808313,23.348368727514508,14.610182881061993,24.150965408205433,28.275276953657063,24.554354026649374,27.86049474671608,-3.306140720066704,29.33931662997461,29.33948931787529,29.51907343842879,-0.00017268790067959117
2034-05-16 12:00:00,26.24224793051461,27.259413468595984,28.268235220236015,28.840267928289997,22.1511270279366,20.59477636385314,24.360087265764335,23.643191011009517,13.639614484150602,24.48711095023604,27.7004775901727,24.911728888744708,27.194178940929387,-2.2824500521846787,29.34902970544351,29.154404994799897,29.05650025541639,0.19462471064361253
2034-06-16 00:00:00,24.808642937251783,25.453282654825568,27.207196652013263,28.851127234089283,22.905927234705985,21.192646005896574,24.7703371640653,24.30202095776656,12.277538879261414,24.992135275987003,26.905012611053586,25.561989614016305,25.88079139922764,-0.31880178521133473,28.540289698138015,28.916170891162803,28.20517121536606,-0.37588119302478873
2034-07-16 12:00:00,24.924166574229535,23.84650992473663,25.035548451326694,27.37138580878676,23.51504649123257,21.982654585566696,25.367816906205412,25.18938227131076,10.981583298212373,25.52344802187977,26.120443723314803,26.205931402941346,24.86441173124513,1.341519671696215,27.738510684998325,28.73211600353611,27.50685093544531,-0.9936053185377851
2034-08-16 12:00:00,24.364139047603647,23.47813291719248,23.514541253330112,25.708413863822646,24.150521346230473,22.721365217849822,25.91468494028352,25.809140716463975,10.405225954254288,25.975537784059416,25.665345199830767,26.62909430324491,24.23893366027723,2.390160642967679,27.6054899294734,28.42303837748719,27.45153539432742,-0.8175484480137918
2034-09-16 00:00:00,24.096127910575674,23.330783668854053,23.27945765756793,25.198461674801944,24.459522441312863,23.073089205801825,26.41471032896752,26.305696402986936,10.578250605657919,26.365956253474895,25.6460142465712,27.040855946655075,24.266434178961752,2.7744217676933225,27.884179321282318,28.42132090824812,27.72661617320945,-0.5371415869658023
2034-10-16 12:00:00,25.034668726693525,24.126761652001488,23.95459164516101,25.558184960325622,24.532294261010748,23.303413176214672,26.628135962851513,26.66622092214057,11.452242712693055,26.58939160100925,26.15131159797968,27.316893301712746,24.777946473127162,2.5389468285855834,28.360233720290637,28.85644278826793,28.162417947025666,-0.49620906797729347
2034-11-16 00:00:00,25.322442431504918,24.887997407930413,24.720600442120727,25.813661372111145,23.689045069067802,22.43808765289898,25.980964952355098,25.77835647979549,13.689414382259985,25.847182344889006,26.70104550797427,26.500411735979082,25.33935100316252,1.161060732816562,28.3743826111822,29.10640214170822,28.368955546999867,-0.7320195305260206
2034-12-16 12:00:00,25.8145719652405,25.504401791953608,25.37265273144835,26.020391309798388,22.767482153809986,21.458211206205796,25.13054709749853,24.705211031983605,15.48488438900726,25.026956837178485,27.234661728136725,25.56940695924873,26.15557070131845,-0.5861637420697186,28.09496768397799,29.078331828334985,28.234208135872755,-0.9833641443569938
2035-01-16 12:00:00,26.538943924261893,26.331685537943752,25.740798388111976,26.154712722723165,21.907653997516157,20.7264143613961,24.34503704404064,23.835665568142986,16.855817502620557,24.376974061181617,27.618425699253507,24.830002086099665,26.90332754548729,-2.0733254593876254,27.683679852481244,29.083132134513008,27.961747140530907,-1.3994522820317634
2035-02-15 00:00:00,27.848307091412007,26.862000871112535,26.54811213659796,26.829764766767862,21.37606780751927,20.301655841529676,24.038001201177593,23.58928570460047,16.386237091569487,24.134956384335673,27.966636858092986,24.63332145025746,27.491851675164,-2.8585302249065414,27.814760783886875,29.046716390203677,28.23233880449944,-1.2319556063168022
2035-03-16 12:00:00,28.47592683754398,27.96522731549413,27.956774350250353,27.78875291609085,21.424145076098,20.621306366938107,24.243295654523283,23.79556801413023,16.342995755306138,24.358074873233665,28.313146619723042,24.81703466831866,27.836403149826968,-3.019368481508309,28.23313846051015,29.20988439039092,28.688233763131926,-0.9767459298807672
2035-04-16 00:00:00,28.464498723327253,27.88000650077501,27.998828627310026,28.250424233955126,21.62408564609424,20.72097896430464,24.381413753435147,23.79497641825993,14.97243179038008,24.461072573419,28.293926666514533,24.9236593401174,27.7844456927516,-2.8607863526342,28.946200409575567,29.12175278945467,29.231278463599562,-0.17555237987910388
2035-05-16 12:00:00,28.068975739393984,27.788125776732233,28.234593450864022,28.34739577203678,22.15964401803359,21.204767858385257,24.671755763792838,24.092509480961695,13.918304888019394,24.854985930807906,27.807510964396577,25.313414301891157,27.231502375784054,-1.9180880738928963,29.253543717470173,28.879017680326946,29.181446774419918,0.37452603714322663
2035-06-16 00:00:00,27.007248012050066,26.672685631634764,27.5578126831899,28.38277921402308,22.90625796794341,21.7447156463047,25.202396797277956,24.90276249249879,12.233981725874838,25.38639852946707,27.037204557619095,25.996915824139073,26.251454357758952,-0.2545385336198791,28.729822026950377,28.72127362148432,28.294850482206325,0.008548405466058284
2035-07-16 12:00:00,25.826552494990764,25.442491770942464,26.273150402524948,27.92585096117269,23.598690001522375,22.404768014446493,25.664733237400004,25.501373611568642,10.722291290263271,25.790621921128235,26.331689672071594,26.46160040938415,25.29485897456827,1.1667414348158793,27.881384557256116,28.770395692006275,27.538042172073173,-0.8890111347501595
2035-08-16 12:00:00,24.83613061909538,24.3846851709539,24.693436686692866,26.73022403065658,24.1059839400256,22.986181340423055,26.29897859134758,26.270016415308504,10.046569405544034,26.263694347613086,25.858843753119267,26.979390944709692,24.602375559047935,2.377015385661757,27.783169329085013,28.50466824853176,27.6141556564913,-0.7214989194467485
2035-09-16 00:00:00,24.277911095307203,24.00738461942359,23.93452908697022,25.560165398524866,24.389122586107835,23.217654473974246,26.582844126175832,26.578465919236603,10.570177142283674,26.475062699702754,25.870665003166796,27.181067104413824,24.42102593055981,2.760041173854013,28.07014861651164,28.62285926071505,27.879917933107976,-0.5527106442034082
2035-10-16 12:00:00,24.76747405506781,24.864243782747142,24.493460697757634,25.263251332801737,24.523884837169785,23.38168153199261,26.453116040823442,26.453810027864634,11.853644126576809,26.485548174901787,26.300109095297138,27.197613028424037,24.921020911089766,2.276592117334271,28.276438739340453,28.949082223313873,28.31426490254067,-0.6726434839734203
2035-11-16 00:00:00,26.038047497656255,25.55719922234985,24.925952546876932,25.549181947727675,24.019787125612904,22.915432355745104,26.073664532736245,25.830593471861572,13.383525613942593,26.08402047550623,26.906207640139176,26.602042942779505,25.608043110059604,0.9939998327199007,28.287712583382987,29.08119055799787,28.354335168837004,-0.7934779746148841
2035-12-16 12:00:00,26.30311372495136,25.580648847766785,25.454363508445198,26.38778338142926,22.87717931345049,21.721747932471107,25.32901224673229,24.861725094057558,15.272759731321099,25.25185076868921,27.347901457070623,25.733672357789924,26.313728068459966,-0.5800557106700417,28.335601771660016,29.03461951808096,28.631743277574735,-0.6990177464209424
2036-01-16 12:00:00,27.020398775134773,26.02990009074268,25.89473997074649,27.069772404138106,21.94272226411798,20.945333064084107,24.79810006642969,24.261454886858882,17.093297053570172,24.73620357679941,27.674301699373956,25.226274281038542,26.978642865148206,-1.7523685841096643,27.9389398958461,28.796733693714256,28.264453613290662,-0.8577937978681547
2036-02-15 00:00:00,27.808545344089453,27.006670710510072,26.835559040132903,27.26131748936325,21.48877326485681,20.463575006403122,24.332066620832496,23.773392549728914,17.23752449894061,24.303720162533722,28.082774897824397,24.853712481810277,27.564477034871054,-2.710764553060777,28.056615385353002,29.34612770666139,28.503206251835852,-1.2895123213083899
2036-03-16 12:00:00,28.32153850928087,27.58737967499487,27.67016755609362,27.717196332376737,21.36615723250183,20.18608140864042,24.20158229648935,23.562707393086328,17.00518737282058,24.183805764352872,28.384181935723863,24.678821235805966,27.916580589980367,-3.2377593541744005,28.448080555978358,29.183459023697864,28.785715703324236,-0.7353784677195065
2036-04-16 00:00:00,28.225863215658478,27.888525930667743,27.727591797480187,28.16102723458251,21.659521667041165,20.327954143037626,24.429869944095444,23.630217806634203,15.25749366624575,24.378508113960212,28.341554816088642,24.726979206701717,27.81754602995227,-3.090566823250551,29.045807336267092,29.128175401150827,29.165744225980184,-0.0823680648837346
2036-05-16 12:00:00,28.275680197550674,28.01183310845335,28.087081066660826,28.385771693563868,22.26831786310998,20.763118607566934,24.812247653839517,24.048650132969687,13.822236934688679,24.75451705728735,27.93154737407614,25.174245612969344,27.076307330532423,-1.902061717563079,29.349828347029543,28.948282238174357,29.190722928769294,0.40154610885518593
2036-06-16 00:00:00,27.077308031839973,26.685730394039894,27.982311642564518,28.844187639476047,23.017068700224897,21.460766376508506,25.11886098601965,24.55602170660341,12.726783111177417,25.2118938398303,27.147706185793467,25.777929556224784,25.721636893350333,0.05629266287445134,28.75658182571524,28.75692372318309,28.333520109945656,-0.00034189746784818453
2036-07-16 12:00:00,25.511899163880447,25.349850504076613,26.517018484168084,28.1876716047213,23.673055525924212,22.274062468647127,25.7180177714574,25.458481254808365,11.000755134478814,25.81160073226663,26.419670076209286,26.46921862478009,24.937134439519408,1.5320841852606826,28.188786977324206,28.445549760786502,27.722965208828086,-0.2567627834622961
2036-08-16 12:00:00,26.034455568902867,24.699165008709315,24.90477553944434,27.02646850987272,24.55339363133915,23.262983558814756,26.284750993856747,26.143614017676548,10.073376676419398,26.305946805321398,26.034302593335262,26.91988798467765,24.166163954386345,2.7537240302913055,27.97719333939294,28.35612096068701,27.72070196522405,-0.3789276212940713
2036-09-16 00:00:00,25.190075029212124,24.787840709528247,24.598305884398577,26.322419592121868,24.844139628952256,23.521339483452234,26.663836492454337,26.561375792333756,10.47224918322156,26.63337169123902,26.00576406521543,27.285426832251748,24.10224463702109,3.183182195230657,28.28175022089927,28.289658809763488,28.003646669925764,-0.007908588864218302
2036-10-16 12:00:00,25.327902273318706,25.159577265012455,24.926847806564094,26.394338049127338,24.601440336168277,23.360636719861592,26.64842168646127,26.5886001620439,11.51311466787225,26.59898144787527,26.427383241570535,27.29321642976791,24.63889852279951,2.654317906968398,28.364293310719784,28.62451094285868,28.172020002368622,-0.2602176321388967
2036-11-16 00:00:00,26.287594852128624,26.1202582259913,25.669188761704245,26.347688634750856,23.930229429764797,22.72951634547292,26.11667178406416,25.8628581308961,12.954769896391609,26.034214932697008,27.062048005282705,26.658471272992845,25.61817813447511,1.040293138517736,28.639794704226098,28.823773630578618,28.78478687118015,-0.18397892635251978
2036-12-16 12:00:00,26.573808851950588,26.40269845438493,26.037502887864004,26.42259680080937,22.864912840600574,21.597722943136763,25.36386169734622,25.002192817901896,15.079604491970871,25.241268707963624,27.51848064832873,25.854759580391786,26.20287368703503,-0.34811410664324427,28.48598667221944,28.914153540382813,28.810245465358364,-0.42816686816337324
2037-01-16 12:00:00,27.274239694554883,26.38252759325849,26.034548365438425,26.608989198054186,21.80625508337464,20.46322061159922,24.501407991386145,24.020688598328153,15.86129544416243,24.45656288140787,27.805135840664043,25.07411126815159,26.98796453187807,-1.9138532637264802,28.230691009223037,29.143873497613377,28.806685111025047,-0.9131824883903406
2037-02-15 00:00:00,27.684504659094713,26.47183426455016,26.400232066806762,27.033918681274717,21.287635534998074,19.997942902958478,24.14140444608135,23.592466656584502,16.543861461805445,24.154559962975533,28.10967277330595,24.766017993086436,27.60886349201124,-2.8428454989248024,28.426206974570086,29.260755381211982,28.91962091149822,-0.8345484066418969
2037-03-16 12:00:00,27.5823753814603,27.626148704758275,27.557126716837324,27.769119907078903,21.23744329445003,20.08948503155563,24.413041574378266,23.849038878017932,16.41408158666745,24.40519153341822,28.43780217138426,24.99518362755123,27.901023342416305,-2.905839714865074,28.982852626829345,29.413860460731012,29.371011657977526,-0.43100783390166697
2037-04-16 00:00:00,28.182512052158952,28.566404654233004,28.561770670999056,28.39630363370694,21.711891986391908,20.729999970697083,24.773830042021302,24.22249833437584,14.519517264005279,24.840780565608014,28.49569119162341,25.398403758697615,27.769893707927114,-2.371489949229499,29.69184538930059,29.252139890011904,29.942180678523485,0.4397054992886851
2037-05-16 12:00:00,27.456571020956453,28.379863778441774,28.8026013394505,28.969733513922698,22.231920955299806,21.048092142419403,24.987184711022188,24.326930216360076,13.279066615646238,25.04623480923932,28.016653517855506,25.57664070211243,27.083073633956666,-1.506432931844234,29.765391341173405,29.097069299169345,29.554710538060885,0.6683220420040605
2037-06-16 00:00:00,26.261348189482092,27.20695052439024,27.978162420757602,28.67877789595647,22.997036441947557,21.735250244037225,25.54864707701067,25.256601236585162,12.068040781274878,25.66232656570716,27.230002815553036,26.419925160429155,26.242601433338997,0.1773237270901582,28.86626607801071,29.157698672466207,28.56625877816386,-0.29143259445549674
2037-07-16 12:00:00,26.120224152872353,25.875044898348794,26.73481560448361,28.2241240336585,23.817157338586657,22.65491831318738,26.09351076898903,25.994196537876913,10.60619938723557,26.113083316893707,26.508494549340206,26.895077667058974,25.19927183780575,1.6958058292532243,28.187604049733665,28.84937118403461,27.88107191198063,-0.6617671343009448
2037-08-16 12:00:00,24.347352750752645,24.415994745800813,25.135545044313545,27.349642722942395,24.527263396921274,23.360370397333188,26.581490049134803,26.583492054497658,9.945364075606914,26.526315393694322,25.985768220706454,27.26931547133203,24.543020765977282,2.7262947053547464,27.936084188497848,28.754460196242487,27.7283975938872,-0.8183760077446394
2037-09-16 00:00:00,24.79004260190845,24.391106844543764,24.339986987828564,26.36398884664007,24.80284262985352,23.665542961645055,26.89579570955989,26.95412039118433,10.018916469870138,26.754179700487256,26.012022973098155,27.493903812468364,24.175535146434104,3.31836866603426,28.221054647635686,28.5442363358418,27.91784984137264,-0.3231816882061125
2037-10-16 12:00:00,25.9433137605932,25.62071527910746,25.06300123404809,26.36928143920923,24.689415399217538,23.512212623304418,26.9377253583389,27.032989922198524,11.15040092455735,26.844612370749903,26.54615202276174,27.615950559391827,24.686573276860095,2.929377282531732,28.601664241198186,28.814178125319742,28.418322612750558,-0.21251388412155592
2037-11-16 00:00:00,26.3428286453254,26.173281603755065,25.652362359602773,26.33747503892365,23.9469919134663,22.87307569030379,26.40360895577378,26.246347604272426,13.330155961752356,26.26012181120469,27.10781797352117,26.939824858916424,25.449890655906973,1.489934203009451,28.693523327701946,28.921555947540448,28.683493210852866,-0.2280326198385012
2037-12-16 12:00:00,26.907622146968844,26.437769102646932,25.904872708394777,26.80219814674768,22.960220816737746,22.036118713332865,25.554716318037315,25.368378278491182,15.059188929622609,25.456099569516056,27.533827591289196,26.172397061975758,26.310232333728734,-0.1378352717529765,28.29814282216854,29.041889076128367,28.45623878335081,-0.7437462539598272
2038-01-16 12:00:00,27.338454068191993,27.314511516526764,26.794139180087623,27.23411206769664,21.89472736104572,20.8968751227486,24.772296550797762,24.508094490069738,16.621763681770137,24.693458010777768,27.976404689820587,25.456421279420447,27.102805169590912,-1.6463838901704655,28.107423465447535,29.124856316454036,28.54814485986869,-1.0174328510065003
2038-02-15 00:00:00,27.81551605772831,27.177953978176905,27.244622118323633,27.919452126391075,21.275193352334604,20.312968901248762,24.327558999461463,24.085448852570327,17.88965977115988,24.344199965875195,28.376719130728805,25.14049723295251,27.7273097950264,-2.5868125620738915,28.398891540910345,29.400212478168296,28.886341787754326,-1.001320937257951
2038-03-16 12:00:00,28.5545956375631,27.449364794042566,27.599862290814652,28.201987456900323,21.100742689558377,19.981383341817,24.34684600918979,23.948620810454123,17.31947594844601,24.34068122987363,28.651974492390973,25.099161700120135,27.98413620177677,-2.884974501656636,29.092547654872472,29.568671243273762,29.430430020595796,-0.47612358840128977
2038-04-16 00:00:00,28.898974813973247,28.28787781992423,28.087749534720842,28.251459761601396,21.57175041500635,20.45249345800538,24.72640265473481,24.41017340931215,15.495768171498938,24.835099034234617,28.60645513203804,25.606748760014774,27.7879981530769,-2.1812493930621244,29.790310240283723,29.410936488787964,29.894628227938068,0.37937375149575914
2038-05-16 12:00:00,27.901357298105594,27.301547313839897,28.04419925620737,28.71798093974633,22.30488328429993,21.2563600771457,25.15107189863263,24.979306742690433,13.774054185392462,25.34210158022383,28.03048446613299,26.183649233619438,27.22157854810264,-1.037929314483204,29.73842873007484,29.29555464055595,29.484851205803164,0.4428740895188916
2038-06-16 00:00:00,26.262999174152984,26.40503433516286,27.384707240991403,28.484107448967734,23.288862355660374,22.063640208123708,25.811666878607188,25.81357383593168,11.984603485092242,25.925691132986135,27.204368669986263,26.891085767221206,26.341995002726982,0.549090764494224,28.724917796541327,29.091779222318497,28.39152628821005,-0.36686142577717007
2038-07-16 12:00:00,24.760437273854432,25.146735738993456,26.153987663075302,27.821398320017526,23.921210167243874,22.759443023483737,26.30059799304613,26.36148270590889,10.361701982396415,26.302619622000236,26.440520324712296,27.196574083151038,25.470857375068622,1.725716708082416,27.846074513476648,28.842371208528377,27.6795791388435,-0.9962966950517291
2038-08-16 12:00:00,24.405350223437225,24.01816685875201,24.354200095889027,26.522535048447168,24.56234028776218,23.44098668040933,26.645829863392,26.635814614698234,9.731010712074545,26.56348305634224,25.979179893372034,27.323114638019604,24.78981841492487,2.533296223094734,27.956423992229446,28.54291998353001,27.748124908448688,-0.5864959913005627
2038-09-16 00:00:00,25.67301133421003,24.237850977979324,23.688769799005716,25.531128095069363,24.81408103071029,23.593700082869052,26.97125788903538,26.975595706253237,10.424912922403994,26.824845598447176,26.01736470612823,27.56816118080495,24.832270494173546,2.7358906866314037,28.191016472613775,28.594203737590625,28.016161926903074,-0.4031872649768502
2038-10-16 12:00:00,25.794244929005945,25.110908750227097,24.298868774145138,25.430887094061944,24.78226025556822,23.596783548789652,26.897623021434324,26.975791943094585,11.89285267770711,26.825647168183718,26.40534485014116,27.610097148905854,25.362394989055026,2.247702159850828,28.60890876977697,28.81158799155139,28.538548037455264,-0.20267922177442088
2038-11-16 00:00:00,25.70672921886293,25.50704394159766,25.17438278495975,25.635520157418195,24.236232875664783,23.08830451717169,26.361779959107288,26.238728670391907,13.48079954012972,26.321433053723062,26.971678462051077,26.979121797885835,26.038169967077913,0.9409518308079221,28.650890098189144,29.003946600785504,28.743837277969366,-0.3530565025963597
2038-12-16 12:00:00,26.308732500278563,25.739507812120223,24.982235507536842,25.767087135012627,23.147430085642462,21.994732456659914,25.779620313324838,25.47954692122445,15.34119734275985,25.65739047204243,27.413758385678435,26.300105067456865,26.563308345559097,-0.26320327810223176,28.479207621192348,29.216411419021444,28.718697527627164,-0.7372037978290962
2039-01-16 12:00:00,26.831693035121432,26.75318909884521,26.235539732906773,26.332983434346126,21.948759814753892,20.882639828753188,25.186445034033703,24.81929714404979,15.627440374784097,25.04258532704085,27.807616092114923,25.7326873679403,27.167643908911835,-1.434956540971534,28.129884457141078,29.253585902466416,28.743100783426833,-1.123701445325338
2039-02-15 00:00:00,27.850754517327815,26.88465151652571,27.03253153321792,27.090944167239083,21.28273120994088,20.236993106654392,24.789006078419938,24.421519726566043,16.73956809835719,24.65283691636189,28.199618633082938,25.389144410599755,27.960220268944042,-2.5710758583442868,28.27677658204113,29.444381571605803,28.894808572835686,-1.1676049895646727
2039-03-16 12:00:00,27.852487768355378,27.233205211013697,27.50246202133364,27.63640534899737,21.260774825478805,20.321816715174,24.740865227100723,24.32443624214714,16.545187522217752,24.66535094947436,28.447905239343946,25.321387703413397,28.413039465491938,-3.0916517620785413,28.848158428593194,29.645415284066594,29.096918083227138,-0.7972568554733996
2039-04-16 00:00:00,27.559324629415368,27.408280866004855,27.427977627929746,27.962272132303614,21.326228980706638,20.237713686524604,24.712455448376584,24.269244561026706,15.294388412462041,24.681203658058664,28.332526969442725,25.339396258042072,28.23489522883161,-2.8954989707895393,29.2841581512899,29.356781641288567,29.19706872856522,-0.07262348999866575
2039-05-16 12:00:00,26.810453457111365,27.598872027816963,27.947227454032696,28.17063349868532,21.90975881368363,20.589572206126324,24.913083118804735,24.32987650006338,13.930705833995372,24.88438786191586,27.87300620732953,25.503848179278577,27.354354548165514,-1.8505063688869363,29.406476511525362,29.103585908563954,28.998608118716316,0.30289060296140846
2039-06-16 00:00:00,25.775642872933986,26.659847372615285,27.38399177511403,27.90253042943347,22.768649477159556,21.36225915694707,25.327897453459578,24.90883495253231,12.728960541842724,25.360207559380008,27.071382525615316,26.06487443418112,26.200056157170067,-0.13518172298894626,28.750494797548747,29.05460780266192,28.25488594341112,-0.3041130051131731
2039-07-16 12:00:00,24.810237746493783,24.34972339437682,25.59619788850449,27.353598163291952,23.665394579546625,22.332251343985035,25.922238323098135,25.821704720077996,11.584116553761458,25.93425374445344,26.214184096915556,26.71749921096843,25.15034893139082,1.5671502795776107,28.036270838498744,28.714345999346797,27.656916065033506,-0.6780751608480529
2039-08-16 12:00:00,24.575803846132448,23.66877210195245,23.897734832728062,26.315246906503898,24.24093514367302,22.963013468845023,26.31495824749582,26.237103310788594,10.656588345570798,26.27274594750792,25.776272134075388,26.948181934519898,24.484460502763675,2.4637214317562233,27.961839704192254,28.37162582736545,27.672136093036613,-0.40978612317319474
2039-09-16 00:00:00,24.668338352521634,23.815589223492417,23.203568585137248,25.206804797441745,24.45846213544951,23.151796234742037,26.78972550841743,26.80753155792398,10.28550831553593,26.647942901519247,25.752942417831736,27.38063592199321,24.396259178731768,2.9843767432614428,28.11740626330407,28.49361833867475,27.850883125632905,-0.376212075370681
2039-10-16 12:00:00,25.289524469435403,24.900924315557635,24.16219083503689,25.327599412087405,24.547417679818896,23.293684696071967,26.956660268461523,27.114752264033697,11.003370839387486,26.8342406416318,26.266534515085638,27.71883521933484,24.80629659136816,2.912538627966679,28.392550844830634,28.883114543907467,28.293881157149798,-0.4905636990768336
2039-11-16 00:00:00,25.879826951873486,25.25019471265461,24.635637155809192,25.59398303475704,23.739008759379928,22.369527052118784,26.36122525868449,26.22895897120392,12.245168116659146,26.156068413400696,26.836038707656503,26.90472708307323,25.638853808279993,1.2658732747932362,28.709133236667196,29.266226774830447,28.815638403431283,-0.5570935381632509
2039-12-16 12:00:00,26.04778531712573,24.937655875685522,24.657236248296552,25.799206827887726,22.79490729819923,21.44000452149092,25.34051973022322,25.029911149484427,14.1316719460926,25.197813412442976,27.27465383323829,25.897103073648463,26.397892502368926,-0.5007894287204628,28.55438285372193,29.282118446819318,28.815142688425198,-0.727735593097389
2040-01-16 12:00:00,26.987189977258826,25.963310252660815,25.27879679845211,25.958501258343578,21.933927902761493,20.654951651214763,24.569215965519668,24.203827669529897,16.460377405498193,24.527387424565514,27.680879484440375,25.160042430776954,27.31881894120641,-2.1587765104294547,28.24339076192995,29.474549519462414,28.627189945042055,-1.2311587575324658
2040-02-15 00:00:00,27.834651265682073,26.338411981249948,26.099221672822956,26.551290851774098,21.50368366775123,20.34871535562952,24.19968057334672,23.805783569042447,16.87839367759254,24.246949817470053,28.01811533936104,24.806959866932168,28.060980486128134,-3.254020619195966,28.374944115460867,29.162700798407826,28.757036329152903,-0.7877566829469593
2040-03-16 12:00:00,28.128416823292156,27.502673318254708,27.26727955095491,27.119755602737534,21.3596296788099,20.214082191925257,24.27909019069601,23.801245564958226,17.537489274926607,24.291043627073417,28.37406887645951,24.82960462147386,28.357250592030514,-3.527645970556655,28.875429583428375,29.391731920854905,29.18574625989051,-0.5163023374265308
2040-04-16 00:00:00,28.342953952159938,27.941872123275118,28.16181965265686,28.13941865616775,21.535808158291882,20.34076884249629,24.454908877731313,23.911318964590382,15.82589909250107,24.464941404746238,28.40193697237492,24.97677464836138,28.37299344639852,-3.3962187980371397,29.619400554221976,29.50873380696154,29.642258892083486,0.11066674726043502
2040-05-16 12:00:00,27.318213930368966,27.06886517104557,27.98364817388723,28.778435145868006,22.14524776117012,20.630430277195593,24.75764332933582,24.127450115342775,14.17008202471036,24.777829130086094,27.85081889900418,25.23536169295174,27.415007806038613,-2.1796461130868714,29.696851837796128,29.347956642539792,29.320101936855906,0.34889519525633617
2040-06-16 00:00:00,25.897767523264488,26.12260723741075,27.126170161773018,28.260002250370416,23.045109867690545,21.394818887347355,25.17096911626852,24.665432047930487,11.943428498649787,25.286314358061748,27.065150757152363,25.806568041098796,26.323678659024427,-0.5171106179256313,28.702863990584866,29.378532365214287,28.325267941003197,-0.6756683746294208
2040-07-16 12:00:00,25.505162910533105,24.834610895287348,25.704381217153752,27.39805428026921,24.00654127073708,22.496390563817044,25.56043503181771,25.12880553864018,10.66454691476318,25.70502927562142,26.31255470440505,26.15452511364658,25.09313738334092,1.0613877303056611,28.026777337400365,28.782441993655368,27.68960875880014,-0.7556646562550036
2040-08-16 12:00:00,24.095510768102113,24.021274733499776,24.415133435217925,26.388378208107156,24.638506291821628,23.151145148188608,26.24727897317559,26.04608869334401,9.89124553568486,26.301674731170603,25.829997751413917,26.86733690042087,24.089931389639254,2.777405510781616,27.87083056692184,28.536924095678,27.53916011942188,-0.6660935287561607
2040-09-16 00:00:00,24.51642381740133,23.880255166208833,23.97956845464416,25.859091280034832,24.906603938829644,23.378860006435577,26.751423607577916,26.712765051115973,10.379495593676637,26.713576049843407,25.858019851932294,27.376157655711214,24.240598517883882,3.1355591378273324,28.1649273556276,28.636545325514344,28.00518230141006,-0.47161796988674354
2040-10-16 12:00:00,25.735984229594866,24.77260517695286,24.279679765990412,25.618382855387843,24.44823448802936,23.021579332173566,26.675013991935046,26.677162357424365,11.668570718847853,26.64840739838381,26.334298643317435,27.42755117211462,24.78400660612984,2.6435445659847794,28.440821247542146,28.86400137284252,28.375535114514797,-0.4231801253003731
2040-11-16 00:00:00,26.459679412449372,25.373287042320477,24.823597997209742,25.9851697068007,23.690572448984586,22.426410938484143,26.149609298566855,26.070141483537533,12.868117432604135,26.104939714789186,27.0181473745773,26.85159269497723,25.585699633052975,1.265893061924256,28.616159496308185,28.994573901802827,28.56367638352445,-0.37841440549464167
2040-12-16 12:00:00,26.51830564109904,25.895143461856822,25.408360563884813,26.280069571275057,22.792064651810662,21.664412093497777,25.402511672751427,25.194056557549576,15.42406988443138,25.326390671024942,27.42706612529946,26.021458190587456,26.25376096573969,-0.23230277515223463,28.420599724949646,29.10558190128554,28.64852405518899,-0.6849821763358932
2041-01-16 12:00:00,27.379108770833852,26.141188022725327,25.789640919464517,26.98666642366733,21.952494586303377,20.8540125784795,24.800182299138452,24.478359983172112,16.149557289147833,24.76185191326898,27.735598254842888,25.444129367771232,26.942287308502397,-1.498157940731165,28.051324639473066,29.314685696520524,28.606326689991178,-1.263361057047458
2041-02-15 00:00:00,27.774327812995885,26.953639109401472,26.82025215155182,27.346153205200743,21.432767731962496,20.237300847293206,24.316873895043532,23.880591801285405,17.982878216804608,24.35560196592987,28.134673660207106,25.0232422925653,27.622807767663293,-2.599565475097993,28.19643109577567,29.588593337431742,28.8605476260097,-1.3921622416560737
2041-03-16 12:00:00,28.154591070808628,28.11370152817632,28.014353658146142,27.77508783922269,21.45648486516115,20.447757937591,24.48408140252442,23.857203522318716,17.32470782100828,24.50925012449046,28.403582502593565,24.99388722153986,27.884605994648798,-2.8907187731089365,28.835144519990003,29.426049836271375,29.445877061855633,-0.590905316281372
2041-04-16 00:00:00,28.672106268150433,28.28654904461611,28.409385905451085,28.478581025046992,21.60459536248776,20.519584658573848,24.583285007005397,23.932537524612414,15.713341261630209,24.627018342465377,28.459750419790918,25.101277435060688,27.829293931895865,-2.7280164968351777,29.598374029206745,29.43603696955554,29.851949803599283,0.16233705965120393
2041-05-16 12:00:00,28.307191111866068,27.808986076236717,28.31236349822527,28.664100734339264,22.266750411658283,21.314678587177834,25.10253018074166,24.605874741561372,13.763873590276788,25.187757029076366,27.974869446388936,25.75341558311167,27.19743955227,-1.44402396915833,29.821752274194395,29.2713551992512,29.66051580463279,0.550397074943195
2041-06-16 00:00:00,27.380852168577803,26.66072791493809,27.84201543197229,28.88482677074018,23.150727732558156,22.097804024316545,25.54950244323715,25.29485310297172,12.108421188615479,25.70449036886515,27.232094043855575,26.41616370624569,26.194310610850767,0.22185309539492337,28.8924807459267,29.170156427211175,28.445745498744355,-0.2776756812844745
2041-07-16 12:00:00,25.786436592111542,25.178136510901357,26.285980774284834,28.032438489215405,23.983998780812048,22.924127560929048,26.115761088470602,26.11513464759625,11.196197945199565,26.188664638359718,26.407035091751013,26.97075459340729,25.141995549001436,1.828759044405853,27.96593866485478,28.94371620824133,27.50525754288871,-0.9777775433865514
2041-08-16 12:00:00,24.03079781293858,23.788499653974164,24.27769161649892,26.682926727633017,24.6627310662176,23.62875844692173,26.672673203313966,26.733692274379756,10.83087848341535,26.65963158288709,25.8966452142992,27.400138268269178,24.452991517114544,2.9471467511546336,27.894925331721378,28.72574772675104,27.552797952937215,-0.8308223950296636
2041-09-16 00:00:00,24.750280014303076,24.035845542270945,23.643198075055018,25.475748166099233,25.11067738671205,23.997977232836025,27.188669153263554,27.26963060665749,10.770733899600883,27.069821201565937,25.92600285264773,27.76678918603772,24.468374996584725,3.298414189452995,28.174286407295064,29.037879175221935,27.957134888685477,-0.8635927679268711
2041-10-16 12:00:00,25.822837692177018,25.19060149700191,24.2903373361476,24.904969455108205,25.13826889086167,24.054207457077386,27.231612468484382,27.347712647452063,11.576685731270933,27.16047033602285,26.37326550441785,27.93376672887681,25.141270726790644,2.7924960020861676,28.53107296834522,29.284195906258688,28.373906545070575,-0.7531229379134672
2041-11-16 00:00:00,26.053088525616793,25.394634084123343,24.702459933266713,25.271921792684616,24.071550100916486,23.035080172592068,26.554700543015066,26.41328640431828,13.384054300077084,26.41523667552742,26.868538127163916,27.08244457455044,26.08509710135283,0.9973474731976104,28.67572801644492,29.149065212150397,28.6908725195345,-0.4733371957054757
2041-12-16 12:00:00,26.319452314325762,25.234581746582997,24.706505434024866,25.48046171221886,22.881905287441604,21.752041429854202,25.71498425513199,25.34233159056475,15.47177656156307,25.508466312941508,27.255666351153,26.185910202314215,26.97687865607136,-0.7909684537571451,28.43013473780739,29.195467826280485,28.785830084318327,-0.7653330884730956
2042-01-16 12:00:00,26.7417080423268,26.00723903485855,25.601595262923613,26.222689801869166,21.99668651108324,20.87861039263371,24.916541776953352,24.519554808673778,16.997040078160737,24.82415513924116,27.663473955983466,25.493337956851445,27.63467888903564,-2.141340932184196,28.307201723481526,29.244282759493384,28.840700344941972,-0.9370810360118575
2042-02-15 00:00:00,27.83423821046873,25.78796583828472,26.2593665982361,26.610680241140397,21.549845605856984,20.48120681869502,24.628083258640146,24.17233384783313,17.46033657489303,24.592345965782556,28.107099213433923,25.230667456232776,28.146633291712565,-2.9159658354797884,28.26555664810376,29.546276353220918,28.753630446294533,-1.280719705117157
2042-03-16 12:00:00,28.10059077882276,27.21355182799718,27.17731145847152,27.191226295266805,21.36462753798272,20.243562844685133,24.585462601398408,24.00481634253027,17.3980342178759,24.530714924859073,28.37903331417754,25.092689472457565,28.181041357945894,-3.088351885488329,28.75414064588278,29.457146339224643,29.071171364109865,-0.7030056933418614
2042-04-16 00:00:00,28.363373488288804,28.06617220433119,27.827319209739308,27.900195402547414,21.73914931838053,20.658431463370125,24.686149170898826,24.02375944708291,16.265559817070876,24.70097606143829,28.46827373420534,25.11521901755162,28.153776184741282,-3.038557167189662,29.685413739505055,29.42046403482322,29.726764361251732,0.2649497046818361
2042-05-16 12:00:00,27.628696042140355,27.451060774724866,27.985494844571548,28.416548121307734,22.054953988694038,20.731962201093957,24.757354258586002,24.16617729315211,14.000883191672308,24.84994321822662,27.938299335450626,25.33983431044855,27.605316433809197,-2.2654821233606484,29.77372274963609,29.16721967876736,29.440209434278522,0.6065030708687296
2042-06-16 00:00:00,26.21380669981428,26.04465539409347,26.925871045622557,28.218324823314976,22.78948697717228,21.48014187263459,25.209787945741603,24.79959664932986,12.316179997476844,25.338207931413027,27.152222228963005,25.96897828926393,26.597168059895786,-0.628189770631856,28.748478337058806,29.210198726613456,28.44449865756785,-0.46172038955464956
2042-07-16 12:00:00,24.0493947667971,24.187883657871957,25.53031515575959,27.36919218373149,23.629780915757568,22.399773937582758,25.700654296285656,25.481806118435056,10.91812489408069,25.812822951369228,26.22818583814769,26.49159959826641,25.33873639440849,1.1528632038579225,27.993352627405297,29.003294669510737,27.744578184948434,-1.0099420421054397
2042-08-16 12:00:00,24.654529717272965,23.557246029052806,23.75418761390615,26.06538287538402,24.31113117064837,23.089739362939817,26.180709173608875,25.952841712900845,10.863663299083328,26.208163105298873,25.82913974061197,26.762870641027863,24.57694467843534,2.185925962592524,27.789359065813233,28.772818771794867,27.631874271912206,-0.9834597059816339
2042-09-16 00:00:00,24.572201130161886,23.836580770431073,23.464663288995855,25.644382948383086,24.767790727447835,23.627659989974823,26.78561818473433,26.768115325418165,11.134603670778375,26.72185955251283,25.883116099212288,27.381101770052418,24.56981690704832,2.811284863004097,28.047584101966653,29.026865376654463,27.907224071366453,-0.9792812746878106
2042-10-16 12:00:00,25.659466138553515,25.07681028735097,24.238371236984143,25.44545035673148,24.608413333458223,23.495091052312016,26.781158376622344,26.737267616407,11.625449258545997,26.750340788560205,26.39921367096402,27.440508788216842,25.23351471988747,2.2069940683293723,28.458291224668596,29.18040784921636,28.39913156821752,-0.7221166245477626
2042-11-16 00:00:00,26.007182966641814,25.412868550952975,24.66221546083486,25.667291766733783,23.862735134685515,22.843811414488904,26.252673168673898,26.07149607001349,12.99393106597723,26.19679448106594,26.955074885949454,26.864990928709208,25.935499829857882,0.9294910988513259,28.896903326480874,29.063801262441896,29.12990494432098,-0.1668979359610212
2042-12-16 12:00:00,26.29769918976947,26.154564571570983,25.32926498541212,26.213261265376875,22.943754852644073,22.130668439096652,25.575037262354453,25.375281876822047,15.517344516572829,25.545457635031298,27.40356278186038,26.190401541097604,26.806915251296033,-0.6165137101984293,28.568623803238825,29.231335734006134,28.950134711960075,-0.6627119307673084
2043-01-16 12:00:00,27.150247200188755,26.9147592837394,26.35326604703201,26.606059687101222,22.084052614207906,21.234213139850837,24.81241131570604,24.585022233905725,17.410014494640414,24.834924813605056,27.66580438828047,25.489728126595168,27.532676135404394,-2.0429480088092262,27.943615223372706,29.15121054025859,28.410396368772666,-1.2075953168858824
2043-02-15 00:00:00,27.779513163129458,26.90271047643286,26.76771823462877,27.23687573709775,21.662784884894034,20.902095764806493,24.63638176310843,24.23878283239794,17.51551499012416,24.65903311409919,27.92429876072349,25.238702939689233,28.06925595400812,-2.8305530143188875,28.11805790918484,29.03685607652308,28.529602027225543,-0.9187981673382382
2043-03-16 12:00:00,28.124435224906637,27.62971752334739,27.49887920851145,27.81598823102308,21.720035885859545,21.055294282366535,24.76573750965929,24.2854842934443,17.04658984774479,24.80021618184697,28.233749602961744,25.30329963148528,28.18612305261586,-2.8828234211305777,28.922673446412627,29.084655004964215,29.24579900539799,-0.16198155855158802
2043-04-16 00:00:00,28.24034980519591,28.03202851302438,27.706564407138814,28.238118673993174,21.97558492331509,21.285454854315024,25.10725501094147,24.50715593482726,15.924981532189074,25.061564119724046,28.333729444651503,25.574813124823187,28.052838360730906,-2.478025235907719,29.74044722355986,29.250181254951514,29.871078819999635,0.4902659686083446
2043-05-16 12:00:00,28.190374364738908,28.275949179073343,28.256835150786127,28.517543591049833,22.511330222602314,21.49215062870752,25.61519008979023,24.9700523419588,14.260242888257864,25.523001115048046,27.940153889789908,26.02838571209787,27.319559669120334,-1.2911739570224654,29.82310562521657,29.268119883917173,29.453961579132468,0.5549857412993973
2043-06-16 00:00:00,27.137606249122037,27.427120312682312,28.268316602351778,28.730867770252985,23.050531890923168,21.815452049595997,26.098699678357132,25.590647165748553,12.548767674270936,26.015979385704124,27.234213357168443,26.667216118949117,26.30285933068858,0.36435678826053675,29.034921025445676,29.22456371162364,28.553666734270177,-0.1896426861779652
2043-07-16 12:00:00,26.554775056822645,26.255128016655707,27.217361518883646,28.321305949307167,23.71527830913401,22.562469976271526,26.44324254668709,26.114224279037376,11.55493907989919,26.308632990416466,26.5329660204646,27.004220947647273,25.199863999609907,1.8043569480373662,28.257789809944814,28.714470362732502,27.937449446299734,-0.45668055278768804
2043-08-16 12:00:00,25.518009481657966,24.68090178469725,25.09071360120333,27.356489757485758,24.538070275101486,23.402572068264046,26.896108964834756,26.690108326106785,10.862809235213899,26.663654435903943,26.042135861693904,27.316374767094604,24.338770257896545,2.977604509198059,28.128075045597157,28.206657308942415,27.962434517256032,-0.07858226334525753
2043-09-16 00:00:00,25.147511443174295,24.568498117720104,24.040026154996397,25.86265747356972,25.139705541647235,24.085588260102135,27.45001505609226,27.453663635898916,10.530587981373928,27.21014390066439,26.038491721146322,27.94965501937123,24.304862046971234,3.6447929723999977,28.268003524969878,28.4346987528258,28.195419794399953,-0.1666952278559215
2043-10-16 12:00:00,26.095587527932686,25.549694025079084,24.88189478125157,25.538050297389727,25.147041236377948,24.09853812277637,27.34059840804206,27.32612244670665,11.257787467234225,27.232552021571433,26.540308436524505,27.940261758333342,24.981435344846012,2.95882641348733,28.55552665613411,28.998194544736723,28.57547483476265,-0.44266788860261386
2043-11-16 00:00:00,26.14417669756814,26.555521008191825,26.016074959536127,26.086139474107274,24.506774163811034,23.595329932679654,26.844312501219626,26.57122373814035,13.234003632807037,26.759828582151997,27.160787379404454,27.290595578681323,25.957999880858658,1.332595697822665,28.68301636566207,29.146388763751006,28.713302976508718,-0.4633723980889357
2043-12-16 12:00:00,27.059644657508656,27.18300652305361,26.455288646137937,26.699965494282587,23.514637463252893,22.89922866909579,26.22226286354427,25.876818951429183,14.859522590216253,26.12132137748817,27.648812303877545,26.613665583215436,26.63047537918924,-0.01680979597380272,28.564921717396093,29.275969074195913,28.741160032372743,-0.7110473567998206
2044-01-16 12:00:00,27.773318789936603,27.6589570912904,27.491967506067347,27.714474977904683,22.593474550929873,21.950095589126047,25.47313233932071,25.031102242286448,15.685800272241789,25.37429944864602,28.083927993127944,25.8739525573718,27.21028680755129,-1.3363342501794904,27.99060541630087,29.312629619443005,28.385650990879853,-1.322024203142135
2044-02-15 00:00:00,28.39600996522358,28.113064536711647,28.254639294367202,28.372075062154217,22.082337706491362,21.47946324896476,25.165874120449686,24.603868913071345,16.771908093203916,25.100349919274294,28.45360113816529,25.526609427330573,27.72614100207881,-2.199531574748235,28.32969033138386,29.34210516828785,28.79197238396198,-1.012414836903993
2044-03-16 12:00:00,28.7589248953361,28.062742180935672,28.28424948885187,28.7920009761961,21.877536546504288,21.21178388146303,25.081527623008963,24.40327277051636,16.89496564634366,25.029788435911783,28.638368982215308,25.395144141602756,28.041680762640905,-2.6465366210381482,28.97804223658448,29.566139735181505,29.30591591638861,-0.5880974985970262
2044-04-16 00:00:00,28.89110647744875,28.505309050507442,28.408351744289405,28.95433008131312,21.91069162249244,21.175185042056764,25.242460083818035,24.586154199246483,15.933171514421138,25.20961768977547,28.608280133032512,25.641351094112352,27.818172259723355,-2.1768211656110026,29.64352582325077,29.444365897845348,29.785771495534426,0.1991599254054215
2044-05-16 12:00:00,28.13001761031808,28.598408690181206,28.89362505052522,29.03435872481857,22.423369096114616,21.333054919118048,25.5136895670435,24.808497398434415,14.40795876419886,25.500264578296626,28.105150313331514,25.977946362111247,27.226526290282866,-1.248579928171619,29.75947664996176,29.55941041478489,29.438742220012696,0.2000662351768696
2044-06-16 00:00:00,26.97896044157585,27.57052535813574,28.100317676909203,28.709108081118313,23.232577571243453,21.982661695375178,26.142111931787444,25.797334477478326,12.455346497251544,26.146788211292485,27.35513711350076,26.84736786614737,26.045663835035846,0.8017040311115231,29.20851391247316,29.305179085363232,28.892279512951834,-0.09666517289007359
2044-07-16 12:00:00,26.599040836835094,26.04599558348542,26.796272174342583,28.217242519102868,23.87452894396734,22.73603032130023,26.712830322987738,26.646051791984025,11.012038970820356,26.55299399217182,26.63908320785381,27.359256300756787,25.05442635935906,2.3048299413977276,28.50526942966883,29.013237655898518,28.227879376463832,-0.5079682262296892
2044-08-16 12:00:00,24.554362518958172,24.455621969057564,25.18597892952983,27.20157112415013,24.52164649932759,23.341328842037104,27.03520979822329,26.93420649773516,10.549754603698771,26.816028631974703,26.063980943708486,27.51696976511434,24.23851532873834,3.2784544363759984,28.29131391315597,28.661677492967918,28.012128303242807,-0.3703635798119471
2044-09-16 00:00:00,25.46340435836835,24.62797765956378,24.41275192495755,26.338831149316896,24.841672641973457,23.5850550015754,27.259460150676954,27.232280150464465,10.84895719756709,27.047734969654833,26.130194648268713,27.802165612373344,24.288459551268406,3.513706061104937,28.405406016425644,28.381407747741438,28.17932692068634,0.02399826868420618
2044-10-16 12:00:00,26.246022889195405,25.403246609468365,24.75817432992143,26.120422445494267,24.69434079196599,23.405307120792965,27.145841845421533,27.141194276227232,12.034486803907518,27.042283470982884,26.58340605108892,27.80594442048482,24.894870881580392,2.9110735389044287,28.65316021327005,28.86529154359601,28.485959550841475,-0.21213133032595977
2044-11-16 00:00:00,26.561047693994666,25.93970559638636,25.204587362273408,26.261518959423803,23.890522113472798,22.73691195564256,26.562172541868524,26.361911138937398,13.657107301320204,26.46285065838994,27.11116166945439,27.089198439674316,25.51443516109268,1.574763278581635,28.664356099802195,29.265139256389947,28.660388901386348,-0.6007831565877524
2044-12-16 12:00:00,26.85604132440817,25.754061960352423,25.44287867098618,26.175222403198763,22.704324876061662,21.65989948753691,25.703594016922683,25.398835572235647,15.185153928559709,25.588470946296795,27.561928922229985,26.275348451852135,26.303085479359666,-0.0277370275075306,28.740099064133812,29.264118028191408,29.08428982434859,-0.5240189640575963
2045-01-16 12:00:00,27.15978442034183,26.31768053173989,25.610815973943307,26.22680659537114,21.79562461731982,20.55051218658151,24.98018225966595,24.439831865199967,16.61713893632213,24.86028731708513,27.81108534125243,25.456223746257148,27.124387664558956,-1.6681639183018078,28.229437843238554,29.377173601532224,28.74083697912389,-1.1477357582936705
2045-02-15 00:00:00,27.70638521313529,27.12719373058299,26.503019735236887,26.658047064824448,21.415494760340938,20.240560936545545,24.637512393363057,24.076136722456184,16.990426487902884,24.58511339930777,28.15484757047226,25.1868992639675,27.787799336937322,-2.6009000729698215,28.358761974254758,29.547297795856945,28.871452987136646,-1.188535821602187
2045-03-16 12:00:00,28.406322350424777,27.5543549317318,27.49594870817305,27.503403284219715,21.519617755423788,20.646857830464178,24.85425148344889,24.249615958250608,16.718996710945547,24.830899814164603,28.450165894669148,25.36957709258116,28.011734023714205,-2.6421569311330444,28.98702352495823,29.403284150787666,29.35669544818483,-0.41626062582943746
2045-04-16 00:00:00,28.608005550152527,27.98958200686476,28.155721588275398,28.40953618630243,21.920348984747864,21.11684124681429,25.056516534395648,24.54094233151458,15.533167650653873,25.108966605544413,28.47808549534686,25.639356008662755,27.84844118960448,-2.209085180941724,29.446310725027068,29.331284705874886,29.477499044421396,0.11502601915218236
2045-05-16 12:00:00,27.513748652724754,27.80347644406845,28.448582950887346,28.835134112914627,22.403862793235515,21.338905784484574,25.278155042790186,24.705096086742657,14.149819327262412,25.322071376950397,27.99648036599624,25.864472747013487,27.148547814169024,-1.2840750671555377,29.69974369133671,29.238182073896933,29.46081730007204,0.4615616174397772
2045-06-16 00:00:00,25.94999550332922,26.48259229064422,27.674045777150557,28.57519556236069,23.134180027690846,21.98438552024244,25.72211967355886,25.45541575469467,12.804340590748543,25.82819950104226,27.14477738942238,26.59485625843025,26.161880678745867,0.4329755796843848,28.92486237327506,29.211875839329537,28.516356147181625,-0.287013466054475
2045-07-16 12:00:00,25.5832799612098,24.87351664181595,25.874267906913875,27.731024142116222,23.91848675802716,22.88516003596164,26.291988410609257,26.18086571995622,11.375421375293204,26.298563917691922,26.345937415414657,27.06644589810675,25.21619386257992,1.8502520355268288,28.181584799019195,28.844877642233012,27.793047724407092,-0.6632928432138172
2045-08-16 12:00:00,24.918658867831237,24.2052076969953,24.35020107809234,26.386643551033398,24.503356758060963,23.502370500108803,26.76971025596594,26.7362011453991,10.837803589051159,26.682965579939825,25.893744950227074,27.374182993521504,24.64930672432369,2.7248762691978143,28.05878761183885,28.278825600933505,27.66418672125904,-0.22003798909465644
2045-09-16 00:00:00,24.58807526373353,23.736082542518254,23.508019650261495,25.531574273134588,24.664282621506004,23.672903536247652,27.09827337566961,27.219678034882744,11.365861949174572,26.977922306105587,25.816233972425348,27.73780685819982,24.685245778190776,3.0525610800090455,28.16785590655189,28.198143488842092,27.8578755077078,-0.03028758229020312
2045-10-16 12:00:00,25.178373221412432,24.058083601432205,23.971118313671674,25.56761562962478,24.544893844071318,23.447543197149706,26.93856848443028,26.9447340168084,12.198819631286165,26.880114901694256,26.22568314934922,27.596983357390553,25.543373794157393,2.0536095632331595,28.545609458831716,28.80313872812568,28.26212315005485,-0.2575292692939648
2045-11-16 00:00:00,25.923946917154357,25.063687759011557,24.907551859503624,25.79207929538806,23.90589633209853,22.88588058020114,26.263368463119043,26.021594197307934,14.375355229167829,26.19386079185482,26.809986362542546,26.800217525928513,26.26452716048343,0.5356903654450846,28.610076025739403,29.01522005873719,28.69873813873894,-0.4051440329977858
2045-12-16 12:00:00,26.311262410422138,25.344998987838228,24.594936861586007,25.689813422873556,23.07475937367594,22.003332423181615,25.60361723215618,25.21237189423487,16.553074610691652,25.52109617048969,27.248497907409035,26.10685496868675,26.83407457651615,-0.7272196078294009,28.42625864301755,29.1404477325237,28.80381763764147,-0.7141890895061493
2046-01-16 12:00:00,26.975531377229988,25.685536494070604,25.318356292326538,26.677315702053622,22.409158776718723,21.54999176193093,25.07708096141031,24.79169320014919,17.507104800808484,25.10554956169337,27.644783400239078,25.678799896899164,27.495127842838034,-1.8163279459388697,28.627085848499465,29.31105523365424,29.062936659540135,-0.683969385154775
2046-02-15 00:00:00,27.793872880431554,27.41220595788441,27.006442137470025,27.23111041953122,21.930508100167568,21.253662220521665,24.88419340268267,24.55602158789166,17.372632947564753,24.928772132668602,28.120646799009393,25.45157224985095,27.82027235606632,-2.3687001062153676,28.58650050883065,29.37687917816162,29.009596197588664,-0.7903786693309698
2046-03-16 12:00:00,28.149803370945584,27.959591350386006,27.878995444688563,28.076614930068928,21.761312403222277,20.98575909991472,24.96573853930608,24.61956121554365,17.34216995488191,24.981749224135534,28.45870343429653,25.55519271908848,27.89948305985255,-2.3442903407640685,28.962764584132493,29.50889027939709,29.230260881365922,-0.5461256952645961
2046-04-16 00:00:00,28.348524907765945,28.471763450284968,28.33733559072508,28.52464579214013,22.114468263141646,21.257082071189974,25.29626677761377,24.882920653245904,15.488287474003217,25.316392452061194,28.484162168437432,25.88360981630933,27.80720772688805,-1.9235979105787173,29.569756533280263,29.80067674283514,29.525016513818933,-0.2309202095548777
2046-05-16 12:00:00,27.418667249939677,27.905204949233344,28.430181454275704,28.871862977742392,22.736582303366863,21.679001067291946,25.62421873893527,25.22037326713914,14.011019367096692,25.716100995727686,28.035464250948458,26.310058875404675,27.190198829039566,-0.8801399536348917,29.67812352068701,29.536132922436714,29.24945682671383,0.14199059825029536
2046-06-16 00:00:00,26.9530097007221,26.866642522099166,27.300074079653324,28.273448548574247,23.262409467834555,22.00628916873043,26.078280972271934,25.86566583478108,12.48474971674339,26.1844089161808,27.289763388806552,26.93424892482081,26.41491674160982,0.5193321832109916,28.679826322481677,29.31820826017409,28.50095603159985,-0.6383819376924116
2046-07-16 12:00:00,26.255375280282205,25.524018377537594,25.914871217668086,27.669828361906855,23.84316534672689,22.683676526132214,26.429594307948516,26.245105402580357,11.335855981208287,26.39375033044104,26.56261390905333,27.08446393562538,25.45329668338651,1.6311672522388676,27.87739041082722,29.03028803707726,27.803329236487663,-1.1528976262500379
2046-08-16 12:00:00,25.094258511991267,24.12213844349248,24.28050819021652,26.700494612422247,24.565552488435838,23.39011345564499,26.88425015556797,26.78397091089061,11.013351339643513,26.71963709791716,26.058531615630514,27.33896920674245,24.683605186710448,2.6553640200320032,27.63578555155308,28.837054619239645,27.45318521591604,-1.2012690676865638
2046-09-16 00:00:00,25.67024296315992,24.84252671933038,24.287570898398208,25.902448091658513,24.924827285571965,23.702599074352758,27.337192234514553,27.3433596535535,11.31214891940629,27.154739238301218,26.196687227527658,27.86405844234034,24.784707778594015,3.0793506637463253,28.00179634259927,28.955248667904264,27.901354621944236,-0.953452325304994
2046-10-16 12:00:00,25.50648292011289,25.452656889078025,24.738091457200138,25.60930154663516,24.77510046746584,23.44648578797369,27.231466578703465,27.135583933758273,12.331666745040309,27.10948271214071,26.569593133272914,27.764459414065385,25.41181713992101,2.352642274144376,28.480300304943874,29.1434430484312,28.390343996334565,-0.6631427434873274
2046-11-16 00:00:00,26.041351783931564,25.98812161081001,25.539993958145526,26.070276844148825,24.116587099667296,22.89438606949845,26.69253455483316,26.49233733804026,13.958754544499131,26.596929262978808,27.13494478097695,27.231618569523363,26.37643022569866,0.8551883438247039,28.64134564354899,29.23068253827949,28.659070679714194,-0.5893368947304971
2046-12-16 12:00:00,26.719427026552697,26.709499167619303,25.92870583807521,26.557552606814234,23.05475409768796,21.821852105258348,25.982744027840454,25.709968689903803,15.079025793359255,25.87565270056928,27.676094978266747,26.576719114377596,27.185998181215666,-0.6092790668380701,28.466565822234138,29.36465714689648,28.751727133845467,-0.8980913246623423
2047-01-16 12:00:00,27.556811574662436,27.58779587260022,26.985477891229117,26.914854414677034,22.07983928631129,20.943167793492975,25.232673867957658,24.914608754439016,16.442994360967003,25.180807041498156,28.116245263478046,25.862898169683803,27.862009601411202,-1.9991114317273997,28.252020051930238,29.42811085526057,28.726839399939745,-1.1760908033303323
2047-02-15 00:00:00,28.084077440044478,27.581611510175122,27.691004626474655,27.83913709176424,21.618394175306985,20.502109340670913,24.784820959802975,24.412701174288934,17.711455408766255,24.789248091697676,28.581736064778323,25.41654133747109,28.371729832555182,-2.9551884950840908,28.461446902074783,29.533970603573636,29.053691458192798,-1.0725237014988522
2047-03-16 12:00:00,28.617078158685555,27.41716463654386,27.387343666997797,27.897690226228992,21.349789276744264,20.30857853129314,24.525886372425592,24.07382503301933,18.015203100182735,24.560579149288767,28.803126100731,25.178619855228753,28.585788033109566,-3.4071681778808127,29.215269381645044,29.69190616551242,29.61734987521839,-0.4766367838673773
2047-04-16 00:00:00,28.639849564201786,27.74092502480081,27.51737393428427,28.14710130050047,21.56753101552586,20.427011751187848,24.551516406279152,24.00082188541755,17.400071846352404,24.605027839212486,28.68312203793215,25.171577736645105,28.474649739376265,-3.3030720027311595,29.86148845445843,29.626807537873287,29.980375207410482,0.23468091658514467
2047-05-16 12:00:00,26.92650702502426,27.51500583133132,27.786552104465756,28.4182911240534,22.33207549332208,21.141251112383245,24.966207298114707,24.54915504473818,15.23547434632665,25.127104249015723,28.1004016425159,25.74001041885317,27.73299487757752,-1.9929844587243508,29.894394829072066,29.29794194987344,29.634337134993235,0.5964528791986261
2047-06-16 00:00:00,25.591615991812382,25.730065606558966,26.909319785851924,28.359886567667907,23.18529251466741,21.910321739071573,25.386063156160493,25.07681851854236,13.348503792490718,25.58076227794558,27.210118015222555,26.215223249022518,26.680281937237883,-0.46505868821536467,28.9728594738823,29.090073956632853,28.576020145716083,-0.1172144827505548
2047-07-16 12:00:00,25.03243422891541,24.549941421139852,25.596040431599775,27.496610106807488,24.06548375638137,22.769281945388492,25.83303731999378,25.590969040714494,12.393935750789426,26.01023894639655,26.43710869415565,26.622690872535564,25.71813943343375,0.9045514391018159,28.31382359394463,28.630151006185947,28.08202810147379,-0.3163274122413178
2047-08-16 12:00:00,24.53572298641341,23.805300908046178,24.185105252377003,26.444873618143298,24.822675133090907,23.491789755756457,26.361330760338717,26.179531800073,12.023381090087483,26.45066585334968,25.96980524887347,27.031873350846556,24.90740050932306,2.1244728415234952,28.217319915148057,28.183209058290032,27.982371788779925,0.03411085685802462
2047-09-16 00:00:00,24.65015724878229,23.711882470372277,23.494133876677054,25.523889320256156,24.941673078033205,23.599509400827788,26.910860604540368,26.901656101869335,11.906018667805888,26.875751413116397,25.91792561957852,27.53964305176292,24.831576623133646,2.708066428629273,28.336643653266762,28.311560461051037,28.116972619331655,0.025083192215724637
2047-10-16 12:00:00,25.616627525371676,24.78669521176835,24.17719088127734,25.591422335566843,24.5566619292637,23.17696635482972,26.79213385548812,26.75359283622825,12.779467064607115,26.74471247521421,26.440243390191473,27.447313011923434,25.268963151452677,2.1783498604707567,28.764021450215317,28.761056629299286,28.650166442507636,0.002964820916030675
2047-11-16 00:00:00,25.72450962503733,25.314437446367315,24.855755665713446,25.705118733405136,23.660635172175574,22.37754053887403,26.158016947030593,25.881092203350818,13.97868950402471,26.081992885593124,26.97770084009834,26.681923951166787,26.020357553277062,0.6615663978897253,28.752844815448587,29.21819788584792,28.79455284756278,-0.4653530703993347
2047-12-16 12:00:00,26.440618926564255,25.94193210059995,25.008326168465132,25.846025559293363,22.86292446626123,21.65657771889867,25.408550414004313,25.05733033476233,16.059763316411797,25.322901391372426,27.428041479065033,25.918722458138788,26.52491072436971,-0.606188266230923,28.51921872614218,29.193059078879703,28.80458008816073,-0.6738403527375212
2048-01-16 12:00:00,27.02606819295017,26.545255835605417,26.110134590220717,26.626112000462058,21.924855967224893,20.595583240897987,24.562477812012744,24.15336991226081,17.560037114881958,24.566998289015157,27.82757761883386,25.192215692771132,27.247755429554694,-2.0555397367835617,28.370825508688004,29.16606867843711,28.88017942954959,-0.7952431697491065
2048-02-15 00:00:00,27.93477174400391,26.426312681006213,26.804077171769695,27.189771601350042,21.34039015687786,19.9784282158989,24.14547131915395,23.705960918280628,17.55638374590125,24.20709756117154,28.255608137792866,24.86314319202799,27.76312622636773,-2.8999830343397406,28.41917831168956,29.542015600810224,29.047072300404057,-1.122837289120664
2048-03-16 12:00:00,28.495678345367,26.588366143967544,27.036682640261592,27.476232877948576,21.17615362160987,20.031275668863657,24.20351894372982,23.784900411985564,17.624246780202323,24.28961839071751,28.52957040668642,24.921478410000166,28.095566170220614,-3.1740877602204485,28.898266056350337,29.82589419382734,29.31763172570718,-0.9276281374770043
2048-04-16 00:00:00,28.14912074758504,27.532027922044563,27.50334353385416,27.806003412012192,21.831989261942372,20.86315717434687,24.832812595699423,24.391322128898356,16.476132329064022,24.916095106878288,28.47556030300338,25.453890897093295,27.950669662557402,-2.496778765464107,29.595289238458225,29.877004121702473,29.70940321614708,-0.2817148832442484
2048-05-16 12:00:00,27.876610446414123,27.745609769783506,28.19507573976444,28.379106345315797,22.63634155231271,21.34867031215538,25.114880905169592,24.693843990218536,14.505867742855626,25.258087527808144,28.013293945095384,25.784550242937616,27.13640458484944,-1.3518543419118245,29.563379058623536,29.37338895739871,29.34737726393432,0.18999010122482574
2048-06-16 00:00:00,26.079211731750252,26.059237801244542,27.37316986622252,28.628196328543773,23.298149692470993,21.916687992665143,25.506391697008603,25.213488413877176,12.773113838014305,25.694097859969023,27.283083688186647,26.336775823621007,26.150778244587677,0.18599757903333014,28.765698241254974,29.425032583203286,28.62586696715691,-0.6593343419483126
2048-07-16 12:00:00,25.107365191892555,24.947047408473022,26.064957372983436,27.931630380960854,24.065204346900437,22.677687856944804,25.955232253978718,25.815261752983965,11.564930185159271,26.098514448828258,26.526997271945476,26.776119624585508,25.18365951457466,1.5924601100108475,28.17548597436204,29.143487796403154,27.997661949784636,-0.9680018220411135
2048-08-16 12:00:00,23.99613657736312,23.99477381322011,24.6444711314219,26.847084558669142,24.692668740991667,23.341457264922155,26.28539922939394,26.115825252845656,11.506926360244394,26.377159144312863,26.079346156314493,26.92905952148632,24.28210576080447,2.64695376068185,28.10290644711481,29.005042748080125,27.931374918030198,-0.9021363009653172
2048-09-16 00:00:00,24.05365073364579,23.521607664206417,23.756803592412204,26.03354325348589,24.94329150701147,23.618783063878183,26.807429387544097,26.7165383668358,12.059362772103999,26.78712273381112,26.03078301112665,27.385727241544856,24.1405772620925,3.245149979452357,28.32397375976516,29.08889875662941,28.08453553748172,-0.7649249968642486
2048-10-16 12:00:00,25.08783964921811,24.260597786452546,24.007892971348983,25.683171785810607,24.700090000716596,23.534302504226023,26.838423620028017,26.93752533047334,12.667291766111619,26.8454599527902,26.47832261152989,27.631581913307798,24.821737794962267,2.8098441183455307,28.635214355699944,29.34916405014084,28.626136596670577,-0.7139496944408954
2048-11-16 00:00:00,26.084886757863057,25.345588033828573,24.584063843457518,25.537935762157993,24.19670107537829,23.148218618732763,26.344220450208834,26.25922305062494,14.046457793096554,26.32218844077929,27.052122187874495,26.98243581227005,25.569994013098214,1.4124417991718374,28.933639167224964,29.35372659591949,29.06123122256248,-0.42008742869452576
2048-12-16 12:00:00,26.529610315797655,25.948147202238765,25.17879427972483,26.119311569365795,23.23837622675354,22.33933894971812,25.751615962392115,25.417002179058265,15.798282666547255,25.662758305485646,27.451066600958,26.20875562505592,26.367974759038074,-0.15921913398215182,28.39992004480034,29.24643031649878,28.763480125862863,-0.8465102716984418
2049-01-16 12:00:00,27.098908522897595,26.369942926039986,25.920156894654585,26.809041266530308,22.47774717287225,21.621125372757213,25.14916052072872,24.738187182415473,17.034942270893232,25.099658675169856,27.862155150182467,25.606537167610952,27.1012418443253,-1.494704676714349,28.182822089887843,29.315722601845476,28.655049975320253,-1.132900511957633
2049-02-15 00:00:00,27.469167702834955,27.099709129272888,26.955703325656973,27.371240036185817,21.804826298747887,21.03450403950494,24.761096965409024,24.35966001244982,17.273612695888012,24.761901280205326,28.28299016395495,25.328883306986327,27.66832198296176,-2.3394386759754333,28.47093021235384,29.373030948025484,28.935899368352562,-0.9021007356716453
2049-03-16 12:00:00,28.088332789153334,27.647988193852207,27.360414159459904,27.841575267344062,21.69824734539756,20.953273151615857,24.852024915422028,24.455481670784454,17.504996959311196,24.866410506990505,28.57148034000216,25.428037438683045,28.042132295112527,-2.6140948564294817,29.077548872936777,29.409742806555126,29.486618561675446,-0.33219393361834904
2049-04-16 00:00:00,28.55417128775676,28.351711883177277,28.168574135653778,28.4901681994934,22.035273017461922,21.212099135900452,25.16816000303345,24.72552007879202,16.514812855679505,25.19934952054774,28.58357494011343,25.74646515360266,27.92526180835502,-2.178796654752361,29.566869040310767,29.67345674732592,29.841110971133812,-0.10658770701515152
2049-05-16 12:00:00,28.55441078843881,28.33671508368309,28.762705842439726,28.96679849333629,22.71534718590408,21.714561648441734,25.521074510070566,25.039807124721428,14.999054891668763,25.60379614557506,28.134811257443918,26.132386081815103,27.300176146597966,-1.1677900647828636,29.710358579329025,29.555907597475493,29.465764523071403,0.15445098185353245
2049-06-16 00:00:00,27.281573711167002,27.09240462800275,28.091132012454022,28.9545747078388,23.54809404762667,22.457951238238334,26.106390627420172,25.787469318103298,13.480697026325272,26.132615569375233,27.376654083527853,26.739625833358875,26.25021789124511,0.4894079421137647,29.17690426168051,29.371396274317142,28.815662779996384,-0.1944920126366334
2049-07-16 12:00:00,25.723836294034392,25.515134586012262,26.67018937881595,28.420876959872345,24.249443391040998,23.100057330717153,26.53325483636517,26.323002035017158,12.258195955453683,26.51250735598157,26.65567388377607,27.18839961354431,25.165872242556578,2.0225273709877314,28.40803823900799,28.991156783669304,28.20564199437901,-0.5831185446613141
2049-08-16 12:00:00,24.61422879367031,24.326024433318207,25.05187936560811,27.45612808884826,24.8393195154941,23.612693456938047,26.854741434588213,26.65033136347414,11.72148135259108,26.78975486157103,26.187615136470846,27.371008320073066,24.490156624364978,2.8808516957080883,28.331397905668133,28.66896416981881,28.081605755023343,-0.33756626415067714
2049-09-16 00:00:00,24.92545347839535,24.376526264511014,24.028736256639622,26.170169441586754,25.02146309490722,23.759023281577424,27.119142863124534,27.099943035610806,11.87395560654736,27.033629310526408,26.224303664875272,27.691156710710267,24.15737127607291,3.5337854346373554,28.595620005622976,28.768708745217534,28.482689588550485,-0.17308873959455795
2049-10-16 12:00:00,25.88404341520642,25.586319461899635,24.795106388220248,25.707608011935566,24.955708128224412,23.72171708749445,27.153071868885906,27.200397437387398,12.970875309876087,27.067952393576668,26.61861791384657,27.830518658663625,24.601482862716967,3.2290357959466576,29.01923720355821,28.970858080954624,28.850281834078658,0.04837912260358479
2049-11-16 00:00:00,26.615564126892263,25.818185125988247,24.986543623868982,25.884832433762863,24.256446225730222,23.145733434809973,26.595151765877507,26.425403778325617,14.648666872544961,26.513227554597417,27.133387611094946,27.145629694495018,25.285300811861365,1.8603288826336524,28.860946377872445,29.30981863309853,28.834716699079113,-0.4488722552260853
2049-12-16 12:00:00,26.83962581880052,26.12453681801996,25.33490133338666,26.26992959812673,23.381977233681287,22.283817937555447,25.820402599769935,25.505828859714256,16.921987968333685,25.706588255490374,27.548453887430384,26.253066006584362,26.22258805430026,0.03047795228410166,28.508694274774175,29.330701801290957,28.65420771176007,-0.8220075265167814
2050-01-16 12:00:00,27.66269414678204,26.923102650309968,26.348402525157116,27.060037399131566,22.414222059281602,21.27660521152218,25.073003801103315,24.69813371306195,18.33389072528252,25.016190817369484,28.057463600263972,25.587436385555407,27.046086927808112,-1.4586505422527054,28.302944332493592,29.240881005447015,28.64819784669774,-0.9379366729534233
2050-02-15 00:00:00,28.363057923819813,27.388988005893697,27.33874147978704,27.78620477931526,21.868596267788067,20.727076713311195,24.684817082064587,24.29895636947217,19.12864889232025,24.719134080985818,28.482583243935956,25.32132141203869,27.77601998684746,-2.45469857480877,28.67994612240643,29.14875406276042,29.172953830483674,-0.4688079403539902
2050-03-16 12:00:00,28.673944177543124,27.91654644818757,27.65971578119743,28.0413055303322,21.637525443030114,20.376923597012382,24.567780183163297,24.030357584918043,17.751499830431634,24.646383854013195,28.777078645559385,25.188336449211754,28.137422934535042,-2.9490864853232885,29.04072796759735,29.60542489551478,29.34593957116125,-0.5646969279174314
2050-04-16 00:00:00,28.400900434824873,28.494841076784716,28.417087475835707,28.698861632503643,21.830900428982563,20.462048025226007,24.731512844538486,24.140946423269067,16.22304921687707,24.837570525590603,28.831471406833394,25.417414534942772,27.95769430676806,-2.54027977182529,29.82647698169506,29.75880625669697,29.799483704012825,0.0676707249980879
2050-05-16 12:00:00,27.73584858269127,28.34662577592073,28.829778583718806,29.231786057626312,22.645887654501337,21.251641478969912,25.19456699650457,24.650756247527426,14.769708692427093,25.35071363331699,28.368605210966653,25.946134094831823,27.1656549204856,-1.2195208256537775,30.042995322180115,29.649351053382755,29.8579337820213,0.3936442687973596
2050-06-16 00:00:00,26.250314532071755,26.86937865412317,28.228534794890177,29.197077746200616,23.51550813933715,22.011175346035344,25.722701563477756,25.34729023085702,13.233573167809254,25.93270578700522,27.56693907976503,26.559507219358572,26.130301273307357,0.42920594605121565,29.32783981879091,29.640780209578082,28.934004812996886,-0.3129403907871726
2050-07-16 12:00:00,25.539244502973563,25.488893168574926,26.694976156564543,28.327054345757528,24.080066601710506,22.658135208957788,26.206469260135975,25.975372193539748,12.057379027298351,26.31139544588269,26.748683873880946,26.931416055162376,25.079126570863057,1.8522894842993196,28.62773450621108,29.23790938933989,28.229760589991493,-0.6101748831288099
2050-08-16 12:00:00,25.374193802517972,24.74889460219444,24.919981484558132,26.918173112299826,24.639463937112147,23.39177932939265,26.717333624898565,26.580170505136945,11.51222066375393,26.705431495708435,26.31264886518161,27.310891522347454,24.29645955443474,3.0144319679127136,28.396081188721226,28.90227613630381,28.069651029387327,-0.5061949475825855
2050-09-16 00:00:00,25.999010758638335,25.183376874048328,24.541947924864516,25.775703747233415,24.603503427490363,23.394186473543318,27.081641742474456,27.092165213381946,11.482818637971121,26.984017550377832,26.300734258391515,27.714517333873644,24.390242056091797,3.3242752777818474,28.60798448131331,28.752365603455065,28.323797258647623,-0.14438112214175547
2050-10-16 12:00:00,25.988502337683826,25.34980855057977,24.956874127006017,25.831918487173475,24.636732786222954,23.442392598629876,27.09861118542016,27.089218975027947,12.47277646680564,27.032998142153218,26.695640159297437,27.768237068379687,25.006304623478197,2.7619324449014897,28.955174561199787,29.178800938676066,28.876942947732463,-0.223626377476279
2050-11-16 00:00:00,26.449556871632968,26.13555687032292,25.629120597199947,25.97544613400348,24.21359183743693,23.114973561855702,26.50886422673659,26.35908590365264,14.8285075104356,26.47752128797025,27.316837065092855,27.1163462531442,25.74325930508831,1.3730869480558923,29.171615472305604,29.43068373604035,29.235230553481728,-0.259068263734747
2050-12-16 12:00:00,26.94877360251777,26.691577852907816,26.195571109204298,26.421283574354185,23.33732334684409,22.191853722506302,25.82023695067124,25.588175902000152,15.909739202039475,25.756524567555026,27.78252272220763,26.354674002636283,26.404272438202508,-0.04959843556622445,28.900225601083037,29.400249907767513,29.107425801880694,-0.5000243066844767
