time,nino12,nino3,nino34,nino4,norte,norteleste,centro,centroleste,cbm,tna,tsa,nat,sat,tasi,wtio,setio,swio,dmi
2015-01-16 12:00:00,26.315108648585625,24.997729311353833,24.761563992546595,26.163425070984413,21.052532508995878,20.042031923468613,24.130484525363048,23.74966982521405,16.099626106488515,24.103104908882056,27.18580305176233,24.762368954605268,26.763871089799416,-2.0015021351941478,27.42411131613291,28.776240008010593,27.940110509950955,-1.352128691877681
2015-02-15 00:00:00,27.115520855092257,26.274858068561834,26.17366887571011,26.643127917743694,20.45956422574554,19.58642615669426,23.79105668095535,23.383557278269542,16.557888313391125,23.800318159697007,27.655046367087195,24.430324084894114,27.28842165169324,-2.8580975667991275,27.730754483023414,28.657834316252952,28.31183689256781,-0.9270798332295378
2015-03-16 12:00:00,27.496787594071353,27.189049986383864,27.109916146751686,27.163165623459065,20.31383540292151,19.372275120662273,23.730822979550506,23.216696473978047,17.30419451580435,23.734646679238303,27.954122485996148,24.327334299882043,27.571925464647965,-3.2445911647659216,28.3741712269979,28.65955944703169,28.81583562756013,-0.2853882200337914
2015-04-16 00:00:00,27.909202507230344,27.829791102352882,27.518997665709282,27.37146763036263,20.753522104530834,19.69839498115263,23.978778052428176,23.450556460108054,15.789163750351634,24.019168545837726,28.027808687984354,24.60207305042571,27.54341647311634,-2.9413434226906325,28.881666621688844,28.813307432924834,28.925280158353672,0.06835918876400982
2015-05-16 12:00:00,27.62963081382183,27.698959469808337,27.878940524799972,27.97741992255163,21.33076183964852,20.147603538554595,24.361561952600105,23.93691604050688,13.905952880347396,24.455280395578153,27.59932724351859,25.122801326905513,26.897830911623725,-1.7750295847182116,28.974645100830678,28.638956584154744,28.731322913025373,0.33568851667593336
2015-06-16 00:00:00,26.023305267853672,26.446399243610617,27.549785828850226,28.2896460351658,22.352931713797915,21.036824156936206,24.836576559055885,24.601142420555295,12.037060594707322,25.020415904551683,26.813775420174384,25.79847280784302,26.01280352650282,-0.21433071865980224,28.193330838714054,28.585096514277947,28.032339144530717,-0.3917656755638923
2015-07-16 12:00:00,25.462726756382025,24.733207556065892,25.894516561132505,27.671049987649724,22.861439238976846,21.616476096481826,25.31212105344467,25.191173279889572,10.745904923468794,25.379620907054935,26.050013375801946,26.1382688748665,25.12782859338434,1.0104402814821611,27.543327278588304,28.175487382674103,27.460281140135464,-0.6321601040857985
2015-08-16 12:00:00,24.390233483584794,23.87737160161957,24.347382688897888,26.648676996499063,23.492824208802688,22.31765461798516,25.770952369186922,25.718290600564234,10.446846894480496,25.757110140420068,25.61285940114177,26.483775971934918,24.49914749149497,1.984628480439948,27.299942894689508,27.971990825338587,27.15718379712483,-0.6720479306490788
2015-09-16 00:00:00,24.048527404400676,23.609941200057687,23.681002095132094,25.748386603845265,23.6162714537902,22.349512494326234,25.957052308289587,25.846480372860064,10.371968070719236,25.876516624411124,25.623768972860468,26.60771053443446,24.18714979326965,2.4205607411648096,27.34667362296399,28.197392987236125,27.385744021192846,-0.850719364272134
2015-10-16 12:00:00,24.513273709000273,24.488742503866582,24.236801462524443,25.48832553009779,23.695560987308497,22.557024767600172,26.079586820326533,26.245980484148934,11.178033255397244,26.05409605329839,26.018623897794,26.98768032366422,24.59545738190314,2.39222294176108,27.647633940651374,28.452476331617184,27.73322175813397,-0.8048423909658098
2015-11-16 00:00:00,25.588869844655378,24.97655179949693,24.528789116624104,25.72752635628852,23.089472098052294,22.11812628907096,25.65479538046476,25.62831777253227,12.838400817340272,25.607896036578236,26.557707537098953,26.356140817807695,25.19361780366737,1.1625230141403264,27.931639763378065,28.50147704761567,28.112600491647672,-0.5698372842376038
2015-12-16 12:00:00,25.908560653352023,25.118602890930312,24.766210457373063,25.958977121710628,22.084270052190302,21.076866979123075,24.960811674139403,24.726425495127465,14.976011777969989,24.8574875934837,27.01681715631208,25.527374230025245,26.078579331742002,-0.5512051017167572,27.714946479810877,28.570201643503648,28.06347341803684,-0.855255163692771
2016-01-16 12:00:00,26.270935485925197,25.882968361973322,25.247810866699595,26.242697243041086,21.256687965054077,20.38173144356982,24.282839803410038,24.02604364748198,16.595238522581464,24.239680058363195,27.372498426560522,24.89873319613479,26.864990874442114,-1.9662576783073256,27.38105865498917,28.466140748530304,27.921208243666044,-1.085082093541132
2016-02-15 00:00:00,27.27363168741806,26.93147409529794,26.653045552799355,26.800877281283253,20.837246230790274,20.182884538645023,24.12882840554069,23.848030431965626,16.699501285111232,24.106969029148562,27.768046457210144,24.757542144098416,27.378637359534636,-2.6210952154362204,27.61867884904366,28.59687804641483,28.00138655279964,-0.9781991973711683
2016-03-16 12:00:00,27.492560646320953,27.38254823273987,27.294281761429644,27.422285999617912,20.72679966255963,20.099365791963496,24.13438873731932,23.724095239265946,16.01199297591446,24.12104812903706,28.087114622609274,24.709719047660467,27.740074545920624,-3.030355498260157,28.31699638232619,28.77618138598679,28.62333337276849,-0.4591850036605969
2016-04-16 00:00:00,27.281403708073707,27.62397107749709,27.424852493676866,27.671148293534706,20.886932246171273,20.141843478785738,24.149521139375768,23.689749419170276,15.067670595746371,24.172180138959416,27.975389359296557,24.74782002570908,27.52083962735258,-2.773019601643501,28.913167479834915,28.814429566589475,28.81309601009905,0.09873791324544001
2016-05-16 12:00:00,26.73600719848199,27.2355580978726,27.53518798410313,27.801677590159194,21.505844115149078,20.525025886968102,24.450921262768617,24.006093728590365,13.581253408345841,24.526310715056162,27.498942772072446,25.090410606616086,26.731076866555785,-1.6406662599396995,29.087678021151312,28.705225402388663,28.864131970628204,0.3824526187626489
2016-06-16 00:00:00,25.523845356163754,25.70016250508599,27.082062908863318,28.04028793633282,22.086157588912997,21.022417180813353,24.858272798267354,24.59166033773994,12.056716026753248,24.96268078791569,26.755624369225337,25.659702203331456,25.74854146290114,-0.08883925956968497,28.17859625169839,28.592844547631042,27.810055351628158,-0.41424829593265144
2016-07-16 12:00:00,24.61242949026708,24.269924321532823,25.67583480162484,27.41373298039383,22.76818424691134,21.790443632783045,25.499751235530663,25.452908603683987,10.96061083244547,25.49210129056726,25.965192074031467,26.31438176449838,24.720375356050365,1.5940064084480134,27.509884007786066,28.176550205740845,27.20534028905858,-0.666666197954779
2016-08-16 12:00:00,24.202091078501248,23.50847612769324,24.166379720400293,26.322366789381864,23.455875437459827,22.484126345891525,26.00261278598859,26.03714875154243,10.525036846870886,25.89420279241936,25.509885032601,26.685085498804447,24.08667472501766,2.5984107737867888,27.43385142752684,27.681027022222008,27.232182859372653,-0.24717559469516814
2016-09-16 00:00:00,23.86645603323167,23.41132810973557,23.369334425508907,25.499805012064893,23.671817302450375,22.5906920789632,26.393232632850633,26.513981258968858,10.568002899861654,26.2432938087226,25.53305464131466,27.073407600865906,24.132490750480397,2.940916850385509,27.614801172907587,27.834876856848144,27.62924472845917,-0.2200756839405571
2016-10-16 12:00:00,24.69308699319933,24.323732538745265,23.82142766578556,25.14520336058177,23.582116198199117,22.589756733763984,26.27301849376,26.448019095060904,11.784798049127694,26.21643219340266,25.924302845901288,27.07323087969871,24.68443826290513,2.3887926167935802,27.953470645967787,28.17496811881303,27.958084623350263,-0.22149747284524324
2016-11-16 00:00:00,25.413131169909896,24.834474612232814,24.40100010013112,25.123421140802314,23.016878972581605,21.972727224177465,25.704070677993965,25.65196591891567,12.874324250438276,25.647766706018462,26.448002202314633,26.414681840132747,25.529935456271616,0.8847463838611311,27.964271453112406,28.351181125053596,28.091628021063656,-0.38690967194118997
2016-12-16 12:00:00,25.5229119050207,24.877256670821616,24.36087660496627,25.385777337923756,21.838780696066195,20.798458751592854,24.876542362394755,24.56124836797067,14.769513102095015,24.758391053261963,26.85089800624672,25.48272823958949,26.401415678525133,-0.9186874389356419,27.85832208535707,28.61476844566083,28.230033668366925,-0.7564463603037588
2017-01-16 12:00:00,26.089809282875027,25.584747346953378,25.117096730914323,25.97771154755974,20.910390409034747,19.779946877492236,24.045282426075005,23.532414818792724,15.899277830929806,23.927862417080554,27.222109786172343,24.596903824292383,27.03992028995006,-2.443016465657678,27.591196721044316,28.53106272130461,28.226656248309943,-0.9398660002602952
2017-02-15 00:00:00,26.85453084646518,26.113933671320588,26.20464374379521,26.583815225066108,20.398060091033155,19.520634952439952,23.74007572037131,23.28124354639713,16.306381260116048,23.7000659871673,27.620483013518722,24.37472492980293,27.60737769106884,-3.2326527612659106,27.68004945258623,28.619150495852217,28.142937664241654,-0.939101043265989
2017-03-16 12:00:00,27.550101607108786,27.340155294202678,27.233052486926297,27.203612145819392,20.310438075601596,19.580133009272355,23.857997563283654,23.392658956933907,15.96929016323443,23.822873693371438,27.952940038676232,24.474832964141402,27.88777249040138,-3.4129395262599793,28.03964095587376,28.893821490745257,28.413279884642748,-0.8541805348714959
2017-04-16 00:00:00,27.86671766233942,27.760334234729733,27.919279511856676,28.08213133395273,20.76017032990558,19.886079884446673,24.04469419716183,23.443003118088026,14.599319190462818,24.05919154918929,27.954714607409468,24.56285133959403,27.78338718185845,-3.2205358422644217,28.6948214237536,28.856894871695797,28.86763653675478,-0.16207344794219836
2017-05-16 12:00:00,27.352212947415335,27.344415923773234,27.886869528163132,28.238444684167433,21.385150534423513,20.212256708140288,24.352237699028336,23.695565936174805,12.74362152013373,24.368165827802088,27.47799782794846,24.845272628430095,27.064477699348668,-2.219205070918573,29.011523112953643,28.765845976228217,28.90309651466758,0.24567713672542624
2017-06-16 00:00:00,26.22843101608607,26.19558812372786,27.07438398121446,27.951435566913943,22.336626203161934,20.90435629813821,24.78999475987735,24.354094387710408,11.843184919089545,24.920413684083123,26.710332971116156,25.527242620064804,26.101617278015503,-0.574374657950699,28.513973198690678,28.517236621296934,28.266677624367148,-0.0032634226062562277
2017-07-16 12:00:00,24.578467149489416,24.576093993404182,25.54903952163731,27.11623805884028,22.85163670882692,21.44973786052046,25.237823300484273,25.00661958681118,10.646937044663447,25.293865539577276,25.90730033711238,26.007809398678454,25.083676842839797,0.924132555838657,27.846152908120757,28.239923790111188,27.614095989837917,-0.39377088199043087
2017-08-16 12:00:00,23.85465729739491,23.34376632912596,23.719866306712753,25.8833693501794,23.51200685588418,22.15319370670243,25.644486736291842,25.489376913189158,9.853945336182255,25.640400817278845,25.42518630653107,26.331440952563778,24.37965935374046,1.9517815988233167,27.416327149357564,28.127774205430118,27.235014671174078,-0.7114470560725543
2017-09-16 00:00:00,23.86163347290125,23.23269301381929,22.986898358281163,25.1037601843145,23.624251066210515,22.30720130985221,25.97925923829022,25.917457332372447,9.818445712955661,25.89329002743796,25.435640738460954,26.669771235137016,24.26802926204799,2.4017419730890275,27.50584941260881,28.204021452322543,27.44117941963393,-0.6981720397137323
2017-10-16 12:00:00,24.612762673816885,24.096552761786963,23.47791019190801,25.00101367985162,23.67943376667242,22.449441518918036,26.009730696019837,25.967569586901366,10.57933069784905,25.949927274133046,25.891907653821416,26.72896272792997,24.75700294096461,1.9719597869653605,27.612917999552792,28.59940847955528,27.70809339055379,-0.9864904800024874
2017-11-16 00:00:00,25.0741077297905,25.070243249109943,24.443308903270346,25.094246901678176,23.309047497282428,22.272968564771883,25.628870654130946,25.436871761008153,12.271571838004538,25.625743632344953,26.498408383359088,26.25280422953197,25.42919863526563,0.8236055942663398,27.8691050251732,28.746249560126284,28.01412863310818,-0.8771445349530822
2017-12-16 12:00:00,25.47728476808576,25.185926921053063,24.53914879908738,25.38593519895977,22.335096809615838,21.420551851739663,24.88688466715602,24.67479646772565,14.111838610237575,24.88811817033695,26.77537689438537,25.53160920112945,26.07985700161414,-0.5482478004846918,27.39959032418513,28.5434113123536,27.57037020750275,-1.1438209881684713
2018-01-16 12:00:00,26.294825125918663,25.172919711919988,25.036227944919215,25.887038443986555,21.27514127806756,20.41194647120895,24.30194055926598,23.927797362859113,15.816113944753228,24.29337618177092,27.102066804340605,24.914994195970262,26.910481850451216,-1.9954876544809537,27.39947427063397,28.358248114730372,27.834786264508942,-0.9587738440964024
2018-02-15 00:00:00,26.586416066036115,25.591164930226476,25.763390364068993,26.57856198344872,20.705798764853203,19.72190061004489,23.844683596189768,23.281454242457034,16.633312705673756,23.831698551083914,27.447076858570345,24.426343955097995,27.468981205352694,-3.0426372502546997,27.70254917597767,28.662257770108823,28.25099826106118,-0.9597085941311541
2018-03-16 12:00:00,27.365292406587,26.351999199530642,26.26514545270735,26.510270237059498,20.61968246905668,19.60184662488206,23.716930533296896,23.064967423728465,16.021516064913847,23.73077721072326,27.712037974498514,24.2428885466677,27.723176100299096,-3.4802875536313955,28.074454096461935,28.798159593858266,28.543590140518976,-0.723705497396331
2018-04-16 00:00:00,27.539996274549733,27.17122212186272,27.115986785464234,27.083061013514715,20.931568773044173,19.8225963975171,23.97942964702944,23.25885104740951,15.147484422350551,23.96767000334282,27.697041431288422,24.388403640393758,27.706393359832536,-3.3179897194387777,28.610347744255225,28.948932984602255,28.821863853996774,-0.3385852403470295
2018-05-16 12:00:00,26.866937330827103,26.657976764415675,27.270033641433862,27.64178850365039,21.37508188262439,20.067052869885806,24.12902181974233,23.39442147671007,13.450924654078383,24.12370786872281,27.219936392839198,24.58096835467732,26.88942752235555,-2.3084591676782296,28.813446650179674,28.762974808405577,28.500966911954453,0.05047184177409747
2018-06-16 00:00:00,25.923121104248864,25.57203262512387,26.32983493774274,27.409050986804115,22.260278258035054,20.775415795364218,24.512050501471982,24.00478363358672,11.801843146228975,24.629751490292858,26.50463392854712,25.202413534736813,25.804415796525422,-0.6020022617886092,28.285708320553614,28.823099190761354,27.91014191616825,-0.5373908702077408
2018-07-16 12:00:00,25.362737186567248,24.29569769136077,25.199420648936215,26.925480229690834,23.03637205698189,21.574539252936802,24.88313650761837,24.507001709122893,10.791787637384084,25.025199727516245,25.809058998818667,25.589169984291043,24.798697143758528,0.7904728405325159,27.343004322365708,28.70276835650428,27.264745656147177,-1.3597640341385713
2018-08-16 12:00:00,24.071141215938695,23.47538464094519,23.62796536145488,25.99994918807009,23.756868712217702,22.423997273369633,25.476467801969818,25.336452689973985,10.194134014543076,25.533321699207438,25.395474919053846,26.11787008178877,23.911335443581727,2.2065346382070423,27.356870434438914,28.448708964231948,27.20071384433142,-1.0918385297930335
2018-09-16 00:00:00,23.762961592740727,23.419174466817665,23.19997191249181,25.086524899140045,23.90580564483074,22.688573215453076,26.139977515873934,26.25178446777646,10.345720012706005,26.061586561303848,25.422176589896008,26.827740796740233,23.622884755844314,3.204856040895919,27.704787480557933,28.448321808778484,27.615016489872108,-0.7435343282205515
2018-10-16 12:00:00,24.809730667561382,24.23504425379907,23.512481596327632,24.675446691266952,23.775813532941097,22.54540573218384,26.36279467478443,26.519084293586282,11.443630262097402,26.201326517474246,25.862524333642806,27.0259590591096,24.143047786891835,2.8829112722177648,28.101000424065777,28.72149181615417,28.1945978530516,-0.6204913920883932
2018-11-16 00:00:00,25.836208773727062,24.98951027841636,24.23075622872081,25.07348933100958,22.921464413090504,21.82459925509887,25.749199887188823,25.71282155796196,13.003837003022081,25.575725630333974,26.44083513253968,26.362319903594297,24.967173561007016,1.3951463425872817,28.173613450874026,28.72564385285985,28.3290037167911,-0.5520304019858244
2018-12-16 12:00:00,26.179601848191076,25.200487732625987,24.417239061966264,25.381626436943844,21.98577655610424,20.77851869468258,25.084087059943293,24.86074078201386,14.810364111763047,24.906966007741925,26.846525479520576,25.633976871738717,25.71827531649771,-0.08429844475899273,27.814539629329616,28.90095551312577,28.147663051070964,-1.0864158837961533
2019-01-16 12:00:00,26.566950320627054,25.54034616196129,25.216093633859483,26.01403876787614,21.04291456320254,19.808191207825445,24.24677270064722,23.933382233332605,16.073097157908215,24.13509537856586,27.259540128685853,24.874605974828224,26.35533248214229,-1.480726507314067,27.52916944471922,28.853272239704246,27.93972962368418,-1.324102794985027
2019-02-15 00:00:00,27.17170342376803,26.281051813804496,26.19715545370296,26.507092788630164,20.47771452315053,19.23599835211683,23.739782084767214,23.27400441615149,17.704538096252765,23.6949160809084,27.695179428814455,24.375597999743597,26.980286102675564,-2.6046881029319664,27.76434857499442,28.82344280168863,28.186923707561416,-1.05909422669421
2019-03-16 12:00:00,27.43521894647103,26.148777924530652,26.33527515882097,26.912925936718658,20.332408427253192,19.12441230095126,23.799025963490656,23.31657408098517,17.22713068504206,23.77648483716445,27.923774177702004,24.442164417037905,27.420722467131334,-2.9785580500934294,28.115055467540348,28.936957531854144,28.453466863394798,-0.8219020643137966
2019-04-16 00:00:00,27.697022310607377,26.98528089799684,26.80342340040173,27.08952109094212,20.665754174045624,19.292108944298004,23.847884596245,23.209184602272202,15.55520063837676,23.850078766617973,27.867781984272124,24.394243263640128,27.155034401506118,-2.76079113786599,28.80604214103505,28.806693076469205,28.925288370205,-0.0006509354341552864
2019-05-16 12:00:00,27.338716660312507,27.26405071525036,27.5472910980311,27.800047146492112,21.49826392486499,20.018872699748428,24.302471004421864,23.88642119772755,13.348482456392858,24.445159182257484,27.422937364454917,25.081793215999703,26.675518709065813,-1.5937254930661098,28.996213420568118,28.68856033579114,28.80075178987657,0.3076530847769767
2019-06-16 00:00:00,24.979221114240282,25.747495405020594,26.83628406963903,27.704541988427156,21.998350521376587,20.557163822491702,24.741993130838615,24.532930861839414,11.121328143462971,24.89289031201111,26.551048704897948,25.71366486097689,25.524133079066488,0.18953178191040365,28.390384951291626,28.503477815186468,28.079438844924194,-0.11309286389484186
2019-07-16 12:00:00,24.01931756102336,23.97519458292751,25.286082910959657,26.994470828820685,22.883680817169203,21.52915802646767,25.280343390160652,25.170774572165286,10.096514852706752,25.315787744412102,25.769063288337737,26.07664586902689,24.420799491946628,1.6558463770802625,27.52948633705009,28.175999250458286,27.265764604160047,-0.6465129134081948
2019-08-16 12:00:00,23.32332771526767,22.635921633661493,23.32891073794065,25.698345476564185,23.67718435545156,22.329373899350575,25.82064462333252,25.70549981753869,10.114080275422246,25.725793535177303,25.23831851458638,26.39672450693452,23.579222125397212,2.8175023815373095,27.374997623128195,28.097833241930118,27.10908178451908,-0.7228356188019234
2019-09-16 00:00:00,23.587050266672733,22.571501235580936,22.524874868395543,24.869039897240555,23.85585951363767,22.541791822462887,26.313501200986636,26.38052612225502,10.63536851218361,26.11065374266033,25.22866608825819,26.88709473918969,23.482978163712307,3.4041165754773814,27.469845243759096,28.11163046052612,27.31364582300635,-0.6417852167670226
2019-10-16 12:00:00,24.64699621197237,23.538971022263624,22.847991548387625,24.640779577024276,23.937724751133807,22.657341565450256,26.322594897069283,26.59197369135879,11.763644490895832,26.231757606639764,25.658858532204057,27.118176967282633,23.981863856118082,3.136313111164551,27.70500453506679,28.446392077389007,27.774102277063157,-0.7413875423222152
2019-11-16 00:00:00,25.68241216272415,24.653001723278997,23.66431364008772,24.69810998190502,23.2023244765352,22.113201362798762,25.755685683354404,25.84427905092998,12.867870690897059,25.651736711983123,26.24014955644904,26.46478971923444,24.971627968293152,1.4931617509412867,27.61806176716484,28.613078847435336,27.62350094301691,-0.9950170802704967
2019-12-16 12:00:00,25.692833791988242,24.469587525080215,23.790265745602383,24.873625805588365,22.423404177893854,21.333977089145232,25.0717717537657,24.906825197419707,14.355036532392775,24.948921945044606,26.609716564025966,25.64316870657102,25.638971755042093,0.0041969515289288495,27.512628396984308,28.354863635235258,27.71782678146322,-0.8422352382509501
2020-01-16 12:00:00,25.82825074978819,24.645657311368204,24.42093740772061,26.124780386221758,21.506790391890252,20.441330802294164,24.286470181077043,24.05745837650518,16.150032274341797,24.287512480312788,26.93216062539247,24.95274913760695,26.325992855760386,-1.3732437181534358,27.44324456335661,28.532912187735285,27.89249006315169,-1.0896676243786736
2020-02-15 00:00:00,26.459774105438385,25.880019007635482,25.635102738669357,26.65449852732944,20.981620747032107,20.022125166143024,23.942659659858716,23.66878392361825,16.30926501751361,24.040106016208856,27.419720246931693,24.69268247889195,27.13386765298879,-2.441185174096841,27.550888169750085,28.64575020560146,28.01319213674436,-1.0948620358513743
2020-03-16 12:00:00,27.599434448917915,26.892206559206443,26.71020179340648,26.853206789968162,20.999572408812675,20.262381184253467,23.998756950529813,23.727185358616353,16.666460464767734,24.19473795702231,27.74242383397959,24.82567207998609,27.419245266019672,-2.5935731860335807,28.00796256545453,28.69115212552705,28.29024484200138,-0.6831895600725204
2020-04-16 00:00:00,27.533013661687765,27.5147122837541,27.623556194070538,27.8532701091355,21.301150723926128,20.56389329148363,24.236484590063586,23.934218158561585,15.522166419083277,24.418793785346807,27.846149960252728,25.03159048649415,27.37542232766248,-2.343831841168331,28.7794118343831,28.674630707108452,28.826838170317387,0.10478112727464861
2020-05-16 12:00:00,27.410160790792904,26.996583809253135,27.466555968902554,28.004827889779246,22.01442362905204,20.78497763929875,24.516263589581133,24.103141492535443,13.438378104352589,24.668438715273567,27.459374364651595,25.249874973108195,26.83862863680964,-1.5887536637014463,28.98762482791379,28.73391667511759,28.764998905788506,0.2537081527962002
2020-06-16 00:00:00,26.689066864248513,26.21521717960093,26.8693646122791,27.71644528902232,22.727281998212167,21.270486897451768,24.83474080889285,24.496657532688033,11.76060102260439,25.04198872164426,26.758023120516974,25.662962739901143,25.783745475309605,-0.1207827354084614,28.275332275760906,28.49524853061704,27.99517290352662,-0.21991625485613397
2020-07-16 12:00:00,25.027518972272517,24.633972680363815,25.44727127451016,26.909969959456703,23.29896863472162,21.96641732571106,25.36433083160837,25.307503999150736,10.730881851652395,25.465165335947965,25.906685972832957,26.22976082429842,24.768685798901515,1.4610750253969051,27.70025715536084,28.16701347264076,27.455380807285877,-0.46675631727991984
2020-08-16 12:00:00,23.68705228321962,23.299126859536234,23.76845127821006,25.990257696261427,23.77090317047742,22.52338619757151,25.84395209173896,25.85715613560195,10.339670677987824,25.815107925652153,25.402628149724023,26.52704131967439,23.869772989842005,2.657268329832384,27.592379666533326,27.986510365118185,27.480342627225664,-0.39413069858485983
2020-09-16 00:00:00,24.18567810280515,23.803853842304473,23.588312274213944,25.083661924533384,24.135711074662307,22.92849788109996,26.29133268596627,26.43718896770639,10.680168260706104,26.14247529002171,25.454477735999387,26.939651662922177,23.51595720524659,3.4236944576755874,27.94433570317401,28.043382115555072,27.822994837443943,-0.09904641238106393
2020-10-16 12:00:00,24.783683687370818,24.663873413872484,24.05017327619914,24.99945543956949,24.27661908411514,23.146189972422285,26.201908256470738,26.306693982564838,11.664855167386422,26.17000788886237,25.86948093923783,26.883383925474664,24.02828690459366,2.8550970208810043,28.09197087127539,28.462829411388558,28.019631983974104,-0.37085854011316854
2020-11-16 00:00:00,25.44913529798237,24.95971909560542,24.41622195958063,25.296458229790932,23.52156975877573,22.423926201621814,25.702248674645336,25.636999664896088,13.528431183007148,25.680327663575422,26.351232208598233,26.317451155991275,25.046870839456744,1.2705803165345309,27.697928932763233,28.632442800422975,27.649195444474472,-0.9345138676597422
2020-12-16 12:00:00,25.886786418891823,25.21358417555573,24.54760046307426,25.522450467065745,22.42749939876558,21.336094616567774,24.891319928992456,24.633399417280437,15.462644459865807,24.88898503237036,26.785263836401512,25.49539601101799,25.65891178644351,-0.16351577542551965,27.567366302816165,28.855156443828186,27.861526860951955,-1.287790141012021
2021-01-16 12:00:00,26.742408378954416,25.652767541089084,24.905529947994506,25.869301262059636,21.416160077504923,20.362964297639355,24.167988622864854,23.81326549611832,16.67447004765924,24.222228841061366,27.09965599283942,24.83695952984854,26.328842928789403,-1.491883398940864,27.30845220201657,28.639013591602293,27.91288790466466,-1.3305613895857213
2021-02-15 00:00:00,27.193066806440676,26.695677098319518,26.192817772183762,26.436698360611118,21.041223914541128,20.065317636054136,23.99630237843479,23.729034289812503,17.25110379796707,24.10386284202841,27.537527479001838,24.811241454222344,26.87737831620854,-2.0661368619861946,27.65097208691849,28.780953168520046,28.2813256426985,-1.1299810816015565
2021-03-16 12:00:00,27.401540609995955,27.411740296150562,27.19730334609855,27.275623455419144,20.83772193407321,19.76945437372468,24.17658724610403,23.661391019745977,16.772249206078964,24.190773074687847,27.89468668681828,24.834015685783125,27.210979084722222,-2.376963398939097,28.299519477102788,28.7867029190051,28.835950962777982,-0.4871834419023138
2021-04-16 00:00:00,28.06800006590026,27.685701678975718,27.761971380478286,28.111852030671102,21.24797666179063,20.082199773451983,24.508286867720706,23.9148860130368,15.377817100142565,24.49569084949757,27.9039179348997,25.065346930085102,27.226298304574854,-2.160951374489752,28.813970824186004,28.822988565586147,29.100561849376568,-0.009017741400143109
2021-05-16 12:00:00,27.760085078384265,27.811614553172866,28.049402251103274,28.390419321636635,21.857296602892806,20.661943524816017,25.034679770837315,24.53390611359572,13.716534595928456,25.03789105663476,27.47867614838588,25.65971053893709,26.825660816593743,-1.165950277656652,28.966607595476937,28.820479391956848,28.833691081824014,0.14612820352008882
2021-06-16 00:00:00,26.69783089213642,26.689076983627707,27.71787172094396,28.34199991964711,22.614779147086118,21.32792420951598,25.481634854349146,25.225788154588397,11.696666812538002,25.484850509486648,26.71887898082383,26.260612061861796,25.855746834739502,0.40486522712229345,28.14893828259812,28.74380097524848,28.013243370361593,-0.5948626926503593
2021-07-16 12:00:00,24.206646069524076,24.994109224515213,26.025370719600133,27.376248834244844,23.477805510495543,22.197786848230336,25.835230309496,25.76822924481741,10.805036690280087,25.781104119840116,25.87762663319808,26.553154607895234,24.873539397492344,1.6796152104028899,27.27441806268751,28.577971726363803,27.14875171958194,-1.3035536636762934
2021-08-16 12:00:00,24.61448915763295,23.86747617525036,24.138678436885606,26.079464973431097,24.21800919479764,22.84623406690634,26.134050728489512,26.016276251708433,10.477791410993646,26.05659121519437,25.494878577750267,26.710994936240017,24.33519875745125,2.375796178788768,27.25985622712724,28.475157707620546,27.143662456183392,-1.2153014804933058
2021-09-16 00:00:00,24.73346295322365,24.022138340597255,23.830887436865073,25.684946152501915,24.401533730573963,23.09943420186256,26.590862199950344,26.575750022287867,10.709889881462109,26.414221027735927,25.52674052341016,27.092314705543806,24.28033037089331,2.8119843346504965,27.63387144368597,28.414336215595092,27.52099242825381,-0.7804647719091236
2021-10-16 12:00:00,24.98501958201662,24.70214696703575,24.298400753680234,25.642184295968576,24.19512959335583,22.931629436487576,26.410113465304082,26.400975353113985,12.088360399504817,26.34405062489138,25.913484118663916,27.031025417664722,24.787272940601106,2.243752477063616,27.95215164693572,28.460578531231466,27.993637755204787,-0.5084268842957442
2021-11-16 00:00:00,25.479970383376223,25.542809487264545,25.08445431853548,25.575189661010498,23.678185036353472,22.669362479333792,25.900024902280375,25.858532258860727,14.263675357632778,25.889540296103483,26.479390005881058,26.50875606501432,25.379760760797886,1.128995304216435,28.125034091856257,28.65905455426462,28.169230244410794,-0.534020462408364
2021-12-16 12:00:00,26.084895571737224,25.701836626708335,24.877735212315052,25.452368149361636,22.58657955774579,21.567876710635772,24.9985673722144,24.737375534227393,15.919100211023684,24.98172901482545,26.89136091279516,25.515655272769852,26.016620187095317,-0.5009649143254649,27.873143555691946,28.517451449145742,28.260850094198215,-0.6443078934537958
2022-01-16 12:00:00,26.841769178620357,26.44678474244801,25.768702539099184,26.340238389136506,21.7562629875737,20.71211597624938,24.2564671521644,23.963791465213095,16.882927331494624,24.294578652799785,27.270408969459204,24.878446345756114,26.755537317758748,-1.8770909720026339,27.547424260585576,28.78178079202725,28.137856479617252,-1.234356531441673
2022-02-15 00:00:00,27.567990578769464,27.055632326484393,27.234874324974168,27.097748479301345,21.129197907187134,20.101264563626184,23.880486495635687,23.45858825314693,17.14097820935763,23.9713962819033,27.715214908562643,24.51887894823155,27.337335957609472,-2.818457009377923,27.850518001664266,28.6630655633093,28.41518182431832,-0.8125475616450331
2022-03-16 12:00:00,27.761414600914534,27.163440860625816,27.34479844142446,27.68528874739641,20.895535270750052,19.839985602977972,23.975677673734026,23.43235957155331,16.538935762549816,24.040287604018054,27.967493507165727,24.561858941053227,27.526221938821582,-2.9643629977683545,28.412155821178803,28.745339411757733,28.74887212720699,-0.33318359057892977
2022-04-16 00:00:00,28.093139223852198,27.767143621136693,27.56836578792727,27.683052903837766,21.115011539667016,20.05726771829252,24.268957316234093,23.64804602121669,16.180215354239426,24.30898818513425,27.95210030271226,24.81699099809419,27.550643154301323,-2.733652156207132,28.985773516519725,28.756138843995327,29.129873574432168,0.22963467252439784
2022-05-16 12:00:00,27.518952815479178,27.54840524821946,27.729416991727973,28.137595080444175,21.611335573452802,20.471422792199558,24.529108045648105,23.930611618156693,13.865200135058934,24.57470153937212,27.50136118840975,25.085296335815535,27.07421967548976,-1.9889233396742263,29.171528357570743,28.74068534131736,28.920598117601397,0.43084301625338384
2022-06-16 00:00:00,25.623202870767265,26.270011753852014,27.33721893135707,28.197147488159153,22.506405378860183,21.264907228516382,25.021073281213482,24.642861191696753,12.21222337081363,25.140786058139117,26.725518012386686,25.757224313674083,26.00906659194641,-0.25184227827232775,28.62757232049521,28.65481349929048,28.25084833746054,-0.02724117879526844
2022-07-16 12:00:00,25.69768993626212,24.542543832231843,25.516772935803782,27.009077109690534,23.524283080619913,22.29950316842385,25.512673740727912,25.25852524661257,11.093814302408884,25.604061808592075,25.933795059881167,26.239455759807477,24.66038128028709,1.5790744795203864,27.831107995718465,28.198299708479176,27.580807775141405,-0.36719171276071094
2022-08-16 12:00:00,25.058988875582422,23.296570198269112,23.543285151792126,25.9799395737652,24.04403763702694,22.773589486155586,25.87562797005036,25.63923480295866,10.817315679866132,25.840959318127336,25.474478764321464,26.35070156189978,23.920076042516676,2.430625519383103,27.62785993754459,27.8536064829873,27.431139622387334,-0.22574654544271056
2022-09-16 00:00:00,24.49354560451166,23.598770217851005,23.201344281685767,25.257058007175907,24.30437348792157,23.07444535486199,26.433374257886534,26.34118907555926,11.088237212041122,26.314685828656536,25.474398069326494,26.90562122112651,23.684064686232514,3.2215565348939954,27.81717927375251,27.687905475980884,27.61696947090089,0.12927379777162784
2022-10-16 12:00:00,25.060197726934472,24.58222440556268,23.9246030022281,24.78673928235308,24.11191641986281,22.931982252660845,26.365660885388216,26.324529110315755,12.382434835582249,26.276711328056855,25.926287111296155,26.971734674160228,24.336215016788415,2.6355196573718125,28.150892438012256,28.163297335593008,28.075214576038366,-0.01240489758075114
2022-11-16 00:00:00,25.509785468405095,25.168296036206847,24.71194168764799,25.26562505993984,23.36788500731866,22.298309326927868,25.919385969495643,25.823425968071675,13.931172222805776,25.825789668236233,26.490980584745305,26.541242182930166,25.307776696689334,1.2334654862408314,28.35799889909009,28.360008284272805,28.417068625767087,-0.00200938518271343
2022-12-16 12:00:00,25.831837773456275,24.90637108131999,24.360179661785466,25.38269922000934,22.14917745301606,21.030091415743588,25.149731854143067,24.803242069068403,15.544324429504698,25.012210509524234,26.926314274180182,25.672378389226107,26.16781619301585,-0.49543780378974134,28.009482663845947,28.89721751478914,28.381560895357673,-0.8877348509431933
2023-01-16 12:00:00,26.35471585398441,25.154849895304665,24.497904083538426,25.73272465424696,21.316058053060175,20.14200044289226,24.36622977741165,23.947378376256868,16.168885281506906,24.316792894799793,27.29433427160569,24.939165550560922,26.6851281877473,-1.745962637186377,27.834166452918844,29.11362544790211,28.35975146690701,-1.2794589949832655
2023-02-15 00:00:00,27.20847700352177,26.09725213984735,25.810170001184908,26.16517382215791,20.774714073448195,19.700824726194107,23.979287762599405,23.52293519918076,17.11876074342789,23.989131375650345,27.645706075351182,24.61127327919738,26.964624115244337,-2.353350836046957,27.93642742745473,28.749886165918653,28.41128150454407,-0.8134587384639218
2023-03-16 12:00:00,27.041500773832603,27.159789703885608,26.961098749175694,26.79459017578355,20.827202205681292,20.069057236271643,24.147269157386717,23.579057555205107,16.399962958903824,24.13881456642436,27.94974105289002,24.6726347900499,27.269995917771904,-2.597361127722003,28.570481786606,28.887611232926385,28.784817779212645,-0.3171294463203864
2023-04-16 00:00:00,27.303794783695285,28.044309122713592,28.08296096509957,27.91871927296706,21.18265803832795,20.652249469485017,24.449941835815252,23.854892382688313,15.699257548489813,24.454057677291416,27.97514994797958,24.965905205764592,27.284064923348968,-2.3181597175843756,29.06915561966628,28.892587958357655,28.903595026696642,0.17656766130862422
2023-05-16 12:00:00,26.225864156909786,27.029347889591783,27.886559975076032,28.474184027153196,21.716892223454042,20.78028577787586,24.644825459586748,24.022766378095355,14.006987231889829,24.67118019134185,27.422177265705976,25.19604903569418,26.588121754343213,-1.3920727186490325,29.092952474037062,28.800433108318767,28.612807941380765,0.2925193657182952
2023-06-16 00:00:00,25.479252496365483,25.978799372682573,27.13614688239056,28.25921780272487,22.51482874594517,21.28767676582322,25.059652455348242,24.646318316540935,12.147009714922676,25.1746853590275,26.671380959245955,25.8084512935354,25.50035223706557,0.30809905646982827,28.24237942686801,28.74607881334897,27.806416449361436,-0.5036993864809602
2023-07-16 12:00:00,24.42299293618821,24.727390946404082,25.853648879845753,27.217004244920084,23.15398418175079,21.940075116340893,25.564873425024892,25.33175224756176,10.827968160750412,25.566429902438674,25.92707583198406,26.26376548993389,24.435683673492314,1.8280818164415749,27.251194091713952,28.512127883501883,27.000864220994654,-1.2609337917879309
2023-08-16 12:00:00,24.55975375459599,23.698248907233165,24.139750138749218,26.294145542837338,23.794604032217737,22.56984913811919,26.071052634676217,25.937445915048748,10.184223193100616,25.929345571349657,25.53559495708432,26.588276375555854,23.752916835692886,2.835359539862967,27.21228633629974,28.35233833028447,27.072165939810493,-1.1400519939847307
2023-09-16 00:00:00,24.61465578204072,23.876150848229813,23.599050670282583,25.45165688166724,24.137408217956104,22.9499595581119,26.545464111156228,26.525260604998817,10.539568293984985,26.349860309553698,25.541913696124613,27.099917406024765,23.776401138484182,3.323516267540583,27.522745960433042,28.326940795626683,27.371494459284538,-0.8041948351936412
2023-10-16 12:00:00,24.66458802570794,24.422315230467674,24.305811600828626,25.653236338441182,24.029225774712685,23.04874198371699,26.54908356634772,26.551510465886178,11.634513848574189,26.406872147960073,25.94902530421094,27.180862603029485,24.36311321860673,2.817749384422754,27.932495526219004,28.46358973939017,27.94836320994502,-0.5310942131711656
2023-11-16 00:00:00,25.11597964524217,25.21113194843362,25.17500625794681,26.07235824035378,23.45341057910706,22.479435842454006,25.942973386918464,25.679553651810625,12.80773098853838,25.788185250621883,26.558408171661327,26.376960545837655,25.23123540884863,1.1457251369890251,28.086915977803333,28.426896463461347,28.13152248964084,-0.339980485658014
2023-12-16 12:00:00,25.588607777899938,25.521810203388917,25.228546799566423,25.895713446516357,22.488417843590902,21.678442314704327,25.07423336386582,24.810060375878848,14.527674999444713,24.999862223011867,27.018635218856872,25.60801324328497,26.161332232434415,-0.5533189891494459,27.823750585228815,28.66674161472008,28.27464429489796,-0.8429910294912659
2024-01-16 12:00:00,26.362471562535642,26.11870134252197,25.640363502446572,26.313516717232645,21.553608631926092,20.839810499005296,24.28536929895595,23.98977108765556,17.09238917879003,24.30353258274388,27.442213973829688,24.897899195068707,26.895859498603677,-1.9979603035349704,27.568484822948637,28.848032387044277,28.22580451161288,-1.2795475640956404
2024-02-15 00:00:00,27.434131403169545,26.86105743092585,26.47352871291972,26.830005512226844,21.052145709721767,20.19117519173425,23.81811439364021,23.41324141513179,18.029174664922373,23.896533630514114,27.755494563615393,24.46543121310932,27.53591077328312,-3.0704795601738013,27.709007516918476,28.783130449398993,28.385523799958133,-1.0741229324805168
2024-03-16 12:00:00,27.992194737909653,27.701012211270925,27.569211978225063,27.54737248478042,20.973232034144242,20.317020441793236,24.020084264018184,23.741626278690003,17.059061727631263,24.124342425176287,28.143067588094212,24.77964048797864,27.966592880063878,-3.1869523920852387,28.358452454359107,28.998374675212382,28.84547034376389,-0.6399222208532755
2024-04-16 00:00:00,27.834528182729606,27.885538059509255,28.024581812804744,28.30768713212694,21.092164489305596,20.40640809223257,24.383193482338886,24.0573255110639,15.670812481467335,24.450202442948484,28.164678035246812,25.118917071943223,28.026313705294502,-2.9073966333512793,28.942184982748664,28.802693031086893,29.142185912668157,0.1394919516617712
2024-05-16 12:00:00,27.505350831927267,27.53204930275738,27.72212662113992,28.29521264846516,22.141361824873776,21.062943821896056,24.928797269890136,24.620341223180183,14.19701059807693,25.053817296742782,27.62948466234054,25.6722980996075,27.255439380228765,-1.5831412806212661,29.14836257098271,28.944589771601024,28.938831720462343,0.20377279938168513
2024-06-16 00:00:00,26.471335510291368,26.508094851588005,27.406346914672884,28.239940271659915,23.194479921205378,21.685700417716358,25.41690589871827,25.19301173894328,12.546760944478915,25.604992435455138,26.86321175725862,26.268598950305854,25.96472596628253,0.3038729840233252,28.636669208954537,28.816253293605023,28.205835021954922,-0.17958408465048592
2024-07-16 12:00:00,24.572687722731562,25.419291820901304,26.53203028922565,27.673951809443246,23.751944497338553,22.343525584528933,26.009818261817856,25.976226528520474,11.08505080906925,26.021254747837435,26.111714639986083,26.824219056132844,25.163843082252104,1.6603759738807398,27.730677741975878,28.60976167097886,27.42193125793137,-0.8790839290029808
2024-08-16 12:00:00,25.316526623850816,24.483149667054665,25.206039297428703,26.910578349334127,24.128729389977735,22.80551644362829,26.37474011746347,26.343817671648342,10.02500223884511,26.25812334547381,25.70351519495353,26.97830957570896,24.495499894124453,2.4828096815845058,27.534499133608687,28.15931252167487,27.35011705976549,-0.6248133880661833
2024-09-16 00:00:00,24.862358366093762,24.332849580192107,24.275779804131858,26.182355976584414,24.54973717536934,23.30205415872736,26.69614973355497,26.743825681436547,10.238845814453956,26.572885157648738,25.713095058157172,27.307551316179236,24.276834956051363,3.0307163601278724,27.65148690926661,28.536917445509538,27.54805308525096,-0.8854305362429287
2024-10-16 12:00:00,24.916467289168896,24.850452554428525,24.65053747831211,25.848423642539586,24.389752994707628,23.120287189276784,26.51939377008388,26.452384162722094,11.748802976079253,26.46811541616228,26.07637603532362,27.128529555089408,25.096024666804524,2.0325048882848833,27.98297742869288,28.78202280008812,27.953240907521653,-0.7990453713952412
2024-11-16 00:00:00,25.356273248109723,25.020454929069906,24.774801706663087,25.845237161876565,23.578407891725853,22.52197525975875,26.07532313527889,25.742905828670747,13.56095659751691,25.945260879615244,26.560646202993944,26.49521305996128,25.680302314874027,0.8149107450872535,28.11780813016824,28.666821867588045,27.996951690332793,-0.5490137374198056
2024-12-16 12:00:00,25.927834021858395,25.56835063160837,25.116504699572275,26.34559784406415,22.49439936720296,21.520909712470747,25.523906983332495,25.01402163430151,15.763132958637277,25.321341360883224,27.056304904703037,25.8601420353225,26.37688333941899,-0.5167413040964881,28.04997444172448,28.63636007972835,28.297684651071492,-0.5863856380038719
2025-01-16 12:00:00,26.593165031391127,26.353460267148165,25.792115838841372,26.57162431467817,21.573284149176885,20.68500742498726,24.88753764498268,24.411074559505835,17.032813548231868,24.71167811272372,27.46331766455835,25.293582544692217,27.09002930292521,-1.7964467582329924,27.870069429366502,28.92425498629952,28.370907579399432,-1.0541855569330174
2025-02-15 00:00:00,27.286526547038008,26.599686961864265,26.67644678224964,27.074973024903475,20.77728617136774,19.878820771778216,24.396554834858,23.927494583665815,16.98688835232945,24.237825853453405,27.780895829072204,24.917857002234093,27.736820377627605,-2.818963375393512,27.948554310042606,28.656117298294426,28.353026764156734,-0.7075629882518193
2025-03-16 12:00:00,27.551756542362785,27.203382780145528,27.113229585839488,27.23104768869174,20.650011472142392,19.78762346780122,24.23275827070502,23.727348094143164,17.19026665166459,24.12458163883964,28.066485764862186,24.813169595523178,28.212865805188947,-3.3996962096657697,28.63896989202909,28.96770724966868,29.008956360681474,-0.3287373576395929
2025-04-16 00:00:00,27.78047278038692,27.57482014579303,27.56379291850335,27.5625136862226,20.85064181394407,19.766635542158124,24.24236408972395,23.590223541352216,16.542260463326407,24.16024497456493,28.04764366953854,24.724020230387257,28.01451210471011,-3.2904918743228535,29.221451394625966,28.845291124685318,29.304331912014835,0.3761602699406481
2025-05-16 12:00:00,26.28737312315058,26.9990179374705,27.691043204558724,28.202883174887717,21.469102805129616,20.389156810510347,24.55535583071099,23.884042015167132,14.3692804135022,24.52338432784038,27.505163106662618,25.05205377145382,27.242081761813356,-2.1900279903595354,29.20332156048653,28.858930964812743,28.88745675643929,0.3443905956737865
2025-06-16 00:00:00,25.243970405206454,25.471856088793785,26.74797526986618,27.909552509079347,22.448703950344377,21.21395155392863,25.096428556974217,24.657266917377775,12.467777691879217,25.148473637931342,26.657895883484155,25.78013062229767,26.226275249902848,-0.4461446276051788,28.400592953412257,28.705285202192453,28.0529910754885,-0.30469224878019574
2025-07-16 12:00:00,24.77824215018271,23.97643699864666,25.386037171081203,27.41267792087821,23.094022063027023,21.961240814991722,25.525824229503943,25.278235550908782,11.070130679212387,25.53604751480664,25.96523161085508,26.19842589394417,25.2190156401091,0.97941025383507,27.48053592271933,28.595916895457947,27.3574318654248,-1.1153809727386168
2025-08-16 12:00:00,23.09256182209687,22.498472754477294,23.132991545251546,26.01400348810984,23.564095138299322,22.416470003145736,25.857335885624753,25.63598453854611,10.55875512611045,25.814756231178713,25.433656429128806,26.441790420767173,24.322814863559813,2.11897555720736,27.4466389613862,28.416882064898402,27.392655845436458,-0.9702431035122032
2025-09-16 00:00:00,23.835915745143517,22.820377205356543,22.503247285708657,24.71106427318566,24.081600998914112,22.982809883176365,26.399211742976874,26.399506554354765,10.738791931471498,26.28226072993068,25.47696558144478,27.052278910645818,24.158819873869305,2.8934590367765125,27.552448758093366,28.544430629640797,27.601523445216657,-0.9919818715474307
2025-10-16 12:00:00,24.17961383629223,23.81095330899763,23.279890242181764,24.518050310768448,24.190653287004086,23.108042096671422,26.46368986691195,26.647096321294207,11.61370637513862,26.403963483441803,25.91045582390657,27.320748233172356,24.691564434239528,2.6291837989328286,27.821369263125426,28.79347763108591,27.853170692634098,-0.9721083679604838
2025-11-16 00:00:00,24.659243041379646,24.627676843962675,24.29290664900955,25.17537359439913,23.67599285657224,22.75830205690747,25.979897234687368,25.937442556232114,13.515933897125858,25.961542153470575,26.489484070284714,26.667163104873126,25.51149298669374,1.155670118179387,27.849128451863457,28.876336442356852,27.880775541029173,-1.0272079904933946
2025-12-16 12:00:00,25.00883354646391,24.706981315950276,24.52146381994232,25.480969494604377,22.2781569388553,21.464519585732358,25.206814223051005,24.945790542211412,15.302298841170984,25.119370049860258,26.82466031056046,25.81719560119951,26.161494585872557,-0.34429898467304554,27.577953926949185,28.729058776528543,27.641497203474152,-1.151104849579358
2026-01-16 12:00:00,25.78099209506022,25.52893428456126,24.909055679652056,25.704648390367936,21.13404986717369,20.262072364454223,24.462188742022793,24.118205297231174,16.001559514871218,24.35674362992166,27.20729469122629,25.12500230132314,26.753043376682218,-1.6280410753590786,27.528181428791623,28.579665899680474,27.96482945283425,-1.0514844708888518
2026-02-15 00:00:00,26.884523622163474,26.743431580368323,26.196806161008183,26.253923686952024,20.708904268788988,19.920271901397285,24.23111726651778,23.792931854972778,16.4662462384522,24.12213980603055,27.62634704361158,24.86971251118774,27.130457166909753,-2.2607446557220143,27.651677133854502,28.655620470908282,28.060242302797064,-1.00394333705378
2026-03-16 12:00:00,27.483709882101458,27.30908963322943,27.01391961835686,27.04160638293093,20.66918637613793,20.075563920074995,24.416009953686068,23.847343318978034,15.976080493957054,24.27096359108293,27.97523826961221,24.880656622421586,27.50790975297404,-2.627253130552454,28.318842780420727,28.87255186717969,28.769562251372527,-0.553709086758964
2026-04-16 00:00:00,27.7111172668891,27.7309523320264,27.779126329990238,27.739199069087704,21.11256520535225,20.472204247503292,24.700525224898318,23.965231459283093,15.49364891867905,24.530111318420687,27.997635999824602,24.938933676750196,27.64160089149004,-2.7026672147398436,28.91083421652855,28.891830894721842,29.113258226394695,0.019003321806707163
2026-05-16 12:00:00,27.124466201547996,27.45209154483257,27.80100565428137,28.235900248264155,21.73527464739866,20.76457327141741,24.830185316834775,24.071177385799555,13.28483382673334,24.72220282041759,27.54327052687894,25.100338512981743,26.909238572343387,-1.808900059361644,29.10031280517292,28.773724292896553,28.935349141262463,0.3265885122763663
2026-06-16 00:00:00,25.941088679883002,26.74647761502766,27.595965344901103,28.14558927236547,22.697437500997303,21.56837683941245,25.334483523644884,24.85217255923075,11.45643277196757,25.315049289343555,26.78031978918006,25.867783799569615,25.78108844922101,0.08669535034860587,28.80698672422363,28.683297945197307,28.32495389937716,0.12368877902632391
2026-07-16 12:00:00,24.933464346713574,25.225432049114193,26.487197884137714,27.742066003485014,23.237879096845724,22.126132263348246,25.879631918971803,25.652581522324027,10.598481778162197,25.77690380731682,26.037044932932147,26.459032449266704,24.798354172877453,1.6606782763892518,27.840323806890613,28.69972070708813,27.423503705932596,-0.8593969001975168
2026-08-16 12:00:00,24.485858228413623,24.05850653555246,24.668486670603357,26.838485434133986,23.781396742110413,22.702218142822932,26.27012988945439,26.122357654922585,10.484987793399437,26.104252494610265,25.629954574031967,26.770005456136463,24.090169941909256,2.6798355142272072,27.539793890913586,28.348179790541156,27.340648968016154,-0.8083858996275701
2026-09-16 00:00:00,24.89140535935733,24.20012065871544,23.700889337392,25.758119177917408,24.042674667003176,22.857754856131724,26.461392499826168,26.3363412281929,10.417159603008564,26.320125042282704,25.620996424223357,27.007894131087678,24.20443462428787,2.8034595067998076,27.650972249782047,28.426156922476796,27.49662589726684,-0.7751846726947491
2026-10-16 12:00:00,25.50236846366256,24.6577186250539,23.796670820418324,25.264840923568407,23.950930642347213,22.691296762076227,26.440914650065867,26.39229192791764,11.317337459873228,26.317253762746432,26.001541562013323,27.006001945272228,24.67680183405132,2.3292001112209064,27.983902940633925,28.61869106181891,28.006712032022552,-0.634788121184986
2026-11-16 00:00:00,25.862421223107017,24.694980116958565,24.129662010261658,25.581360780953542,23.392139476335934,22.197488783118217,25.94134650939253,25.768135810279365,13.117590156750763,25.820847990754626,26.429597753023312,26.485498214572804,25.41195583105235,1.0735423835204543,28.106147287250202,28.63197678482231,28.031146554225906,-0.5258294975721078
2026-12-16 12:00:00,25.96012880694468,25.437462807360667,24.926910752080783,25.70587005095466,22.563961709989215,21.63237929626,25.347906679454567,25.14683788979139,15.324241753024094,25.23721066487866,26.930774313158285,25.89992813783646,26.33622496814207,-0.43629683030560784,27.61867137813479,28.809637337695747,27.624037272346165,-1.190965959560959
2027-01-16 12:00:00,26.539490839177706,26.362119087076284,25.812522234553146,26.135659327664236,21.67213470302416,20.729569344556115,24.67134421679648,24.321499313522683,16.75717285406512,24.59631787313955,27.381051489411412,25.214145372262653,27.106603409059154,-1.8924580367965014,27.479184827640353,28.721219863343386,27.955566408743174,-1.242035035703033
2027-02-15 00:00:00,27.358802075565567,26.57795574485746,26.815972616313708,27.03343635967464,21.14831114147231,20.265724900616092,24.3492997433858,24.01294608219335,16.860901003441466,24.33313719617729,27.69081544200914,24.98449090375747,27.659859513794135,-2.6753686100366636,27.640165569459406,28.702636525629647,28.13074097652356,-1.062470956170241
2027-03-16 12:00:00,27.691992156917845,26.738494674042304,26.851572956981848,27.372576585430682,20.72826557697459,19.7759543957538,24.308797529284288,23.79946048874807,16.205541145191546,24.234996443372832,28.00336752289623,24.884522408846472,28.083186970044125,-3.1986645611976527,28.50367160535736,28.90441201568554,28.68829204251259,-0.4007404103281793
2027-04-16 00:00:00,27.648106396031867,27.54003398381352,27.534720106837945,27.7348649700664,21.090016595463148,20.157799257223445,24.483125988727934,23.969323609304695,15.108382597912454,24.42682892338514,27.995295181559275,25.072344914874208,27.77907003464868,-2.7067251197744717,29.120832316774848,28.900371772543465,29.054135945312787,0.22046054423138273
2027-05-16 12:00:00,26.66273104792891,27.292625324654963,27.667615261268317,28.076999372649272,22.034828898140418,20.710805842084373,24.780774635768516,24.17916198474633,13.458552345917168,24.834348865589305,27.557761165602244,25.366811894998833,27.109010256765533,-1.7421983617667003,29.34045422452351,28.739115263199167,28.936680344381145,0.6013389613243412
2027-06-16 00:00:00,25.59708073355618,26.237764284470007,27.418810936058822,28.18939230079526,22.62283977268897,21.175393003806988,25.272448626400482,24.860187869697736,11.773624891113839,25.361088589467126,26.886145537725437,26.014607815476953,26.115585417878034,-0.10097760240108045,28.673847569664186,28.709410712072422,28.498950614166503,-0.035563142408236104
2027-07-16 12:00:00,25.19625353820942,24.817350500672873,25.924585646949204,27.56636717883276,23.08547669583003,21.67024457086569,25.627774310593257,25.38549836067124,10.40488674084459,25.62839215791578,26.13662465963094,26.351403889616037,24.986585905676783,1.364817983939254,27.824474478353697,28.452561357543317,27.727076011785243,-0.6280868791896204
2027-08-16 12:00:00,24.790625640068168,23.67552157938288,23.989959899184203,26.261101034281328,23.52606307326179,22.217780264473138,25.96924226884008,25.803510753189414,10.200129202782469,25.86033002717304,25.715518200434225,26.559795233525815,24.248915099121792,2.310880134404023,27.497736187749528,28.458595412060273,27.471723062739365,-0.9608592243107452
2027-09-16 00:00:00,24.710581921441506,23.913626961087342,23.669404899910415,25.458198201225162,23.69702977967715,22.38648932871367,26.193366706615254,26.1241392261156,10.375444596064886,26.057920542655836,25.72820246768649,26.78697686103824,23.979358615576697,2.807618245461544,27.913080569888066,28.572648335264116,27.81232433939928,-0.6595677653760497
2027-10-16 12:00:00,25.030010693281223,24.419980773992922,23.88743508965961,24.859613924119817,23.740326969540185,22.45293242567306,26.268064514979983,26.278017804727632,11.445153599810816,26.151271011794737,26.10574310086343,26.94092602154662,24.518519682464,2.4224063390826203,28.04835560323169,28.8501261184192,28.129690884507855,-0.8017705151875099
2027-11-16 00:00:00,25.699340570934954,25.096994636362542,24.307855573166446,25.241284930813816,23.183761359713724,21.926439261594343,25.61403622105111,25.47420552342656,13.52706413457657,25.490090783655482,26.70031859625559,26.244227867056075,25.228817488819367,1.0154103782367088,28.205341000237123,28.787677707675225,28.261445940622966,-0.5823367074381025
2027-12-16 12:00:00,25.99308861404775,25.53662129698231,25.108788286273267,25.793931077666088,22.263916573987938,21.06050766050287,24.885259687991667,24.585830087824494,16.161943275607044,24.75885538458977,27.166398687752782,25.479158964603823,25.888604530857435,-0.4094455662536127,27.858603024830927,28.81000374425121,28.034389279565616,-0.9514007194202811
2028-01-16 12:00:00,26.549985058301118,25.964578106590356,25.3819213064973,26.136630606225715,21.35034038810458,20.085862242761,24.106623080760865,23.66788591919072,17.731882107921994,24.01379838948212,27.522149982647093,24.70147336603693,26.623272636376715,-1.9217992703397861,27.47965004203785,29.082742869023694,27.9980043569278,-1.6030928269858435
2028-02-15 00:00:00,27.273937372514734,26.52697144778275,26.591915935143188,26.83134459097461,20.752999444184653,19.441228163563608,23.693559158228233,23.20002184115131,18.19855577650779,23.67332936392343,27.882992330065065,24.345200162870267,27.314613548647824,-2.969413385777557,27.769955891394382,28.925209960848257,28.29994243016794,-1.1552540694538749
2028-03-16 12:00:00,27.798845631518628,27.159315204385436,27.239102560723985,27.508629567420755,20.6647017267676,19.500174869785095,23.80895841368819,23.282265299070406,18.250632221191747,23.799086841779264,28.218617164232587,24.45382022360259,27.810167556598515,-3.3563473329959237,28.30615688396821,29.11225455961357,28.45066374296117,-0.8060976756453613
2028-04-16 00:00:00,28.078540546829373,27.225135029655064,27.284903188408226,27.87882905332654,21.008512009257707,20.070280114392812,24.04104300879319,23.63078035405459,16.660742520825956,24.09199506897882,28.184695540598327,24.750281474720964,27.68567392577032,-2.9353924510493563,29.204803726190267,29.23226491997449,29.105405592517073,-0.02746119378422307
2028-05-16 12:00:00,27.293468714967833,27.18422906231848,27.492133648831352,27.994029669380954,21.90088897165554,20.565009338689205,24.505448052805495,24.106320640390766,14.176409057174272,24.580689341747533,27.68853415282365,25.203701352925624,27.069157658970482,-1.8654563060448588,29.173184445399578,28.862218306278308,28.926674310736942,0.3109661391212697
2028-06-16 00:00:00,25.193695572114528,25.967580331456222,27.195139357626346,28.10630589642777,22.664652731039457,21.246534835259506,24.89299738515566,24.609985616128625,12.595400098423356,25.001503054381445,26.850220681463004,25.713360450764903,25.885401372692776,-0.17204092192787357,28.31510115021645,28.836324371955627,28.181788504375216,-0.5212232217391772
2028-07-16 12:00:00,24.387012801540664,24.099542009776858,25.565202041767055,27.499890050650386,23.326969928003244,22.010829334126885,25.41687573084689,25.269392503528334,11.011599323910877,25.455626622174954,26.016185382793438,26.192025569875288,24.843305752642355,1.3487198172329329,27.711141023053834,28.42915986278172,27.492311793716123,-0.7180188397278862
2028-08-16 12:00:00,23.736193944016872,23.1160978911827,23.661738207091858,26.1328996068743,24.035030329719802,22.7022199365843,25.99560868538541,25.993573369342005,10.696939826776006,25.91322250210748,25.527377697915444,26.62520544234683,24.104138768531676,2.5210666738151524,27.742920157816798,28.093717103097124,27.527199888033245,-0.3507969452803259
2028-09-16 00:00:00,23.87421943418895,23.122172111911507,22.957717040390904,25.164152276715487,24.13281117478314,22.76084428724914,26.392982161590265,26.46906378955531,10.838941091287095,26.204650880689734,25.569055685187323,27.013238310900704,24.069182378371323,2.9440559325293805,27.912373219639235,28.35295269418866,27.881953410272317,-0.44057947454942337
2028-10-16 12:00:00,24.58906697465322,24.149243854819627,23.692055953720107,25.24502551568125,24.1401882631242,22.764508480841442,26.292960111552,26.302804872578456,11.957448098424127,26.199281963616894,26.003159645787996,27.00504342745092,24.697243244375144,2.307800183075777,28.243920971062938,28.711840530176996,28.254118829597868,-0.46791955911405836
2028-11-16 00:00:00,25.19462186132056,24.865445097024065,24.336308391218704,25.34913856385828,23.706994862039437,22.553001891072793,25.913395691148715,25.66027965744512,13.873581072082766,25.813391248337677,26.51542585181292,26.415996932706626,25.451686856092383,0.9643100766142432,28.167095050808097,28.85194118562996,28.14839126346809,-0.6848461348218642
2028-12-16 12:00:00,25.679722719546003,25.18832826735979,24.664754830036806,25.566108749385254,22.66101129658127,21.48159976247475,25.154624324137295,24.77912550231538,15.468426945876685,25.023574426331166,26.955527847753707,25.609778495815483,26.005314931684186,-0.3955364358687028,27.890571254340635,28.858169129931728,28.054962155172053,-0.9675978755910926
2029-01-16 12:00:00,26.258344427117958,25.98139459610618,25.264627716032866,25.840351294636545,21.631861366340853,20.427416161274135,24.291086239633195,23.90216196180654,16.735564578758094,24.240257853845826,27.41861616775791,24.882635263467392,26.724627968997183,-1.8419927055297904,27.700027354051088,28.75528150160829,28.129727230992252,-1.0552541475572035
2029-02-15 00:00:00,26.901660364580838,26.519720350011806,26.57348433317354,26.602420584969533,20.917754159402214,19.611536972088768,23.72562979221066,23.244831059067344,17.053551693850636,23.722443731576572,27.79005203830501,24.34124237026565,27.203028747674498,-2.8617863774088477,27.729676648843487,28.672121782618472,28.209581603596185,-0.9424451337749851
2029-03-16 12:00:00,27.25031418548155,26.79389026442298,26.791902352347517,27.255505532478367,20.715191148773116,19.396471099466154,23.625558418043855,23.021590670739855,17.438112903519514,23.620075570400676,28.03698064196274,24.175873012131,27.496476938601518,-3.3206039264705183,28.394396573507468,29.10516842217652,28.814810148622065,-0.7107718486690509
2029-04-16 00:00:00,27.77413729323644,27.665569970675048,27.548529069951833,27.784418565373677,21.05053312794262,19.82229086960062,23.967095880329687,23.37246379652855,15.547120607383732,23.971758503186702,28.051242451408296,24.48628494753216,27.563648683762622,-3.0773637362304633,29.013099067282027,29.067441051911054,29.23214664089194,-0.054341984629026285
2029-05-16 12:00:00,27.022272960342708,27.661171298963566,28.299679343628128,28.53142030582752,21.70118071135545,20.390405147376228,24.450297401047116,23.90287722235539,13.824489193276515,24.492454170948637,27.635727844623226,25.048690983345022,26.945331787497537,-1.896640804152515,29.213918555717022,29.021385215471692,29.03429384343133,0.19253334024532975
2029-06-16 00:00:00,26.056455032123893,26.437191202422266,27.6412992875811,28.536119895274645,22.552236536451957,21.085023204756823,24.897342908601797,24.524130739044832,12.213388243533307,24.98566945683294,26.900428596767668,25.68610793318532,25.92250520964359,-0.2363972764582698,28.605251592371104,28.88143550502784,28.453626678087193,-0.27618391265673736
2029-07-16 12:00:00,24.675844950669003,24.55686474251666,25.95072979116259,27.596331651645322,23.352087746464907,21.958611172059044,25.43793626057727,25.19392023481076,11.114177890411145,25.474211892113875,26.04216127415546,26.197217505889093,24.839705985373183,1.35751152051591,27.942043795988102,28.564804872824595,27.737635693037273,-0.6227610768364933
2029-08-16 12:00:00,24.647181194318275,23.760528635649802,24.144064701453186,26.19014948863084,24.059141833881018,22.702698052751572,25.910491487698735,25.731966425641343,11.07295229880169,25.881067798670404,25.64940104188589,26.521325230808873,24.09500535002341,2.4263198807854636,27.69325811839616,28.49073299434998,27.58980801720127,-0.7974748759538208
2029-09-16 00:00:00,23.658512205587446,23.456331757081852,23.253320091865323,25.134163863864593,24.243886824387353,22.857691196312555,26.327073613197143,26.276679498493536,11.266076959342758,26.21221787075215,25.562109258473704,26.911134909071553,23.959399917577684,2.9517349914938684,27.64928262305754,28.482934803508222,27.710178942878066,-0.8336521804506809
2029-10-16 12:00:00,24.388085636415603,24.13801275183181,23.692592410647503,25.259675679873926,24.326908610539157,23.164106872608034,26.40756681196623,26.5327162521534,12.40442509589544,26.350052206425573,25.91912878582346,27.147662677271708,24.523756252666303,2.623906424605405,27.782407750624586,28.660046706482134,27.873413253394254,-0.8776389558575488
2029-11-16 00:00:00,25.507687708597285,24.645458179978448,24.159136431331035,25.43353777448863,23.799207054064606,22.917230011027197,25.93484105235411,25.953372207975523,14.125904134246685,25.986281496822706,26.480093331702722,26.679638475478416,25.239037804033718,1.4406006714446988,28.01527181775236,28.52650093368419,28.147668416844883,-0.5112291159318296
2029-12-16 12:00:00,25.71664804264916,25.268023512029817,24.973398248863354,25.845680383760627,22.775414283026244,21.974127277797738,25.31613708945084,25.176968323206662,15.816316587052434,25.302847861430745,26.894123815811586,25.936133647077625,26.031203695913547,-0.09507004883592174,27.89007697448536,28.777586453277866,28.169350908972962,-0.8875094787925057
2030-01-16 12:00:00,26.846618658000338,26.025460377746327,25.57914793240059,26.43549907000974,21.590763001868744,21.027935148362527,24.65341818663527,24.48512237046132,16.647598997614693,24.571039358803347,27.376508570932742,25.308850926656085,26.734760368179003,-1.4259094415229185,27.703961722053496,28.974439751779318,28.202702100162373,-1.2704780297258225
2030-02-15 00:00:00,27.471315690243372,26.690416494969188,26.211495218729898,27.01484213374687,20.976553520247098,20.350567355850707,24.294075150632818,24.019162504798157,17.10062697663319,24.1909743921056,27.767804373576716,24.99465938113501,27.205625456293276,-2.210966075158268,27.80640810844582,29.231803251942527,28.36736209116701,-1.4253951434967078
2030-03-16 12:00:00,27.755973602633794,27.305233222867006,27.236902921043963,27.257782735290895,20.912087773061128,20.171616779343463,24.213422303255665,23.797847148944463,17.236823295617786,24.167636647576753,28.083369213213686,24.90083519950151,27.79158189222351,-2.890746692721997,28.361597038955637,29.276485822705208,28.829590844978682,-0.9148887837495714
2030-04-16 00:00:00,27.91288915369759,27.830794325555978,27.88905639452226,27.958525177426477,21.19397985254191,20.282318355325792,24.490445888653294,23.867809179482606,16.38484262920827,24.386297931535715,28.172061180156724,24.976094727099127,27.681746551708212,-2.7056518246090846,29.175645159523295,29.091527162181936,29.37879174863706,0.08411799734135883
2030-05-16 12:00:00,27.62951683904941,27.66972993311364,27.92711256016512,28.383358962012892,21.764675849205066,20.852605599496467,24.771614289881143,24.13846812854504,14.603207549112732,24.708150895389583,27.713531159126326,25.250712992993677,27.04170648407933,-1.7909934910856542,29.44804651678957,29.019223973815993,29.380427942998107,0.42882254297357747
2030-06-16 00:00:00,26.326915601620094,26.856999785012658,27.773658761902787,28.561048296011137,22.47577533053834,21.350040708577588,25.081189758227865,24.548829140407054,12.195928491836074,25.060724502223806,27.006768438794904,25.689144179889446,26.229008275436993,-0.5398640955475464,28.94112328034908,28.906316504324966,28.637771601661115,0.034806776024112196
2030-07-16 12:00:00,25.574616268158273,25.222473924895084,26.26011269369946,27.95483884295088,23.29397922933405,22.15492210872629,25.65940084879293,25.351135289543215,11.320923909218145,25.623476484034963,26.224066809377565,26.328393528832287,25.32405857435752,1.0043349544747677,28.070033354383316,28.773998293598726,27.812725988708667,-0.7039649392154104
2030-08-16 12:00:00,23.696279022845808,23.83235160605559,24.426322331364503,26.758238971840242,23.930225770821696,22.756113111220362,26.086424876862505,25.884117483741,11.066772622011413,26.02765401132729,25.69296918460128,26.722611356959188,24.59162238077402,2.1309889761851686,27.759381868939922,28.538346743749074,27.56741803989917,-0.7789648748091516
2030-09-16 00:00:00,23.19484112424265,23.41233078957244,23.687183630435964,25.786376138521202,24.276028282571108,23.087304945772686,26.528394440536193,26.45163813269017,10.873507974630826,26.423890091539235,25.63594305360153,27.214304135705238,24.500328933436958,2.71397520226828,28.016682219368477,28.473745769467264,27.837344046512424,-0.45706355009878763
2030-10-16 12:00:00,24.774345563161596,24.10776397115869,23.557766751018374,25.252309415937106,24.216413037582768,23.08801950989627,26.47889833796731,26.420961757481315,11.794745171487126,26.392425093281265,26.008686145454153,27.133826848915863,24.902637704473516,2.2311891444423466,28.057450020145538,28.61867419214476,28.108045487273877,-0.5612241719992213
2030-11-16 00:00:00,25.38250764715826,25.089107431840898,24.78695477525372,25.69569960509247,23.64563033323092,22.629607657034008,26.066205408957256,25.889770783460925,13.379185295434695,25.927344841590205,26.57968109111296,26.603596844237515,25.61692562212041,0.9866712221171063,28.209729115115906,28.667922622273803,28.45988956666911,-0.45819350715789753
2030-12-16 12:00:00,25.948154528556106,25.205359612224147,24.904666327237592,26.082431152597465,22.432429913914774,21.439869841531923,25.43109482911338,25.105292541166296,15.030689019083193,25.208096739403388,26.95475232642469,25.887822927237828,26.10125331204171,-0.21343038480388188,27.965247645856824,28.732168608397668,28.309851899113788,-0.7669209625408442
2031-01-16 12:00:00,26.941393567723143,26.315797749324208,25.74039303394406,26.7706554628128,21.653200728747343,20.70695193894137,24.753149903951787,24.443453382465535,15.637211900612886,24.542324167544653,27.427647761146893,25.2452960928998,26.642620270890703,-1.3973241779909031,27.918370366945457,28.99989668249776,28.395262519498075,-1.0815263155523027
2031-02-15 00:00:00,27.80307168287255,27.3149637876506,26.943189640085457,27.042303550058822,21.098673659481456,20.121291591801583,24.232881383915007,23.927469984171328,17.10127072840981,24.13947306770928,27.908745773187952,24.88779310390968,27.26791734501547,-2.38012424110579,28.12311221991994,29.134801857558173,28.689006684354997,-1.0116896376382343
2031-03-16 12:00:00,28.411779265148237,27.72768593835335,27.687489521575788,27.65238062261743,21.031973569002584,20.198234908807578,24.380451249747374,24.066079120809306,16.725618054528894,24.34858941771695,28.27706770731772,25.083327432858145,27.656027894386728,-2.5727004615285836,28.916950410497307,29.124847278450442,29.306245178762044,-0.207896867953135
2031-04-16 00:00:00,28.499680341161124,27.871161757849578,27.873663188228537,28.25863672870024,21.14528809127434,20.249461421666698,24.5312837574481,24.087062511024467,16.071916507459633,24.492577977430106,28.237839161268656,25.214981665526693,27.594216217493077,-2.379234551966384,29.569576175260448,29.234032608998454,29.609829640718395,0.3355435662619932
2031-05-16 12:00:00,26.88975834732314,27.403714713544844,28.224305118222226,28.48776108841133,21.56142519595399,20.469318901532837,24.690051859484935,24.149994342914763,14.548979417759057,24.66900488064518,27.692809560266234,25.378350579888107,26.915256477005116,-1.536905897117009,29.475799219046948,29.116253278188157,29.143188102140286,0.35954594085879066
2031-06-16 00:00:00,24.766359027796145,25.537361318902512,27.012874915181076,28.35840082966829,22.257630392578356,21.07582167081303,25.189933736897796,24.89457381764253,12.453960657010544,25.185024525748567,26.82702962698755,26.034159905652732,25.89803127319609,0.13612863245664286,28.872850779484743,29.140596364606342,28.42080265802401,-0.26774558512159885
2031-07-16 12:00:00,24.267925562017012,24.095517291740745,25.054691250080452,27.02760152203752,23.185729209220337,22.00546343089056,25.604842086877106,25.421503677413103,11.019501578407676,25.59685401138794,26.010672686802224,26.400554152452,24.985307222904336,1.4152469295476635,28.001976566028773,28.787367782503058,27.688702010069857,-0.7853912164742844
2031-08-16 12:00:00,24.868370067829165,23.510911876053907,23.340552574142457,25.359278824573963,24.020682927037605,22.796569479257606,26.15130782999024,26.01844439557358,10.489865063497751,26.06975930926508,25.586278797900633,26.728425637901015,24.275520503492242,2.4529051344087733,27.684566044474877,28.64345695717066,27.481146498385304,-0.9588909126957823
2031-09-16 00:00:00,24.71205596408182,23.498999981135892,22.93501150035549,24.830538336534044,24.013083528223238,22.781155107909612,26.457958109344972,26.380150152745365,10.935490645815348,26.322767998908763,25.570513269759278,27.077806292814522,24.288145276359955,2.7896610164545663,27.746046818823313,28.605526034896585,27.63813783661566,-0.8594792160732716
2031-10-16 12:00:00,24.988509368749995,24.323655423861332,23.972829274850692,25.036960063113874,24.01115185149193,22.860552457498038,26.41562859919408,26.428013923204567,11.55561017570947,26.329106954459192,25.981182684764057,27.148444107270432,24.674701697138072,2.4737424101323597,28.146601785302476,28.877069723590935,28.241480771819106,-0.7304679382884594
2031-11-16 00:00:00,25.616999563771866,25.413015121025968,24.90630912002319,25.04837185055721,23.738101409198407,22.751096346252805,26.068753640134034,26.005220234562156,12.853735186397396,26.01730990680557,26.49299374244445,26.718516629366597,25.4498608748313,1.2686557545352954,28.095078471878924,28.774852766687427,28.16448718292032,-0.679774294808503
2031-12-16 12:00:00,25.88883410812896,25.696284870885314,25.058656093776506,25.67580163069409,22.64913734537448,21.559214617332408,25.310710546371993,25.106844964450918,14.99975887772535,25.19375178518869,26.943890064088375,25.887470785908043,26.385259232275985,-0.4977884463679416,28.005933716824618,28.42327478030738,28.300157460964293,-0.41734106348276256
2032-01-16 12:00:00,26.77247460234154,26.224220285510462,25.716506922698876,26.341946606473865,21.805969756770462,20.86842223991,24.63564277039655,24.31619881548219,16.193214899542678,24.57045781185396,27.4158586870836,25.199198655616712,27.3709401117294,-2.171741456112688,27.74170389327885,28.465298376979813,28.20231055980459,-0.723594483700964
2032-02-15 00:00:00,27.672710066383484,26.843309286565212,26.634860277619303,26.62583075337751,21.290458534744495,20.383791724654465,24.26666604073933,23.880880692943055,16.740643755838477,24.25301237453901,27.791371746252885,24.822174657403682,28.050487974739468,-3.228313317335786,27.80471014607517,28.53426107198855,28.212299522339507,-0.7295509259133794
2032-03-16 12:00:00,27.73847433431134,27.419553640059686,27.495601711996056,27.217004442870852,21.18544292734563,20.34706316074751,24.30542458983076,23.962216039766584,16.235092876923407,24.34722729613261,28.11172667706341,24.934075216110024,28.459678764087382,-3.525603547977358,28.68443253264311,28.62242455633893,28.9743345278313,0.06200797630418009
2032-04-16 00:00:00,27.555962566514946,27.831588827515148,27.805457673339962,27.96460719577807,21.428169037184368,20.467782326399423,24.59932074768862,24.083671136499333,15.078232956236949,24.58676574199724,28.116145575797972,25.111583823345537,28.38133510902304,-3.269751285677504,29.346654698101112,29.119658372397616,29.32328440542592,0.22699632570349593
2032-05-16 12:00:00,27.33281727165229,27.322929450358117,27.832757627949782,28.275709675416405,22.346810656341948,21.239918419125303,24.993373177686262,24.59657179120558,13.09763078880002,25.08709414233072,27.60825341601032,25.645836387277996,27.49361945169757,-1.8477830644195734,29.4167533413995,29.09241106387253,29.096158653551843,0.32434227752697
2032-06-16 00:00:00,25.848206024274084,26.100707628873522,27.233704718258497,28.27941759095521,22.982155502095548,21.630500624810573,25.39442870812103,25.096393552145955,11.823745962802922,25.502227101194276,26.841081267981927,26.153094443813426,26.355171716005767,-0.20207727219234073,28.532491899456055,29.020965262479997,28.11258030325517,-0.4884733630239424
2032-07-16 12:00:00,24.86605967318692,24.750106084083132,25.853768508686272,27.461450468516304,23.53796060702957,22.130439162423183,25.81338662206324,25.6060175216306,10.612632552550442,25.869752204489316,26.084608661115233,26.59626307934865,25.33621101655134,1.2600520627973104,27.682412013427413,28.88426588059729,27.34962268495098,-1.201853867169877
2032-08-16 12:00:00,24.1346595979574,23.621870119781867,24.303684539169122,26.154543009323774,24.268365240774013,22.908413083475356,26.311413576557584,26.154456285384228,10.36260798217216,26.24984146378729,25.654055933395433,26.873890860226876,24.43346443951314,2.4404264207137345,27.674878203593302,28.760764055697976,27.48195314569745,-1.0858858521046741
2032-09-16 00:00:00,24.10394758149202,23.3489528088148,23.335548378851772,25.422009525853312,24.672760873966162,23.323429361031735,26.78625980278596,26.717322322338514,10.323661648737113,26.690017161937448,25.615775739898723,27.299331025567216,24.23401954558266,3.0653114799845547,28.051504496978858,28.846789083286506,27.77852507825505,-0.7952845863076483
2032-10-16 12:00:00,25.280217422985018,24.24948173755999,23.525578728322827,24.911781056007896,24.530931306310745,23.234615943128226,26.858865980908252,26.806002863732544,11.523336689377588,26.784483561661144,26.026856195724072,27.449556136627404,25.000725270873616,2.448830865753788,28.40400962422177,29.009215253892368,28.39777881129841,-0.6052056296705963
2032-11-16 00:00:00,25.934310304604935,25.211638220938866,24.274202537908693,24.64423602403586,23.89393322539468,22.519160518048846,26.282141456803668,26.110496323205524,12.922196940595477,26.18024545671338,26.54510101788406,26.79098554563547,25.90641508248643,0.8845704631490392,28.525825813278207,28.975658703297338,28.55737005391443,-0.44983289001913107
2032-12-16 12:00:00,25.9839088240027,25.345086239920896,24.317905717559128,25.192976679707893,22.77212663687916,21.68762427864176,25.617427119815865,25.31264322028418,14.461289382647939,25.49801312777871,26.956269101160483,26.067309974344983,26.629470295694507,-0.5621603213495234,28.285000989823285,29.045322448278647,28.637692576001964,-0.7603214584553619
2033-01-16 12:00:00,26.521834976378393,25.90583935062317,25.720024861286046,26.326857033431946,21.554382459484717,20.56210138214432,24.928253084048297,24.56789546468901,16.121395414632246,24.818964976166633,27.35103342049893,25.53793851312509,27.39671413775866,-1.8587756246335694,27.810969081209983,29.03665550138603,28.393448396170314,-1.2256864201760465
2033-02-15 00:00:00,27.26544134339754,26.677592406625507,26.38076812773342,26.566820542855297,20.94960570963302,19.934246064938975,24.62142604116966,24.081396854039873,17.351860257340483,24.47474111784705,27.69307818272842,25.193155048928737,28.00891138331832,-2.815756334389583,27.975737220332178,29.03267467415101,28.599286547474772,-1.0569374538188328
2033-03-16 12:00:00,27.88522459992507,27.691478441500564,27.44043255723078,27.074544247828765,20.84912023680736,19.972311319785067,24.530006328204863,23.955742428192117,16.157485124501562,24.43522315236069,28.094615563112555,25.105476302348343,28.169006780740393,-3.0635304783920496,28.455611589952863,29.144882539863023,28.958059946047612,-0.6892709499101599
2033-04-16 00:00:00,28.086352551705808,27.26509146813074,27.50072006311561,28.044863327837398,21.195930915094852,20.181280295964516,24.61854396175586,24.041082811879416,16.077201099937312,24.553370771628295,28.117014672963823,25.190882495786052,28.103527529564616,-2.9126450337785634,29.08689626949476,29.096098480419897,29.32149567604715,-0.009202210925138843
2033-05-16 12:00:00,27.687697649257306,26.900048385267567,27.3829685129741,28.29826938230616,21.856079464582084,20.449828617111525,24.881758423379452,24.28477068529878,14.63721734163464,24.838353893062685,27.657703463386238,25.45391503915621,27.123521103542345,-1.6696060643861337,29.239743278650952,29.003599476482822,29.019333368365558,0.23614380216812947
2033-06-16 00:00:00,26.16883878858325,25.88649927809053,26.82771459710093,27.843231969460774,22.394876152360876,20.85733537092216,25.10185585019169,24.52999768154317,12.673892970399995,25.10791163441034,26.854771129613436,25.749395577076005,26.092905752624972,-0.34351017554896757,28.500267107651236,28.878809184383584,28.283914629221456,-0.37854207673234797
2033-07-16 12:00:00,24.805372212555632,24.430573707926865,25.305303196964484,27.09867270972721,23.0377131519613,21.58761203265332,25.449506472527936,25.03159426753581,11.074506534313551,25.458853135804233,26.03740438965291,26.1358651496607,25.114161218451468,1.021703931209231,27.750942998442603,28.57880218090197,27.58050849097276,-0.8278591824593668
2033-08-16 12:00:00,23.572990478458905,23.017561099640545,23.489262402577623,25.993880982733533,23.536405684824096,22.152329334279973,25.93234441858938,25.666985913369345,9.898504935155774,25.831485882841797,25.492357243240154,26.506331944673665,24.24101162822046,2.265320316453206,27.599818305123915,28.423871382203398,27.40117271628016,-0.8240530770794834
2033-09-16 00:00:00,24.775361288334654,23.787688468721942,23.304299717356045,24.985607328998206,23.895103861687417,22.72603747586331,26.58538952474397,26.61940833065853,10.453010919444779,26.36277120402876,25.58823443948532,27.21991427200555,24.177536738332858,3.042377533672692,27.662537738423545,28.632525997997924,27.669376329082404,-0.9699882595743787
2033-10-16 12:00:00,25.617476949992202,24.761540337273438,24.055505836176206,24.817058428864254,23.84767355426575,22.758287151777694,26.52978485442427,26.598457589673444,11.747302837840923,26.377405864846388,26.084604741212818,27.27818505386505,24.890588558886158,2.3875964949788937,27.9706776852656,29.01397091566068,27.989008185347785,-1.0432932303950793
2033-11-16 00:00:00,25.590324364958597,24.96957224392155,24.387308398319817,25.075833546379325,23.195633920351444,22.102323671463285,25.926448643370527,25.707722497737084,13.13442676892947,25.757182672913405,26.636104243125285,26.484114247886147,25.93622096638937,0.5478932814967763,27.996276030776187,29.003503791481887,28.14973827863498,-1.0072277607056996
2033-12-16 12:00:00,26.240279925014573,25.97016418969632,25.082239877175617,25.48187354574599,22.13681486685169,21.160111351540795,25.167650712314835,24.86068489463704,15.485001129019848,25.015354573883453,27.127300165135154,25.799201712666406,26.648683860594872,-0.849482147928466,27.95890339365512,29.010047998867694,28.305219568306608,-1.0511446052125741
2034-01-16 12:00:00,26.838906094762866,26.4525115861976,25.738061210353905,26.059950264940653,21.169046294219342,20.17383491214983,24.231275001957474,23.87618073288268,16.273121969281352,24.202858187132588,27.50592889821317,24.98443501287087,27.193248064292508,-2.2088130514216395,27.629794834934135,28.953261940565714,28.26932677144573,-1.323467105631579
2034-02-15 00:00:00,27.61479636969372,26.519327524656727,26.67687347814625,26.774672755991407,20.797184132364503,19.723542117501314,23.865310868673713,23.36605453618496,17.568991169841265,23.86396254340713,27.910039109880444,24.49291124499391,27.81412658775979,-3.321215342765882,27.811872071234504,29.254284496256737,28.327405697938655,-1.4424124250222334
2034-03-16 12:00:00,27.782955017941077,27.152416030726712,26.98140408042227,27.251527890708147,20.771357279156344,19.65349568158361,23.897289815134627,23.351238672840278,16.859278877934642,23.903865009227655,28.130035665093107,24.456752775667574,28.20665160501003,-3.749898829342456,28.510976086407183,29.204126467450855,28.9080004219103,-0.6931503810436723
2034-04-16 00:00:00,28.20948643871699,27.580205828446367,27.542929445852682,27.726770012967734,21.101521752363272,19.955680596507715,24.106296712645587,23.54669931656825,15.845829110933675,24.12847023521932,28.09896688751237,24.64643959184556,28.184056640333537,-3.537617048487977,29.14243528154052,29.02618354552204,29.340547633191882,0.11625173601848005
2034-05-16 12:00:00,27.753011635990838,27.365898176933094,27.59065784855919,27.918219760323403,21.680751806138513,20.433107107474367,24.46899491629458,23.978246736223415,13.530974676311022,24.51177306100862,27.642035793463922,25.085184826252053,27.583761122705443,-2.4985762964533897,29.41711979447795,28.99371203351256,29.19404540649266,0.423407760965393
2034-06-16 00:00:00,26.573102736042795,26.210611978441808,27.30640598056328,28.249505055170477,22.59822657576793,21.204806215023208,24.929464659313698,24.609745903511964,11.692689544711504,25.041582139924927,26.849098818480453,25.720893997629005,26.314361544715386,-0.5934675470863802,28.751712983875645,28.78940802688133,28.35673471738941,-0.037695043005683715
2034-07-16 12:00:00,25.083556003290884,24.81957265141211,25.911570177063485,27.634403046095855,23.027819438890372,21.802173977580527,25.500069642860222,25.391198874866706,10.799641114686512,25.534411228959108,26.050703439570896,26.324955977420966,25.160192185893003,1.1647637915279638,27.952828378046284,28.382273607244585,27.704711201081757,-0.42944522919830064
2034-08-16 12:00:00,25.385215742188944,23.832975352510527,24.03355703515872,26.261184191185063,23.648159610036096,22.52240058137237,26.047371523629778,25.96364761051862,10.494203868873868,25.97414023284317,25.65119539805086,26.686143597929792,24.447498454785954,2.238645143143838,27.691715039078954,28.210571758892517,27.54796631277794,-0.518856719813563
2034-09-16 00:00:00,25.00130277777522,23.80769252821842,23.52442847535417,25.6239668639041,23.966195384857443,22.85201377428501,26.503483666415264,26.508402060813125,10.300904299871881,26.371680096725413,25.667043469545384,27.14819914456534,24.330168536105027,2.8180306084603117,27.90204401974689,28.293298160265493,27.826128066283573,-0.39125414051860474
2034-10-16 12:00:00,25.46922838756512,24.62779693379798,23.734520677074382,25.17125001383792,23.839811304308505,22.73292452252327,26.323603396414804,26.349608137796398,11.424909093435677,26.265771767723972,26.12739001573309,27.089974887955858,24.686797283990817,2.403177603965041,28.143333395328877,28.642028849648213,28.128591141811253,-0.4986954543193356
2034-11-16 00:00:00,25.5228813949287,25.248613905272137,24.610598696431897,25.491468019730917,23.328619649010754,22.15044765207322,25.732396778419375,25.534605931346295,13.360411684446545,25.648358474922414,26.658023856002135,26.36212467797736,25.346000075664858,1.0161246023125017,28.10126417195741,29.013091210237025,28.148199326104777,-0.9118270382796148
2034-12-16 12:00:00,26.134911257652675,26.042668416828405,25.48505758122495,25.908202178442426,22.589954232760213,21.361620813401515,25.07977953844264,24.76400762835748,15.176767249127831,24.97125387406816,27.124493796023692,25.619949441238003,26.02041139473633,-0.4004619534983256,27.850968860820867,29.13390735944959,28.000664424129166,-1.2829384986287238
2035-01-16 12:00:00,27.11581676342167,26.087915220011183,25.74895899646037,26.290929993046568,21.677213290403664,20.356537090034394,24.275836941743357,23.865655984011422,16.578683177861695,24.260770967365072,27.50396568479038,24.896308246957084,26.71841227419439,-1.8221040272373052,27.90090377043133,28.82221741730791,28.337100239114854,-0.9213136468765803
2035-02-15 00:00:00,27.46501719317878,26.4171236110783,26.457920627501643,26.80178033949639,20.991958013126144,19.6134300598544,23.748654157538652,23.27721554725889,17.242091648093936,23.82317672096317,27.857382282576758,24.464531040633403,27.43006025282358,-2.9655292121901766,28.24761502407205,28.938595670663528,28.77537594311161,-0.690980646591477
2035-03-16 12:00:00,27.539882725515206,27.031839771362645,27.112694305531875,27.485302458461963,20.98561221085776,19.88512474964769,23.84608148236467,23.35333089219418,14.907258497953812,23.955257949381046,28.15023762833766,24.544806925480202,27.895629459370266,-3.3508225338900637,28.84806364251647,29.139795486778805,29.236817249929604,-0.2917318442623369
2035-04-16 00:00:00,28.137845270248885,27.97541455827471,27.947986113336384,27.91610129198003,21.508073132890917,20.394781165934546,24.307546841932126,23.78207340794294,13.939995702958212,24.44920888617054,28.198011166772915,24.964029957251665,27.811544714511147,-2.847514757259482,29.47370725365741,28.95323010601581,29.619301479297174,0.5204771476415999
2035-05-16 12:00:00,28.108993872049275,27.854340234970614,28.24281456433699,28.60618817257674,21.946091373510846,20.752270392450146,24.634624996860992,24.22134653206205,12.631579139563163,24.817571482362876,27.820269642474432,25.40864546912208,27.19220244801672,-1.7835569788946373,29.638698932618738,29.085518564113208,29.475008850978366,0.5531803685055294
2035-06-16 00:00:00,26.493735249449006,26.197856330548067,27.3462838337248,28.493031243234363,23.04089773100948,21.76920250196292,25.418389093608027,25.36225520202722,11.040621002751466,25.590651567287132,26.98920966452687,26.383241335080516,26.10049690980504,0.2827444252754745,28.71516099306342,28.950642838493856,28.598790703213336,-0.23548184543043504
2035-07-16 12:00:00,24.010660585541114,24.495530195964122,25.770543554856975,27.60625877529867,23.57817979480495,22.423922866209953,26.083742580282667,26.16268221968909,10.345620265254194,26.046489310770426,26.145297045168046,26.92310866348484,24.951777912829574,1.971330750655266,27.726202452218047,28.81380866981743,27.561276132982844,-1.087606217599383
2035-08-16 12:00:00,23.948983379735285,23.254245053009036,24.12162853731312,26.41457279279503,24.453557448243014,23.292064975556677,26.462569683369797,26.47086062582476,10.395483595767237,26.3262359987207,25.724579235236614,27.045313189920062,24.215297422824552,2.83001576709551,27.731881243764708,28.61849986393327,27.595954954743036,-0.8866186201685622
2035-09-16 00:00:00,24.188079790884434,23.07472277385265,23.08250165195466,25.388336458734635,24.653414236867174,23.39772204853464,26.747816511756966,26.736174376446062,10.68606979155724,26.56566614659965,25.662942650650766,27.236495798349875,24.256005607929822,2.9804901904200527,27.96084085417898,28.6437521182298,27.873454147015952,-0.6829112640508193
2035-10-16 12:00:00,25.220930475756244,23.878169139950913,23.34107147629546,25.224156356414873,24.546949400393427,23.41166297910375,26.815309133398717,26.879074436839996,11.369496633136503,26.66222464264477,26.11650206999019,27.43936557779268,24.927142525528097,2.5122230522645843,28.410600173577805,29.01162794123702,28.3593407113637,-0.6010277676592146
2035-11-16 00:00:00,25.762855039670626,24.68101401263349,23.87374112575911,25.29116987939403,24.024964613566787,22.950681313114327,26.21408756661025,26.10279104447467,12.658248776695087,26.092401763805505,26.626073465026195,26.729447905498112,25.844955329685753,0.8844925758123594,28.52115726690043,29.11087396710678,28.484917937456796,-0.589716700206349
2035-12-16 12:00:00,26.026446117087453,25.548410751741343,24.92414549136999,25.77332362806559,22.946335395996375,22.280781508348188,25.595275806403787,25.357792808179685,14.76965307482641,25.49487632244691,27.114331398214937,26.08630372606025,26.73780160800583,-0.6514978819455806,28.312829301558857,29.04727969128842,28.579121918336526,-0.7344503897295631
2036-01-16 12:00:00,26.960388481257535,25.743384024368066,25.429516514714738,26.085798813046022,21.990733827775788,21.185720404162016,24.833530816110773,24.45445032577618,16.046352146121247,24.75732215113591,27.494040116380788,25.309110982524984,27.517034520735454,-2.207923538210469,27.807262121057008,29.02265558377679,28.252994148877537,-1.2153934627197813
2036-02-15 00:00:00,27.68231646862261,26.076817900147862,25.771795060854025,26.440692117630714,21.495497193915668,20.563917877831177,24.387212013445776,23.915938993768084,17.094662179472362,24.36545570363721,27.83573812979822,24.87615195386099,28.242463352876907,-3.366311399015917,28.216339819332088,28.750464028109178,28.532223775358297,-0.5341242087770901
2036-03-16 12:00:00,27.59699376585321,27.039212515110208,26.911832528714225,27.2894038087756,21.353550299149976,20.3108698354716,24.319525135466193,23.82572843692519,16.486910242281155,24.353666311509574,28.06177208258957,24.878631775687968,28.307703814868578,-3.4290720391806104,28.83829215192471,28.806367997917228,29.083698745825515,0.03192415400748061
2036-04-16 00:00:00,27.63782537146732,27.834803822578294,27.87339952732202,28.059798993822323,21.778407436805907,20.655812549755947,24.596485005348388,24.113040982745968,15.162983615319853,24.70257255897933,28.14058547790879,25.195410441014214,28.03490324316838,-2.839492802154165,29.49993517681484,29.081471846590514,29.49714875054552,0.418463330224327
2036-05-16 12:00:00,26.687193928202486,27.361041099618596,27.873804581168873,28.33388566479717,22.30234002543696,20.83496123705983,24.82749371411877,24.288690207305613,13.420548419735018,24.959274330233605,27.592608138412164,25.46359975550303,27.355558360647326,-1.8919586051442963,29.34281859144139,29.035255952067992,29.0083744245401,0.3075626393733977
2036-06-16 00:00:00,25.780825411102374,25.966122841869513,26.876141577435252,28.086306326531563,23.000867651703427,21.491023106289138,25.203328617547925,24.858366188638403,11.888626066076961,25.38786770927757,26.850268313954334,26.041698235605235,26.2682097702027,-0.22651153459746354,28.495479717703198,29.111741551108487,28.2621391647181,-0.6162618334052894
2036-07-16 12:00:00,25.001873876264856,24.72442759006487,25.668435839703772,27.3093491367078,23.669534214681676,22.22294444210274,25.62711329424562,25.452086685221005,10.919934985441461,25.749280124618,26.11931681606697,26.445322328782613,25.217447478441898,1.227874850340715,27.964139236723558,28.688587022950944,27.78514609608133,-0.7244477862273868
2036-08-16 12:00:00,24.410305658165253,23.867356394377833,24.179508480294484,26.28918872846186,24.31128929288692,22.882385766072783,26.16889024941717,26.02594558774941,10.090430267275863,26.133424306465727,25.6600391093227,26.74191880266133,24.347436231901767,2.394482570759564,27.66530854501708,28.49108806411267,27.489611019477984,-0.8257795190955903
2036-09-16 00:00:00,24.351970271052107,24.073456715184502,23.80505759149945,25.607090274664582,24.60050618173511,23.200189867133204,26.63451688585056,26.569302632018935,10.583631137647266,26.504780638336,25.740401264446398,27.13618041020195,24.156233884062075,2.979946526139873,27.85009897778503,28.667130075655603,27.776958247983238,-0.8170310978705722
2036-10-16 12:00:00,24.554475876895346,24.52739546074876,24.298085631086813,25.688802456103083,24.318914993550234,22.91626310138738,26.534576463839805,26.488589137360943,11.30133036671243,26.463748438514486,26.20491727598514,27.17993404449684,24.72559391793739,2.454340126559451,28.336889324204773,28.9211762420494,28.32782252179768,-0.5842869178446257
2036-11-16 00:00:00,25.373465637142335,24.861440196515304,24.8200893567499,25.844709681981534,23.787690980671105,22.401790789363925,25.95855259283671,25.73070269726936,12.875706810166362,25.91687684007711,26.701196204814885,26.51162666016093,25.510918627920127,1.0007080322408015,28.183469173071625,28.940541692156827,28.458561044294253,-0.7570725190852023
2036-12-16 12:00:00,26.141947673410503,25.382000056402223,25.060147319814813,26.122001228920755,22.723559405776413,21.52848713730025,25.284025162311565,24.9164129373435,14.577695059837925,25.24059713351155,27.140683456423595,25.80303816429084,26.204280595226866,-0.4012424309360263,28.08683693061903,28.725191877332595,28.635733607362575,-0.6383549467135659
2037-01-16 12:00:00,26.674199913583077,26.384169315384664,26.08877816203176,26.645311106569576,21.90119525181978,20.779772649856273,24.570086594136548,24.15045390464314,16.348023152685112,24.59212081817292,27.58663486276759,25.098973699621617,26.865434702337062,-1.7664610027154453,27.694187498942796,28.98270628522066,28.25330966988829,-1.2885187862778658
2037-02-15 00:00:00,27.571742275863894,27.06755326909192,26.866877184551758,27.211655167898428,21.322864987124607,20.188001788137637,24.15209037033989,23.61915903879408,17.306881905038647,24.19342515342171,27.94658764165801,24.680276083048593,27.44857328565182,-2.7682972026032253,27.701680393124484,29.10371454931757,28.215348690253208,-1.4020341561930856
2037-03-16 12:00:00,28.2921069053417,27.505288809993527,27.584825773557423,27.737530330700945,21.303789161078125,20.25325617433205,24.223104764408138,23.663588205294428,17.059962996921037,24.311416239067842,28.197352810088706,24.78870170212229,27.869166943789324,-3.080465241667035,28.402455769026393,29.08443264008121,28.649296335712954,-0.6819768710548182
2037-04-16 00:00:00,28.12787253757592,27.844109928594325,28.017555707740463,28.291057371480786,21.536181352510727,20.402704569759678,24.37763276144586,23.852518652710323,15.247722025777724,24.500082540682843,28.1792372328902,25.01647731519565,27.8934179484014,-2.8769406332057486,29.259089311544653,29.02995276177966,29.3745986288218,0.22913654976499132
2037-05-16 12:00:00,27.70992486880779,27.579985194997043,28.38835539732673,28.870029568821682,21.978127936522085,20.71102655490669,24.594188631423062,23.99364812250698,13.489136884795627,24.704813609774156,27.71378175172637,25.208660661993015,26.97936313358324,-1.7707024715902264,29.387939938668303,29.03749718198695,29.15631371861796,0.3504427566813533
2037-06-16 00:00:00,26.175761395191724,26.481478007964334,27.64146715554649,28.672987536668078,23.055704399056555,21.682659001255452,25.11766121709628,24.757210514495316,11.686522031969377,25.308066693560797,26.98505360792337,25.9351890857337,25.993032094840615,-0.05784300910691442,28.522554614890915,28.769702255203583,28.255086894802336,-0.24714764031266867
2037-07-16 12:00:00,26.173375011381083,25.477736759261095,26.517236390094382,28.04986130512285,23.81893904372303,22.416679802963944,25.5910140577637,25.38386911384056,10.441873083663387,25.714694691076534,26.31748965700455,26.34533208937959,24.954743376932118,1.390588712447471,27.937981576994787,28.569591555269575,27.706265464111393,-0.6316099782747884
2037-08-16 12:00:00,24.384617308286412,24.314511423127495,24.919803049129253,27.113724322200785,24.458098414302476,23.066820502886586,26.113232003201997,25.961740977326343,10.434676630544383,26.145149376215223,25.798053959252336,26.756818779787885,24.208230412648987,2.5485883671388976,27.67486123363467,28.31178023369119,27.525797628457653,-0.6369190000565226
2037-09-16 00:00:00,24.068835558538716,23.876934520165065,24.071061070155814,26.221625528057512,24.6289823581787,23.335012677105766,26.455260495700625,26.378085265345415,10.825942204019753,26.465214120273224,25.79725000894415,27.050086774539178,24.188675556965624,2.861411217573554,27.9770573219706,28.447198238560155,27.88104283306663,-0.47014091658955337
2037-10-16 12:00:00,24.577934001404348,24.407759749626806,24.25177746196796,25.718251537315403,24.551937882035194,23.27606384003969,26.50418251687559,26.44205055178384,11.475735659892708,26.504825014759266,26.210828534206083,27.113548348045903,24.886648216301392,2.226900131744511,28.480255887606024,28.706531335844883,28.332832329391454,-0.2262754482388587
2037-11-16 00:00:00,25.647307989764087,25.490444239274513,25.231204240879883,25.89648710017962,23.7150306960508,22.50763354580295,26.049621034232327,25.88178234684886,13.033077162119971,26.00157964223455,26.808280303090214,26.62013839637669,25.617961097003548,1.002177299373141,28.616753313062354,28.86099229690424,28.756991577011643,-0.24423898384188547
2037-12-16 12:00:00,26.444335736949625,25.51468109077136,25.122609466091564,26.18156703207591,22.585189559937053,21.36342190983681,25.30212797297896,24.901356139233567,14.898585397943998,25.221771742166784,27.319673904035277,25.776356945232948,26.40861942139195,-0.6322624761590028,28.43745493157115,29.002339215605325,28.70250356421144,-0.564884284034175
2038-01-16 12:00:00,26.86239413943756,26.277549348947012,26.16806970011923,26.902531908899945,21.67019348212671,20.519551647989207,24.62458505501442,24.19184957966677,16.238849027049095,24.58038979458856,27.781111112665577,25.164248826597586,27.115638089330957,-1.9513892627333718,28.04792592738459,29.142934061374902,28.59191368401082,-1.0950081339903122
2038-02-15 00:00:00,27.474032708206668,26.442487720154816,26.814839804236055,27.44511353800136,20.998755369636108,19.891636979135,24.3117712845178,23.79354079739065,17.572935592422525,24.27830496395346,28.1186669288253,24.886003449013767,27.86468023287547,-2.9786767838617045,28.015681772979462,29.548874162955336,28.591209442607717,-1.5331923899758735
2038-03-16 12:00:00,28.246824425859636,27.41464655913051,27.377044008260572,27.626717326026053,20.874096105199353,19.902181631088517,24.427927826128798,23.822901256728095,16.26474336223545,24.371494843499566,28.385580933139266,24.911976649900243,28.181675297118087,-3.2696986472178438,28.706215575426487,29.42261580821625,29.196971571137276,-0.7164002327897627
2038-04-16 00:00:00,28.48708512350871,28.09454270686585,28.079199399781206,28.27840377445763,21.503541824049265,20.569834020113927,24.769352560692464,24.151274049547567,15.573654332141055,24.791006252361008,28.381262065519106,25.265219773705546,28.025974192378133,-2.7607544186725868,29.15708212748389,29.27261594898482,29.35543542681308,-0.11553382150093228
2038-05-16 12:00:00,27.970245384460913,27.982975206771606,28.202270888141317,28.55207171740042,22.320564113568384,21.05246041943063,24.979699081940204,24.450392464277574,13.701553524801364,25.10953653812717,27.87298519408415,25.617568696069988,27.228796029471795,-1.611227333401807,29.25453997020353,29.184663640557343,29.133538943449757,0.0698763296461884
2038-06-16 00:00:00,26.15191433407974,26.215783941334617,27.46257428193367,28.64784503400965,23.091050296888003,21.674161602503926,25.312110329127048,24.95563502481652,12.392997104812357,25.510434847608774,26.982819501104363,26.108036625851714,26.201873620080573,-0.09383699422885883,28.596730280339266,29.031724935316674,28.217660773950502,-0.43499465497740886
2038-07-16 12:00:00,24.70446500686764,24.731006367135763,25.951971958676125,28.086748809287762,23.94547787021951,22.551789527114618,25.973939530448785,25.935676004206734,10.987406926022592,26.063149204056618,26.22426731678248,26.777987528801226,25.312259723841304,1.465727804959922,27.823627240043404,28.615860615607783,27.540288282988342,-0.7922333755643791
2038-08-16 12:00:00,24.509709898362942,24.08128048996495,24.523574066527942,26.90223870578555,24.373748092712603,23.047790517384538,26.27622661324778,26.19681724991194,10.593532099160374,26.29996523413667,25.82081835350764,26.94189125753546,24.573412495365993,2.3684787621694667,27.819648192226893,28.351958272234036,27.65473830907637,-0.532310080007143
2038-09-16 00:00:00,25.2535233171205,24.45615597407627,23.951671762480714,25.78778152242266,24.819504892376127,23.533390785214166,26.61175874794804,26.598044079082623,11.204337303266048,26.65437589204582,25.849576989530647,27.30747790742001,24.651208022166408,2.6562698852536037,28.12052928566153,28.0929547677369,27.9907554833137,0.027574517924630726
2038-10-16 12:00:00,25.43911592991975,25.083650466940206,24.49149580907377,25.942257685925146,24.789647324517105,23.479826265339838,26.705880814107534,26.69990199272373,12.517554249526462,26.7186837693717,26.255396127492922,27.32378431657301,25.058793369541007,2.264990947032004,28.512155297835818,28.488518016751183,28.40609389662132,0.023637281084635475
2038-11-16 00:00:00,26.357890079903495,25.70670893385959,25.163618778521318,26.13647699677433,24.015766397906972,22.807986875278527,26.289674801552557,26.07642927406396,13.463051690214373,26.20175363919303,26.82825439820747,26.723920330944377,25.732044644388495,0.9918756865558827,28.458127864727132,28.81710943626775,28.50439040089141,-0.3589815715406175
2038-12-16 12:00:00,26.42247506199368,25.515761780146377,25.152204199974374,26.22218365708682,22.565808782613573,21.44567007628374,25.60006081296984,25.257117442827294,14.765854385108588,25.407858294702308,27.181851899821737,26.046636858868265,26.425808153888944,-0.37917129502067937,28.379680661639753,28.71490256638356,28.572677912041613,-0.33522190474380764
2039-01-16 12:00:00,26.903193439386754,26.019863469121756,25.536295945542356,26.70545042746415,21.50368688055593,20.525961254286237,24.908403563474714,24.55404108710521,15.835266605947597,24.76081300815131,27.6312565904785,25.452662376450913,27.299779265653562,-1.847116889202649,28.3622715221156,28.863203770685566,28.943735356522406,-0.500932248569967
2039-02-15 00:00:00,27.733949643951902,26.75453156933053,26.598283197923532,27.128037999869242,20.86695988867371,20.049997734418987,24.614852437030613,24.146444427192304,16.875908529576833,24.47416721511819,28.086420915636204,25.15023531237275,27.82562257093158,-2.6753872585588283,28.466968130738216,29.102542110250408,28.91398995219574,-0.6355739795121913
2039-03-16 12:00:00,27.928486280416717,27.57806489058435,27.467774346990808,27.468864246939347,20.93855969890052,20.289313563732414,24.70303341292413,24.15977060123178,16.54708552926678,24.60672278644756,28.33422326884442,25.188967759758143,28.29470645122583,-3.105738691467689,28.884429155254708,29.33356133120076,29.23571809112378,-0.44913217594605115
2039-04-16 00:00:00,28.42905874513985,27.899664297464426,28.04727138477173,28.382755172061596,21.409138126013055,20.876889059756433,24.88723169533894,24.35677444914791,15.672519791973176,24.87570359527273,28.376474452477833,25.44180992743178,28.343921745675374,-2.9021118182435934,29.67345831785576,29.412498996181363,29.77509603915335,0.26095932167439884
2039-05-16 12:00:00,28.044404306365973,27.533042408031445,27.994232169681133,28.63858266107562,21.99892439575319,21.12026032853905,24.984157398529373,24.42478031734853,14.250647333791841,25.027563013198442,27.887711146072043,25.58740615390384,27.582934057100452,-1.9955279031966136,29.773371428403838,29.242420031312346,29.491398607883255,0.5309513970914921
2039-06-16 00:00:00,27.12171817112631,26.289810072471703,27.318815752041242,28.428368901538715,23.211189151073132,22.087888391865068,25.297261497541736,24.833591250220163,12.653394897269598,25.466829487568507,27.10219079749153,25.98901648113995,26.34243589887118,-0.35341941773123153,29.06050882698363,29.054328343590175,28.81026304089942,0.006180483393453784
2039-07-16 12:00:00,25.449069215302984,24.92264378377154,25.933497325440992,27.73480539979337,24.03498644879994,22.747635366521532,25.842461643183082,25.54581236021783,10.959865102469738,25.9957790538305,26.319173176379994,26.581049035397463,25.457139640463833,1.12390939493363,28.296819032365775,28.959678909132144,27.949492554073164,-0.6628598767663689
2039-08-16 12:00:00,24.606948457448215,23.937958725622558,24.29151265118904,26.57213692710329,24.622840305295707,23.283677075900087,26.33305105354157,26.181041908870892,10.423927078949456,26.42596431952847,25.852719561231403,27.024661397603353,24.88900436491258,2.135657032690773,28.00877498713009,28.68651336958918,27.72721447267145,-0.6777383824590899
2039-09-16 00:00:00,25.24139301536774,24.241869590377068,23.709335353991904,25.598375955690027,24.65706403183897,23.415637983565624,26.843997530340932,26.922608026960805,10.576148985203803,26.757410662030814,25.87960593885016,27.47420232067781,24.769838585038418,2.7043637356393937,28.09950486333303,28.779801934751283,27.910325006480004,-0.6802970714182521
2039-10-16 12:00:00,25.42955527648779,25.03023967514112,24.47821216565435,25.501297991507453,24.411168784675095,23.2824405912038,26.749871003780303,26.779296957913772,11.381577344310593,26.707075804640446,26.248278434236312,27.448259870801355,25.21888283543557,2.2293770353657862,28.393560234306953,28.947376246594853,28.335159576065635,-0.5538160122878999
2039-11-16 00:00:00,26.251914390993303,25.476362477786015,25.119638775506232,25.72064778771862,23.650091530912096,22.846795919870374,26.45507170596091,26.37854082716123,12.505793117574038,26.33823138615289,26.8877882245946,27.094832714693524,25.870587839665898,1.224244875027626,28.554114977742266,29.141016278314336,28.610285895163383,-0.5869013005720696
2039-12-16 12:00:00,26.474807631867243,25.00136008358492,25.1178034967182,26.373160032495647,22.56461424752342,21.731915555683948,25.81636798973583,25.544085684647435,14.948348057633346,25.636675416484454,27.302246987367727,26.353000882514852,26.622899375194525,-0.2698984926796726,28.218041523402366,29.09364649333396,28.41666625071821,-0.8756049699315938
2040-01-16 12:00:00,26.80338250589161,25.848297146061935,25.662292069805858,26.871513683589768,21.554135671492602,20.709584876020116,25.08204795879247,24.74659056939293,16.45442611012257,24.880875601410004,27.712447402481633,25.643438709265936,27.45516388141746,-1.8117251721515224,27.950033771734823,29.06848869665416,28.387244849475945,-1.1184549249193374
2040-02-15 00:00:00,27.28007624320235,26.904685161871182,26.89578154016266,27.350337393526697,20.970800605086218,20.137134244979446,24.59888521151735,24.225338624926785,16.524693861159985,24.45904355504412,28.101626398064425,25.28183531288147,27.861931029569327,-2.5800957166878575,28.148437095137147,29.310042938495222,28.67015347897352,-1.1616058433580747
2040-03-16 12:00:00,28.109981210992967,27.443007963295006,27.10140704086232,27.408941590992423,21.00531851295183,20.32590633494098,24.71841169895044,24.411739186383,16.35109848826708,24.657238513642042,28.373107372062158,25.512823753069153,28.090732330876218,-2.577908577807065,28.50479927229338,29.14964695886123,28.8885794095421,-0.6448476865678501
2040-04-16 00:00:00,28.543038449733036,27.76124363220907,27.979123711967613,28.169651874999413,21.261717893446523,20.38688492197092,24.81593626952427,24.389500487263952,15.177872375132564,24.788368339402073,28.317466166326156,25.55690811487264,27.863491711479128,-2.3065835966064867,29.361554215704277,29.049088575857937,29.648270642638035,0.3124656398463408
2040-05-16 12:00:00,27.931219609174008,27.831494939725726,27.990234645439916,28.35166456129515,21.84635925611237,20.736678092015705,25.12766710488871,24.56365018959547,13.501737445266127,25.054895705214737,27.879962426904054,25.77518407999435,27.319616078352663,-1.5444319983583128,29.58811396690715,29.04829717346934,29.585710410179388,0.5398167934378115
2040-06-16 00:00:00,26.22503768556999,26.702829577758063,27.91338473783838,28.401531145739728,23.005890361054107,21.76924922064347,25.56521374006872,25.2060021789698,12.171688922515882,25.60901709667056,27.073586775000543,26.35109814463632,26.204204222866593,0.1468939217697276,28.95301794554296,28.9385613268005,28.65166257439696,0.014456618742460847
2040-07-16 12:00:00,25.12652660989334,24.97280295843155,26.153304202504735,27.651327653545998,23.96400650577062,22.688709302815596,26.113636665659172,25.953212444703425,11.043879867422609,26.125878321668637,26.248910423835504,26.852828461216223,25.248616125888017,1.6042123353282065,28.195398936659135,28.625998767087257,27.85047900441452,-0.4305998304281218
2040-08-16 12:00:00,25.163951523653097,24.34587819727709,24.660786646447022,26.77520599449585,24.510114062241627,23.244994736578924,26.563374333683797,26.402290054460128,10.210670617965496,26.491357198142573,25.84427483629666,27.137166698117213,24.669474443675586,2.4676922544416264,27.87146895995097,28.120629935018425,27.61406235851663,-0.24916097506745416
2040-09-16 00:00:00,25.711620255556515,24.710875181392616,24.09348148759617,25.99399679875373,24.77935535543755,23.510843341275738,26.938670384422874,26.860095073622098,10.221697775662353,26.780952851708122,25.86906681140055,27.443150385432457,24.579874379753328,2.863276005679129,27.941320386235773,27.99708831321813,27.75056143626218,-0.05576792698235522
2040-10-16 12:00:00,25.751638600944567,25.46351301878329,24.786502091693063,25.756625415788115,24.772222822988407,23.549845433861105,26.905419383845103,26.973241398804284,11.478603574726352,26.845498853162876,26.281288813089553,27.58667715774381,24.84948762594646,2.737189531797352,28.281095763596863,28.44405518515521,28.318953150262804,-0.16295942155834808
2040-11-16 00:00:00,25.903858535249665,25.959972959762947,25.501830798265566,25.941957227342517,24.025215527443688,23.113016133464793,26.37239807277846,26.30319379257184,13.275385557477074,26.307470056678902,26.871909056486434,26.970623492715298,25.63357763018646,1.3370458625288393,28.447958357150206,28.725391987438588,28.538134492926552,-0.27743363028838175
2040-12-16 12:00:00,26.092166165857332,26.417683386166352,25.927927225352494,26.361236631768378,23.01927516663183,22.25448361882655,25.762618437029715,25.515144182549996,14.890036352432002,25.663508884524333,27.36028485449846,26.274931579740826,26.523407825156237,-0.2484762454154108,28.16617762037568,28.949699794771785,28.328628620793094,-0.7835221743961043
2041-01-16 12:00:00,26.680066283681597,27.09910627539074,26.726732455025207,27.068819253860724,21.996235788640867,21.2872372217632,25.09766461114873,24.75489179015186,16.374854145275737,25.016689185458947,27.826282799158285,25.650521048401107,27.404006108498404,-1.7534850600972973,27.928580291100772,29.167789782846288,28.569534377380716,-1.239209491745516
2041-02-15 00:00:00,27.653725110816964,27.66194807245014,27.53209679462968,27.526045358285785,21.50043296690282,20.68842119302206,24.69526140548623,24.2110305749946,17.703842920413276,24.6306371745667,28.133123167912746,25.227714517031604,28.108396955169457,-2.8806824381378533,27.93176682437622,28.98033784086284,28.45596415553111,-1.0485710164866227
2041-03-16 12:00:00,28.340167816953528,27.828932794036035,28.046949799309843,28.324571243818436,21.318114901353912,20.53369111141437,24.671825999266076,24.088508752597235,17.042258651382607,24.6186542899592,28.391267752717123,25.15219789567463,28.173356477889183,-3.0211585822145537,28.463527608980616,29.07810513319594,28.9067458699061,-0.6145775242153242
2041-04-16 00:00:00,27.917993473187284,28.376761983383627,28.46692230656998,28.512940251007553,21.510105199784366,20.728363245801116,24.840266278147833,24.159800796621923,16.048968742931116,24.775859011860593,28.389401672762666,25.26288657900652,28.18727537032567,-2.9243887913191493,29.32605556457149,29.23801949152319,29.57720518900552,0.08803607304830052
2041-05-16 12:00:00,26.89126597936086,27.631680337425994,28.38165851201872,29.00532987889564,22.200812953046277,21.483701065753742,25.25168119192049,24.717976541626356,14.205769788916001,25.30281088115224,27.910014900482576,25.841828969449544,27.295086190487186,-1.4532572210376422,29.55307098577577,28.995558433035594,29.365943913532938,0.5575125527401745
2041-06-16 00:00:00,25.574554823604515,26.175023212214402,27.373223148540255,28.73538869581739,23.004886139431704,21.937708506270734,25.862523402642527,25.649159777455406,11.691778997278721,25.91401128246633,27.08477930041262,26.722886676287676,26.26711117794028,0.4557754983473963,28.706108855166217,28.911678200251604,28.5486865877518,-0.2055693450853866
2041-07-16 12:00:00,25.43488820484918,24.97605705414652,25.963178254044948,27.769991360058548,23.435966707743223,22.372865490201523,26.156377231497583,25.92284682508766,10.609256099370384,26.091713398817674,26.302928807924516,26.8624913151272,25.005931805735294,1.8565595093919072,28.036431783758673,28.715345951068468,27.98750250150282,-0.6789141673097951
2041-08-16 12:00:00,24.50886234140451,23.341435087519667,23.32731315912194,25.94470015460268,24.04702901069481,22.903341049600993,26.512026842757308,26.285931086592186,10.239466403864855,26.355485650131982,25.709706868003728,27.006388109578346,24.24119996516441,2.765188144413937,27.935817640098804,28.43870668072024,27.797567624195317,-0.5028890406214366
2041-09-16 00:00:00,24.272946903307986,23.610879578924873,22.957331355705765,24.813668476311967,24.41559925633919,23.20041706639481,26.83183097557832,26.743032743118256,10.77370733712586,26.687338106033206,25.70473044232346,27.42346071521765,24.159871529958625,3.2635891852590255,28.16602886491049,28.592569075153328,28.08173775485859,-0.4265402102428375
2041-10-16 12:00:00,25.51918940577311,24.960096265998388,24.045247505015514,24.92254153814885,24.534123819748615,23.30003885785351,26.763317449293172,26.686663420296938,11.282550784769004,26.679545599733856,26.1960007218519,27.40862598645572,24.815267257878187,2.5933587285775346,28.426671774986794,28.743675582623112,28.445319010049406,-0.3170038076363184
2041-11-16 00:00:00,25.948561125744348,25.986384499609212,25.433646504383574,25.563891208828334,23.756518249006124,22.47660253596032,26.10283789375501,25.812217645107243,12.998136022626111,26.023620449752865,26.806574299434278,26.648354951508374,25.392651853271808,1.255703098236566,28.798297591148906,28.937865136691318,28.896190557426962,-0.13956754554241257
2041-12-16 12:00:00,26.465948172170567,25.74531877039795,25.503194338904887,26.28168576630862,22.662852793491414,21.610696522076644,25.399266125258638,25.088064094057003,14.842576936035394,25.323230483398827,27.263676463483396,25.96965048427704,26.160598817635506,-0.19094833335846673,28.364691347048325,29.084784598040148,28.58630950273036,-0.7200932509918232
2042-01-16 12:00:00,26.994765383955215,26.336800749266953,25.796850755936173,26.336280759201856,21.573655203744707,20.478563629910273,24.640098276094676,24.154438381040727,15.977186719994016,24.568420032137368,27.612923216540597,25.212076767681207,27.055015740027198,-1.8429389723459906,28.20322456071701,28.981476752057645,28.559274682210326,-0.7782521913406342
2042-02-15 00:00:00,27.79048266196119,26.838055186918414,26.446686814838735,26.658759741854276,21.12806039715387,20.052795655150664,24.163938235501412,23.544028243872685,16.49493160947803,24.149101684584693,27.8908564462691,24.683878111916254,27.75828794474379,-3.074409832827534,28.313109386931515,29.13694917232753,28.81420589043181,-0.8238397853960144
2042-03-16 12:00:00,27.812190999680336,27.366930560210612,27.20747651181704,27.47339520325954,21.114354137008828,20.201929500959697,24.19355004262872,23.688419491786927,16.255696618060984,24.257836970297387,28.200340757380463,24.798318495526086,28.167343424633383,-3.3690249291072973,28.79790585216489,29.340110492610208,29.05607960252855,-0.5422046404453162
2042-04-16 00:00:00,28.286600056812322,28.096691789703105,27.97312025756518,27.885458107923743,21.487727868663566,20.430952590736368,24.286166661825686,23.663359017097665,15.114307760065504,24.35695140171122,28.20477931122452,24.799989003100464,28.016607239923506,-3.2166182368230416,29.21388512981915,29.538450968766302,29.258466745726352,-0.3245658389471515
2042-05-16 12:00:00,27.88453167004064,27.720034845395258,28.285777801353355,28.503724163996427,22.282981406112032,20.89326010131034,24.62911808072739,24.034427213131618,13.279530594973568,24.78641131828322,27.702259767807107,25.243062583882097,27.433237534731862,-2.190174950849766,29.182697360712613,29.23725843522833,28.92156274268617,-0.05456107451571768
2042-06-16 00:00:00,25.546792812582563,26.80535534385293,27.73623076342131,28.483746831574276,23.083148920308723,21.67324434476631,25.07666142415392,24.621738542002714,11.762714811621887,25.25134697536414,26.937286247315754,25.790329756624775,26.38704551210187,-0.5967157554770957,28.470419803122144,28.958949780276093,28.082422784428633,-0.48852997715394864
2042-07-16 12:00:00,24.105699699457407,25.11223356266066,26.40061580824616,28.02117970336487,23.51618635100172,22.19774427675804,25.646370728078548,25.443560317512105,10.78915058570448,25.738727782364784,26.140001934160768,26.428935059598185,25.214148260903862,1.2147867986943233,27.69400955541383,28.62554259723785,27.50635691013293,-0.931533041824018
2042-08-16 12:00:00,24.27930778748687,24.049451170118424,24.557375701024075,26.812073109593882,24.050514331482418,22.827423937766056,26.06416367126123,25.890631789632998,10.446427431927148,26.082981653007185,25.689209726964275,26.743303869593085,24.29311437731306,2.4501894922800247,27.659791710748898,28.36505785906374,27.46652822210078,-0.7052661483148412
2042-09-16 00:00:00,23.65461348858279,23.69284408009135,23.72636882871248,25.612775334642105,24.218523406289655,22.95592862586636,26.38132146463171,26.280776958142745,10.716013053934978,26.324056744224983,25.61420793316474,27.036758303143397,24.224271258089228,2.8124870450541692,27.74342634047357,28.466946465433015,27.68323817858162,-0.7235201249594461
2042-10-16 12:00:00,24.776711689291364,24.712156363129505,24.35131855569917,25.4722812747867,24.291390866977363,23.134393676336977,26.454822086926164,26.556610377433177,12.009301759499142,26.449868205382018,26.123912725079208,27.278102523833553,24.60692893525249,2.6711735885810626,28.179687986792977,28.820811358422677,28.252590867485917,-0.6411233716296998
2042-11-16 00:00:00,25.594218258530336,25.223242654092644,24.801392778096726,25.499435346404788,23.643241368698252,22.559416004182257,25.937095105307588,25.801923414907716,13.361884503017283,25.906527896240156,26.680045849384733,26.634283787588718,25.545695013338154,1.0885887742505638,28.4082202552622,28.834380699833083,28.59481074287648,-0.42616044457088265
2042-12-16 12:00:00,26.108767500321683,25.21310902888948,24.619365070132577,25.737952223127078,22.808668542419632,21.717562254086744,25.104757138094143,24.797511699957173,15.377059829742944,25.116279025888808,27.1056538753689,25.697911505173362,26.466137761650824,-0.7682262564774618,28.082480902723677,29.09553627381271,28.483992103583315,-1.013055371089031
2043-01-16 12:00:00,26.458685476316226,25.655732096143403,25.386032462088302,26.289780593978968,21.888292008479155,20.999029205611784,24.5266498303702,24.187775847563156,16.707142145069252,24.57447054384614,27.37638519995328,25.135096200912756,27.277490885159413,-2.142394684246657,27.61908067650021,28.971122253276025,28.066644854022535,-1.3520415767758145
2043-02-15 00:00:00,27.193532016859162,26.651039667709572,26.11074162144866,26.455687480145567,21.20592706382415,20.28588779747015,24.164407722431893,23.786956005081407,16.720280840044538,24.22428154844647,27.698497903393754,24.82892230452732,27.781254298638107,-2.9523319941107857,27.92217886036083,28.75497514644355,28.41856351885033,-0.8327962860827185
2043-03-16 12:00:00,27.644294729248777,27.76866050161926,27.340205197487943,26.958824381814676,21.107550547165207,20.10281631807959,24.168573002295457,23.55440603930183,16.776398892152976,24.198276091674426,28.063065685889068,24.674598897283612,28.048702110880715,-3.3741032135971025,28.52204400834818,28.901571573835636,28.9883989551957,-0.37952756548745725
2043-04-16 00:00:00,28.10242182500155,27.960035391451374,28.079562771365765,27.940541160445793,21.44561869088092,20.311865259787808,24.362347593435494,23.63927585237892,15.99243151680102,24.41625671002578,28.10311233742527,24.812208889282118,27.800603751427243,-2.9883948621451246,29.157146021566618,28.99480076697587,29.32987363791834,0.1623452545907469
2043-05-16 12:00:00,27.64045968385399,27.283521900523983,27.83157308017791,28.332680499737165,22.03664830348749,20.580169971578155,24.583578252474577,23.828728049685605,14.523717881046261,24.64492911312976,27.577162492990613,25.01594923563182,27.11755696068174,-2.10160772504992,29.26767903180456,28.944519990420876,29.00185122865352,0.3231590413836827
2043-06-16 00:00:00,26.759470397038296,25.795769505207232,26.872544945232594,28.19250497194312,22.75045199412013,21.25794895145235,24.982450843625184,24.5155062510461,13.142143187615208,25.08982996714346,26.80711730426455,25.61053295857682,25.821428553890215,-0.21089559531339575,28.681062517760747,28.83448525122412,28.204167928184205,-0.15342273346337265
2043-07-16 12:00:00,24.62745988753524,24.4592780493445,25.485778805629952,27.35044448299078,23.50949650676711,22.159646458535804,25.464017707761332,25.191874804219722,11.615267892716052,25.576190353953148,26.04858477618236,26.207698095860238,24.70469456161106,1.5030035342491779,28.13818971499119,28.469069223692344,27.790263290264733,-0.33087950870115534
2043-08-16 12:00:00,24.086889660338535,23.30225537353062,23.711534744345318,26.043449246540852,24.220569294837173,22.886914908424696,26.102208380542248,26.033669580171033,11.229943227520435,26.079998983494253,25.560465357630537,26.756699773052283,24.01304904289256,2.7436507301597217,27.916268149161944,28.116389650868555,27.701050715455104,-0.20012150170661158
2043-09-16 00:00:00,24.215699553329983,23.657024034246998,23.555111888607343,25.140497828523554,24.661702115079013,23.302346774043176,26.64300970954035,26.696955300012952,10.914827879840004,26.557174252025533,25.508253163945497,27.331206267161846,23.945078802369668,3.386127464792178,27.967361746871372,27.99064307458107,27.7533526984223,-0.023281327709696598
2043-10-16 12:00:00,24.46895059497036,24.01807963543119,23.748505749861074,24.984383284516923,24.451550598659882,23.106632892104898,26.514184553813237,26.487296821764392,11.210991039452688,26.45124244620734,25.9242284684139,27.203459469539283,24.615572729285788,2.587886740253495,28.405262722440092,28.55259068793567,28.24488930451097,-0.14732796549557747
2043-11-16 00:00:00,25.051014237967088,24.862002265973814,24.524407358909137,25.447651710921996,23.573459203028133,22.393242204485837,26.003995890376704,25.75199367898426,12.605111988233183,25.872880436977745,26.53638933085886,26.534901677752345,25.35477915136041,1.1801225263919335,28.64342700774529,28.730287842449695,28.62219153673802,-0.08686083470440309
2043-12-16 12:00:00,25.2604247283288,25.047606080543748,24.893908593667437,25.728234931002234,22.661092624976533,21.6392817445739,25.266163890402968,24.9227669218066,14.67832149481178,25.172244179065153,27.056983405707644,25.761576323838685,25.922454640338476,-0.16087831649979023,28.439202481907333,29.132575863129592,28.667663110973862,-0.6933733812222584
2044-01-16 12:00:00,25.837182979297786,25.20794079526157,25.10465634035574,26.06349295653371,21.791212028347758,20.770303253372496,24.548076548348384,24.13953983082687,16.1603742182417,24.55876347416743,27.39022232342954,25.154996681095852,26.99017821042135,-1.8351815293254994,28.049364784477675,29.058354056761814,28.486895779984213,-1.0089892722841398
2044-02-15 00:00:00,26.78560465363123,26.5257806438157,25.90878655784211,26.3258920724722,21.32906633037229,20.245789093722625,24.336080556851353,23.833378240558318,16.53951070451988,24.353867390130397,27.860663869703963,24.937208380241348,27.65226094825749,-2.715052568016141,28.181890066151393,29.1420103300451,28.594400467993164,-0.9601202638937067
2044-03-16 12:00:00,27.848400930492577,27.69621850294242,27.30132613474445,27.16730597553045,21.292770700450387,20.21556061230929,24.260602619565358,23.776634153550386,16.42963676151911,24.323269889926525,28.162308765075654,24.91409467003743,27.926838133977263,-3.0127434639398345,28.613878593755977,29.147662575844766,28.913401805372605,-0.5337839820887886
2044-04-16 00:00:00,28.193868316234038,28.25067297948132,28.381745539728154,28.28818598963811,21.441579479301623,20.235880876537607,24.312333325041234,23.75392754619107,15.18175661820712,24.35288926977691,28.213698402095357,24.90576631570445,27.916254039908832,-3.0104877242043813,29.42923236567902,29.48634807539041,29.495562808966046,-0.057115709711389684
2044-05-16 12:00:00,28.194252891374322,27.60853604352647,28.150948254158063,28.613484066168517,22.095201679618814,20.708848929869863,24.719473102065518,24.238807502466273,13.703723082507093,24.81491863112619,27.74600457401944,25.398186761395547,27.413391153514212,-2.0152043921186653,29.3681146662728,29.191406795382246,29.146709168960047,0.17670787089055295
2044-06-16 00:00:00,25.96202379035848,26.68434709908944,27.3872913734381,28.253668792894423,22.67428459764763,21.214069760890105,25.159047269445225,24.811257235150286,11.756598559912732,25.30049335702219,27.01304986837707,26.00517403096641,26.162478041849106,-0.1573040108826973,28.749641657650674,29.00050162562215,28.55775910184529,-0.2508599679714756
2044-07-16 12:00:00,25.470969892107426,25.82068670528613,26.568755092169095,27.596287570238047,23.194850138210096,21.97880383539159,25.795280194033907,25.71953945511982,10.144923282778542,25.811064474390236,26.328673105634774,26.65206504778659,25.11990020505549,1.532164842731099,28.162826469796947,28.74720017995127,27.878369055297327,-0.584373710154324
2044-08-16 12:00:00,25.857699417573247,24.895926193723056,24.97949606112362,26.653669954826757,23.89686370437412,22.789138261728528,26.218476175783195,26.17433987196731,9.467146453614333,26.17386872359935,25.95305219313977,26.93510749420286,24.449391242134546,2.4857162520683147,27.80652324287446,28.741534219146065,27.609950951567964,-0.9350109762716059
2044-09-16 00:00:00,25.856466244357115,24.80333110830896,24.138891855527852,25.752876721782332,24.150398210574274,22.977588727202818,26.51120820097107,26.51188401636414,9.547481386853942,26.412428557910836,25.9879830146012,27.160256252947903,24.228564527807972,2.931691725139931,28.069149833700074,28.902336387275202,27.986505866139556,-0.8331865535751284
2044-10-16 12:00:00,26.174918640809043,25.1586609115602,24.22294697756689,25.28077377501878,24.132407603405877,23.056695602934823,26.625974293743376,26.71703713016284,10.55225096250074,26.541834206279212,26.261760574428628,27.39180107832649,24.51320894968698,2.878592128639511,28.12582867145151,29.101965602147008,28.179254462177738,-0.9761369306954961
2044-11-16 00:00:00,26.577499212433526,25.672418954712537,24.888229101035368,25.874476363024662,23.471927449803058,22.449972587333594,26.065674646513575,25.94699055575706,12.312313252320028,25.976712274298876,26.761939840155392,26.728734907026098,25.287135870331632,1.4415990366944662,28.4563454652489,29.03026438426692,28.53930269969504,-0.5739189190180198
2044-12-16 12:00:00,26.537335541630643,26.065389219116764,25.746407172475557,26.69991292451934,22.651540541336395,21.755668840510527,25.382048239408697,25.10391177798675,14.84595576806076,25.317455121785468,27.21004084574873,25.963838298349486,26.33664813663585,-0.37280983828636494,28.095235043541006,29.204592033087717,28.280454055679165,-1.1093569895467112
2045-01-16 12:00:00,27.46386052357869,26.850603045702893,26.363839109879848,26.955005658448297,21.87829888991802,21.02373013162802,24.564664908921365,24.254223708530937,15.815189758162353,24.597542008842122,27.658995079036753,25.217060500994815,27.19020082080387,-1.9731403198090547,28.04069907336325,28.993482193713117,28.485056633060555,-0.9527831203498671
2045-02-15 00:00:00,28.218370015825318,27.64577222257981,27.311569089815833,27.350210120536538,21.588477685455732,20.859122364541353,24.390409115013092,24.090662696701624,16.42504638689314,24.474389357463647,28.017232582601174,25.10281895912306,27.751363098801928,-2.6485441396788687,28.367589259016157,29.170499764686934,28.842049976019815,-0.802910505670777
2045-03-16 12:00:00,28.396164878062027,27.937881568660366,28.01581724122709,28.259697980292657,21.543926317402313,20.918243919514943,24.47023274626336,24.163306259929055,16.098449111259907,24.596966657868062,28.36542963538348,25.22101370472515,28.220664695363556,-2.9996509906384077,28.9518426725921,29.251348567241944,29.248484284347533,-0.2995058946498439
2045-04-16 00:00:00,28.38202589427702,28.359312935572373,28.46503523285367,28.723657865599108,21.68385677089025,20.80907758120447,24.63428743942778,24.194522427638194,15.206647986412035,24.701827191355342,28.411825247211482,25.31951691586988,28.19269320000888,-2.8731762841389994,29.54091461416347,29.40358507731966,29.67090328998356,0.1373295368438079
2045-05-16 12:00:00,28.09647909372181,28.11096032436367,28.543672456595527,28.93460943772105,22.44614181607109,21.238778844680493,25.081296200758704,24.62820109391803,13.27456962282058,25.14237567741861,27.972929669712794,25.745852491612887,27.529236316497542,-1.7833838248846554,29.755448750390194,29.19350347421223,29.610887718004633,0.5619452761779655
2045-06-16 00:00:00,26.17788394392456,26.748525335801695,27.826401885527677,28.849396994130064,23.377984215123956,21.901306487571834,25.691340178703683,25.49174280735073,11.798709020410051,25.81289803884294,27.15324594107113,26.5606419725103,26.150149789686342,0.4104921828239583,29.102439756057777,29.075744007546092,28.73484362107393,0.02669574851168477
2045-07-16 12:00:00,26.087670601790308,25.755784854035486,26.64395974096971,28.231607789276513,23.948986615352165,22.618038076536102,26.290410981229204,26.22794528287799,10.41628592615851,26.244830665947763,26.435276387838922,27.054002188839767,25.238876470234036,1.8151257186057315,28.46054930284237,28.81220236160285,28.039592868516376,-0.3516530587604798
2045-08-16 12:00:00,24.635044074031256,24.476421180143333,24.815581721989425,26.807948509273334,24.486023920732844,23.195111503826578,26.64969441417803,26.54009227146174,9.798439035026234,26.521934830766778,25.916712541374224,27.224669083758965,24.517721109935106,2.7069479738238584,27.99190245330256,28.35707110352098,27.848109021702616,-0.3651686502184184
2045-09-16 00:00:00,24.633277020388466,24.3028981038257,23.968616115445307,25.786074639367698,24.708515668402,23.440859216594806,26.925740699158265,26.912391386590986,10.32986026375012,26.75635718416394,25.918743439269775,27.51530305069381,24.31828214153671,3.1970209091571,28.13023255736548,28.502244194085495,28.00588771561064,-0.37201163672001414
2045-10-16 12:00:00,25.275959324893726,25.547747010910015,25.03796133290677,25.79743924249321,24.528014112063925,23.291569510792918,26.817458781773993,26.85236060411315,11.328175533445554,26.703476786963463,26.388333248563132,27.496488907077072,24.979480004504687,2.5170089025723854,28.37317671948631,28.987645351389816,28.188668665866295,-0.614468631903506
2045-11-16 00:00:00,26.06102962099239,26.454583818371475,25.943577320148318,26.095961439064702,23.72667643605301,22.538396498860028,26.183310666583118,26.089405012883883,12.965802849463119,26.070362651983714,26.97353176220166,26.82857609601863,25.997977364854627,0.8305987311640024,28.388521538731446,28.991548784374366,28.179986736171294,-0.6030272456429202
2045-12-16 12:00:00,26.47110036086851,26.689199029961802,25.97223669390978,26.480595063480795,22.75416428006919,21.548680330227022,25.51291338109487,25.21596789935864,14.84320112133835,25.33904873482576,27.432252166140398,26.052908307315462,26.581092018125613,-0.5281837108101506,28.387698926814288,28.960747859464455,28.528234239118365,-0.5730489326501669
2046-01-16 12:00:00,27.39500842862555,27.25699020356908,26.821426101477,26.898214975887463,21.892754898477246,20.813776331432283,24.794889939249675,24.428596758135512,16.27411392015987,24.713763830265403,27.854134215683892,25.38889953027729,27.470329586232452,-2.0814300559551633,28.148520212854606,29.142976339762136,28.461015613133874,-0.9944561269075294
2046-02-15 00:00:00,27.908624160020988,27.679214132612707,27.878649415870083,27.828588419739653,21.480485830903174,20.469212206710758,24.404858884958383,24.029247523617613,17.080901508061917,24.434735228345634,28.22597812416694,25.1303441567452,28.31100713055956,-3.1806629738143606,28.098053628029824,29.32827675034361,28.523572782684642,-1.2302231223137845
2046-03-16 12:00:00,28.416201829258515,27.99356868311165,28.273199978183143,28.521052242829164,21.44395435492165,20.441745597347268,24.431293192354502,23.991224283712,17.096336206457014,24.50701119949807,28.51247660094072,25.15815717404445,28.743977448741067,-3.5858202746966157,28.795394672593954,29.40586854006737,29.14154508416179,-0.6104738674734165
2046-04-16 00:00:00,28.453686179343066,28.180454801636447,28.305542356469726,28.82743908716952,21.570502244063785,20.69098771487922,24.614622530031177,24.07041246084127,16.332249330850093,24.645836416394864,28.453212317173268,25.21720768548112,28.53458036722326,-3.317372681742139,29.38821560966075,29.356500437283962,29.557675102393834,0.03171517237678856
2046-05-16 12:00:00,26.805264222985624,28.09847722994826,28.392774215166014,28.74450159750963,21.90612828977065,20.95850566993338,24.90567422606876,24.378624632570943,13.95901855540465,24.969747425231173,27.929733127323242,25.559170458088165,27.644960688878353,-2.085790230790188,29.797055723665935,29.233962176563324,29.51906574601154,0.5630935471026106
2046-06-16 00:00:00,25.082638322939165,26.340767111682773,27.66210585070341,28.79762518020165,22.68429118285459,21.484988851358924,25.372001694475514,24.970264224612343,12.112911992789654,25.46898578222056,27.067002166082265,26.161747952445854,26.58840325163548,-0.4266552991896262,29.079515220808773,29.07151570090517,28.653649077061214,0.007999519903602703
2046-07-16 12:00:00,24.954752355254367,24.403390156737053,25.665281617091555,27.77266514637912,23.361837870238194,22.24509432764686,26.04758099331609,25.984221868001477,11.067018535598073,25.99582349295341,26.225618830596645,26.830020597836246,25.359529427675707,1.470491170160539,28.102884696700077,28.758167271673567,27.804596420195296,-0.6552825749734907
2046-08-16 12:00:00,24.794554991458284,23.35256902802595,23.518999603007217,26.144778828927222,24.185739200270696,23.073760294927165,26.56490356187432,26.529703361851027,10.809223491762788,26.44961695797613,25.734244580740317,27.22698534217991,24.808373101065914,2.418612241113994,27.92391996678112,28.49674768481861,27.71760711893327,-0.572827718037491
2046-09-16 00:00:00,25.085503620283944,23.81247220390073,23.1059711967521,24.927224569755346,24.47724771827824,23.306676789090286,26.9634300651166,26.961300130107947,10.961243896769957,26.77145060390773,25.76054768810265,27.55940002986794,24.590142579612692,2.969257450255249,28.056042610379777,28.621659369383444,27.920514626947032,-0.5656167590036674
2046-10-16 12:00:00,24.939353663283974,24.655895951761458,23.986975754920746,25.160465769640666,24.39989330152872,23.444863723744177,26.82713438109317,26.88091371864649,12.026812365833708,26.761129834307727,26.21557362358737,27.557614740822572,25.27548065531995,2.282134085502623,28.350028001430875,28.902999127137225,28.307045844371906,-0.5529711257063497
2046-11-16 00:00:00,25.841377505348973,25.714723875034426,25.118117652989056,25.410525611784816,23.879763200557406,23.071035721907393,26.350816262708687,26.29665735670373,13.314028242220617,26.34483608785354,26.78929141574361,27.045557193434867,26.0377206253425,1.0078365680923653,28.255199800557943,29.048714510891543,28.257566810960938,-0.7935147103336
2046-12-16 12:00:00,26.137805934787853,26.17704105986515,25.377792662535768,25.511812958197208,22.96023736932936,22.188234770213754,25.679736612938004,25.499033711703795,15.223597393658284,25.667756257873016,27.13815836232142,26.302924089078083,26.720876654216855,-0.41795256513877277,28.12447834104276,28.82965378903838,28.287160244246348,-0.7051754479956216
2047-01-16 12:00:00,26.694810008585772,26.63706693754182,25.96896586668731,26.28151749666435,21.891649465463217,21.05025584802866,24.867013064551436,24.60818008587616,15.50341186027883,24.876082353669094,27.603257077957082,25.572617699547095,27.66380072009788,-2.0911830205507833,28.201634962865967,29.10964299737408,28.720849891401738,-0.9080080345081143
2047-02-15 00:00:00,27.25620486820279,26.565549710846668,26.178457134017613,26.839655760490967,21.382492740956188,20.466642684095003,24.469949908518917,24.134155391098183,15.851652782449245,24.489939865080792,27.94160883406428,25.175601379797055,28.198334670636275,-3.02273329083922,28.36252505866245,29.251453271239154,29.065692664672365,-0.8889282125767046
2047-03-16 12:00:00,27.77666253806313,27.160513270091545,26.97403606307762,27.12735220021055,21.185315642474222,20.034332571577107,24.349215642411473,23.82576539010161,15.814436846009466,24.335618880042563,28.161531306706358,24.952076316733514,28.47827765441309,-3.526201337679577,28.67646502376621,29.135132374535655,29.123103012665982,-0.45866735076944565
2047-04-16 00:00:00,27.945816229251008,27.70001075681787,27.579422582829068,27.64233581184761,21.69218067614898,20.454938708784947,24.624132384516052,24.13311291836969,15.49132925999462,24.657960650429978,28.13569020707907,25.22695478060207,28.20824620188856,-2.981291421286489,29.270751786915255,29.308172690592837,29.33782535107478,-0.03742090367758166
2047-05-16 12:00:00,27.633836804945172,26.897566147089915,27.393146112564047,28.050205672278263,22.249733238617956,21.015370117663256,24.903401537003173,24.514125970642954,13.443304555172597,25.012120802095627,27.641977622799082,25.639427734688795,27.078890257814834,-1.4394625231260392,29.451912103270576,29.110551406406362,29.08085898545446,0.3413606968642142
2047-06-16 00:00:00,26.899856988953506,26.01948828166071,26.633148326992316,27.561510125962883,23.175673560678806,21.853586131188926,25.43224012697019,25.11651057138897,11.363346532630006,25.5562654763815,26.807918051637834,26.184707742277638,25.955020910543944,0.22968683173369442,28.684398737027614,29.01431717540929,28.06296507784576,-0.3299184383816751
2047-07-16 12:00:00,25.99707144313808,23.973454689165255,24.79081850557106,26.878350518412237,24.160211465073708,22.874557093313502,26.123986680733378,26.05459852455685,10.171279842360446,26.20996804668799,26.038160594447195,26.92055415215031,25.088768576132725,1.8317855760175838,27.874374205325868,28.880645022524945,27.440558249613353,-1.006270817199077
2047-08-16 12:00:00,24.850795742734604,23.582336084204126,23.65649040758918,26.1860808409641,24.66976537314053,23.353975836172484,26.495210254381472,26.440489399072735,10.042048547078242,26.451506607821415,25.701918062499274,27.0907252613807,24.482802367321966,2.607922894058735,27.676560883220766,28.823969935206133,27.411610616623808,-1.1474090519853668
2047-09-16 00:00:00,24.686084828956837,24.106065484340704,23.694729750459075,25.63762427391893,24.739328830384235,23.464027930125365,26.85193912000441,26.931925655261868,10.776721160890702,26.747642903754482,25.786531662043497,27.50218423312235,24.524467497506738,2.977716735615612,27.770506596700493,28.898548826263404,27.660926776132357,-1.1280422295629116
2047-10-16 12:00:00,25.36564972414816,25.037423825166783,24.324662556773667,25.493952928821606,24.486758251480193,23.190404115663227,26.669513556987642,26.73290936363082,12.104229611739841,26.62678651597107,26.238113934350174,27.40221187550709,25.30775205660884,2.0944598188982475,28.117697113507376,29.071973101057118,28.18677746249191,-0.9542759875497424
2047-11-16 00:00:00,26.075805173926863,25.621689381419152,25.09886029421697,25.860561631728565,23.853469360250866,22.58150852245236,26.18545151593778,26.01876425230886,13.742752949533292,26.119448613200728,26.775712530118135,26.76595070619477,26.13447189250121,0.6314788136935583,28.06042845849087,28.97124482706873,28.164430906283997,-0.9108163685778621
2047-12-16 12:00:00,26.280596657091166,26.247222034480313,25.697265007553195,26.12156462885732,22.8824843316401,21.61281832079641,25.368013911902363,25.036057493382387,15.711336492565934,25.3091485504752,27.154166601212008,25.882228720647248,26.625919133050818,-0.7436904124035699,27.998581438989756,28.570709852435872,28.316116903328655,-0.5721284134461158
2048-01-16 12:00:00,27.062218253082616,26.620862113185808,26.302055028670402,26.754693792039024,21.91233537578849,20.5184755788495,24.520065969301733,24.12688323417114,17.006228283201942,24.514689210344248,27.6016344147418,25.13601876906023,27.261118745153876,-2.1250999760936473,27.732353864039823,28.815727227660215,28.31005009959333,-1.0833733636203924
2048-02-15 00:00:00,27.613326491999803,26.548842171288907,26.804728534164738,27.289345449092213,21.314339488580032,19.919046433935417,24.08600285369092,23.57997445302752,16.750086981840226,24.148847026992794,27.974676196716345,24.76837419590696,27.992384710042504,-3.224010514135543,28.032246719942346,28.926812460624063,28.670154724135173,-0.8945657406817169
2048-03-16 12:00:00,28.12244439990915,27.310056961123088,27.426465953211082,27.683103126280965,21.225851914085307,19.974249848517427,24.25972925999596,23.61988429064312,17.210861923392663,24.29067095731185,28.247625227704084,24.81582621058642,28.43847213935561,-3.6226459287691917,28.697724884268393,29.15576133595769,29.25212481497413,-0.45803645168929563
2048-04-16 00:00:00,28.515818313467165,28.14184427122919,28.216995025110137,28.30312870202407,21.63002589713156,20.557072090093605,24.5858931627399,23.934832352086843,16.281138535135064,24.643824909347604,28.310020742765534,25.09873306664533,28.22243096633481,-3.1236978996894784,29.381654153823145,29.399106973868946,29.44045519135348,-0.01745282004580062
2048-05-16 12:00:00,28.439070685587378,27.9783729728616,28.415961167567545,28.919447537624283,22.10818525370003,20.91914369176664,24.863015911775378,24.323828982623077,14.351802904233017,25.002587810469546,27.913119271042685,25.570401032674585,27.183608657309875,-1.6132076246352902,29.52878580525551,29.096500088839704,29.274860592614992,0.43228571641580515
2048-06-16 00:00:00,26.88419826335041,26.9191400368937,27.864260988494298,28.796377505653396,22.841090643177473,21.542405160489686,25.423328151696776,25.10230833178463,12.308680491706724,25.5839893966491,27.130479253444985,26.282741329546155,25.98167198705363,0.30106934249252504,28.99832072631552,28.957312940341325,28.578319086599553,0.04100778597419463
2048-07-16 12:00:00,25.71796692079752,25.382032733362237,26.625603334694375,28.10381753492267,23.43216933940594,22.299863460065602,25.964076971264387,25.798837016396792,10.905135973616352,25.962359596159708,26.387085407491902,26.683431317546116,25.08077086069052,1.6026604568555953,28.227831068540223,28.769950841170008,27.926782191291807,-0.5421197726297855
2048-08-16 12:00:00,25.173058768502905,24.265902658454515,24.69271650981742,26.9350819256953,23.99100103337196,22.92654047912572,26.3860002006928,26.246561851783373,10.210128241438445,26.321724117140697,25.932382779437386,26.960898042309886,24.40431888714949,2.556579155160396,28.00413921008896,28.59598380977445,27.778209297786827,-0.5918445996854871
2048-09-16 00:00:00,25.06971073216345,24.1907427634134,23.84769576287741,25.671069902429952,24.327494944735214,23.304088104503407,26.80357910482868,26.788024456576096,10.481851249541968,26.658066898949638,25.91242129508754,27.380616256662467,24.355951986471393,3.0246642701910744,28.149621175900066,28.616452232779125,27.95128485764659,-0.4668310568790588
2048-10-16 12:00:00,25.22347036367537,24.87646396832724,24.443651253533137,25.383420416027437,24.2079643296484,23.30874129020143,26.77639293936412,26.833081309303886,11.416225683843912,26.690604575027294,26.300152586572732,27.512401185453957,25.01436327098337,2.4980379144705864,28.542337455007587,28.922729327324948,28.42990277186029,-0.38039187231736094
2048-11-16 00:00:00,25.61905320941846,25.19292409439346,24.825696016056025,25.5842494658985,23.827311319565343,23.011542271579227,26.326438253770625,26.10881423914493,13.2397999912815,26.25159429136628,26.806439787788133,26.850915178918253,25.799137726981748,1.0517774519365055,28.714271325878816,28.936243512765124,28.57544349716151,-0.22197218688630826
2048-12-16 12:00:00,26.09837555680501,25.352046968016804,25.22818280953967,26.040832800791367,22.972696158086013,22.101549092421383,25.503137340897506,25.15070508581235,15.045893871177944,25.483229153726533,27.291500139295813,26.035458411737768,26.623439859634406,-0.5879814478966381,28.475054988719233,29.155839398333466,28.662331776768305,-0.6807844096142333
2049-01-16 12:00:00,26.61165694251129,25.770756519684053,25.545277030296642,26.804453555896472,21.851545451340282,20.796213673602242,24.596479072670608,24.140282023790625,16.058924198497362,24.656278782004865,27.68002620031653,25.212647423140908,27.303197372118706,-2.0905499489777988,28.19545457680775,29.104706111404365,28.73183249176553,-0.9092515345966135
2049-02-15 00:00:00,27.00060086357247,26.478814313334333,26.500451683883732,27.52784814707036,21.288465381469464,20.222085047651014,24.38162777535265,23.741719288988968,16.70909722658047,24.42614892147571,28.017706116075516,24.942506201807575,27.82977959433159,-2.8872733925240155,28.3316606243259,29.29347927528621,28.955889759047015,-0.9618186509603106
2049-03-16 12:00:00,27.589046924068498,27.555942489751178,27.37775493259532,27.61954364339581,21.289657327116952,20.273216752428155,24.406852902204236,23.805995257000035,16.250128802482433,24.500632176201233,28.333639736175915,24.985659964113047,28.306506457647288,-3.3208464935342406,28.792375325520123,29.270572633223203,29.19425493755628,-0.47819730770308055
2049-04-16 00:00:00,27.390972967025405,28.163892008733182,28.20929797793378,28.42590533805832,21.72369291347574,20.57090826309313,24.636976812827648,24.0527801803387,14.70934991661352,24.78414509298297,28.342294856640667,25.25703862886762,28.313297176272858,-3.056258547405239,29.28562235238768,29.19961222959792,29.323851218277753,0.08601012278975873
2049-05-16 12:00:00,27.238967718496816,27.589344683093337,28.029461412022187,28.677557708034175,22.199825350731007,20.797615597411962,24.85494026367813,24.216783258949928,13.252764062580155,24.995057523315594,27.85539787122397,25.44572689390651,27.471537048747514,-2.025810154841004,29.50317318751201,29.22686425054777,29.300864782459396,0.2763089369642415
2049-06-16 00:00:00,26.495242911104732,26.6435839960194,27.684245764630496,28.684819431494986,22.973150473441418,21.450214450836604,25.272248308426946,24.907899263211338,11.942435127773626,25.46561675188597,27.097149615611393,26.117394669457273,26.35852558772149,-0.2411309182642185,28.801527386928463,28.99199666939292,28.514315437680292,-0.1904692824644556
2049-07-16 12:00:00,25.66539505700386,25.40365977291477,26.34697491721499,28.209473309808534,23.74491304171941,22.342568355877592,25.72662993605073,25.558744728574396,10.927547637019202,25.870463418811024,26.339090281647664,26.58420114963998,25.40238303063806,1.181818119001921,28.029069358661395,28.909054805937917,27.907492970447198,-0.8799854472765212
2049-08-16 12:00:00,24.389587750469897,24.118189677979657,24.664442229626758,26.98877290029771,24.345196058662662,22.98720958286416,26.128108651718897,25.985721718195553,10.135669489865576,26.234892879774613,25.877927769463128,26.881092101756632,24.75282253502862,2.1282695667280116,27.894516502204905,28.732969583502435,27.793897676241052,-0.8384530812975299
2049-09-16 00:00:00,25.039625956131452,24.521656434214794,24.14982298881956,25.791771733676892,24.408057509220484,22.989007050265606,26.59992483203311,26.65261676988046,10.426676986043796,26.581966174760925,25.936590900883335,27.358568029404456,24.711493588860847,2.6470744405436086,28.19327082190077,28.75413424734392,28.134608170795882,-0.5608634254431486
2049-10-16 12:00:00,25.946235617659777,25.32758891112357,24.55298133515057,25.558220175175766,24.147507123792177,22.70459212846748,26.555616663587323,26.640903283607088,11.272529738598458,26.51225517677897,26.38308416687833,27.387196827156725,25.191137503013714,2.196059324143011,28.5444763448917,29.089459792262357,28.425864707607673,-0.5449834473706581
2049-11-16 00:00:00,26.421991022443734,25.785137264721254,25.146463372058033,25.933069913711627,23.25323846391326,21.861413035712363,25.960099386249254,25.773241554279366,13.128048466221848,25.813463480053702,26.903071157251983,26.612516211176132,25.810050304980038,0.8024659061960939,28.315405455928143,29.30776990397188,28.21307610617158,-0.9923644480437375
2049-12-16 12:00:00,26.810004753456496,26.187991190852372,25.74028917210325,26.394248739682496,22.54292342122759,21.336834598349157,25.377641038108433,25.03697933262573,15.248991130368788,25.219404663692867,27.32321787482249,25.903782396067314,26.52335896906021,-0.6195765729928979,28.142001248344084,29.095509525207788,28.20718788323294,-0.9535082768637047
2050-01-16 12:00:00,27.154576890979037,27.094852697017735,26.57708473324381,26.716182644599442,21.662668304464244,20.47530109732703,24.603437389662993,24.290302869718673,16.334150883126554,24.52269560458704,27.76098262644103,25.2762630359861,27.426048534911732,-2.149785498925631,27.835839254514728,29.158520717769537,28.15894006586514,-1.3226814632548098
2050-02-15 00:00:00,28.08848362336175,27.619603068142357,27.405922733852154,27.36085272207728,21.37656376385316,20.250050350221915,24.476498662923333,24.05210238131631,16.76051788995013,24.415242372949375,28.0796906042434,25.098019475395194,28.27037297604694,-3.172353500651745,28.12155014729875,29.097799077473788,28.659766978459402,-0.9762489301750392
2050-03-16 12:00:00,28.427550255616573,28.005295105728642,28.01865267431096,28.197590390043747,21.320266776936336,20.11261685891712,24.53406013631448,24.068667222103297,16.80114357716392,24.51796587429488,28.396773825565074,25.170278982509938,28.428154532832266,-3.2578755503223285,28.832742653324456,29.08350349806125,29.242706092450394,-0.2507608447367957
2050-04-16 00:00:00,28.686545018745967,28.52079396113544,28.606823163348512,28.652400102352974,21.432496829757135,20.15600192619832,24.583325853890006,24.09340672763264,15.41344571132179,24.595871217911736,28.348101927182153,25.245617944256647,28.29527596238503,-3.049658018128383,29.425549615806446,29.04837830937452,29.49981122500798,0.37717130643192576
2050-05-16 12:00:00,28.337813127668134,28.080379647546494,28.69139190143537,29.182941063488624,22.037083138100474,20.606488738635928,24.92201124821607,24.350942751944977,12.9646039781033,24.931373533271135,28.026022849927465,25.57405313206674,27.300754588730683,-1.7267014566639425,29.65475084006594,29.333595763898934,29.2974237504216,0.3211550761670061
2050-06-16 00:00:00,27.768830254161326,27.02660103019844,27.347776060791823,28.343374606206343,22.89188615582806,21.435449035338063,25.490787946997344,25.20762093970741,11.530648215961527,25.554823231936457,27.259441013669377,26.360090608732655,26.18567776674337,0.17441284198928386,29.02194061573925,29.255534429634437,28.538836291725207,-0.23359381389518674
2050-07-16 12:00:00,26.456670799834992,25.947475481132148,26.598094030530003,27.595790074949907,23.700737942327912,22.414469355780025,26.23185624529199,26.23367811550283,10.638962622108597,26.18102330969599,26.52536332216399,27.11416854487094,25.16465366866813,1.9495148762028087,28.196134522451946,28.765715681923407,28.017224406059828,-0.5695811594714613
2050-08-16 12:00:00,25.69784954276084,24.81880911891328,24.956388073161964,26.96305062865843,24.76984255805857,23.583552054269592,26.73298579376249,26.70474597996297,10.59272872708997,26.607712877163173,26.097710838017434,27.339893160320145,24.364154825696083,2.9757383346240616,28.04140354373097,28.36399629501202,27.88190214316102,-0.32259275128105
2050-09-16 00:00:00,25.926547123047673,24.433167789496586,24.130294439854907,26.066371264130332,24.97135726112636,23.680836675970802,27.134196983884564,27.157532384695795,10.533286516978013,26.941318774819283,26.019643237716956,27.64042249509856,24.346603882664837,3.2938186124337214,28.27832836364618,28.119872872506676,28.032595676097145,0.15845549113950597
2050-10-16 12:00:00,25.935207852524005,25.08725641592135,24.47087695744433,25.80721445748944,24.9510591285649,23.724106342764124,27.00518237734846,27.130277197494483,11.955419198997026,26.920323337263635,26.426674130658604,27.72727513583019,24.74110348203659,2.986171653793601,28.613492377387413,28.406411929429833,28.481212484767433,0.20708044795757985
2050-11-16 00:00:00,25.658358682750062,25.979166955967923,25.483501180192963,25.986990759507915,24.004306816742417,22.774094784426207,26.286346164996708,26.185717452574853,13.66068684198055,26.165420407976757,27.003416559871912,26.92514779573425,25.554576787671763,1.3705710080624876,28.6045481865791,29.077034098264985,28.775791449172424,-0.4724859116858866
2050-12-16 12:00:00,26.517011138354636,26.348873865015303,25.756674064147344,26.114239604841373,23.049809016586327,21.8034511418883,25.573563148388818,25.373217354956843,15.288679657759344,25.461724832202343,27.51502907589858,26.14664398458199,26.194851892924884,-0.04820790834289568,28.46528813325754,29.31540806264906,28.92023225459508,-0.8501199293915178
