time,nino12,nino3,nino34,nino4,norte,norteleste,centro,centroleste,cbm,tna,tsa,nat,sat,tasi,wtio,setio,swio,dmi
1854-01-16 12:00:00,25.18786487341783,24.583905873249968,24.014678965576802,25.095379677416425,20.505160031210938,19.436058838586234,23.338483542837636,22.92133899724035,15.691408188395712,23.33296008527527,26.35188798956089,23.94448315912701,26.009808756851267,-2.0653255977242573,26.588602151526608,27.74069691485793,27.077573373096172,-1.1520947633313234
1854-02-15 00:00:00,25.966873917015562,25.13388424862052,25.09095842357019,25.59811442021222,19.975452909052045,19.002334761980226,23.073388444798102,22.582641829127283,16.17928572558642,23.09483472262455,26.700483269878994,23.719627484911175,26.515697878261697,-2.796070393350522,26.822318537041284,27.87777081984147,27.295219671174817,-1.0554522828001858
1854-03-16 12:00:00,26.297477802938484,25.603566952261385,25.636222331521505,26.079643977540883,19.86338084284338,18.907343555502436,23.08534825768888,22.537395837539012,16.145132655802836,23.126809755484405,26.985028917794644,23.73152596508411,26.86353243428502,-3.1320064692009097,27.460104411700126,27.985804765756054,27.743840913609976,-0.5257003540559282
1854-04-16 00:00:00,26.474997032567835,26.342944931966873,26.106823509593745,26.28509393102712,20.302241595383006,19.248341490220504,23.38839101906951,22.72521139250629,14.970349650645963,23.42323316518624,26.98226929919859,23.919938353512173,26.805687181722995,-2.885748828210822,28.108897204514964,27.999607021744108,28.173155449627785,0.10929018277085589
1854-05-16 12:00:00,26.184895448222328,26.296752680674555,26.678821877578773,26.844416280052666,20.916361865668698,19.675818057642775,23.64761139137358,22.99877740710863,13.152113350263656,23.715592036390706,26.54405049512034,24.193970161085456,26.082961683056027,-1.8889915219705706,28.197447270698802,27.876106737025168,27.99842927453745,0.32134053367363435
1854-06-16 00:00:00,25.11167665590165,25.19754305530114,26.262863596734082,27.061493192133554,21.83922123709262,20.502481980325083,24.099985776336588,23.647040878211723,11.43790209715955,24.227030565589743,25.81861930079901,24.777098948400905,25.0199130133727,-0.24281406497179603,27.45720034166183,27.78446344732716,27.117046594257936,-0.32726310566532746
1854-07-16 12:00:00,23.84711988646973,23.82836003747745,25.02687261674101,26.482346474284643,22.46109264233839,21.131362933629934,24.563349280172606,24.29796184688113,10.280698872897014,24.61504218543438,25.079794630911312,25.24294041594843,23.973364043407006,1.2695763725414224,26.6830531129854,27.636073604943988,26.378542277050794,-0.9530204919585863
1854-08-16 12:00:00,23.305921809982525,22.84871050692644,23.46307084785235,25.575457088559162,23.00529720375136,21.710730963154305,24.9993143567927,24.827147202452956,9.783109510889739,24.97278201068579,24.665303848699978,25.574042121693395,23.332607065592274,2.241435056101121,26.528651912831723,27.42379138980657,26.341734576959784,-0.8951394769748475
1854-09-16 00:00:00,23.6479724702918,22.83193382263303,22.65289651232271,24.79994329020993,23.22174529310405,21.979571960849672,25.39010258785678,25.332419684208332,10.012031445105118,25.302410693842802,24.7131982303435,25.962679086329253,23.271065669557817,2.6916134167714354,26.698774611451874,27.502648203961922,26.63877367599649,-0.8038735925100475
1854-10-16 12:00:00,23.83402622156617,23.48180334613922,23.141539898370166,24.680254221712676,23.071094592932113,21.891808186641523,25.33959775196685,25.312300917644805,10.88037948597864,25.285408804389807,25.103029512306698,26.000832896542267,23.789945440386514,2.2108874561557528,26.973312235137257,27.759238336008636,27.030001605957864,-0.7859261008713787
1854-11-16 00:00:00,24.274719578492974,24.075665639522516,23.69455963374607,24.76094699054585,22.3927449212304,21.270044200487526,24.83262500331324,24.635450015912568,12.372248308925101,24.760011212830054,25.617774240009794,25.388790093460052,24.52679730359929,0.8619927898607607,26.993138750610242,27.756972408613372,26.967266261639768,-0.7638336580031293
1854-12-16 12:00:00,24.56594171452008,24.27584544650215,23.87825636213262,25.02440953033683,21.410246479801593,20.400877174239973,24.150616383549742,23.841280961588975,14.230340055389133,24.084465064481236,26.06886619293591,24.703034906292945,25.336155228243495,-0.6331203219505497,26.868582972621972,27.827397144788243,27.08290098680346,-0.9588141721662709
1855-01-16 12:00:00,25.22669453823551,24.845598671327014,24.345210098242138,25.39131524639294,20.511133381544603,19.55028587646946,23.463435191136803,23.086096000149716,15.543988509852927,23.445225005483085,26.46229752077458,24.084928041424103,26.071702017410583,-1.9867739759864804,26.707537554627088,27.964429458627876,27.14074663395463,-1.2568919040007884
1855-02-15 00:00:00,25.904080594488374,25.66050556803616,25.473941367506644,25.896199550409758,20.043874503789866,19.175711598424233,23.2004979102476,22.812161311797986,16.082831264429842,23.22379548053861,26.857482671294086,23.896026230876636,26.68987261496739,-2.7938463840907524,26.889252254158976,28.00343468873519,27.265225724192042,-1.1141824345762146
1855-03-16 12:00:00,26.382331522639724,26.20910315898587,26.167956843784616,26.490948166141276,19.922038653114495,19.111986066348695,23.189014334178733,22.692685647873276,15.956343424768606,23.22135395858402,27.15462176143664,23.837134223582996,27.045591006941894,-3.2084567833588977,27.54665640945926,28.093166071074137,27.793303383097957,-0.546509661614877
1855-04-16 00:00:00,26.417306462579013,26.652802281829526,26.554372784034673,26.83307813320643,20.346517519981603,19.452125006654217,23.409628545646733,22.831169660925013,14.942183099320609,23.46188475542202,27.129696366485614,23.977380331879527,26.967366949681008,-2.989986617801481,28.235147426456106,27.98668319171113,28.273629215090082,0.2484642347449757
1855-05-16 12:00:00,26.0598398433494,26.43383263866471,26.79354823334016,27.07925701971979,21.05972266177055,19.92921558458367,23.725869494876335,23.1124843121989,13.137216774971478,23.79543445039823,26.63938930227823,24.267065555227976,26.23962276275814,-1.9725572075301656,28.31440294702439,27.903911159570434,28.02665896405331,0.41049178745395665
1855-06-16 00:00:00,24.88829443611851,25.144960107604774,26.11358117249103,27.044266932344485,21.973819130505966,20.702334887009627,24.22230981847707,23.80783060059116,11.504710610448273,24.34224997536888,25.872364284555395,24.914376184540593,25.212417295611303,-0.2980411110707095,27.50540977450803,27.8677274217417,27.209076544557544,-0.3623176472336702
1855-07-16 12:00:00,23.880341462395887,23.91138044225933,24.965809458618953,26.497208501667767,22.69746950267561,21.409916639046685,24.70746074187308,24.473704049264548,10.389608496455336,24.78219649841413,25.1411162437251,25.412676737992822,24.320133494649074,1.0925432433437479,26.774505239597982,27.557144961743948,26.574656224519213,-0.7826397221459658
1855-08-16 12:00:00,23.549916488404772,22.981054376857013,23.492605107809293,25.550995586463983,23.290899558096722,21.991895145524392,25.099666174333787,24.926157479953112,9.801240774243032,25.102914313307803,24.709118208037996,25.680764534094763,23.609240954158608,2.071523579936155,26.54974439291899,27.388440887452635,26.381676363612648,-0.8386964945336466
1855-09-16 00:00:00,23.38082737254351,22.865645138178696,22.78859037642808,24.68871914222184,23.386587638190225,22.080175050275884,25.41147186002207,25.31493295781873,10.05585550992631,25.348664149814528,24.709805314735686,25.97517959181952,23.46422931730209,2.510950274517427,26.7800219555022,27.489763564643486,26.68958363046078,-0.709741609141286
1855-10-16 12:00:00,23.93792562964122,23.554650918371483,23.06892013685667,24.551507242142826,23.168195932106713,21.935449590648698,25.34145599951966,25.28625195480992,10.98497263828939,25.298349032899885,25.131967973234765,25.97245757677219,24.000775877590936,1.9716816991812536,27.06245584435142,27.765700319241,27.062238713028368,-0.7032444748895799
1855-11-16 00:00:00,24.520972650744763,24.120411959273834,23.6674092769873,24.7330350881192,22.554931953038118,21.455926092789728,24.8978121246154,24.69552470714166,12.45167958370525,24.850442780106626,25.65540147817108,25.433913720620964,24.72503506051019,0.7088786601107735,27.089910384278134,27.805637659356552,27.097318623341202,-0.715727275078418
1855-12-16 12:00:00,24.8864462816837,24.24918548895567,23.763839410844295,24.924735628885095,21.519068136196537,20.547470084154632,24.234142992788904,23.89391195317725,13.994308450352655,24.164725725191133,26.058663023788036,24.742875263736604,25.409777516571634,-0.6669022528350297,26.948576903543028,27.661195917696524,27.19476940666695,-0.7126190141534963
1856-01-16 12:00:00,25.415411124630825,24.823215946400648,24.33775724637162,25.451146999487378,20.538751066476088,19.582273252958153,23.53298306372041,23.071925714340786,15.377211997218197,23.47428352917727,26.459218620971154,24.0730706522132,26.060911504237236,-1.9878408520240356,26.8026714047778,27.81418299828704,27.308047132258196,-1.0115115935092405
1856-02-15 00:00:00,26.084897445651507,25.60272978270631,25.483763780091444,25.874982962881106,20.017721117612947,19.02047656877704,23.114969549471283,22.565734909271416,16.033573891765947,23.107750475855514,26.856858258386573,23.706103480603606,26.607323473764815,-2.9012199931612095,26.986062720696086,27.9943705420815,27.527983375755237,-1.008307821385415
1856-03-16 12:00:00,26.592935392693075,26.062584210330122,26.05954471912846,26.284281643288065,19.92386029143654,18.968927437396115,23.106127215809167,22.518638229016926,16.004317292162362,23.12691818574459,27.117355450907652,23.695124745911617,26.927477980106367,-3.2323532341947505,27.493652599941942,28.06752059254235,27.812219439096896,-0.5738679926004089
1856-04-16 00:00:00,26.708959541854362,26.55589507439684,26.421134800403475,26.60254911904678,20.26040878056411,19.227954921764614,23.309007813563674,22.669919055334677,14.88542341574899,23.34706378353535,27.063034377873617,23.83643970334422,26.8055854543673,-2.969145751023081,28.117363755522845,27.967755462953054,28.16167700751887,0.14960829256979125
1856-05-16 12:00:00,26.074316100712473,26.32639473724855,26.67458155068248,27.03392133797919,20.941602213994482,19.751081636920023,23.632192515324686,23.01110898386536,13.241667329015403,23.715323803965045,26.594064747359305,24.17287340910893,26.09656204861023,-1.9236886395013002,28.295922701421745,27.94958698540779,28.02321422044604,0.34633571601395374
1856-06-16 00:00:00,24.601001154187713,25.07574944445279,26.0429172452473,26.922288135286767,21.797562734374804,20.478992170971125,24.105654500232358,23.68559888693804,11.525538732832578,24.22643471108518,25.80711725247066,24.80193079863753,25.040607161475712,-0.23867636283818072,27.48447108629606,27.83445680679361,27.15550438443752,-0.34998572049754983
1856-07-16 12:00:00,23.749595639038315,23.532549897540807,24.647772805340622,26.14326811353219,22.457838165653484,21.146092652038543,24.56391233201577,24.31824388208236,10.308046033264072,24.631146311913096,25.055906854323045,25.265099151890393,24.09033059807884,1.1747685538115533,26.608875048200886,27.630489042273023,26.355057249363995,-1.021613994072137
1856-08-16 12:00:00,23.045648591902825,22.451673499293662,23.059547713342912,25.40827077977884,23.044626017740285,21.758954958364242,24.99182950737325,24.84630037670492,9.64296267379778,24.976227880845318,24.634362294202166,25.57828810642967,23.41231550018153,2.1659726062481397,26.52758252095472,27.44826547541442,26.334925064553968,-0.9206829544596999
1856-09-16 00:00:00,23.13938795042464,22.504626421459033,22.491280773415436,24.588754621385107,23.26697615098174,21.98399660558486,25.387550214648343,25.363253215510383,9.845501528921572,25.3061248372272,24.63946729489789,26.00003361029036,23.358889328834795,2.6411442814555635,26.71440768278718,27.546478746350324,26.614836137627233,-0.832071063563145
1856-10-16 12:00:00,23.73665038997088,23.212790176100633,22.854159827541658,24.346597688890498,23.155182606273897,21.901897507023726,25.33717369150891,25.318223007431865,10.71383298850335,25.29421737595341,25.04331520156418,26.012953739231556,23.955641654845333,2.057312084386222,27.061271714789207,27.71847429072644,27.121585394393545,-0.6572025759372337
1856-11-16 00:00:00,24.25667163240562,23.753513679098944,23.24991918035799,24.53370288963274,22.543302352719635,21.417328371127425,24.884056335504095,24.722033946850626,12.354912727086234,24.828635452538677,25.567928112130076,25.445193374836045,24.65498656218975,0.7902068126462929,27.141812057127005,27.686953178913672,27.182112509256484,-0.5451411217866671
1856-12-16 12:00:00,24.665975662650816,23.972975376574908,23.601128848713056,24.78757831163079,21.510556218243952,20.444975183561365,24.18838723283885,23.916163632200384,14.174058193854686,24.116712699518995,25.989013325180647,24.72351501146667,25.358637070717116,-0.6351220592504454,26.908985309482166,27.74865235292663,27.146794760135247,-0.8396670434444644
1857-01-16 12:00:00,25.330030574563953,24.750661520603387,24.128897855999803,25.09039456692747,20.574348415603804,19.55161723530113,23.545184587088215,23.172385722479607,15.839383302853308,23.490381159133914,26.40159839272812,24.12663209268205,26.061891208281132,-1.9352591155990808,26.697450508425764,27.943066149954145,27.207367496646707,-1.2456156415283814
1857-02-15 00:00:00,26.087837797131243,25.44534526689264,25.172622582316748,25.44126963223405,20.05369754838763,19.091750600308508,23.16488298897964,22.720605554659905,16.06992679706253,23.157798924497587,26.76206355726226,23.800344530719162,26.64113024459004,-2.840785713870879,26.84668105867214,27.958626160719763,27.349624615880785,-1.111945102047624
1857-03-16 12:00:00,26.481752962932337,25.815514681964917,25.748058867539285,25.986781542577162,19.94038271602098,19.03980631907744,23.1199743688776,22.62034851955204,15.653205531428297,23.154425179337473,27.01300423690573,23.752037524215638,26.9169118641877,-3.1648743399720622,27.426869124614857,28.036346899053285,27.78269407270333,-0.6094777744384281
1857-04-16 00:00:00,26.538727554232842,26.35156378022791,26.26292840549171,26.49877212687951,20.276894096537504,19.283920989157448,23.36844443856812,22.83661868183427,14.672492232488919,23.40396510128144,26.997914352031383,23.97074854738866,26.704266716002294,-2.733518168613635,28.094208045150957,28.01533341650531,28.187555620886847,0.07887462864564654
1857-05-16 12:00:00,25.855008397195757,26.07751800170348,26.509006443778073,26.895190722090646,20.961377610466254,19.72917904593044,23.67496749876824,23.080504566076698,13.071117734677795,23.747015799011308,26.519328595133015,24.233263915504846,26.04787204467133,-1.8146081291664835,28.164583630688714,27.931925014699804,27.921641740177215,0.23265861598891036
1857-06-16 00:00:00,24.43398455116925,24.670515335989467,25.86814245499669,26.890753907764637,21.69134407822761,20.305626228692283,24.120247421297453,23.70312780602804,11.515066362113282,24.21989688751532,25.734344788240357,24.819058966291593,25.012905489805945,-0.1938465235143525,27.35524524722254,27.81605176333822,27.090574430428177,-0.460806516115678
1857-07-16 12:00:00,23.692657599397066,23.395447753244383,24.547154286196008,26.16363946545288,22.44212152049451,21.065837260579944,24.577257113106004,24.330142597692674,10.353782585478077,24.618643393054583,24.993291923478044,25.275981025756796,24.033009459877672,1.2429715658791238,26.560692332278567,27.64460301193236,26.377199602082893,-1.083910679653794
1857-08-16 12:00:00,22.99984442982211,22.375964536197284,22.917863444951177,25.184042435211087,23.0487698913375,21.713107071840742,24.93834552145973,24.725708794245325,9.822638688122279,24.91752774237915,24.575459462980284,25.500672217155955,23.33402318400106,2.1666490331548935,26.460086577065045,27.531515277407788,26.287948406351116,-1.071428700342743
1857-09-16 00:00:00,22.82225683667189,22.36273917254023,22.247829163833046,24.40622016565903,23.218038940835918,21.859646270700942,25.29563257621092,25.202348487227134,9.928139724093489,25.22559028324768,24.585555082346815,25.876988364616608,23.20621837915657,2.670769985460037,26.707780677829884,27.652086036262467,26.610174645586174,-0.9443053584325831
1857-10-16 12:00:00,23.41520688312143,22.98726542297531,22.651962492421557,24.30258113658171,23.010727132949334,21.702146566316042,25.256465036973154,25.18057825400202,10.74481447575403,25.20725069606254,25.009826288078944,25.898439932571726,23.816645347550356,2.0817945850213704,27.004568873007123,27.911215551732464,27.022517558969348,-0.9066466787253411
1857-11-16 00:00:00,24.032987129472204,23.480006946633704,23.090687087546776,24.43567893529692,22.40860298040234,21.202273437405744,24.848969695415306,24.628593767425482,12.14545792594381,24.768397962897915,25.506998293717004,25.38115610032024,24.65371187346043,0.7274442268598094,27.077533912560057,27.786434577216493,27.1367313015648,-0.7089006646564364
1857-12-16 12:00:00,24.40083264164454,23.71772557436938,23.276522744479134,24.649084996800138,21.451773177680057,20.319288138882015,24.126461262905377,23.773986826232832,14.133636152674537,24.04966985880495,25.917180044913863,24.623713947723406,25.366592783779716,-0.7428788360563097,26.88692479436464,27.80347159604693,27.16190905081663,-0.9165468016822906
1858-01-16 12:00:00,25.006787601473192,24.16006241654619,23.74574994909709,25.027986962713516,20.476306177425567,19.481331603962897,23.463116766862846,23.070057228614083,15.444416079858582,23.4249919937862,26.264274543096484,24.04860536028067,26.06488613979225,-2.016280779511579,26.635487456966,27.80701966959667,27.122427068436068,-1.1715322126306695
1858-02-15 00:00:00,25.752145713062934,24.94701831694099,24.711898533323108,25.286057748809405,19.898398515836515,18.980298765801294,23.083006769102386,22.65465638742378,16.09700558687484,23.09797724674369,26.640801228332908,23.75734310233048,26.60347725097823,-2.8461341486477494,26.943906736054366,27.880382476755198,27.426547423570202,-0.936475740700832
1858-03-16 12:00:00,26.181297010573115,25.63155189612593,25.429741480057682,25.61123530587555,19.781308149468728,18.854891369926527,23.08198424050726,22.571099326599807,15.735395190587715,23.100325128316907,26.918927873685,23.737521462368942,26.85956882359346,-3.122047361224517,27.49077526862021,28.01041555722386,27.771413025503932,-0.5196402886036466
1858-04-16 00:00:00,26.386931326648526,26.283800054316043,26.01991928202355,26.036300643827712,20.184303620900145,19.110201893580633,23.31757929497355,22.716372451719764,14.766606852333119,23.34435439491119,26.90953388259945,23.89325911772802,26.82188671296025,-2.9286275952322285,28.086557871482327,27.98493461482357,28.110954240954463,0.10162325665875827
1858-05-16 12:00:00,26.130328811164063,26.10739117549639,26.342720260526615,26.535540991168386,21.04466616107669,19.797318955598296,23.682844072849523,23.07237362335684,13.09788849104395,23.76842671283847,26.47092956564807,24.249841367697943,26.05059249565797,-1.8007511279600266,28.152693711638175,27.85233524073746,27.8677963877201,0.300358470900715
1858-06-16 00:00:00,25.117744532224375,24.985442900950552,25.939470240643317,26.685657387774967,21.902602951432815,20.55217689651756,24.109291228357,23.670027558718004,11.510817354630888,24.236791406621215,25.72989785502929,24.801108143276856,24.997183445334624,-0.1960753020577677,27.381357224727946,27.8242980605258,27.023593145582296,-0.4429408357978524
1858-07-16 12:00:00,23.894933385000396,23.63040659442083,24.80733423438047,26.248074801783154,22.537042200969196,21.227816701217762,24.570020436580847,24.31614009830505,10.503205388575806,24.628165637857094,25.007239172465027,25.238254211861793,23.957051289328877,1.2812029225329162,26.682446530848818,27.641727416190783,26.414919155198085,-0.9592808853419648
1858-08-16 12:00:00,23.159246724137336,22.6800547009016,23.298282384584937,25.483455111700508,23.032273487919266,21.745222950082645,24.975225238520046,24.792790457981507,9.908552452826235,24.935348834617677,24.600164172048007,25.5243507702531,23.20446500176985,2.3198857684832497,26.564047837321503,27.46332029575595,26.36641269173844,-0.8992724584344458
1858-09-16 00:00:00,23.296078108719886,22.67992955023835,22.675081724288788,24.775812431222572,23.34047944789891,22.083060495275255,25.385296771910156,25.32801910130109,9.96008459789836,25.29183912809912,24.62579154805093,25.94260608323251,23.137708416407698,2.804897666824811,26.72951670082327,27.50473245785169,26.652561654221543,-0.7752157570284197
1858-10-16 12:00:00,23.72441526477077,23.349718471154397,23.030001112273997,24.590880309553434,23.237964582182553,22.09152922390593,25.36771042473936,25.378039618457063,10.763712830802403,25.32594042022311,25.04035016505373,26.014362120813413,23.75865803039905,2.255704090414362,26.9749043633562,27.737678972377573,26.990666453905842,-0.7627746090213741
1858-11-16 00:00:00,24.260783114433785,23.956616006433748,23.51885320092449,24.692509449433256,22.59627759535502,21.548298421558165,24.91916787016817,24.768659819659973,12.34752542671154,24.871977695803988,25.58663583956566,25.480066377849006,24.552227256000176,0.9278391218488302,27.052579887019892,27.711189993685707,27.09878611783014,-0.6586101066658152
1858-12-16 12:00:00,24.748765120004744,24.128337674917198,23.69166942656438,24.99116654651867,21.48697518396602,20.43353690693899,24.21182669149944,23.915769864588352,14.15015047497222,24.1373710429367,26.010329482449215,24.76014452677099,25.250313222550268,-0.49016869577927835,26.880814232696473,27.72479816085987,27.089337705674108,-0.8439839281633965
1859-01-16 12:00:00,25.467136143803113,24.96211605081732,24.409791397107767,25.573096610148113,20.483395634672032,19.456546082063902,23.500721952687734,23.09881731574982,15.84896749496005,23.450426005537107,26.423976972559156,24.099156887804742,26.00094791742831,-1.901791029623567,26.745743059547085,27.809076556907005,27.197876302684758,-1.0633334973599204
1859-02-15 00:00:00,26.1283965047936,25.820050619911004,25.517936815415187,25.990091240344665,19.925378574186038,18.94891055012422,23.123094936653626,22.664749593123577,16.246511312639342,23.122012032897096,26.833897803113498,23.790474504310335,26.606357073272115,-2.8158825689617792,26.974465786217717,27.873635486575235,27.481633744055834,-0.8991697003575183
1859-03-16 12:00:00,26.69400457996042,26.301617995186493,26.215824383476214,26.407971113879476,19.833924069209363,18.91007709167625,23.160526282846458,22.614161132072738,16.137312190765346,23.17678363474168,27.138650715839844,23.781986010744966,26.92514921217966,-3.143163201434696,27.540261267376046,28.018521030616505,27.88152484254565,-0.4782597632404588
1859-04-16 00:00:00,26.8078652460781,26.696497817125564,26.547572358767486,26.693402915283343,20.167608670736644,19.212527213268356,23.377547304247532,22.75052715121937,14.904087749332524,23.401519240080912,27.104503619093684,23.918382871435732,26.825187420690426,-2.9068045492546943,28.170876138416787,28.03733901964022,28.287616202573464,0.13353711877656593
1859-05-16 12:00:00,26.37159841717768,26.48061393315233,26.77064832662688,27.1147096908525,20.92783926420373,19.789860134829105,23.719208708911495,23.091961074284832,13.287998888144736,23.795199344193705,26.638297868393472,24.27620033078324,26.08262255127094,-1.8064222204877005,28.289123633661376,27.93392656194604,28.03851864483875,0.35519707171533454
1859-06-16 00:00:00,25.07219740579761,25.243968572152546,26.15742215336228,27.10147337732726,21.89518880358381,20.576780815686725,24.170440999214232,23.725956771305803,11.669581523042305,24.30420512510374,25.8763092098782,24.85492742655058,25.033391149687173,-0.1784637231365913,27.483664941717926,27.879837110400274,27.180399600838637,-0.39617216868234806
1859-07-16 12:00:00,23.941726839325888,23.862315264885538,24.943876725355523,26.427225115160187,22.63702928615546,21.351957496481923,24.669169362324464,24.457916691247704,10.512711083466073,24.746748284179567,25.128363992810474,25.39186485160664,24.067579686877792,1.324285164728849,26.682656405121868,27.67345154837408,26.43969893347595,-0.9907951432522104
1859-08-16 12:00:00,23.058830866690766,22.680357514425904,23.246757420817595,25.45878265432713,23.135523826853603,21.858869021265676,25.085637030948224,24.94557429275073,10.058763822100296,25.065025994966593,24.683237461947467,25.675746589848078,23.408442037933487,2.2673045519145916,26.52912580951755,27.52945387239716,26.32414351469734,-1.0003280628796105
1859-09-16 00:00:00,23.12374693927404,22.621697364122856,22.603349381463516,24.70174887505812,23.345479671514717,22.085967232286674,25.47820931981105,25.432977762656055,10.242291555674447,25.39037424045012,24.694526301678934,26.06121580684448,23.346009099952276,2.7152067068922037,26.734961913951118,27.637486219717257,26.63089068270819,-0.9025243057661392
1859-10-16 12:00:00,23.625422081049383,23.308308157865124,22.964128833866763,24.419701749795244,23.19495909402583,22.02091266665396,25.401814330883088,25.38879065014398,10.959655218965892,25.35929374022761,25.082794648966914,26.047295646964777,23.966757550173202,2.0805380967915745,27.010602168892383,27.847705137733794,26.995901697042427,-0.8371029688414104
1859-11-16 00:00:00,24.163597805412344,23.74895230121508,23.3481178210282,24.597845416374316,22.535958449976718,21.461575194297954,24.908799539313478,24.73435704830282,12.491326503025928,24.859966001532527,25.599437049577535,25.457033683115043,24.777697085833342,0.6793365972817007,27.10288661285633,27.786839602202285,27.10289908500673,-0.6839529893459542
1859-12-16 12:00:00,24.49773258111185,23.912431189485666,23.575348709149722,24.870267774554538,21.578407219439544,20.52015360966587,24.172443203100073,23.885064661940042,14.207062011935761,24.14458907351016,26.02181080634638,24.73264329789468,25.491380340399004,-0.7587370425043254,26.951204374535063,27.778287470052355,27.172257061701288,-0.8270830955172919
1860-01-16 12:00:00,24.94181456633,24.583166339562617,24.034697284449166,25.340746597017564,20.655259373411035,19.608715476933895,23.455181733438717,23.092085347266657,15.600987032863541,23.481205691631565,26.42278609523103,24.08524204704041,26.244133156211895,-2.158891109171485,26.79993808414218,27.902896930720605,27.250776772148356,-1.1029588465784244
1860-02-15 00:00:00,25.7219364357944,25.659032640819028,25.34269120642148,25.749941339339827,20.17165345113018,19.205366432339165,23.14512989681196,22.76114755856917,16.047366067823877,23.22440748040792,26.82116930173543,23.850838448993606,26.801603112672478,-2.9507646636788714,27.012897937752445,27.986601745559426,27.50729990255588,-0.9737038078069808
1860-03-16 12:00:00,26.33261553458737,26.16146973985301,26.07900106553789,26.17741230215662,20.08423675042232,19.223597310292686,23.182094771896896,22.755680110569877,16.08980370293885,23.285550061282713,27.091401829789813,23.8784905089814,27.061590075997287,-3.183099567015887,27.533267823108478,28.126549136765448,27.867134222037603,-0.5932813136569699
1860-04-16 00:00:00,26.569933844868213,26.574635444566287,26.48542097898021,26.66908980506009,20.442715557742204,19.53126164321958,23.39799808464563,22.940311118520633,14.965519015203439,23.51618760737268,27.080674175033952,24.05519895473154,26.946175600448605,-2.890976645717064,28.16591611645755,28.046697756665125,28.22845369986639,0.11921835979242346
1860-05-16 12:00:00,25.803063867228065,26.293743294150783,26.745631076498032,27.03724985414938,21.171630379901746,20.04453795952728,23.69332307018599,23.184994908460016,13.330426551224,23.83031987708551,26.59551173347592,24.32243633033472,26.22500855453846,-1.9025722242037375,28.250874568825168,27.920828632378164,27.97776692885836,0.33004593644700364
1860-06-16 00:00:00,24.582214161770814,24.88860849241767,25.987414982721535,27.025964852026362,22.01399990809368,20.76013355066507,24.209288938251717,23.867042838998646,11.56850159779012,24.38611167702579,25.806464175472335,24.960505747201534,25.130841273840694,-0.1703355266391604,27.462765156866144,27.855588127428476,27.147872998781445,-0.3928229705623316
1860-07-16 12:00:00,23.784004203401675,23.557759811200533,24.69008276386807,26.370514075316517,22.605745840857686,21.341261236660383,24.6212022131786,24.400714814211955,10.366645337480657,24.730697596166877,25.057533897020857,25.342980628974388,24.101672054134788,1.2413085748396,26.59870168164838,27.591490933593093,26.351040882560795,-0.9927892519447141
1860-08-16 12:00:00,23.130268590516156,22.640855821447488,23.214834435999872,25.437719934383086,23.145220483734246,21.879059147123183,25.031235430772266,24.862803367297154,9.849169584268644,25.04322995228976,24.63502324667612,25.608103479291284,23.355138592710823,2.252964886580461,26.525235413295054,27.423980272578977,26.356932836570223,-0.8987448592839229
1860-09-16 00:00:00,23.101957887672608,22.66061840945574,22.611072449903748,24.713055405265397,23.306350204091903,22.044287894731745,25.465676807871617,25.464233292893955,10.05235218902142,25.39559752956017,24.665197351181007,26.084431055665455,23.29268578068434,2.791745274981114,26.759705569151915,27.62179848387097,26.677005506574393,-0.862092914719053
1860-10-16 12:00:00,23.751798404067188,23.44068375049701,23.08459751797685,24.608055447938863,23.237173877761737,22.082834873713068,25.41659574702841,25.491881392493582,10.947827755064193,25.38316882886915,25.092333322648347,26.114666636481104,23.944891733589596,2.1697749028915077,27.014297681724457,27.843342237632896,27.041538546803782,-0.829044555908439
1860-11-16 00:00:00,24.16260645426039,23.826230234513126,23.531853710691227,24.807539659360156,22.474401353238626,21.400491914144816,24.932996374582235,24.772356450200242,12.4524902925003,24.861746431247244,25.634194543772345,25.483833042136943,24.78768777666136,0.6961452654755824,27.15774170765171,27.825795475758344,27.21671887693649,-0.6680537681066347
1860-12-16 12:00:00,24.540334146538136,24.007426736914454,23.67692538623285,25.106082596110397,21.380204321057576,20.337108734284584,24.20910164085699,23.88900224094901,14.197576137459409,24.11000988228392,26.097806432262278,24.750657049192093,25.54474876661395,-0.7940917174218569,26.962467944381334,27.809681166313702,27.19244823235012,-0.8472132219323676
1861-01-16 12:00:00,25.26543955032509,24.985442630428228,24.376714894504442,25.384504775450313,20.44083442825949,19.45321186514976,23.46931222278688,23.086854751940866,15.61980049399339,23.420575667019154,26.504203229646976,24.082731049613106,26.22921163564425,-2.1464805860311458,26.658713626061854,27.853623944458345,27.176326460744974,-1.1949103183964915
1861-02-15 00:00:00,26.162404425965562,25.571877884070357,25.42640784379027,25.70100751634855,19.861077088569072,18.897427561104546,23.05984695539894,22.585252131983196,16.138671283264955,23.053757407071352,26.881953454249242,23.71556093667208,26.743963619976498,-3.0284026833044173,26.88227356252503,27.939336731870405,27.431388671479727,-1.0570631693453763
1861-03-16 12:00:00,26.581762103534835,25.952325031842264,25.850696013439794,26.114347041321896,19.77565796315186,18.898672741101347,23.09049325206711,22.53338784360522,15.922085926715875,23.09823738209619,27.120631862185352,23.694094761693062,26.997482048324255,-3.3033872866311924,27.50507035247629,28.04979840691851,27.81852132162515,-0.5447280544422171
1861-04-16 00:00:00,26.80113733399179,26.64876818458726,26.49287944086588,26.537589698364666,20.181623551490798,19.275514866908903,23.358225810420343,22.79481891963769,14.956748214290771,23.385793711700593,27.10668900374652,23.928540325641677,26.886114119695144,-2.9575737940534665,28.16116404877252,28.035083727879226,28.174527936562903,0.12608032089329413
1861-05-16 12:00:00,26.228963379872383,26.511436268065967,26.745438423695802,26.892251038672843,21.014603125747538,19.910499646479952,23.724173885058693,23.157654031597183,13.298925420221641,23.80984148332935,26.61550186812949,24.303452818233456,26.16628058959644,-1.8628277713629835,28.18927930529521,27.93410620226152,27.877854165385973,0.25517310303368745
1861-06-16 00:00:00,24.8332432285165,25.168530858863956,26.245380960677654,27.01644131370528,21.8482572954666,20.581329093216933,24.197513302115432,23.841656678545206,11.623267839855487,24.3269043736551,25.822209901855718,24.936591254979696,25.165000436495383,-0.228409181515687,27.348130870216714,27.850035905907156,27.0030621183129,-0.5019050356904415
1861-07-16 12:00:00,23.757940102816917,23.57658529064158,24.82491911826852,26.45040305712885,22.5957408433061,21.314947602846775,24.613370223401393,24.407114912333093,10.341776027854824,24.697175842415035,25.07403820499713,25.340772332421405,24.103477883082178,1.2372944493392275,26.62194202272217,27.631301223926595,26.37940670944707,-1.0093592012044255
1861-08-16 12:00:00,23.160922801170564,22.675459339497035,23.1493182293175,25.407243903019477,23.194461969676993,21.873512554746885,25.058526587663042,24.90080316575143,9.745874452924285,25.049517299752612,24.623962511963832,25.642667667546252,23.345256745131206,2.2974109224150467,26.503690591873756,27.454031083678586,26.276063087022997,-0.9503404918048304
1861-09-16 00:00:00,22.97701185792767,22.65663389366496,22.533800586976923,24.507305070940536,23.334063416264318,22.010296924136885,25.416409128588032,25.355728980331076,9.93385843903812,25.345274794954655,24.616749430264324,26.002684892777125,23.261361598328108,2.7413232944490176,26.64730600130028,27.600830925568605,26.551684766786845,-0.9535249242683257
1861-10-16 12:00:00,23.83215551468306,23.422295240956945,23.00951518285038,24.491513838004558,23.11507746093507,21.830722759665512,25.347983700253103,25.317943348381533,10.888755351174403,25.287215440728204,25.061660213329137,25.992729561237127,23.826438812742786,2.1662907484943403,26.924123315980932,27.86505172404202,26.98013699368683,-0.9409284080610867
1861-11-16 00:00:00,24.185554244018093,23.994208218365074,23.598451704627397,24.678818132271946,22.46229895692528,21.295162799240998,24.830715444214754,24.670956554142624,12.454390374608437,24.766306946571145,25.585660947385897,25.399065939349324,24.576248396268134,0.8228175430811895,26.990204238923777,27.834499205373767,27.04382974606682,-0.8442949664499899
1861-12-16 12:00:00,24.57000906123683,24.019022537804343,23.631842659237346,24.789873513030553,21.407327947823894,20.32125922114924,24.14066693819481,23.806164665570122,14.084131930322021,24.05566321410035,25.99436667001265,24.657028009332105,25.311536072114507,-0.6545080627824014,26.716239922572683,27.84397376669249,26.955949428437957,-1.1277338441198062
1862-01-16 12:00:00,25.229687372990654,24.620953016100326,24.103824953945978,25.205568885887907,20.430945824006013,19.363319919739993,23.46269392656253,23.039305987458135,15.504814695453332,23.390026156592228,26.367214167450836,24.041553908848535,25.989373834897183,-1.9478199260486484,26.511468925461177,27.87931733190404,26.9874979717258,-1.3678484064428638
1862-02-15 00:00:00,25.75064881265484,25.331906056703193,25.11363959759353,25.568370647440293,19.920634452045775,18.93912207937812,23.120718669297716,22.65917017061726,16.03488021727673,23.09931508610665,26.73300585282169,23.764055505407647,26.568969468871156,-2.804913963463509,26.857221173285183,27.907350934292772,27.31561413848139,-1.0501297610075895
1862-03-16 12:00:00,26.126622313561846,25.8069224024099,25.886275271974128,26.07703206425549,19.78593475077054,18.87418686614927,23.096190116809428,22.57077714444939,15.944648853235599,23.089695633206766,27.007338535583358,23.734225329472,26.830947212515593,-3.0967218830435925,27.499765937532867,27.97166165816011,27.803053801415185,-0.4718957206272414
1862-04-16 00:00:00,26.188653972241074,26.572001056347528,26.436659419025688,26.533842031058203,20.187195607959673,19.217295058982053,23.343987190397534,22.75184156220552,14.984357243146894,23.359307496680387,26.966549268293416,23.9124124952437,26.685130388729473,-2.7727178934857726,28.13551699048848,27.947006574089382,28.163350714286416,0.18851041639909738
1862-05-16 12:00:00,25.72255311453339,26.284694850215413,26.718954541526063,27.02130258987436,20.901992819954682,19.80361586890809,23.67620545945279,23.098453805859116,13.42287578894727,23.749317188746385,26.51125277173513,24.263228314003314,26.001253930354128,-1.7380256163508143,28.188888868682742,27.878027584916683,27.866358605827386,0.3108612837660587
1862-06-16 00:00:00,24.750082101801258,24.95462204753265,26.016514731949762,26.90875632526735,21.696400515437134,20.442090564440488,24.101742736978387,23.67021632749393,11.76794091803318,24.200926883907602,25.749423674245016,24.773885021394413,24.984637411999415,-0.21075239060500195,27.439943296946577,27.786053199274093,27.0601679503391,-0.34610990232751604
1862-07-16 12:00:00,23.891979373749596,23.62458865781992,24.767472313256583,26.266575991660446,22.353014088030513,21.083454679717025,24.492478875766807,24.19660325259998,10.485108943676671,24.548544641096147,25.016077888153628,25.154095566486355,24.002082531250636,1.1520130352357185,26.6990816608416,27.473896016378596,26.456697143536022,-0.7748143555369964
1862-08-16 12:00:00,23.282430909881196,22.7107572060381,23.156516260026397,25.35275535340843,22.932049642543603,21.661716606824132,24.924640990392227,24.72728700182146,9.914237105477774,24.892359518682447,24.595338568111945,25.486766326311262,23.319521495676288,2.1672448306349743,26.57551218087844,27.287810873419996,26.369147777956346,-0.7122986925415553
1862-09-16 00:00:00,23.18888699184679,22.71854780382495,22.55367552860692,24.56459222747971,23.18993649828961,21.917883560969557,25.304696239288873,25.225583328060914,10.05724926369826,25.215103846542924,24.60247947743276,25.877039083380588,23.26766851089934,2.6093705724812466,26.681816374621256,27.413476362270625,26.578902292081715,-0.731659987649369
1862-10-16 12:00:00,23.800914652840532,23.2815152385797,22.904400426594684,24.52493605787246,23.047281842439183,21.860158733498455,25.304039243205324,25.298252392170593,10.953812719115417,25.23658130559067,25.009014118309818,25.969166157894918,23.79133171303989,2.1778344448550264,27.005442730871344,27.612029098914515,26.987376186904992,-0.6065863680431711
1862-11-16 00:00:00,24.17409545111919,23.788516998810234,23.420431608504217,24.69723713027171,22.349671761342552,21.25307147107967,24.826755030831414,24.662685489997845,12.473132671285416,24.726320705486884,25.509253497378875,25.382439178532998,24.541179374796283,0.8412598037367154,27.05392614711674,27.694928711316262,27.09562091098462,-0.6410025641995212
1862-12-16 12:00:00,24.522485574692137,23.98413769267993,23.542832846744343,24.835779237789797,21.302618226553648,20.248031416927727,24.084735492293017,23.79435027819404,14.077658310615938,23.970511287084282,25.919333190592532,24.639280395422336,25.331352800981676,-0.6920724055593404,26.809808483617225,27.65318564392198,27.056350801789126,-0.8433771603047546
1863-01-16 12:00:00,25.11701442478682,24.58685563068218,24.097497008903893,25.274630794047624,20.392811559130966,19.33356479585378,23.43453147507998,23.02337625686022,15.446250656489138,23.337378418091877,26.290981441649212,24.01170331737684,26.066333200079846,-2.054629882703008,26.62793897087702,27.790733181315826,27.118171821098617,-1.162794210438804
1863-02-15 00:00:00,25.89147578168574,25.47290632540539,25.12463680363231,25.67871311313414,19.920085603681237,18.911831671511646,23.063481469319388,22.583907112053108,15.876886269012086,23.04233353883752,26.693708261078367,23.689879533631043,26.64007074357695,-2.9501912099459062,26.815826836607272,27.96642758174315,27.374133846885456,-1.150600745135879
1863-03-16 12:00:00,26.438072001578682,26.197876974914628,25.962832253453936,26.069333545984172,19.866344944300888,18.892680471386363,23.09017432880462,22.558348920226617,15.826971537497204,23.104901507850073,27.00026801996586,23.712349044565336,26.92076158838541,-3.2084125438200743,27.39611082960371,28.026668103220455,27.72774517608164,-0.6305572736167449
1863-04-16 00:00:00,26.695887040188452,26.521300401028093,26.321688032781214,26.46408749807462,20.237093372562985,19.202360382363374,23.345490413460734,22.781754716565985,14.765938523874711,23.39235763328092,26.998354721495897,23.949002165930157,26.78751049032628,-2.8385083243961233,28.078109543685883,27.92007608028938,28.128775451193643,0.15803346339650304
1863-05-16 12:00:00,26.175907754004626,26.19569853159155,26.48537538032224,26.851094799257496,20.960107247633776,19.784211424099603,23.688549896656312,23.12022377537542,13.168216152883867,23.75718382050663,26.522565797845655,24.283856750037806,26.019775322850297,-1.7359185728124906,28.203869348801515,27.79052703970687,27.911501215524925,0.4133423090946451
1863-06-16 00:00:00,24.9203315148298,25.010753470951023,25.950319936573777,26.840228445355944,21.814131404096486,20.496099234974274,24.135477206374542,23.743891554063136,11.570212485002536,24.239229335469005,25.754934004064484,24.848449046845207,24.98814588244731,-0.139696835602102,27.428811048249642,27.74488262401903,27.042485917244143,-0.3160715757693886
1863-07-16 12:00:00,24.147857537083734,23.710680193572838,24.72681515227959,26.263734022635873,22.51426187001851,21.208951673773505,24.601003005072993,24.386914906598733,10.452295012727355,24.64741337445223,25.039015631718986,25.305301644749072,23.960063951473682,1.34523769327539,26.599913517604016,27.597047427227366,26.34124551443035,-0.9971339096233507
1863-08-16 12:00:00,23.17971775050954,22.710686594502587,23.18298726723517,25.281734419087037,23.084560089694506,21.811079454374052,25.052200751545733,24.920224041402967,10.045231519661012,25.00653899301741,24.591062957349674,25.63167537257237,23.30049094676361,2.331184425808761,26.45623256959495,27.410638217977738,26.27649733363689,-0.9544056483827887
1863-09-16 00:00:00,22.946107301124815,22.624018106586206,22.53622503834202,24.583617535348566,23.31817096393464,22.08465646997956,25.438663167540337,25.43262982725859,10.138216531901296,25.351028040060392,24.6011081518621,26.068623049881904,23.291638891791493,2.7769841580904107,26.71021672344621,27.504649321036226,26.672285237414066,-0.794432597590017
1863-10-16 12:00:00,23.577058087885902,23.114630901891026,22.781660696175972,24.389881755928773,23.122636228624863,21.947738097276734,25.373403323745976,25.360861132947186,10.862269182321407,25.308099806274967,24.99327466216207,26.027971212861434,23.878919590014,2.149051622847434,26.916375564455148,27.729921856122374,26.95440237527787,-0.813546291667226
1863-11-16 00:00:00,24.073995846578033,23.69841842593691,23.29213788761393,24.392640359711503,22.43215739583214,21.336640042354297,24.96336642080326,24.781757087105532,12.429302798984168,24.858587164441957,25.516868211187077,25.510752716368224,24.622643369231213,0.8881093471370107,27.041901174614836,27.684001684795494,27.093602173639113,-0.6421005101806578
1863-12-16 12:00:00,24.537915925884562,24.008966126624337,23.530180290343548,24.76418455836901,21.42872412185787,20.373564391813414,24.277666659880836,23.944080433847667,14.26483859455921,24.15643853616696,25.96099783442345,24.776339055508913,25.294702691449018,-0.5183636359401049,26.81250580820393,27.68997724819954,27.080357029557916,-0.8774714399956096
1864-01-16 12:00:00,25.245001217225475,24.73698953038393,24.148248087907106,25.241158529364476,20.523483001473764,19.51680617481287,23.55726810550282,23.120710641994457,15.495168003383386,23.4754535708377,26.37301154591106,24.08543474916151,26.04389446838715,-1.9584597192256403,26.688011302692246,27.844629640727973,27.199264802737222,-1.1566183380357273
1864-02-15 00:00:00,26.070475612411403,25.70806748640518,25.42656675241961,25.675118505009742,20.020236729267655,19.109188109709823,23.25392103065361,22.77652505495771,16.120800102877034,23.21902410919574,26.79473605653117,23.840316621390006,26.582287214256525,-2.741970592866519,26.862329545988135,27.950500358009815,27.319654728823046,-1.08817081202168
1864-03-16 12:00:00,26.368958642769364,26.350654345369243,26.21898128067439,26.304395515371844,19.96780848059895,19.157968908161916,23.34075849092668,22.82493670693235,15.921187155805102,23.321975958730974,27.086909470329328,23.916973932067457,26.91793495797461,-3.000961025907152,27.461048606674133,28.0174793256429,27.784819756180397,-0.5564307189687661
1864-04-16 00:00:00,26.553430259018942,26.739550572903056,26.715909353357755,26.760701921083296,20.24509463814379,19.252030078169323,23.472499820681524,22.83522537106054,14.974809264018868,23.454586326582508,27.058774807507024,23.96292670688472,26.821002727583856,-2.858076020699137,28.030502956068258,28.034382989850318,28.057878334986363,-0.003880033782060366
1864-05-16 12:00:00,25.945322074333003,26.444029396304657,26.851228032939424,27.12332209415448,21.059061225516814,19.827058993960595,23.805022409376473,23.176503363408443,13.240522234137355,23.846855475179293,26.60295518731356,24.32458817892615,26.17921978949065,-1.8546316105644998,28.191130986625463,27.982832347594798,27.922098038252983,0.2082986390306658
1864-06-16 00:00:00,24.993948827289337,25.339229997239205,26.206279898488816,26.982281231013555,21.932073271353385,20.620427153627826,24.301422487069154,23.9190944062545,11.482579802396593,24.40616561285509,25.85323765116742,25.016501786753857,25.17397970114455,-0.15747791439069303,27.529052439527987,27.83054967636268,27.193513675902224,-0.30149723683469176
1864-07-16 12:00:00,24.261133603337242,23.99769074373209,25.034647472241726,26.41041464323711,22.623046337754676,21.359170164795508,24.75959738721005,24.55100924122503,10.147041212709487,24.800136600234584,25.125136975789893,25.453153134875528,24.179194868703675,1.273958266171853,26.878970747336805,27.530865043824328,26.617930733468373,-0.651894296487523
1864-08-16 12:00:00,23.630389203642935,23.020825430740967,23.44889740125591,25.51421151265716,23.19657820156447,21.951533609057584,25.131896655683697,24.960822632632212,9.566628081074148,25.09415042323464,24.701034032332693,25.713487708584285,23.516894257589442,2.1965934509948433,26.677849355916234,27.287879736544166,26.463521089113303,-0.6100303806279328
1864-09-16 00:00:00,23.56177386018162,23.075284608746028,22.894922902809668,24.752986173307693,23.321927477577994,22.08808910340764,25.469903571107317,25.407018208227466,9.77417666644982,25.372503659589256,24.720333995087433,26.067019706649862,23.386903049284665,2.680116657365197,26.816037087307592,27.40714219866721,26.73843862897656,-0.5911051113596173
1864-10-16 12:00:00,23.961027110788287,23.746890355697506,23.31700825378237,24.597371088808856,23.214998570613563,22.065592062710074,25.39555258934972,25.347705680833748,10.794165227938107,25.356176106229668,25.149326683613165,26.051225534422414,23.942595020419066,2.108630514003348,27.09674074783834,27.734582086445545,27.122173683407237,-0.6378413386072062
1864-11-16 00:00:00,24.456518457940323,24.057829331662575,23.646154483110607,24.624110575850896,22.557481785077652,21.516731767934953,24.952790868828835,24.741931575827365,12.216774394190407,24.883697330289284,25.6402575009128,25.480298180520453,24.652112539742618,0.8281856407778356,27.122292501566907,27.766252265194456,27.145779876901493,-0.6439597636275494
1864-12-16 12:00:00,24.809622279125346,24.177847509270745,23.764760255338437,24.91726320455974,21.50332501964482,20.547445499699837,24.265813770990903,23.946556375481656,14.02912974185629,24.178453076822002,26.064532300499927,24.787910280070676,25.319138282862045,-0.5312280027913694,26.92965940446339,27.782220135476592,27.174935123900386,-0.8525607310132024
1865-01-16 12:00:00,25.43937846531479,24.737553524042262,24.31590213900033,25.435923961767354,20.460855869505533,19.487063474127815,23.553057551284493,23.168816092987257,15.552094016390638,23.483903725569608,26.46216353874517,24.167216424172036,26.02582806219115,-1.8586116380191129,26.704985076032376,27.913589388140803,27.179932656990918,-1.2086043121084273
1865-02-15 00:00:00,26.142986943787225,25.576438622747506,25.394245107109953,25.839895934984387,19.91938041812109,18.992373512707378,23.189522792225258,22.770268965971947,15.928593283856511,23.161737400243258,26.838135606731008,23.889676889924488,26.618924602684153,-2.7292477127596655,26.927336966258228,28.013196586309718,27.432743181064225,-1.0858596200514903
1865-03-16 12:00:00,26.51280820688371,26.123689564737468,26.03371405395862,26.213846542101155,19.81995071497525,18.99271600323897,23.21226192032335,22.76831551473641,15.798943180266079,23.21814649793484,27.091418086567028,23.93607575878547,26.90854027558744,-2.9724645168019705,27.52275833590566,28.104482729194526,27.844582471864793,-0.5817243932888658
1865-04-16 00:00:00,26.720093752357442,26.515284920625653,26.46997801070077,26.616115183172035,20.171572957485573,19.33469142321632,23.446991038301086,22.971283214431924,14.499803199516776,23.480876451672287,27.067816705928486,24.128709840953196,26.75015541825432,-2.621445577301124,28.20411277053809,28.04604260503206,28.240815946598172,0.15807016550602881
1865-05-16 12:00:00,26.37699269736324,26.229306947339083,26.547089659584135,26.911126864277485,20.84152529973762,19.77712515214203,23.77345235020789,23.233327869313285,12.861208075558825,23.817437836810672,26.59019624106242,24.40029170053886,25.92356198148839,-1.5232702809495287,28.240365137441366,27.96614675673504,27.962727241921336,0.2742183807063263
1865-06-16 00:00:00,24.83098253424509,25.10337124355649,26.1145262493876,26.95905360867505,21.742875872137056,20.477720605822604,24.21086421243347,23.782602605235947,11.306063255007883,24.293229385035858,25.82157764952767,24.90072750367952,24.947391745825172,-0.04666424214565268,27.434247494361664,27.86773591113828,27.073557395546946,-0.43348841677661554
1865-07-16 12:00:00,23.936330071351545,23.615170937534323,24.737035070599994,26.295212874696094,22.432228000902157,21.16225859718241,24.63832920508165,24.36194285611925,10.178040981379008,24.662150873060178,25.07500388950609,25.294635326196033,24.064064619268848,1.2305707069271854,26.679047530466914,27.708740232397442,26.445072584621773,-1.0296927019305286
1865-08-16 12:00:00,23.268312813509215,22.531277283821833,23.06110565805083,25.28519207244282,23.044914505319213,21.75545175418512,25.008092625343796,24.792192844718496,9.791253121136146,24.97994312797436,24.62825045210784,25.550283039735692,23.429452055504736,2.120830984230956,26.541346819632086,27.545810759483803,26.366522075196148,-1.0044639398517177
1865-09-16 00:00:00,23.412976194963047,22.636384249466204,22.470595303685837,24.573752951111217,23.197849348946033,21.913192470760112,25.3605345643396,25.276031415441363,10.137606611630083,25.271679999639474,24.679566442671778,25.935536192124157,23.37491921379485,2.560616978329307,26.71582354944183,27.66609058661951,26.64119131786707,-0.9502670371776816
1865-10-16 12:00:00,23.860914653840197,23.225718781129085,22.850403294492764,24.431454933088595,23.066047473026526,21.837351083261627,25.30207580432316,25.248534342324717,10.862164444042467,25.249534723790553,25.06181810333066,25.941615925004243,23.968008709809403,1.9736072151948392,26.941426447733647,27.880561483937452,26.956658663293066,-0.9391350362038047
1865-11-16 00:00:00,24.216037220241688,23.658245975637247,23.265935792025473,24.507222788490196,22.45528877548944,21.32363283938122,24.85722327763306,24.628340843851888,12.344717568120837,24.78867824951745,25.557263060057497,25.388577155225114,24.630241528114674,0.7583356271104407,26.970536843246038,27.759455485276714,27.02006826857472,-0.7889186420306764
1865-12-16 12:00:00,24.665933126409826,23.930602766235488,23.425177756605326,24.830280275501458,21.477009443984432,20.467474351419575,24.18483109126789,23.887436664576253,14.116501014353828,24.118898229943778,25.968277763423952,24.740572159582214,25.306275676861812,-0.5657035172795979,26.729916685441406,27.75186520835339,26.89708288155178,-1.021948522911984
1866-01-16 12:00:00,25.323802022634727,24.773279715531803,24.192759392466797,25.449258228373314,20.584995124605445,19.673204803496088,23.550903402874784,23.20027306071356,15.595372630397737,23.51003267798001,26.380054738331598,24.165888585088346,26.06938803035311,-1.9034994452647638,26.656807798950474,27.825521834556405,27.10677126995679,-1.1687140356059302
1866-02-15 00:00:00,26.05333501393662,25.35514592099695,25.223751442700408,25.900353670593898,19.975783769809645,19.066197507505766,23.185611920183774,22.75332320303177,16.207592617670457,23.169773919902877,26.78812741446173,23.841565901087122,26.69549035173021,-2.8539244506430883,26.910264303171786,27.96139120277592,27.37990955111542,-1.0511268996041352
1866-03-16 12:00:00,26.580298244728162,26.1506933971015,25.927831604406006,26.144930270549306,19.875584655515805,18.95081258104996,23.149888434146334,22.64513790570352,16.082238600129916,23.159279236836408,27.06769737713414,23.787283822922678,26.88212318356905,-3.0948393606463718,27.553354549352715,27.969174819185138,27.840368962849546,-0.41582026983242315
1866-04-16 00:00:00,26.877992789751985,26.590270311220195,26.441665583598947,26.559715155474148,20.190975114408534,19.207436158204494,23.321364655409734,22.7858246315186,14.712205009366707,23.36527678067367,27.064477568467776,23.94568524079543,26.79253901526082,-2.846853774465391,28.211485581657364,28.070124981559914,28.235367796905823,0.14136060009744966
1866-05-16 12:00:00,26.28250613617981,26.304283231696417,26.8046598904662,27.103843932818478,20.867426460344472,19.688485217246992,23.655915684773884,23.12567154253043,12.898622756625633,23.729334038282083,26.595864863574285,24.301405080846802,26.13145366817091,-1.8300485873241072,28.256936872543235,27.948936244060583,27.940570939325355,0.3080006284826524
1866-06-16 00:00:00,25.016368173440753,25.112654602961364,26.067681136036377,26.998478337444773,21.580220991811004,20.2945581290307,24.07004052108564,23.680333085914693,11.38683239722701,24.176581457449057,25.826082927724794,24.83917029316682,25.090795496750708,-0.2516252035838882,27.38163123116952,27.92379922404117,27.10336384778748,-0.5421679928716472
1866-07-16 12:00:00,24.214514589903267,23.653279881593853,24.710802610620075,26.279995483651206,22.311023196989954,20.99861150125797,24.465879327387,24.217443104254738,10.173924718846829,24.524279143351283,25.084801373994694,25.188981834197097,24.064348275194494,1.1246335590026035,26.654744151119022,27.74749749867947,26.40345688971555,-1.0927533475604463
1866-08-16 12:00:00,22.97201536761808,22.425153471947212,22.97167468215849,25.29893559494957,22.954331850306737,21.646034489284435,24.90931116716433,24.746991709785796,9.760866238330392,24.896100665829998,24.61574327599292,25.535890480965456,23.290397963646893,2.2454925173185636,26.55798677706171,27.51063815876121,26.367696226275267,-0.9526513816994999
1866-09-16 00:00:00,23.31189973804432,22.612973550201797,22.36525461311789,24.42458057520893,23.195015956861475,21.91204833211147,25.287491947338946,25.231792474111167,10.075639202908949,25.21133680559951,24.647843275869022,25.90527898168103,23.21579679978956,2.6894821818914707,26.750569037596982,27.647904346232885,26.639613089151535,-0.8973353086359026
1866-10-16 12:00:00,23.706167427544223,23.254650662254203,22.790300674283618,24.188892261014384,23.019709606895677,21.77906868262719,25.224346992606513,25.199174693685038,10.997012184156526,25.183651373218357,25.024341431445816,25.910207843894646,23.779062225663733,2.1311456182309136,26.96676209735122,27.836563665070226,26.960136498564708,-0.869801567719005
1866-11-16 00:00:00,24.25779771229142,23.66823242339669,23.182699776370164,24.36080047142749,22.33604743845865,21.17839804330924,24.741815839275517,24.55562795539296,12.515129875565181,24.67585991787755,25.519382728308997,25.320411268307375,24.54182723806625,0.7785840302411238,27.06983039640678,27.71385164043078,27.03909475974614,-0.6440212440239996
1866-12-16 12:00:00,24.576590090581973,23.78266934091198,23.320899822720282,24.727284234732974,21.340677023186615,20.265959871662,24.09391955049345,23.78093227452975,14.286294052201807,24.011485133676988,25.92562949137566,24.652678461591524,25.295601498312017,-0.642923036720493,26.8558338670608,27.711668602721662,27.101642631991783,-0.8558347356608635
1867-01-16 12:00:00,25.19055732392394,24.79408512548039,24.241487167776754,25.25595952080425,20.468898877777445,19.460113659306487,23.422407232571043,23.044239662405733,15.553711428413314,23.37733259856936,26.355989101472783,24.022055736588307,25.999214341100835,-1.9771586045125282,26.59564819600627,27.72966492742061,27.077902872328547,-1.1340167314143415
1867-02-15 00:00:00,25.894255212936383,25.540980261164695,25.284163115690635,25.729932062985885,19.987751188790654,19.047067707702695,23.08190213354321,22.6516714344163,16.0758128984604,23.092702750539676,26.7241344256133,23.74324988406204,26.596711919920597,-2.853462035858559,26.889975574196246,27.76870616811135,27.371668450172155,-0.8787305939151047
1867-03-16 12:00:00,26.4719820624819,26.214478751034427,26.023153203002433,26.192411337022158,19.91636477163057,19.041212035275027,23.098792892392954,22.634083252137735,16.133004016081493,23.152229777197043,27.055523610995003,23.791524817919676,26.918056836783734,-3.126532018864058,27.49874708123723,28.01216521574332,27.860453834793738,-0.5134181345060895
1867-04-16 00:00:00,26.70939967296839,26.732370625034207,26.63630635069901,26.631695528620135,20.24782783600594,19.319935318262203,23.32381530053295,22.790778702779022,14.98581160373421,23.38534293938937,27.054830342167072,23.950132229675567,26.781260729035203,-2.831128499359636,28.121476282845936,27.987264475738158,28.22914117633116,0.13421180710777847
1867-05-16 12:00:00,26.325577068968865,26.320894258207574,26.74196514000764,27.00713911839961,20.93571284652637,19.83416944366367,23.60188160650094,23.035938113593684,13.436287851931718,23.69024537117223,26.591086907652418,24.203827034877243,26.081647595805904,-1.8778205609286616,28.31333028732338,27.8772157844543,28.06211990758818,0.4361145028690814
1867-06-16 00:00:00,25.171055625208012,25.175869971356505,26.01481157137112,26.935468929369428,21.758571507713143,20.528898984931338,24.104596711799143,23.703164780292504,11.656675490295447,24.224848898109883,25.84026650877364,24.805809002797336,25.036870662176305,-0.2310616593789696,27.54626456523668,27.824110333409475,27.25088286710795,-0.2778457681727957
1867-07-16 12:00:00,23.98414376338979,23.849215156897365,24.809371385554,26.279939719053143,22.45383163161246,21.21684046632053,24.5853930721347,24.334043684578987,10.36810879377432,24.64275816677477,25.0984278477741,25.277881074676102,24.036940242932513,1.2409408317435897,26.753977979576156,27.592099981210662,26.54416668835058,-0.8381220016345061
1867-08-16 12:00:00,23.183317810368223,22.807633433489972,23.33651025344828,25.457960771617216,23.01890588967733,21.808753756123807,25.01787663463535,24.853398249403288,9.832338845231536,24.982213708454054,24.65853387772086,25.588961557950274,23.268966987897297,2.3199945700529767,26.595404840980134,27.403303418086534,26.417197138741695,-0.8078985771063998
1867-09-16 00:00:00,23.55758162647675,22.963140425233206,22.6757074211695,24.595595802440045,23.33387257932071,22.11052689677286,25.41580848544048,25.395623670568167,10.111486552430378,25.337738406316248,24.688570730357046,26.015630776729402,23.18784368324172,2.8277870934876823,26.794619873655655,27.41505010856049,26.68861706180345,-0.6204302349048341
1867-10-16 12:00:00,24.063535921044174,23.678926893082398,23.021484505170125,24.314688947759855,23.20954952548041,22.11215128546557,25.417847043537826,25.48609325536294,11.049605858178097,25.375267386868632,25.100325354672922,26.122645628721887,23.72445039935627,2.3981952293656157,27.023116458307022,27.7437909414246,27.052687204065144,-0.7206744831175769
1867-11-16 00:00:00,24.362069568943742,23.985858029240728,23.509673413065265,24.411557252785947,22.463819588939145,21.456986994624756,24.93800929741222,24.815762039391753,12.687933059303106,24.85711468433058,25.58442998868185,25.49975880254587,24.524829345840068,0.9749294567058016,27.045668806679302,27.787273238956345,27.06010701767641,-0.7416044322770432
1867-12-16 12:00:00,24.596082048610175,24.023677840648702,23.658079066665298,24.87676585962547,21.465829961665236,20.504455047296776,24.228627190121642,23.955701614373886,14.451756624158714,24.154851646492645,26.001102274319674,24.77658946407788,25.3022872711797,-0.525697807101821,26.878302625637865,27.75498617784999,27.180322524507755,-0.8766835522121248
1868-01-16 12:00:00,25.238517776585763,24.676769491009306,24.242431383419763,25.3550197862906,20.58736630623256,19.667049395852647,23.505843815541386,23.19502485588196,15.414437356382024,23.505177406509645,26.37801328316462,24.163859939227642,26.07249944038099,-1.908639501153349,26.660551842506628,27.838882537423732,27.17280697047463,-1.1783306949171042
1868-02-15 00:00:00,26.042201305627277,25.547236539430763,25.253174516435543,25.736704826203987,20.068858425481594,19.169515953537868,23.187415560647477,22.800406173151952,16.245805808201297,23.211825875693286,26.790545311869714,23.873999314285705,26.641029364033624,-2.7670300497479197,26.955333156243928,27.94997526046893,27.464421965399264,-0.9946421042250009
1868-03-16 12:00:00,26.46344871870655,26.160011541925808,26.06700555463268,26.182488081771282,19.954553299509048,19.099887540443483,23.237922318616235,22.744519794494316,16.262273552373934,23.25816630284988,27.094934274980606,23.869608013542255,26.885679306678583,-3.016071293136328,27.54942980195887,28.06803439540262,27.86262983542517,-0.5186045934437509
1868-04-16 00:00:00,26.57696570036998,26.698732175292246,26.534747334514662,26.51992986450996,20.29986492817412,19.297282248276066,23.424781876568332,22.84248654285164,15.004108384212936,23.451871561702674,27.049540904493586,23.982727581106655,26.800276194416234,-2.8175486133095795,28.17173388342225,28.04800244094128,28.22515638676474,0.12373144248097034
1868-05-16 12:00:00,26.187448673743276,26.348909519599296,26.715745774357096,26.938347134904905,20.891834468365715,19.76138176337004,23.70528853888724,23.09119942065816,13.253228831861549,23.749293272719957,26.57608182958094,24.23128252221339,26.07741535006487,-1.8461328278514806,28.277749151213108,27.9008214882498,27.973802710102003,0.3769276629633076
1868-06-16 00:00:00,25.15511517416812,25.218401476451852,26.16755237660129,26.959410894145023,21.671920047968676,20.417884065377148,24.11542545569646,23.678724702779686,11.56347421425369,24.21477582026341,25.84739187176589,24.775622741427043,25.04949559431685,-0.2738728528898058,27.455640628121415,27.820097852617096,27.120394536771123,-0.3644572244956805
1868-07-16 12:00:00,24.13022395682701,23.991456259004586,25.009124116843342,26.39242852183364,22.31325485936256,21.082510880506273,24.57632293138524,24.3311021120577,10.300809047058552,24.62078322580155,25.13828839116301,25.27588510061322,24.041410210532867,1.234474890080353,26.70885280268104,27.591611102104125,26.44631516947519,-0.8827582994230845
1868-08-16 12:00:00,23.44366386030359,22.88527312427016,23.442867874261463,25.55586195779722,22.858190857040046,21.619693804683656,25.001442595152763,24.840235999783577,9.800573004172854,24.962019806058894,24.698645292151376,25.61388115804497,23.35557648060417,2.2583046774407975,26.53601251392742,27.457166963276155,26.328698496356555,-0.9211544493487338
1868-09-16 00:00:00,23.4992786049463,22.844666668051605,22.711389842547295,24.708265694727,23.136352222106066,21.923623797775686,25.3749158561018,25.342973893875826,9.968193595364948,25.29275340623021,24.712869057691268,25.99109967205935,23.30085609586123,2.6902435761981174,26.72431968052557,27.63756144098083,26.642311169225135,-0.9132417604552572
1868-10-16 12:00:00,23.96782803810379,23.452124435902245,22.981054986997023,24.473721221955394,23.069801447333948,21.89837407307223,25.343138077835416,25.35589527403549,10.958535805238519,25.295563884167585,25.11596076222833,26.023041547213136,23.883285887863135,2.1397556593500013,27.03460226806599,27.828584980661105,27.07787123765484,-0.7939827125951169
1868-11-16 00:00:00,24.38686708660697,23.953309918909977,23.517217860245584,24.54536834356154,22.40384406152377,21.25839194261661,24.804281841893747,24.63817023220191,12.522393236375729,24.742505300926712,25.621989687362934,25.372047570165602,24.720996866932442,0.6510507032331603,27.06953441722883,27.79122061507939,27.144485803842826,-0.7216861978505591
1868-12-16 12:00:00,24.648300074149084,24.01733727732466,23.65543692176358,24.825104555821518,21.36483938086649,20.274241649160263,24.094101857661762,23.79603745895655,14.222237226414778,24.0503188130385,26.018376778811483,24.679602620313148,25.465833776967784,-0.7862311566546367,26.809800532390067,27.746988772460263,27.11197170280482,-0.9371882400701956
1869-01-16 12:00:00,25.38436552083884,24.96300116475099,24.41281858264537,25.34197000201943,20.480122468214404,19.399392313756643,23.41508000692594,23.01740474543807,15.574428692052697,23.410612885590115,26.44162261438053,24.03773196478255,26.18693964877392,-2.149207683991367,26.592271403190814,27.764786345509425,27.1117313700614,-1.1725149423186103
1869-02-15 00:00:00,26.073953264915634,25.663273536874094,25.45781665450783,25.89601957046765,20.003447510012816,18.99955733165076,23.109458160671835,22.679676183827983,16.056748563204508,23.144770083787733,26.835300602182677,23.79041560059698,26.72319778856788,-2.9327821879709006,26.81087395349312,27.892328985356052,27.31745692662292,-1.0814550318629301
1869-03-16 12:00:00,26.646634808671713,26.28788255054902,26.155051160557083,26.320022686255957,19.893271983398552,18.89040876168868,23.07000270736975,22.58817287866453,15.797325160488214,23.130469440742992,27.14717339148845,23.765881783322104,26.93899930722185,-3.1731175238997444,27.400055651650188,28.05737533758045,27.734662178379292,-0.6573196859302612
1869-04-16 00:00:00,26.873239251455264,26.72481316827531,26.626251472957314,26.804827914300432,20.18642786936177,19.126158646306575,23.272321808943428,22.771388022927855,14.820237191495716,23.348789397857203,27.11555353236231,23.935156440102293,26.71288192333139,-2.777725483229098,28.09663553723117,28.00301351957083,28.161002845439235,0.09362201766034062
1869-05-16 12:00:00,26.3460352456025,26.36224731066683,26.90150127200268,27.26010684369078,20.90701494820223,19.676266734136085,23.646263018327417,23.111508927668044,13.142188133185664,23.748648307802846,26.65276060095752,24.288213012186013,25.991359391984794,-1.7031463797987811,28.244199729341503,27.899483823361763,27.986006604625263,0.34471590597974
1869-06-16 00:00:00,24.93666746621458,24.97316755283843,26.15013993311708,27.124426587541553,21.781585796433635,20.40934368862297,24.099352627165505,23.705397566361704,11.419580018807459,24.24432531355996,25.86471991631889,24.84195046397717,24.976094322704093,-0.13414385872692236,27.51964170554607,27.8538710776657,27.201751151069328,-0.3342293721196299
1869-07-16 12:00:00,24.04852553880914,23.61328651378659,24.76371105540206,26.409306535926884,22.36884780162849,20.984471523327052,24.5129996180983,24.265941480222207,10.33382506398708,24.591283083402523,25.11681550292153,25.24024767941555,23.97843578518813,1.2618118942274208,26.81274308541004,27.642812935005015,26.543238224090658,-0.8300698495949739
1869-08-16 12:00:00,23.39537065580894,22.617213718649506,23.148662764489,25.437202206332902,22.884628637551163,21.547544784213397,24.93251909267914,24.786041201924842,9.741597476708831,24.921427573282305,24.66980841993727,25.551158449341166,23.302196157065584,2.248962292275582,26.643683660924072,27.50639934152359,26.451545145388955,-0.8627156805995178
1869-09-16 00:00:00,23.23420546467558,22.643378293143495,22.473290782883026,24.477780704854894,23.16277752832412,21.88947122595446,25.350929657500778,25.36520663275011,9.936211098365872,25.275401057026016,24.673651867841066,25.99961045866456,23.204154629838083,2.7954558288264764,26.74902763475944,27.582024366087886,26.673071026212586,-0.8329967313284463
1869-10-16 12:00:00,23.66593721901469,23.281925406106172,22.922154770096366,24.380152232071968,23.079296792369068,21.884044016270476,25.310854453034143,25.37861289553414,10.84262721723088,25.266044953019048,25.065610513040006,26.031669596446726,23.73774489216264,2.293924704284084,26.93247060942251,27.845493616907188,26.983017708240894,-0.9130230074846786
1869-11-16 00:00:00,24.086712352756447,23.815575816523697,23.409051324834635,24.59922310154954,22.377120584052836,21.222446771217847,24.83915990797677,24.670096111429636,12.483238685670196,24.756761460511296,25.593701573536475,25.4103732555462,24.54301359545347,0.8673596600927311,27.031452861861034,27.820449349109676,27.103804698908505,-0.7889964872486424
1869-12-16 12:00:00,24.583051236821795,23.97196125348656,23.540539746648232,24.903670026930136,21.402120753362315,20.32006585174829,24.190082229402055,23.863705798467954,14.082250640478346,24.09554369873767,26.01987690118034,24.71165411731177,25.321662966404123,-0.6100088490923525,26.937124189815844,27.693958338147922,27.221319711931596,-0.7568341483320786
1870-01-16 12:00:00,25.33299010130119,24.779251872003215,24.216914114781027,25.357201990750273,20.532300975933232,19.480809489302345,23.463669232019612,23.06392163623552,15.559718021246953,23.426685901944566,26.442469225253387,24.039514172086893,26.110957572294225,-2.0714434002073325,26.687270606694945,27.802297809860278,27.178240891621876,-1.115027203165333
1870-02-15 00:00:00,25.955108597808596,25.38915072349701,25.16617965097945,25.671012339708895,20.04527210181062,18.994944866515535,23.0687210785963,22.61779608165584,16.02505796448557,23.109087432289808,26.787056087473847,23.7323605213805,26.71432549200547,-2.981964970624972,26.884479123219492,27.912649182495933,27.35511276096119,-1.028170059276441
1870-03-16 12:00:00,26.35002189212821,26.091123341454754,25.93658739745179,26.118632557039085,19.97475419237453,19.021007967930622,23.11165261017278,22.628160693686517,15.974495687375729,23.190552569562275,27.064597933438247,23.78958442522995,26.98766010652943,-3.1980756812994784,27.54227724881879,27.974700133812817,27.83522105649075,-0.4324228849940255
1870-04-16 00:00:00,26.58754593994242,26.529190115943273,26.394197328360395,26.51609813557377,20.368781931078328,19.393603869793232,23.427922622356114,22.84148319683843,14.749455622048401,23.50161900549985,27.05089197338133,23.996048185667572,26.834673049509693,-2.8386248638421208,28.176571434450395,28.011797400696274,28.216673193726713,0.1647740337541208
1870-05-16 12:00:00,26.07780230649018,26.23135147426812,26.69347188704733,26.97991996806081,21.054252759739597,19.791968596520185,23.693597149290376,23.107003661673776,13.18979002336706,23.79377527476282,26.589991900086474,24.258239045180677,26.116625735688018,-1.8583866905073414,28.282160366134647,27.89310817774515,28.01506022655956,0.3890521883894955
1870-06-16 00:00:00,24.86152309342629,25.029705779143605,26.032878989955385,26.89230314255747,21.796086333244986,20.37917236152851,24.12021078210912,23.687605988289327,11.44229598151136,24.23378191933316,25.837349803962308,24.797826141873188,25.014316810353723,-0.21649066848053522,27.445876718315706,27.80571124486771,27.200013721152928,-0.3598345265520031
1870-07-16 12:00:00,23.922640259809175,23.61636211804992,24.813472956607903,26.300642574263282,22.432219967988402,21.01309160619933,24.492277841442604,24.179719999178225,10.288758505614199,24.564367632123275,25.096967393066596,25.15009321666044,24.071498278647802,1.078594938012639,26.674057541724018,27.590752007099795,26.455949157259212,-0.9166944653757767
1870-08-16 12:00:00,23.097994666979044,22.6407491096998,23.211358005719653,25.401402046578905,23.020958638778563,21.647103232333215,24.926650085820217,24.735324394364312,9.789499173661484,24.92790040201133,24.672956088371063,25.50374435451004,23.365586791626026,2.1381575628840146,26.579721259357555,27.508323544813514,26.406500913964905,-0.928602285455959
1870-09-16 00:00:00,23.253675356289296,22.6359700719278,22.480132705830236,24.61895737394949,23.229785211658196,21.915690287395726,25.331238158676907,25.283225002798396,9.912156302422646,25.27695142410707,24.695488390861048,25.941838194777436,23.241110655153523,2.7007275396239123,26.771619164275197,27.580858818449848,26.69923591424087,-0.8092396541746503
1870-10-16 12:00:00,23.66276363046532,23.282460958257104,22.961349618261785,24.577088907063217,23.1464849208322,21.94412720310247,25.340299338329153,25.33843337873448,10.79353594325099,25.322279904969385,25.10654154132257,26.026007948940485,23.838495074152153,2.1875128747883323,26.989363829395742,27.876907765663987,27.010106109282496,-0.8875439362682442
1870-11-16 00:00:00,24.209120867385373,23.8731193512313,23.496127173181176,24.690883980834904,22.525673273664296,21.424042579661407,24.87704347018927,24.731793723974576,12.419241977086916,24.847608334212584,25.62040843891624,25.46976994064648,24.623856924249843,0.8459130163966364,26.953270383581582,27.804432735733002,26.90718553410751,-0.8511623521514196
1870-12-16 12:00:00,24.524817432337546,24.111884771680582,23.812201958096146,24.972714177023676,21.506954447427642,20.47199245727349,24.1337732864755,23.836089045205092,14.27984362909203,24.113767751340376,26.04591786350607,24.706543532899083,25.389537158200774,-0.682993625301691,26.84041623809443,27.708190905192385,27.06742208265773,-0.8677746670979545
1871-01-16 12:00:00,25.15607118052667,24.88386004651466,24.36791160174567,25.40515809306839,20.598538869992275,19.596758427986767,23.408739254607234,23.02632413730655,15.619811783435756,23.447979950079283,26.460543999218178,24.04778905068686,26.06551495159477,-2.0177259009079123,26.725411749522227,27.936945032506777,27.209119388529032,-1.2115332829845507
1871-02-15 00:00:00,26.096784216977174,25.580801827804063,25.41228559485669,25.845286546939217,20.10051979038176,19.153105481256183,23.062580891666055,22.60361866373478,16.164836168500354,23.146631383308574,26.8452828328577,23.729293695807563,26.59185256086382,-2.8625588650562577,26.89989370054134,28.037125784606843,27.40726885487349,-1.1372320840655021
1871-03-16 12:00:00,26.54945014936799,26.089026907807956,26.01928892867906,26.227027348373408,20.02075905542048,19.062530614194387,23.049140029384542,22.560727143235425,15.825077775763043,23.148609103164794,27.107918612454625,23.726201780035332,26.906138506699442,-3.17993672666411,27.522763246001528,28.067571822285686,27.873166948518964,-0.5448085762841579
1871-04-16 00:00:00,26.71487511936827,26.512049189526422,26.487688693479303,26.735250094650578,20.381316552027354,19.30868677874936,23.27802185533704,22.712411888915124,14.774102436205203,23.388135452278014,27.090392856237276,23.880403427381236,26.83546807782337,-2.955064650442136,28.1435378226379,28.005102507562682,28.22585210616623,0.1384353150752169
1871-05-16 12:00:00,26.026716712997167,26.35007212350435,26.78917954823069,27.175429137417936,21.024915793734504,19.719706038196325,23.604931853055977,23.035892201421834,13.368236925896104,23.723981165077948,26.63797130325472,24.189491590629192,26.09306768825189,-1.9035760976226968,28.226517151098825,27.999768442604157,27.932738257537224,0.226748708494668
1871-06-16 00:00:00,24.7423251895355,24.959605203791057,26.06627733034447,27.047725735086953,21.79253811811864,20.435025105732485,24.066655057759387,23.68920346552551,11.739943680256625,24.223289176540828,25.839897022251737,24.81722278312006,25.11373835523453,-0.29651557211447255,27.3745607725652,27.917469189325647,27.014295921368017,-0.5429084167604472
1871-07-16 12:00:00,23.927514691593956,23.709538948691637,24.84673553886082,26.4277106897976,22.524711278664988,21.20978283776246,24.56594658762932,24.393684090763617,10.43343342596896,24.65500785935312,25.123430506450983,25.326819548508652,24.17435490408633,1.1524646444223237,26.62320729465144,27.72478744407251,26.329067477342004,-1.1015801494210713
1871-08-16 12:00:00,23.224888183462678,22.662240373280568,23.257914300136857,25.414496722480262,23.12328941766746,21.79787471575368,25.01831694302297,24.93160343980021,9.911494528253348,25.020252121825987,24.674123652147657,25.66783373049228,23.457263586977376,2.2105701435149037,26.47280794277557,27.64318489502989,26.270302560448876,-1.170376952254319
1871-09-16 00:00:00,22.958439004434883,22.522928807614935,22.43372709610208,24.528812925939913,23.25436446915849,21.92987066706984,25.392334589144625,25.39535396547402,10.040551272477087,25.315792793837307,24.660594457883636,26.023471084998533,23.295234225608915,2.728236859389618,26.721276435583952,27.74228105496065,26.65765929037292,-1.021004619376697
1871-10-16 12:00:00,23.6227288570337,23.30074586583066,22.966457846560335,24.381760834208904,23.16248412658292,21.955538204733948,25.381728479763236,25.448357940457754,10.817808097178997,25.33877665995562,25.086436111620397,26.087288059640738,23.857375122290637,2.2299129373501003,26.943200036273417,27.932629161384124,27.007110116717158,-0.989429125110707
1871-11-16 00:00:00,24.229053812100865,23.791220804257257,23.445886848218745,24.622361249431155,22.487789920372645,21.431511619157355,24.87652425627767,24.79338042437103,12.476836464113523,24.8407308181293,25.59135551414203,25.504161558619053,24.64303913288733,0.8611224257317218,27.03673617876838,27.828030383890365,27.04308875602958,-0.7912942051219858
1871-12-16 12:00:00,24.480487176087593,23.9275393470421,23.55935487539452,24.833835528790548,21.44178048608679,20.4529473394732,24.181998400349098,23.943303944810783,14.046754457216966,24.12902403359364,26.000435938778065,24.78727212576913,25.412121977412184,-0.6248498516430523,26.859855994902862,27.843646142698862,27.09797464306647,-0.9837901477960003
1872-01-16 12:00:00,24.94676583448271,24.581737822602246,24.090441048529698,25.260324065012956,20.516604786897933,19.491797961572434,23.440944150014666,23.063091235851953,15.533081775546085,23.42040213453428,26.382391697372363,24.07382488458833,26.078448674558544,-2.004623789970214,26.643215533767474,27.980267492501035,27.144762363368702,-1.3370519587335608
1872-02-15 00:00:00,25.89207258654027,25.44443633085887,25.18380116167027,25.67259278667866,19.993640331918634,18.994855894406143,23.0418632466476,22.598027548897853,16.09456169329052,23.07795440141889,26.782432974498253,23.719746619033778,26.642128006128416,-2.9223813870946387,26.88281828507305,28.083865239087693,27.383026394014735,-1.2010469540146431
1872-03-16 12:00:00,26.45459613775322,26.05049294016356,26.033461592682553,26.22128183353743,19.922443559875717,19.017885563789452,23.025984327646615,22.539280360135702,15.888164210041689,23.096648123419104,27.077297320146016,23.693253114632654,26.881773233223793,-3.188520118591139,27.527742342508816,28.179993512284884,27.85289639402751,-0.6522511697760685
1872-04-16 00:00:00,26.631203890507035,26.41635106822907,26.355706973944628,26.518993102664556,20.322700197752166,19.307923153895562,23.20517376321695,22.647061015348946,14.894184215492528,23.304217912360752,27.037229077795775,23.7991175108198,26.80868375311477,-3.0095662422949694,28.152861674741267,28.08532992840328,28.196959233966297,0.06753174633798764
1872-05-16 12:00:00,26.21052182718961,26.1844895306467,26.542363859000567,26.85131518321161,20.903794748771773,19.717932704441747,23.510078667335527,22.96284269563406,13.05625989510358,23.638207232696463,26.583048493810505,24.118850460700266,26.104360223071843,-1.9855097623715778,28.230656802132117,27.94643688076209,27.960888854714764,0.2842199213700276
1872-06-16 00:00:00,24.896855899968685,24.930305512212705,26.00728488357214,26.937876327520165,21.711972242202652,20.420601927860755,24.03573337531888,23.69485160234181,11.27224004603198,24.197838593317563,25.822755184738515,24.804324932375327,25.039143223008928,-0.23481829063360138,27.434673398603493,27.890518475074007,27.101385425808903,-0.45584507647051353
1872-07-16 12:00:00,23.721497432050977,23.59113330516191,24.765961928507387,26.384412205048765,22.394325595842954,21.09284295701162,24.487392919562776,24.290467729748848,10.149868924615014,24.594316409862525,25.089778318226124,25.252460658638718,24.062171901647282,1.1902887569914355,26.699971240087883,27.681302769909767,26.428171863342982,-0.9813315298218832
1872-08-16 12:00:00,23.164343180075562,22.617799662418037,23.251661876302403,25.47657086468769,22.92252406209204,21.668889654883362,24.921492905513293,24.78370451226009,9.766906336208802,24.938105739331952,24.672174887693757,25.570358339297766,23.380213539342858,2.1901447999549077,26.580236286183954,27.49101332551813,26.37785060959713,-0.9107770393341745
1872-09-16 00:00:00,23.343347149311853,22.73255032261682,22.746707835236933,24.909862927314386,23.14303745237915,21.931934797755098,25.30335049776747,25.289907971707596,9.999561265378603,25.260135869853798,24.71639086275355,25.97708563414324,23.326652350763773,2.650433283379467,26.795214834622318,27.522602301385064,26.694125795021705,-0.727387466762746
1872-10-16 12:00:00,23.93695459499418,23.35462201920767,22.999415553268573,24.652889236673136,23.09992037273697,21.96362426031947,25.313670266585827,25.382516506184356,10.822509235648305,25.30288682936555,25.121282465980684,26.063222425985494,23.920086001119625,2.143136424865869,26.993679455482717,27.748958203299008,27.017965191825425,-0.7552787478162912
1872-11-16 00:00:00,24.34996851567932,23.8668431948909,23.399363235666865,24.68448634913668,22.41158943725086,21.34667058294277,24.827858967199433,24.695564129795592,12.401669937841806,24.7831279354773,25.62108500956603,25.441466361864645,24.681368749914945,0.7600976119496998,27.11205438496689,27.7451723795631,27.16033610489309,-0.633117994596212
1872-12-16 12:00:00,24.76612700790067,24.223578868167056,23.80445607336922,25.008591625971068,21.395202886642412,20.457493682620917,24.099431853634133,23.829740089459445,14.369574806223866,24.055493495719816,26.083809685808937,24.70247219873859,25.331552975018145,-0.6290807762795545,26.900435864749902,27.838672260401456,27.162833307426357,-0.938236395651554
1873-01-16 12:00:00,25.460899191294573,24.73470824995985,24.24084641198219,25.431627495276405,20.463833499520096,19.546225845713263,23.425713718696116,23.049343920898533,15.481155370977705,23.4029956022037,26.483823138609154,24.061220254303894,26.022751307446626,-1.961531053142732,26.748075481713173,27.889985307831132,27.212598249824097,-1.1419098261179599
1873-02-15 00:00:00,26.13255951808967,25.524848272279616,25.29521789848377,25.7583116912779,19.948364681071386,19.095225814700825,23.103552872924258,22.68842788082658,16.177483448216066,23.12819812437736,26.852033505861243,23.812848088292306,26.590205095444677,-2.7773570071523714,26.96525285111285,27.98477701572806,27.43653181872822,-1.0195241646152091
1873-03-16 12:00:00,26.45189933188685,26.157864792726134,26.051497617755455,26.298755158141482,19.84133244361896,19.11318312935544,23.179727036857255,22.72622603980427,16.104650303745327,23.208377488090328,27.132940895725845,23.8686158658892,26.954487441105996,-3.085871575216796,27.5375217279941,28.140915655493206,27.88172451459871,-0.6033939274991056
1873-04-16 00:00:00,26.730158576797688,26.692042248502243,26.570815515232074,26.691837862346496,20.175980803004784,19.319483271140232,23.400451513823185,22.906594740239576,15.107024323625728,23.443714152593188,27.110409460006082,24.04738839868257,26.789406422231938,-2.7420180235493667,28.129444011741843,28.104856577449162,28.213672711979314,0.0245874342926804
1873-05-16 12:00:00,25.947016949068672,26.43841508928067,26.73822912200446,27.0510490965563,20.87058108959295,19.776064512474562,23.716173154827395,23.158097891477613,13.30753446143442,23.79145828689239,26.619073752743198,24.336354714390254,26.14947162835525,-1.813116913964997,28.250337305655485,27.88357523374917,27.981244415668016,0.36676207190631516
1873-06-16 00:00:00,24.938335528562344,25.089141366877445,26.10571443764768,26.94651239514854,21.766796927060618,20.490368885644354,24.231516290655325,23.85562953376045,11.644163125944994,24.337026755357453,25.825770180114443,24.950528097215443,25.104072986082464,-0.153544888867021,27.478461117777176,27.83434194413775,27.115083234942677,-0.3558808263605755
1873-07-16 12:00:00,23.796728276975543,23.75819220404456,24.882501387131782,26.301221441511107,22.477532509582993,21.20022290821405,24.68447685161407,24.4836170477652,10.490841680461193,24.722777339514682,25.078518197128176,25.400246011661057,24.110272414124534,1.2899735975365232,26.702219943837033,27.59760196517779,26.425946111810283,-0.8953820213407582
1873-08-16 12:00:00,23.194792862314735,22.649121761629047,23.245198555867596,25.453178729436093,23.088930205379278,21.837982361487263,25.07312073509438,24.947869598470184,9.896891605298556,25.042543221457926,24.659795378849747,25.688977500649592,23.448124408477906,2.2408530921716867,26.599727117513456,27.368204932234715,26.403444323156332,-0.7684778147212583
1873-09-16 00:00:00,23.270110069784245,22.667402803658483,22.536017777563995,24.66921144199312,23.353546690893204,22.096070973794866,25.414956418168774,25.388132197612418,10.185859486592426,25.339331668324473,24.67058215706625,26.04033457129269,23.440479703259264,2.5998548680334252,26.7310159082346,27.53172661807645,26.65702902764911,-0.8007107098418516
1873-10-16 12:00:00,23.71837374615356,23.39424272361652,22.936516018710936,24.432882932827567,23.151675566108754,21.992829315475984,25.35311796606748,25.34962370064363,11.121198725586533,25.315344190406652,25.069897430556416,26.03724485928396,24.010819427174358,2.026425432109601,26.931356905318864,27.802110074090766,26.9609642080746,-0.8707531687719019
1873-11-16 00:00:00,24.18988354304169,23.83933640807271,23.410740735828465,24.634367298249977,22.518824503170833,21.47866863291871,24.911320904062713,24.751238411142385,12.669732150241543,24.85346989598642,25.587241819671632,25.489669334257744,24.691696478749094,0.7979728555086503,27.013680461832703,27.78987723721445,27.03550471308097,-0.7761967753817487
1873-12-16 12:00:00,24.572820737039926,24.053530133424633,23.675075655621555,24.891945191404435,21.517636702763344,20.593181727639134,24.20601071398,23.954876343473256,14.504148321963484,24.148868267766137,25.994297809034368,24.790588738440007,25.45088167675876,-0.6602929383187508,26.876933513868146,27.70520709470252,27.07316235067113,-0.8282735808343737
1874-01-16 12:00:00,25.092878880800942,24.809339219971623,24.26660036924184,25.175174592620092,20.53741577039155,19.63736165676611,23.478612360876774,23.11109627423795,15.692654357312923,23.450166275179356,26.38158037123367,24.09115358397266,26.166679110313137,-2.0755255263404777,26.710344465350715,27.706828943154807,27.217388733701533,-0.996484477804092
1874-02-15 00:00:00,25.865365409941802,25.31381101823524,25.067185140137145,25.53963236317585,19.982429404579804,19.07676302607836,23.05910432522887,22.605617958521098,16.132633222615183,23.083503721763265,26.750834312300768,23.712894266692846,26.68492844286057,-2.9720341761677247,26.908066651489307,27.865698852943748,27.45028857481543,-0.957632201454441
1874-03-16 12:00:00,26.44353846478882,26.025689496951173,25.88515008085622,26.038185747440682,19.908699137306982,19.034657278442513,23.03006905933073,22.511568536316936,16.024661977870057,23.099511931804592,27.052257502549388,23.68041401478174,26.909211235232764,-3.2287972204510247,27.446727694826684,28.006682569911266,27.76692480378251,-0.559954875084582
1874-04-16 00:00:00,26.54228701632382,26.59320604130774,26.47598796521236,26.521718484156317,20.327879895360912,19.35698293415131,23.24822639719722,22.70445775631368,14.987572546493059,23.35012530209688,27.02572611938383,23.864317431623668,26.82889845008844,-2.9645810184647736,28.08088598670221,27.932763953569104,28.128810565138345,0.1481220331331059
1874-05-16 12:00:00,25.89810880744038,26.210591003543943,26.618869966000805,26.92749448363095,20.9995097559477,19.76555133851005,23.575010511068488,23.00872346605408,13.27375065192913,23.70779117375435,26.55408315664439,24.185224184046692,26.106149012791782,-1.9209248287450897,28.239121680394163,27.846671525524584,27.964020049524105,0.3924501548695787
1874-06-16 00:00:00,24.894462701149067,24.980309181566255,25.89748598766357,26.74079892020188,21.755014269669743,20.422301714773614,24.055734711545917,23.705680272308445,11.6731924613152,24.219564922809216,25.804572671539294,24.82960004026495,25.08339630528098,-0.2537962650160317,27.434730183305753,27.793420112414513,27.14411863790256,-0.35868992910875974
1874-07-16 12:00:00,23.957620496252513,23.69648927247781,24.796593713342173,26.272327092512896,22.38627813492075,21.06587199452124,24.519826859042617,24.328882907586323,10.592917047824132,24.60065007731695,25.100981662091613,25.266940039620923,24.097788533491,1.169151506129925,26.643825073335876,27.596049780854877,26.437182294981454,-0.9522247075190009
1874-08-16 12:00:00,23.355427330262785,22.765030520375685,23.2013441441899,25.391698809864586,22.906359801318093,21.632723303073,24.96565718611675,24.869853219438298,10.101018075955288,24.937358186371366,24.671565412623423,25.592529697731816,23.386485255727248,2.2060444420045684,26.507355337800384,27.45672958654534,26.298287684519696,-0.9493742487449559
1874-09-16 00:00:00,23.17839927573493,22.714335074055196,22.55425430567297,24.57804488651887,23.127235663123763,21.865771274718686,25.363017965382312,25.379509225537856,10.279317188684917,25.273098712444476,24.66920790726135,26.006719098366414,23.339138627892044,2.6675804704743697,26.657285164289743,27.557982911409223,26.560019059769814,-0.9006977471194801
1874-10-16 12:00:00,23.95158220105992,23.39221346452824,22.975236918656087,24.476125041511093,23.03600162230355,21.817282743895166,25.310480422661325,25.344457707274046,11.227883425917177,25.269664323580493,25.099391205637712,26.01415806741713,23.885499829160956,2.1286582382561754,26.952760745210927,27.73632887906572,26.93082632026397,-0.7835681338547928
1874-11-16 00:00:00,24.429927851452828,23.77167860574017,23.310693039222556,24.61826719743578,22.418725249490976,21.31279770321104,24.83708151126164,24.688265621112876,12.80921329705532,24.77974781423623,25.598655684736503,25.419184504325706,24.64111814398367,0.7780663603420344,27.07340615323158,27.67195012085189,27.094544513053567,-0.5985439676203086
1874-12-16 12:00:00,24.802766975280623,24.008233522394615,23.502320528364734,25.06839271165725,21.412619352379444,20.373782452702763,24.132219867419657,23.847141634693227,14.449843258955907,24.06870053495264,26.0301978650885,24.70281832921495,25.31153126054262,-0.6087129313276698,26.978551295335162,27.709865302175512,27.226102493485453,-0.7313140068403499
1875-01-16 12:00:00,25.58357619889429,24.955664135306577,24.404401020535484,25.489965639040697,20.52143821080444,19.47892313689805,23.41415196239387,22.995162120364252,15.736318833421521,23.39843294611745,26.483395584214513,24.01844231856804,25.994474362493946,-1.9760320439259047,26.797907800405735,27.849743867870544,27.297182885958797,-1.0518360674648086
1875-02-15 00:00:00,26.36480696233614,25.599143345428622,25.47975487376133,25.840508610786923,19.995598528873817,19.018371683220675,23.050219782450444,22.569890179550537,16.48163018408037,23.091294627401524,26.86997723528111,23.692234466705028,26.589018786864326,-2.8967843201592984,27.045788474499403,27.93472625109518,27.548908574513124,-0.8889377765957782
1875-03-16 12:00:00,26.684013759108996,26.154479364293774,26.065385026591798,26.28787962474482,19.836802382093246,18.92777706834729,23.092874858892596,22.550321994876043,16.432621639887767,23.133623899409837,27.173177927714494,23.725320835028246,26.958600340072245,-3.233279505043999,27.61935042974551,28.17542341178101,27.92497098004367,-0.5560729820355022
1875-04-16 00:00:00,26.876453666320785,26.700878016760456,26.571217418180687,26.68003587240234,20.152178787341764,19.153283209472512,23.364146241149708,22.786838065094027,15.202866589746096,23.391052934364275,27.1653061781819,23.964693089305463,26.81610685785956,-2.851413768554096,28.26862738274022,28.140523224116723,28.347352951281223,0.128104158623497
1875-05-16 12:00:00,26.354249501517547,26.432405614154252,26.82652989099057,27.163441239961145,20.791508670741635,19.666458419191787,23.689158959269587,23.12582894667798,13.441786633379042,23.749724438594075,26.678823722302713,24.314164078210016,26.05402142404058,-1.7398573458305648,28.35164499070368,27.96672244842363,28.07863135917812,0.38492254228004796
1875-06-16 00:00:00,24.930370295113537,25.33180524437313,26.366974018912263,27.212168948177702,21.678142382662642,20.362023728880942,24.14467105951562,23.728297865131847,11.781249877915313,24.255175070642903,25.914572226457288,24.881188241199247,25.064470269075706,-0.18328202787645864,27.632271977070456,27.874211480968633,27.308627430491132,-0.24193950389817687
1875-07-16 12:00:00,24.071328572348335,23.985769112270713,25.06250511607884,26.531222469679523,22.407301539434407,21.104530565372514,24.569316378476085,24.323916508089876,10.572517351068837,24.657128106434776,25.183427233166906,25.318241932033285,24.110976381581338,1.2072655504519467,26.787817901118604,27.67226201145788,26.55073563415003,-0.8844441103392775
1875-08-16 12:00:00,23.381671123330992,22.90914335874923,23.449674819134014,25.549676400473906,22.97209580060209,21.68194542811648,24.945900188099888,24.761567478792777,10.023881382890142,24.962267068511903,24.74289010318614,25.584135513666897,23.394108630503393,2.1900268831635046,26.603167721420096,27.52964761781853,26.39710146866678,-0.9264798963984333
1875-09-16 00:00:00,23.368494848124556,22.98742034201742,22.820270788936526,24.781741715426737,23.225693771181856,21.959284599825796,25.315629883127016,25.25033554016817,10.179569175431755,25.275367894038517,24.767624129778852,25.95787949868184,23.263343008669658,2.694536490012183,26.87516389101781,27.589961342129467,26.780879100785977,-0.7147974511116573
1875-10-16 12:00:00,23.89467838470346,23.648982117291563,23.227840414768295,24.577017656498352,23.10463686634757,21.85980747523697,25.27636450012889,25.22535746208281,10.971196697168942,25.25001851977764,25.166568587999556,25.9347864317313,23.785018975356707,2.149767456374594,27.060931742448,27.78954185322902,27.08955637641955,-0.7286101107810232
1875-11-16 00:00:00,24.276196683508235,24.210257819956098,23.818741332673262,24.727051476331365,22.475214102934068,21.343736168565112,24.808871796197124,24.632344129028166,12.346026379831041,24.763225247087497,25.702186927204373,25.387274606782483,24.526888617703587,0.8603859890788961,27.157866629813473,27.742409463673884,27.192969270530288,-0.5845428338604108
1875-12-16 12:00:00,24.711330561790344,24.228749680316973,23.92500560127659,25.127691201046783,21.36620521164234,20.264842621511434,24.061936369403863,23.700925283824073,14.125174876480736,24.0083179511419,26.11802489454652,24.59555979156566,25.236778981717723,-0.6412191901520643,26.92020156586908,27.780458571434647,27.1942966079455,-0.8602570055655683
1876-01-16 12:00:00,25.26204700317517,24.88774145861605,24.422946368390043,25.461481358041347,20.425583255044092,19.373008782962195,23.342257515424702,22.894104413563838,15.371466226826263,23.330445760807905,26.495735308991858,23.930674617641337,26.016719375992874,-2.0860447583515374,26.709190689787725,27.87851144824825,27.18920578076631,-1.1693207584605254
1876-02-15 00:00:00,25.996899341899233,25.435342819484983,25.42553552654653,25.93822370697505,19.89226469376534,18.93615097004802,23.003205111630635,22.543878615615434,15.993270885087178,23.054036513666887,26.84909010279926,23.675506119155365,26.568860238522486,-2.893354119367121,27.013946937673857,27.98505118043057,27.478928345789917,-0.9711042427567129
1876-03-16 12:00:00,26.232600216590267,26.11846367217365,26.138620562621234,26.395582420329912,19.791062581182103,18.90527955294995,23.017702433523734,22.50645076284602,15.805494760403386,23.094908836550616,27.10624411874365,23.68752466513133,26.831701927707385,-3.1441772625760542,27.63257278142462,28.048642523944856,27.888041740738156,-0.41606974252023576
1876-04-16 00:00:00,26.433024138051316,26.604794295127043,26.55738907740035,26.73522735302603,20.13500997230332,19.146930757666315,23.249349088196745,22.693645378166117,14.665918517512173,23.32956414889978,27.107716720511046,23.871109189581524,26.714082137277785,-2.8429729476962606,28.206493501289028,28.127249715928297,28.19414879154798,0.07924378536073107
1876-05-16 12:00:00,25.898823488197692,26.284290786335827,26.704434053727976,27.04897987724601,20.822579673396053,19.645932249347986,23.627115712163285,23.088211498458904,12.988401865400169,23.728126470897195,26.636416073090153,24.268369068761334,26.008466076516285,-1.740097007754951,28.232076402818468,28.04585722432705,27.92409473211531,0.18621917849141667
1876-06-16 00:00:00,24.69671424116529,25.09582427675754,26.201677832658792,27.048992423622433,21.67722139767338,20.378565205588114,24.019013057797242,23.64645573163222,11.44389825239849,24.188165234279374,25.880139581501346,24.80695496216819,24.961380999104193,-0.15442603693600176,27.345833969092798,27.931544982675497,27.063758170576378,-0.5857110135826993
1876-07-16 12:00:00,23.706745325993285,23.57217384128473,24.866959661987046,26.49643001810343,22.421970593586448,21.136462150416833,24.423536974752995,24.188565039398746,10.353572414899945,24.54679059026525,25.14193931634157,25.168480871332285,23.965871251363716,1.2026096199685696,26.57141363276866,27.65144189174201,26.35947965840334,-1.0800282589733499
1876-08-16 12:00:00,22.93970379540286,22.326102268803286,23.088619304270903,25.55145616007734,23.003140959502318,21.726435265091176,24.883587997215614,24.746271106655033,9.933564614731825,24.902671210555233,24.66552677860733,25.495193219381328,23.19150896624983,2.3036842531314967,26.45917628864883,27.526873942115518,26.269859093049376,-1.0676976534666878
1876-09-16 00:00:00,22.983768943671357,22.462748528739535,22.37354890706122,24.61313384273844,23.174486818074957,21.899793325971093,25.240121599983233,25.19040268230882,10.164147379853441,25.200828856767973,24.669994039192442,25.862139470785436,23.06550792646641,2.796631544319027,26.766656881753367,27.57498811369134,26.694612049245077,-0.8083312319379736
1876-10-16 12:00:00,23.81941367684544,23.207767768292875,22.72798054891078,24.37418847880045,23.062194459088644,21.803178039996187,25.190499773541053,25.1623848670166,11.06848093407283,25.16807728042059,25.087104921196154,25.870959689758703,23.62442308197341,2.2465366077852913,27.125811948936132,27.806830552738933,27.16340550605322,-0.6810186038028014
1876-11-16 00:00:00,24.265235059634456,23.68859798184716,23.19772658262359,24.48380441239199,22.404742773986925,21.167694051155745,24.726962889228716,24.565658317120814,12.630372937901646,24.68875073314117,25.596082426929254,25.33644663387245,24.42396583654002,0.912480797332428,27.18107233708685,27.795647689212046,27.258654988967066,-0.6145753521251969
1876-12-16 12:00:00,24.608536457459806,23.674963722889366,23.25723077711298,24.715975182192388,21.418578890705145,20.238999789530745,24.040691768596,23.72340951741855,14.133320810770455,23.981463100578576,26.01335672699516,24.595419739245095,25.26433344090252,-0.6689137016574236,26.96474727971555,27.84991833677759,27.275527270044584,-0.8851710570620419
1877-01-16 12:00:00,25.018531139637055,24.23903181648788,23.760708788363516,25.21192669419558,20.467203263921796,19.25292167847852,23.310453640670985,22.868653921557197,15.666808867437883,23.285878909905566,26.375886364767723,23.90732913254663,25.96182952728821,-2.0545003947415807,26.725828210993857,27.990995761516615,27.266416967880204,-1.265167550522758
1877-02-15 00:00:00,25.71174694890004,24.946276301672885,24.749023115330804,25.465934576790875,19.883026302424682,18.689129162176908,22.935197074003522,22.43137699930847,16.358993043074733,22.96007129541455,26.72550022571739,23.595974135622725,26.61016086318218,-3.014186727559455,27.036185906173287,28.031412854993025,27.53890404208054,-0.995226948819738
1877-03-16 12:00:00,26.341768259012277,25.730613284321812,25.61762115901639,25.89699316912971,19.861923897433854,18.762279802964354,23.04410416694426,22.48144857867608,16.037162057525222,23.083407669979554,26.99637371811239,23.677234342029568,26.998075735742862,-3.3208413937132946,27.577221538723204,28.108726809002277,27.849595291942457,-0.531505270279073
1877-04-16 00:00:00,26.418664328463247,26.381510037617723,26.226537212537615,26.36933787768447,20.19719016024918,19.083729968798945,23.303244813881587,22.66808620611655,14.689351559362631,23.33576055452872,26.99518368238518,23.853545603985115,26.922583201497396,-3.0690375975122812,28.167505957659188,28.108019969454723,28.17097460377096,0.05948598820446449
1877-05-16 12:00:00,26.152754586495366,26.202960540502357,26.59558005946673,26.843302989238975,20.900929032688932,19.638066604098867,23.64245857743774,23.055624261135268,12.980850032466453,23.721147441496736,26.53858844982161,24.242885335543995,26.118237267943986,-1.8753519323999903,28.120083394372543,27.969032394854743,27.86491136073805,0.15105099951779977
1877-06-16 00:00:00,24.77395202113568,24.98938989223381,26.066107935974593,26.94533872225858,21.717453565639726,20.328874645485413,24.075530212538542,23.686459520815713,11.31695785878096,24.20398077887989,25.79567960215368,24.824252325813298,25.05216115738436,-0.22790883157106379,27.298983089918615,27.798958771184985,27.041170587415813,-0.4999756812663705
1877-07-16 12:00:00,23.724556488863325,23.710684411267444,24.79256625755247,26.30287187341608,22.39716283168548,21.052522030384992,24.485673265059333,24.263918658658604,10.181429200014051,24.577530334752105,25.052243734093345,25.228147054889657,23.955875507791834,1.272271547097823,26.572308244020537,27.65697334762105,26.32564888183189,-1.0846651036005142
1877-08-16 12:00:00,23.654907775998918,22.814676991410053,23.262765246316963,25.37375522887516,22.926135809200566,21.614182799737772,24.921449421946207,24.77651321988784,9.682399980921067,24.914574306288642,24.6653821537596,25.530842966694248,23.238708618316256,2.292134348377992,26.447077224239063,27.517772674950027,26.270015713323914,-1.0706954507109643
1877-09-16 00:00:00,23.41525069172328,22.94441449211745,22.758300430332717,24.67661461547971,23.158520366171192,21.890175595913153,25.345496156473317,25.333989271437545,9.732740926996005,25.27455375497719,24.706847309652943,25.994402093585908,23.16697462430642,2.8274274692794883,26.688769982217323,27.6620227368208,26.601821715213898,-0.9732527546034753
1877-10-16 12:00:00,23.685479669307842,23.65761174767251,23.304636931178035,24.69072126194162,23.049670990157903,21.874133500950066,25.33278776423704,25.389932653339336,10.698627402623394,25.29719992048749,25.127554815421398,26.0667231313774,23.792883849020505,2.273839282356896,27.028159456506856,27.8557313842496,27.023997495313083,-0.8275719277427456
1877-11-16 00:00:00,24.12502289014514,23.99204070925545,23.677579287029996,24.88117096616403,22.356045065492978,21.28373602518119,24.830082103973428,24.72248045754734,12.32325845118618,24.76177109919807,25.622229366621628,25.44560040735393,24.62451093254576,0.8210894748081685,27.05178268151309,27.819301023122094,27.00659790342162,-0.767518341609005
1877-12-16 12:00:00,24.666105406361957,24.288849747886875,23.855282019977444,25.11989222113791,21.36181448210523,20.315816044934714,24.120424911273908,23.86513643710822,14.153281042729718,24.034006867328788,26.071274793565454,24.707618192464615,25.349972474716047,-0.6423542822514321,26.868196425765248,27.840278739428996,27.085768306647243,-0.9720823136637478
1878-01-16 12:00:00,25.4259128270018,24.93639747161851,24.421889884673657,25.427952124021566,20.436941223431212,19.443231231108687,23.410879132206087,23.040638437999828,15.307707857733625,23.381944200389277,26.48838041899778,24.035201531760794,26.035384948458333,-2.0001834166975385,26.736132540179668,27.971914334179683,27.211759496137343,-1.2357817940000153
1878-02-15 00:00:00,26.02749707887183,25.528699265483557,25.293937496583595,25.742669499499627,19.93790629549797,19.0125269996568,23.09358525722334,22.656108980557754,16.018260176813087,23.110612622279472,26.82464760306443,23.75926175048236,26.53375132351332,-2.774489573030962,26.988004699706075,27.91768601902206,27.449657712336112,-0.9296813193159856
1878-03-16 12:00:00,26.53822543038323,26.137985745654902,26.05061742606007,26.27110729396275,19.88493141196861,18.99157181351811,23.163748015892207,22.631190199040343,15.8654408395806,23.195351604271668,27.097009952484516,23.78622324023327,26.821392472199253,-3.035169231965984,27.573307666198932,28.0781159450646,27.916228315058007,-0.5048082788656671
1878-04-16 00:00:00,26.734438771387754,26.76063067512615,26.58892945624467,26.71905427928962,20.250738711270024,19.33388138608827,23.493650435262303,22.874282597459047,14.686950183785466,23.50215043882604,27.07722892529865,24.011215602549953,26.648481022879274,-2.637265420329321,28.15405080047221,28.085734278084995,28.254127557443645,0.06831652238721375
1878-05-16 12:00:00,26.444373259303326,26.63059819594213,26.91497391197887,27.183369747031836,21.067066272413424,19.986086819554387,23.88286269023443,23.26660470599097,12.876567336413803,23.92371600483401,26.64712090188438,24.384857428276405,25.969075534234317,-1.5842181059579126,28.230960411941577,27.960057796687245,27.978298206780234,0.27090261525433235
1878-06-16 00:00:00,25.138710092990753,25.575571628937162,26.519016619481633,27.22178628477193,21.85430878401893,20.676007068934823,24.31815657806189,23.907513936324605,11.287594028722758,24.407344237553417,25.9115326940027,24.9871985700358,25.038701572609135,-0.051503002573333845,27.496052348353867,27.87254130143768,27.14099892913433,-0.37648895308381114
1878-07-16 12:00:00,24.448927365314916,24.12205296450276,25.212778637834898,26.627598464285537,22.568060004994877,21.367410746889902,24.765052733156892,24.523506472682996,10.317938355204785,24.79471505883683,25.17690681654697,25.413693264032347,24.021073992751973,1.392619271280374,26.759752991507703,27.627680696974796,26.473242289740494,-0.8679277054670926
1878-08-16 12:00:00,23.616537859122786,22.964763166039425,23.51986376931703,25.648536757255243,23.253641842092875,22.02023364206848,25.16797453421091,25.019836185713988,9.822316962232332,25.145654190296106,24.73162720450458,25.747403175521978,23.36212766363207,2.3852755118899083,26.5863122727735,27.41492433906913,26.385365547185142,-0.82861206629563
1878-09-16 00:00:00,23.523835877554,23.01100039619837,22.808745504631545,24.77379396713566,23.469205890269397,22.22749749248441,25.511594513006465,25.476549991141272,10.012105531957893,25.449676297847827,24.740119330930817,26.098382910349738,23.289139438669558,2.8092434716801797,26.741877616958465,27.470276383764922,26.61475826367696,-0.7283987668064569
1878-10-16 12:00:00,23.881720457577924,23.76066101767228,23.321489889459922,24.644734066216927,23.297490227568268,22.160225006295008,25.456265472690088,25.510573204895636,10.928365132040417,25.432994070259383,25.148607905065592,26.14378640023846,23.83907947637473,2.30470692386373,27.022309708743293,27.716331353756658,27.00934025471903,-0.6940216450133647
1878-11-16 00:00:00,24.341465312721823,24.20000489836681,23.81667554335933,24.862650183520312,22.55643473532093,21.461661673237927,24.98801020941375,24.86265001883636,12.574335618737111,24.93045959073186,25.67221880149328,25.566481737494026,24.632546486881168,0.9339352506128584,27.14210041315427,27.720375063186598,27.219321964151746,-0.578274650032327
1878-12-16 12:00:00,24.713021653241213,24.316134406415575,23.83244301625816,25.13027487561639,21.537938240833707,20.5117793147545,24.382040916816724,24.07289597994141,14.289839455096248,24.275905638917422,26.093932385451428,24.89094699464397,25.339851906703355,-0.4489049120593869,26.989310167164607,27.71020828736749,27.262510540080633,-0.7208981202028824
1879-01-16 12:00:00,25.162393456921023,24.94514840495111,24.47496509161364,25.597198858427774,20.61910193193225,19.615627112027276,23.64308553589675,23.253684042677772,15.65116434320283,23.581009737308943,26.498100414340193,24.21905508796949,26.034736957186702,-1.8156818692172116,26.796353965750715,27.901061132751444,27.31014586227179,-1.1047071670007291
1879-02-15 00:00:00,26.040275940402033,25.857439458142828,25.489734540002672,25.812049535400003,20.090280552662584,19.097734188694037,23.29189451918866,22.848441525140878,16.379930535122362,23.2796218736061,26.875571815746287,23.93037879572835,26.622203713722747,-2.691824917994399,26.954310041142275,28.049213907697858,27.42457195658992,-1.0949038665555832
1879-03-16 12:00:00,26.52276746632224,26.214039634509646,26.19977299769671,26.312245553630348,19.927221018417587,18.89697976979455,23.23185998724897,22.67014295529248,15.776654697117143,23.22585714387608,27.152967326727406,23.838830988927594,26.964886012416542,-3.1260550234889486,27.612904186579915,28.149114830529555,27.92707929395379,-0.5362106439496408
1879-04-16 00:00:00,26.691904360132423,26.560966776941314,26.482788991849436,26.756525346352927,20.159306004992285,19.047404328690153,23.389443327764326,22.743532672227783,14.759111871371692,23.3911937936472,27.135561824041723,23.935058668802824,26.741466128205193,-2.8064074594023687,28.19241558038279,28.192894195820095,28.22723174047045,-0.0004786154373057627
1879-05-16 12:00:00,26.093257094475092,26.412695983117086,26.73874262865422,27.067826491099787,20.82528000456578,19.526370731982436,23.667107228107096,23.024607691334023,13.307010087469289,23.71781089154311,26.658728511869526,24.22912411638425,25.915889338196024,-1.6867652218117755,28.29700837383318,27.987685242834196,27.99104709038413,0.30932313099898323
1879-06-16 00:00:00,24.749939562347254,25.09080636252299,26.17860189101936,27.070248426739223,21.568408372187807,20.17953514459347,24.074826450925404,23.616908200763422,11.59508051737707,24.159371095390032,25.87173385232113,24.762862022949164,24.87714765449048,-0.1142856315413141,27.42797109550115,27.880931176410787,27.08731944118862,-0.45296008090963724
1879-07-16 12:00:00,23.8752234570857,23.558361309619276,24.74663635723271,26.467231159326786,22.26973594508985,20.940668033825276,24.508235667864643,24.242907402646036,10.291691125907404,24.56571086494946,25.123321871356318,25.219332080019704,23.893745154915084,1.32558692510462,26.639671344392443,27.66007998349406,26.39978383762516,-1.0204086391016176
1879-08-16 12:00:00,23.067926580799487,22.443778359959904,23.090806097719998,25.434875769941762,22.918235484121034,21.62525416600334,24.966341729030717,24.82401146835966,9.782437438549183,24.943513661055643,24.66487269322262,25.595202564516303,23.20268288521048,2.392519679305824,26.489893245004726,27.379003876995892,26.36331905531604,-0.8891106319911657
1879-09-16 00:00:00,22.940564739168373,22.50785651888975,22.507384338732795,24.697928373090395,23.1798144771776,21.926431136274836,25.360826278012706,25.34394787054173,9.90870108725625,25.2889141888824,24.67378556579918,26.00546835678509,23.24931951791113,2.756148838873962,26.735580935715376,27.402002383186574,26.65921516730001,-0.6664214474711976
1879-10-16 12:00:00,23.78972325210875,23.363673711064216,22.92449736731909,24.483657328047194,23.134715424782076,21.99668906788841,25.350466123408932,25.349550719948564,10.582692318565558,25.32252483552449,25.090980291971015,26.0302373018553,23.882001439929233,2.148235861926068,26.994908056837303,27.690029113357937,27.04920256393146,-0.6951210565206338
1879-11-16 00:00:00,24.291557405002806,23.85794315965766,23.509267217642886,24.6656962277856,22.489583750624217,21.445778665392382,24.943717037623326,24.78630730184362,12.213662668144705,24.879039058275108,25.61807577536686,25.509928613895937,24.73497076964163,0.7749578442543061,27.191121056327777,27.70045902390696,27.284102353284467,-0.5093379675791816
1879-12-16 12:00:00,24.588258896701156,23.852768598885117,23.580175896105306,25.033033016046005,21.476702361161326,20.395890936469907,24.224970217800717,23.904456559544634,14.169848642856028,24.134015776863034,26.054242920195517,24.756076588908293,25.481249922775135,-0.7251733338668416,27.042565558363744,27.75105245039978,27.394918241985167,-0.708486892036035
1880-01-16 12:00:00,25.31194266082681,24.719376368107675,24.18609328155956,25.371060635316145,20.508313540734964,19.416515494360713,23.43337760325004,23.034866143206497,15.622316570088088,23.395886585805595,26.481587775888457,24.066603049065765,26.24737111707909,-2.1807680680133252,26.865453372235915,27.892143570658263,27.37501662136759,-1.0266901984223473
1880-02-15 00:00:00,26.03280098451618,25.51389597592636,25.258041099901355,25.66137076229922,19.982415305986695,18.945824250887743,23.086688845792132,22.669549495056444,16.250189638391475,23.11077261019536,26.83952383256172,23.800335241551462,26.83562502306967,-3.035289781518209,27.046253911372187,28.001019788740155,27.52834931340869,-0.9547658773679686
1880-03-16 12:00:00,26.55293769809351,26.208175554395513,26.148821181999907,26.227959126559856,19.889758965396798,18.888209671960336,23.126477811748927,22.609851830575163,15.772112409596417,23.155761396447232,27.130330374485528,23.768603018158704,27.092457782929273,-3.3238547647705694,27.658784475068952,28.15177561252435,27.96011874004585,-0.49299113745539813
1880-04-16 00:00:00,26.534671273063054,26.74448525738505,26.64882029922187,26.55654114178193,20.28775332182028,19.25609869282974,23.350237354452837,22.78550699970647,14.61596034433503,23.38832823055572,27.103095760753074,23.921292784309973,26.98373435291416,-3.0624415686041857,28.200825334046655,28.14230371829198,28.245985820802968,0.05852161575467463
1880-05-16 12:00:00,25.92460450227857,26.267906268449977,26.695910717820738,27.024092067558506,20.98236368087558,19.80167208206901,23.7385789252897,23.150620040788045,13.075344412035665,23.793429753084872,26.615768708512178,24.278216340391936,26.16571169357488,-1.8874953531829455,28.2614553673884,27.962181732122886,27.976939770683508,0.2992736352655143
1880-06-16 00:00:00,24.870677211880476,24.889396725918438,26.001711082571337,26.94914780553757,21.925988227559884,20.614734395657766,24.20760915573157,23.774903930275247,11.53007032786864,24.306456306307716,25.84342015372639,24.842513255496367,25.037725922194465,-0.19521266669809734,27.490303190023134,27.856203478355845,27.103911234526635,-0.3659002883327105
1880-07-16 12:00:00,23.871947268483755,23.60123756665612,24.75674733227998,26.402736059585333,22.54312556889067,21.293176444804942,24.712992386792756,24.48593255327558,10.445295920095965,24.757893709911944,25.107423991982824,25.39811166797735,24.119794252835177,1.2783174151421726,26.68515925010152,27.70824151095385,26.359705160269645,-1.0230822608523304
1880-08-16 12:00:00,23.307261261420475,22.65410617704869,23.26828143204604,25.534187371761014,23.040306778546054,21.821972786420865,25.095835328767997,24.921541085216354,9.96537628583317,25.060378486936493,24.676005717501823,25.653285447095495,23.464507843824812,2.188777603270683,26.519125135788403,27.593433986831432,26.27407313431314,-1.0743088510430283
1880-09-16 00:00:00,23.293542952290416,22.732357510101696,22.569393153080817,24.67160950000178,23.26372394006653,22.04025538693872,25.50868022741776,25.465682562859953,10.20952313500931,25.402757243145228,24.67993101380359,26.070323604599743,23.405343083716286,2.664980520883457,26.70552702988385,27.64598068156989,26.59914168326218,-0.9404536516860382
1880-10-16 12:00:00,23.84599310398924,23.460342196015308,23.042278741421075,24.48470531440023,23.116196928994807,21.948712409376103,25.434492562551714,25.41776718782097,10.964454695469197,25.35791688400507,25.084987634651764,26.081073411943002,23.950719903184964,2.130353508758038,26.993877812068458,27.760287011311362,27.042585862794606,-0.7664091992429043
1880-11-16 00:00:00,24.245835048177923,23.920846280125016,23.61674389669798,24.771627651007528,22.44965890257753,21.336821704517966,24.922904765539492,24.780516092505476,12.395484492923714,24.84362505564874,25.635648564537593,25.52718139610521,24.77067896900342,0.7565024271017897,27.120999044143254,27.76781715694274,27.16522031337167,-0.6468181127994868
1880-12-16 12:00:00,24.484554248722432,24.03570427244312,23.68935439484242,25.025955537828274,21.471435385830063,20.399260433086507,24.205592124237107,23.93398910599284,14.278981840999286,24.126986315358153,26.055521784029622,24.80098380305003,25.60026502631246,-0.7992812232624296,26.8376764698318,27.727440828435896,27.07408145751189,-0.8897643586040971
1881-01-16 12:00:00,25.171743810947373,24.83031697607843,24.315347886664625,25.303050292769704,20.561376812040677,19.48973079088259,23.49095538262219,23.101568760830986,15.694637859110582,23.454515708783866,26.48712582799171,24.119839810711433,26.242036326832675,-2.1221965161212424,26.723393977036125,27.89991379460776,27.201408721043062,-1.1765198175716343
1881-02-15 00:00:00,25.889262704298943,25.284432136429036,25.1841422336196,25.7029459343172,20.047704292615013,19.052782013258295,23.1061693800098,22.67297136448075,16.060938031338583,23.135809306047044,26.843388248812786,23.785694941983866,26.796891643013343,-3.0111967010294762,26.947578672989493,27.9005745482596,27.455864383575157,-0.9529958752701049
1881-03-16 12:00:00,26.380499428561727,25.925759106850595,25.872524957974232,26.162192529766738,19.947569874396187,19.070287981567017,23.117338398720086,22.659555072000405,15.670273829804122,23.174678341179103,27.1158734232403,23.800189882676182,27.04721428868484,-3.2470244060086593,27.50702594123426,28.099214024283157,27.79976952837582,-0.5921880830488959
1881-04-16 00:00:00,26.410794069328293,26.503010956392338,26.429968555477526,26.61171445457161,20.197514401553423,19.223755348415647,23.327758353519354,22.808632362131096,14.709153752937333,23.361263261560886,27.087835208183478,23.942413400903394,26.90453815379763,-2.962124752894237,28.13048434238094,28.09656787382921,28.0886829943193,0.03391646855173036
1881-05-16 12:00:00,26.03299580557247,26.240801107163723,26.628008828924077,26.98736213832222,20.878249058493534,19.732363022419165,23.60880711399862,23.113077148444194,13.119035934697443,23.681968389668043,26.63475665171045,24.230125624044618,26.180946357404483,-1.9508207333598655,28.16429832108457,28.02307125814208,27.823570096823186,0.14122706294248744
1881-06-16 00:00:00,24.52920624030353,24.843149710005587,25.984630385824584,26.988853540526733,21.721034981984577,20.425127798961537,24.087146098100924,23.75284677514751,11.5018817268463,24.201240640396865,25.841195395973713,24.825162383512076,25.0681737190692,-0.2430113355571244,27.313989736869686,27.958205098543463,26.971785629681662,-0.6442153616737762
1881-07-16 12:00:00,23.544304164111107,23.493872948590045,24.750055880299232,26.47737323535679,22.36574487461881,21.09345960577366,24.57092071534101,24.397625281718994,10.476484433886057,24.6233377573371,25.10659083668859,25.320176475915094,24.150686449039547,1.1694900268755468,26.592416071395807,27.720387279866546,26.338376143333324,-1.1279712084707398
1881-08-16 12:00:00,23.202121541063892,22.699841201560403,23.323675769271915,25.48731614864485,22.890745429579983,21.648483400128686,25.008129106718048,24.88965414880402,9.982846812006747,24.964474536492997,24.701952744198994,25.62645935612207,23.54250100961234,2.0839583465097284,26.51169110634411,27.53118737231962,26.332809920638066,-1.019496265975512
1881-09-16 00:00:00,23.086479829355415,22.663158003546247,22.681995057387695,24.811095701087932,23.132435420096858,21.901845161338162,25.38110153613848,25.364967807272237,10.04931862643778,25.286559571001504,24.717678911395545,26.018676888928578,23.48421301411529,2.5344638748132873,26.688476612338494,27.64933026900282,26.62193094968325,-0.9608536566643266
1881-10-16 12:00:00,23.772980621775123,23.438222005901576,23.102403085507525,24.64809039384028,23.062028729739424,21.910308202286974,25.365551809365023,25.405339130733907,11.004117468348921,25.306666594473214,25.164376893608704,26.067388517660053,24.032129547871428,2.035258969788625,27.017604003252846,27.8343424075002,27.03362209578904,-0.8167384042473529
1881-11-16 00:00:00,24.17523659232418,23.90146116950828,23.618136970696636,24.795928718472886,22.426796858823018,21.357061288969707,24.913368434613858,24.765154716430782,12.556832349153364,24.82881883228497,25.681530167366805,25.502271639047166,24.82947867170615,0.6727929673410173,27.191348566266758,27.809745884533232,27.2466515833899,-0.6183973182664744
1881-12-16 12:00:00,24.499136986088885,24.015484439278254,23.746013593967156,25.080930484516422,21.361476583137556,20.300945781040042,24.197224602069745,23.873333278497476,14.475991795382603,24.103899849865712,26.104631832480113,24.765547633786728,25.539949202368557,-0.7744015685818297,26.882614336759715,27.750860556146925,27.123803109585513,-0.8682462193872098
1882-01-16 12:00:00,25.094197002601533,24.894573836336793,24.42093174739228,25.454078950693148,20.458747109740585,19.455124511247394,23.486914116274523,23.10737161619785,15.829628680403353,23.44238304555706,26.532610056681687,24.123078272390018,26.178387165396185,-2.055308893006167,26.737400947880044,27.84752101089258,27.261590325824105,-1.1101200630125376
1882-02-15 00:00:00,25.9974659958756,25.685115890100885,25.46785196049254,25.873841714601486,19.933882201307092,18.938708584673787,23.064457594128505,22.643561980560584,16.377651521690478,23.083642851791666,26.898164098559764,23.77797426188997,26.727361357598376,-2.9493870957084063,26.961386800781383,27.9114806242191,27.446675098655422,-0.9500938234377152
1882-03-16 12:00:00,26.574218138501198,26.26880748576947,26.20676272865113,26.37083903105471,19.85657054777026,18.962868189552374,23.105106975335456,22.6299795465875,16.194467051313435,23.142566012180268,27.21888622594233,23.79245372382586,27.06644865791638,-3.273994934090517,27.646758532988414,28.147940428525377,27.970381140059153,-0.5011818955369627
1882-04-16 00:00:00,26.79214551457588,26.668333985144802,26.56546136780967,26.731998914924763,20.26951514191701,19.31832184721892,23.3826324946182,22.81663050717474,14.944699700242502,23.426986300478838,27.19334786399093,23.975578560993714,26.97539115569054,-2.9998125946968273,28.297828555391824,28.11898389385172,28.33681453626206,0.17884466154010425
1882-05-16 12:00:00,26.04426398147619,26.503502854654368,26.889401469354553,27.117017701376714,21.002972773174996,19.902487762545757,23.682176580215007,23.0690882306601,13.259167062644623,23.749700897589182,26.721610420853008,24.23019938147333,26.166347477742566,-1.9361480962692355,28.423910017236363,27.987689496519867,28.150522279811554,0.4362205207164962
1882-06-16 00:00:00,24.4277586747836,25.18376315532766,26.317617855139474,27.18900465389459,21.84250112258233,20.548764700846863,24.114022601148537,23.677503614369495,11.584137849528977,24.242121102611396,25.939559763354076,24.809171342113963,25.066020351911884,-0.25684900979792147,27.583726259066747,27.94533102627133,27.237555194079906,-0.36160476720458234
1882-07-16 12:00:00,23.76022987110737,23.75708110114347,24.95675400110679,26.588309947067263,22.546484992589374,21.2833489804479,24.63654773280863,24.432270783292843,10.42925437784744,24.69697632770063,25.196035463405153,25.357995924506834,24.054964321464595,1.303031603042239,26.770412476055952,27.728565955892478,26.508809662392697,-0.9581534798365254
1882-08-16 12:00:00,23.231217941291806,22.70589192925409,23.386847174949324,25.591800159542267,23.085259009182376,21.828640850518426,25.078322261774368,24.958472069923257,9.970839590325697,25.048842849327993,24.75706440890377,25.688671050334147,23.377341171366634,2.3113298789675127,26.605530859571804,27.610300544046666,26.4019927423618,-1.0047696844748621
1882-09-16 00:00:00,23.300080587144183,22.74185188472832,22.677574397977708,24.71150734340315,23.26202535658403,22.011067292920387,25.44650018873828,25.42159509171091,10.178825699057317,25.348145889119735,24.772544765053436,26.05102519616129,23.351258002231877,2.6997671939294143,26.761447726234188,27.75829134078025,26.697101363276694,-0.9968436145460622
1882-10-16 12:00:00,23.93123007111524,23.515290503726273,23.075166673063645,24.529985673608707,23.03931024060444,21.834720639280366,25.32681526186096,25.298314904878918,11.033244035008464,25.257905201650853,25.160674698498386,25.98464757128505,23.916768920242365,2.067878651042683,27.023930060161433,27.89381121516502,27.094367721636626,-0.8698811550035863
1882-11-16 00:00:00,24.321620535338926,23.937203798610803,23.39258966425379,24.65909140720425,22.449897888298786,21.341591556723092,24.918040813339232,24.7318004236111,12.344307331167803,24.830158188570174,25.64910185942541,25.469552274664462,24.6828356295581,0.7867166451063632,27.06019984102122,27.795364983527303,27.04655209295197,-0.7351651425060837
1882-12-16 12:00:00,24.609999047636634,23.953670485377778,23.54224351190117,25.023322405885082,21.42338292435501,20.397951270844842,24.267579665860676,23.9744808172548,13.96841968313297,24.15480391343341,26.061656034218043,24.814289411408495,25.468098736033287,-0.6538093246247918,26.947428853485146,27.766169081177743,27.152284488303145,-0.8187402276925972
1883-01-16 12:00:00,25.279830047025463,24.576637935068934,24.127922554287764,25.404034877436736,20.44793114928811,19.454195304025145,23.5658790372919,23.19614285007787,15.365424639863042,23.48510504638933,26.43877841655277,24.188790656909063,26.143178087775894,-1.9543874308668308,26.849038840899333,27.85085769969302,27.338026835206186,-1.001818858793687
1883-02-15 00:00:00,26.0292410997885,25.2708741540546,24.98365934626942,25.744456880780945,19.90922952799772,18.93322035421365,23.201873418107393,22.756789263994097,15.820754833074314,23.1599462233193,26.81639806402026,23.86032498968622,26.707094413574783,-2.8467694238885635,27.073718698006676,27.958344773914515,27.594371276877332,-0.884626075907839
1883-03-16 12:00:00,26.33918672102608,26.063801889228987,25.924027963789715,26.087096716440062,19.926092153878923,18.986440639942455,23.208386597325763,22.7093324284053,15.636554596181885,23.221463968932632,27.093131093039442,23.86902982877403,26.978295492713045,-3.1092656639390164,27.618969546028246,28.137873939216583,27.964609481914504,-0.5189043931883361
1883-04-16 00:00:00,26.430954463180537,26.607706918965707,26.46108122090643,26.51298121629314,20.229627642631385,19.21110795302626,23.406373731495904,22.865254689872625,14.626753990329592,23.437469461285367,27.07297919084205,24.021389152149286,26.823664310080733,-2.8022751579314473,28.20197131446958,28.17507833895505,28.23391555594433,0.026892975514531514
1883-05-16 12:00:00,26.18793247285364,26.24306567422638,26.720286621570317,27.06770308144088,20.841356177708498,19.645925396079015,23.67182086900803,23.130975736189324,12.953359475427488,23.729105832596254,26.626307223707567,24.302098150140996,26.065855137495937,-1.7637569873549417,28.231755048059654,28.036547570660467,27.941482721083325,0.19520747739918676
1883-06-16 00:00:00,25.119043535665707,25.095871733593473,26.10162252650724,27.039882182253116,21.770220789785917,20.521601770855373,24.1595355884054,23.796592093712626,11.441442107808937,24.277313809639768,25.885649246000195,24.90772209341732,25.067174784730938,-0.15945269131361783,27.465394785510906,27.933873151262446,27.122925869161616,-0.46847836575154034
1883-07-16 12:00:00,24.094491382453512,23.687244761504434,24.76758203031364,26.369365721813747,22.53008429095153,21.29472639317017,24.65548503194936,24.475471447538233,10.39276303572082,24.71856985982013,25.13148731305921,25.400076130604898,24.10803257427631,1.2920435563285864,26.667960233023233,27.689626578399345,26.334977023263363,-1.0216663453761115
1883-08-16 12:00:00,23.417574089952044,22.781388454930294,23.32829010492036,25.50070166920574,23.06873960736283,21.842182386033237,25.08928666085212,25.007262798442603,9.896457302522919,25.06485132320336,24.701806050530198,25.72938972612463,23.361551841120207,2.3678378850044233,26.4525016306234,27.505642954221482,26.2264860277211,-1.0531413235980835
1883-09-16 00:00:00,23.296935804933828,22.78035490810824,22.712609009285654,24.747793263524407,23.329430628749712,22.161791040632867,25.492746000162608,25.554274037196368,10.060888085308223,25.402411105301823,24.692109723363423,26.135181164964813,23.19004790853343,2.945133256431383,26.674772540662993,27.581596742387525,26.587526147425596,-0.9068242017245325
1883-10-16 12:00:00,23.65664444829313,23.366651908277895,23.04971990262617,24.605445099544028,23.133981619492385,22.025123809627043,25.42596544145809,25.495122662117762,10.839698361723087,25.351933388565183,25.041272398305676,26.08515244848315,23.72438875589832,2.360763692584829,26.835415689050738,27.772093695153437,26.8718296662845,-0.9366780061026994
1883-11-16 00:00:00,24.13771146175141,23.753294144501485,23.42276233452064,24.720594401660858,22.426555511562363,21.386174658895595,24.94954809024913,24.827324969405115,12.371171721930525,24.83749173396022,25.47998973757839,25.472163087601988,24.41867061266287,1.0534924749391195,26.78422254594822,27.609621214025108,26.700176817109494,-0.8253986680768861
1883-12-16 12:00:00,24.506396289031983,23.898493993971467,23.57987356153681,24.953271501046494,21.411646116017515,20.434891810243435,24.161382607480764,23.91487655748251,14.23513085635175,24.045228279824233,25.853962025117525,24.67016467504135,25.077821896817365,-0.4076572217760166,26.594816993208227,27.517102594062123,26.774720832560398,-0.9222856008538969
1884-01-16 12:00:00,25.03156844544929,24.59983941503188,24.094453929565937,25.363621956137603,20.47403004765612,19.52628085303455,23.417202178173195,23.092895852908633,15.571494472919104,23.34891463237426,26.26774132358075,23.991843215621437,25.790716510262648,-1.7988732946412114,26.452589155095087,27.60323175606224,26.941653247756445,-1.1506426009671529
1884-02-15 00:00:00,25.864092139070138,25.334286183001336,25.07889492832167,25.60066066522917,19.882345578189064,18.92901127242065,22.960468668939715,22.577044935918977,15.860490979370093,22.967597199124285,26.604272013332796,23.62777719213179,26.4052548471871,-2.777477655055307,26.644797901038316,27.618647000800305,27.163369017417782,-0.9738490997619884
1884-03-16 12:00:00,26.306534766024235,25.85825062280853,25.78853782748582,26.025272952361377,19.746603206441726,18.81248016871437,22.90031200317262,22.42360068474409,15.71860159185711,22.938868233745776,26.886928996386036,23.554785551412948,26.630662094961707,-3.075876543548759,27.232346972354282,27.73949328778323,27.62129907625278,-0.5071463154289475
1884-04-16 00:00:00,26.482395577228402,26.32129447593928,26.21492085047396,26.391007692019883,20.001008858694,19.016800146387645,23.140630329296368,22.567167526111575,14.637290735289852,23.170211624604754,26.880971041343432,23.69999042917078,26.57199617009838,-2.8720057409276016,27.813641377144,27.718476700985068,27.91653225730848,0.0951646761589302
1884-05-16 12:00:00,26.1531467447788,26.278961769528987,26.46660802285631,26.779179183951058,20.62256902028285,19.529919391441847,23.425956670284226,22.82380704660573,13.007436750525002,23.497629369798407,26.45302948895161,23.965976927059703,25.953825421686997,-1.9878484946272934,27.924683345629102,27.590479597577218,27.669962021647542,0.334203748051884
1884-06-16 00:00:00,25.027927549067556,25.253949754909176,26.188626400230504,26.925618545397093,21.470287857445168,20.20655095212102,23.854404516273668,23.3727984420732,11.394768597664337,23.96417727743982,25.730684120645396,24.479123151077555,24.94206885000323,-0.46294569892567594,27.230422496910958,27.564994554861688,26.908835841958595,-0.3345720579507301
1884-07-16 12:00:00,23.986209550597238,23.919373181968133,25.128211653210286,26.56378932007982,22.101070100311407,20.87242542817279,24.27736316431709,23.984806421021474,10.357042161945298,24.34204752033037,25.023060604684833,24.945905886672342,24.01955273047409,0.9263531561982532,26.32378593941515,27.41385071857239,26.130260404766535,-1.0900647791572418
1884-08-16 12:00:00,23.16375611722004,22.877371646930772,23.72961639451073,25.824473360699685,22.575929173237483,21.35868880516692,24.62141759947808,24.403813868676384,9.883105928372158,24.626850151300644,24.587541481025475,25.223910280673653,23.38379076676046,1.8401195139131943,26.13875269733464,27.311320635935868,26.00961343866272,-1.1725679386012295
1884-09-16 00:00:00,23.072218496217413,22.756972966911363,22.88606561574992,24.998109406414148,22.80393975834042,21.580084830933114,24.968293268908226,24.894227739238985,10.028153579595932,24.941644031044902,24.612346899906992,25.621355562438655,23.34190074123183,2.2794548212068264,26.436017715302846,27.39590376453728,26.40227015242595,-0.9598860492344343
1884-10-16 12:00:00,23.569680273732608,23.47583170891428,23.321115581206392,24.891412229071484,22.660615048271627,21.504752171968615,24.96896455443043,24.966394749888085,10.751820689836489,24.953413560916964,25.041198857925973,25.679416006154803,23.889894316483755,1.789521689671048,26.772528175952896,27.513736081321177,26.7652366217819,-0.741207905368281
1884-11-16 00:00:00,24.058943270430053,23.870282100887113,23.762456502496786,25.130158727442687,22.013229548037998,20.930495709310158,24.53611220174808,24.350709085466328,12.317068293339489,24.49606956841774,25.557948511711725,25.120062442605082,24.68313695738641,0.4369254852186728,26.886918307125693,27.48442903767931,26.912270077231682,-0.5975107305536156
1884-12-16 12:00:00,24.686243743606223,24.32636064573051,23.96839944024565,25.27402072138329,21.038441341008003,20.042263963662872,23.803048246490228,23.524988022845495,13.979055760122586,23.775946015632865,26.007460582054417,24.39199672899785,25.43435874496856,-1.0423620159707099,26.616879662170717,27.5314471884848,26.887317270470902,-0.9145675263140838
1885-01-16 12:00:00,25.581836165582974,25.086428729920407,24.65937968478996,25.58744796862862,20.07714756373634,19.0883593671956,23.0275069826458,22.671343726598746,15.27908349140532,23.034464937206632,26.425273759087084,23.706657857287905,26.121976503833146,-2.4153186465452414,26.436616511404505,27.649437479400277,26.95060594810109,-1.2128209679957713
1885-02-15 00:00:00,26.28981512084567,25.65595626289884,25.558887444050917,25.933152859749296,19.58657244290033,18.66156183355662,22.73130593020274,22.31334561394816,16.030711271790416,22.780832533057378,26.80065160083005,23.45823523979906,26.65645882261947,-3.198223582820411,26.72290923954657,27.759879942499786,27.266333149956,-1.0369707029532158
1885-03-16 12:00:00,26.639034140776065,26.216408827048607,26.234546938527743,26.4192867205589,19.51945823277547,18.729075688992346,22.842167268550618,22.384549585387553,15.821393316723714,22.90234610530581,27.07924046425456,23.546054868971716,26.889383961021576,-3.34332909204986,27.377337152825966,27.93626931168075,27.732311153019147,-0.558932158854784
1885-04-16 00:00:00,26.832462991419696,26.588334963829972,26.61614085253866,26.897258824157003,19.87902942494127,19.112146412612823,23.12662746335045,22.646651901700007,14.54361981957015,23.20178382722558,27.06375310433228,23.77518614032317,26.719170883951286,-2.943984743628114,28.014331296428445,27.93361829843587,28.114877396331423,0.08071299799257403
1885-05-16 12:00:00,26.115803796648105,26.376698835442532,26.64305838739895,27.154357978707168,20.55612781592654,19.578492428424187,23.46710899488589,22.968835905226403,12.863108295711834,23.549377478413074,26.56078232439185,24.093026457643123,25.95202436730023,-1.8589979096571057,28.116595259521507,27.781414459829744,27.830423911667964,0.33518079969176284
1885-06-16 00:00:00,24.466780840359284,24.945287346887273,26.010976528461025,27.094644256166237,21.27885679064351,20.075548512966577,23.87555009835182,23.474993688248396,11.15376794372451,23.99160437731589,25.767553587522098,24.608288288433997,24.856523599749167,-0.2482353113151703,27.46794034086836,27.65615063543711,27.100333624219978,-0.18821029456875138
1885-07-16 12:00:00,23.743868140472213,23.58644505191618,24.746891285381817,26.314833726591882,22.002043531167374,20.830576204171255,24.3849403554475,24.192836550616292,10.003030913879302,24.4532072121386,25.018265899269192,25.154276839684837,23.998579982086255,1.1556968575985813,26.61274722475366,27.500856180440675,26.319686405633266,-0.888108955687013
1885-08-16 12:00:00,23.276506616954947,22.64251276626378,23.21265705695216,25.33475745562836,22.613463420176288,21.420721960922698,24.756123125915167,24.632204906417318,9.438957977373075,24.76078681027769,24.607048032713465,25.44321401497835,23.392085039640754,2.051128975337594,26.450616490383155,27.391882861404447,26.254250260295127,-0.9412663710212925
1885-09-16 00:00:00,23.19155440080278,22.564431632091186,22.51838318946526,24.675020734173103,22.85504764772647,21.623531834757546,25.089995540958896,25.026247237273623,9.677686351790486,25.049344168946973,24.61832771338351,25.76719597644751,23.36873596482473,2.398460011622781,26.653028081685214,27.434680342161432,26.571468834492958,-0.7816522604762177
1885-10-16 12:00:00,23.626156450345682,23.11293472607905,22.88416519412137,24.563568138488513,22.709997315532664,21.553292380465457,25.05446298396197,24.993816042901976,10.633126082146811,25.04078725299395,25.00839920309802,25.75810014270465,23.952797974830826,1.8053021678738226,26.94909908274262,27.63039477371892,26.89203696399524,-0.6812956909762988
1885-11-16 00:00:00,24.094447758099854,23.74399899738945,23.386146648600477,24.66408316447722,22.081577817906865,21.02772897271889,24.605035514284875,24.384631060670692,12.066161086367025,24.554652043627893,25.53950974116011,25.18838085685673,24.645267254110493,0.5431136027462351,27.09835958442141,27.656524901553468,27.098247642252442,-0.5581653171320582
1885-12-16 12:00:00,24.501631265280498,23.910488710886618,23.520096702947356,24.797901014749897,21.084249933571925,20.047107461733376,23.90871830110675,23.539034581190972,13.747430667755852,23.843723983285727,25.96612015576957,24.465176471388556,25.3940017532302,-0.9288252818416431,26.821205192625047,27.668871932084777,27.100877301976617,-0.8476667394597293
1886-01-16 12:00:00,25.21116776674621,24.72608611057855,24.094369544579738,25.010412616185462,20.203883487734505,19.248032404467423,23.21790924361911,22.83019976681905,15.105280362612229,23.21952856819956,26.344273355316606,23.868153754970344,26.125259514618367,-2.2571057596480237,26.472740140138374,27.752321984810767,26.937514236261222,-1.2795818446723928
1886-02-15 00:00:00,25.977347018878557,25.20913036610452,25.13897724478041,25.63633426908301,19.696014797638824,18.787363910053706,22.86483932631561,22.419680448160552,15.834671211025176,22.900500798787572,26.710754036870323,23.540077839502814,26.727435036448885,-3.1873571969460706,26.733666976393643,27.81254686732316,27.18332896092314,-1.0788798909295174
1886-03-16 12:00:00,26.305540921128628,25.744336409920383,25.802862872329992,26.11933638803328,19.600591953461507,18.75014965623384,22.866264171323216,22.358872773837792,15.637422481079902,22.918685571565646,27.008994752329706,23.511344981956896,27.071037270188707,-3.559692288231812,27.369941917288617,27.993435269565836,27.67606867991905,-0.6234933522772188
1886-04-16 00:00:00,26.515904075047686,26.275440436195332,26.21707316226591,26.376381231694435,19.902228008032303,18.95235106574622,23.012361893009356,22.481733663693998,14.55060622588209,23.089968436171553,26.9796146464722,23.629378919029406,26.89876898101438,-3.269390061984975,27.987802647006074,28.01431770303372,27.939725038837572,-0.02651505602764459
1886-05-16 12:00:00,26.025255557283394,26.008447978985792,26.381153694738032,26.83163976156728,20.588815710277967,19.429143994081272,23.366972549725272,22.839940419567075,13.019483701790369,23.462250509758867,26.506981285851708,23.981324584707103,26.178689671807724,-2.1973650871006214,28.06641700772767,27.887029944819542,27.74189678227254,0.1793870629081269
1886-06-16 00:00:00,24.65131585743162,24.600111430238126,25.758241870385284,26.7808327219903,21.3463942702288,20.055287215203567,23.822364658352544,23.452137565556804,11.358280517956029,23.97652694833173,25.72681886048792,24.587929449394416,25.152010631303853,-0.5640811819094367,27.156704491689155,27.781442215187592,26.84361864654853,-0.6247377234984377
1886-07-16 12:00:00,23.494022874464182,23.052607125303247,24.326792694816326,26.17239423403635,22.006209323298027,20.725769610888037,24.249580104941977,24.039624155609026,10.213833220902703,24.366613800028194,24.969512084741268,25.042044889506712,24.126351006721077,0.9156938827856358,26.399420352116742,27.57159485911203,26.199241599433513,-1.1721745069952867
1886-08-16 12:00:00,22.931340552174074,22.245720089285342,22.84943882461101,25.156444549283577,22.557261832573836,21.310732837692658,24.694341321876326,24.56602073228423,9.650191012961496,24.71725800419313,24.544452226939693,25.37400845423627,23.414596848622285,1.9594116056139868,26.363470661953954,27.374559905504494,26.19059182800593,-1.0110892435505399
1886-09-16 00:00:00,23.05051327601122,22.32776311969863,22.30070445891329,24.433027562982918,22.807621032320007,21.572729283053746,25.127926234106795,25.12113536925418,9.769115661179162,25.078070515515616,24.57234442333594,25.81521667385423,23.322031546893573,2.4931851269606575,26.576112281018144,27.536498298892916,26.504629417623534,-0.9603860178747716
1886-10-16 12:00:00,23.601326811835083,22.970220780050905,22.611986016820293,24.361780976553607,22.692835055149956,21.479434882949263,25.10578427709272,25.09465523859869,10.673817217559181,25.06898541212546,24.998267379379843,25.825298792366443,23.986135460495884,1.8391633318705587,26.907955911867887,27.73776639681954,26.959808063513243,-0.8298104849516541
1886-11-16 00:00:00,24.04879993656531,23.473335442692797,23.08144848432105,24.478014506813683,22.02361691022439,20.887454170520332,24.66788196704006,24.46664799353276,12.104059665811224,24.600771128376863,25.498720258917146,25.264572912027827,24.792940261183535,0.47163265084429185,27.009371967952493,27.67590150163068,27.04716827734699,-0.6665295336781867
1886-12-16 12:00:00,24.432752719550365,23.51956906476985,23.24945387961688,24.74338887716251,21.00913163624429,19.909810015699495,23.942557750369456,23.626973707644403,14.125785611955214,23.884464765701818,25.925870627223027,24.560850462843195,25.48284472391763,-0.9219942610744347,26.82734870067071,27.697081469410673,27.14580348530543,-0.8697327687399614
1887-01-16 12:00:00,24.860202559539868,24.38524116407592,23.854641184873344,25.01827409053987,20.072918718408882,19.011270726413823,23.20977596907722,22.834941934199794,15.371849096917353,23.197752505381917,26.309417947182116,23.92374353010846,26.17055256202913,-2.2468090319206695,26.560123016521942,27.78814878397512,27.06648319988129,-1.228025767453179
1887-02-15 00:00:00,25.710406105902525,25.12017121755435,24.774915066637412,25.36665762253109,19.54289146828481,18.553501198166455,22.83948254783032,22.434255162999467,15.689838652868609,22.88781562818037,26.697152329794278,23.621837656248946,26.772425289340116,-3.1505876330911704,26.81815647514353,27.842260587506317,27.32083291497887,-1.0241041123627852
1887-03-16 12:00:00,26.19400444532112,25.721274328824602,25.59455768452495,25.78312324859444,19.462449947680923,18.499015518232166,22.81248471438952,22.3364416284021,15.590782902734869,22.885234144793706,26.986490865497203,23.568005068147674,27.08052344758522,-3.512518379437548,27.37491098814491,28.00407418914632,27.66646374517508,-0.6291632010014077
1887-04-16 00:00:00,26.327745777399066,26.35878772080651,26.10932844310933,26.216263598042016,19.917789284097562,18.885477293745115,23.0855573552011,22.525510577677597,14.481762617167323,23.169693599731158,26.963167647153888,23.744857839089214,26.904782133818518,-3.1599242947293043,28.044804318994643,27.96216869761423,28.08749926508662,0.0826356213804118
1887-05-16 12:00:00,26.11958269087889,26.144098753494987,26.510393478823808,26.703128972977595,20.63336139844203,19.397331870308165,23.45130446164665,22.92200964723982,12.903000225827922,23.56381645892903,26.512969350612305,24.12062809783518,26.17618008025219,-2.055551982417011,28.193060808360297,27.79783163181642,27.918364879578736,0.3952291765438787
1887-06-16 00:00:00,24.996060170648573,24.77520130556897,25.846322357561732,26.743460223161613,21.442261157074032,20.07764389806079,23.900946004022302,23.534830311957545,11.327374530738192,24.05364547452399,25.73441406903091,24.69150545601637,25.023012450416257,-0.33150699439988784,27.37173451051406,27.754660357220626,27.007952539876353,-0.3829258467065664
1887-07-16 12:00:00,23.506373754525335,23.500956225790887,24.58612608550453,26.13614465508726,22.08739416553501,20.751297577213425,24.3289293109815,24.11359495927474,10.146518856876504,24.43467397416122,24.986505638598597,25.130734000323805,23.873563199958813,1.2571708003649924,26.644417969837924,27.547075620525337,26.417336469052756,-0.9026576506874129
1887-08-16 12:00:00,22.824669947782176,22.419117484439003,23.05333920244822,25.26725378848225,22.717228204627062,21.40485362564952,24.77351925996106,24.643870690022393,9.65216134201933,24.79326310423313,24.539042673588256,25.45503347205016,23.113505756070033,2.3415277159801278,26.489999676239975,27.439855336992657,26.30611960656625,-0.9498556607526822
1887-09-16 00:00:00,23.064465805998278,22.305436482661527,22.271390002301274,24.486452920136774,22.947858675480777,21.65581231216229,25.184373492213613,25.17794416055976,9.863755728547979,25.1172144449498,24.558433675916916,25.847692315392763,23.030689871468976,2.817002443923787,26.597494932581366,27.567196710861047,26.54583138640193,-0.9697017782796813
1887-10-16 12:00:00,23.76588569441205,23.157957846819492,22.621693503731645,24.199404499940574,22.86474256301928,21.63318537255497,25.158388478270503,25.191528712424102,10.73101935596947,25.102722619527114,24.97949721879251,25.876217649998733,23.714445813183342,2.16177183681539,26.780251332146193,27.817658694682013,26.887433070648996,-1.03740736253582
1887-11-16 00:00:00,24.274668806245746,23.85281819158634,23.38520065395613,24.519659038691557,22.288383201334028,21.17680536917826,24.67170453409187,24.5622892197508,12.238415682330299,24.635577593130986,25.54285474272917,25.30707256382651,24.514666696568202,0.7924058672583065,26.82453478592427,27.833056338187994,26.916234363305794,-1.0085215522637228
1887-12-16 12:00:00,24.48404710360665,23.995433689716393,23.593724858996353,24.765854960133048,21.27480966699795,20.252913172007712,23.992955255034058,23.742519204828948,13.848069717975886,23.94319173533353,25.953885723965225,24.608136368532417,25.229285917773396,-0.6211495492409789,26.722138840215234,27.749954950522696,26.99251970611493,-1.0278161103074623
1888-01-16 12:00:00,25.127489143326788,24.674258302650507,24.161943176664195,25.22667238270669,20.35387381513882,19.342664158259147,23.2890854483657,22.929320175210876,15.037479859729322,23.27345017849257,26.341425412469107,23.9458871241698,25.958362247407212,-2.0124751232374116,26.510125811130187,27.843721795287998,27.041508760790585,-1.3335959841578102
1888-02-15 00:00:00,25.993336465341145,25.413260951705205,25.17552749916878,25.672994787298816,19.811393154208524,18.823536834960862,22.93984008762287,22.502714827574444,15.642787658718017,22.96946557777252,26.71311086980544,23.638961437089076,26.563183458549837,-2.9242220214607606,26.76731452824067,27.791110551935986,27.283663890520803,-1.023796023695315
1888-03-16 12:00:00,26.43701761514152,26.02777964678879,26.02449066219749,26.20489354186804,19.761485568858852,18.880756677661868,23.00910697740039,22.518532215543374,15.355077632394922,23.068733410425928,27.005254744573527,23.704280388095437,26.854008437258333,-3.1497280491628956,27.421625038321938,27.973585376704772,27.749088781948196,-0.551960338382834
1888-04-16 00:00:00,26.586802712661026,26.412908229591533,26.37367508773349,26.670192883927733,20.156589181249984,19.263590307117624,23.28512556963316,22.802881715009256,14.52010566766552,23.377294457878737,27.017683216719945,23.9781581708059,26.762720227660697,-2.7845620568547957,28.147379394250763,28.00085407832851,28.184497906582603,0.14652531592225415
1888-05-16 12:00:00,26.06405158102161,26.351714716726086,26.676630492516352,26.902870061433656,20.870990773027035,19.790719044880714,23.609384911257486,23.070663861486352,12.913769160592544,23.709186899952694,26.565769356807856,24.2343101741376,26.05924835763001,-1.82493818349241,28.223919559066314,27.909780350029692,27.907697204848155,0.31413920903662174
1888-06-16 00:00:00,24.81279813079791,25.108003208111747,26.130901879525066,26.93994803827983,21.783339275017433,20.46115768854222,24.02735864040123,23.592866351710796,11.362752233144072,24.169341155682975,25.796372382060223,24.73930313215125,25.09379252429568,-0.35448939214442987,27.43559340612491,27.8367974790517,27.136452516625738,-0.4012040729267916
1888-07-16 12:00:00,23.936965314643054,23.765989680114618,24.864879234920195,26.4102874413515,22.36114164359837,21.006134714556346,24.453497839867538,24.16896306038624,10.209712528264859,24.533195831546976,25.059500259752937,25.132651516944403,24.183395983529707,0.9492555334146964,26.54542259573726,27.547863366318182,26.262012589356992,-1.0024407705809217
1888-08-16 12:00:00,23.375716230692316,22.73479117059851,23.236751691387692,25.48412131345137,22.9250565117234,21.61443713548394,24.879537374853435,24.675474788814782,9.665108558119313,24.881970503753223,24.638481106504404,25.45244319695185,23.421513372972022,2.030929823979829,26.394189648728663,27.36917365913575,26.181364874282472,-0.9749840104070877
1888-09-16 00:00:00,23.32480338705996,22.68503883407582,22.602880833655963,24.77856289811375,23.117974463643296,21.85028114984784,25.24592513374033,25.164034495109288,9.756603002439682,25.20003257562158,24.68265039719271,25.846020586319312,23.346276061531267,2.4997445247880457,26.543315109095662,27.552995952719552,26.476218296272215,-1.0096808436238902
1888-10-16 12:00:00,23.94007007585833,23.433363649446523,23.04420072086347,24.610549711537217,22.976014464325036,21.76768123146005,25.233361985379165,25.223264487435205,10.744928296310835,25.19612185238711,25.10027324326935,25.900959059751933,23.903746502669986,1.997212557081948,26.855922009364704,27.739923440056586,26.870052853382756,-0.8840014306918818
1888-11-16 00:00:00,24.356053280597003,24.035906004272633,23.535895928025845,24.72613564069726,22.338972569235764,21.28800975713252,24.78337444098944,24.617579673329608,12.293110575614927,24.734706485357066,25.634791270775857,25.35675800321436,24.684684330746073,0.6720736724682865,27.00464881135218,27.719431583288873,27.03598142724805,-0.7147827719366937
1888-12-16 12:00:00,24.715583028831865,24.315346455344415,23.783549472110433,24.918932804194604,21.29629849118797,20.333138180144385,24.085804212247314,23.802924294330577,14.00385657596025,24.019362665684064,26.06279687488043,24.651032729377516,25.385417745694813,-0.7343850163172974,26.770906869141374,27.724167084187357,27.02004220765876,-0.953260215045983
1889-01-16 12:00:00,25.29153773950294,24.989019356342034,24.400669041373035,25.40047535368564,20.400173543968496,19.499008890852622,23.389026399587287,23.05322490593843,15.384427226665355,23.37504678555457,26.47275478271192,24.035082366084563,26.020438305840326,-1.9853559397557632,26.63785898673294,27.788777870009163,27.14918505024891,-1.1509188832762227
1889-02-15 00:00:00,26.00479197521868,25.5567720517758,25.46843028999894,25.827404358490003,19.891238983475752,19.02359771881646,23.069931770580006,22.65519470096836,15.92854787149887,23.092038327196754,26.84662930546367,23.75141542951838,26.60054944167216,-2.8491340121537796,26.92871900264616,27.830614966857514,27.43785372407547,-0.9018959642113522
1889-03-16 12:00:00,26.392238598444145,25.99163114029533,26.009274821543038,26.171758315118247,19.740794476347414,18.852510767084247,23.039560493602075,22.5324114942018,15.561282173000643,23.072341182759885,27.104257552058023,23.708425619963855,26.924864581812628,-3.216438961848773,27.582291771914207,27.948715424920632,27.925682810601934,-0.3664236530064251
1889-04-16 00:00:00,26.627169437487357,26.58671349118058,26.478768729449886,26.541472417134283,20.107907296505154,19.054159968434597,23.210116210654665,22.62562945016129,14.403608004965017,23.261066618946913,27.09392780292839,23.826419826124564,26.817228369252284,-2.99080854312772,28.16754760494432,27.980652860820264,28.221427460362225,0.18689474412405715
1889-05-16 12:00:00,26.169768654236126,26.488182863465504,26.79260540034308,26.94598499534709,20.919011261384345,19.70124538003688,23.576718237810564,23.022025374640247,12.831759052771298,23.694280388912556,26.642635645695265,24.209780575935103,26.10152243713994,-1.8917418612048387,28.26319521936552,27.90802681754369,27.94503408066048,0.35516840182183174
1889-06-16 00:00:00,25.08225161267815,25.188953566349515,26.113866630722796,26.979077492285455,21.7133792323387,20.370183049128897,24.070655238270067,23.72012469271121,11.337020956156671,24.22630697000888,25.881955633444203,24.83289529288188,25.150974265844514,-0.31807897296263477,27.50789931113578,27.873354608145473,27.131466164421557,-0.36545529700969226
1889-07-16 12:00:00,24.069797429241063,23.72263168809227,24.778381299364092,26.38993880565182,22.40038126452329,21.110973257995358,24.541835447548014,24.38965750330508,10.263645424459776,24.64281194029683,25.122357106116333,25.32101199803351,24.195892556935576,1.125119441097933,26.662950856027134,27.643329289450154,26.401547875826164,-0.9803784334230201
1889-08-16 12:00:00,23.230063648891456,22.764502184184998,23.281253182129394,25.43560241281456,22.896986126181552,21.63939833714484,24.98136277232781,24.894171240203068,9.718083660228164,24.983013444060298,24.697245922579135,25.641750525709213,23.471949171352172,2.169801354357041,26.500258643991216,27.46990650796695,26.306090582848512,-0.9696478639757338
1889-09-16 00:00:00,23.11117344291945,22.858247432100168,22.84873379237377,24.769427920800343,23.15630811840376,21.941790902465318,25.371500420550024,25.41944281521963,9.812958948615982,25.31492688275985,24.73804430487071,26.04819098598846,23.439513971091994,2.6086770148964646,26.724763255103266,27.54601936366441,26.640795570619545,-0.8212561085611441
1889-10-16 12:00:00,23.82191692381047,23.517446181006797,23.233173478497598,24.705005858529066,23.02793547006586,21.851418953605304,25.27897862119706,25.293034563678358,10.79144819910936,25.246356997566547,25.151717592997088,25.97633987347517,24.007805407193217,1.9685344662819517,26.989376423055173,27.7948389484087,26.98093470641094,-0.8054625253535264
1889-11-16 00:00:00,24.42129752592594,23.91349527656622,23.469588507663673,24.589708698979702,22.33866999910746,21.184171637260476,24.753221321987056,24.583218369982852,12.194727896503885,24.68058828230752,25.638711109923992,25.342036789310267,24.744986655928535,0.5970501333817317,26.983475768501748,27.80498783478467,26.99671967756693,-0.8215120662829207
1889-12-16 12:00:00,24.757135220993167,24.01558582520107,23.54130581504235,24.97538199777976,21.39276329765561,20.27794373410127,24.047579928323987,23.739529969130572,14.056247418434005,23.981984007374166,26.070574893046373,24.604187719365484,25.456268779388115,-0.8520810600226305,26.8527384813458,27.833842036177423,27.079407982712755,-0.9811035548316234
1890-01-16 12:00:00,25.440556339756224,24.851003535513787,24.342383821613577,25.49764294398386,20.489800103051675,19.47282174386852,23.357405097828803,23.001681989060568,15.355441826993514,23.338124373242888,26.483685371645493,23.988673770365825,26.14872992929905,-2.1600561589332266,26.59391643498281,27.88871078319838,27.073686487058087,-1.2947943482155715
1890-02-15 00:00:00,26.1690454191184,25.428242042837926,25.3281123097319,25.832532234033437,19.91654163300566,18.951593383386243,23.031272510211025,22.59929275650725,16.00769556393616,23.051896447062397,26.84866046939112,23.71264086209182,26.671667358054474,-2.9590264959626538,26.923534582634467,28.037336955272945,27.401785879325363,-1.113802372638478
1890-03-16 12:00:00,26.587173704281298,25.955309540236556,25.942055841829344,26.245670582539844,19.813306421996263,18.87246648949227,23.08165633125306,22.561406775138014,15.88740115820808,23.107388026641544,27.097259100679576,23.732245793359926,26.923507179726386,-3.1912613863664596,27.56020897179515,28.01458490649159,27.940842455310122,-0.45437593469644
1890-04-16 00:00:00,26.788042995254266,26.602272106940305,26.502247732478434,26.544897078608827,20.118570140061387,19.09717146627503,23.274694397773118,22.72876322523129,14.614380983722327,23.32822755207633,27.09583528236405,23.908263114299277,26.853116010507463,-2.944852896208186,28.207819888436145,27.975814115045313,28.308823473383057,0.2320057733908314
1890-05-16 12:00:00,26.293389450948162,26.360672326200323,26.6894549073009,26.980995601802945,20.751695460364225,19.554132851910115,23.632116712103844,23.08185030442134,12.926337550195486,23.700317264118848,26.633768499617606,24.268194867167708,26.10309789935327,-1.8349030321855615,28.29047462666368,27.933010011490207,28.004122824329798,0.3574646151734733
1890-06-16 00:00:00,24.885770236986335,25.047692837383472,26.134803222742455,27.003604492173242,21.60128831553535,20.27517639427891,24.105885102004084,23.74137644907129,11.274826625165845,24.20859705108342,25.863509979492918,24.862790845679122,25.033482197528777,-0.1706913518496549,27.499798424689526,27.824859481872593,27.19114702973852,-0.325061057183067
1890-07-16 12:00:00,23.54876526523722,23.401010175550113,24.743576927080568,26.448947713962774,22.312062750339887,21.02604788086921,24.565762262951946,24.404524513438194,10.113473532631899,24.618596552694527,25.08766227976673,25.327195215658797,24.011182945513553,1.3160122701452437,26.649317919551006,27.573214121939543,26.397928549737934,-0.9238962023885371
1890-08-16 12:00:00,23.03103574893579,22.446203554338723,23.024863067125224,25.404088558926464,22.871953000753486,21.57302839123412,24.921777775208867,24.799489405824477,9.778223719201915,24.912487230992213,24.638279644303392,25.567819584459922,23.269358928897464,2.298460655562458,26.44809488025433,27.400224394297165,26.249567809568894,-0.9521295140428343
1890-09-16 00:00:00,22.93783725611893,22.54666157350086,22.4285027538804,24.548537847232208,23.11346363834939,21.816302653794228,25.313789872562005,25.264945057907244,10.02093582683804,25.226224599556314,24.660880629467226,25.92802100929457,23.195205494436472,2.7328155148580997,26.695865809984944,27.456251465548952,26.6094087375776,-0.7603856555640078
1890-10-16 12:00:00,23.66359897489739,23.24356265249562,22.802157781725636,24.346053916108,23.114343149628375,21.872003689855585,25.294348904416225,25.274040736501565,10.957573512706961,25.24881143850795,25.081829289041035,25.9473803014125,23.840382651205445,2.106997650207056,27.060705287563728,27.685273633754186,27.072556885665346,-0.6245683461904576
1890-11-16 00:00:00,24.11552290068898,23.65243980231028,23.33074785578154,24.589846002001806,22.522476080256826,21.37691390161401,24.814959558625194,24.653165936245646,12.508614828125333,24.761127093745788,25.59885293582047,25.37614000275638,24.613712549371694,0.7624274533846851,27.057227167121987,27.740838747977843,27.10341877691091,-0.6836115808558567
1890-12-16 12:00:00,24.462442236494812,23.879420112600762,23.494381135766016,24.829152807935554,21.495228632908304,20.495226083615194,24.162780413550724,23.884093066726127,14.050985006512756,24.093640350852844,25.99419800011704,24.70858368063883,25.323261362395908,-0.614677681757076,26.834309054983294,27.74503666265543,27.084492865874804,-0.9107276076721362
1891-01-16 12:00:00,25.100399109870285,24.61587191489158,24.180958030566188,25.347780144408944,20.519662705045874,19.530951437696103,23.4368331706876,23.058240954843228,15.528650685202166,23.382949067105052,26.407249452012746,24.030271084571808,26.03585440402063,-2.005583319448821,26.695877266673122,27.847145855278132,27.18324790533344,-1.15126858860501
1891-02-15 00:00:00,26.080795889740582,25.41087181007952,25.206483929904696,25.733139123820244,19.91691409459578,18.95829102435898,22.995383889155146,22.547197235542388,16.144265059358727,23.010401515129708,26.791710134131616,23.667416065766034,26.60125088246659,-2.933834816700557,26.991342932633934,27.93273266191262,27.49882244507319,-0.9413897292786864
1891-03-16 12:00:00,26.502809028947926,26.053931497038946,26.053053360915854,26.202854390581706,19.850604594481442,18.960719998052284,23.040913157383077,22.557553622713368,15.918613327952334,23.08765838783642,27.09490378804327,23.712352740838842,26.833065860577385,-3.120713119738543,27.597714444620237,28.046830101640825,27.93160319527765,-0.4491156570205881
1891-04-16 00:00:00,26.83554873761679,26.554797635898673,26.507852013543154,26.69366555131958,20.208388305967166,19.25955579775795,23.26206631437278,22.747913355565988,14.92499474824363,23.34927204115417,27.100094690881374,23.91510521089158,26.79608507851904,-2.880979867627463,28.172686762329953,28.10156079139467,28.228995358951817,0.07112597093528095
1891-05-16 12:00:00,26.454821973198474,26.413368259781937,26.714669443122666,27.000667995971536,20.85836976761331,19.805618328013658,23.60733143606114,23.101820567744458,13.011347057137083,23.728997276858703,26.630287267953722,24.265041549534747,26.147622804781157,-1.8825812552464107,28.239746381716877,27.956307166421347,27.921913717998056,0.2834392152955303
1891-06-16 00:00:00,25.01513820294087,25.314753009350962,26.301560988102466,27.094650490624254,21.705098610387658,20.516324458797726,24.045417890344986,23.68224333557433,11.254593225864124,24.205738253985647,25.875718232900148,24.804915664194937,25.119981432515253,-0.3150657683203164,27.435976003436686,27.879510462769613,27.075063854704748,-0.4435344593329269
1891-07-16 12:00:00,24.230897247653516,24.049010332344043,25.211803937845236,26.581648962172054,22.33638894608125,21.101873733066174,24.51380514014943,24.31879099594747,10.132876832286856,24.602554034467477,25.16497972519351,25.270982440845703,24.090142025766443,1.1808404150792597,26.694322169964465,27.694436405692617,26.438835428151727,-1.0001142357281516
1891-08-16 12:00:00,23.46062471143494,22.97244738430711,23.68634379364872,25.728138659686838,22.87609496021987,21.6221847435343,24.923143528782706,24.789446388355646,9.523763203849239,24.92018195549973,24.721698552825647,25.57082965026402,23.39658381087754,2.1742458393864794,26.534227375921134,27.51440310382344,26.342511700722074,-0.9801757279023064
1891-09-16 00:00:00,23.138596576567043,22.757573290578847,22.863934705767473,25.05630832527639,23.18069846036403,21.922975197519854,25.260721906413302,25.23357093539502,9.756342872886783,25.21557974717628,24.720657383188698,25.91905620804092,23.318976193679813,2.600080014361108,26.688010736906055,27.6519582991984,26.598269307330018,-0.963947562292347
1891-10-16 12:00:00,23.69611479855995,23.42851406829254,23.089077384803826,24.762261543978042,23.02045495137107,21.838353082976575,25.219106451833454,25.25353890409608,10.796026186147055,25.195863021550174,25.13592000975911,25.949368387046558,23.888495220853482,2.060873166193076,26.865626028034768,27.87096480520417,26.88610330583042,-1.0053387771694027
1891-11-16 00:00:00,24.369887896012777,24.222153668057246,23.723083026106515,24.84329845113549,22.307770407025682,21.217835433455097,24.75160396547951,24.60928624853587,12.410369266969674,24.69645792547704,25.686102153042327,25.36777646014573,24.61371714323791,0.7540593169078207,26.879933495616218,27.778906072524894,26.888761604725048,-0.898972576908676
1891-12-16 12:00:00,24.684996522206667,24.410320805393113,24.07921153679837,25.216270192517342,21.356521434617363,20.323885521399188,24.045064005306006,23.732733887063095,13.96670817252322,23.96908418268121,26.114931172976984,24.600178902866766,25.314016693647133,-0.7138377907803672,26.761169672062312,27.76632119479755,27.01996016382357,-1.0051515227352361
1892-01-16 12:00:00,25.291542764226175,25.044610959444086,24.541906388909283,25.590448344956762,20.336062665070962,19.389036716382158,23.35463233241936,22.971205038103992,15.359752035541888,23.300224653084786,26.49025644584571,23.97491625962564,25.986025327636312,-2.011109068010672,26.675396947268275,27.808664480698024,27.19603814934505,-1.1332675334297484
1892-02-15 00:00:00,26.037809996315048,25.552325301535298,25.460556757749366,26.05671150195842,19.810716681108815,18.897916890694905,23.050172576133892,22.62684844895161,16.30525931611377,23.03640053501212,26.85179632155146,23.74150851889445,26.64552386114762,-2.904015342253171,26.963746645697,27.871787623678394,27.468515790538834,-0.9080409779813934
1892-03-16 12:00:00,26.424806205045442,26.066259278804853,26.093315839625312,26.46119690936228,19.702533389329023,18.824109866734858,23.083503673729027,22.554324129844886,15.938710955933344,23.06935878075602,27.155751500858578,23.7104723332409,27.00807012275733,-3.2975977895164306,27.54467037310064,28.019745262369437,27.881415470316345,-0.4750748892687966
1892-04-16 00:00:00,26.781562018205356,26.750360703411477,26.660441228099543,26.676902294143012,20.132060005062225,19.135181841259385,23.28789251900062,22.649045205345214,14.79159649996952,23.3011390164806,27.14552290848705,23.814012791604043,26.829357849024706,-3.0153450574206637,28.18387131500552,28.016733169988292,28.23835958585529,0.16713814501722624
1892-05-16 12:00:00,26.49284854418318,26.47162385746284,26.81185323739591,27.166249028164962,20.897826943371957,19.72093436307642,23.62056863332897,22.97700859815576,13.139779248798515,23.673816683799433,26.697314983536103,24.12498637540976,26.138674348187866,-2.0136879727781043,28.332719603194683,27.867742482011433,28.071217093978174,0.4649771211832494
1892-06-16 00:00:00,24.86588524125139,25.153410161950486,26.22658814087478,27.21311893795347,21.767424157347385,20.455094640873302,24.072337278749075,23.596033412929057,11.427714003231843,24.18751710206993,25.899899153056577,24.724496786578648,25.102882699313078,-0.37838591273443,27.491758061804223,27.813572076522433,27.12103352388983,-0.3218140147182105
1892-07-16 12:00:00,23.82656727247123,23.616742683232694,24.852933266956043,26.49200500427782,22.52035342704597,21.23181652525442,24.56895878361825,24.291726806118337,10.413072738877068,24.652918878705037,25.131492227973535,25.25879587055129,24.11934060591519,1.1394552646360978,26.754528972525684,27.525852672072634,26.47445509178209,-0.7713236995469508
1892-08-16 12:00:00,23.354810695388306,22.523289027513655,23.168896718127673,25.431887232334077,23.03282581109541,21.753287793586942,25.00697330975312,24.80564064480864,9.908942336393872,24.998237947871544,24.689774059493374,25.599732479934477,23.38216314267692,2.217569337257558,26.632495789807617,27.34538890583773,26.445526949593077,-0.7128931160301129
1892-09-16 00:00:00,23.329966728287296,22.597063474014064,22.43348122485397,24.603052773508125,23.235640465696843,21.952428015365484,25.336430090493312,25.25110279470979,9.971963361434732,25.269256205717337,24.701521001242316,25.93180463264147,23.26665852503119,2.66514610761028,26.78737573746907,27.4676679902404,26.67735041826759,-0.6802922527713307
1892-10-16 12:00:00,23.878010392880174,23.20500681968545,22.70589041538386,24.298099001661388,23.077648866002946,21.880762560230057,25.291916632051603,25.25405915233273,10.925428635046249,25.25820492876783,25.089774102157946,25.956527101034627,23.796250906974766,2.160276194059861,27.049939934239557,27.777455009376915,27.09651224140349,-0.727515075137358
1892-11-16 00:00:00,24.373259155293624,23.737004833256165,23.274772189381522,24.45066077698547,22.369751479633013,21.274766699750565,24.813226267976958,24.611471771222618,12.344921701320567,24.71321974134498,25.60340738776277,25.358821351844256,24.54763949437153,0.8111818574727252,27.098167013171587,27.819682857140528,27.100161996584312,-0.7215158439689411
1892-12-16 12:00:00,24.703737868759955,24.021755224379042,23.598803080112596,24.640061010091365,21.35200900716854,20.30522600413778,24.112769353332475,23.800761422949016,14.083998693472612,24.001105879137615,26.02578860386499,24.65466087574001,25.359838897234905,-0.7051780214948948,26.949626835689738,27.777037818287226,27.23789137518048,-0.8274109825974882
1893-01-16 12:00:00,25.226561957293132,24.6238659025263,24.066447701700103,25.07797957895197,20.44743813978592,19.448235545690036,23.423134690502415,23.06234087104662,15.547195296923627,23.362044561067037,26.417460342446272,24.03977154663948,26.094419235842732,-2.0546476892032537,26.681414983175475,27.87619962085814,27.23822557453,-1.194784637682666
1893-02-15 00:00:00,26.046187879067556,25.444160029207215,25.287381534142234,25.555464815499796,19.906682221440597,19.005548782332486,23.040441925442128,22.680242682200717,16.258443658866902,23.057789662770823,26.817732983377105,23.77551941630344,26.64111000799038,-2.865590591686942,26.851618305905358,28.0064007465485,27.396043808984196,-1.1547824406431424
1893-03-16 12:00:00,26.39869288376488,25.864730610047943,25.870531986822023,26.05989607799118,19.728072897937597,18.863954717630527,23.02030536497063,22.600843594350856,16.113404603804742,23.060055817030147,27.06115071878872,23.77258884783356,26.96926968778234,-3.1966808399487796,27.483360310242038,28.013792218374416,27.814364394229315,-0.5304319081323783
1893-04-16 00:00:00,26.455433028132994,26.3527643784295,26.254197414792966,26.393567400630094,20.047460076965194,19.088474160162612,23.231579707927096,22.711501686966187,14.838391988957635,23.266365165819668,27.04119879999795,23.904656388688153,26.80317891323349,-2.8985225245453385,28.11819732763763,27.986284284021227,28.231676235058096,0.13191304361640377
1893-05-16 12:00:00,25.685736539184393,26.08594209801673,26.56446275496801,26.78524655875051,20.797487509763467,19.64623862082726,23.51397925825093,22.96794289860548,13.009419061891585,23.5957912072832,26.561468537355953,24.160644381540397,26.05590778808613,-1.8952634065457339,28.209550386731596,27.91693344226288,27.970150897548514,0.29261694446871545
1893-06-16 00:00:00,24.317413529605133,24.74667211318471,25.948139695423713,26.847553775505038,21.806352838683967,20.493951032378572,23.974352472374694,23.554935063710353,11.354146417346179,24.12025578982748,25.784445079858838,24.697621945702448,25.049465790272755,-0.3518438445703076,27.529035218057665,27.85970014244825,27.16696515777847,-0.3306649243905859
1893-07-16 12:00:00,23.460268520238635,23.218714308205467,24.54981778574415,26.278682481840285,22.496256951266624,21.200144962979568,24.46959567627312,24.217110018122927,10.264032481548165,24.563547508958415,25.041972475341474,25.180106413622685,24.00162674322731,1.178479670395376,26.728680954219552,27.643609072231197,26.433660913893462,-0.9149281180116446
1893-08-16 12:00:00,22.97536719624152,22.453820166318597,23.103343822954148,25.392883505465637,23.022188803599473,21.769171941967983,24.935178184502814,24.782945280097266,9.801957810875301,24.93972594228233,24.618002873301933,25.560206351474488,23.314977169476027,2.245229181998461,26.53041624330107,27.474528419234865,26.316600570180327,-0.944112175933796
1893-09-16 00:00:00,22.965575553832043,22.557079162721358,22.524952190098407,24.66292445909482,23.201332887575248,21.97078587725645,25.35777191627295,25.308256465065163,9.890980236328716,25.279336373521424,24.64737568330772,25.982900937786464,23.277223436772584,2.7056775010138807,26.694138951432453,27.61814695200185,26.60750567266268,-0.9240080005693976
1893-10-16 12:00:00,23.73636415449548,23.242924864493197,22.838137217335937,24.54381478548893,23.096305886017735,21.93727175203767,25.320155894539727,25.31828074687516,10.801557612564718,25.270696875286948,25.07232889542505,26.019234705743806,23.808200879201056,2.2110338265427494,26.963608604904284,27.77727096457703,27.02533176661932,-0.8136623596727475
1893-11-16 00:00:00,24.224265494002058,23.726650457418742,23.352046040509546,24.70480797341492,22.42304087655182,21.39246192753194,24.842439596722645,24.668373715361554,12.163618527542248,24.7742670578146,25.58420143051502,25.424870394672315,24.609096483677458,0.8157739109948565,26.930041659901512,27.82025121852222,26.91100986631747,-0.8902095586207075
1893-12-16 12:00:00,24.534303313847786,24.141514103773584,23.725075471110035,24.88657933155013,21.41265983873483,20.438593188091183,24.169356142500302,23.849587679301905,14.071859198040194,24.081555162296493,26.035365356687045,24.71562489698007,25.34851971184443,-0.6328948148643576,26.78512293273728,27.83095831148365,26.988396388322307,-1.045835378746368
1894-01-16 12:00:00,25.155402664947857,25.01401809975216,24.4102099610412,25.286492519144705,20.54261386284189,19.589558455797423,23.467756665138378,23.065584486475665,15.494047603098542,23.435452544644253,26.449900911739135,24.06511029604364,26.090179004666766,-2.0250687086231274,26.546384495126286,27.867078566057938,26.99265175375879,-1.3206940709316513
1894-02-15 00:00:00,26.022529581812094,25.770663244962883,25.41362031037668,25.715517283748188,20.004598264797,19.058181563918975,23.087093271316753,22.615299964627276,15.943900458572163,23.113732552811175,26.8634151443802,23.76171107225424,26.673076992343677,-2.9113659200894375,26.918477797518317,27.880923991090498,27.389258917005048,-0.9624461935721804
1894-03-16 12:00:00,26.53292179410853,26.393333304111774,26.208560623825978,26.262111810462667,19.99245393551102,19.100053554998595,23.165617529217098,22.630351238532295,15.91148574088675,23.20995726903994,27.15197314980643,23.81545400046718,26.998804877746473,-3.183350877279292,27.579800661333646,28.046368511922662,27.874375831055172,-0.4665678505890156
1894-04-16 00:00:00,26.763848105030476,26.815259376327305,26.719857118064265,26.776604088434105,20.387881155428605,19.381624201575075,23.3497146537422,22.73173146822589,14.70885999797279,23.392744579205914,27.156859780059122,23.911328767604555,26.857515521509587,-2.9461867539050317,28.230326571254047,28.11625153972481,28.2309107967413,0.11407503152923582
1894-05-16 12:00:00,26.33539304172594,26.3353064552568,26.748995105428214,27.142018544705508,21.053752978284976,19.856235421499385,23.63951929596434,23.035359834058205,13.040386859391683,23.72642810691287,26.66461142091335,24.22325484702793,26.112513033697095,-1.8892581866691636,28.304750267544488,28.05614501219739,28.009869400670606,0.24860525534709765
1894-06-16 00:00:00,24.97321821808903,25.044166221905567,26.03616006620165,27.043701680443306,21.894252226984175,20.598325285772756,24.12462032956476,23.734960978569646,11.40446923109049,24.260458787846243,25.878210638296917,24.862399957216173,25.035785039716604,-0.17338508250043105,27.504421068315796,27.940236666758313,27.171859229904765,-0.4358155984425167
1894-07-16 12:00:00,24.203510014753945,23.64379288645324,24.693136783117367,26.36263351672167,22.605095825352787,21.315942078553782,24.665876570391774,24.466228281967375,10.306783618061138,24.726794143876162,25.12373299118583,25.39639515643406,24.086350829496574,1.3100443269374864,26.650681372251405,27.75552759469788,26.411627470031743,-1.1048462224464757
1894-08-16 12:00:00,23.37366937779886,22.736226596615037,23.144111713643976,25.380216998510342,23.203690950598556,21.934328006415797,25.102315553229985,24.925113019806528,9.805901291863345,25.079238240996624,24.67615515225986,25.688613640082565,23.51358930504951,2.1750243350330543,26.514187902802412,27.547871171199894,26.33160513690978,-1.033683268397482
1894-09-16 00:00:00,23.283181633940746,22.842346378463905,22.583101330655825,24.521843625069817,23.459027896252564,22.187083233781404,25.508940337583617,25.45871698856529,10.036636403477965,25.434656261919155,24.686993246353286,26.09731848376252,23.4655198068198,2.631798676942722,26.72507419361578,27.614546648819328,26.660971058294944,-0.8894724552035491
1894-10-16 12:00:00,23.817815501760247,23.69883294327511,23.09130067738758,24.280636592894453,23.363044713066643,22.147771906757228,25.51727728379999,25.549526251700566,11.049063174729161,25.475691693940497,25.091859629070854,26.198139300555273,23.936285362912212,2.2618539376430604,27.030313376907433,27.791812916712306,27.016816941431582,-0.7614995398048734
1894-11-16 00:00:00,24.23518287017241,24.14240501198611,23.63889316231528,24.562664994287427,22.657649181294687,21.539502335429244,24.99327623054528,24.812252748398624,12.65662386879206,24.92608853876824,25.634175266153175,25.536731512140918,24.69715713391297,0.8395743782279474,27.092061027753637,27.8180570231375,27.108858416578435,-0.7259959953838617
1894-12-16 12:00:00,24.527934628387104,24.162113718625864,23.780883078087587,24.878683032868295,21.596725947227302,20.537090475165105,24.249936268658995,23.926982744922814,14.265220668388045,24.19190623269441,26.05233948981948,24.78425106680864,25.474279566907928,-0.6900285000992881,26.884298440237746,27.783943124480917,27.158545496013346,-0.8996446842431709
1895-01-16 12:00:00,25.116608755405522,24.770668305877212,24.15942097927419,25.148736370461137,20.631547844549065,19.61308015605243,23.5030022018691,23.10242268564964,15.42827968470284,23.49122419794005,26.41895763581071,24.10431172438508,26.186446625702946,-2.0821349013178647,26.672565527870418,27.86880705941772,27.167230971512613,-1.196241531547301
1895-02-15 00:00:00,25.847152449606394,25.303212645392406,25.14545791711722,25.543131974234274,20.09591719122577,19.11807623050476,23.14773858519344,22.694665250404125,16.19898358727798,23.171920262473687,26.80228835975359,23.7901003252807,26.705320947082246,-2.915220621801545,27.005332487328864,27.982586748471277,27.486071793273116,-0.9772542611424129
1895-03-16 12:00:00,26.28682825928715,25.85430324744507,25.85220612819907,26.00380712767225,19.97256487660676,19.00759344184175,23.146144364369043,22.62443306264297,15.827927260327414,23.173501212226913,27.082063350433895,23.76193779307542,26.981394193585864,-3.2194564005104453,27.625357118311378,28.1041049470689,27.97619956657873,-0.4787478287575233
1895-04-16 00:00:00,26.560707676770498,26.52729829662845,26.44154390589429,26.51611191714355,20.38599054728101,19.41567513932874,23.4517182710398,22.872440597405145,14.704704548723631,23.488690764997813,27.057365285039186,23.986812296742137,26.8345980506519,-2.8477857539097613,28.192419738326677,28.095209482751144,28.26311897531089,0.09721025557553276
1895-05-16 12:00:00,26.1013597146183,26.4176644712594,26.835673907764882,27.067608331299343,21.014076652521183,19.888992324283027,23.78534297450753,23.215575133713294,13.19514497592332,23.82819636727418,26.62828532767604,24.328200737607464,26.238236580779667,-1.9100358431722029,28.26680940335425,28.023919498271507,27.96616984607027,0.24288990508274466
1895-06-16 00:00:00,25.14640112640493,25.216719130647245,26.16991061728272,26.997326754694935,21.817645334363444,20.571552448642805,24.241294486441625,23.84099787816995,11.623327192687691,24.339860451259703,25.870174057812708,24.93050120937407,25.231491550151873,-0.3009903407778012,27.453900969479992,27.91419127295448,27.138877214269815,-0.46029030347448696
1895-07-16 12:00:00,24.233026067124165,23.874287621390305,24.975606287070256,26.45973879795741,22.48087272150207,21.25095743937394,24.642584388567048,24.36361838798457,10.43199257890151,24.697792284714147,25.143637981169377,25.305630268659158,24.292205514628293,1.013424754030865,26.627278732126637,27.664253941493325,26.3506240195545,-1.0369752093666875
1895-08-16 12:00:00,23.42370708580635,22.65765591778108,23.310417774785098,25.61928251081447,23.050702442833682,21.811506387571917,25.082858312940832,24.891200977008346,9.914151843305156,25.05705781806728,24.707297146759966,25.656783733768037,23.577809040327608,2.078974693440429,26.458130002749243,27.47900017024744,26.25535868848425,-1.0208701674981953
1895-09-16 00:00:00,23.29505931685642,22.648727571385198,22.60123638966239,24.79324865963908,23.276694156535847,22.03684281226337,25.470827476249344,25.40073009941862,10.077649945015121,25.376812677063825,24.72726552739706,26.05014646986463,23.51346727497324,2.536679194891388,26.701048464659294,27.63857204547975,26.620730887337075,-0.9375235808204572
1895-10-16 12:00:00,23.74906144735818,23.4384996368396,23.038345567006168,24.496154064167964,23.126211349522933,21.97168973718057,25.380805033859566,25.352761178846787,10.980442429367757,25.333621290884828,25.1295606809688,26.052563093595467,24.062217036555943,1.990346057039524,27.024504369158585,27.808873362207997,27.056402780043552,-0.7843689930494122
1895-11-16 00:00:00,24.219507444866455,23.90223081194193,23.52742075431911,24.690331990482843,22.492787633650153,21.465427424552594,24.938944833393073,24.769726532029907,12.397944076275541,24.88024048956866,25.639849364255685,25.518317220504883,24.815087803541367,0.7032294169635165,27.041313306613304,27.754535885530156,27.115417536416842,-0.7132225789168523
1895-12-16 12:00:00,24.50938449891998,24.047431727310485,23.62978336160533,24.95192389467609,21.467901962438283,20.52411582139817,24.25322085408418,23.941086062710376,14.17616337706102,24.193415992662942,26.04482046176913,24.788782480278428,25.595154498074585,-0.8063720177961571,26.920167367634715,27.73981679873798,27.188381913056038,-0.8196494311032652
1896-01-16 12:00:00,25.102325468927148,24.734340563651653,24.20802147526408,25.4587457042583,20.551918858168495,19.5858098007416,23.51541344735844,23.099359959530272,15.443963124847283,23.4970693464135,26.465961076367677,24.114918431313058,26.27596767608626,-2.161049244773203,26.7154223382118,27.926591250628373,27.263740762030853,-1.211168912416575
1896-02-15 00:00:00,25.857797028860148,25.57571221697102,25.23986533120261,25.775008093211323,20.063485910671513,19.123722496066254,23.145796243636145,22.661304891175856,16.006777023986032,23.170310296501437,26.839861272969447,23.7872118149603,26.767768668152417,-2.980556853192116,27.00084900966152,27.961962509753825,27.479981265741987,-0.9611135000923063
1896-03-16 12:00:00,26.418819775038006,26.13206388658733,26.044972340688247,26.228307339779413,19.95188646828709,19.091418373030415,23.181998714317935,22.66031742613689,15.932301104840187,23.220763739915434,27.11980579850648,23.817311875017136,27.016360453109016,-3.1990485780918796,27.68794012946978,28.05303526307465,28.032811297065283,-0.36509513360487134
1896-04-16 00:00:00,26.489022530429747,26.51691055403657,26.422588071407223,26.638290755052047,20.31768047174914,19.401943632911227,23.43934622818123,22.878237206059694,14.740234585817646,23.479736781531784,27.08156845925814,24.018343501311673,26.872455076837344,-2.854111575525671,28.24731568552157,28.06065472619088,28.253414833226525,0.18666095933069116
1896-05-16 12:00:00,26.23166815346658,26.390536850459522,26.601087840486848,26.93542637056053,21.029038754342682,19.92247058616784,23.76012044367088,23.20460732420034,13.132295469359743,23.834161963119886,26.6177586193024,24.34646342136884,26.18599820193608,-1.8395347805672415,28.181858398021323,27.99406107965135,27.82032924472272,0.1877973183699737
1896-06-16 00:00:00,24.86156435608442,25.091017523384266,26.08143633360513,26.972285715947688,21.917695663080163,20.65936092658859,24.187299194504938,23.77098882725459,11.584159795254532,24.304703429134864,25.851200376058028,24.87696152102342,25.19893129232099,-0.3219697712975673,27.399742507738747,27.913624628899715,27.079715799191348,-0.5138821211609681
1896-07-16 12:00:00,24.098381298408217,23.679024342879522,24.7829261920546,26.4350082340647,22.613674244422363,21.34514252612776,24.637118440379105,24.378359686298687,10.471507002863662,24.707350501648932,25.126307396969228,25.320093764268012,24.20371694924199,1.1163768150260225,26.762220584644204,27.639951727548567,26.50765167101702,-0.8777311429043628
1896-08-16 12:00:00,23.357365568633057,22.75639063643758,23.285907613681566,25.462123725710185,23.233146432512715,21.979338694339642,25.044924733532703,24.84689547229252,10.121081232007123,25.062224019100306,24.686687070436538,25.641906651079324,23.478418423398814,2.16348822768051,26.64357924786347,27.34502225389296,26.45729143114386,-0.7014430060294892
1896-09-16 00:00:00,23.158432157031996,22.6884850746815,22.600829435634083,24.650964811320552,23.5150859802371,22.273397917473776,25.46528911666338,25.39847574468545,10.303275561502954,25.420367742518245,24.69443474896072,26.06572586297534,23.371871578989293,2.693854283986049,26.81780771326943,27.46779832017858,26.709611505685267,-0.6499906069091494
1896-10-16 12:00:00,23.75501451250344,23.308748134420096,22.844371392344428,24.360935934311524,23.39856849741332,22.197905517114634,25.428516905457773,25.41667924996854,11.14335535024221,25.42261719449314,25.085305927078515,26.09621515517872,23.94821180400388,2.1480033511748395,27.060167668997188,27.717463761683952,27.0596187684741,-0.6572960926867637
1896-11-16 00:00:00,24.33988980242319,23.88290818353985,23.39609960687647,24.531015451531918,22.74865900075113,21.610237270758716,24.99086317782948,24.8281043247282,12.70378280541899,24.95696402262852,25.63068676953634,25.55181978095474,24.67459774733949,0.8772220336152508,27.17065740577775,27.77523579005749,27.19064292940593,-0.6045783842797405
1896-12-16 12:00:00,24.81725308258787,24.083805331997482,23.63010171355604,24.903141871048703,21.68148415180354,20.581369117031212,24.28093014949085,23.975497461676497,14.466734849682155,24.223672011234292,26.062678792394546,24.806231294081428,25.365905442770273,-0.5596741486888455,27.002132056033698,27.827446686342036,27.252394546575676,-0.8253146303083376
1897-01-16 12:00:00,25.45375197476284,24.88094821050475,24.327560472892003,25.391092966270154,20.764425821015507,19.7089952106937,23.543126900271083,23.137126528119214,16.000433381379786,23.526921188776775,26.460720129874478,24.103927568798102,26.130102302249945,-2.0261747334518425,26.733944062073512,27.943694695162566,27.194720619203387,-1.2097506330890546
1897-02-15 00:00:00,26.008925651168052,25.61509387497778,25.408374719203973,25.803461038144523,20.21615048603,19.165010735728263,23.14150556072812,22.66591489867164,16.5345407278017,23.179971730706256,26.83721986267154,23.77014051892642,26.737680218021616,-2.9675396990951945,26.98569312200592,28.00944151156383,27.493388825383853,-1.023748389557909
1897-03-16 12:00:00,26.389340029141923,26.141702417395816,26.07598432167284,26.334949897538866,20.094299135188695,19.104692974647385,23.156954933256852,22.631197407623347,16.35737571144611,23.22256186367045,27.09934906619133,23.79638194924761,26.98392139908131,-3.1875394498337,27.540652840345096,28.05517180272066,27.86444664007913,-0.5145189623755648
1897-04-16 00:00:00,26.444184964972916,26.708314890742116,26.6089507682579,26.814999471347264,20.40916580209236,19.40874129588179,23.38413409640739,22.802066700814954,15.213356406033652,23.456403820603917,27.099273308561845,23.96022305352615,26.888449308193692,-2.9282262546675426,28.20827336564744,28.110504108912835,28.24487778246657,0.09776925673460468
1897-05-16 12:00:00,25.963575655056697,26.24127835553664,26.792314028080337,27.189431381994204,21.117727677772105,20.00102118269188,23.743724484125618,23.156580712776606,13.439646367293202,23.841910172096508,26.637213484771717,24.306064675466203,26.160911243116537,-1.854846567650334,28.338685119626962,27.944221376978756,28.055979671820783,0.39446374264820605
1897-06-16 00:00:00,24.68724785365332,24.98694215812045,26.109822216239614,27.10895142278794,21.977667711865873,20.6842145724081,24.25628304546931,23.872209424745172,11.683348770023803,24.37927521600757,25.882230878355585,24.964203551397603,25.18127655534569,-0.21707300394808726,27.492027804556077,27.897785981358364,27.195870012794813,-0.4057581768022871
1897-07-16 12:00:00,24.254590591741827,23.801704767994917,24.943075875172827,26.408970748563153,22.641378622332645,21.29054930881964,24.69372708889697,24.44276809837457,10.389879422903272,24.743633259618896,25.17077510317185,25.356706423461098,24.22240200511481,1.1343044183462894,26.736853605844875,27.656486578237306,26.460040738419693,-0.9196329723924315
1897-08-16 12:00:00,23.346021894439566,22.797900784291627,23.29498585771159,25.470986752292294,23.175855971242203,21.79534437466239,25.102403549525228,24.903634126952525,9.796647261241578,25.073667560604605,24.721682560987205,25.66037480009196,23.523505112933222,2.1368696871587396,26.62275661121481,27.485915718018322,26.39817438087702,-0.8631591068035114
1897-09-16 00:00:00,23.52233770810722,22.86824640889349,22.61053300349452,24.68164120196382,23.405634856357544,22.056782307201896,25.476764647093894,25.413098214233752,9.930812306288631,25.398636712784924,24.742918275705236,26.066782717978217,23.376632471253203,2.6901502467250147,26.80297498528845,27.550140552188967,26.687382888618522,-0.7471655669005166
1897-10-16 12:00:00,24.06020422470993,23.56574220250939,23.08197401650059,24.559684566553443,23.30489976987922,22.03644893911894,25.404079229362473,25.413253258106575,10.855576528215478,25.3782353913694,25.15543273650764,26.078512753463595,23.903936654286728,2.1745760991768677,27.04084003687756,27.808094323534846,27.061477596195548,-0.767254286657284
1897-11-16 00:00:00,24.378307638672883,24.008408488835883,23.56220745744526,24.774829629018004,22.633207447137696,21.49927724449959,24.935455374918945,24.77527139928802,12.301568321598596,24.89021612720106,25.6707752243625,25.495506499740728,24.652042362014875,0.8434641377258529,27.13752987861407,27.857663195561262,27.220000387751234,-0.7201333169471908
1897-12-16 12:00:00,24.83144365266789,24.29775724403341,23.69994687639149,24.93075847002426,21.604751285231018,20.531429195079287,24.23369680062524,23.91804313211665,14.172295323779972,24.194170083677598,26.102419706054818,24.75276662156088,25.288731918075992,-0.535965296515112,26.966866581763156,27.837630693112875,27.20503864423699,-0.8707641113497182
1898-01-16 12:00:00,25.573627870410164,24.985992761372117,24.50913399687289,25.47711647510259,20.634783835547356,19.597902961324458,23.537716213591004,23.12740186607364,15.323790711042623,23.520483102192607,26.526110946714976,24.0942121044425,26.05439791659945,-1.960185812156947,26.72421308158366,27.941086447703793,27.202984894875858,-1.216873366120133
1898-02-15 00:00:00,26.146524344424215,25.521068639676454,25.5001677154867,25.951596161383833,20.077102012470473,19.061550741816866,23.14693974391462,22.677679958541546,15.930441180029858,23.17955596368098,26.9190619861116,23.77923192423452,26.62165254701023,-2.842420622775709,26.94731692686423,28.110937149274584,27.419136143040593,-1.163620222410355
1898-03-16 12:00:00,26.577273144933763,26.12012915768669,26.039689478120334,26.245358393915343,19.971986224466363,18.99886636757454,23.161138278926355,22.64728519597532,15.902573663957252,23.214818276160475,27.175589761454685,23.799394613971433,26.887238205809496,-3.0878435918380625,27.554909563094732,28.202619113088915,27.864082508999928,-0.6477095499941825
1898-04-16 00:00:00,26.522151375317442,26.638945048036877,26.425961039906934,26.541080418213223,20.422635387664407,19.402335025061518,23.451631514558613,22.847632128206527,14.82796125846545,23.51078392719489,27.12068613778465,24.001231390906778,26.836505649168323,-2.8352742582615456,28.188837089595307,28.04945781907765,28.277956837660223,0.13937927051765797
1898-05-16 12:00:00,26.045558318661776,26.350409446489714,26.661408838663373,26.94497674641567,21.136790103771848,19.965570111152815,23.777562995699615,23.20782939314735,12.994688363930536,23.886609627419432,26.65686986535031,24.37240067355126,26.164146055391477,-1.7917453818402151,28.29816500717977,27.978020313889186,28.060311866053897,0.32014469329058315
1898-06-16 00:00:00,24.972885077635386,25.060848873984327,25.965518999630728,26.88324483403858,21.95458118128101,20.639848934805325,24.252829400579508,23.870279663990814,11.435070751555058,24.381488953733264,25.865849799274578,24.967461771608335,24.992944670912728,-0.02548289930439296,27.505936712419672,27.89562010700434,27.266998947638896,-0.3896833945846687
1898-07-16 12:00:00,24.16786097569499,23.7053790453063,24.750875309838015,26.364926821314356,22.54886869245041,21.229276965139974,24.675594982453692,24.44262929919881,10.392702695882598,24.73089413683621,25.13470609345602,25.35685481963265,24.053527980298043,1.3033268393346091,26.768214584953633,27.674669363141444,26.559655957548237,-0.9064547781878112
1898-08-16 12:00:00,23.20828549713606,22.63160323397659,23.106637183608385,25.40885835925714,23.093119152898804,21.768130882093487,25.06339837012125,24.909571843654877,9.83647334164951,25.037303771676545,24.694431239341732,25.635000277712226,23.28915347778083,2.3458467999313974,26.62747643790439,27.554878381707926,26.44362048290835,-0.9274019438035346
1898-09-16 00:00:00,23.20877248661911,22.660712236361192,22.51784336877098,24.59338967829411,23.291508198310154,22.01643541592387,25.449153590479423,25.419625257543117,10.0744070724151,25.35109626041492,24.729453697091525,26.03441616663727,23.196401160811444,2.8380150058258273,26.75786549576961,27.663716853552888,26.696414740772504,-0.905851357783277
1898-10-16 12:00:00,23.732220365154582,23.466834960982467,22.970825214928592,24.448250395646124,23.179698857448706,21.959118210567468,25.39772515070189,25.408607730677677,11.086500845848612,25.352025905816546,25.14621449564594,26.080490779732802,23.766936418918885,2.3135543608139173,27.04219221228847,27.793392622396592,27.097932621456174,-0.7512004101081224
1898-11-16 00:00:00,24.384093462147206,23.960388143449222,23.473890398445555,24.60491329121837,22.42907652144455,21.24936367374904,24.89701670904652,24.7064435889237,12.633357269651512,24.812549607861815,25.66047980152079,25.448211339886377,24.540610666022953,0.9076006738634241,27.108137631924187,27.810413189873497,27.181975468855388,-0.7022755579493101
1898-12-16 12:00:00,24.78734298421463,24.12308256401558,23.610235817706112,24.859957175176195,21.35456248639022,20.181775738038,24.15654243008189,23.850517488236335,14.161520797992223,24.05811662704966,26.087298147726433,24.713083459886306,25.275847419194182,-0.5627639593078761,26.93630251635383,27.752791369321624,27.187249582230663,-0.8164888529677938
1899-01-16 12:00:00,25.44798486865485,24.945119470839188,24.449352214100564,25.383683605463762,20.49384367738454,19.35897749344077,23.490307556949407,23.11815582838321,15.388610270652695,23.444590998960443,26.518636862366712,24.116939218306936,25.992351043291116,-1.8754118249841802,26.70718785149665,27.98544163517463,27.21444226529236,-1.2782537836779824
1899-02-15 00:00:00,26.197852382709552,25.693128309691588,25.42289464064302,25.85876908299051,20.03919574142086,18.949652043344976,23.111852998152763,22.710967574151624,16.147054732679155,23.143628717514062,26.911625233509962,23.818292792170876,26.556284435600556,-2.7379916434296803,26.964029974019958,27.991723783621524,27.48963093012037,-1.0276938096015655
1899-03-16 12:00:00,26.570938221945934,26.361178353078685,26.176473696648888,26.33242108817923,19.97403773072074,18.914082431846758,23.137242576118282,22.626634176497888,16.113078026348035,23.185835474314445,27.202151115421422,23.79893758625359,26.866480769116293,-3.0675431828627033,27.56108982225115,28.181999610230122,27.878681139946597,-0.6209097879789702
1899-04-16 00:00:00,26.808589106425682,26.79537658678474,26.718930941128562,26.839781629991467,20.327245959185966,19.239259476863353,23.409750415951294,22.88906219690873,14.69096742197931,23.48285023040255,27.205860193499575,24.062833615964433,26.78273369706011,-2.719900081095677,28.179785387452522,28.125288496387984,28.251578491181135,0.05449689106453803
1899-05-16 12:00:00,26.447390809962787,26.504299565966107,26.85959170758534,27.243463018746066,20.940806413189662,19.74332005349101,23.7464690711385,23.227914746209272,12.9195604552004,23.846733257518643,26.765068591389785,24.418147576851798,26.087462580488722,-1.6693150036369246,28.32815016849753,27.95930675704158,28.026126243595645,0.36884341145594846
1899-06-16 00:00:00,25.10295604394553,25.340847182435652,26.254398833905935,27.163545217918934,21.71896663250054,20.417379936873566,24.20629308557766,23.848466360087436,11.336338396425564,24.32718118286048,25.982990779925583,24.9801792274983,25.04510408479545,-0.06492485729715014,27.599224416375737,27.899630203875684,27.19700515766664,-0.3004057874999475
1899-07-16 12:00:00,24.312961179044596,24.033564206417694,25.138540998759208,26.619085369846214,22.347603287187162,21.084310389029923,24.672791619631564,24.48116138305329,10.145499452442554,24.709660003701526,25.25194069120985,25.40540605354082,24.029198696681373,1.376207356859446,26.719170356443893,27.697240864205522,26.43612883280407,-0.978070507761629
1899-08-16 12:00:00,23.550515228176224,22.97848172236891,23.49286508364144,25.62232686042644,22.915043782161582,21.683720021454384,25.065953773979935,24.94207561827999,9.672722720330386,25.031180963853306,24.800609016486593,25.68575732924158,23.333599985755964,2.352157343485615,26.538466362232533,27.4906546842374,26.341101400220463,-0.952188322004865
1899-09-16 00:00:00,23.527118344294475,22.932953084553006,22.686455711407564,24.731706443472437,23.239409113411163,22.01165565813254,25.450724227902885,25.42266464832608,9.994008670650642,25.362017297993894,24.809047921519614,26.08029031007063,23.283227105504753,2.7970632045658768,26.761054569069604,27.640624674093953,26.668263472628706,-0.8795701050243494
1899-10-16 12:00:00,23.839660096614836,23.656195290452597,23.2630718188255,24.67674560500206,23.155109743030884,21.981877800068503,25.415410778179236,25.43525645302971,10.866375883858801,25.365048138916666,25.21818083320534,26.120166375600704,23.848923012503644,2.27124336309706,27.114176046600353,27.84011628518042,27.131964420234127,-0.7259402385800691
1899-11-16 00:00:00,24.570205577883986,24.27500746431294,23.838624326013715,24.894125046000607,22.418975713097062,21.247890943814667,24.96215968963364,24.763716426570717,12.378719458535992,24.84703250136331,25.752835420439823,25.507382633742612,24.620034493023294,0.8873481407193182,27.205051587285883,27.863087116868506,27.251271060356796,-0.658035529582623
1899-12-16 12:00:00,24.701043597487555,24.450290764807008,24.21551737167423,25.232706768098996,21.405167270290686,20.26841064131681,24.224230451435997,23.880962302360768,14.324438160476403,24.104993421415074,26.191463891637106,24.745118568037448,25.336444567392373,-0.5913259993549254,27.076732850447534,27.848735513307876,27.393942704253693,-0.7720026628603414
1900-01-16 12:00:00,25.45108839181439,24.902934978222966,24.511263964145677,25.668886268053708,20.549925117719194,19.444113480385226,23.534316273521025,23.11380469123193,15.729879342253254,23.4726692191804,26.58411350295568,24.111194648225286,26.05569723220456,-1.9445025839792756,26.874665364605153,27.901043512589624,27.38804793969108,-1.0263781479844702
1900-02-15 00:00:00,26.19663416948518,25.5915686078036,25.417780871840193,26.052851167784564,20.028191643674113,18.96845696885512,23.188763186271892,22.706694791548127,16.062344213306904,23.178147092876863,26.946424666042308,23.82899501772645,26.592565101528926,-2.7635700838024775,27.055621468324,28.05975692050324,27.606253808407253,-1.0041354521792414
1900-03-16 12:00:00,26.660290215257493,26.320731557974852,26.337641935281884,26.504908318451854,20.007848456543716,19.04523880244612,23.21752557031464,22.659882904229747,15.913846576455988,23.247616249927916,27.22901047225445,23.819155539047564,26.957255026654124,-3.13809948760656,27.64679038389981,28.148755331872213,28.00668946173908,-0.5019649479724038
1900-04-16 00:00:00,26.858923451676183,26.817305796276685,26.82482581322759,26.970808686560115,20.292621158774917,19.302120426230708,23.392397573568424,22.802333031356724,14.883462887550563,23.4455832099442,27.212930529471762,23.97037055427074,26.838551395632138,-2.868180841361397,28.21716258572445,28.20869615152225,28.277034917427283,0.008466434202198059
1900-05-16 12:00:00,26.3333055046362,26.55561855343827,26.902707108275376,27.232257161843894,20.924159508415308,19.79283973693894,23.70282195694551,23.121305504156783,13.335475709476427,23.792730884276878,26.733493119974927,24.311000877014244,26.141825577631657,-1.8308247006174128,28.30323782392019,28.067758138009857,28.066204981491058,0.23547968591033097
1900-06-16 00:00:00,24.87388576967026,25.26106425020043,26.349611611930406,27.235277251838486,21.697564636295795,20.500993155612772,24.179063679040304,23.81908180225578,11.653272902234724,24.308638549654955,25.93537234574885,24.961323828446513,25.15220947249567,-0.19088564404915687,27.499563396830002,27.91600807760894,27.189247992833746,-0.4164446807789375
1900-07-16 12:00:00,24.160772936125,23.920170973806396,25.019259996089428,26.6310310478467,22.35123100263716,21.1787821651476,24.653124084153788,24.48521758166561,10.417782971086979,24.71579362040695,25.210535668594684,25.433391237216988,24.250160169517507,1.1832310676994808,26.714050365917764,27.67494267465159,26.479616820728037,-0.9608923087338255
1900-08-16 12:00:00,23.370076068497106,22.81774322515854,23.416550615332252,25.58641352870638,22.93845365430802,21.760982161990498,25.04987928402361,24.930198989068185,9.915464334507288,25.028637076538754,24.760958354060794,25.700592692377644,23.603184108833545,2.097408583544098,26.597162470913382,27.527214680775824,26.440175401047174,-0.930052209862442
1900-09-16 00:00:00,22.982057910984846,22.61945914343851,22.687079282423838,24.825701298818668,23.215412494429213,22.02049544375133,25.406640353327177,25.40250687270352,9.97922020201954,25.341900601751735,24.75074352538151,26.064622924014877,23.558088148478745,2.5065347755361316,26.756001379431268,27.656221679022007,26.693286262978365,-0.9002202995907389
1900-10-16 12:00:00,23.745565209950176,23.328440305354462,22.98517091626314,24.665447745064146,23.045313493940842,21.896391840594077,25.288835272982805,25.27919254111231,10.77581840771583,25.255199128267808,25.16281033642608,25.972889687414234,24.10868142139594,1.864208266018295,27.082814233031748,27.804896938384434,27.084707094310065,-0.7220827053526868
1900-11-16 00:00:00,24.37903870239988,23.857346358863634,23.46618353291096,24.88914508670987,22.354240228772333,21.25153069570414,24.83437352551266,24.626154706097388,12.378485291953643,24.7562858320985,25.668241106966427,25.39156527931708,24.822711863137766,0.5688534161793157,27.116607956601502,27.72045579877298,27.07788588723781,-0.6038478421714792
1900-12-16 12:00:00,24.834936165323995,24.16232988755985,23.72161907614826,25.01437576462644,21.374782101614745,20.3321214853376,24.13715438028332,23.84588291723065,14.2657327598712,24.060247545515256,26.09515460213221,24.714923200215132,25.49609280599527,-0.7811696057801392,27.036815725174193,27.690978504205344,27.253945278669228,-0.6541627790311502
1901-01-16 12:00:00,25.41897529822556,24.87441783329678,24.293052530342305,25.374370013658705,20.477544229422016,19.47692818937293,23.461091084914216,23.089027001317604,15.492641834067932,23.42775275177804,26.503560876778923,24.086805964635595,26.17488361147873,-2.0880776468431357,26.760462797862903,27.876507283111565,27.270617705363062,-1.1160444852486613
1901-02-15 00:00:00,26.141628818602832,25.554384944763846,25.28854810254527,25.81173699087267,19.995766194921686,19.001477137123995,23.076685765567145,22.645346827701648,16.19484256010477,23.124250917484865,26.865844327924457,23.770188830324926,26.77839743672046,-3.0082086063955344,27.040794809246936,27.93743453904127,27.579304697719543,-0.8966397297943338
1901-03-16 12:00:00,26.538446066503862,26.275161933119634,26.154804064291366,26.280377406480888,19.875441793789385,18.98046757433837,23.142366295197473,22.670165638184073,15.932820901470405,23.20036348476824,27.15576191854109,23.83304921950049,27.039685216904502,-3.2066359974040104,27.633257229168745,28.0804468096868,27.976781068028224,-0.4471895805180566
1901-04-16 00:00:00,26.788259546693226,26.613478398078353,26.516332274392933,26.71603917041863,20.254582158780416,19.309369770796103,23.362503376350375,22.8523326760111,14.634921621367129,23.43575937389533,27.13510420021152,24.021100433950377,26.892365376057008,-2.871264942106631,28.192709155466204,28.11014306855391,28.202307198971354,0.08256608691229417
1901-05-16 12:00:00,26.144893908272344,26.382427042680835,26.769882281438598,27.10621187701913,20.953602716212867,19.82560470685554,23.69774414392983,23.171360773138137,12.999918236844712,23.79664826594253,26.68054697250403,24.34870962763526,26.22245486770615,-1.8737452400708925,28.273053673013404,27.982822974250777,27.957694198799636,0.2902306987626275
1901-06-16 00:00:00,24.466358652625708,24.99716107055138,26.110673658655106,27.03473554301957,21.7307563920319,20.425307814942705,24.15240834750476,23.76513705629065,11.666327530499576,24.290729718678943,25.88531310242254,24.90949649953413,25.167778324826887,-0.2582818252927588,27.448820723795965,27.925072736530108,27.162992073258696,-0.4762520127341432
1901-07-16 12:00:00,23.772702866740477,23.522887302877432,24.649496123028786,26.277475769496355,22.455417561537203,21.209542089600877,24.583940610015404,24.37118477488386,10.494473042844945,24.673962852623475,25.13539570411112,25.32553302289774,24.203652365170893,1.121880657726848,26.70647493782832,27.60251380692795,26.500152492146714,-0.8960388690996268
1901-08-16 12:00:00,23.073830119001503,22.480330176968796,23.04681168955103,25.24258587323908,23.035457210024777,21.758215162835427,25.013053981243136,24.872149307472935,9.913517066156517,25.013536912391384,24.686604705713215,25.64641352301936,23.469141215625164,2.177272307394194,26.53339749237939,27.42133457006203,26.365506723909103,-0.8879370776826399
1901-09-16 00:00:00,23.09600003239427,22.557801224154787,22.460606702319993,24.501087114995343,23.230127722256263,21.94360458469091,25.39708575021222,25.378688007467783,10.117812329267002,25.32305261711555,24.695501042318277,26.042220049935846,23.352340113108305,2.6898799368275412,26.79131689340748,27.543656880263075,26.715482092411136,-0.7523399868555956
1901-10-16 12:00:00,23.62925370975516,23.25608882426596,22.901269974673077,24.351415772421316,23.097349907822224,21.912726870315616,25.395411213346335,25.46159107042534,11.071727381636862,25.360565108011038,25.105414874893928,26.148209370984798,23.891342786438745,2.256866584546053,27.04823860959352,27.77974037393709,27.08961788463834,-0.7315017643435731
1901-11-16 00:00:00,24.171394228623736,23.74464151466844,23.329763315120278,24.450313309357266,22.348384460967637,21.230951084341147,24.90409494247702,24.800965739155913,12.653109286552978,24.838887762138828,25.614413690127513,25.55284424122434,24.747901766386946,0.804942474837393,27.129841731853514,27.80351606745032,27.208057203721413,-0.6736743355968073
1901-12-16 12:00:00,24.624260513690253,24.04295219059322,23.56763445278329,24.76813902321371,21.337363812669192,20.314437769439323,24.24344778563842,24.016127110292118,14.429793637624863,24.16156221588261,26.03345008305893,24.864005627691807,25.49795836719593,-0.6339527395041245,26.89812338129606,27.82981772949428,27.19480000279942,-0.9316943481982207
1902-01-16 12:00:00,25.41601001535904,24.960650208800732,24.348953433219435,25.29166368646185,20.487266005186672,19.52047787971946,23.553275539508505,23.258455272547614,15.772904886395406,23.513644122366266,26.471224293910247,24.223982662629513,26.14488853837742,-1.9209058757479056,26.67315789652088,27.867660009288098,27.16537639558977,-1.1945021127672177
1902-02-15 00:00:00,26.12020395927592,25.564820505230486,25.411345551714785,25.80327528503604,19.99548866241376,19.086002040415984,23.239303940017294,22.878384852418982,16.54956552661131,23.24797425831966,26.857361566246723,23.946013059017545,26.7437031593771,-2.7976901003595565,26.920266459801486,27.870505024403613,27.380451365764756,-0.9502385646021274
1902-03-16 12:00:00,26.661498474746555,26.26720017141652,26.152969485597666,26.23592890141563,19.916156859285653,19.050009691340232,23.24303024498109,22.7632695485237,16.205509476247876,23.26532044473837,27.14708559626081,23.87604397102499,27.013775287312523,-3.1377313162875318,27.53284866913362,28.061962522261098,27.843634233331244,-0.5291138531274768
1902-04-16 00:00:00,26.785247216672527,26.67161058607425,26.598473427375684,26.696796893618405,20.259392363598277,19.324261137696634,23.502392889879793,22.97006696597536,14.877927213010668,23.515527672375203,27.13206222252762,24.068748541239785,26.90738565105069,-2.838637109810904,28.157120904286323,28.035556929280848,28.213785296524488,0.12156397500547556
1902-05-16 12:00:00,26.235386875126082,26.491088132413314,26.83708184120364,27.179343058578365,20.942358856314634,19.805777921358985,23.765027950717243,23.20377758727063,13.130279414939308,23.815146394636955,26.69018305463231,24.329582061498893,26.1657331277712,-1.8361510662723077,28.30102325840186,27.924868822044463,28.002870506770726,0.3761544363573961
1902-06-16 00:00:00,24.881930109963342,25.32528067595801,26.323250722594953,27.177373186519997,21.80916733157757,20.62496976164857,24.19915545763455,23.81177424626419,11.658993912401467,24.31144901996419,25.948715713174934,24.905711848532622,25.139429890397892,-0.23371804186527,27.57323963850323,27.858009824352493,27.196761444361705,-0.2847701858492613
1902-07-16 12:00:00,23.882029030517973,23.936480413574873,25.133038308646732,26.6114950222821,22.488707015325534,21.29163056388185,24.72370778088081,24.545256530695777,10.394051540412821,24.774492728601338,25.19312026309107,25.45108809454827,24.300622712601704,1.1504653819465638,26.75191481193832,27.666085770048962,26.465411726696082,-0.9141709581106419
1902-08-16 12:00:00,23.371657425747102,22.936717464239333,23.439826136986916,25.57888844850789,23.076571661920145,21.856417714125293,25.15479605768341,25.069960877429878,9.79547575526908,25.137200201284685,24.767497547276548,25.8001707077313,23.703323140334003,2.0968475673972975,26.61544836012179,27.44935024004594,26.447979124625743,-0.8339018799241522
1902-09-16 00:00:00,23.425477955515202,22.913370137935146,22.842134046184007,24.86766836547867,23.198792496371805,21.951721706033858,25.498221189960336,25.49303687069081,9.914381173207316,25.4116919920961,24.802678469916128,26.118602603703557,23.67033730851977,2.4482652951837878,26.883364700406467,27.58718850441708,26.81492944646253,-0.7038238040106144
1902-10-16 12:00:00,23.957708925319835,23.625254328771046,23.25845215602529,24.70623586465239,23.11845510672197,21.958403593017998,25.42596241900746,25.43209207410932,10.957151973107006,25.40165887526247,25.227618007298204,26.106542697787066,24.2268622987945,1.8796803989925657,27.176414157359062,27.81965774615057,27.17294115991768,-0.6432435887915062
1902-11-16 00:00:00,24.44805406698273,24.02275279344996,23.580229507543354,24.760539365842032,22.452297306472598,21.358713474816472,24.953642123698593,24.783880650991723,12.67225828973773,24.888718228193643,25.71029643459472,25.516624121461387,24.936005217174355,0.5806189042870322,27.116251899534543,27.764549406315396,27.184296189848183,-0.6482975067808532
1902-12-16 12:00:00,24.872021469474262,24.10800170478909,23.71043609634451,25.128864684727045,21.33176492006274,20.274028188521438,24.153307708435115,23.807666510300553,14.501085693581576,24.06193493851743,26.134132432320197,24.69378123112054,25.563666088246297,-0.8698848571257578,26.86968440307107,27.830599986389373,27.24185298710379,-0.9609155833183038
1903-01-16 12:00:00,25.349744696070005,24.946628985036117,24.464707261211068,25.604543931011765,20.33933651334221,19.28668995989617,23.30985796250929,22.883796193411992,15.74318229784788,23.261564912054222,26.531992653912003,23.921528097657475,26.299361886884295,-2.3778337892268198,26.58726412483417,27.87506138416354,27.17178987006775,-1.2877972593293698
1903-02-15 00:00:00,26.086994750002606,25.56612806990676,25.38604711504321,25.80500927726599,19.757079619560376,18.77533391113687,22.91816270905509,22.47546055171791,16.24547816948983,22.941511837369355,26.88542066952524,23.635163049280862,26.842003950664072,-3.2068409013832095,26.799104227632636,27.908946714456246,27.38564587861899,-1.1098424868236094
1903-03-16 12:00:00,26.534960385557394,26.175555791443685,26.04456684343208,26.190325364062588,19.642447117387267,18.795631028540203,22.949170140699902,22.49989321275515,16.21214927460622,23.002245923809365,27.137897240082797,23.67367248538572,27.17470027456297,-3.5010277891772503,27.378790856768063,28.05032962488894,27.806216778652193,-0.6715387681208753
1903-04-16 00:00:00,26.75797192056595,26.612915435256387,26.514748429384706,26.63963359595918,19.99244064158829,19.096599396593003,23.20627776271929,22.777801984165205,15.232856532914088,23.284554938765357,27.114344373704146,23.91922198204921,27.01136883087846,-3.092146848829252,28.006738718602094,27.9652708825209,28.110865299737636,0.041467836081192644
1903-05-16 12:00:00,26.14596065826204,26.369010870463196,26.681426970771565,26.950439779462307,20.727037729951327,19.586123827147688,23.48887141743383,23.01352150052315,13.588851118312217,23.595209804565783,26.64083334091078,24.16187577868075,26.306415654000155,-2.1445398753194063,28.15100625977686,27.822675646473463,27.851792328053858,0.32833061330339675
1903-06-16 00:00:00,24.769195376101727,25.110328594934884,26.08497384449722,26.950837549424545,21.575197341664424,20.326782963016473,23.911662811847435,23.534015786360907,11.875316322124668,24.066416752328884,25.85908772933957,24.661227475835712,25.24793270194074,-0.5867052261050283,27.482056831642566,27.710721842184935,27.09327930977742,-0.2286650105423682
1903-07-16 12:00:00,23.803298296351393,23.66357555972146,24.849572128323054,26.40374014475845,22.2467412618094,20.94292550475779,24.38750844519892,24.185094935005704,10.488621839585388,24.49729654854861,25.128880163109184,25.162621678959663,24.292814736314785,0.8698069426448782,26.665643974594303,27.52207116294625,26.4299892797977,-0.8564271883519474
1903-08-16 12:00:00,23.125282849446975,22.697987574067206,23.363231824016033,25.592089834316457,22.742564469885924,21.463615259010776,24.81815435019696,24.720703461389963,9.874851661728718,24.840902382611176,24.691534517340788,25.52484616618403,23.613507215875114,1.9113389503089167,26.451940816249113,27.377922968553456,26.295662804312887,-0.9259821523043428
1903-09-16 00:00:00,23.222322536971454,22.719869976631664,22.61215645923369,24.75376151680052,22.999087701059352,21.729888141227764,25.16938786730386,25.17423232820718,9.982399491428568,25.138160114412045,24.682633673028253,25.888886975476094,23.51588630411692,2.3730006713591756,26.619194136944248,27.48519214898988,26.537147449428055,-0.8659980120456332
1903-10-16 12:00:00,23.68272310532106,23.3257358913836,22.93403308581749,24.491644906844357,22.94007679377841,21.74727497021513,25.135024016406263,25.16405433757722,10.928789066210106,25.143233897560513,25.088384557189684,25.891252876937802,24.00581987418924,1.885433002748563,26.828983253019885,27.757340486384177,26.882215865957317,-0.9283572333642915
1903-11-16 00:00:00,24.12721873936229,23.880191272667286,23.41532939094935,24.67447946624421,22.2187648777831,21.129203825886492,24.679855958514967,24.56305445248935,12.355917820137115,24.659011623612,25.59884045770122,25.339191959532002,24.712159615793112,0.6270323437388896,26.86342798529206,27.72524221314081,26.871944280683415,-0.8618142278487504
1903-12-16 12:00:00,24.545547655285947,24.083262826454902,23.78009313323181,24.98632053387619,21.14733513209444,20.111903253566283,23.9858380902822,23.704184789487982,14.0540788688765,23.924780443164266,26.016478873035922,24.597451625811797,25.423568983700008,-0.8261173578882115,26.72022714996452,27.704467880971304,26.971714652120497,-0.9842407310067856
1904-01-16 12:00:00,25.243328921616975,24.77605167518008,24.334354478525484,25.373103122773284,20.14773741108015,19.136012755666247,23.232453032595327,22.897238670065256,15.429341223671905,23.20902129482731,26.422871811832692,23.930989276552893,26.014843938859634,-2.0838546623067415,26.622861761463113,27.751257988457294,27.106018431251805,-1.1283962269941803
1904-02-15 00:00:00,25.96805657325555,25.17721261344242,25.11083279904737,25.783244926525587,19.614830216407654,18.62007117327904,22.81588747178927,22.405697312081976,16.273697037939865,22.839664279941402,26.767830625431003,23.549431579078917,26.55638396567514,-3.0069523865962218,26.878708603301,27.826218054322254,27.38937832949432,-0.9475094510212543
1904-03-16 12:00:00,26.495843770723162,25.840255832413636,25.80124489819802,26.179830330554573,19.514556220179763,18.59243626963221,22.80740091116659,22.338428589412274,15.84647460803903,22.85596785077095,27.056951783790666,23.514911091623507,26.889545283307623,-3.374634191684116,27.493917781495004,27.935607334010058,27.84905397610616,-0.4416895525150544
1904-04-16 00:00:00,26.674976906548185,26.505339603686494,26.474052090770417,26.600895996828672,19.84072306307599,18.86054024633123,23.008997909973385,22.45389847735013,15.042137305485852,23.05864710040286,27.04173183726482,23.60910587006571,26.688238231277,-3.0791323612112897,28.12676731120254,27.88743501495894,28.21802841728443,0.23933229624359953
1904-05-16 12:00:00,26.118200718199752,26.42000734897724,26.670435553168986,26.966408035533497,20.562648632690433,19.429735255359102,23.335457344979844,22.758646288711503,13.270847447111592,23.418180341694946,26.59773622730313,23.908436651801885,25.994206599028804,-2.085769947226918,28.21712039811608,27.800008884767305,27.925201787392087,0.4171115133487753
1904-06-16 00:00:00,25.102309190042412,25.133300081525128,26.183211455495602,27.041061658906287,21.480029569968032,20.18818068426211,23.867766375058434,23.491270741201486,11.466825763155319,24.001679905548865,25.8214871815213,24.600917408047025,25.04431700972451,-0.44339960167748416,27.335803371379352,27.746007581976546,27.013280279391655,-0.41020421059719325
1904-07-16 12:00:00,23.682119159426865,23.663957811354432,24.97293648521339,26.520632546169566,22.181847346638953,20.918924752868445,24.31460437182923,24.081595975479157,10.418472376427397,24.415731371077907,25.070708019883956,25.059334189531953,24.063818737841192,0.9955154516907605,26.526399390697012,27.516748974909714,26.274640763609156,-0.9903495842127015
1904-08-16 12:00:00,22.943868275921055,22.497503931981562,23.23776601414722,25.567204919340323,22.68462500414022,21.474229848821803,24.790571598382662,24.66650317204705,9.858186712542379,24.804962415485598,24.628703948452742,25.44999625045832,23.455090569767076,1.994905680691243,26.41785782378779,27.390516979920637,26.2546210603965,-0.9726591561328455
1904-09-16 00:00:00,22.905180707415234,22.543747814630603,22.624454492158954,24.785259565955283,22.944153152311646,21.728240477093614,25.16747435797917,25.115704313020796,10.099609890882938,25.124843479099003,24.66156188007956,25.830340962955496,23.43496272431428,2.395378238641218,26.644069246866213,27.538335423341074,26.55653999087266,-0.8942661764748614
1904-10-16 12:00:00,23.642209299222955,23.20917335536433,22.960645263515175,24.60513186474713,22.805537876976732,21.639128662025644,25.11193718917386,25.06936794709066,11.152900077583976,25.092853601060234,25.07868387512205,25.81271804029956,23.954133961209912,1.858584079089649,26.935757219076645,27.70746704589925,26.94336723054781,-0.7717098268226046
1904-11-16 00:00:00,24.258768444078672,23.591000327485137,23.26382143817949,24.701044285407146,22.168767259649496,21.123604470862904,24.69727749081195,24.5170918182546,12.601492799006886,24.648652149976975,25.59839937800165,25.29983780533255,24.664927089335166,0.6349107159973855,27.143066983215643,27.661178830245994,27.202996623123077,-0.518111847030351
1904-12-16 12:00:00,24.551141499890303,23.80879947907438,23.51378995195674,25.030171891614017,21.128104354956587,20.1283217623151,23.993643266764938,23.70282439714534,14.145526975161301,23.932708709011536,26.03345136219426,24.591660540776818,25.39053963289448,-0.7988790921176623,26.89932575573493,27.71521031011022,27.220535999605495,-0.8158845543752875
1905-01-16 12:00:00,25.236421512044757,24.769323461297848,24.329356783517447,25.452335072478714,20.157880137796575,19.166774481913396,23.280463633317222,22.89732096753531,15.9351401304766,23.239128711806796,26.459038164957033,23.92189110577641,26.121059608460424,-2.1991685026840138,26.64924267548734,27.87028169013306,27.145413496619078,-1.2210390146457186
1905-02-15 00:00:00,26.07009255780262,25.513821429556387,25.394915466296826,25.93276870407785,19.59688087105678,18.710074677293555,22.969711824919102,22.557981385573157,16.34399263677179,22.96717613443882,26.838774189881278,23.679344043390937,26.717951513073476,-3.038607469682539,26.958909669664198,27.930273339933326,27.439743541612845,-0.9713636702691275
1905-03-16 12:00:00,26.636687427494106,26.21333340065888,26.168590516528855,26.382782406388007,19.555911867632705,18.73443561245605,23.007991450664075,22.52557752190139,15.971686744578406,23.029291200723122,27.149543256363405,23.702422073917297,27.032023532203983,-3.3296014582866853,27.57685202395094,28.092589463297546,27.900213139446997,-0.515737439346605
1905-04-16 00:00:00,26.904953413799966,26.632205146028394,26.57664494194774,26.755037725322037,20.001600982758077,19.211487878091248,23.342895126701293,22.841640983954587,14.599834815326135,23.384854917691165,27.129442067660506,23.999648430527003,26.871742366119125,-2.8720939355921224,28.087954426675683,28.092955489705624,28.1781181689869,-0.005001063029940411
1905-05-16 12:00:00,26.48724274071239,26.50858944672465,26.71317644266241,27.062620793150582,20.754904268701615,19.7885063486435,23.70384501818647,23.18915188322,13.050648246250425,23.77095732001951,26.66733298812415,24.357982276272036,26.130776115848512,-1.772793839576476,28.281373829082565,27.93984408783992,28.027242576233466,0.34152974124264546
1905-06-16 00:00:00,25.240163559043534,25.27318148633337,26.28245513073291,27.16740763937878,21.593217662122434,20.398656292612408,24.097961392823557,23.678405000826483,11.601505506800951,24.208326283669596,25.922087725539505,24.82960796950223,25.10029372947266,-0.27068575997043,27.601861891616437,27.85294403409681,27.25436273438777,-0.2510821424803744
1905-07-16 12:00:00,24.41734752974075,23.991972963990317,25.01928966223197,26.42950407579808,22.236201603772454,21.004014298237344,24.578696145893037,24.337683252942707,10.396730678583781,24.631259171295678,25.18317389874378,25.31169263459298,24.17304347667184,1.1386491579211402,26.769317997479806,27.616619397214038,26.50005238381019,-0.8473013997342314
1905-08-16 12:00:00,23.70970740605478,22.98921292501012,23.472554245640993,25.547373515610456,22.730705640906653,21.52369743791234,24.920304196155676,24.737858661023623,9.867180371176426,24.905981608726933,24.755304790825924,25.547218248821967,23.56477575085706,1.9824424979649073,26.608067409965628,27.42264078785969,26.439839248187525,-0.8145733778940638
1905-09-16 00:00:00,23.393581478518765,22.998862382528742,22.875755598546824,24.871704147818605,22.933350875850536,21.730417318269446,25.257038366973983,25.202025507635195,10.101138346273471,25.194882505417883,24.77300829638505,25.909076905398997,23.52456063847665,2.384516266922347,26.746475872109322,27.54871346198802,26.67031315642274,-0.8022375898786969
1905-10-16 12:00:00,23.977400935522173,23.70297204142282,23.32241823497572,24.765479378116254,22.826305930466056,21.674902643929595,25.204808235534237,25.192261241845642,10.95449520696797,25.17127643370454,25.195277898426674,25.921957928346632,24.10334032196457,1.8186176063820625,27.035126916211397,27.742415733151635,27.054687604887853,-0.7072888169402383
1905-11-16 00:00:00,24.44525271864512,24.27885299051943,23.97277823578684,24.995757568501837,22.121611139104196,21.035575309967285,24.766408706452257,24.554767288369934,12.454137513636626,24.681690548716414,25.735075742798745,25.357445777783784,24.84308397785742,0.5143617999263626,27.160674347869787,27.752492001707775,27.188043866352505,-0.5918176538379889
1905-12-16 12:00:00,24.873563008666892,24.442271929976453,23.997724870006856,25.15608953849194,21.167279817308202,20.178545272934183,24.048796240035095,23.724580159551376,14.05544841696571,23.944861640171087,26.161855334857794,24.62604453011041,25.576120139621395,-0.9500756095109857,26.954132563616536,27.696345718953275,27.28115441385987,-0.7422131553367386
1906-01-16 12:00:00,25.44631930458391,25.17903627350718,24.628484958084474,25.591945485232813,20.26309067078946,19.35716987625079,23.30599637629874,22.933592816288346,15.400315604556521,23.26222747617698,26.555657758900146,23.960702914839956,26.233431735941544,-2.2727288211015875,26.779297429084178,27.864650564893434,27.33549418879029,-1.0853531358092567
1906-02-15 00:00:00,26.217309923401242,25.69582865318536,25.538141440931337,26.04387657927247,19.686455257073018,18.81199238886572,22.922590817914678,22.511908752263764,16.014112674180193,22.92127998614028,26.92106108487611,23.65937052019949,26.794690706204012,-3.1353201860045203,26.946262509276824,28.02070470013549,27.486917106562316,-1.0744421908586652
1906-03-16 12:00:00,26.68294865293742,26.37776686002825,26.269153008157012,26.476744626652145,19.66888678002666,18.90236100281821,23.045267515137475,22.552922354439975,16.17497379110331,23.05094651526106,27.211983188705364,23.71631211766155,27.093134156650482,-3.3768220389889336,27.57686806718699,28.08490847972448,27.92683378850468,-0.5080404125374898
1906-04-16 00:00:00,27.02225715405091,26.788767454818167,26.72937285400623,26.87707917518603,20.08005280007531,19.24107060939179,23.275623805675735,22.75455133923601,14.675079103593454,23.31202768003781,27.179657058810292,23.89776766370786,26.97525435432964,-3.077486690621779,28.194753483295713,28.046118290266328,28.2639893884068,0.148635193029385
1906-05-16 12:00:00,26.600011272219295,26.517391911396064,26.79667462224653,27.26270272836362,20.812500582050582,19.77245845628483,23.58886509530433,23.078849207276548,13.072825106679318,23.674619437422603,26.708494711483894,24.219436976053263,26.212201297477193,-1.9927643214239303,28.38660511680239,27.937726895738347,28.10919020653688,0.4488782210640423
1906-06-16 00:00:00,25.10729657263314,25.33804173953541,26.36603259366678,27.249498611656964,21.704817254291612,20.522819100513487,24.035986291483425,23.67170083944678,11.473814050004288,24.170446470653985,25.948672417306245,24.779909322943585,25.22200295107168,-0.44209362812809516,27.626107565262732,27.791697148601138,27.30000231730115,-0.1655895833384058
1906-07-16 12:00:00,23.887902731339558,23.927892380112738,25.151681030846568,26.65310745592718,22.3975832845829,21.209466300071337,24.558515335043282,24.383025912113055,10.368434337676838,24.65630544916821,25.191820513363794,25.351598114109002,24.204098158791812,1.1474999553171905,26.830751082037505,27.50394648661001,26.582247350389043,-0.6731954045725033
1906-08-16 12:00:00,23.41804992832354,22.87649878721877,23.482417757894208,25.6642436269201,22.96446605796053,21.79513980058541,25.009702902942458,24.91162231261162,9.8984210024386,25.018568754836544,24.74644636978799,25.685449173767925,23.577517939556063,2.1079312342118612,26.612749273065035,27.35359946262403,26.443882218841335,-0.7408501895589943
1906-09-16 00:00:00,23.536044493865987,22.84268259572572,22.727620464248478,24.821271680007595,23.17593239548973,22.017134440902094,25.391326829577544,25.402447754962385,10.053821804481544,25.319737445395003,24.765711598233466,26.050647456606608,23.572960739629405,2.477686716977203,26.81369783251057,27.448738654576456,26.721924019484657,-0.6350408220658856
1906-10-16 12:00:00,23.895051072487384,23.472582288986235,23.08155216334913,24.60035397488036,23.00898265747217,21.88244079890483,25.287728210037297,25.28391858951401,10.971227228118376,25.24640668475795,25.159539090527343,25.9778531548399,24.11329702781483,1.8645561270250681,27.09862763189604,27.723538554975956,27.11777044803192,-0.6249109230799164
1906-11-16 00:00:00,24.33557676525413,23.93704535612917,23.62598605025112,24.88775860339316,22.382724770834244,21.3364250419709,24.86749591245461,24.66593522396143,12.652459506069745,24.79989932461058,25.694564559792635,25.425965401039402,24.949886076356623,0.4760793246827788,27.205331626479563,27.827284200874846,27.26606367511916,-0.6219525743952836
1906-12-16 12:00:00,24.85274038295176,24.206984281321116,23.836413917383542,25.082704828008065,21.25187750332418,20.270811567721648,24.17195170624034,23.805324464103094,14.45654939701168,24.06076947011898,26.1452388072872,24.69686755957963,25.676500534712883,-0.9796329751332529,27.04723157235354,27.783039118272328,27.357616229912743,-0.7358075459187887
1907-01-16 12:00:00,25.416727747127467,24.846328786000335,24.371883020379432,25.367965840742634,20.259857260907825,19.263402493591492,23.37958458696335,22.95615399428955,15.736740436295031,23.305510322051013,26.53846518040978,23.99934505556799,26.34675246710325,-2.3474074115352614,26.680341283199606,27.910794392911118,27.190179390767394,-1.2304531097115117
1907-02-15 00:00:00,26.165242906076347,25.408417275819183,25.2385852732328,25.718101116579373,19.732080771653774,18.794425978981728,22.961496259889067,22.523764897483257,16.232012011221908,22.96025121168862,26.877183624180052,23.66594794078422,26.860393591565,-3.1944456507807786,26.90350986455139,27.98586233327108,27.402897264052704,-1.0823524687196908
1907-03-16 12:00:00,26.68726402297805,26.00364211478699,25.949807245783944,26.1912548585801,19.659559997218782,18.805966467298976,23.018763577670075,22.594222818732028,16.195971601187658,23.046329826546668,27.18499623355007,23.771887705047153,27.065031426139335,-3.293143721092182,27.586070202881977,28.204165943738086,27.955298596056817,-0.6180957408561092
1907-04-16 00:00:00,26.91727958126476,26.502947901550826,26.344463039682065,26.602626213993194,20.046281318876176,19.13266173596445,23.251392320172517,22.77264284373744,14.962145911219208,23.29682651059061,27.1473503851009,23.950133890485628,26.95320177353848,-3.0030678830528537,28.22225811759829,28.103395455852176,28.288817009595803,0.11886266174611393
1907-05-16 12:00:00,26.41151491687387,26.361561785941788,26.805994397140644,27.082112287470085,20.814634277466638,19.74861432378097,23.58608859252807,23.04842973536479,13.249711448352386,23.657168594720066,26.68028494133586,24.222054890053947,26.305076416782228,-2.083021526728281,28.348093908086533,27.981418168469087,28.04085773028088,0.3666757396174454
1907-06-16 00:00:00,25.159026020903603,25.1089069348138,26.196512781486586,27.144387857030157,21.69123507013593,20.488514325840487,24.06126546057058,23.674975705945574,11.630237915515684,24.179682391772378,25.90840641872812,24.789669179073858,25.319799657755546,-0.5301304786816878,27.448781654849395,27.901001344396924,27.143477782140465,-0.45221968954752967
1907-07-16 12:00:00,23.893672989718294,23.75016354434417,24.945669908126884,26.565647796145086,22.363580090044163,21.166874441636665,24.537015459915175,24.321330519143412,10.447815472012312,24.610472944176554,25.179720490196992,25.283816248657352,24.37295535890445,0.9108608897529038,26.62653759488971,27.730218434239152,26.401923219387648,-1.1036808393494404
1907-08-16 12:00:00,23.08171097160585,22.76426477260751,23.481465402538042,25.73645143110571,22.9719724230735,21.75245121556239,24.970841132554426,24.830210875576608,9.870785066437222,24.980523510823367,24.748451402959944,25.637928421105013,23.682526789185076,1.955401631919937,26.535002314916326,27.523991109817857,26.355165766712453,-0.9889887949015304
1907-09-16 00:00:00,23.50293887769402,22.871238293816937,22.822225948078913,24.919024122851813,23.225553638033034,22.02538807471693,25.36069108571761,25.34025317186544,10.053667984048332,25.31303161804927,24.799270761307227,26.028305657790014,23.622117246603917,2.406188411186097,26.692729881803547,27.63118127651489,26.654560847377272,-0.9384513947113433
1907-10-16 12:00:00,23.968340915658253,23.496963834469685,23.090938931604303,24.6581619147947,23.06816735518116,21.899855975113798,25.32094842419723,25.31800346209709,11.00565742857497,25.29175633052611,25.19248541250646,26.032362946294562,24.13974515820288,1.8926177880916804,27.03424608699783,27.787005743509905,27.048347964441028,-0.752759656512076
1907-11-16 00:00:00,24.34470749514122,23.995871460418833,23.593823484174077,24.85694607251821,22.368936308238926,21.27819904203685,24.894584394666605,24.732313789401594,12.513772681953599,24.82510578281933,25.686875263778777,25.492321108411055,24.850648204540956,0.6416729038700986,27.116276058742606,27.76343564006224,27.10780390175392,-0.6471595813196345
1907-12-16 12:00:00,24.720396017827174,24.18157803956878,23.79261973668829,25.226468906212688,21.305351416469655,20.261345821896256,24.170459964444927,23.86313607274935,14.189109179479106,24.080050814617266,26.150454032566962,24.75751607262678,25.589958367390178,-0.8324422947633998,27.133020660386975,27.870810434011023,27.412766724204726,-0.7377897736240477
1908-01-16 12:00:00,25.460854396855378,24.863242932681327,24.39562251966344,25.711414933806612,20.4079112910496,19.434835285496177,23.441098126427207,23.093816814093998,15.425221599211687,23.410750484791517,26.556454212716233,24.10558710836235,26.21064150224439,-2.105054393882039,26.962331564959694,27.95248076651681,27.510518009576302,-0.9901492015571165
1908-02-15 00:00:00,26.250538073117745,25.68733577354962,25.395015712065053,25.996443049988635,19.96055879869624,19.021262956004154,23.163347018896534,22.76434908309636,15.998321020160217,23.176139941100878,26.90153665855602,23.86546860319844,26.73633769919132,-2.87086909599288,27.060622787169915,27.993400398931694,27.559005821157445,-0.9327776117617788
1908-03-16 12:00:00,26.695311664748992,26.356607750013666,26.298267949478113,26.4199581646142,19.862968472056057,18.947816154874808,23.1672411737104,22.73166373794841,15.954258488074853,23.20839052241092,27.212674789177793,23.893184689742387,27.011864153625595,-3.1186794638832076,27.693351137380876,28.19269774520259,28.025170301387355,-0.4993466078217139
1908-04-16 00:00:00,26.76995870307381,26.784930148869524,26.690517404712136,26.837956415128374,20.23002212293659,19.256589284170616,23.425077721733544,22.942377101523203,14.920834078485296,23.471796738245146,27.187352774683973,24.09868586581095,26.90691237500821,-2.8082265091972616,28.26734154719074,28.150611686485124,28.310284536807973,0.11672986070561464
1908-05-16 12:00:00,26.37265949725437,26.520286110679127,26.886449357520924,27.17753729103379,20.853291725452266,19.68579956780142,23.72521992485004,23.257760070196415,13.39707154536097,23.812526174000503,26.736565748701235,24.43884563770549,26.227240113743974,-1.7883944760384836,28.403800723888835,28.02485229202024,28.158492425487026,0.37894843186859717
1908-06-16 00:00:00,25.2374970907433,25.33716504942094,26.299703633339085,27.11195740456517,21.65309855413982,20.361934403512727,24.16897318562044,23.87104088017705,11.71805448199353,24.301353041891062,25.973080433016918,25.00910463098238,25.127177285839213,-0.1180726548568316,27.637738908247414,27.912334846993907,27.30714646754135,-0.2745959387464936
1908-07-16 12:00:00,23.9899750444497,23.860379969536396,24.970163271895057,26.45226157479448,22.29976295267869,21.06093301774243,24.653077320182206,24.507142039554573,10.44882916221694,24.694596273038307,25.19113319650761,25.44851024323652,24.15668992205514,1.2918203211813797,26.796271675702055,27.61928488922911,26.49858427558926,-0.8230132135270551
1908-08-16 12:00:00,23.248549891746514,22.673001631673454,23.234852187808116,25.4281396856475,22.863677906048085,21.643438037107614,25.082598293114035,25.005287628497893,9.831908765695827,25.030154690756,24.717856709827384,25.74645857894354,23.413035214293494,2.333423364650045,26.602019465176603,27.4362105669219,26.395689417084192,-0.8341911017452972
1908-09-16 00:00:00,23.225010751150695,22.738925087822018,22.530347503039206,24.56762095228756,23.061303634162524,21.86733635924937,25.439634343902483,25.44341188000664,9.967462363484008,25.316376974116146,24.730140728911007,26.078678454546175,23.35191695987163,2.7267614946745447,26.76263523340589,27.50648585009831,26.684227461966408,-0.7438506166924199
1908-10-16 12:00:00,23.90720949021254,23.520047350804035,22.94471788717889,24.380499128236227,22.94032746123466,21.822892908058382,25.362349699396855,25.369276873489884,10.933989042798734,25.266627509799562,25.1497910376088,26.03793823602839,23.869026993308086,2.168911242720302,27.088669379273437,27.806862900040866,27.115093835171553,-0.7181935207674286
1908-11-16 00:00:00,24.3409216355157,24.112978065856865,23.732426142082762,24.767685684006793,22.38722230401625,21.339950163423755,24.872408069580604,24.749535423270498,12.460497203742019,24.78652823112677,25.694437197266726,25.46878654934333,24.630955863108376,0.8378306862349554,27.175640582423934,27.803638480778115,27.18673412299368,-0.627997898354181
1908-12-16 12:00:00,24.795755235898575,24.41476421368441,24.024500511499504,25.055956963172527,21.345396896987236,20.286750111925762,24.101457446554804,23.84984311192814,14.305106176288358,24.011520255997247,26.149063419456407,24.68956402070138,25.365551456191003,-0.675987435489624,26.982383971805724,27.771109369224288,27.249611062762924,-0.7887253974185633
1909-01-16 12:00:00,25.598666239012584,24.9715031862931,24.4931103871792,25.415716755807335,20.432259060956977,19.369577816439104,23.40780200988096,23.055512539527903,15.718778424391035,23.352536469209443,26.54238557789328,24.041909547481417,26.020351623881716,-1.9784420764002988,26.799168622387402,27.855837685203532,27.33697576606151,-1.0566690628161304
1909-02-15 00:00:00,26.175241294024666,25.493950594511823,25.448780729409705,25.94797808214266,19.924603427381236,18.888677945369857,23.129828581563217,22.679569776147446,16.343706145916073,23.113303249102373,26.90978634633746,23.79973738828133,26.62893317752017,-2.8291957892388417,26.995110336265988,27.9683740311231,27.54896052640213,-0.9732636948571134
1909-03-16 12:00:00,26.706983996135968,26.181010289566228,26.202591169485398,26.35416737621897,19.82615024356874,18.83147282713907,23.132057859254186,22.599868123962732,16.07266452399011,23.135816714034377,27.212443999579058,23.78172228530734,26.987918214235886,-3.2061959289285475,27.54345433218677,28.20804605609404,27.89673327056141,-0.6645917239072716
1909-04-16 00:00:00,26.91105802066278,26.623658147683848,26.579595443542804,26.72875683942973,20.148167092352924,19.073914050788524,23.27996400371203,22.686419653796335,15.053003189303038,23.31556194081459,27.17262867147942,23.891723792821587,26.899139320260822,-3.0074155274392353,28.18186869174031,28.167667546626795,28.25548207812521,0.014201145113514002
1909-05-16 12:00:00,26.166275371903474,26.473948817480053,26.904585564947293,27.2003563535843,20.832207607203266,19.568822894851408,23.53905538074014,22.91994620783707,13.518830356627575,23.60599829379135,26.709794065267243,24.128582982826305,26.226495152884738,-2.0979121700584322,28.301709745382887,28.00547093563763,27.99786067645499,0.2962388097452582
1909-06-16 00:00:00,24.544594956616834,24.986053021183796,26.274169360518243,27.291821430085594,21.668319563442438,20.279473715433994,23.972727309006878,23.51986590931209,11.967244318439931,24.10152213548782,25.909807176451007,24.692882939929873,25.16694445193101,-0.47406151200113555,27.422877881598254,27.958370665500293,27.123978538740385,-0.5354927839020398
1909-07-16 12:00:00,23.681181764265556,23.430696395263386,24.69672988351256,26.59658964564087,22.354698391472702,20.99941123980716,24.418088601952558,24.13951480851321,10.794007435784097,24.511315318951603,25.16411013798345,25.154471386900582,24.201769684038453,0.9527017028621287,26.62499586255542,27.74152205907791,26.44443360884449,-1.1165261965224893
1909-08-16 12:00:00,22.862149042899244,22.454622163132527,23.089796482151456,25.46775240047808,22.9352727672165,21.629278234808663,24.828542932694788,24.65879698900563,10.121256991112915,24.88328126115072,24.71129058725346,25.501177062622283,23.51676222278631,1.9844148398359742,26.530364126452113,27.64133849008483,26.3543446583461,-1.1109743636327174
1909-09-16 00:00:00,23.08403807528867,22.62421396205097,22.515996950689573,24.59554644736752,23.148151088250852,21.866457397210525,25.24956092784031,25.234589848675153,10.226367137879881,25.239965307341183,24.73858281313626,25.94855358587217,23.458980165984553,2.4895734198876163,26.76383090508921,27.739132771199067,26.697463982528625,-0.9753018661098558
1909-10-16 12:00:00,23.616107044822137,23.304088537043764,22.91513203979638,24.32930310145316,23.026003500441927,21.72464884335359,25.180783955988186,25.12701834101499,11.13196565833294,25.186279085874325,25.14231087864348,25.87069585930947,24.067817003517018,1.8028788557924535,27.140807402975533,27.87901389231134,27.17924976819936,-0.7382064893358091
1909-11-16 00:00:00,24.125025221423588,23.749311119554015,23.44467283101042,24.628358723490003,22.349948654063603,21.175251906618307,24.76468371431297,24.551972030073102,12.634106053343597,24.729224147343277,25.677847742159308,25.339495340368423,24.851697318365993,0.48779802200242983,27.320841079512036,27.84542632230761,27.400237210519126,-0.524585242795574
1909-12-16 12:00:00,24.524242116413276,23.891024678226355,23.58447917202756,24.98648663416095,21.307774107898872,20.217876731586713,24.113983991859406,23.75083175711951,14.519500235617846,24.038960214203197,26.113301423143614,24.66593134441674,25.64532328644998,-0.9793919420332386,27.096847721664897,27.942021221619868,27.446069616484564,-0.8451734999549707
1910-01-16 12:00:00,25.279886396155003,24.829523126392722,24.257721052126854,25.265226079254344,20.401835597806123,19.386085171788245,23.40888551505292,22.970653192133486,15.799652698410535,23.364609318088874,26.518610049735063,24.01089877469567,26.288128719575266,-2.277229944879597,26.767424246600417,27.97104144184618,27.26184175424018,-1.2036171952457622
1910-02-15 00:00:00,26.073614910073296,25.390855178153533,25.295661961971927,25.828322395480786,19.885461677175794,18.919846970479107,23.011158502773938,22.54800202359934,16.45123483868054,23.037634896841734,26.91046152695249,23.685024055892793,26.752829189603744,-3.0678051337109515,27.093387884024136,28.000807855036182,27.56561739241095,-0.9074199710120467
1910-03-16 12:00:00,26.530035779303176,25.950132790487018,26.061667110727086,26.358939312387708,19.856706517900292,18.95640104295119,23.071069665457337,22.57150519348399,16.17814010282718,23.13559253068273,27.19665482374963,23.741760512222832,27.05764666837802,-3.3158861561551873,27.67256548374491,28.166294647519436,27.968629553604355,-0.4937291637745247
1910-04-16 00:00:00,26.583897712357498,26.610553183430376,26.533151822714213,26.70025506343132,20.206696825945368,19.165289726450204,23.266282375597275,22.738834531845928,15.233785437191706,23.351343928222423,27.17570187735538,23.92372355869078,26.93304910809758,-3.0093255494067996,28.331930140772883,28.177795461256927,28.368175673127805,0.1541346795159555
1910-05-16 12:00:00,25.933712371537094,26.429563895448908,26.895184633117985,27.18970498283978,20.919281545176638,19.674409599361347,23.58644039240493,23.03275130573663,13.489138101266624,23.71885829571608,26.710810218225586,24.232813948240974,26.332579642489204,-2.09976569424823,28.327928313095757,28.141546433245356,27.996354697901907,0.18638187985040133
1910-06-16 00:00:00,24.699469716306343,25.0761665624529,26.21221234662788,27.119246573281046,21.75208202063246,20.367337793469837,24.033806372504415,23.62613622227253,11.880430223418458,24.191901852654322,25.90765803970783,24.782246919521253,25.261093673044606,-0.47884675352335293,27.501914501761032,28.02188630237428,27.135722859480282,-0.5199718006132485
1910-07-16 12:00:00,23.95275401180779,23.55528369956482,24.736146899823915,26.40103425935286,22.418382389607082,21.053490960368258,24.491265430987717,24.24920109810412,10.72301443979243,24.59097506748069,25.13924085833467,25.24632692332234,24.249285894092676,0.9970410292296634,26.73094977853219,27.742979669837577,26.441113568477807,-1.0120298913053887
1910-08-16 12:00:00,23.221114010177676,22.532610376174954,23.063860948896927,25.376721098292098,22.95846728575362,21.607311100828408,24.885384838543988,24.71195113244791,10.166207321964338,24.91450002125459,24.6916636624825,25.548815246037464,23.541102660599044,2.0077125854384192,26.640604619635457,27.620161466388495,26.4433171261222,-0.979556846753038
1910-09-16 00:00:00,23.125844639049152,22.64697170649489,22.47757510904784,24.59013794022188,23.192735106788295,21.84388970193974,25.30926277149403,25.25551380551804,10.381182008182455,25.26531554453744,24.71073808005681,25.976674420426964,23.508217970612474,2.4684564498144894,26.802827291006427,27.753564826576028,26.710403308203936,-0.9507375355696013
1910-10-16 12:00:00,23.630029540762806,23.296301591387277,22.89543373473088,24.389684810232513,23.02940420293309,21.712197125491066,25.244655513117593,25.211209029733652,11.19123519731421,25.215594011497075,25.108110914063058,25.94501810891554,24.082064560193874,1.8629535487216664,27.140899973958152,27.85411504367138,27.097057145682253,-0.7132150697132289
1910-11-16 00:00:00,24.159147300564875,23.792846027904382,23.342915648706235,24.56106286149563,22.35839408257238,21.140071750565717,24.761761553785565,24.621775710351482,12.753851538415095,24.71699739982747,25.605221541575734,25.406561184365277,24.77139050377424,0.6351706805910382,27.10871474514879,27.899360884516653,27.099239436944487,-0.7906461393678619
1910-12-16 12:00:00,24.58198107810582,24.066711715795346,23.611786690302047,24.784732648009506,21.366283231962278,20.253697737890562,24.044076711390396,23.779765236580438,14.447467045729173,24.004625543325776,26.01318903401372,24.67271127294793,25.47236054062682,-0.7996492676788911,26.88293542866504,27.774400016858372,27.056429079097835,-0.8914645881933332
1911-01-16 12:00:00,25.258456229387008,24.71483862942308,24.10943866261998,25.139842017455223,20.39632757384195,19.320866021544283,23.354332424947035,23.001155818905637,15.972679553019482,23.336298691557268,26.397379148442397,24.03030457563495,26.172626707751377,-2.1423221321164263,26.760576954810812,27.72102202820031,27.22231910731265,-0.9604450733894971
1911-02-15 00:00:00,25.975674841925493,25.39203731010613,25.22643809227957,25.708178419421035,19.881468329463278,18.84507850237754,22.944863250820454,22.517526896422016,16.430425367392875,22.983603062851007,26.77333908506704,23.664212664732684,26.77265153664623,-3.1084388719135454,26.963051946735863,27.831022466062,27.422459224042573,-0.8679705193261356
1911-03-16 12:00:00,26.38450669187376,26.168345159603966,26.036786077583375,26.23156259971875,19.82253981793914,18.85158370117491,22.989981369527595,22.45369947869247,16.20095056519998,23.042868042744136,27.09678087029276,23.644926503226568,26.985941889488355,-3.3410153862617875,27.56658939181172,28.00920106468713,27.83291432833008,-0.44261167287540815
1911-04-16 00:00:00,26.620704840844923,26.58834601511721,26.452241176853576,26.614945128657748,20.165494323171576,19.115214369243255,23.216364001328493,22.633456514278503,14.939815081619058,23.273332909831492,27.08307289293782,23.80959049245407,26.96344445584535,-3.153853963391281,28.214049665136876,28.010186162382475,28.140020853725375,0.2038635027544018
1911-05-16 12:00:00,26.04049164121325,26.32023934287399,26.754107107235182,27.0534049654002,20.929188431181696,19.684236356417667,23.51130988149575,22.919653074037914,13.118515456914706,23.619409422272522,26.62268936580373,24.109065776855076,26.351547531470786,-2.24248175461571,28.221202717860706,27.994810239061753,27.861070728961753,0.22639247879895308
1911-06-16 00:00:00,24.68677582343447,25.08348395496197,26.135170517174963,27.097578613165584,21.792694085882353,20.41267763096088,23.961636622986596,23.551801498144744,11.39738706459217,24.12876737677337,25.871911355468356,24.70804351581462,25.283908325226744,-0.5758648094121241,27.41749812759896,27.909369063744048,27.109313287333745,-0.49187093614508726
1911-07-16 12:00:00,24.062760524697122,23.835127577850248,24.90414695033696,26.45555593339662,22.485593643105716,21.15570665172927,24.426083714901893,24.213484760324537,10.340699377361604,24.55569968759477,25.17148815543713,25.189992900267377,24.372020524071782,0.8179723761955948,26.72049962352719,27.65921418454438,26.469921268780016,-0.9387145610171892
1911-08-16 12:00:00,23.578586811084808,22.846503710968705,23.30579367876759,25.506155890198105,22.997236599687533,21.69676318288264,24.902018590671567,24.788951637207685,9.91841858217271,24.935893921087047,24.739799991797646,25.576817586519418,23.625251741038877,1.9515658454805411,26.631559483954234,27.485670942431103,26.46073969419226,-0.8541114584768685
1911-09-16 00:00:00,23.284441652959774,22.84680080401941,22.657816640815945,24.70406184446581,23.20905126729522,21.92682957834075,25.29927349666485,25.2851783114567,10.180875225106982,25.262097175737797,24.759704875947087,25.966137844969428,23.512294104363203,2.4538437406062243,26.90708267751363,27.667660085680666,26.79359940654415,-0.7605774081670376
1911-10-16 12:00:00,23.77706630661428,23.52455000336878,23.138629936849448,24.507244595673576,23.138577689345976,21.90505256609625,25.275435611110577,25.282183748797625,11.228070184059472,25.266847514709724,25.167157872107985,25.99587991711692,23.99945366398437,1.996426253132551,27.245976081978444,27.884109653221433,27.25851131287879,-0.6381335712429888
1911-11-16 00:00:00,24.19398458041472,23.953257150585838,23.66056321874461,24.78465514645572,22.404003149944202,21.261491539648336,24.840232140971167,24.662430014721586,12.867067084624052,24.770244845123834,25.68948335875256,25.425723694064082,24.731084188855153,0.6946395052089294,27.31071356184461,27.884994086307437,27.345436000502435,-0.5742805244628251
1911-12-16 12:00:00,24.751281147500976,24.16929235200734,23.70639609124251,24.95524847061532,21.397365809122523,20.3391802947678,24.167021858750076,23.8606252298604,14.55946681980195,24.088957333637627,26.11423260322896,24.74231969779051,25.45057833903566,-0.7082586412451484,27.045161265828032,27.80969632145513,27.32431978633451,-0.7645350556270998
1912-01-16 12:00:00,25.34785878837265,24.718099593338604,24.121053221746802,25.291200171258293,20.429403163797108,19.368120889049937,23.434248996557,23.053996264861688,15.743577989511373,23.382345525118645,26.50760651312423,24.063024619715296,26.15875814317754,-2.0957335234622434,26.847061894647638,27.907661724067303,27.350396955256578,-1.0605998294196652
1912-02-15 00:00:00,26.050481104231597,25.340060195273548,25.21310716385952,25.73428695742143,19.888256896769754,18.912802811941887,23.07379720229677,22.668757991067338,16.39979929947408,23.07331450854674,26.877120878979706,23.785104018000766,26.69033619409478,-2.905232176094014,27.017822177854406,27.986417753386874,27.495622730816923,-0.9685955755324684
1912-03-16 12:00:00,26.63778496959798,26.048249431248962,25.991240717073342,26.193878121288446,19.77405391531547,18.871532357746208,23.05048063202678,22.59631048063184,16.140781210137696,23.07401215365679,27.141901093015814,23.76060138227363,26.989374213631894,-3.2287728313582633,27.574483996486084,28.120600937741468,27.910327089211187,-0.5461169412553843
1912-04-16 00:00:00,26.666931855587254,26.573447319331674,26.55085110556066,26.69651139269413,20.12294800813218,19.18420645819245,23.25958157610125,22.749713913394014,15.00793054150578,23.297049666689983,27.121782637189806,23.900604553204257,26.894054638916586,-2.993450085712329,28.230971622681285,28.117261640960947,28.31005339119681,0.11370998172033708
1912-05-16 12:00:00,26.045656179801,26.28048248058375,26.66334403731154,27.054305903014637,20.764947647867736,19.571494359528934,23.522649187320003,22.969431835069077,13.282702302298501,23.59136149693053,26.651220126067088,24.155388909335354,26.247655525759413,-2.092266616424059,28.3133379459864,28.014579490724692,28.049207391811223,0.29875845526170863
1912-06-16 00:00:00,24.468173037073747,25.112320704736636,26.1702074897684,27.068323003284537,21.531321548785684,20.21509935565544,23.98079746082179,23.598278574059275,11.493751172893196,24.104168416884463,25.891991694825133,24.756959098661245,25.247564120023505,-0.4906050213622599,27.51772334554388,27.928322390281984,27.252021586745467,-0.4105990447381025
1912-07-16 12:00:00,23.786814158054817,23.634292854626807,24.77646209917007,26.442122532551092,22.169110362503698,20.85420630356699,24.41555350561478,24.16697717143763,10.46605508416996,24.48474823138862,25.14705787953115,25.170434290845975,24.275052394636603,0.895381896209372,26.740392148841945,27.74762893045695,26.488741953302384,-1.0072367816150063
1912-08-16 12:00:00,23.15387990523642,22.62267957477153,23.183554466161365,25.4592528753306,22.744738620799243,21.42584511471752,24.8508875200939,24.685824277399046,10.037068304269862,24.841099538724663,24.70971524416264,25.514664580010724,23.555957361645387,1.958707218365337,26.59226022657214,27.602894245372386,26.416739705812258,-1.0106340188002463
1912-09-16 00:00:00,22.67107470838624,22.489374721347062,22.509344132667948,24.585218040497338,23.01885045495276,21.739915125301987,25.235555579518024,25.187698745542622,10.343175968181471,25.17414131234773,24.683188738243587,25.913267512909922,23.513693181159184,2.3995743317507383,26.730328483980106,27.622450117717214,26.670419700647575,-0.8921216337371085
1912-10-16 12:00:00,23.4663392708265,23.160289213487818,22.809059147767403,24.462811552960666,22.86163947033295,21.598725122024902,25.114428958263986,25.077462143483107,11.134604026420899,25.089291817626666,25.092094679617002,25.832054629481412,24.065200207744972,1.76685442173644,27.0383296518815,27.84366498318583,27.033630375577744,-0.8053353313043274
1912-11-16 00:00:00,24.204159518776205,23.646178518970185,23.21762896415783,24.670792733039686,22.205415284700475,21.033784996006986,24.658568788026646,24.485361472421545,12.713766928252157,24.617559989272067,25.590683966234227,25.300552579773694,24.738472329693476,0.5620802500802178,27.096497719801544,27.75555239134213,27.077772798697115,-0.6590546715405843
1912-12-16 12:00:00,24.644604301346938,23.834782867400857,23.426604230347937,24.874448979325557,21.203384315855963,20.052728418042275,23.966034113566568,23.629364757025098,14.377726121734222,23.87627831803535,25.997849158189442,24.540380588752207,25.33280949552039,-0.7924289067681833,26.893127690976453,27.730207054219424,27.081663297128422,-0.8370793632429709
1913-01-16 12:00:00,25.119632007391573,24.341197710447467,23.88237877765482,25.34469683538475,20.314861668629337,19.218727053233874,23.25958795571358,22.877547053533082,15.818812223858378,23.224495054526727,26.37838118800849,23.90707552110003,26.03467903706745,-2.1276035159674187,26.77874204619199,27.944261259249636,27.316499725662265,-1.165519213057646
1913-02-15 00:00:00,25.841043690785668,25.078711438127613,24.985118056565213,25.694726440548013,19.79723326947837,18.75925455353227,22.900735526877813,22.492503832497608,16.5609979311776,22.928212056468144,26.745289742034405,23.639997297455476,26.563822238502365,-2.923824941046888,26.98925081353207,28.058834115433317,27.518911001139994,-1.0695833019012468
1913-03-16 12:00:00,26.387231894074826,25.796240009048727,25.757426952376363,26.02924226414202,19.73643717903022,18.79839091217724,22.939561582708475,22.47020276287916,16.16642004700463,22.987503025325374,27.013737006511228,23.64895299951598,26.868604067612132,-3.2196510680961516,27.548004371929522,28.04904374858081,27.92323201577801,-0.5010393766512884
1913-04-16 00:00:00,26.644221432662814,26.42391783438674,26.294122124510253,26.340721470953774,20.150889934115135,19.20185679735991,23.222069873704047,22.726431862726795,15.103866630609863,23.29559923583355,27.024171470511124,23.890377232871167,26.834667049818716,-2.944289816947549,28.15430093121905,28.0535339424217,28.26603940855432,0.10076698879734991
1913-05-16 12:00:00,26.359748166656676,26.297924986385,26.60578901919938,26.81690238409477,20.77111767787526,19.63921693558069,23.56486554399176,23.073952058288274,13.364736241629027,23.656697415382258,26.574258311044424,24.26711542278123,26.15824447064234,-1.89112904786111,28.24013515952794,27.842236000898243,28.01262071106081,0.3978991586296985
1913-06-16 00:00:00,24.988933120322415,25.157317631868327,26.14993096151121,26.93853810333958,21.702054391633663,20.406879466745618,24.04545108483708,23.724862299146075,11.767537659133984,24.188250920308665,25.83976148172377,24.847566254274206,25.129385016266998,-0.2818187619927919,27.48041430770984,27.780330598656164,27.16647518940423,-0.29991629094632444
1913-07-16 12:00:00,23.938517090213963,23.761646653507725,24.869824410918227,26.413464770643188,22.344421941478192,21.03051487960871,24.46016922250987,24.253900567765164,10.733347633526385,24.54963825057735,25.110735390895673,25.21522266879668,24.158773737890066,1.0564489309066154,26.609480251957773,27.576611828964364,26.35789911449779,-0.9671315770065902
1913-08-16 12:00:00,22.971017471834063,22.71994125538904,23.292959577108157,25.5143192165851,22.94514055032649,21.655969083216714,24.93739890291843,24.8205086091973,10.286602631720749,24.942212151928253,24.660104138043582,25.58268595751464,23.498824182740027,2.083861774774615,26.46585111592609,27.390445250057404,26.277477905013757,-0.9245941341313149
1913-09-16 00:00:00,22.863131436958945,22.58979647307168,22.647605095892988,24.840165429001843,23.128529713609563,21.84364765604887,25.31379880663486,25.313183444971294,10.314753647842176,25.243485681732853,24.66251797810248,25.95340769667538,23.40886143630646,2.5445462603689215,26.6354807733496,27.538318304611316,26.557919496720935,-0.9028375312617172
1913-10-16 12:00:00,23.526797176158233,23.359401028270103,23.104596966694192,24.683457616366454,22.9865478828066,21.765100121834088,25.259571541899835,25.27737250225014,11.196697651980088,25.220525047750233,25.09093944134464,25.953327824094647,24.001849232091995,1.9514785920026512,26.939534627077776,27.676161578906992,26.963802112942147,-0.7366269518292157
1913-11-16 00:00:00,24.23472700922879,23.927693660794247,23.590022551659,24.84018654741677,22.253359204744687,21.084920531108622,24.797195877849564,24.60577453150385,12.754190811978876,24.69853281518716,25.62051623141883,25.35487432138043,24.7497403823846,0.6051339389958272,27.011232847809836,27.707017212961794,27.0481700692234,-0.6957843651519582
1913-12-16 12:00:00,24.65660056050746,24.235905522074667,23.822927323461048,25.039091017580528,21.242627079768692,20.111321051756313,24.065835061522325,23.738112218304504,14.466734905537786,23.949215689086532,26.072433427279808,24.609163410580088,25.451704758179766,-0.8425413475996777,26.93107677711106,27.729800629080955,27.268438282352292,-0.7987238519698963
1914-01-16 12:00:00,25.406176212479334,24.88994788737448,24.33351657010064,25.393730458724754,20.330723365743033,19.265131485102298,23.353400949652432,22.958990933377528,15.42765509355495,23.277961584728544,26.465148347938662,23.96361254387051,26.14206403957489,-2.1784514957043797,26.670096476827773,27.754549248939064,27.158183096054135,-1.084452772111291
1914-02-15 00:00:00,26.19573776700483,25.418158316103238,25.355484447518062,25.85993525493357,19.831938085344834,18.85528559133924,23.014185896446136,22.589601035068196,15.923284087276185,22.990582782635354,26.81708846986213,23.688168170498585,26.727732514644792,-3.039564344146207,26.907833130129923,27.889178678584297,27.404622989026855,-0.9813455484543745
1914-03-16 12:00:00,26.59885320317379,26.11994151979007,26.05256336986504,26.2973532370943,19.763884331671207,18.819769379852566,23.040470130700868,22.526244317069835,15.756940747888546,23.039484676687845,27.108124543555533,23.675572771653293,26.957598539319722,-3.282025767666429,27.50889152396241,28.08004593969544,27.859268706719288,-0.5711544157330302
1914-04-16 00:00:00,26.849932745969756,26.70593855846232,26.693774497160664,26.791673901021216,20.157449279897257,19.137713368817945,23.238991826941994,22.665445551926382,14.616590206223163,23.2700800474078,27.110001921085516,23.814051788234565,26.795242793826016,-2.9811910055914517,28.14414644546662,28.018390411620867,28.176620227921575,0.12575603384575373
1914-05-16 12:00:00,26.281810306813316,26.336214972707083,26.848344033669807,27.3399440882848,20.757810386289044,19.57776128468637,23.51403753946751,22.943064375411915,13.105107245615104,23.58149649452882,26.658429534703327,24.100149526436258,26.063317962413993,-1.9631684359777353,28.236737680899292,27.93080726245428,27.94687188572655,0.305930418445012
1914-06-16 00:00:00,25.205658332975762,25.159183405135362,26.21223393266054,27.217270400865733,21.58307042340781,20.346796121370357,24.02506145942149,23.65963378062333,11.597900241790704,24.142590404375063,25.892924989983733,24.77961682529754,25.040576234520817,-0.26095940922327543,27.479873437798588,27.84987420472548,27.09689900510388,-0.37000076692689277
1914-07-16 12:00:00,24.261182582447166,23.800445442319635,24.996292234692277,26.559394477245476,22.376178411671162,21.107951932186296,24.523570928448535,24.321355458489315,10.617963631993131,24.59623299443632,25.149128955674698,25.27221648313099,24.081092457499647,1.1911240256313427,26.649299108348337,27.596542045340712,26.399795861475955,-0.9472429369923745
1914-08-16 12:00:00,23.34799173325393,22.78500098934648,23.43368502942618,25.639627640860358,22.94296991779997,21.671101731255874,24.95975511991098,24.807030490869504,10.210781266401376,24.943975211919323,24.707281767058223,25.58421872873868,23.369371821706967,2.2148469070317134,26.488494236899534,27.42980374630267,26.303541258788304,-0.941309509403137
1914-09-16 00:00:00,23.32386209715621,22.736978227278573,22.6911792605168,24.7729016659193,23.204958713790337,21.971842815879594,25.372661420483688,25.3469976010867,10.345959694801259,25.29076469087566,24.735290101588806,25.998027224396253,23.238287608704027,2.759739615692226,26.70862809068125,27.503965692946753,26.63265694136893,-0.795337602265505
1914-10-16 12:00:00,23.701141260932076,23.281107870404135,22.983741833290882,24.610693729663133,23.133609768559594,21.998988809036867,25.368418972814034,25.40814129146311,11.180936520948629,25.319822824385685,25.131147941885665,26.048959578464867,23.820544292743573,2.2284152857212938,26.93737614316284,27.750038947083006,26.957947320778533,-0.8126628039201655
1914-11-16 00:00:00,24.336901512575313,23.977644224750513,23.685580028401144,24.81182380433772,22.474073307826583,21.440670964568813,24.867460128273926,24.765694179685724,12.56568642849646,24.825846040444837,25.678597416785852,25.47906964068764,24.64210118099513,0.8369684596925104,26.937674479229063,27.812366192370156,26.92217512722908,-0.8746917131410932
1914-12-16 12:00:00,24.82796349743336,24.252297477818573,23.803496085337088,24.92304055334587,21.380640087552532,20.402137318832505,24.199616269983697,23.935946745129296,14.380231759047165,24.09539414548625,26.10096175653396,24.745740384419182,25.293591956790877,-0.5478515723716946,26.81024948819801,27.798173439749494,27.077030514340784,-0.9879239515514833
1915-01-16 12:00:00,25.433296120499023,24.710402235632905,24.23997967676584,25.461593962904427,20.47489214309127,19.582516684867254,23.507147484712327,23.16389419669026,15.750540672029128,23.445611703122065,26.492361647355835,24.123278062140287,26.036707622221822,-1.9134295600815356,26.754540475375034,27.841342676135593,27.30573403765923,-1.086802200760559
1915-02-15 00:00:00,26.198397579504142,25.426817186201948,25.27979224551627,25.967841557492022,19.94227343732877,19.0594802796485,23.144514175186092,22.69889866480232,16.306197433862994,23.129311748606163,26.883523107422,23.804863488648763,26.607192701543788,-2.8023292128950246,26.920324736749638,27.95599134368597,27.426551560125713,-1.0356666069363314
1915-03-16 12:00:00,26.54451094180099,26.33724851918668,26.135417418973773,26.27946612138036,19.898199414637197,19.02638232611321,23.213405365575113,22.63736418827436,16.308663105577814,23.206874723702807,27.2043440615278,23.793536503727317,26.947365363243986,-3.1538288595166684,27.58945969726968,28.08489865084213,27.95518804899867,-0.4954389535724495
1915-04-16 00:00:00,26.72407923977115,26.943186737887643,26.864826241622943,26.8324074860187,20.242491653812912,19.26785004357235,23.45910898973015,22.795689377603757,14.980866993579678,23.45401190193486,27.2073898332336,23.94436068534571,26.90235527894617,-2.9579945936004606,28.237455323141248,28.04384449683048,28.339919098793743,0.19361082631076698
1915-05-16 12:00:00,26.316956198330132,26.615863490387483,27.0480731903348,27.359469901613366,20.955903134705615,19.80441169447542,23.769649475272004,23.116073113070176,13.304020597588941,23.81154022822041,26.74940740551717,24.28225965285257,26.22865981270837,-1.9464001598557985,28.32872595779296,28.026667296895862,28.021738977430125,0.30205866089709943
1915-06-16 00:00:00,25.24020079585389,25.48017553820215,26.448613364051795,27.3189276244045,21.81093670283375,20.56400715624137,24.22935133269116,23.796007054431254,11.712397101997896,24.3335721200051,25.997140123607544,24.910228457569858,25.185660863079402,-0.2754324055095445,27.613185267580707,27.945304341169127,27.263326872952277,-0.3321190735884194
1915-07-16 12:00:00,24.222902806914785,24.111891726231775,25.212686531224378,26.645455989493566,22.581354290719904,21.331004272324527,24.708371934065042,24.467560586021396,10.545127583939635,24.767884564986524,25.25456041644222,25.391178012131807,24.16258905081899,1.2285889613128163,26.78966993586619,27.644954545752068,26.56475988982799,-0.855284609885878
1915-08-16 12:00:00,23.310870408078316,22.945773320902312,23.596566155717884,25.70795889582313,23.20859699520881,21.982174519149147,25.124034958261564,24.96716036668348,10.08033613356781,25.121957067676266,24.80505526077409,25.731842776181068,23.459186812265262,2.272655963915806,26.663773412257296,27.467071929819948,26.50617310314554,-0.8032985175626521
1915-09-16 00:00:00,23.38138288150352,22.995099918767696,22.933332622702867,24.891802397387675,23.410439805268787,22.153711975499842,25.4846783385358,25.4321730492473,10.265077906062947,25.41938990723798,24.807878244710107,26.08487131658333,23.44561741172944,2.6392539048538914,26.889446103605447,27.557514972699423,26.82316836219426,-0.6680688690939753
1915-10-16 12:00:00,23.861300176206555,23.77552265923483,23.455176060570267,24.745688377771305,23.328419281269998,22.13003641592151,25.45277591022881,25.43631252020907,11.15530828234483,25.4304303448232,25.23820031148194,26.112152098642266,24.058579545829506,2.05357255281276,27.225155182305556,27.800103605543253,27.235659969623295,-0.5749484232376965
1915-11-16 00:00:00,24.449741142185236,24.140477182594953,23.792926525304292,24.828923083826517,22.691199653519057,21.605625557564178,25.006928626246413,24.851269583394465,12.76094113121065,24.98953874962005,25.750010609477673,25.585224972997977,24.870986302681363,0.7142386703166146,27.286748103007422,27.792676316034594,27.29837873174569,-0.5059282130271718
1915-12-16 12:00:00,24.78074836965722,24.385586375876706,24.072493387090717,25.22046843054057,21.735296633364346,20.756731449861388,24.350822083818116,24.057175644121465,14.420615606925828,24.338590932192133,26.195687807595387,24.904917917715053,25.554538166922125,-0.6496202492070715,27.095691509781865,27.83948579126795,27.37782632295442,-0.7437942814860854
1916-01-16 12:00:00,25.469411048139172,25.147917054182756,24.672585240008402,25.649320543236307,20.776416485079203,19.876044746130837,23.670714399992534,23.29269519451174,15.601026261849508,23.674383560683673,26.59937311840294,24.260014369824344,26.226790521559234,-1.9667761517348907,26.824584181390588,27.955428126187666,27.343179077467095,-1.1308439447970784
1916-02-15 00:00:00,26.235785238919036,25.858023015094123,25.74666789258714,26.136950120964748,20.18651346748724,19.35035953395106,23.350791876114343,22.91181425106519,16.397034874763666,23.370119419809537,26.99113590978578,23.981360870374708,26.783142629124136,-2.801781758749428,27.00000954224003,28.012875199000923,27.45557254620266,-1.0128656567608942
1916-03-16 12:00:00,26.720159450158192,26.311454282101995,26.162276355137053,26.421544767443624,20.038668495228855,19.19817085426269,23.297618882209914,22.799914674554472,16.23636826557004,23.336577376410006,27.2801756462847,23.93139845820774,27.000748312394183,-3.0693498541864415,27.652458442370104,28.19606573357025,27.966565455544078,-0.5436072912001464
1916-04-16 00:00:00,26.92415518723048,26.991613552925642,26.82410973931559,26.77840589479422,20.381287980358326,19.454159494335762,23.51929499425908,22.93155810753148,15.131967316338267,23.557983247021824,27.279896159843158,24.061828644346164,26.820252645327557,-2.7584240009813925,28.303521608036846,28.153306293106215,28.4135052808833,0.15021531493063023
1916-05-16 12:00:00,26.569856685118523,26.634182414754388,26.992410041447528,27.2626355947277,21.07285222560303,20.031521352735602,23.909072115678278,23.37178846324823,13.503749768026855,23.994360042959954,26.826454822701578,24.514618104351676,26.101529616389094,-1.5869115120374175,28.445534801730076,28.044255584379247,28.20486220077393,0.4012792173508295
1916-06-16 00:00:00,25.462083759314883,25.506011267469685,26.412750442364366,27.166093844067962,21.923847831963663,20.701356627427142,24.367883934976266,23.95638986764839,11.698162000483658,24.467838636707665,26.057151750719676,25.05749025465809,25.112876068909927,-0.055385814251835086,27.74041811137791,27.920836757734396,27.373820395721758,-0.18041864635648608
1916-07-16 12:00:00,24.399296011595258,24.182520749118545,25.327628638603755,26.6281893910623,22.615973259214396,21.39163865172213,24.817047976638452,24.563864547729974,10.54073700535941,24.84511581939861,25.31886929663538,25.488854634471387,24.1580896815228,1.3307649529485879,26.91736301465417,27.7168612501885,26.645466468876943,-0.7994982355343296
1916-08-16 12:00:00,23.710409917369432,23.081259478239183,23.592381795754353,25.723806506477672,23.194515492850552,22.000572603546914,25.24144749462345,25.081768025929026,9.971605253588288,25.20223247684545,24.85014692950956,25.830380668839226,23.50853699357969,2.3218436752595366,26.700427701490007,27.503370851987878,26.530692455283077,-0.802943150497871
1916-09-16 00:00:00,23.480857115206188,22.944395849435168,22.836200599846922,24.85008718800938,23.38688216875948,22.152682983610617,25.57907413153711,25.499953978800676,10.206328936903985,25.476351438122002,24.83567725825918,26.14754863557175,23.44916872789846,2.6983799076732886,26.84609237840653,27.590573399537135,26.763692404658862,-0.7444810211306034
1916-10-16 12:00:00,23.897205692076668,23.580210019642383,23.114517002171823,24.497038972197256,23.2561443434678,22.150134529884784,25.557739744509046,25.588954734676197,11.019510190800922,25.49672314670423,25.23422330130508,26.24852144915526,24.02191426117852,2.2266071879767395,27.079899824475568,27.819639422228388,27.07295476275177,-0.7397395977528198
1916-11-16 00:00:00,24.3775388933489,24.077540309027395,23.658072924009225,24.574402411694138,22.635972587859698,21.60037664247175,25.05206851943926,24.929714629759125,12.523503427648969,25.005781828344247,25.750477696525113,25.665643737051788,24.79380556671798,0.8718381703338061,27.13222617543948,27.920409333061645,27.155830927627072,-0.7881831576221643
1916-12-16 12:00:00,24.743884334503985,24.28305741136641,23.8283154309066,24.80404824197266,21.57929180646716,20.528036922062405,24.29487552343171,23.982796013787954,14.295446487440792,24.224526252262727,26.19173303722611,24.857464323165075,25.58235921726809,-0.7248948941030129,27.01628799299802,27.89236155702462,27.31159965541588,-0.8760735640266013
1917-01-16 12:00:00,25.622771256515627,24.972869555042358,24.40045067125222,25.28841150335512,20.57462594974664,19.56310699505671,23.562063261012963,23.13127698059615,15.579137025846064,23.52681296740067,26.593666082223155,24.14589028732607,26.296800806645816,-2.1509105193197477,26.770514673761074,28.03936400989393,27.303734337955813,-1.268849336132856
1917-02-15 00:00:00,26.287992599885637,25.535440056623568,25.51564800993056,25.881812602164434,20.073920523139936,19.078760778775816,23.19210472420536,22.69939279209863,16.211165020940957,23.216100707756105,26.973202578615282,23.82676624647903,26.854894895528325,-3.0281286490492967,27.091779238509204,28.12249790245753,27.607135967032892,-1.0307186639483241
1917-03-16 12:00:00,26.60774264182674,26.038906557813647,25.996518905195938,26.254417897890885,19.983835750245714,19.04216376261565,23.213983408662788,22.622009329263047,16.059037053546167,23.25668992756809,27.247431756435738,23.800064630463673,27.206208402988597,-3.406143772524924,27.620831693656942,28.200597784095727,27.988330108347075,-0.5797660904387847
1917-04-16 00:00:00,26.75336219291865,26.782788566206328,26.572857688619543,26.580945482491313,20.32562452095909,19.331824826650173,23.438775169516745,22.80964180656007,15.07242401365156,23.48907139763502,27.223149095641197,23.979726190700898,27.098175053822928,-3.1184488631220297,28.252904409757047,28.12840843512021,28.35378182193489,0.12449597463683659
1917-05-16 12:00:00,26.410624370929877,26.57724988659996,26.978273613358905,27.169655502415157,21.11550312119733,19.9672216356475,23.727348827431612,23.11025736122564,13.180533056075364,23.827799907183373,26.777345602076082,24.294561438765275,26.331823955527263,-2.037262516761988,28.368522087183006,28.025341710939994,28.12830791164657,0.3431803762430121
1917-06-16 00:00:00,25.106315662348706,25.35496764635435,26.423475884172277,27.221134260659667,22.065556478174496,20.80996582921607,24.209271607794257,23.77346405202782,11.447078701415155,24.37559185395121,26.01557185292507,24.9160404519372,25.242149035952913,-0.32610858401571363,27.72710926415344,27.995115348399068,27.3820273416968,-0.2680060842456271
1917-07-16 12:00:00,23.726073790129256,23.56839800248371,24.852274212347204,26.51157263012531,22.725623254504587,21.455418759812147,24.707454569214665,24.459940429704606,10.432575798518052,24.805850492412596,25.206050851527543,25.413812447478072,24.198991381726806,1.2148210657512664,26.9599861702046,27.707600296776377,26.714274052613167,-0.7476141265717757
1917-08-16 12:00:00,22.999877578038724,22.49856151470154,23.06770810912737,25.38543487674585,23.218281642770975,21.957769430666584,25.08426772787209,24.88365503249068,9.952148413844922,25.095955046206015,24.75334821064731,25.67560410235998,23.47127436124462,2.204329741115359,26.73070835558129,27.552535372621502,26.569989299702552,-0.8218270170402135
1917-09-16 00:00:00,23.09812509593637,22.656576677070415,22.532434377542657,24.630078700089253,23.39730344852372,22.146405062381568,25.464416950303026,25.39656766843325,10.28585210565696,25.41733521159322,24.76786263530593,26.066122851457138,23.391545606567092,2.6745772448900453,26.939097662686073,27.649510256166668,26.80209770331031,-0.7104125934805943
1917-10-16 12:00:00,23.795221949816003,23.329756484437187,22.864984721132082,24.445786166709514,23.27383189041244,22.057868209828996,25.422201805525198,25.368025465372188,11.092364159728584,25.414172084001915,25.16134994617118,26.08261035643294,23.947349420535513,2.1352609358974277,27.191639431491748,27.930084774217196,27.180220429904296,-0.7384453427254485
1917-11-16 00:00:00,24.2570340592069,23.72075159185602,23.362497710757374,24.53262270540762,22.66223631384734,21.555125325796652,25.016413465064733,24.804447771495617,12.628680450094357,24.981963364100984,25.667327511595555,25.563891632200118,24.717772828792977,0.8461188034071405,27.277566557430447,27.938618997490554,27.354374763577642,-0.6610524400601072
1917-12-16 12:00:00,24.478738171807343,23.76521235985828,23.467472979584695,24.678177555772404,21.56328648520776,20.498598849425075,24.311516429681884,23.949621490474108,14.27010958063064,24.252661605464382,26.05417791319626,24.841533792519016,25.442308921980178,-0.6007751294611623,26.98859601764817,27.955032244084748,27.286741351491663,-0.9664362264365778
1918-01-16 12:00:00,25.201240354802263,24.535817604321196,23.968521175472958,25.075276022777818,20.647298752777008,19.586457759445455,23.54679838255603,23.127879620933598,15.792328680587117,23.533475189967362,26.428297629117452,24.155083209684133,26.184847620588442,-2.02976441090431,26.81135005381674,27.946581363469686,27.308166700901907,-1.1352313096529478
1918-02-15 00:00:00,26.024639251476465,25.282723623026428,25.121279325339195,25.571025885244627,20.1464696376491,19.119873972326673,23.188114040984527,22.717974704186137,16.357189480898523,23.2266327813363,26.833807290807215,23.847055788461866,26.67979707926371,-2.8327412908018452,27.116959241685628,28.032011071626517,27.57026573802722,-0.9150518299408894
1918-03-16 12:00:00,26.271926985564818,25.880999632915085,25.87419400709601,26.136821091773513,20.058508613447334,19.14204873181885,23.23400166797151,22.696382745038733,16.093764711224868,23.28097252235702,27.12465474780518,23.853291040875312,26.99205783492142,-3.1387667940461093,27.72626168286,28.164823059054157,28.022505012127876,-0.43856137619415847
1918-04-16 00:00:00,26.6778133136297,26.252275506662603,26.12973314329452,26.346468337321156,20.33507914672704,19.338279254309487,23.443373960501066,22.90091148982565,15.198560136927085,23.483430272036294,27.085682570287904,24.04468732907204,26.839743261392975,-2.7950559323209347,28.29754238672112,28.067708221310518,28.346318920053335,0.2298341654106011
1918-05-16 12:00:00,26.317748997370487,26.155586473910386,26.36684666039314,26.639986980560508,21.02467714616809,19.8819122334004,23.75527717034946,23.22437255566693,13.535455048719092,23.830985287101274,26.637535439199976,24.373793343448412,26.146400297602703,-1.7726069541542913,28.268618200855883,28.035128685744077,27.99435768493449,0.23348951511180616
1918-06-16 00:00:00,25.381372090525296,24.955684720610734,26.010579468334345,26.811890660878966,21.7906211606563,20.560530170775333,24.2202023204635,23.875336349775125,11.808684350154719,24.339293187000212,25.90615347589429,24.993700618861453,25.18124068743935,-0.18754006857789562,27.463398352668392,28.02554263969232,27.224348724804546,-0.5621442870239264
1918-07-16 12:00:00,24.113781071171466,23.66857000559742,24.73271337373555,26.269973042992977,22.604080060314974,21.413482253562627,24.72800729832197,24.57971653421238,10.581860613152108,24.792437457095456,25.162884579015557,25.485666552492763,24.222343497057825,1.2633230554349382,26.702541487169192,27.791277139292824,26.495181659185594,-1.0887356521236313
1918-08-16 12:00:00,23.04746837025589,22.462066993429374,23.05819507542625,25.394128153370126,23.26175197998211,22.046233871453662,25.147909851919213,25.046096407257945,9.983465560100935,25.122873898635515,24.711953764534048,25.742706912855983,23.455026636002643,2.28768027685334,26.606256575923577,27.730045224136777,26.42562036773347,-1.1237886482131998
1918-09-16 00:00:00,23.333530604173557,22.63283482325326,22.552911832964412,24.69386405981425,23.439044999270454,22.199509832741406,25.548371362959358,25.550190316706843,10.061791840966535,25.453618904803903,24.759222140455204,26.15313367994465,23.37613116402918,2.77700251591547,26.8479331997438,27.845183534091284,26.742435003906465,-0.9972503343474841
1918-10-16 12:00:00,24.044709307813434,23.315386705128386,22.947922679956676,24.626141325884863,23.246176926646267,22.04163774456098,25.44906471209576,25.451152822513944,10.88123298439386,25.3962990101683,25.166906031874944,26.119072503761426,23.940623961589846,2.17844854217158,27.017756814132145,28.07067101557871,27.02857438870748,-1.0529142014465656
1918-11-16 00:00:00,24.450385740217673,23.865751323064526,23.416660890848707,24.601353095703985,22.58766856239187,21.51265236645036,24.971852504869545,24.79950178468626,12.115458361041025,24.90250988245058,25.691172157265502,25.54160539248769,24.715883507239663,0.8257218852480257,27.192432799113565,27.913349636338772,27.228606371506718,-0.7209168372252073
1918-12-16 12:00:00,24.82273598583001,24.07575092948899,23.62342419698509,24.92999682424599,21.622425177857075,20.5982308762452,24.245767312513482,23.93255329420029,13.96118568320298,24.194625454916736,26.124426587643672,24.79572381623416,25.415762064666847,-0.6200382484326852,27.047134689558334,27.959017391003332,27.319225674420778,-0.9118827014449984
1919-01-16 12:00:00,25.410444715365173,24.66515778910631,24.227902702471503,25.537192866324713,20.693744800218894,19.72105096295003,23.581429827232984,23.18909652662413,15.27868351241272,23.567103706683522,26.537013022614744,24.18094391905094,26.087405415460385,-1.9064614964094453,26.814624640357383,28.01968809072786,27.27669135694862,-1.2050634503704778
1919-02-15 00:00:00,26.159105772887507,25.55357091495273,25.346003595421298,25.882167717006755,20.086135805699133,19.148759829191892,23.187047575159884,22.748252637563763,16.046530841875608,23.202472418280102,26.920761939263866,23.84617399972638,26.659682313022667,-2.813508313296289,27.035559574189932,27.986280203949764,27.494605604246704,-0.9507206297598323
1919-03-16 12:00:00,26.546406255906128,26.336845299593143,26.200734579931055,26.309212697345487,19.998872236692854,19.067552606349057,23.147730561396592,22.634621971229542,15.95506088932148,23.189846873258418,27.21837034200361,23.789372995305076,26.967815971980382,-3.1784429766753064,27.634022843980613,28.129744993498427,27.96701638259462,-0.4957221495178139
1919-04-16 00:00:00,26.8254739566198,26.916303138378296,26.760559757508762,26.793003652621454,20.303266720248658,19.288630621003882,23.317166629122198,22.737412657088093,14.944888362009243,23.37448629998256,27.231385176140577,23.891550470441373,26.846450866785755,-2.9549003963443816,28.213776557143444,28.168900587564885,28.267555830534953,0.044875969578558994
1919-05-16 12:00:00,26.576755302127893,26.76587425113661,27.108361443801197,27.348710102515163,21.011431684159668,19.84759456791366,23.66162975627191,23.075497680960392,13.197919921113387,23.748931995070937,26.79784448062894,24.22774015253671,26.250882886854644,-2.0231427343179327,28.33034235459507,28.04226325208952,28.065222644298785,0.28807910250555224
1919-06-16 00:00:00,25.50693297490827,25.562258043572598,26.489340609965073,27.37208596377756,21.93187494760167,20.604887790588844,24.11157994602402,23.685372066365755,11.52227286659674,24.264073650849394,26.040985740470887,24.80497437746917,25.250714652931048,-0.4457402754618798,27.57683216373538,27.974559606773276,27.279001610653115,-0.39772744303789764
1919-07-16 12:00:00,24.353790574560428,24.171438753391715,25.23884861688859,26.778197595102593,22.599612177935477,21.287475904522694,24.635454375732596,24.418436366839476,10.36791606881703,24.729126868443448,25.313042939953394,25.355944218131647,24.21849766016368,1.1374465579679658,26.858385539510035,27.7721144648625,26.587104945580045,-0.9137289253524656
1919-08-16 12:00:00,23.556909716770445,23.23525322785201,23.718682119975323,25.809053501787037,23.188173098494392,21.886517309395032,25.04729409932321,24.908434899416743,9.950497795953371,25.07593156847161,24.89776241913232,25.6974451143237,23.512140733944495,2.185304380379204,26.7156927244158,27.57580718092468,26.539981396130752,-0.8601144565088816
1919-09-16 00:00:00,23.521693069595454,23.19767506094113,23.011663006077985,24.913301409834926,23.432981109668898,22.13230732158008,25.44516821441244,25.42380787667174,10.195593956436399,25.416079429528864,24.909048413338727,26.09872899367724,23.430780377614045,2.667948616063196,26.8831822539213,27.64689769661728,26.794482246401508,-0.7637154426959789
1919-10-16 12:00:00,23.97651154136169,23.81970998963745,23.4176614086033,24.743921427511715,23.288944359935776,22.032194647516494,25.417326398589708,25.41870498279631,11.113416394494758,25.40986427276971,25.317972676927127,26.122509112384204,23.985243894300343,2.1372652180838614,27.17539845532063,27.85034790388554,27.157699901329273,-0.674949448564913
1919-11-16 00:00:00,24.434587952633514,24.47776424727241,24.078476435561825,24.947274731660983,22.66031271728054,21.455342416565454,25.001269034090317,24.8193940042303,12.564987402375646,24.951828408353556,25.858036379588683,25.57280463082913,24.651708429875995,0.9210962009531336,27.183304975123697,27.912300743220268,27.167950680839972,-0.7289957680965706
1919-12-16 12:00:00,24.93734058947367,24.953907067675114,24.478875426017645,25.27206847602743,21.634698543278212,20.467558825789855,24.253192808685696,23.925532534604937,14.291507627334978,24.171460076963488,26.33081139671778,24.76295275791939,25.31382937674034,-0.5508766188209506,27.10044328737224,27.896872379048226,27.40723776721809,-0.7964290916759857
1920-01-16 12:00:00,25.733273306754466,25.483098189375283,25.037468599941416,25.83409912299015,20.679879140667467,19.570848683133775,23.508319566293036,23.1196536369978,15.692381227995368,23.485800066052754,26.71160867226792,24.12012436355739,26.061089591393525,-1.9409652278361342,26.903914612484485,28.072531501546685,27.387662806324272,-1.1686168890622
1920-02-15 00:00:00,26.336952206961836,25.85886928638513,25.939288535205726,26.304802815883907,20.19293694258324,19.14055254452896,23.181239496021174,22.738660916616098,16.392014968724276,23.21946676527376,27.092874284774258,23.85020598282241,26.663787450020912,-2.813581467198503,27.14073249132224,28.123324318012052,27.628258842444076,-0.9825918266898128
1920-03-16 12:00:00,26.82336428803599,26.410631090158645,26.38538283796458,26.59449795588425,20.011104972493527,18.96374183929733,23.129198239045046,22.625236051275923,16.148034504792182,23.191428839228116,27.356385833461918,23.794340759685614,26.988053553574893,-3.1937127938892793,27.67141971815836,28.248664358079782,27.990998682661324,-0.577244639921421
1920-04-16 00:00:00,26.943778940238264,26.95474179536217,26.971978877375523,27.040922277025015,20.279035896215422,19.15826772220089,23.334081358679374,22.76427946529358,14.964756070443318,23.39672648606121,27.30757011248098,23.956162435267835,26.811180096390522,-2.8550176611226874,28.33913918158478,28.2778925556685,28.401817765429314,0.061246625916279385
1920-05-16 12:00:00,26.357191456073835,26.63735608789968,27.120462528290723,27.469366893625562,20.970607852600157,19.71920488752971,23.622542002928842,23.030852939450256,13.14736838693201,23.706979063465873,26.83033059577263,24.213173104833277,26.154696243992277,-1.941523139158999,28.455407944299115,28.136825681951446,28.19838324582793,0.3185822623476682
1920-06-16 00:00:00,25.191546021875354,25.229753889468213,26.302337926826816,27.37692371958167,21.77880194254973,20.432439857979126,24.0885329311542,23.704315609123316,11.662638927351708,24.22395700761347,26.053286644623597,24.8471410605111,25.149013519040924,-0.30187245852982514,27.6477156808324,28.038357946621748,27.355799079896823,-0.39064226578934935
1920-07-16 12:00:00,24.496129226944188,24.004322647407605,25.076389395532235,26.646365682019013,22.534024510325054,21.216102777240618,24.53179443698551,24.303733773868093,10.48358859801062,24.64159140399699,25.325881320273947,25.29204844271176,24.240712509454823,1.0513359332569365,26.892356356555755,27.766621392365238,26.680543951982454,-0.8742650358094828
1920-08-16 12:00:00,23.272514138203356,22.807093187178058,23.378641366414374,25.676716678265397,23.107646152760168,21.777765800381435,24.975399406245575,24.824679841083277,9.921312779301006,25.01938354706133,24.861735267106926,25.64124816107527,23.51393290696572,2.1273152541095506,26.701009634987958,27.648204919173903,26.564926338312784,-0.9471952841859448
1920-09-16 00:00:00,23.205989678188747,22.690058118800184,22.584980303212724,24.756639030947056,23.301474900977766,21.982035569889725,25.387838236478725,25.35628556478597,10.181743899926955,25.351985448479425,24.842255933379636,26.058628726032765,23.427910762114827,2.630717963917938,26.898639795985794,27.608189185257345,26.82596453445004,-0.709549389271551
1920-10-16 12:00:00,23.667714091996896,23.339690242556234,22.947513030415337,24.52525118526006,23.15329443642632,21.890457566020597,25.382888238728317,25.390819279203516,10.904009106178847,25.356819836279747,25.22945933588697,26.11722203948817,23.945373772044878,2.1718482674432913,27.15982619692241,27.847123616122502,27.20478318890112,-0.6872974192000925
1920-11-16 00:00:00,24.133375024699607,23.79684818636798,23.47082714921809,24.640826890131045,22.53633542181339,21.3361984667628,24.93469965813798,24.782537853288456,12.5477337607605,24.885248733811437,25.72152745895076,25.53640963917114,24.680922593531697,0.8554870456394426,27.151058341994624,27.928134124921737,27.200293030394803,-0.7770757829271133
1920-12-16 12:00:00,24.594250210035042,23.9481599536529,23.508028584180128,24.831156253662222,21.55555909766892,20.419257904825592,24.21316069652967,23.914061762640948,14.145050445927119,24.13008684657402,26.10225057857229,24.760271036454757,25.347206678853073,-0.5869356423983163,27.04440127256219,27.853951173305806,27.29973275449478,-0.8095499007436153
1921-01-16 12:00:00,25.22871239801761,24.67524947708432,24.193266412381544,25.424161024037566,20.742511981817987,19.676619101818975,23.489073791330704,23.138676253768217,15.657718261292601,23.470182598981374,26.51150215409286,24.096606320743753,26.07005479555885,-1.9734484748150969,26.943438255952287,28.004997412622657,27.414669524457825,-1.06155915667037
1921-02-15 00:00:00,26.139899013931796,25.389046586389878,25.272964523607616,25.841601169944624,20.260574201152167,19.267098298395318,23.16979168301272,22.77568771526902,16.310419570614357,23.216364007465724,26.91419381724242,23.844958655418004,26.70344331179448,-2.8584846563764756,27.143574037715588,28.08205795233771,27.59642003742584,-0.9384839146221218
1921-03-16 12:00:00,26.61995497764592,26.08013959645363,26.078376030412542,26.287872547795267,20.156540553025803,19.207236602953238,23.2551270361423,22.767176301608643,16.015105303766667,23.307327571731037,27.176056403783765,23.89768736942251,27.10611675230755,-3.20842938288504,27.634870104944223,28.143615817202424,27.88089892102383,-0.5087457122582002
1921-04-16 00:00:00,26.791779572669743,26.692273575826462,26.54063827315788,26.625153790912705,20.431986436562518,19.39679755219551,23.463410884036605,22.923396252735337,14.848173752759145,23.526943175001904,27.17501767846258,24.08099057289926,27.05628247292498,-2.97529190002572,28.246250512422503,28.155167672896855,28.245263030472326,0.09108283952564733
1921-05-16 12:00:00,26.37237779617538,26.575924546789068,26.83087461591442,26.941594758870483,21.086894814409085,19.85033803153535,23.818506409599696,23.27302158440702,13.253008632260125,23.900438680482445,26.72313501585495,24.43683860721047,26.30410784193437,-1.8672692347239028,28.3394506909063,28.09786478799867,28.026300418014603,0.24158590290763016
1921-06-16 00:00:00,25.56587754084936,25.43180590751459,26.33289916998584,27.06840195896209,21.880240512069545,20.53069113357426,24.322354621635693,23.996488179806587,11.621162285308538,24.435296877329826,25.979315001434294,25.10580584292116,25.234678800180493,-0.12887295725933257,27.588089271322957,28.002464560815763,27.25034635206745,-0.41437528949280633
1921-07-16 12:00:00,24.5199245838688,24.247533767966868,25.193396649902184,26.50025744500952,22.493325984296465,21.218063859954743,24.777387916049243,24.592142721883125,10.469657160407337,24.808159827428955,25.26794688547237,25.514089135159946,24.236980652162735,1.2771084829972104,26.79447670973775,27.771795624308933,26.532553891865376,-0.9773189145711818
1921-08-16 12:00:00,23.458071006727433,23.06222360243,23.634044254327154,25.6440653284965,23.02634790803521,21.783301244528683,25.15407957297623,25.03239974333166,10.014740077999765,25.106952182990135,24.812947850336037,25.780052570121445,23.498274547873017,2.281778022248428,26.710292010149054,27.53496263508213,26.479230207263466,-0.8246706249330771
1921-09-16 00:00:00,23.34480216905256,22.997476640477792,22.948359406554125,24.88743694867916,23.270264944808265,22.013752359857722,25.519034614460814,25.493676582264193,10.219424689637727,25.412394543921227,24.83227380770948,26.140213082846376,23.362865324939218,2.777347757907158,26.857667870076185,27.650573672878824,26.76466972614547,-0.7929058028026397
1921-10-16 12:00:00,23.98477060787669,23.67180860872077,23.281026429667506,24.79522639584474,23.2167821548075,22.012194358565754,25.486065347469943,25.530795162990437,11.05095540549312,25.420090701058125,25.24403347917474,26.207600706167387,23.891222080177993,2.316378625989394,27.169281586191538,27.885495222518834,27.179596469354628,-0.7162136363272964
1921-11-16 00:00:00,24.5590262339429,24.222759226270917,23.707375391262666,24.935949190488305,22.52428935753921,21.427270175421906,25.04246766472691,24.884703681922247,12.614956959537729,24.942776245173953,25.7710681767439,25.616574524168023,24.652508648216887,0.9640658759511354,27.240079046927857,27.895904078916804,27.284317605973236,-0.6558250319889467
1921-12-16 12:00:00,24.820703358377393,24.37745101057032,24.028244517220948,25.260842406417684,21.541970664150487,20.50052711539936,24.338705593646054,24.026410032110512,14.462544444796437,24.22622708332281,26.19546206722072,24.87366830590851,25.400780594310593,-0.5271122884020834,27.052377290508424,27.842221164984682,27.378104156276148,-0.7898438744762579
1922-01-16 12:00:00,25.534127402686618,25.02129593956233,24.54684831691638,25.592831611016653,20.62747356515283,19.578307875969266,23.594356611381986,23.202710169270848,15.954625747548738,23.53865939964762,26.607716658983065,24.196313731591424,26.13771048780906,-1.9413967562176353,26.886765259440104,28.0704914510505,27.363729540426988,-1.183726191610397
1922-02-15 00:00:00,26.30621021627034,25.688126066474638,25.45938718219502,25.925913622850953,20.11340614620712,19.06520210481726,23.209387976831177,22.75406641620282,16.617807966354878,23.217853816705663,26.958290147761666,23.85954612101722,26.728540302199484,-2.868994181182263,27.08527948976019,28.090235289108193,27.602462171898466,-1.0049557993480036
1922-03-16 12:00:00,26.777944084208595,26.40733854065636,26.255957532962096,26.329999863456916,20.0701431859361,19.105461388736476,23.320706089122254,22.772919494148436,16.343388560726606,23.331447640259295,27.236330455029385,23.917133369202066,27.041861701966358,-3.124728332764292,27.57380036108343,28.1825626977204,27.87991273127179,-0.6087623366369712
1922-04-16 00:00:00,26.982172621601865,26.89840297067214,26.828915450856293,26.96452798418181,20.443135232644035,19.47547181794664,23.548194900819034,22.966880890577695,15.242326758693181,23.576057964126104,27.235536220763496,24.10350007132135,26.85796857994724,-2.754468508625891,28.242632121549676,28.114493905219238,28.310986115549685,0.12813821633043787
1922-05-16 12:00:00,26.491101965177545,26.571851123237174,26.954167719435095,27.4015493497391,21.159427935546827,20.01522213180691,23.896431119302072,23.345019313536856,13.485345046165403,23.966726143042266,26.783803828034642,24.473581742675226,26.144672682969098,-1.6710909402938725,28.359916475164283,28.061569973627055,28.026260653834502,0.2983465015372282
1922-06-16 00:00:00,25.512258014653458,25.38054064617908,26.339241102695077,27.265518782597432,21.967886094156906,20.646258521718334,24.37778873402005,23.987614064949483,11.779185631408424,24.478673112328398,26.026517733879295,25.077710537097968,25.130623877143442,-0.052913340045474655,27.680345204330706,27.907588810849443,27.310510192202837,-0.2272436065187371
1922-07-16 12:00:00,24.595929866447754,24.129821166810455,25.193519647762677,26.66478284058467,22.58987240278003,21.281963462265274,24.8352312542321,24.626585346321985,10.525291117573516,24.86840978846983,25.28693993572475,25.548573237980193,24.191161889351665,1.3574113486285277,26.875648499615135,27.682914384925127,26.58797998754056,-0.8072658853099917
1922-08-16 12:00:00,23.662313990424597,22.960056399648472,23.448585580119104,25.63073497333388,23.11180801857541,21.832051473261497,25.235900681720437,25.125705576764346,10.008844568742594,25.18576894433136,24.819347103380423,25.864055436358395,23.4985116708825,2.365543765475895,26.71688343758414,27.491450008732976,26.527454374409913,-0.774566571148835
1922-09-16 00:00:00,23.496211878038295,22.926365484440076,22.765498414049418,24.724986189510645,23.389997201741632,22.143607610359474,25.61138230225581,25.637472509982896,10.06239539797223,25.503098665226368,24.820575855768134,26.256051596683374,23.456215380434944,2.79983621624843,26.839403450979958,27.614500714010564,26.758946356615912,-0.7750972630306059
1922-10-16 12:00:00,23.92458299233992,23.639974305436013,23.236725033068044,24.532518905571393,23.27509302949643,22.09466650905543,25.522844722101333,25.5641969384364,10.833726141258081,25.460049817658675,25.23136331323935,26.226638299900554,23.97078819831249,2.255850101588063,27.085943001587697,27.928438867202782,27.10607856307954,-0.8424958656150849
1922-11-16 00:00:00,24.463284143978413,24.054369789632627,23.640478428743638,24.77048334430557,22.504544935625717,21.395162616783644,24.97591090986681,24.84805556768568,12.32262376531832,24.893367589768477,25.73868178145669,25.579933777879237,24.78642392464619,0.7935098532330471,27.178214630333336,27.958398593444066,27.229146267366815,-0.7801839631107299
1922-12-16 12:00:00,24.888651307792934,24.33246635913936,23.942185399921172,25.10991373589893,21.478629811658926,20.363108425466155,24.22553778038275,23.956830482146568,14.434145688373645,24.152884484585158,26.179608998770675,24.819266902846433,25.51193263522845,-0.692665732382018,27.02257913117978,27.925903266251254,27.30388820162189,-0.9033241350714754
1923-01-16 12:00:00,25.506639729928228,25.06346281573861,24.60861998657873,25.484495106616972,20.597920646616437,19.544813288331042,23.560556832302264,23.224208787817755,15.797205614616617,23.530474465713304,26.559735927424338,24.209935501283226,26.271626801694254,-2.0616913004110273,26.684794218506557,27.95266317691546,27.13637251628575,-1.2678689584089042
1923-02-15 00:00:00,26.21989090044887,25.74995982677728,25.543911625074458,25.954488777966045,20.11171342984113,19.10279390776011,23.230445601025796,22.783062654598233,16.439480981811258,23.24049532126055,26.927455343859858,23.889540445841547,26.84268324101236,-2.9531427951708125,27.028123276875743,27.98518465902402,27.517582865225076,-0.9570613821482787
1923-03-16 12:00:00,26.635634881529388,26.539398180888455,26.38907743920331,26.50545973105707,20.05266323554322,19.142482725935537,23.31324745807688,22.779015400538157,16.089250197564283,23.32572861854446,27.230088293583215,23.91454573434351,27.09867632416042,-3.1841305898169097,27.70538976316962,28.199897892173254,28.01118898280987,-0.49450812900363417
1923-04-16 00:00:00,26.88316908521574,26.913920387629297,26.847029624560314,26.92829651935509,20.440544546816355,19.454557778683633,23.555036634710675,22.97468932958164,14.94223722658897,23.585529115523954,27.24533070894279,24.116544961600006,27.060119763929848,-2.9435748023298416,28.367231885659386,28.15579175842819,28.363382239194134,0.21144012723119587
1923-05-16 12:00:00,26.447224610611414,26.546384462342974,26.873839160543447,27.27993944719518,21.12546171878002,20.04450702251085,23.893048087722676,23.347544155021364,13.13423486744747,23.96561682369804,26.793957552052042,24.487238561472953,26.33711102126531,-1.8498724597923584,28.464968555085488,28.04323468250741,28.15142111811967,0.42173387257807704
1923-06-16 00:00:00,25.163296463903468,25.332288640351564,26.22371887979187,27.11298752948435,21.94222463452722,20.674806370480017,24.348741616549418,23.964975548972507,11.395308262993748,24.46399851368174,26.010630032657318,25.07489389725871,25.307191955870817,-0.2322980586121055,27.65021964858077,27.948308545112905,27.29036032420754,-0.29808889653213555
1923-07-16 12:00:00,24.252583409422925,23.839128640242837,24.812438518088577,26.42231627114332,22.64625751755326,21.371985027784117,24.793972045262706,24.591681891005187,10.086185180026598,24.854301301615106,25.24512068644983,25.528439434850466,24.331768786876026,1.1966706479744396,26.77041576678646,27.68050339686426,26.495179486005114,-0.9100876300778005
1923-08-16 12:00:00,23.520987256695218,22.85836608687292,23.297807292168176,25.499879651321827,23.18604599354389,21.928054958390458,25.188441438791013,25.057939207670763,9.518240109480358,25.176177034217513,24.80503977962377,25.811895965253758,23.65277160533608,2.1591243599176764,26.644129139199382,27.54849676442839,26.44366625480107,-0.9043676252290069
1923-09-16 00:00:00,23.48743532664666,22.9834847429346,22.7775090405177,24.729564754507482,23.38300517102632,22.12403965158126,25.589110138378437,25.578050876350183,9.790848248450255,25.506504935213904,24.827609742900396,26.21229607686321,23.606776929107507,2.605519147755704,26.854437577788868,27.665041409037897,26.76127530408396,-0.8106038312490291
1923-10-16 12:00:00,24.06251015217491,23.786958038767946,23.332297049574887,24.673865572057604,23.200257115837786,21.994321807597867,25.536736069727358,25.570569544593962,10.935076220450677,25.48278146565311,25.2705574613674,26.25124049736323,24.17151880797082,2.079721689392411,27.195383670302643,27.93791868471735,27.286042228926288,-0.742535014414706
1923-11-16 00:00:00,24.569118638304044,24.18760110087359,23.905141196262125,24.988219858134478,22.422577347060987,21.313524026081268,24.969770258771156,24.807131845291703,12.688547796298858,24.88667895118469,25.807807219544724,25.563615419038616,24.864072490914953,0.6995429281236625,27.322147832985202,27.92659568193257,27.432618602474143,-0.6044478489473697
1923-12-16 12:00:00,24.84018105165519,24.21180075949425,23.94854805899709,25.266736198185026,21.484768528081478,20.500644890708852,24.29089654111955,24.025920906979454,14.550729479889558,24.202042344431124,26.205705614836624,24.86929433632712,25.52374115908177,-0.6544468227546503,27.068734125467063,27.970617075222798,27.32225348543264,-0.9018829497557341
1924-01-16 12:00:00,25.482011109147148,25.004636389537165,24.4351198138698,25.500612505015283,20.56214885979288,19.595079479629316,23.551949541590343,23.217317644829944,15.800977787592716,23.508614910167243,26.587464669784485,24.20035444784288,26.251657151416463,-2.051302703573583,26.883026686875024,28.051607600377345,27.363101621520325,-1.1685809135023213
1924-02-15 00:00:00,26.344720850249633,25.613744543799907,25.404269967871816,25.883304173549277,20.012331561020655,19.054902602726933,23.13581164994593,22.73517371471568,16.284317640097935,23.14980027162195,26.9329817333656,23.861049169993958,26.854629697734335,-2.9935805277403773,27.118468873788288,28.0723787334514,27.667416963763646,-0.9539098596631135
1924-03-16 12:00:00,26.67303053892061,26.379058713751867,26.326164213748157,26.408185410323206,19.939264052868513,19.03081468741923,23.141231434136277,22.67815328374209,15.97954260745294,23.196747650473846,27.24287422701613,23.860100774388627,27.09808203475669,-3.2379812603680627,27.673724249130288,28.2003882096124,28.011850524968544,-0.5266639604821108
1924-04-16 00:00:00,26.83234451355531,26.834146211366537,26.788433785074954,26.86171270993985,20.228453672968026,19.267158841316125,23.33080285880633,22.822113583108596,14.639442247611695,23.39412888880623,27.22275404261014,24.00362977711018,26.98685029818846,-2.9832205210782803,28.289733157901424,28.18117930341292,28.23262989294313,0.10855385448850186
1924-05-16 12:00:00,26.297071784783366,26.50589730416078,26.963991734917915,27.326577206860502,20.90233408346419,19.807663748101927,23.690114961038837,23.155012344899827,13.132462630097761,23.77759806049805,26.75372652766925,24.341816238989125,26.256521323288162,-1.9147050842990367,28.424029320307728,28.078131312412285,28.05328897012761,0.34589800789544256
1924-06-16 00:00:00,24.899050926022504,25.1323328040425,26.21030458254012,27.26856571965829,21.886456603304318,20.715344537533102,24.23479452148584,23.92201053858797,11.542163451739084,24.371313806250424,25.95022898889146,25.0272390982978,25.205026359411782,-0.17778726111398058,27.590549695016648,27.969856755604628,27.25776288881783,-0.3793070605879798
1924-07-16 12:00:00,24.134844153935372,23.57341378376068,24.653772816443574,26.441222596676955,22.60750680698853,21.428550788153142,24.706138780121044,24.550205606197682,10.577457293137023,24.78205363886705,25.187926681218254,25.473287020339857,24.212326457068045,1.2609605632718122,26.81228890718252,27.74128691714885,26.600086447801523,-0.9289980099663318
1924-08-16 12:00:00,23.36209804636207,22.561849833623533,22.99000836154159,25.32839005996169,23.164841341704733,21.92323151075806,25.12451461483284,24.984441269319166,10.00992895531664,25.09940871663179,24.730588070559993,25.72149184086826,23.523082238544944,2.1984096023233164,26.698528371087534,27.536283436465986,26.519913572185033,-0.8377550653784525
1924-09-16 00:00:00,23.364512151161005,22.71058241521293,22.42716605357177,24.48004114876737,23.379603713643586,22.146069436159774,25.5579788394765,25.535183802628087,10.1980206464503,25.468694415976977,24.74287493472138,26.17510344885656,23.42411173343198,2.750991715424579,26.8078221542139,27.642145020098617,26.719656493645072,-0.8343228658847188
1924-10-16 12:00:00,23.853720043040347,23.490221866035846,22.96849996648707,24.322020660576037,23.192658396704193,22.012184771859637,25.50541355992236,25.490735680118956,11.145697914351286,25.441723346877843,25.15594559370139,26.17144981696844,23.957510393468336,2.213939423500104,27.114409844441425,27.93056226772425,27.148792017581815,-0.8161524232828263
1924-11-16 00:00:00,24.31416265824787,23.911524690136797,23.517095475033834,24.584999232366645,22.48927197684596,21.412211952183434,25.04428968814151,24.86533353345303,12.484968665411474,24.954488613143024,25.679980455003022,25.61511337005257,24.772610448094998,0.8425029219575713,27.24646968567659,27.872213798855697,27.30921494293703,-0.6257441131791062
1924-12-16 12:00:00,24.77826930116226,24.108237653327485,23.669499617719726,24.963903158120416,21.48726010140112,20.437528663743393,24.32142649978189,23.991028291886103,14.171279044051536,24.227756862181945,26.12841752486733,24.868489574904192,25.55969247598997,-0.6912029010857772,27.165783190659166,27.901111363608685,27.457783731439545,-0.7353281729495187
1925-01-16 12:00:00,25.429888513315465,24.730275403637563,24.317844879694306,25.372538475109593,20.52540427952226,19.51276397013014,23.567813716371923,23.147303909530454,15.434563552335561,23.526199337200477,26.552080548048647,24.185354867875322,26.313930172871586,-2.1285753049962644,26.935273046419212,28.080128005784665,27.405065027734224,-1.1448549593654533
1925-02-15 00:00:00,26.12447566960507,25.409354757719107,25.22396935855843,25.615241118092747,20.003230302566614,19.04006748186749,23.182638777219438,22.731539933095572,16.12305683640961,23.20318597468422,26.908789829142986,23.86475150755827,26.829170633488918,-2.9644191259306467,27.154285284218922,28.113706732817963,27.65506933469434,-0.9594214485990413
1925-03-16 12:00:00,26.584464568055516,26.125914004810014,26.012620381126705,26.107804355521665,19.91444655664271,18.98983142561225,23.163811658107573,22.667492279064685,16.125206606176913,23.20897078246907,27.183848923497468,23.829236226148165,27.07402650472388,-3.2447902785757137,27.672447277898407,28.192270248988514,28.032289925109783,-0.5198229710901074
1925-04-16 00:00:00,26.797146350849474,26.582546515582308,26.466102041372476,26.58122481874298,20.29933652951352,19.28901186356272,23.389726908175053,22.82933699307607,15.100564412649405,23.443840971717005,27.17493342703981,23.9837078292521,26.882151823430938,-2.8984439941788374,28.32983383023804,28.207694506063575,28.411799150776574,0.12213932417446571
1925-05-16 12:00:00,26.386721711756074,26.304173664047124,26.756656281050937,27.026325535621652,20.97981023702876,19.82041464658104,23.727342540330795,23.152869877378663,13.315815981757936,23.811195373618485,26.7040537685401,24.3237377812977,26.158452238452817,-1.8347144571551155,28.421938588332534,28.103358854257056,28.17181541802424,0.31857973407547746
1925-06-16 00:00:00,25.301329618583335,24.973264424483112,26.095954906736623,27.03230735782092,21.905749781612744,20.598291196986025,24.201842545170425,23.827720410422234,11.682375622409971,24.337099038959416,25.925581580765215,24.94472701772189,25.05634847663897,-0.11162145891708164,27.548572071829348,28.104843128527794,27.257325145250977,-0.5562710566984457
1925-07-16 12:00:00,23.865089610088045,23.53097979475934,24.671562692611076,26.3064319158082,22.537281318462682,21.25241357743774,24.634019694836443,24.406307678908988,10.620248964099561,24.714602083497137,25.15788352397877,25.355387852608747,24.08850646077948,1.2668813918292656,26.760809026523553,27.883254797806178,26.530982039796577,-1.1224457712826243
1925-08-16 12:00:00,22.926512120516207,22.423291623730815,23.045250864917996,25.34178295007774,23.141077138461895,21.8827012168034,25.076194518477635,24.916179273485916,10.094023991611039,25.07617335517066,24.6995937329955,25.683015218052265,23.407210799730848,2.2758044183214174,26.65917964200366,27.6648071768944,26.48036725629839,-1.0056275348907384
1925-09-16 00:00:00,23.063085730399642,22.416082336040365,22.406146022279216,24.554166544906554,23.31949392095454,22.02738734089462,25.47245601950443,25.39697580697726,10.333417399405983,25.386284200482866,24.716315897095097,26.052560382617997,23.38670995101166,2.665850431606337,26.817367699456216,27.755731707767556,26.74881903029771,-0.9383640083113391
1925-10-16 12:00:00,23.518401651525533,23.05829726111001,22.80304469180311,24.47241650607577,23.15457392896808,21.8771978438197,25.42844918574501,25.375304603445283,11.147255059690877,25.37829499126289,25.14313236850484,26.070275169980608,23.971775733019257,2.098499436961351,27.044651702559165,28.026371049831095,27.112319973555607,-0.9817193472719303
1925-11-16 00:00:00,24.105264420728506,23.732014073408486,23.366842259452415,24.658697276185066,22.49471814737245,21.34364218742072,24.978377761856038,24.772729329128676,12.687176262399138,24.90291977307061,25.664706030418248,25.525840152319457,24.709221961396203,0.8166181909232542,27.071828020772692,27.92608007027511,27.079478712905917,-0.8542520495024171
1925-12-16 12:00:00,24.532298927078156,23.633507420428415,23.370757843824837,24.83952755842259,21.535474366653194,20.455781245873034,24.28041687827028,23.924425783940478,14.293141300574455,24.204404135777214,26.0447805792737,24.7804803793501,25.545251985106816,-0.7647716057567173,27.03549323648112,27.82887514550524,27.265300779186084,-0.7933819090241201
1926-01-16 12:00:00,25.203006056470223,24.553941175948363,24.039290314534068,25.27981746993183,20.594315628172172,19.551432426600098,23.545995819998996,23.103066120561717,15.7947835264178,23.513515121796317,26.45845367501471,24.102071902227202,26.223870176401665,-2.1217982741744628,26.843096275938017,27.93207225177408,27.329035512340358,-1.088975975836064
1926-02-15 00:00:00,26.059392083882788,25.565680816223633,25.240892303455762,25.733081828066773,20.063011393554977,19.091561768320076,23.176455148955533,22.71288827404184,16.278314132659848,23.200108186732812,26.860059447243543,23.822406344417246,26.70462069253954,-2.882214348122293,27.040992366857587,28.091731275748753,27.57691166391809,-1.0507389088911658
1926-03-16 12:00:00,26.565836688893693,26.079523507202296,26.02477822119959,26.28747172604297,19.943946348339864,18.999348732181858,23.15553576498141,22.635687068866584,15.898080437922411,23.20213603809977,27.144512381256348,23.80178485950167,26.948191135375954,-3.146406275874284,27.599211110014743,28.189841929104315,27.920343663253007,-0.5906308190895722
1926-04-16 00:00:00,26.724882617958734,26.706875803181426,26.496340669935567,26.609891899957752,20.302256939521495,19.303380122127383,23.409728186741983,22.864746011348043,14.984747621733943,23.47166443892924,27.13008683819104,24.02126010827382,26.887593137030127,-2.866333028756305,28.213181366108703,28.132792927845824,28.287872150513714,0.08038843826287945
1926-05-16 12:00:00,26.511396116706976,26.352426705173134,26.75851654667248,27.012134696638835,21.11634784147175,19.96512558189246,23.818085875116026,23.29267082102066,13.233096479031198,23.922661626790994,26.679195105602407,24.432429077608827,26.152469627331183,-1.7200405497223556,28.29873022266788,28.01959713847649,28.041030811784665,0.2791330841913897
1926-06-16 00:00:00,25.494858731606076,25.105057706807862,26.065542392339573,27.014077473316146,21.898347921570956,20.61113711036798,24.294034863326655,23.9705274267372,11.64970021202863,24.438469059758727,25.9356453382141,25.08007067904584,25.033990478912866,0.046080200132973204,27.507782137936193,27.954920552886154,27.229450524227573,-0.4471384149499613
1926-07-16 12:00:00,24.357313379365714,23.910698503372693,24.784735706722884,26.38665918323297,22.57876453980274,21.300309254190385,24.765038218322076,24.604845552605425,10.671215420551068,24.822863657395608,25.215039098383272,25.521670701380447,24.135668767547372,1.3860019338330751,26.833804830717455,27.809595890417548,26.599546380607226,-0.9757910597000929
1926-08-16 12:00:00,23.701794123767343,22.97296895364346,23.336513641210765,25.49272852317688,23.174808271691017,21.886760707402587,25.214581339211144,25.118090693475345,10.23638700372686,25.17741841589415,24.7969111156707,25.834890143134192,23.47114904875198,2.3637410943822132,26.674482827882972,27.615141423999706,26.47685448240874,-0.9406585961167337
1926-09-16 00:00:00,23.53664689397373,23.05433229869196,22.803329196238167,24.75157081345089,23.3936506779514,22.144487145390894,25.606458912568407,25.61148968059695,10.457953053814613,25.50693225011325,24.82712167969352,26.231306070449616,23.48418825610241,2.747117814347206,26.864500168065323,27.705708811275198,26.760354524307775,-0.8412086432098747
1926-10-16 12:00:00,24.01126666348025,23.761435234674796,23.303265489399234,24.695603249551045,23.289387745457773,22.13950231033229,25.570141915818436,25.624381619047433,11.291066390267973,25.519313919239785,25.26386166331919,26.27591071480542,24.074883278960694,2.2010274358447255,27.192046255782582,27.952247534382582,27.209243793962674,-0.7602012786000003
1926-11-16 00:00:00,24.665246625342505,24.422890994606504,23.939110039269192,24.940889525546183,22.588956680964543,21.490434008936077,25.09081691446958,24.958748426858186,12.94785011137155,25.00307316192324,25.82629670672801,25.67213282901006,24.841566392855107,0.8305664361549532,27.315508614059734,27.902159918515075,27.384414865292204,-0.5866513044553407
1926-12-16 12:00:00,25.061573187057746,24.66586579169311,24.134350095190698,25.36842052404154,21.548426348739994,20.485431929444765,24.39514326746247,24.10030732063604,14.677709021929756,24.279629853592336,26.278943451887155,24.94109660502548,25.489230505552847,-0.5481339005273682,27.08969184401624,27.886682531772532,27.351906974571556,-0.796990687756292
1927-01-16 12:00:00,25.700309217862365,25.335468923310454,24.821319155420372,25.80205722277412,20.670405672102795,19.660607026848396,23.6331477968957,23.26989578160071,15.938219413799242,23.59153393286708,26.693462554243446,24.256674944540045,26.131402752110848,-1.8747278075708032,26.865216126549353,27.920195933565495,27.32501543449654,-1.0549798070161422
1927-02-15 00:00:00,26.4485641890282,25.699134020769243,25.676629541375213,26.166762143107412,20.147106129657345,19.185793907710966,23.189854418960348,22.81140215336823,16.544774514566978,23.243503545669803,27.057212580601174,23.928788825276047,26.66428514410683,-2.7354963188307835,27.085718050204772,28.061548181578836,27.573571389986164,-0.9758301313740638
1927-03-16 12:00:00,26.951145183131413,26.429346652437193,26.305204120528796,26.508004009716164,20.057032901280966,19.118802375453235,23.17221133751788,22.69893496053872,16.225431491742647,23.25956726452667,27.3242770157103,23.887358466661798,27.001462227254162,-3.1141037605923643,27.760352521376387,28.19612745231504,28.036887771647013,-0.4357749309386527
1927-04-16 00:00:00,27.20026342434795,26.953016962296623,26.97346940600985,27.08663996038759,20.34145542655687,19.3385871645956,23.44569657632861,22.906875880623616,15.112038893004337,23.514552642393525,27.33164581875047,24.07082281497509,26.963239746626215,-2.8924169316511232,28.46452004473967,28.236575318075904,28.465628289683945,0.22794472666376464
1927-05-16 12:00:00,26.745964777910917,26.88730406155239,27.139372042477994,27.461670323046036,21.00272798696787,19.759086024250713,23.798114118190824,23.276326915682535,13.498642396135796,23.889273873835343,26.879190535296708,24.44175977949322,26.374657573173064,-1.9328977936798424,28.405585988478325,28.08695674290386,28.068129298848223,0.31862924557446703
1927-06-16 00:00:00,25.300265052875336,25.683746145346547,26.776880131336316,27.584054905963352,21.751890598917093,20.389624163166555,24.254957838806735,23.889043504637307,11.84788558783609,24.380392242549224,26.138398005074844,25.026311001483787,25.365849457933663,-0.33953845644987624,27.603998996409825,28.030988181014333,27.30568098129995,-0.4269891846045084
1927-07-16 12:00:00,24.317038109653385,24.218056360930536,25.400014619802548,26.90332536381835,22.394275503571404,21.052106898772468,24.688277807144512,24.470285148648355,10.591882348402416,24.740845383876394,25.3908377221141,25.436157449690782,24.347679024618788,1.0884784250719939,26.880670999272386,27.83969882145067,26.647961929869382,-0.9590278221782853
1927-08-16 12:00:00,23.564269425377553,23.057872401166478,23.67817837247409,25.824203209094723,23.014239912913503,21.71605855042031,25.082697090925606,24.911802486354095,9.966233342695244,25.065502666154757,24.93031443548001,25.71254856611237,23.62638329313751,2.08616527297486,26.682517045888932,27.660200664748636,26.545461375693733,-0.9776836188597038
1927-09-16 00:00:00,23.516604002985197,22.895594162535737,22.753949510476073,24.825286848849114,23.302809109829635,22.03054151097646,25.46624924357951,25.41639552014954,9.968736577227228,25.39389664519387,24.93613176955746,26.09766574199687,23.525615087011335,2.572050654985535,26.924186754405536,27.708527340574822,26.903117901188345,-0.7843405861692858
1927-10-16 12:00:00,24.04767576420789,23.740618635220766,23.280023350098624,24.62078706331172,23.222411148171844,21.998523116275372,25.430199186459106,25.436442470136647,10.803642928971229,25.404851689124165,25.34327068771288,26.14066374465516,24.013637788672245,2.1270259559829157,27.19043677939342,27.937701152168856,27.20573351880385,-0.7472643727754367
1927-11-16 00:00:00,24.63050744345013,24.332550159572286,23.886366159073667,24.892701798061445,22.65057855854787,21.563892561472283,25.057618187703717,24.944221049469483,12.278330923884731,25.016393095917337,25.878578616232954,25.67231317521654,24.66092203702988,1.01139113818666,27.362059908954947,27.958471847734288,27.47134372305893,-0.5964119387793403
1927-12-16 12:00:00,24.990461539214593,24.385415993582303,24.00084362042654,25.202887808609677,21.70699360987732,20.66449880606356,24.385080232206217,24.132433143852396,14.013193241999508,24.33048116518498,26.299025475098208,24.953541259279238,25.432811850975447,-0.4792705916962099,27.055242300658236,28.01439748557054,27.303152018980597,-0.959155184912305
1928-01-16 12:00:00,25.692305509143747,25.150642824715128,24.691707868540846,25.73361329997073,20.813825184230325,19.82688328103782,23.692432185998353,23.353059628333757,15.31030168434806,23.691319603434685,26.717489111490966,24.33184554496878,26.190564027408684,-1.8587184824399046,26.89442808909393,28.153129978268105,27.348217125560698,-1.2587018891741764
1928-02-15 00:00:00,26.564477248527712,25.755953014315352,25.683966526051346,26.152024813643735,20.287283954428357,19.35246275475906,23.383196891000715,22.973622282174354,15.89900539766072,23.42234373655687,27.090735680676254,24.06914367914467,26.726981088894252,-2.6578374097495825,27.15395878750295,28.09559874984209,27.62511498077108,-0.9416399623391385
1928-03-16 12:00:00,26.9660465335875,26.315094402538183,26.40475322667477,26.637710165924993,20.19429811456183,19.318720367025474,23.44864561050535,23.001474961713708,15.849735637835597,23.50213901471948,27.344683601899202,24.13821318370153,26.97958751694054,-2.84137433323901,27.718791123982665,28.160404458387962,28.035208646034956,-0.4416133344052966
1928-04-16 00:00:00,27.09154876325643,26.854067776330023,26.7320203458573,26.958356601592705,20.493621072377422,19.62244265211655,23.671605039279047,23.16565139300861,14.503707823011162,23.730234415794705,27.345949675842483,24.314403253195895,26.88013154631854,-2.565728293122646,28.33004140905412,28.165934266147676,28.382587406906737,0.16410714290644535
1928-05-16 12:00:00,26.481496049532034,26.71483238489445,27.099497459134586,27.36766145099021,21.2159363088807,20.144699228435254,24.02059059142303,23.48474548383086,12.836183922921794,24.11171360811898,26.86575624192088,24.636912615172406,26.095500900637244,-1.4585882854648382,28.50555790844273,28.123583786586295,28.23104861335043,0.38197412185643387
1928-06-16 00:00:00,25.188655028658154,25.445094888773735,26.3678746651208,27.25020558996161,22.060416798192897,20.77663046055421,24.47490762401107,24.06763763789573,11.425545657795377,24.58949827063481,26.070042698319146,25.178044204945806,25.023741721751087,0.1543024831947193,27.6664857235174,28.045125601129712,27.402668151455558,-0.37863987761231144
1928-07-16 12:00:00,24.31202718666525,24.13992227330368,25.23144535232278,26.69114929332313,22.711744426097958,21.423346285420855,24.912525432065422,24.688011482888285,10.250975983330834,24.9552968257182,25.339470999120564,25.59791290604511,24.16736501840018,1.4305478876449307,26.926438128380433,27.845268681248566,26.690481035648634,-0.9188305528681333
1928-08-16 12:00:00,23.719365021995177,23.098817066450927,23.64144870935867,25.846120148482665,23.212181613732014,21.95458908047778,25.331691685748037,25.182778000677466,9.785049512309078,25.279670164793288,24.91098400082059,25.901309022905235,23.468567828146274,2.432741194758961,26.773386778039146,27.616436692053046,26.620898794420555,-0.8430499140138998
1928-09-16 00:00:00,23.613367259824738,23.137416671213224,22.979566183754756,25.011267769071356,23.357925516142412,22.09994210978161,25.669036788291447,25.61610544339361,10.010915249532328,25.56164734898785,24.914822392373438,26.245824994955715,23.39216936259235,2.8536556323633633,26.98565583735794,27.66606031837462,26.888204564629635,-0.68040448101668
1928-10-16 12:00:00,24.03315544456549,23.75943691987463,23.32121086550691,24.729516912231535,23.233274472814376,22.0872210394145,25.596165221813628,25.582502301108114,11.037165120430878,25.533044072017724,25.310150687357993,26.253377019211232,24.047140119187855,2.2062369000233772,27.278933980956904,27.969915038385913,27.265426203130133,-0.6909810574290098
1928-11-16 00:00:00,24.56659713802754,24.406094948805546,23.999156946760444,24.94578112294781,22.550531001163876,21.50133918548219,25.112999770195728,24.94127912699718,12.563091524783891,25.03671380461845,25.860808581723944,25.682569783678492,24.810908756612285,0.8716610270662066,27.313766506628284,28.036055900488115,27.282635557357406,-0.7222893938598318
1928-12-16 12:00:00,25.07870341842433,24.770824979154938,24.284032055872554,25.19920562080292,21.453689410778583,20.425054687992603,24.308773710683962,23.991507757480317,14.3500781381066,24.237818871592864,26.305418893484617,24.86056042532841,25.495268841862305,-0.634708416533897,27.107953912146296,27.980772594830068,27.326738032173978,-0.8728186826837714
1929-01-16 12:00:00,25.83575500986521,25.36393165692396,24.802414739044636,25.546703585007304,20.552277322851666,19.55946955648011,23.555246740726467,23.155837909488174,15.621460381738405,23.537685511895738,26.700893025211318,24.179205208412053,26.263168771661245,-2.083963563249192,26.94204320118417,28.03101003945475,27.50109008013922,-1.0889668382705793
1929-02-15 00:00:00,26.488877984801466,25.959907263289608,25.902379592715604,26.17226670016216,20.06646666985372,19.175001061385558,23.184433611261277,22.753536868236747,16.445748374211604,23.233737097162965,27.093495713229245,23.884830949707485,26.83593010869361,-2.951099158986125,27.204550838869963,28.107386580676913,27.733108172122247,-0.9028357418069497
1929-03-16 12:00:00,26.788029943098334,26.5054343263374,26.489931874400174,26.732353704378458,19.996569570385535,19.115834349811525,23.176193099339162,22.68712986062532,16.080652732016482,23.253788562432877,27.37330774483337,23.86489000284242,27.05366380141178,-3.188773798569361,27.768106221587825,28.215376143378222,28.12961492254274,-0.44726992179039726
1929-04-16 00:00:00,26.78923187032444,26.91130649167367,26.875171916424325,27.109753005583144,20.273756261026527,19.324854078253665,23.359725997195536,22.838625092770442,14.691982841792925,23.455544378865213,27.344955541986742,24.00993329973858,26.95032455078798,-2.940391251049398,28.40235272493205,28.240835061544914,28.492115686495573,0.16151766338713713
1929-05-16 12:00:00,26.149438486631343,26.551803796910473,27.051737225602757,27.509914417930883,20.940263052918272,19.800733961408124,23.715333942846552,23.192060470973587,13.054261979792496,23.841106457892437,26.84649231826777,24.375993595117208,26.159644471769347,-1.783650876652139,28.527829265328176,28.104127124160613,28.251806728778888,0.42370214116756344
1929-06-16 00:00:00,24.688908301920346,25.13885375489438,26.344020629644884,27.40949480628786,21.81420184843926,20.570775650237238,24.188783402632872,23.86276358018825,11.501513287764505,24.367089079155193,26.047421082834614,25.005953556884787,25.166466325600954,-0.16051276871616693,27.736883020577494,28.04563031727075,27.41416942729252,-0.3087472966932552
1929-07-16 12:00:00,23.951157260666275,23.636922259251804,24.88908189953511,26.645416161748273,22.479056091059288,21.249609606069242,24.654826294011798,24.47924243626679,10.380107301348412,24.761663765668025,25.275391158715774,25.438668534911773,24.293519682753825,1.1451488521579485,26.923911465850097,27.811669303910964,26.71483463949608,-0.8877578380608675
1929-08-16 12:00:00,23.35237592665821,22.552599298841706,23.09592870161634,25.43717262383224,23.059420330378376,21.817316120488613,25.020586412451678,24.852737018459017,9.91092570203728,25.049129694549148,24.80603532629471,25.656516933626214,23.607089340486972,2.0494275931392423,26.762593930284794,27.6052177519012,26.590603078799113,-0.8426238216164066
1929-09-16 00:00:00,23.198705790934284,22.545741753487977,22.394565571792043,24.456095344264703,23.296676553456336,22.0600739861905,25.390343389783727,25.316737027480507,10.20330353954191,25.36988834527493,24.789889444319943,26.030293560359606,23.577119136932946,2.4531744234266597,26.935257601272543,27.59510575606569,26.844046608276724,-0.6598481547931456
1929-10-16 12:00:00,23.806142216479053,23.28168716143489,22.875395731381264,24.211188135812307,23.13486426197817,21.98275568345123,25.376361841570343,25.359679638257784,11.076324112836565,25.36963101245788,25.183001184586995,26.08384252095391,24.162929762211064,1.9209127587428476,27.250477868637848,27.880467379440667,27.277935718173943,-0.6299895108028188
1929-11-16 00:00:00,24.371214791269228,23.723484101697345,23.381874945813788,24.553617691384286,22.524436695414902,21.437957172931252,24.928704017021413,24.738617021551907,12.58224025605343,24.889320352346417,25.698708244970447,25.504621531216515,24.952064003044068,0.5525575281724464,27.230648418001,27.92861692130845,27.252884816549987,-0.6979685033074503
1929-12-16 12:00:00,24.580780669241687,23.79782721069269,23.458886362289338,24.815490866740312,21.537185670041538,20.544392881749797,24.263218304730984,23.940118966127663,14.480588132812136,24.20478418870174,26.10500930005912,24.804224664605197,25.63172421504713,-0.8274995504419316,26.999176032608393,27.961532469983887,27.19484127932921,-0.9623564373754938
1930-01-16 12:00:00,25.254344409905002,24.63426236216473,24.146705561670206,25.35760294990631,20.633074845386812,19.746397080323998,23.56975463437257,23.210434506950406,15.881053522871191,23.578502568089185,26.530668996103373,24.193274984821155,26.336927369583837,-2.1436523847626816,26.813930017967536,27.95990082923538,27.25799531890542,-1.1459708112678442
1930-02-15 00:00:00,26.052364782397028,25.42413933516049,25.203480500973438,25.759816930063817,20.12861797462127,19.26858032526695,23.222026375786985,22.797706632021903,16.500188846651675,23.268917402149693,26.881728564329656,23.883926953071505,26.810594958679637,-2.926668005608132,26.997287249184172,28.05722933318858,27.462747430445905,-1.0599420840044083
1930-03-16 12:00:00,26.44985617224595,25.957723505656087,25.836952828333022,26.10953960169905,20.071715891697473,19.215892625488326,23.25278163035536,22.77672751303718,16.222429571170906,23.308571472562154,27.166748001039263,23.903557532548422,27.00452356627561,-3.100966033727186,27.686284035610328,28.13131800285897,27.989435218256226,-0.44503396724864075
1930-04-16 00:00:00,26.53227992374847,26.455033416881097,26.321649657059467,26.57621394748029,20.49629829832571,19.464147921594915,23.440918898538484,22.90727821627936,14.888156620754255,23.521145287260417,27.13416000316493,24.047040553733904,26.87082181882139,-2.8237812650874865,28.273201207356863,28.099885480480218,28.27495201266141,0.17331572687664476
1930-05-16 12:00:00,26.027188379180327,26.27548059744285,26.647377336578003,26.971081010988932,21.310240894036177,20.145767388004693,23.84175856763422,23.373167303850728,13.026137176902237,23.995434518664204,26.66126915850493,24.511105765389154,26.170552747366468,-1.6594469819773146,28.292223813085872,28.0354702985521,27.975654383899403,0.2567535145337736
1930-06-16 00:00:00,24.636627338604097,24.980840619279448,26.04177983770752,27.03767030415013,22.13023648491634,20.782612862595805,24.296969892299817,23.94545393535194,11.556272399128849,24.483254261005143,25.913478313844976,25.068562279191227,25.25959753979802,-0.19103526060679243,27.537054104372018,28.0142009821324,27.229256114602162,-0.4771468777603829
1930-07-16 12:00:00,23.682763725636892,23.604974461200726,24.80689077988193,26.35673550223357,22.70141160310319,21.36420602045928,24.721251581733075,24.476233302223285,10.479288194276677,24.82313947346094,25.17025794299575,25.44015980083572,24.321945228322953,1.1182145725127661,26.7869712645859,27.81354939356162,26.51725701485841,-1.0265781289757179
1930-08-16 12:00:00,23.47307090010797,22.720137976863413,23.253347359907522,25.471302995516364,23.222190219964254,21.924781895217862,25.171010677376916,25.030394165132776,9.994208476318157,25.170075509503835,24.764709442769615,25.77809398543899,23.645562131825308,2.1325318536136812,26.64556575439585,27.68918771680414,26.466553642918967,-1.043621962408288
1930-09-16 00:00:00,23.405719741204273,22.894012780381694,22.77272687357139,24.80682264927391,23.420632476361707,22.149197471634107,25.52857782120042,25.485229464625853,10.241948518126016,25.468892613351198,24.800880257939433,26.134575198361958,23.56852601833174,2.566049180030216,26.86366197088955,27.837989895434884,26.782395349416973,-0.9743279245453351
1930-10-16 12:00:00,23.93871926616131,23.526629476671886,23.101610435480506,24.63897225880497,23.305347855403188,22.107574624483522,25.46702247170765,25.454876746587647,11.139792342478227,25.448264830501202,25.221254323290758,26.13628751163015,24.099795689204033,2.036491822426118,27.161032885659072,28.077552238831075,27.21828175007605,-0.9165193531720028
1930-11-16 00:00:00,24.296336887348865,23.956807535261518,23.52075823989935,24.750308510174477,22.664391713290104,21.602757859313193,24.988859526350648,24.802414217391828,12.86524412503853,24.95480850468406,25.72962498240189,25.55425515907481,24.822361711217916,0.7318934478568941,27.283162242900765,27.982050218381424,27.314283314538912,-0.698887975480659
1930-12-16 12:00:00,24.578806592239577,24.071173666902016,23.69246518568897,25.01840456599564,21.59530211129203,20.503246717771603,24.215642719385837,23.879228187735723,14.470182111015298,24.166199490146568,26.128896933177693,24.76662791751133,25.611512498970484,-0.844884581459155,27.069421403085055,27.94056705749883,27.26669722426108,-0.8711456544137732
1931-01-16 12:00:00,25.378604306843105,24.90171398516028,24.312705349951074,25.386512069269912,20.684487521353642,19.632459554524804,23.453450849859934,23.028226413688177,15.915532184003455,23.465688217194785,26.5465560984003,24.081598803230513,26.333306526732404,-2.251707723501891,26.877684283532325,28.07364968542209,27.338272778321368,-1.1959654018897652
1931-02-15 00:00:00,26.306412056622527,25.71188338533414,25.382071406079632,25.79220228396181,20.134916417520284,19.118957558447217,23.084063847292644,22.58114224952839,16.46496128260037,23.141164525082992,26.9409716835627,23.748267051478624,26.846225015877277,-3.0979579643986526,27.108014090084172,28.129419108074735,27.601391773321968,-1.0214050179905634
1931-03-16 12:00:00,26.775116422154447,26.278121091087403,26.19799250206387,26.308535728596453,19.999975311861526,19.016917491268657,23.04664066425232,22.48204385001843,16.486335720508006,23.12045231538278,27.243190412072018,23.68611572435442,27.15268070512681,-3.4665649807723895,27.724841681408513,28.23382777359947,28.022285861477023,-0.5089860921909555
1931-04-16 00:00:00,26.98711254935701,26.651399586672472,26.51923544705575,26.70606755678444,20.320785673624265,19.25165873549459,23.28826840895343,22.689975959247075,15.260294553286302,23.375257261667333,27.228751888724407,23.90050825109396,26.90158684317991,-3.0010785920859497,28.36950919694166,28.188213879722078,28.391209285118702,0.18129531721958259
1931-05-16 12:00:00,26.57375665772957,26.49286768352679,26.81393111351335,27.149760290929933,21.11429024283144,19.919625027561818,23.6575319860082,23.121879528544707,13.350499461884619,23.780354580251988,26.770884948032645,24.304405342728224,26.162584959593804,-1.8581796168655806,28.414191293931886,28.046434286555638,28.097884676373496,0.36775700737624817
1931-06-16 00:00:00,25.32861432596609,25.267215203369208,26.26039690608759,27.257080311782634,21.968650344185253,20.653717135523504,24.11387995245129,23.761982621949343,11.799006191410571,24.300899809290605,26.008242372019343,24.901889703639522,25.15623065384897,-0.25434095020944625,27.569291673653336,28.047048939464773,27.214829700846135,-0.4777572658114373
1931-07-16 12:00:00,23.992827287591012,23.857366843821413,24.97351745877407,26.712304791006105,22.649095096385135,21.358090491634826,24.61662552115895,24.436637756057053,10.6395616473103,24.735620609133278,25.262625838739538,25.384977890240094,24.232157559337892,1.1528203309022018,26.786820819963673,27.819882672858327,26.524403127433413,-1.0330618528946545
1931-08-16 12:00:00,23.3847333331598,22.859913239118246,23.423952885793415,25.732404494259086,23.259184855703033,22.0025394132142,25.082423293726624,24.953419893531244,10.204715077893292,25.114144960968886,24.839718632891383,25.723998942265187,23.562267153807223,2.1617317884579634,26.706049571114093,27.565690914212254,26.534885540791656,-0.8596413430981613
1931-09-16 00:00:00,23.272072435718805,22.91689613778662,22.869745737206873,24.95577401087959,23.471739220429257,22.23066102973404,25.510597353372777,25.49936002906647,10.36073211705516,25.47275618073436,24.859245584935042,26.156501327348003,23.53164180301671,2.624859524331292,26.906218420284183,27.706527878660438,26.798583677255497,-0.8003094583762547
1931-10-16 12:00:00,23.843706217775132,23.656572399342828,23.36752966703378,24.892261930602377,23.388837123495644,22.20878404899637,25.546050671700762,25.57101093147146,11.339320512300409,25.525370046171062,25.310684796664557,26.253322700878464,24.069380656479,2.183942044399462,27.2114445118479,27.982565537489467,27.22488489184112,-0.7711210256415661
1931-11-16 00:00:00,24.347326006583334,24.20272142223812,23.920923613829988,25.0562285467587,22.726437185561757,21.677834370710453,25.12523973381407,24.960757932994706,12.601259717464353,25.063044160218876,25.843248988070172,25.69789305884138,24.78987668264431,0.9080163761970717,27.2264593923532,27.96974866128647,27.211004926660657,-0.7432892689332711
1931-12-16 12:00:00,24.85770556419426,24.5662737035977,24.08966193804035,25.21356574025223,21.68736187811594,20.678087814913212,24.421775061562553,24.116962741065876,14.493962048831245,24.330336420144548,26.263530940623568,24.964297577931784,25.53027887733932,-0.5659812994075359,27.116639474823913,27.98876246834402,27.370032757979164,-0.872122993520108
1932-01-16 12:00:00,25.538226244882637,25.103754118498347,24.65557292609244,25.729460688147114,20.794398023753264,19.80859268422913,23.703936841466394,23.291971538947006,15.773882240580965,23.67097379929611,26.65267658444111,24.281949876724322,26.298898586763915,-2.0169487100395926,26.879820316433882,28.04250461343903,27.396538679175404,-1.1626842970051463
1932-02-15 00:00:00,26.270719817163666,25.685824312270135,25.612302199867457,26.113573456521262,20.223070188726993,19.299806561278615,23.326798847225053,22.83685395479642,16.27715792737471,23.344480674537493,27.025847809239494,23.94746508354951,26.866963511252642,-2.9194984277031324,27.12369398325173,28.10131308096082,27.62674320909946,-0.9776190977090913
1932-03-16 12:00:00,26.759724028586607,26.35423712536158,26.27082782541482,26.53389937851928,20.115341930878643,19.266489536979655,23.35361960839545,22.815194797179068,16.124220321757587,23.392013457878356,27.293103411559013,23.955263601461525,27.157505584613006,-3.202241983151481,27.682325103087173,28.261198835469408,28.00766300960942,-0.5788737323822346
1932-04-16 00:00:00,26.956698080903525,26.974241794034413,26.77865151023077,26.871745957825595,20.49859103653591,19.5699300989089,23.60993403115014,23.06525197200507,14.97757420739714,23.6472331232483,27.293208220167315,24.163650780852453,27.032678052462447,-2.869027271609994,28.345906136619988,28.257060658620652,28.39490271352375,0.08884547799933529
1932-05-16 12:00:00,26.561626428892747,26.608584064024566,27.013043828310828,27.3013565455402,21.15866308248688,20.037918238104044,23.947875286173083,23.43821702108902,13.287990651274766,24.021026692857102,26.820419167821246,24.55525301719427,26.225304682330474,-1.670051665136203,28.44898787254541,28.105407405006115,28.198400555905167,0.3435804675392937
1932-06-16 00:00:00,25.533664248248737,25.506658081569267,26.40157640709719,27.277260526194603,21.847008865689563,20.58395608836953,24.357702581531395,23.984137272163554,11.700017004495658,24.453583315325126,26.07919430535822,25.10035660412768,25.138136539824938,-0.03777993569725879,27.687377202536883,28.05955591023424,27.374040092728965,-0.3721787076973584
1932-07-16 12:00:00,24.654195747692068,24.255762461738524,25.296281481257616,26.757000550343086,22.521244072530877,21.291457375201368,24.857444856811092,24.68028806495918,10.530521458284078,24.87629742354329,25.34632483627113,25.594913828747952,24.260799082009704,1.3341147467382477,26.924580121678872,27.847377287419945,26.671893506777486,-0.9227971657410734
1932-08-16 12:00:00,23.79696635824903,23.22204156244062,23.70170686181801,25.856036448220145,23.06067681207284,21.84457487458324,25.26482661612255,25.155711925624935,9.986541468214833,25.203125980001527,24.915765437584124,25.904359750093516,23.634637135637707,2.2697226144558087,26.781502158218323,27.66593551243759,26.61459868099361,-0.884433354219265
1932-09-16 00:00:00,23.522546642989717,23.177975818580496,23.068820650273903,25.075899616387712,23.3543455719239,22.197373812849193,25.634979047231,25.630175015310225,10.149989786401953,25.522327879184978,24.918451745444848,26.271728925497275,23.508939530329492,2.7627893951677827,26.91952219888542,27.760011653209883,26.841453062672493,-0.8404894543244623
1932-10-16 12:00:00,23.949957324101984,23.790141466024377,23.415978223728942,24.782028216935643,23.192044973113465,22.12232187829524,25.56028716350435,25.57465357548874,11.132144533608763,25.47693459254997,25.31675539586292,26.239395616343757,24.039368871826106,2.2000267445176505,27.18884441184276,27.931662423908033,27.17841474925939,-0.7428180120652748
1932-11-16 00:00:00,24.511228301748332,24.410305660159164,24.023879604622852,25.00684578297233,22.502946476208262,21.517380393891326,25.062587549109722,24.884611207357445,12.688727210882389,24.96671065516957,25.835549874370567,25.623567196967276,24.84041123140566,0.7831559655616154,27.33419370548426,27.86241810238459,27.321015976531424,-0.5282243969003311
1932-12-16 12:00:00,24.979881927303857,24.627421540467868,24.273679118696815,25.311442582321703,21.456347517523987,20.497532855424957,24.324091162230875,24.01794672705212,14.49786871207488,24.23624932266832,26.281797588250832,24.900435584567663,25.623168030586577,-0.7227324460189131,27.112070467877825,27.908831176007094,27.342362805275734,-0.7967607081292698
1933-01-16 12:00:00,25.771797995211553,25.214849038595517,24.794093175412154,25.645585885747767,20.52251602110246,19.49567466850896,23.524960572088236,23.118027572689765,15.852084295889895,23.491937221840978,26.714234046104217,24.159145736453542,26.317859217385433,-2.1587134809318904,26.94311469083018,28.16199138961989,27.457140335647136,-1.2188766987897104
1933-02-15 00:00:00,26.402085643668844,25.530052411102396,25.621639992705553,26.11057544589928,20.015656332855016,19.030260986865216,23.126494153007066,22.708117683681404,16.533893265127144,23.162187789397045,27.061080811380634,23.841186664906978,26.911455967460125,-3.0702693025531467,27.158571473818945,28.19884528799405,27.68398708175555,-1.0402738141751051
1933-03-16 12:00:00,26.759809143483018,26.22795414288235,26.27018282487691,26.475064927628363,19.930496516835834,18.895804089417368,23.06002032523349,22.546486836380677,16.222486740187165,23.1193734337821,27.32891688606919,23.74975556507443,27.18511358623685,-3.4353580211624184,27.741006213382942,28.34562748559953,28.07562428847041,-0.6046212722165869
1933-04-16 00:00:00,26.93207506535698,26.79815657069442,26.682622832486704,26.864996983238502,20.355023943469043,19.328316027106865,23.375288378663555,22.873488055719825,14.707218525046674,23.452228804903662,27.311324134374484,24.052361397882652,27.06906531388457,-3.016703916001916,28.40614583621204,28.3002972957735,28.413462374478133,0.10584854043854008
1933-05-16 12:00:00,26.384472592954914,26.59145227131938,26.902117438837774,27.27035063264791,21.087208405491136,19.905008184738385,23.714309075142868,23.222781785739325,13.225537703395878,23.825320262593934,26.84951574409501,24.394354852895155,26.34865680223737,-1.9543019493422165,28.462726828032693,28.14441843412563,28.114589782429068,0.31830839390706345
1933-06-16 00:00:00,24.90522309233949,25.369710411254875,26.490395692535802,27.30444230017559,21.98489645282105,20.70676673980234,24.190757533130526,23.870362433976208,11.636737649127156,24.347938181496986,26.077378824626813,24.994462849704593,25.26863773812485,-0.27417488842025506,27.653808222435774,28.01694167459468,27.289361145683355,-0.36313345215890536
1933-07-16 12:00:00,24.059107039074405,23.918346796285956,25.10033845175951,26.703993784365736,22.701817039522826,21.49086026035801,24.71326010840166,24.57453181131989,10.377358549540967,24.82028241806533,25.31768474232517,25.514057941576866,24.304055821165782,1.2100021204110831,26.831132833115138,27.77515060631338,26.55356040936653,-0.9440177731982438
1933-08-16 12:00:00,23.159444092207163,22.827574519126145,23.390962963305835,25.687161984970793,23.25864616259655,22.046713615277266,25.14878423643267,25.04969967841179,9.93391583471051,25.165124600193824,24.862558175436153,25.808344596897047,23.595340284248014,2.2130043126490335,26.638399604849077,27.640437968555652,26.478765818700595,-1.0020383637065748
1933-09-16 00:00:00,23.28671649118446,22.89382252477421,22.874736929138063,24.90682410833556,23.55640892225174,22.350561080824875,25.581960686016007,25.578199254519205,10.176917942558346,25.539373370111914,24.892348399641108,26.243168300722896,23.591367916501966,2.6518003842209303,26.90397429918973,27.691477241315326,26.846472015785537,-0.7875029421255952
1933-10-16 12:00:00,23.907878053441003,23.60142471888023,23.264854876803547,24.692512266961053,23.353438546380183,22.19914224258925,25.54651088625676,25.505631511786017,11.051877790814803,25.511049168273683,25.296650086909626,26.19578886380781,24.152549110353934,2.043239753453875,27.21197778793403,27.92384928431982,27.217887013533336,-0.7118714963857933
1933-11-16 00:00:00,24.556686578834118,23.983098690260043,23.59447254522021,24.739449158434333,22.615249510820245,21.557564379788275,25.11952301147347,24.912942439953493,12.490111471761729,25.039022519778786,25.81895308501143,25.66865156578457,24.87731315298199,0.7913384128025811,27.401106276490598,27.874524684257864,27.477813461269367,-0.47341840776726585
1933-12-16 12:00:00,24.86896602816009,24.103989354793757,23.739409838759258,25.150498287812354,21.551033724568413,20.528482544073675,24.45259479184285,24.089494926026084,14.438879170730338,24.327784277082436,26.248971193041616,24.963971315477995,25.61718258068339,-0.6532112652053961,27.15870050343726,27.944411017271964,27.4382312078698,-0.7857105138347045
1934-01-16 12:00:00,25.36892047726961,25.050743084715446,24.50155796778809,25.57780063257961,20.622117784787378,19.57752059069976,23.666935523493017,23.1875410501919,15.603219614492685,23.577869700251114,26.676273746493596,24.199397077054368,26.367182004602874,-2.1677849275485066,26.921035999815388,28.136730326903052,27.407217595587806,-1.2156943270876646
1934-02-15 00:00:00,26.20323733309135,25.628789145188065,25.54072667987551,25.948880156093768,20.05136418184665,19.072469638299957,23.259536745367964,22.749925987089924,16.266013773815807,23.240192176018102,27.065226011912802,23.87635415704961,26.884432463419376,-3.0080783063697645,27.21567131296011,28.25785422570941,27.73516250628662,-1.042182912749297
1934-03-16 12:00:00,26.695792462135643,26.15448879130799,26.09831115599719,26.348118432056,19.955132847884364,19.030075311009817,23.260584721001102,22.735275307960986,15.973296040197125,23.279340233760408,27.320284259490847,23.910475359928515,27.110482904004332,-3.2000075440758167,27.779167568226985,28.319210443824637,28.131699265610774,-0.5400428755976527
1934-04-16 00:00:00,26.857570149606563,26.838659610596498,26.650205808178747,26.724993430077372,20.27692706332594,19.242168618172528,23.41458150423638,22.782898342072034,14.941646874843858,23.449187715744333,27.286713420963757,23.990673179063716,26.931818157548996,-2.94114497848528,28.364131574333776,28.338153962399392,28.379486085478202,0.025977611934383305
1934-05-16 12:00:00,26.34819531650555,26.495723836634205,26.949125707114945,27.29328114472969,20.95463876139333,19.780108802414464,23.728069809083646,23.12450499466427,13.252295519814906,23.815060193103168,26.81934589240005,24.331828729221836,26.221002754605816,-1.88917402538398,28.423327865272945,28.114453547773785,28.11955726028923,0.3088743174991606
1934-06-16 00:00:00,24.94347440886446,25.212471157834102,26.256046208050588,27.15348660294516,21.75237857597701,20.470857559049552,24.182666363291315,23.755361020626356,11.53423681611863,24.305233402431575,26.021715840091968,24.92533114666237,25.110423677966224,-0.18509253130385517,27.63968805326766,28.028779578602286,27.30189090285271,-0.3890915253346279
1934-07-16 12:00:00,24.1824142625217,23.683927325681704,24.841373379597727,26.530153463028807,22.596710606553163,21.316076530626084,24.55305323113349,24.257313588816302,10.38316959500479,24.67641627786427,25.278874474783976,25.285443527378852,24.12254532283801,1.1628982045408414,26.83924299057707,27.85247196359268,26.594942479562835,-1.013228973015611
1934-08-16 12:00:00,23.17162787153667,22.670045505113002,23.15674133635026,25.42876747889508,23.25422089618958,21.980884184841948,24.997671568267695,24.816443535858298,9.904796131096337,25.059859913696297,24.804123377837374,25.651276740403024,23.42351473087683,2.227762009526195,26.669453060268,27.67676760851469,26.4710765837394,-1.0073145482466899
1934-09-16 00:00:00,23.26885368285748,22.7814844532081,22.591862998779803,24.53904587215844,23.43035797504479,22.157699323871466,25.427013903766554,25.380794993462406,10.15638614143796,25.395320472522517,24.818533726118496,26.084152086466936,23.33423231214116,2.7499197743257753,26.885683615870178,27.78740204954305,26.7707152901568,-0.9017184336728725
1934-10-16 12:00:00,23.84849349737574,23.48847911018774,23.113725390905344,24.477613497293984,23.323609258940614,22.14758140634217,25.433819350845607,25.46913809516746,11.128752097710827,25.42410651505001,25.219822671104712,26.179979697543967,23.933396720413025,2.2465829771309416,27.113564025276215,28.03592358823876,27.121176480078663,-0.9223595629625443
1934-11-16 00:00:00,24.37822321932849,23.978510276312274,23.613245719227592,24.674157269550378,22.679246839566368,21.578770832141956,24.954641953888764,24.806069963500992,12.757632909034665,24.927269129820207,25.76155278213313,25.57367428739944,24.753920395985418,0.8197538914140239,27.09816239569153,28.056768059015976,27.14798609466308,-0.9586056633244446
1934-12-16 12:00:00,24.889552865497077,23.995849903930402,23.698082070841618,25.130378707071014,21.64464580020762,20.585711321910292,24.2913467586425,23.96999169264118,14.360297719611847,24.24816605431479,26.175880180007795,24.86039961278059,25.526312412776655,-0.6659127999960646,26.99844745790189,27.972801854873712,27.27360908401733,-0.9743543969718225
1935-01-16 12:00:00,25.522800059923433,24.894751264843332,24.41893524024354,25.556507746306934,20.684647429919806,19.676039660430867,23.58952889667667,23.196376888761367,15.558633181982243,23.587643958637415,26.565725118433424,24.222660030666287,26.252700836777045,-2.030040806110758,26.80754135206237,27.966439500288164,27.311307674266928,-1.158898148225795
1935-02-15 00:00:00,26.246422414578568,25.736128485826427,25.4416304953936,25.930281661690884,20.14930836672154,19.21894188631609,23.278280514771637,22.82499752074399,16.406826731557093,23.302360388437577,26.95291820458362,23.953560674076673,26.831760073231578,-2.878199399154905,27.008383026836967,28.096289015346496,27.466459998026174,-1.0879059885095295
1935-03-16 12:00:00,26.613584176522536,26.452953409883747,26.33347982621319,26.503144548464995,20.025105565542077,19.129393351638935,23.274614372913298,22.74533411815519,15.83623021705455,23.305368196141526,27.25933697741383,23.91864268686631,27.074343083929698,-3.155700397063388,27.716135429706384,28.196473240280778,28.02345991643013,-0.48033781057439384
1935-04-16 00:00:00,26.873827349748257,26.959514060528342,26.829100298747573,26.92602480498884,20.367883835835833,19.407266493506075,23.515140476261266,22.936839623487934,14.38835454231839,23.555884713804467,27.26904573269244,24.096369618140393,26.93896869964897,-2.8425990815085775,28.334314285564286,28.176746883226908,28.36512073740507,0.15756740233737787
1935-05-16 12:00:00,26.603790246713434,26.681094867818004,26.990996015175668,27.35357001753042,21.06959185983536,19.859998222351308,23.85625220054623,23.302010221094157,12.655105462617204,23.9269774720068,26.829997783188396,24.467522643399107,26.185433100100987,-1.7179104567018797,28.390213325227336,28.095657875005656,28.082925000685353,0.2945554502216794
1935-06-16 00:00:00,25.407104724782865,25.40720855164973,26.32884384420092,27.249917833709866,21.965067568906093,20.654786552505485,24.33210673210694,23.95927712820286,11.195685628213079,24.456112857606545,26.0357667964143,25.0813496654323,25.181204272061173,-0.09985460662887391,27.543495247498704,28.094459035416218,27.188567475099955,-0.5509637879175138
1935-07-16 12:00:00,24.14558842087133,24.009154923076828,25.04762653366428,26.59612319535554,22.626275027364397,21.370051679748954,24.79812621900473,24.594475369781023,10.190380549631515,24.857508175158454,25.289917185751836,25.541440214590125,24.19339385941821,1.3480463551719133,26.802715359388777,27.876120815970662,26.528573983659506,-1.0734054565818845
1935-08-16 12:00:00,23.555402610828107,23.008258616434254,23.49960935583189,25.6849111296075,23.216954576174263,21.945437320699067,25.238439116642304,25.09031137172672,9.722830672046971,25.19561342366666,24.857436598714862,25.834457528293814,23.466189937520074,2.3682675907737405,26.70715772366638,27.7220587006668,26.515692411146656,-1.0149009770004191
1935-09-16 00:00:00,23.512812217619626,23.079949336057545,22.917026872781452,24.824289423124686,23.47247108930859,22.24373482122325,25.616752855570034,25.60941096107446,9.971579011628439,25.53745308685384,24.887003041961588,26.253200299890594,23.469605695714815,2.7835946041757786,26.847690714822043,27.92602196420372,26.78409849003242,-1.0783312493816766
1935-10-16 12:00:00,24.026241026147215,23.779842220378153,23.34415562281937,24.722504578704587,23.380840110703517,22.22863023165067,25.587415485908302,25.654525084703767,11.020252338990794,25.554935186354395,25.316378396509897,26.31441353681105,24.052064283600682,2.262349253210367,27.119690740775063,28.087077933893095,27.148356074784207,-0.9673871931180322
1935-11-16 00:00:00,24.562347292623272,24.29897530214172,23.806502592494713,24.81595241548461,22.698727535190283,21.70944458943309,25.163508640775046,25.071552537366575,12.42312266725353,25.11242009377166,25.828128439795414,25.78380760794115,24.90481329906504,0.8789943088761092,27.310518074219605,27.84836283262892,27.38689497274252,-0.5378447584093138
1935-12-16 12:00:00,24.860373989747725,24.500370643508056,24.055622087598792,25.191832109279318,21.652885554143626,20.667799058857987,24.416657048991905,24.143085860792866,14.293666084704423,24.33640455220722,26.267332099588018,24.98899384585396,25.623182234378735,-0.6341883885247732,27.169191640940387,28.011362831834685,27.461834317292382,-0.8421711908942981
1936-01-16 12:00:00,25.583639277399715,25.096068341031128,24.579886205629514,25.598849642376987,20.72041765111101,19.752918626884163,23.658181429693908,23.28365453448454,15.632100658321596,23.623740880581764,26.649260529769606,24.29671414929061,26.256904046107508,-1.960189896816896,26.967508473212508,28.073266663769303,27.455839535088412,-1.105758190556795
1936-02-15 00:00:00,26.28964182098318,25.88447983146643,25.71773308800116,26.06082772282661,20.249031303726056,19.31292157630412,23.278989346443364,22.844267210830765,16.328657933242955,23.314363909204957,27.052460079692796,23.967523753269525,26.753002380010823,-2.7854786267412983,27.291828029099424,28.15232493445112,27.7943967575218,-0.8604969053516953
1936-03-16 12:00:00,26.80303318546553,26.530198846746632,26.435730453173576,26.561425704157177,20.215938925295582,19.374787247025356,23.333345478517977,22.8250802369204,16.163923993207845,23.394905077342347,27.345119679432628,23.968842357937543,27.02543868640169,-3.0565963284641455,27.781920563849035,28.336106408190084,28.159257717564973,-0.554185844341049
1936-04-16 00:00:00,27.0383214195992,27.087953587952065,27.058168251216056,27.02972142070361,20.632390147294892,19.687870371910517,23.57639483928196,23.031882213719463,15.020983295814796,23.655080887633613,27.312845383723257,24.161230989303384,26.892730945582514,-2.73149995627913,28.350925860197577,28.266722798766732,28.436997347730532,0.08420306143084488
1936-05-16 12:00:00,26.48164096411748,26.616167716407507,27.162169309150464,27.58695121050655,21.384767915557994,20.236377558604353,23.886429210505707,23.330088540720215,13.43356811384844,24.018044448037156,26.858293076411623,24.496586559565788,26.24318743659284,-1.7466008770270527,28.47259614349477,28.09173103734466,28.177874002263813,0.38086510615011093
1936-06-16 00:00:00,25.221734265044454,25.503361418820003,26.555381420704627,27.47612719969932,22.14962590511323,20.847727169485207,24.379238482205444,24.021987129657482,11.82376094315867,24.530821848604173,26.111684227320506,25.132795421477613,25.272956721300044,-0.14016129982243086,27.776252283515053,27.992772221378058,27.411397092017765,-0.21651993786300494
1936-07-16 12:00:00,24.778215451154598,24.183913247784652,25.244444208818372,26.84393126684167,22.78220381906794,21.500594201350097,24.843774760107973,24.65672511200568,10.596443254205445,24.923677039033013,25.398903377213326,25.57981497249521,24.32259601059658,1.25721896189863,26.99330342563628,27.800009156929196,26.762435258299494,-0.8067057312929151
1936-08-16 12:00:00,23.602790282122147,23.12376094882829,23.558268595240126,25.788724738032705,23.37128607575393,22.090841460322302,25.253300453140206,25.126936147065148,10.018234998523091,25.253775983461757,24.937771273936086,25.88510133549617,23.591326351111395,2.2937749843847755,26.887090362189067,27.63213007621434,26.6928787053138,-0.7450397140252747
1936-09-16 00:00:00,23.415417994567168,22.957533900856145,22.932509182412314,24.920525725836598,23.60489714452576,22.326812579409527,25.603245387148014,25.566336133774605,10.165921423471994,25.545046425081967,24.93681800589091,26.219384674651284,23.47295077497864,2.7464338996726454,27.022848251706133,27.7457564727262,26.94549963221299,-0.7229082210200666
1936-10-16 12:00:00,24.072656638381446,23.663090805915857,23.28800124948841,24.69898424058084,23.402097321089908,22.223880618503692,25.531546273970836,25.514427504587086,11.065932762910784,25.50159593939849,25.357236205696665,26.207434441320643,23.95992754554476,2.247506895775885,27.224362312286512,27.961111911124956,27.23010486551626,-0.7367495988384434
1936-11-16 00:00:00,24.649128334831747,24.38586364113389,23.933583907723275,24.86972580947651,22.688399797945426,21.653458744109088,25.033753021667735,24.89022942778205,12.532933546249666,24.99106973613037,25.90627188581561,25.63840349016066,24.771440399438813,0.8669630907218462,27.232254122827374,27.993766568935634,27.251849090735533,-0.7615124461082594
1936-12-16 12:00:00,25.055648942038665,24.593621572583093,24.15313445829327,25.13879509427629,21.68223533013613,20.699825394683803,24.375759844361905,24.09379315549347,14.21026236949948,24.30543688015146,26.324831966306782,24.94594760592027,25.54206512777213,-0.5961175218518591,27.145936922868596,27.94707837231228,27.456748424373703,-0.8011414494436835
1937-01-16 12:00:00,25.83699426451183,25.202249244728893,24.723671687152148,25.745789514913437,20.807665823382738,19.888721476592522,23.723421498917507,23.36769082676584,15.647972640491384,23.697638676992536,26.684503962758903,24.33428536236558,26.26775902187032,-1.9334736595047382,26.853934332422362,28.028415399478778,27.349529545372572,-1.1744810670564156
1937-02-15 00:00:00,26.37233451707429,25.894339718822312,25.799402410684277,26.246827293300665,20.208368686695664,19.312129982029322,23.32741457533314,22.900254769306155,16.25616727492062,23.349756061870554,27.063999870553342,23.999140592622602,26.883246660105016,-2.8841060674824135,27.08662426625684,28.149215228875693,27.59902201885723,-1.0625909626188523
1937-03-16 12:00:00,26.83434952081859,26.532979895460784,26.494786720584685,26.63366381621062,20.12777406327246,19.170597053689367,23.360998688119423,22.825682504477925,16.27211744836027,23.379148437568663,27.353174653062613,23.984451992591957,27.08113138063966,-3.096679388047704,27.76453058194798,28.308355808927985,28.077730561661912,-0.5438252269800046
1937-04-16 00:00:00,26.9528060616973,27.20393455422685,27.173620859878717,27.113543737818095,20.470876850210296,19.47227151942749,23.58039349213819,23.04038650905672,15.060775699582452,23.649347377723824,27.346666272849998,24.212241239636253,26.937872019255074,-2.7256307796188217,28.417627105391116,28.224172986636468,28.475696578180848,0.1934541187546479
1937-05-16 12:00:00,26.551682098583786,26.881883859546825,27.233325233501688,27.58109892539008,21.097412320518966,19.907073037372648,23.885406886436066,23.367890928216955,13.166908107858523,23.989116138098364,26.90229549898863,24.56000074122165,26.30275734905558,-1.742756607833929,28.52982123126626,28.091077870029718,28.246587924952482,0.43874336123654345
1937-06-16 00:00:00,25.490870605500895,25.712991378043956,26.652096929291396,27.508726188441653,21.903794465160587,20.5681126017736,24.300996929066603,23.94086162462856,11.477428973094353,24.441233038871843,26.138069321676447,25.085908078307234,25.320929198836975,-0.23502112052974056,27.719892264574984,28.04719522779043,27.381636244339703,-0.3273029632154447
1937-07-16 12:00:00,24.35883385349354,24.155542284319,25.324210261444048,26.94376388790747,22.53979001035414,21.255073107740007,24.781207702371137,24.61028798045579,10.267293390527977,24.853170401870717,25.374939094535904,25.565540426040272,24.32716149043082,1.2383789356094503,26.834236081755403,27.817359434761258,26.60232218001833,-0.9831233530058547
1937-08-16 12:00:00,23.57405437201301,23.22368506466174,23.723078266787923,25.882029371998048,23.114932196489285,21.851623727445663,25.188696378137333,25.08873594536388,9.617371038840727,25.180394062488983,24.934263333510252,25.85253567435504,23.67022468945877,2.1823109848962687,26.693529862027706,27.61711750463831,26.512298211829183,-0.9235876426106024
1937-09-16 00:00:00,23.481857163041376,23.129395571266937,22.98676754623733,25.009675055688444,23.402551947141983,22.114161640939212,25.61985501349797,25.630147156995555,9.761692354659148,25.53165614933223,24.950395447740853,26.26464335832228,23.605393777314134,2.6592495810081473,26.90676487160581,27.80270067009588,26.868055618256683,-0.895935798490072
1937-10-16 12:00:00,24.241185118068465,23.77254182558994,23.408222918115015,24.964867684877717,23.265875981756984,22.048751763623144,25.578847560924096,25.599647719473733,10.807090718361591,25.52612789919499,25.367750609239135,26.26628154070222,24.11632540574033,2.14995613496189,27.224548233844203,27.997727892776542,27.214363916948393,-0.7731796589323388
1937-11-16 00:00:00,24.79755705603631,24.34688988786994,23.93146935820476,25.101610874042766,22.582096905345146,21.507277622526875,25.129936764763336,24.954577041934588,12.495583153742285,25.046142586616096,25.90147733474269,25.708384499381786,24.876511280339344,0.8318732190424427,27.309699343167473,28.002823141586706,27.371248804592067,-0.6931237984192329
1937-12-16 12:00:00,25.127311346896644,24.638501076735167,24.29114598186414,25.28148930080621,21.61621041482995,20.621581121642848,24.43978201478138,24.133519655682406,14.35619316019854,24.343716343464298,26.323413918959428,24.997848303002712,25.58442460467906,-0.5865763016763488,27.157033314614374,27.986083002150195,27.464634618153237,-0.8290496875358215
1938-01-16 12:00:00,25.793549746480704,25.345976121147032,24.78058963974216,25.518931513824075,20.723031974740202,19.806042824890998,23.719562365639355,23.369335230029655,15.617656160596974,23.68516725852809,26.709252702321198,24.350718767107146,26.281219323012305,-1.9305005559051587,26.96032748968119,28.120779563444515,27.473928831875725,-1.1604520737633237
1938-02-15 00:00:00,26.547433257034466,26.054809675160403,25.764589947043305,25.988094702860934,20.187954762744166,19.307911038148173,23.386109123778965,22.962372896274083,16.437404072186332,23.39753418252113,27.078324013997005,24.070766033993962,26.798828504961502,-2.72806247096754,27.217477516148122,28.15288823347616,27.72749202648825,-0.9354107173280362
1938-03-16 12:00:00,27.09805386649528,26.65273945316477,26.61892859726155,26.70123971101994,20.137203336626694,19.279062658080807,23.41520401728748,22.902581891060674,16.148983651488734,23.457783256152844,27.406439710835944,24.06622631050273,27.030096949864497,-2.9638706393617653,27.83625290721336,28.318757507519553,28.179842578945696,-0.4825046003061928
1938-04-16 00:00:00,27.09657990418213,26.950568548991637,26.964184179544922,27.229211084083342,20.48306517492457,19.575511824656775,23.647733938019606,23.109326642522113,15.009894595571552,23.71106309989536,27.37607624507053,24.26727164223029,26.928215143907902,-2.660943501677611,28.46752387826224,28.281525328987616,28.560516281751205,0.18599854927462545
1938-05-16 12:00:00,26.449284620855106,26.541292961740645,27.004147511743632,27.435933048844593,21.230015364953363,20.05128581224981,23.96241464929648,23.40334749728435,13.292305172970114,24.047030779624006,26.90403039011617,24.559442514134226,26.313807762910223,-1.754365248775997,28.57346512124193,28.19613014804721,28.30047698545471,0.37733497319472065
1938-06-16 00:00:00,25.280722665439086,25.43198265626288,26.315303623239682,27.258997252590692,22.19303821760326,20.83901537852008,24.419753900127095,24.042363064179757,11.514452907719061,24.559788783474087,26.121542887154977,25.174039782588547,25.251554079740522,-0.07751429715197489,27.71236703681475,28.05017965123785,27.36235978152536,-0.3378126144231004
1938-07-16 12:00:00,24.28310737187541,24.035278437910222,25.055357299130108,26.561104525928453,22.799106613361715,21.46172449482694,24.81605438349264,24.575184276260497,10.502887708699864,24.903062054205062,25.365716987923506,25.552867763591582,24.27312576991792,1.2797419936736603,26.94570161161062,27.87557741504894,26.68304401141927,-0.9298758034383212
1938-08-16 12:00:00,23.432544738325227,22.859573943326687,23.42113892986969,25.70119371264539,23.271287575867266,21.939036277140623,25.254087672372563,25.099984618407703,10.10738482267904,25.238374565187527,24.918050457056623,25.867828968926073,23.553731295301287,2.3140976736247865,26.7890786478118,27.66446279995956,26.600386609151823,-0.8753841521477597
1938-09-16 00:00:00,23.09822203472308,22.616809824527973,22.703130618909995,24.859407529337542,23.47004420147779,22.19000068749406,25.677841562591954,25.670933343432935,10.352457493359495,25.58776440831393,24.892802889661265,26.299501297455915,23.442726964437323,2.856774333018592,27.00400554662171,27.751051576516673,26.906183170607477,-0.7470460298949639
1938-10-16 12:00:00,23.789423792041916,23.44464097709248,23.10058869521263,24.697680587881358,23.384320428143674,22.178607947317506,25.63094853249606,25.645728241602175,11.2263021566221,25.580246268461625,25.319633182372,26.31294775570503,24.009036903468044,2.303910852236985,27.28400537196201,28.014928894634394,27.272924216129727,-0.7309235226723843
1938-11-16 00:00:00,24.408357248620618,24.02660580487289,23.689446907787673,24.80295900911343,22.709086804471394,21.611127134879148,25.141043664448155,24.976299583763073,12.599720834208357,25.076206766264466,25.858311491185958,25.722403552149515,24.836379743586033,0.8860238085634826,27.31611428753439,28.08508219927649,27.37208145958929,-0.7689679117420987
1938-12-16 12:00:00,24.710913176019332,24.184442014173037,23.78251491158444,24.936381074680135,21.671909916308493,20.62075248513399,24.437334974553625,24.095105194083455,14.41187027467458,24.351832290617605,26.268676926058237,24.960714077564113,25.6278740039342,-0.6671599263700863,27.11768118674449,27.964870866210074,27.360877260795423,-0.8471896794655827
1939-01-16 12:00:00,25.32949365696665,24.989219081971395,24.478354632124528,25.303569311267015,20.781513862536844,19.756813347822664,23.685755625476865,23.28010202688489,15.798962339887261,23.664132810879615,26.645092438664623,24.288097766628553,26.35223009464197,-2.064132328013418,26.930311856953004,28.039233794589528,27.425726938548227,-1.1089219376365236
1939-02-15 00:00:00,26.126201278647493,25.588033074556158,25.46437735066291,25.84496657798791,20.238980124978205,19.228755273362875,23.24797886498754,22.76869511991523,16.438303894816038,23.292985626662247,27.038780166084464,23.907341241399568,26.848248351405857,-2.9409071100062896,27.14252548987453,28.173738489971896,27.651927722993378,-1.0312130000973667
1939-03-16 12:00:00,26.546131628384714,26.075923224952803,26.103042401115495,26.32584772049883,20.116531615915015,19.10829448842157,23.22358224413035,22.654088815043348,16.00520486366371,23.27691439925849,27.311387692998174,23.8466966685065,27.086308732619887,-3.2396120641133876,27.722801767097927,28.297685821553294,28.062005265318902,-0.5748840544553673
1939-04-16 00:00:00,26.74206521208842,26.684366576933673,26.557790511349662,26.65348565708925,20.466321610130688,19.433647274951028,23.451563767540062,22.85255923437274,14.903979871050533,23.52518344653045,27.269375661732543,24.043601662867523,26.93046879097137,-2.886867128103848,28.343151294936785,28.22496350335953,28.372293229148198,0.11818779157725601
1939-05-16 12:00:00,26.194735164285106,26.412044695075167,26.980543280412437,27.191722548504853,21.18385556737082,19.984145254852955,23.777456329888395,23.223758344678338,13.336011272556526,23.899081571699913,26.811158873948546,24.41118557857513,26.206116005881693,-1.7949304273065643,28.42498446698137,28.139072350588084,28.176904342147672,0.2859121163932876
1939-06-16 00:00:00,24.816862911843995,25.015410073579943,26.29321180863939,27.342929200987754,22.018884380457575,20.67879493282955,24.198009848485302,23.837492775022362,11.863666377985771,24.389806280526596,26.039333019725518,24.998154235365174,25.137362713164883,-0.13920847779970913,27.602532509053674,28.119603608521583,27.308442495246098,-0.5170710994679091
1939-07-16 12:00:00,23.892561599752383,23.69072205701696,24.933080875895822,26.607196889839994,22.675428131745825,21.31092024848475,24.638351355080346,24.440838296382577,10.745954530248673,24.76940595909464,25.275410493288454,25.430593436734878,24.158717703252666,1.2718757334822115,26.82492094913397,27.85755650674817,26.526506705220484,-1.0326355576142028
1939-08-16 12:00:00,23.07956494973554,22.574105716619993,23.1884839496555,25.52774139194609,23.250010979798397,21.923856128962115,25.133490612069885,25.038529452074325,10.269471583434408,25.165822730954375,24.818725201980236,25.82412312367262,23.50637279419887,2.31775032947375,26.679314603768702,27.6924970302969,26.469470523858174,-1.0131824265281963
1939-09-16 00:00:00,23.11580198526076,22.52536092233999,22.454721870579434,24.649531301965812,23.477761439510015,22.14057546245375,25.53777182137156,25.522596199389874,10.379764532596484,25.491951301191026,24.822948813836536,26.178423272739394,23.46933640617354,2.7090868665658547,26.874663179174668,27.804521354210802,26.79953405667444,-0.9298581750361343
1939-10-16 12:00:00,23.815155362319665,23.286452841320884,22.911336906323204,24.544523531558113,23.310499337951217,21.991119944703442,25.443326142508457,25.411214298713336,11.190287130834513,25.42031039161515,25.230646178450247,26.120623355584346,24.034855689472334,2.0857676661120124,27.165263703957056,28.01038939898308,27.161403832927725,-0.8451256950260237
1939-11-16 00:00:00,24.442966567854256,23.816001022338206,23.329917572925766,24.657416954399785,22.6969401008432,21.509310306523474,24.99507863850805,24.815689758905716,12.862986618842429,24.97717528582522,25.732412857680394,25.589943829169883,24.792134835840063,0.79780899332982,27.215986431089327,28.03476438128831,27.21823753749044,-0.8187779501989816
1939-12-16 12:00:00,24.85429969629496,23.950479026709562,23.506100876709695,24.876992869283363,21.701762792197542,20.583494034955375,24.362429110363173,24.033042509040712,14.56737399644393,24.321853971445027,26.13311682325478,24.909387850645945,25.51514695551359,-0.6057591048676443,27.19283141828774,27.970898968347825,27.43382826549532,-0.7780675500600864
1940-01-16 12:00:00,25.43687351340989,24.68516885500106,24.144068345613594,25.374859053658295,20.778998534277342,19.698455608442913,23.6884915997304,23.277497434295793,15.981353151867237,23.68219220137339,26.54741017599705,24.296297409886794,26.212039907086723,-1.915742497199929,26.984898029501654,28.111277255742916,27.493362832264097,-1.1263792262412622
1940-02-15 00:00:00,26.219858027534713,25.452451355248375,25.173528258093363,25.79618673476085,20.232990943488556,19.19529083277886,23.32425112776276,22.865524621840198,16.630309496771254,23.360868482275013,26.945685854677507,23.98431342790488,26.849822789115994,-2.8655093612111138,27.221786525280994,28.123640124636538,27.67557259274375,-0.9018535993555439
1940-03-16 12:00:00,26.66940069693675,26.16257376191343,26.020860946743866,26.14831789120094,20.184159681896315,19.211244127799713,23.286897779792092,22.812311670547285,16.208704679904542,23.369608777616946,27.216601866628853,23.966189961638534,27.0931905988253,-3.1270006371867645,27.79208313983739,28.207296617361365,28.163980227347775,-0.41521347752397375
1940-04-16 00:00:00,26.772363001486703,26.585590706819485,26.415412166291812,26.574837302006816,20.511555429482627,19.401598765044163,23.466797740403372,22.909467626409963,15.031706951613492,23.55595676257941,27.206184631001545,24.069717922828172,26.956089111203106,-2.886371188374934,28.318854231400124,28.16617152544922,28.407612478099516,0.15268270595090527
1940-05-16 12:00:00,26.33634553165577,26.36927496458411,26.678711526760296,26.97278516234871,21.150980789437188,19.85298819637873,23.8004520718733,23.260470580966892,13.26189721115904,23.898354750757093,26.767508761587457,24.401585453120965,26.27461257426231,-1.8730271211413445,28.452014318663608,28.12156054766505,28.21838700503748,0.330453770998556
1940-06-16 00:00:00,25.442373487316118,25.07563736562291,26.019440761145198,26.9526901651242,21.896177479659094,20.495153103770605,24.27433199699413,23.917508997225138,11.760647062462066,24.393976738703586,26.002389645465982,25.0155068704447,25.23286244291673,-0.2173555724720302,27.68099759533426,28.12928729992106,27.403081485417882,-0.4482897045867986
1940-07-16 12:00:00,24.182392698293974,23.637615978541096,24.75051777403549,26.43667398107839,22.554010231937916,21.203886289009958,24.674965708944427,24.46121633806086,10.818304141744441,24.752665418889897,25.27080757001874,25.422959280279112,24.199146073835724,1.2238132064433884,26.90096216110838,27.911807930533662,26.670104164775484,-1.0108457694252806
1940-08-16 12:00:00,23.089499490625904,22.683273492108157,23.2152380939419,25.530958690250376,23.116076436488243,21.802310110313826,25.126973445195713,25.01091678799211,10.39599657299693,25.115936323210153,24.83647313569775,25.77270407391709,23.479108179862436,2.293595894054654,26.80342827431135,27.748359337380943,26.632519477234286,-0.9449310630695926
1940-09-16 00:00:00,23.202461645908954,22.734749379162604,22.7048488615475,24.78981115964424,23.30228581508207,21.996870760244516,25.55583718845103,25.537435592038683,10.620483620138698,25.458481515708648,24.856107043803497,26.200035795208997,23.468984634281007,2.73105116092799,26.94978301892417,27.880344873388268,26.874140549625757,-0.9305618544640986
1940-10-16 12:00:00,24.0733395331525,23.626154901940673,23.206874146906227,24.561221699683912,23.193500997216308,21.967243545744935,25.51241184842378,25.535257433677028,11.583921602961208,25.450251998537713,25.30414062280785,26.24214617420742,24.084092691358595,2.1580534828488247,27.18136643389079,28.131461514390065,27.261895047068826,-0.950095080499274
1940-11-16 00:00:00,24.64404558002645,24.27178856091551,23.797775669062432,24.73615996710603,22.609839560616116,21.47924316054866,25.060315964785122,24.9347621274825,12.89148436693365,24.984029798490635,25.835844243071392,25.69289369051939,24.818056992664783,0.874836697854608,27.22120890122295,28.02106029377256,27.252283516296394,-0.7998513925496091
1940-12-16 12:00:00,25.093897583979114,24.533706902076595,24.001925523509037,25.058326829332323,21.563207714139985,20.47972448067963,24.37514629104582,24.11462464574189,14.584281716643197,24.29409473290936,26.28241563718529,24.978697721285403,25.55925799837599,-0.5805602770905871,27.110074761218556,27.929229998172143,27.380169328033695,-0.8191552369535877
1941-01-16 12:00:00,25.71831640629792,25.192305951962368,24.770379927658368,25.675678903057896,20.686560037376836,19.64185311384312,23.6914037544113,23.32998592043762,15.75602982432331,23.6587765638721,26.700137532066314,24.338298400866115,26.28125389246574,-1.9429554915996263,26.900287559315345,28.00065841328609,27.406527273530255,-1.1003708539707446
1941-02-15 00:00:00,26.41080157526895,25.721003596360642,25.64510677718535,26.158297686532766,20.172988627251534,19.15958941111395,23.3280040357696,22.91342290146913,16.43114080314352,23.351519536724954,27.073640438599217,24.02933955820421,26.92430178951519,-2.8949622313109806,27.122700390628577,28.253037230175963,27.615020373845717,-1.130336839547386
1941-03-16 12:00:00,26.876759417092643,26.557217129188693,26.41984847192566,26.522450030743464,20.14866380971029,19.177977136632,23.38737541758962,22.89330718285257,16.21235780039302,23.429543020886314,27.354357970985234,24.047894409964194,27.205132465555323,-3.1572380555911295,27.74480943937353,28.31694483417214,28.07159145901812,-0.572135394798611
1941-04-16 00:00:00,27.038240028212755,26.997573191470988,26.907981936902004,26.99915969306266,20.46032010796806,19.38166787296025,23.570718469063745,22.999541481272043,15.03794309644521,23.61486551353085,27.362597304708665,24.17177197515218,27.065515600241294,-2.8937436250891153,28.445561921367293,28.281311170972003,28.507838718928298,0.1642507503952899
1941-05-16 12:00:00,26.464726496899864,26.732201299615067,27.058120123855137,27.33248376007015,21.13320787497736,19.874453542192807,23.8990915041581,23.3370149574836,13.243681243979678,23.976275957764198,26.86916725092606,24.514577367569625,26.34286347018615,-1.8282861026165236,28.4855910886202,28.173733473715597,28.21102053568689,0.3118576149046035
1941-06-16 00:00:00,25.260297377393513,25.48311934655868,26.435216141624664,27.37029414593505,21.930136722941757,20.54950680136625,24.32868038638221,23.920977468746273,11.657187598098183,24.44641778139703,26.10492191573375,25.071620563397367,25.39101108073153,-0.31939051733416335,27.718586042166663,28.05200152453034,27.35302875672016,-0.3334154823636766
1941-07-16 12:00:00,24.406140260362644,24.150846619163175,25.196464805755067,26.69428681749673,22.552837997164072,21.24359835033373,24.757583070325214,24.49023496358662,10.588275336479203,24.829148650835403,25.362335869213524,25.486279940897933,24.388975579407177,1.0973043614907567,26.906981319342716,27.81817302142224,26.62191534701379,-0.9111917020795239
1941-08-16 12:00:00,23.64551204886689,23.047754528345624,23.504799203167224,25.626954020145693,23.18507909125444,21.88543879326233,25.141056619296915,24.960874560051646,10.134162657034244,25.15242971780612,24.906284373863638,25.781753776987536,23.66573544433256,2.116018332654974,26.773583885627197,27.611275798921227,26.55661853074544,-0.8376919132940301
1941-09-16 00:00:00,23.309175876046716,22.935089277714575,22.833822775635745,24.752182083310085,23.419395684396655,22.094416242560232,25.458155769817644,25.357132324188434,10.25144214952909,25.417373080783463,24.8964938312418,26.082053233951747,23.57858034062541,2.503472893326336,27.013281037506765,27.686346851450253,26.895095259667585,-0.673065813943488
1941-10-16 12:00:00,24.072468661776004,23.687401584272042,23.18630244202698,24.533759846684795,23.29153759023958,22.0115801737258,25.45274255737149,25.391835993120637,11.171947751004378,25.422325820174617,25.330073514765786,26.117677139825837,24.101107279852663,2.016569859973174,27.291031021808386,27.986783578328094,27.34176271382898,-0.6957525565197074
1941-11-16 00:00:00,24.685446744850445,24.310050105157817,23.847031532236308,24.771167115334432,22.71175567782634,21.545402424250224,25.02130838982469,24.83904705524334,12.565371741762046,24.97904977875246,25.86211791162214,25.599880645461507,24.854558472215665,0.7453221732458424,27.266071413965967,28.079382210661734,27.29174315540463,-0.8133107966957667
1941-12-16 12:00:00,25.153192883274222,24.53474677165075,24.082675245777306,25.10173333028686,21.7296470949394,20.60181707001661,24.304157254050857,23.970116922729456,14.556573002106107,24.2462085571844,26.29260827744972,24.838484521843053,25.53442135401654,-0.6959368321734871,27.082973575097395,28.02040120927833,27.429189508490516,-0.9374276341809349
1942-01-16 12:00:00,25.792158554297856,25.195933772062833,24.625340798576172,25.6072531541247,20.788983123590477,19.686615598261493,23.61859392765064,23.16755942644521,15.787682861148287,23.592219872820294,26.697733678902914,24.18375961060315,26.213527135646526,-2.0297675250433755,26.874126207398,28.104683577044767,27.396441042168018,-1.2305573696467675
1942-02-15 00:00:00,26.42823168667959,25.902202100669655,25.712648631728403,26.138591412753808,20.242396128707767,19.16765999763103,23.259769496373472,22.764710117149622,16.317661274970533,23.290594240237873,27.079281045573435,23.90651335262555,26.81816926662511,-2.91165591399956,27.047596974652627,28.157786582175547,27.542847788558202,-1.1101896075229192
1942-03-16 12:00:00,26.802735361583586,26.507317899188763,26.3839027138869,26.578982312440246,20.11214568079071,19.110065338098536,23.328160136019175,22.77120299929701,16.14992607214061,23.36580896395083,27.370964311807796,23.95350023075442,27.19374148057715,-3.2402412498227307,27.614539990284726,28.335997769714865,27.948586230062315,-0.7214577794301391
1942-04-16 00:00:00,27.014402800013144,26.985906648609642,26.947576779228147,27.04360939131722,20.4712382619166,19.482846970290755,23.593088809657484,22.98401554851896,14.737626192658155,23.642158618717723,27.352046759916185,24.146721777519076,27.09890559837947,-2.9521838208603945,28.322540478384102,28.255220394604684,28.38166803841679,0.06732008377941767
1942-05-16 12:00:00,26.376029878297054,26.579021783375254,26.948081917329716,27.27989447594584,21.13676407829374,19.954287507350454,23.887344019598736,23.285889068102296,13.238910514878812,23.97657276316182,26.84904009935074,24.463349759727528,26.322538557720314,-1.8591887979927861,28.495857816857427,28.18592579135364,28.23888274080777,0.3099320255037874
1942-06-16 00:00:00,25.34467768350999,25.335475948551043,26.298945197221546,27.226388030935134,21.987985929663044,20.645172155619104,24.30479369130076,23.89429843109662,11.602746233492978,24.44845514597455,26.06715517166358,25.0384849055372,25.227337152930136,-0.18885224739293704,27.709529481184603,28.105055740749723,27.395465321399097,-0.3955262595651199
1942-07-16 12:00:00,24.181575736649574,23.852836047254176,24.92862763876669,26.54233014836017,22.617989404674987,21.27759393078867,24.709922317126995,24.45370613190213,10.5433733291333,24.80383474691632,25.316740356287692,25.439710901955234,24.132275134066678,1.3074357678885562,26.927829665814006,27.873597866860035,26.68078120562863,-0.9457682010460289
1942-08-16 12:00:00,23.31945865289044,22.787235448492357,23.320902215899324,25.580578106887764,23.110473322515883,21.786702235016154,25.131679071016926,24.954095505966833,10.026412113510363,25.13645670384187,24.86677457599328,25.765978546028627,23.450509246494384,2.315469299534243,26.788013162957874,27.64289779745475,26.60306152020557,-0.8548846344968766
1942-09-16 00:00:00,23.497818865893567,22.844709411927795,22.703533175304607,24.864453178145492,23.35256740191763,22.036759642733763,25.60899103503004,25.58726307894629,10.3087612617516,25.52323630140769,24.90630079882007,26.251704917332273,23.447774536587023,2.80393038074525,26.987958180547633,27.74253048291535,26.86564226098038,-0.7545723023677162
1942-10-16 12:00:00,24.00635587681539,23.699413688684714,23.268439621639185,24.69190636307517,23.222425055868932,21.963119989665426,25.590841766266568,25.576729667314886,11.125710494527555,25.52321164601216,25.35663343074888,26.27356358607244,24.09523907541201,2.178324510660431,27.34382252998697,28.031199491329986,27.318784458785636,-0.6873769613430163
1942-11-16 00:00:00,24.379557072920054,24.302769136141766,23.89478086654926,24.817812662209832,22.66436839731874,21.530106879992726,25.128338029977563,24.969278299228844,12.850378591122187,25.07259048849152,25.86471264698042,25.7205790424123,24.941131596380938,0.7794474460313623,27.275205927300252,28.042445457769297,27.255368777351194,-0.7672395304690447
1942-12-16 12:00:00,24.79894183181079,24.543261301066163,24.04476576168179,25.026843026075177,21.6643022327828,20.581599963187564,24.360869367931212,24.05355070267549,14.69065860388165,24.314167707879747,26.277450598350068,24.93416251115746,25.67716603551234,-0.7430035243548794,27.201010287825273,27.918690092291282,27.393592043860785,-0.7176798044660089
1943-01-16 12:00:00,25.624105307097164,25.0598172473268,24.50104962011569,25.445070796063327,20.70798994845518,19.669911825176925,23.6452864605034,23.223238273646103,15.947308831396374,23.623793049789157,26.66602056859408,24.242977544258796,26.35787263962154,-2.114895095362744,27.034022022551103,28.051385277947762,27.4746889961889,-1.0173632553966598
1943-02-15 00:00:00,26.396270830566888,25.830851061185207,25.691079455246893,26.057625877672915,20.21776120192184,19.246469741678293,23.303867036809756,22.80257486835664,16.595500406177415,23.323754480297065,27.05048083019423,23.91118764012407,26.903689332016263,-2.992501691892194,27.21776301149001,28.113484620801152,27.68706044958407,-0.895721609311142
1943-03-16 12:00:00,26.789575082071025,26.389278967253134,26.349412122207863,26.549047534296058,20.106275118613407,19.179470413988692,23.343281967506723,22.795500229747777,16.24472429531686,23.37376911403679,27.339301842467485,23.931638767628005,27.211271135618723,-3.2796323679907182,27.863361236946872,28.243954601340256,28.137588841805805,-0.3805933643933841
1943-04-16 00:00:00,26.91319261410659,26.923567610773198,26.855818918088765,27.02604026398006,20.437903372150842,19.45428998244232,23.57067956270447,22.961428454027363,15.11542714265594,23.597559447000062,27.327473248707417,24.087233351166145,27.11455189705455,-3.0273185458884058,28.48761503750462,28.35481033186987,28.54564245190014,0.13280470563475077
1943-05-16 12:00:00,26.334725023039702,26.660408117065895,27.094715626137475,27.389396515410034,21.2218876204731,20.03511481161545,23.919408643504333,23.316441658849172,13.327412782779852,23.977392268218836,26.87158211185053,24.430428612176726,26.40149050755205,-1.9710618953753247,28.51684047997147,28.24699418746633,28.210579406658074,0.2698462925051395
1943-06-16 00:00:00,25.12196918962992,25.510999065149846,26.466600355396736,27.29239373337713,22.068711275303347,20.71623473438885,24.32374160998592,23.86736435046716,11.878050451253566,24.451034024500544,26.092930805688212,24.981851776976683,25.338098678398634,-0.3562469014219509,27.669536145492163,28.107948831062973,27.330584341541655,-0.43841268557081037
1943-07-16 12:00:00,24.364869127519622,24.030848742394483,25.039553664919378,26.607863994856007,22.772215439351598,21.460613467806784,24.80867557050672,24.589962992632895,10.786427991855168,24.900602632388892,25.34639962999948,25.50977706637904,24.344549115718426,1.165227950660615,26.879596365354715,27.818668217970632,26.618873537775283,-0.9390718526159176
1943-08-16 12:00:00,23.487642109269334,23.074606870039503,23.542862155437284,25.665221477796457,23.302458676803464,22.004863825488858,25.234327804652345,25.110446081944783,10.281731322543733,25.24635433837274,24.91642149338023,25.8662508034131,23.699244508667675,2.1670062947454234,26.792684601315987,27.574400120507725,26.610955761049862,-0.7817155191917387
1943-09-16 00:00:00,23.210899072345036,22.873475702540045,22.885165625204067,24.933347818844403,23.478166217648937,22.170574006864765,25.543438447812758,25.492001213670243,10.465127519472922,25.501495076586714,24.900988054264634,26.17449177803991,23.58426451495003,2.590227263089883,27.009482906782146,27.729038409449167,26.895446242010888,-0.7195555026670206
1943-10-16 12:00:00,23.903348191792574,23.662949212722125,23.270715774494942,24.610826410323774,23.286584583285737,22.028010249902298,25.47284123064966,25.483226563829678,11.371025047124643,25.466741746711453,25.297830506561077,26.20426031588007,24.127951036348563,2.0763092795315075,27.26260500496795,27.943496496123984,27.241996634164035,-0.6808914911560358
1943-11-16 00:00:00,24.327296569549617,24.26282773053277,23.850042009708613,24.78809513579462,22.592249940771023,21.389736595820285,24.95717069923345,24.81074098902293,12.91019281537691,24.946940751875974,25.84527185221536,25.60976957483632,24.906328477320397,0.703441097515924,27.306162031914095,28.02835239876246,27.35366385391,-0.7221903668483662
1943-12-16 12:00:00,24.72669110674456,24.38074909397028,23.994741534584282,25.13936050692608,21.55754030664722,20.428809441666747,24.24830062477037,23.97100604231373,14.32758591046089,24.220214762289537,26.264915226744577,24.878968669161406,25.65646923361455,-0.7775005644531454,27.12218184819518,28.05649778936914,27.38984915642863,-0.9343159411739599
1944-01-16 12:00:00,25.40534155768159,24.940212333140583,24.572537438989087,25.612993340521967,20.674382093593977,19.62812783314395,23.595307168191916,23.250399296809263,15.57457233698347,23.602200613037148,26.657346159029274,24.2703151031967,26.380596928182207,-2.110281824985506,26.924102866521377,28.116280187129497,27.408356217404553,-1.1921773206081205
1944-02-15 00:00:00,26.14469210771216,25.56439277721071,25.456667011174325,25.98089791317508,20.167653969659813,19.147248870053012,23.187100875225024,22.782532109984995,16.328759289180567,23.2615032152785,27.022474867101458,23.91341950841901,26.896741373890517,-2.983321865471506,27.15892805591165,28.1427426115751,27.621571960703076,-0.9838145556634466
1944-03-16 12:00:00,26.782723651929423,26.3047588548891,26.258790445115235,26.44924660645627,20.10740052305289,19.112540615904177,23.225100576932142,22.73369574912889,16.124456774475497,23.310045556335957,27.31374976834183,23.904911962180776,27.183194367775787,-3.278282405595011,27.7682066191222,28.219885958351295,28.110842473609736,-0.451679339229095
1944-04-16 00:00:00,26.97495073827305,26.908824486321116,26.824779975264224,26.94073019810477,20.430813504734143,19.339679720294132,23.465842596398193,22.90381515583772,15.126483576776403,23.5401838692616,27.31312557035241,24.076337069762634,27.034487222448913,-2.9581501526862795,28.43833926588801,28.227365924215626,28.50784206560394,0.21097334167238557
1944-05-16 12:00:00,26.503831058422943,26.655675869249915,26.986187935969554,27.271583401617,21.02803633359234,19.762863210318905,23.747585154653365,23.193072500796,13.385973820548369,23.848198232295516,26.855654676740137,24.38266003389229,26.372698008638686,-1.9900379747463965,28.47146463049113,28.134217901376925,28.214589401361536,0.33724672911420583
1944-06-16 00:00:00,25.05976385566409,25.38097386800895,26.423858406784696,27.36594592939864,21.806719597085742,20.443865468186896,24.22416598132513,23.88148627232522,11.759220897364038,24.36036338112567,26.071216145724744,25.02074887479255,25.321112589698824,-0.30036371490627545,27.599986133562506,28.105155467850082,27.316393249770005,-0.5051693342875758
1944-07-16 12:00:00,24.063555643721834,23.993147580215737,25.145327678403603,26.720085271339343,22.463834268702822,21.12901717442623,24.644252921056506,24.458288379618658,10.519857819654218,24.729896495781055,25.33204244151855,25.432753794684327,24.406026528800098,1.0267272658842295,26.825083474091883,27.84922275962059,26.60453128245256,-1.0241392855287081
1944-08-16 12:00:00,23.509225241110713,23.046684821269775,23.55981556740375,25.77407310773167,23.016054370140637,21.692304832905812,25.071403850262506,24.957822312523152,9.994990137156442,25.074338470491462,24.916939442623217,25.75058782138533,23.755463854555213,1.9951239668301177,26.768419362037932,27.69918105188419,26.5973912229456,-0.930761689846257
1944-09-16 00:00:00,23.11362522798531,22.849803520037835,22.888232215998507,24.96564684287489,23.258598438346734,21.9366923825484,25.43706186231991,25.42243996648679,10.027606200732773,25.39730739974991,24.90018420424354,26.144833353794695,23.70543898629578,2.4393943674989167,26.99467145619273,27.84547349654631,26.916261712958477,-0.8508020403535816
1944-10-16 12:00:00,23.92321850884898,23.645746349178978,23.229799332814235,24.72075991882055,23.212456802674232,21.98952701229797,25.456099523386413,25.459804180248323,10.844608140794474,25.435444396952292,25.317260142452625,26.18387051550082,24.264504747717506,1.9193657677833151,27.262492825287598,28.034971941539723,27.32526350136779,-0.772479116252125
1944-11-16 00:00:00,24.480748481601164,24.07236205381247,23.73082188992621,24.838612187504534,22.594429642439835,21.4363311523248,25.019992499499764,24.8590741672571,12.324614008695614,24.97821346284514,25.81078241612514,25.64602960546576,25.093532742006865,0.5524968634588951,27.311061942247658,27.991538824005648,27.38703086356387,-0.6804768817579898
1944-12-16 12:00:00,24.90821887660734,24.15588036289054,23.868423568438935,25.199107126564808,21.52176104662651,20.35647423924346,24.217659914886347,23.922055937951125,14.350067691391857,24.16166253159897,26.25882139255157,24.829782835723833,25.767555288316583,-0.9377724525927498,27.080134957146637,27.949430129725066,27.38232021497127,-0.869295172578429
1945-01-16 12:00:00,25.42891368613521,24.781664601084398,24.36200181931929,25.582058204221944,20.562699604584793,19.417658533804836,23.459756073020674,23.10752664398174,15.536123235972912,23.466433128864765,26.656460528560203,24.171134544587897,26.428431129331802,-2.257296584743905,26.910704771452153,28.023019341507176,27.383128602544147,-1.1123145700550232
1945-02-15 00:00:00,26.37119651118315,25.599882109138292,25.32221815923095,25.94059616121573,20.09160915263898,19.035399915933954,23.11793314182561,22.746449836507878,16.20969343107719,23.199346651807435,27.052404982288216,23.902931770478464,26.869968781098162,-2.9670370106196984,27.163600587968656,28.18774230448828,27.67588786788838,-1.024141716519626
1945-03-16 12:00:00,26.782117604724842,26.25228957327914,26.187490850547547,26.354114749406282,20.045125872820456,19.125209162242285,23.17475534501455,22.799386284062983,16.080392584156282,23.293262277040757,27.339328872518628,23.973817304224582,27.162420956144384,-3.188603651919802,27.744308320335364,28.301598031706185,28.075311602098395,-0.5572897113708208
1945-04-16 00:00:00,26.889000538068373,26.829150928005266,26.749658942380734,26.937093581830673,20.441532804388114,19.453847564111282,23.416269344612935,22.968694989848757,14.870850159812754,23.547125484764337,27.32667297886041,24.154731625754685,26.996305505477764,-2.8415738797230787,28.455336176782996,28.24999462027256,28.47823638226897,0.20534155651043662
1945-05-16 12:00:00,26.41297574875396,26.582049130055445,26.951014372070176,27.306001362694875,21.042518876846586,19.844092848318397,23.739264364907108,23.25613742862023,13.120735028487418,23.875812867993115,26.858119994183724,24.458792533644495,26.290970681563575,-1.8321781479190804,28.526527334026195,28.153312073698118,28.202020827873106,0.3732152603280774
1945-06-16 00:00:00,25.237665764488575,25.25202530429836,26.280186068849574,27.24217609142493,21.860008777044087,20.511812516278322,24.17044162829298,23.83809814912136,11.460830404507746,24.342216931506897,26.096258770604503,25.004920645797732,25.30921258349943,-0.3042919377016986,27.753138301197307,28.150395549353618,27.442913186310527,-0.39725724815631125
1945-07-16 12:00:00,24.11052318778234,23.956770820590066,24.939115965164405,26.516036669859666,22.521723599299516,21.221724589689376,24.61933756642924,24.434211908239362,10.2616759810235,24.723645157823068,25.35025809786005,25.426491380434324,24.391730057176957,1.0347613232573671,26.956018615314854,27.898239124918643,26.703793515106664,-0.9422205096037892
1945-08-16 12:00:00,23.49613136197468,22.912873713591406,23.31588457535239,25.540451594417927,23.140866301853396,21.866972424399155,25.103481996569993,24.995345909120118,9.76085682619756,25.117968770493086,24.92047645366585,25.78861666507657,23.690701740000552,2.0979149250760187,26.7931280340333,27.749859208689422,26.619882615549923,-0.9567311746561238
1945-09-16 00:00:00,23.36594998093697,22.866082915288732,22.722643312514712,24.75228439610991,23.411733149423874,22.149564360382527,25.535819308371753,25.54311248157267,9.955963410952428,25.48235272858613,24.935397146693806,26.22272220604678,23.654586352516432,2.5681358535303467,26.955432417673695,27.914849815483223,26.87612390821675,-0.9594173978095277
1945-10-16 12:00:00,23.912661022205093,23.65432325204593,23.235831295048524,24.58085119979301,23.309741711794285,22.11633438266691,25.5335569028029,25.584659767845416,10.9879894526676,25.49618394280542,25.346926098190245,26.273102634091465,24.214714423444207,2.0583882106472586,27.27240594943581,28.056312063532133,27.36297570805545,-0.7839061140963217
1945-11-16 00:00:00,24.530114300186007,24.26623737486989,23.70995303700534,24.696658502430314,22.630727724723904,21.514960506928357,25.059188282552586,24.938913775958945,12.697854687468615,24.989312022000107,25.860154886961634,25.669809006348135,25.040175640166044,0.629633366182091,27.397825051562567,28.06437797421512,27.526923402320065,-0.6665529226525528
1945-12-16 12:00:00,24.9525300763129,24.394949057232708,23.927022174619257,25.070800720539548,21.624323676820385,20.556404304798903,24.3054005982502,24.03984113543286,14.530356128052597,24.235005366694175,26.28201622220271,24.87761188404508,25.783983796770524,-0.9063719127254437,27.15246904901257,28.09591028465304,27.468856742289375,-0.9434412356404707
1946-01-16 12:00:00,25.66056634162868,25.2663440208554,24.826480851755765,25.63748354163348,20.64472276061492,19.568028689867415,23.513495702588774,23.13096249255392,15.761056909764559,23.490269921699422,26.732203480653723,24.134472866905273,26.44829481658974,-2.313821949684467,26.945129284065963,28.15359984058317,27.445350688983368,-1.2084705565172058
1946-02-15 00:00:00,26.427331780091045,25.90957384767513,25.848751911514647,26.163160434356037,20.091606641792563,19.022003445488966,23.091882885939068,22.621005127614662,16.667844025238868,23.121153190941524,27.101955908031865,23.75615523642402,26.950077073676752,-3.1939218372527307,27.1613938922895,28.16389316593666,27.66815484360807,-1.0024992736471603
1946-03-16 12:00:00,26.813373022009106,26.418670211576096,26.395751397518623,26.56886249580015,20.002971528657394,18.9666872658014,23.081494918894496,22.549694051528075,16.32569449341823,23.13200536413017,27.379492187308088,23.72593961476827,27.26425631251746,-3.5383166977491918,27.72075575895644,28.286031579700914,28.039339899591827,-0.5652758207444748
1946-04-16 00:00:00,27.097872154087597,26.762212392535847,26.727237015109345,27.014395414419223,20.32747504277406,19.220015142507144,23.264659979924836,22.720038380944974,15.04965362545566,23.35252561150069,27.34658192049725,23.906587464031553,27.159261308589834,-3.252673844558281,28.373439106279694,28.244489541217096,28.397775547702633,0.12894956506259803
1946-05-16 12:00:00,26.64507438599918,26.570344305193316,26.937452146534888,27.41109009587928,20.8889338282352,19.62278083258045,23.57353351396566,23.054320187677064,13.40742395087336,23.69947813768473,26.868786734103985,24.269543491244722,26.430811141078625,-2.1612676498339027,28.426215970340206,28.15856959011892,28.10868004264582,0.2676463802212865
1946-06-16 00:00:00,25.036032124550125,25.34469464497041,26.397706669904924,27.392444361085353,21.746054914004734,20.369455431170824,24.08544417522886,23.78979883629096,11.672506696785542,24.2557375164131,26.085076353088112,24.950477959156927,25.43288466795214,-0.48240670879521375,27.673763540974416,28.05909024620477,27.28089410529214,-0.38532670523035506
1946-07-16 12:00:00,24.01849560751525,23.93658736900383,25.03636854545158,26.709480842833976,22.507079627521414,21.222687149884916,24.620140332804695,24.494092311906677,10.674852244982239,24.732300469155785,25.331643956669918,25.45925994029852,24.39772583197549,1.0615341083230305,26.917530796524538,27.812570267220142,26.62063033837596,-0.895039470695604
1946-08-16 12:00:00,23.223880593364242,22.706719990299458,23.38106859999408,25.655957076861306,23.098387115889537,21.852086365638712,25.06929478660588,24.97084185070932,10.250708279576138,25.09114842753858,24.877763581426432,25.76277010514774,23.678574267013367,2.0841958381343737,26.805049908157358,27.640867814174765,26.602542187340894,-0.8358179060174074
1946-09-16 00:00:00,23.354508501107237,22.836364228519106,22.764797184142882,24.83467543470753,23.359532065712266,22.14158396333584,25.48360521032227,25.49331795903533,10.376241638163245,25.433650509283222,24.92489555175376,26.175167758875272,23.63452319501989,2.5406445638553805,26.987586242131137,27.748187750691987,26.92289405633987,-0.7606015085608497
1946-10-16 12:00:00,23.958135269059284,23.529865534103653,23.12648412462292,24.69284023962925,23.292577516169263,22.151739421665514,25.444435224298807,25.467490020371475,11.187351592062432,25.43388677194974,25.341592619047823,26.18884574753424,24.226045370389375,1.962800377144866,27.322316904117496,27.979461259225687,27.39455514700803,-0.6571443551081906
1946-11-16 00:00:00,24.635137723125798,24.215070800926924,23.71761177256365,24.950285784363707,22.664309181399407,21.60780624572451,25.044980428556983,24.902323962677023,12.749266470745136,24.99595220561068,25.879990527714572,25.666874994261658,24.928622628105817,0.7382523661558409,27.36778978522777,28.0120483703154,27.430013932114836,-0.6442585850876306
1946-12-16 12:00:00,24.99043028094247,24.603894324110428,24.14290741162316,25.12907345721687,21.630532715338507,20.550431041605663,24.277466888356237,23.964802490467772,14.618372071762348,24.19847790113541,26.323600723494927,24.84782474529411,25.596721614697334,-0.7488968694032252,27.221975419081733,28.013114982756374,27.50301960111192,-0.7911395636746406
1947-01-16 12:00:00,25.461691171693563,25.093402914778796,24.657630811318707,25.60394368850701,20.658810993940612,19.59663526342449,23.531038409898,23.156178727605052,16.014644082866347,23.492497878324315,26.73185317254453,24.175889000495808,26.281858387626464,-2.1059693871306564,27.054722562880723,28.116941335447972,27.537811791952613,-1.062218772567249
1947-02-15 00:00:00,26.328577681108058,25.615724640965976,25.59837743156147,26.056024744356616,20.13353541138691,19.113649376924588,23.174952035279645,22.740233530438335,16.571515545503534,23.19761583650044,27.0898636830193,23.869908891497918,26.82627130701182,-2.956362415513901,27.208604854279486,28.289983126929386,27.73115148487098,-1.0813782726499
1947-03-16 12:00:00,26.81869949449263,26.48639808188014,26.42108707670952,26.518706295958783,20.095051431521135,19.12411178176549,23.247439004367987,22.79763659962975,16.37126574385926,23.301329005375216,27.387036874236177,23.945366478097874,27.139258812168787,-3.193892334070913,27.766802732379407,28.427467058501247,28.100151310221428,-0.6606643261218395
1947-04-16 00:00:00,26.97228036303899,26.86473732851781,26.831519878517256,26.968690108954664,20.368928384640324,19.389933591701283,23.469336142681897,22.98430908823331,15.166621118008553,23.522002093980326,27.351039407680975,24.122074860292884,27.00671261980252,-2.884637759509637,28.329835208199892,28.36729842141915,28.328110374123405,-0.03746321321925805
1947-05-16 12:00:00,26.22063342531064,26.616959155534335,27.081240716134943,27.47482888519321,21.006336293405827,19.831381231650848,23.8015691900233,23.305414491214375,13.607262099787569,23.87315099467769,26.893221899752557,24.45995709554441,26.315581098508616,-1.8556240029642055,28.44343198940269,28.16775235544897,28.144498702457103,0.2756796339537182
1947-06-16 00:00:00,24.65864472674196,25.315426313816815,26.532319411730988,27.465326187822466,21.847326606482188,20.515848484869423,24.263908925424037,23.931060698936164,11.979777871326176,24.374491631770194,26.12352814133401,25.05145500644452,25.350675972877237,-0.299220966432717,27.761428048227668,28.091140305421877,27.471928939202588,-0.3297122571942097
1947-07-16 12:00:00,24.296175913820765,23.862158313812387,25.086801745387202,26.7732144713499,22.631915013006388,21.355962826301116,24.739043889950853,24.550756827546092,10.681520704342843,24.806944847867364,25.378660919945403,25.501036218086778,24.307606418227323,1.1934297998594552,26.95635726243076,27.88323261158643,26.729813833268874,-0.9268753491556687
1947-08-16 12:00:00,23.559309118494685,22.928497363632484,23.48364755126651,25.70248036141725,23.25462080299861,21.999338739109028,25.16528484683748,25.02699007724876,10.216970789207569,25.18004503242882,24.933895212589142,25.8089464471448,23.6046177540883,2.2043286930564996,26.75916393114716,27.758072690149906,26.59845762562745,-0.9989087590027452
1947-09-16 00:00:00,23.59599473909901,23.03908445401986,22.80362794205893,24.80831684699827,23.458924201624985,22.198432023086845,25.54271342607126,25.51586589583164,10.386374419985621,25.489380664187596,24.963739041564615,26.194266395475708,23.531556741891652,2.6627096535840558,26.989160971712604,27.866967879111094,26.895620803969003,-0.8778069073984902
1947-10-16 12:00:00,23.967316776294766,23.651017637373634,23.28934781309451,24.73303223052136,23.28838426925139,22.094652215311786,25.492340410194775,25.478472594024144,11.224357233322094,25.461646180694448,25.37198306327081,26.188640792386124,24.0829225151801,2.105718277206023,27.26754046657065,28.000902415682198,27.279444574681314,-0.7333619491115471
1947-11-16 00:00:00,24.562040811236955,24.207925975986164,23.85171505597115,24.88882250276708,22.7049743279048,21.63729257962316,25.09103399873054,24.915421936433862,12.736567076616298,25.028519561237967,25.89387651505906,25.661720429004728,24.779913107069966,0.8818073219347617,27.43575227790041,28.008319089578922,27.529042758619315,-0.572566811678513
1947-12-16 12:00:00,24.85108858819624,24.343362494094613,23.89326027852871,25.220549732208006,21.667135935760506,20.671739264575166,24.422097616617894,24.11171474669937,14.634309092142223,24.330656710952862,26.315335255200907,24.948519926460826,25.546231694798326,-0.5977117683375006,27.270564998633052,28.02274710203688,27.52767900049605,-0.752182103403829
1948-01-16 12:00:00,25.50227794631393,24.891148454863043,24.421606369946844,25.724786754153282,20.666755205907,19.675304305919123,23.68999582471769,23.30686241335524,15.988494738245276,23.627583359742374,26.71899126856368,24.28807797904545,26.25509871037479,-1.9670207313293382,27.075529068907695,28.189915688625188,27.533904403328886,-1.114386619717493
1948-02-15 00:00:00,26.270171907632665,25.516850843328648,25.4763555412656,26.024412231894612,20.128958631344087,19.146839890749227,23.285123019939146,22.847070766955845,16.55038756300018,23.289577358957573,27.101592138717223,23.950177033333432,26.836515708746788,-2.8863386754133558,27.31932629141424,28.279753592512808,27.787741650758566,-0.9604273010985693
1948-03-16 12:00:00,26.68475796010728,26.155168087238156,26.16670096420235,26.294458323331,20.05633871632566,19.08929239543727,23.269233375533837,22.738457212318018,16.210044055222156,23.300141938517495,27.353942114390914,23.90071288126807,27.101035528021427,-3.2003226467533565,27.809507030112215,28.36546278073102,28.133080723052878,-0.5559557506188035
1948-04-16 00:00:00,26.88331353506577,26.754510555570533,26.671313070767226,26.77601454579319,20.403686007291395,19.38919842680183,23.488781634320613,22.954433455113886,14.935287063569259,23.550226095461163,27.332588645653185,24.109988738816725,26.99733133644698,-2.887342597630255,28.449322492696776,28.323389014937774,28.485695571328893,0.125933477759002
1948-05-16 12:00:00,26.262821850191255,26.65319196291787,27.058305031924988,27.312889951791327,21.011023170355653,19.911286953278022,23.761547632873985,23.242642055049256,13.436027096926535,23.863476558513774,26.881532821706354,24.413424576159326,26.316666304976586,-1.9032417288172603,28.527054806389522,28.236210158360397,28.229077160959058,0.29084464802912535
1948-06-16 00:00:00,25.113582025865334,25.29498685852807,26.417017719741846,27.406566820370777,21.822246081823433,20.568284459356455,24.16244340259263,23.76887568750778,11.907223158206206,24.30850530323001,26.11013377625907,24.91455249836514,25.315834681576227,-0.40128218321108733,27.669677908800267,28.124370036774813,27.355723366243065,-0.45469212797454617
1948-07-16 12:00:00,24.329730531823653,23.898325724709444,25.051429839239994,26.718527834804767,22.515619319387408,21.246060826390224,24.593692477152597,24.318408747384954,10.885548390643892,24.701451997301643,25.377921920244514,25.322442282268362,24.37862338043584,0.9438189018325218,26.9134921414028,27.859120585106695,26.651667219589857,-0.945628443703896
1948-08-16 12:00:00,23.58809206900885,22.9466845112594,23.47580885616743,25.688559585923908,23.13298472112259,21.846209911551014,25.01685011148946,24.81920127457701,10.447703672528128,25.069274553153626,24.925751405288153,25.66507559213026,23.666056362104573,1.999019230025688,26.85113965115766,27.67512842326747,26.628288924061277,-0.8239887721098107
1948-09-16 00:00:00,23.372570297349696,22.79867335569831,22.729400220602592,24.767489482343915,23.36467695300477,22.10948739700916,25.456300573104667,25.400572756457986,10.486746035323943,25.434235729844044,24.919376547606426,26.11628557508517,23.548483314412284,2.5678022606728845,27.06537026040182,27.83082915556319,26.977829864670902,-0.7654588951613697
1948-10-16 12:00:00,23.83164432883789,23.442343943397763,23.150085648486577,24.66337593909949,23.2499498129234,22.07212922282644,25.45065584585894,25.444756705559925,11.39982533434066,25.439140804425733,25.31569306610847,26.171206190295024,24.12731137103533,2.0438948192596946,27.336220971397196,28.07451205376152,27.359174995500656,-0.7382910823643236
1948-11-16 00:00:00,24.37564137648074,24.024327271318786,23.685436512865124,24.912687109830532,22.572089298114847,21.470476764269083,24.98774659112488,24.81669745077299,12.68616704011042,24.94797639739112,25.854497400563307,25.605272275931355,24.907325566482168,0.6979467094491874,27.368163324991354,28.030636761984745,27.361706068156504,-0.6624734369933911
1948-12-16 12:00:00,24.844359459302716,24.215579353752922,23.910282412986515,25.2601107495056,21.560349963758622,20.480060143878266,24.206425903181092,23.92266361195029,14.569969189293902,24.180927267211825,26.27651674599525,24.820765079003205,25.648620268281174,-0.8278551892779689,27.277758189580542,28.008530827926194,27.515257101656232,-0.7307726383456519
1949-01-16 12:00:00,25.472207456738087,24.89157680210668,24.434717738732235,25.664977723033488,20.646516490205293,19.595806544464175,23.50952285580062,23.11833431585383,15.886267067757903,23.51542402577759,26.679349974722772,24.13740416017501,26.31424493793627,-2.17684077776126,27.064561110543732,28.18392236068021,27.547907910120678,-1.1193612501364782
1949-02-15 00:00:00,26.141548103121604,25.735486814478044,25.489933325565673,26.008357984850328,20.08400799253597,19.087637663213002,23.14793055447587,22.68784592121196,16.25155565107015,23.199685106627587,27.046335888382036,23.81821619684893,26.838264641923086,-3.0200484450741563,27.25624795489148,28.30576091519955,27.76375393954435,-1.0495129603080677
1949-03-16 12:00:00,26.65999230186547,26.44420553128423,26.317789943551926,26.430484699044296,20.05645963230822,19.107528653382776,23.22314905417596,22.76372931533574,15.968669028554386,23.306988918607374,27.338707750110686,23.92156678316077,27.12972329975673,-3.2081565165959596,27.773223229353874,28.369749016366672,28.069005769239947,-0.5965257870127978
1949-04-16 00:00:00,26.998541732888214,26.91710783664149,26.79145117763403,26.92553725255022,20.399106830489877,19.347100166968065,23.46754763467521,22.931293346910227,14.929522977931818,23.53501647579096,27.323850570956665,24.09878871354296,27.041088714191698,-2.942300000648739,28.366802456381702,28.27864173057527,28.398744601565276,0.08816072580643208
1949-05-16 12:00:00,26.440872788244715,26.691172478532447,26.99577595099178,27.31914845967646,21.156657693796415,19.91350752361214,23.83050530717323,23.262303628266903,13.331612793506867,23.917557923586028,26.869650259037066,24.42974007504052,26.31651823967322,-1.8867781646326982,28.51937454808002,28.135154798609655,28.20373778888729,0.38421974947036475
1949-06-16 00:00:00,25.322408735429427,25.47317845059128,26.450214982232662,27.31339928863741,22.017294547494036,20.68103145875873,24.36155581603357,23.98330933026492,11.676864489057545,24.48310325029622,26.099318087500556,25.102916054395553,25.20402997738761,-0.1011139229920559,27.78643218465426,28.060919417080587,27.429767003173335,-0.27448723242632767
1949-07-16 12:00:00,24.343296060589772,24.215577942336434,25.288037032674964,26.742731344456967,22.671587094666926,21.349251031195987,24.81196709508457,24.58621523323763,10.56408438480265,24.880838274864363,25.3514891403241,25.55083165869853,24.26269958418391,1.2881320745146212,26.963270850552576,27.772335667815486,26.690590980653653,-0.8090648172629109
1949-08-16 12:00:00,23.531556428547216,23.05723997457907,23.664612396988062,25.848408713187847,23.26106138638341,21.99403589003018,25.264598917888243,25.13517376752469,10.020572350629706,25.252258289196266,24.915978803079167,25.8978948939413,23.62053635128062,2.2773585426606786,26.861963472763172,27.554916651359974,26.684098110099576,-0.6929531785968024
1949-09-16 00:00:00,23.541056104388336,23.170158102229028,23.035613081013917,25.082949028247967,23.45959616794491,22.2277777875252,25.625454268102338,25.5932896999222,10.117804313084894,25.554303610844773,24.949786487435173,26.26026243327015,23.56488601038906,2.6953764228810897,27.03109773035053,27.67667594054339,26.94521415624073,-0.6455782101928591
1949-10-16 12:00:00,23.91765625625352,23.76224345140606,23.441675675682447,24.895612129133387,23.315481444336978,22.141154523233507,25.612177977686667,25.599672745214864,10.981105020639257,25.56202964194029,25.34692267744352,26.287884441552098,24.20940270140959,2.0784817401425073,27.272111655876625,27.955087705157343,27.288844137900334,-0.6829760492807182
1949-11-16 00:00:00,24.382505206831606,24.295785460893867,23.974302282338225,25.06792546616436,22.660507700733,21.553083144831046,25.179592168098438,24.983520100912234,12.513758361873272,25.100131763868372,25.85760219293424,25.74554057213508,24.961455960554527,0.7840846115805533,27.373112159143886,27.941401109013686,27.378310923438246,-0.5682889498697996
1949-12-16 12:00:00,24.639637292983277,24.410092846151436,24.115524526206084,25.253415699939488,21.62193969482897,20.570236663153327,24.49489516383976,24.12967851426911,14.333644707959882,24.389564654423385,26.29058509953944,25.000050631263083,25.674957711440086,-0.6749070801770038,27.257534550273444,27.958618316390133,27.496006252929735,-0.7010837661166889
1950-01-16 12:00:00,25.387569363452005,25.011368052255133,24.550338645201272,25.64404263042142,20.64066811660945,19.58994080952386,23.726618229456072,23.272138714390884,15.793038476780628,23.660391529900345,26.677519099258987,24.28350244478077,26.33835272484089,-2.0548502800601227,27.025708054242024,28.17162544278206,27.495188808320233,-1.1459173885400347
1950-02-15 00:00:00,26.197256629514946,25.59897002979465,25.364119918502094,26.003349685642597,20.102830511104003,19.11395451653096,23.31522470472025,22.85007943600712,16.552019068441975,23.332943884239892,27.036543461345726,23.977333989538256,26.892912979483455,-2.9155789899451996,27.278143806935496,28.193382755616692,27.776593075580838,-0.9152389486811963
1950-03-16 12:00:00,26.517354555482374,26.269040414956446,26.259434616353413,26.47475900947649,20.031687433974188,19.081810949477592,23.341293477437922,22.858806048935964,16.205259081402026,23.393145595379632,27.315962600888597,24.024669175086434,27.19374953335761,-3.1690803582711773,27.8633302520667,28.27537170820473,28.178936076154645,-0.4120414561380308
1950-04-16 00:00:00,26.538793461900855,26.84363555917162,26.780318647703893,26.849414515286412,20.399204446968533,19.357028903397865,23.553092404878246,23.04012602931886,15.172702779281167,23.62273818158799,27.294152629135123,24.201972439705678,27.11169194782064,-2.9097195081149607,28.47922426633947,28.229201940729133,28.496049096225285,0.2500223256103382
1950-05-16 12:00:00,25.909032902517254,26.470916166107447,27.040404983163306,27.355791757824903,21.00333303821988,19.78924467749971,23.86489761078388,23.38659411442121,13.5824471226541,23.962518619934006,26.80656054192488,24.562845182592987,26.38585470029138,-1.8230095176983916,28.47632263402495,28.194547954782195,28.221932103302727,0.2817746792427549
1950-06-16 00:00:00,24.77682545396889,25.21965675814268,26.38444727049537,27.378873177146005,21.795643236603745,20.494190131227764,24.274258207103955,23.93380187131334,12.102438057383255,24.415892628662366,26.029595113969766,25.08962669629511,25.43750400206122,-0.34787730576611153,27.622516964422108,28.07011873342986,27.298642173905787,-0.44760176900775406
1950-07-16 12:00:00,23.918783346362655,23.784864949031313,25.018413497398654,26.75732845676141,22.481364565604654,21.189564395638357,24.695297961398275,24.489843247694704,10.926921663946766,24.78823110321962,25.31241621275929,25.480037445039656,24.523295162588315,0.9567422824513407,26.903777407524043,27.816865033657546,26.65809140380104,-0.9130876261335032
1950-08-16 12:00:00,23.323688616056156,22.7753812739284,23.37066080293011,25.763810751626647,23.073744202659146,21.814886371676497,25.173509588612674,25.06047640915185,10.286545411027834,25.1658038989325,24.862792735024396,25.837129295490502,23.747785783689014,2.089343511801488,26.748773043299707,27.590345578892894,26.569667188565173,-0.8415725355931869
1950-09-16 00:00:00,23.257504182091434,22.753730049171256,22.70672653947823,24.850884979835133,23.335279499153756,22.07087860122757,25.601047964415457,25.602944335246512,10.433018030169414,25.510903499097356,24.86995728100313,26.256827222563796,23.632442018012565,2.6243852045512313,26.90965645404848,27.69036575693405,26.856376175552825,-0.780709302885569
1950-10-16 12:00:00,24.028911531314737,23.53415096469169,23.105514460986317,24.698031054412922,23.231542643193166,22.011414955337223,25.557181341828652,25.562014878546414,11.308771250006998,25.503475791368324,25.30519023594291,26.253497173702055,24.163052815636785,2.0904443580652696,27.180063604370936,27.91484794321669,27.231723024667154,-0.7347843388457527
1950-11-16 00:00:00,24.487975245128734,24.13357151171765,23.782413552386895,24.947636897715196,22.576161754886936,21.411159848869705,25.03692435987539,24.862172083994867,12.8836436845546,24.963971463583388,25.833894962152023,25.61567442516273,24.877749459749726,0.7379249654130042,27.388655031155622,27.94586138918873,27.45484566470036,-0.5572063580331097
1950-12-16 12:00:00,24.86131244660378,24.18234881310069,23.819266242296134,25.13728549028479,21.468772763845607,20.320859659662226,24.311442690754127,23.956371483927658,14.936632469258317,24.208257217068667,26.238566851079604,24.840566355533447,25.60779317366698,-0.7672268181335333,27.10818281673813,27.927297023958193,27.351177630019876,-0.8191142072200641
1951-01-16 12:00:00,25.338867990425673,24.986914724325036,24.474537941004442,25.509966470534852,20.576237918929152,19.46979704112796,23.56686771131127,23.13095355225783,16.110969663805157,23.51972050319776,26.637754404186854,24.15489188578067,26.343641751421814,-2.1887498656411424,26.95463222342757,28.104894632457643,27.4108442155711,-1.1502624090300735
1951-02-15 00:00:00,26.15682368764802,26.002274518641226,25.72335262982131,26.034775403633382,20.073694558371447,19.05593930810218,23.223066053318657,22.722610120581397,16.59170273097056,23.23954633229988,27.05560867791506,23.858955996114922,26.913626909628338,-3.054670913513416,27.207612798284522,28.164704741221122,27.622948951978046,-0.9570919429366
1951-03-16 12:00:00,26.694364207804544,26.64805835957514,26.594038109512276,26.676388044427533,20.02141045191353,19.075756505405103,23.28916220879664,22.72108727356463,16.163492618404895,23.313832337492475,27.39944203328325,23.88315959298382,27.224765996323057,-3.341606403339238,27.79881928372925,28.31349109917599,28.094152235313803,-0.5146718154467393
1951-04-16 00:00:00,26.859805748081378,27.01062526938027,26.98494334370346,27.179315157151155,20.32209278168431,19.262505109351896,23.425194299842023,22.808529220351335,15.005965243132835,23.467451588362746,27.400754640363715,23.9768732077867,27.115343549705955,-3.1384703419192554,28.422347404885652,28.26667086586773,28.484814987657607,0.15567653901792156
1951-05-16 12:00:00,26.16893831464981,26.62358986184658,27.10724780766702,27.57150942066093,20.97480846543748,19.74872015572519,23.76352650624104,23.202877647938514,13.401365822054952,23.851991544985168,26.91569636051578,24.382118184472407,26.386500524115704,-2.0043823396432963,28.50156784865456,28.21370361012063,28.201484322620658,0.28786423853393117
1951-06-16 00:00:00,24.8082931638598,25.313372870883388,26.51014684427294,27.551255008487782,21.85047303620808,20.47317661325967,24.233003435657242,23.883085581006956,11.919129421214697,24.3900707698201,26.134297786572482,25.040696695630224,25.389582051498486,-0.3488853558682621,27.704562905041524,28.14982852354007,27.38213235310757,-0.44526561849854573
1951-07-16 12:00:00,24.215522303905246,23.97848167547794,25.064377299617558,26.67015675108955,22.554763438145045,21.25036245563858,24.6641635232075,24.484534435846868,10.98592175419789,24.77599594571584,25.38776792902783,25.481649590979817,24.490567685059144,0.991081905920673,26.92491134451237,27.92100404511135,26.72670742556061,-0.9960927005989788
1951-08-16 12:00:00,23.540141216791152,23.027260839289298,23.50010535889069,25.64338763622752,23.136466313838493,21.85303405506828,25.116533217781164,25.025145770271987,10.455452181108699,25.153906992676877,24.96099241519921,25.83191166665499,23.837700784687332,1.994210881967657,26.80663912713411,27.83157138553679,26.65383608778941,-1.024932258402682
1951-09-16 00:00:00,23.52397225587789,22.989005459505595,22.89448657282999,24.889021330657425,23.32658869948313,22.04327021373314,25.476962609656972,25.463221092567885,10.730336318456196,25.46180688574025,24.965913620479277,26.189975298755222,23.69462943727486,2.495345861480363,27.035058173906478,27.90263529147337,26.961529847983666,-0.867577117566892
1951-10-16 12:00:00,24.077610248392457,23.75050353443463,23.451851602115585,24.844790871804342,23.196726914628265,21.921547918877057,25.477163043893945,25.47934888701566,11.70863758691114,25.474249748646837,25.401033771246563,26.21900715473907,24.2093725315172,2.0096346232218707,27.373510857509793,28.07827186790594,27.408086963166046,-0.7047610103961475
1951-11-16 00:00:00,24.511727467066283,24.38950838028443,24.12258828871136,25.113350944810595,22.525535700517768,21.362228209195536,25.056777827030263,24.88400008574985,12.955450430666932,25.021381657041054,25.937917829593335,25.68430550796729,24.95439620817673,0.7299092997905632,27.44842603371654,28.045403472719364,27.46587021431793,-0.5969774390028242
1951-12-16 12:00:00,24.80773289880686,24.37436653780703,24.0580571757294,25.276987299989674,21.500619670411474,20.417468695033133,24.334833736228408,24.035115639671275,14.569790373826834,24.27693983409648,26.33783722100257,24.93749257167493,25.64801547923434,-0.7105229075594082,27.202592961351595,28.15328105397597,27.461672681467316,-0.9506880926243753
1952-01-16 12:00:00,25.530322670436178,25.13005664851442,24.604474617093523,25.65700398159897,20.54737486984377,19.54686531490308,23.581468901880328,23.20001042112777,16.078366771947536,23.565466462465068,26.735958038074227,24.231675937837718,26.376726866838034,-2.145050929000316,26.983707817428773,28.14923556828795,27.41640363180468,-1.1655277508591766
1952-02-15 00:00:00,26.403326333964863,26.041199547687242,25.79667697571385,26.084645529188574,20.057526524007454,19.169423546072323,23.27078095697297,22.835094180990584,16.42839307676605,23.293818605917362,27.137832246666637,23.962862886842892,26.983777227585154,-3.0209143407422623,27.223640421214395,28.21522835414616,27.705336000078056,-0.9915879329317647
1952-03-16 12:00:00,26.922214388191158,26.48822962379963,26.541741968052975,26.74657259385769,20.0063018402729,19.187027334237108,23.304231952594996,22.837872224072797,16.174660539580582,23.36122747975095,27.42202387626792,24.013779339323374,27.244039398820316,-3.230260059496942,27.8401116027068,28.315157399289024,28.165465782054216,-0.4750457965822257
1952-04-16 00:00:00,27.000598200389277,26.816558721950194,26.85720701476896,27.222543373019533,20.35539252692814,19.501272928779365,23.546880055577294,23.035958891528487,14.910840367619874,23.62090285036936,27.42455742378993,24.216645452424558,27.153968397521044,-2.9373229450964864,28.50692405075572,28.324321627617906,28.577371565633285,0.1826024231378156
1952-05-16 12:00:00,26.33854695157385,26.72375578639382,27.04800357611274,27.41325781593545,21.051246284678864,19.954109935171275,23.835827938803483,23.289098296338942,13.189200134195978,23.945673038100846,26.944672095201984,24.496192901302912,26.368299280402727,-1.8721063790998151,28.59214323267335,28.190952720527385,28.328047316808362,0.40119051214596624
1952-06-16 00:00:00,24.98096566763502,25.50316588390339,26.581528995548748,27.436175807758293,21.872219520832584,20.601318665580898,24.270253278849367,23.895227299573165,11.593575327273715,24.437756439052656,26.17219920706169,25.062693705770105,25.340005167645852,-0.2773114618757475,27.862821609207696,28.10750960106767,27.54950027024348,-0.2446879918599727
1952-07-16 12:00:00,24.151788798494547,24.00076907988914,25.208568321619882,26.80334181179101,22.526663358329746,21.234882583644882,24.7186053690553,24.511343425154013,10.635179548861505,24.823702740294458,25.41559993664834,25.509127553710968,24.412721953789298,1.0964055999216704,27.03774626551788,27.901197254707675,26.816176631107552,-0.8634509891897935
1952-08-16 12:00:00,23.32035357686823,22.909175277757466,23.498767608703055,25.70577610871948,23.104331271973816,21.804783206972967,25.163737483240062,25.05801817274595,10.255133661339205,25.186302577710414,24.953669148111633,25.86979116121292,23.682054886307338,2.187736274905582,26.82597534930991,27.803933343701477,26.64093878277488,-0.9779579943915664
1952-09-16 00:00:00,23.619315864319123,22.936276955522796,22.807274297883136,24.90783086207918,23.344097837552784,22.0531147097858,25.556660136738582,25.556111680346515,10.385886408851624,25.507335480508768,24.97689766963168,26.247215097342156,23.613885238795184,2.633329858546972,26.965087894027896,27.89981311655997,26.867795359411353,-0.934725222532073
1952-10-16 12:00:00,23.888173865392684,23.600788138350268,23.20825098730514,24.76104018607174,23.29798786204626,22.10544476246011,25.531276525156326,25.539432536286803,11.291722510412253,25.510830051755114,25.355073694339303,26.24312365619251,24.179019042055508,2.064104614137001,27.229489268185592,28.060396052875934,27.189397530504152,-0.8309067846903417
1952-11-16 00:00:00,24.36639754399466,24.102369512362408,23.751385670948142,24.799048971432597,22.58303275440356,21.490914321156737,25.080769509840565,24.867768044743222,12.920452677742883,25.020155904769194,25.868470614056626,25.653827281574948,24.916740004214425,0.7370872773605228,27.402713826502854,28.02325723930326,27.422803897863904,-0.620543412800405
1952-12-16 12:00:00,24.690429466306824,24.1964259932858,23.804934399868824,25.084029603117298,21.545734007082622,20.48520316482296,24.309834654225767,23.94360737726836,14.73940355941975,24.247828814707596,26.254926391041753,24.853058691248126,25.658417148122428,-0.805358456874302,27.176069235963823,28.044695098963633,27.379604999926695,-0.86862586299981
1953-01-16 12:00:00,25.46709670593865,24.971737770255462,24.406844996758704,25.530694282768973,20.684720014476298,19.69001882668359,23.54648898123151,23.11598748149844,16.001577044973992,23.550784293009396,26.676117503437393,24.150443170795622,26.37808659624396,-2.2276434254483384,26.963901430186112,28.089987641124296,27.454824638372006,-1.1260862109381833
1953-02-15 00:00:00,26.38040862967463,25.59946892485176,25.499167822395982,25.952017806009717,20.214302953750558,19.27327898795421,23.201797282632818,22.715228414094454,16.64917673670951,23.279340317374558,27.058043737595,23.85969205681538,26.970748275002492,-3.1110562181871124,27.226514334944575,28.220832529688483,27.712652950099635,-0.9943181947439079
1953-03-16 12:00:00,26.744281015347205,26.182313102466026,26.196842888065987,26.385830182256996,20.132538661824267,19.251991064610344,23.259305072716373,22.73863414673764,16.250565249242733,23.35004780035783,27.332579745433453,23.908587376254072,27.271616902404947,-3.363029526150875,27.76482703755878,28.368215609741238,28.081730360065457,-0.6033885721824568
1953-04-16 00:00:00,26.924356779285066,26.789195908131,26.734546371141537,26.86736961774807,20.414620391982524,19.429186952215368,23.4597778862145,22.927047432795504,15.060736587471164,23.540254736431407,27.324531330885435,24.086395124133386,27.105782534450945,-3.0193874103175595,28.416218298491508,28.318029695198017,28.487844924113283,0.09818860329349022
1953-05-16 12:00:00,26.46772871442207,26.609036822701782,26.99634448307833,27.29398154558558,21.11359483869553,19.91528060064255,23.817951712373166,23.294730418712906,13.432016479500252,23.91449317273215,26.887277878108726,24.447416776251362,26.382564777035743,-1.9351480007843804,28.507259699591206,28.202921599731308,28.24831142390563,0.3043380998598977
1953-06-16 00:00:00,25.025762355296425,25.367064559508698,26.34004578160809,27.284258466064603,21.943295390201683,20.59690653299968,24.28789610561031,23.93287621547477,11.71923905914008,24.427579423401912,26.10023541803698,25.055397443951104,25.397842839044365,-0.3424453950932609,27.680714992691392,28.13826589208116,27.40092298068489,-0.45755089938976923
1953-07-16 12:00:00,24.234868471569776,23.859026096929384,24.99276601010387,26.65829456871758,22.613027845567352,21.255285366533645,24.708429217211616,24.4863161057645,10.515156244820208,24.802693145484035,25.359406692682494,25.46887199852482,24.374864108485507,1.094007890039311,26.84786727644376,27.957947078768626,26.681839264565998,-1.110079802324865
1953-08-16 12:00:00,23.29435760772523,22.771278127085477,23.304423381914997,25.614467453008032,23.163539452514616,21.851347180202545,25.15060701000835,25.02094750679705,10.074896837882337,25.164026543063002,24.891064689669797,25.802316344208986,23.710033183643514,2.092283160565472,26.750810570619784,27.743508262868676,26.608037229125728,-0.9926976922488926
1953-09-16 00:00:00,23.246237829897513,22.771162650794825,22.637192054434845,24.715627339331274,23.357643932079046,22.05628823591659,25.545483492728014,25.53484980910585,10.273302400711032,25.486751008122006,24.894053054370417,26.20974724286294,23.675430858781667,2.534316384081272,27.006591940708127,27.785656078846195,26.924482053575236,-0.7790641381380681
1953-10-16 12:00:00,23.947314360742077,23.52182212151147,23.097869554307657,24.615154392212556,23.201805346433876,21.943032550426995,25.5023438333064,25.519007313879317,11.316039886693432,25.47593657984603,25.31067622311724,26.239199430421422,24.28264040735945,1.9565590230619705,27.32747618961802,28.04687242380162,27.354503116144997,-0.7193962341835984
1953-11-16 00:00:00,24.507760416810147,24.09373002526029,23.652794287662566,24.75720935401063,22.55781489063287,21.37961555193365,24.9986382900361,24.824065402650017,12.829815370027534,24.96113699883023,25.834013326878743,25.614256005454994,24.981200553556462,0.6330554518985316,27.383200261979532,28.02478858009956,27.43104887382219,-0.6415883181200286
1953-12-16 12:00:00,24.977083285360006,24.18179335219152,23.761743690511395,25.197212787287455,21.52424567985035,20.42672355794745,24.301934224539462,23.98418907953397,14.450723340920362,24.23636261243709,26.262724210453808,24.877760131650422,25.6896247710223,-0.8118646393718763,27.130407901452408,28.112636722064146,27.39606069932368,-0.9822288206117378
1954-01-16 12:00:00,25.554834480509804,25.100059250331885,24.55048061634236,25.694820093419015,20.607036034282068,19.605833024713306,23.627702968426313,23.23734197932825,15.890382460208333,23.599788164135497,26.660451002789078,24.253569586748004,26.328918608652824,-2.0753490219048203,26.969291220097087,28.167935853696047,27.47228830219233,-1.1986446335989598
1954-02-15 00:00:00,26.450631535426123,25.904567571456557,25.70467779218706,26.01389399925955,20.09525052820109,19.17122475114585,23.27910854696866,22.830997729101615,16.69450061524343,23.298878621008193,27.029990733809296,23.934643825976117,26.817365817355054,-2.8827219913789364,27.16330258248603,28.168960149870546,27.62765077917402,-1.0056575673845174
1954-03-16 12:00:00,26.898925592248432,26.270680194757666,26.336678341323616,26.66765145511235,20.0475215518862,19.177942770717763,23.331936408147563,22.792196719096022,16.37017026593417,23.36302698840066,27.32899870835647,23.949080074243003,27.091557100572427,-3.1424770263294235,27.80795053993191,28.291700613916554,28.141801344253935,-0.48375007398464476
1954-04-16 00:00:00,27.150306786012347,26.718106034975786,26.582545419823518,26.907736487309545,20.316712043425404,19.36470091651108,23.528555891664713,22.98194744558511,15.015489983267026,23.566490086187713,27.304225330968578,24.133892708201923,26.955114614194997,-2.821221905993074,28.403480536511662,28.227870455182774,28.432015583301478,0.17561008132888745
1954-05-16 12:00:00,26.59831558429829,26.70913416630324,27.036772192450996,27.29088193314679,20.977558493057547,19.910601807327776,23.86492401570558,23.32526102689094,13.445223563995048,23.923804245637907,26.848281332136402,24.47586368217269,26.163624340460938,-1.6877606582882478,28.490506931324674,28.242328312576976,28.17949984405181,0.24817861874769775
1954-06-16 00:00:00,25.31555501754125,25.470685152243277,26.505615172656885,27.35979282348738,21.816377895061457,20.61298892525363,24.341365560256406,23.99717045707885,11.696762029540224,24.448911637054668,26.07140894169298,25.10018363781643,25.138701041003095,-0.038517403186666854,27.689364850413654,28.15165221107293,27.345552228060846,-0.4622873606592748
1954-07-16 12:00:00,24.270395994806307,24.11678641028511,25.21223777411121,26.713815502797388,22.555344999467202,21.374771717735815,24.83250783556432,24.69004970698042,10.528805594497028,24.896810298459037,25.337778570689192,25.61204089985176,24.233002250698405,1.3790386491533546,26.904687910414953,27.948712966870897,26.667207845192006,-1.0440250564559435
1954-08-16 12:00:00,23.390445560585764,22.931990620733607,23.45836480693798,25.710798589697447,23.146682128611694,21.948712827487814,25.201399454540613,25.083043180917254,10.169270922988458,25.194037002309656,24.890893763221236,25.838786813034943,23.53557403677088,2.303212776264065,26.76928872166294,27.807070264489738,26.591168481188262,-1.0377815428267994
1954-09-16 00:00:00,23.44409636085909,23.00572171481868,22.88958370712841,24.841112699795808,23.346528835125255,22.158661368419,25.5846287346092,25.55598010510902,10.418326782078731,25.51255861192926,24.908528423670127,26.22044571474413,23.48837944586599,2.732066268878139,26.91897121432647,27.88197224315006,26.83563112115586,-0.9630010288235908
1954-10-16 12:00:00,24.12294038656991,23.828978258628513,23.389899380709284,24.67273448955238,23.31141428725926,22.15844646094458,25.56345508212635,25.57789308050405,11.40803487059586,25.534730883106125,25.320655816210053,26.269817479973636,24.041184095283935,2.228633384689701,27.169840007747926,28.092281051005497,27.1768442577463,-0.9224410432575709
1954-11-16 00:00:00,24.483485380561465,24.261685625372348,23.82611442073856,24.830143696800913,22.673869905980716,21.60413969484843,25.0982793335803,24.951514463641335,12.79186477822258,25.057188221412762,25.837682298208296,25.706322010089316,24.865733447737995,0.8405885623513214,27.32094356332446,28.015794521180933,27.348975008073246,-0.6948509578564739
1954-12-16 12:00:00,24.810682666251832,24.496976927448163,24.056147080761967,25.283817541496376,21.67518425891384,20.654252308152635,24.387662776792205,24.090246601057714,14.645616107403379,24.351765692744923,26.25784555418562,24.95262963359582,25.629182419715427,-0.6765527861196077,27.16752111525885,27.931280829567207,27.42471536434775,-0.7637597143083568
1955-01-16 12:00:00,25.603402041999953,25.225535326310965,24.84439430701466,25.808532661510306,20.787377765487328,19.82985876030626,23.672625418670563,23.34561073365395,15.74010191323912,23.696834702482846,26.67193267466043,24.32851697436474,26.34966131439162,-2.0211443400268827,26.948902051567934,28.07274062184836,27.423306179768066,-1.1238385702804266
1955-02-15 00:00:00,26.296353474316817,25.874246102989407,25.673510583806465,26.14798522537341,20.24992475554981,19.33867741109098,23.335810242812002,22.939168656632646,16.249249049980918,23.400364499515792,27.064346966866516,24.04400032304213,26.85230978074449,-2.808309457702361,27.11101018292209,28.160187111850902,27.62202187309429,-1.0491769289288122
1955-03-16 12:00:00,26.663190101884563,26.54006421155826,26.405120212946287,26.54515617661948,20.102565433646095,19.264855204192592,23.357166968204627,22.913042621771588,16.05514058174075,23.42083279826211,27.332900835711598,24.058199667267466,27.197136682734484,-3.138937015467018,27.711223324171616,28.220483714424883,28.11272544112831,-0.5092603902532673
1955-04-16 00:00:00,26.928324961843316,26.976278307308036,26.798268110342843,26.92378145630315,20.465136941220344,19.54571904976563,23.64963439018525,23.18259890459612,14.942135424624666,23.71495398321873,27.31743576422397,24.313307895320058,27.03207468294725,-2.7187667876271924,28.33266311771314,28.26984782182819,28.41614935110542,0.06281529588494905
1955-05-16 12:00:00,26.445373439396572,26.640335758804568,27.075058010651478,27.311091295089167,21.130063404491864,20.070746951896698,23.991649363360477,23.491359261979262,13.308471535934773,24.06879965031721,26.868433000810978,24.640344236706962,26.272317396629653,-1.6319731599226905,28.451299086055613,28.192475785915914,28.20311772998729,0.25882330013969934
1955-06-16 00:00:00,25.476718788489894,25.419975775445604,26.35620938840703,27.24667594084936,21.956895208904783,20.756405706106385,24.451941343768812,24.075335368637965,11.692224740903203,24.553240300042898,26.12111090469182,25.181715593844885,25.213873014980038,-0.032157421135153186,27.65568083845602,28.106955600021507,27.37823402938285,-0.45127476156548596
1955-07-16 12:00:00,24.47134073558317,24.229469647904757,25.235589406348005,26.64984813316668,22.57781752169928,21.376030164033025,24.912828335350476,24.701571414010093,10.583822942239932,24.948409081338145,25.40537176171586,25.630520548663583,24.255815172383585,1.374705376279998,26.91834136187005,27.889582836235796,26.697185606401376,-0.9712414743657476
1955-08-16 12:00:00,23.648577141933497,23.180383148254048,23.6190547289587,25.763285639765378,23.234663345178255,22.03544108408499,25.343748601262558,25.22027348623554,10.013059315267542,25.30553442135727,24.97752007735276,25.96106957454085,23.535830598084857,2.4252389764559936,26.744662432868047,27.755427836605797,26.56276530445671,-1.01076540373775
1955-09-16 00:00:00,23.64914055996784,23.159901201481876,22.96028592410445,24.9023208478581,23.49522778811818,22.242511815003283,25.682780379766548,25.629289524316324,10.257944329349492,25.58939842635888,24.99491072955865,26.267000602165187,23.43435576286537,2.8326448392998174,26.92301473989549,27.912514418548085,26.846669958656243,-0.9894996786525958
1955-10-16 12:00:00,24.168501648086416,23.924709137991133,23.44747156199748,24.72946245170523,23.269245238519428,22.03131011556098,25.56728552824877,25.499280417453875,11.34149728277556,25.508886384003645,25.411440470591433,26.1956796553716,24.077748350320395,2.1179313050512043,27.20681178855307,28.083228981577072,27.253513698682582,-0.8764171930240039
1955-11-16 00:00:00,24.585728533545623,24.43261452301967,24.021433722772134,24.90505066382972,22.540384746504923,21.365938228140216,25.048938385675587,24.78679461736293,13.134498119166038,24.961654761669177,25.937509367539594,25.58332032914176,24.891811402830417,0.691508926311343,27.281322619313563,28.13953787437728,27.359070969751567,-0.8582152550637154
1955-12-16 12:00:00,24.86946511727419,24.650080939157004,24.229171859797315,25.21600545704343,21.609859563786504,20.57150204486087,24.372352682892753,23.99595348442328,15.00950124870897,24.289583801826147,26.345521396887804,24.877337166922786,25.65994519295605,-0.782608026033266,27.142446608279137,28.051749317115558,27.394958995327865,-0.909302708836421
1956-01-16 12:00:00,25.653806773164007,25.26632992386067,24.78852945951016,25.74223233374043,20.766475945556564,19.833783093991695,23.73013774580662,23.305792897869463,16.121572500257493,23.711246113908263,26.734584091268957,24.291732886701027,26.361745810724234,-2.0700129240232066,27.012904992803126,28.1818256879136,27.50756227111363,-1.1689206951104758
1956-02-15 00:00:00,26.32193598708934,25.914637072168077,25.787153474575337,26.22652505623804,20.205848923056944,19.34592408436859,23.386711923717154,22.9203169000051,16.757855399649937,23.40554647607784,27.12426233412471,24.00722933880433,26.89003951282557,-2.882810174021241,27.211179012035632,28.24782330161222,27.7298817119372,-1.0366442895765893
1956-03-16 12:00:00,26.6986437015698,26.359128867582115,26.343890546372922,26.570593726276748,20.067003784193872,19.17819055563877,23.378579884721187,22.84140210907244,16.434890419913426,23.387906641237535,27.38589034383289,23.9737080952643,27.259327080732838,-3.2856189854685383,27.846931546092286,28.35136568917642,28.187884593113075,-0.5044341430841328
1956-04-16 00:00:00,26.876314477287515,26.904741904096408,26.802884631116985,27.007051351733306,20.434852344201815,19.479652972893206,23.679065758097554,23.097808269963487,14.992570537049307,23.68178987666644,27.391076862876652,24.215261161869986,27.15614697979844,-2.9408858179284536,28.47822927248929,28.32491849141664,28.553563387774354,0.15331078107265128
1956-05-16 12:00:00,26.56387855390815,26.796937511223604,27.17948242189779,27.461265163924313,21.189720122973544,20.101696615041764,24.028376769299744,23.496213249386177,13.367798064217624,24.08774824363017,26.934081672790285,24.607636925856813,26.347388815601846,-1.7397518897450333,28.61383627053485,28.19307858455782,28.29827700588584,0.4207576859770299
1956-06-16 00:00:00,25.35469535013459,25.43886648452788,26.501466313810795,27.497600892362623,22.012684173766136,20.733681084880388,24.44703862821836,24.052862579466638,11.83615936287952,24.54367788161291,26.160678285912937,25.148627847270877,25.286856816958192,-0.13822896968731513,27.7845449416541,28.134102122885363,27.388180651267756,-0.3495571812312619
1956-07-16 12:00:00,24.432582336647048,24.10387002971441,25.16685246610598,26.825629863010853,22.678694316451736,21.38530493648405,24.889499119353175,24.650097840658628,10.461524629248203,24.940629301684428,25.414189939795403,25.603685195538507,24.344756597382858,1.2589285981556486,26.943166281237602,27.889339033131048,26.608638719712477,-0.946172751893446
1956-08-16 12:00:00,23.88391427847211,23.266798050247925,23.809153165893612,25.85560004141493,23.280368636810383,21.98079919324014,25.26910089963322,25.061584004098986,10.008563870677383,25.26803692461958,24.99475539328093,25.883060042576663,23.69076097991066,2.1922990626660024,26.81200121787987,27.658281558404145,26.583384650962067,-0.8462803405242738
1956-09-16 00:00:00,23.79637138406343,23.215776468724247,23.136710297405656,25.165484269294417,23.522180846939783,22.227805273655555,25.60630395823894,25.507889707063907,10.332512114397302,25.569947079467674,25.007297133737225,26.232750793514725,23.539811931268556,2.6929388622461694,27.05403506136411,27.738424600868488,26.943420178402917,-0.6843895395043766
1956-10-16 12:00:00,24.2862892945762,23.910489284083116,23.496728484335197,24.934504222661502,23.324190006428594,22.122406512239902,25.524138310173694,25.46910769146632,11.348426349658894,25.51977906483006,25.417543657005083,26.212778778456816,24.05815628864589,2.154622489810926,27.394928751630065,27.988650731080043,27.369903268674708,-0.5937219794499775
1956-11-16 00:00:00,24.754707275281913,24.42238391216598,24.014709377562525,25.098875180710834,22.610828584057607,21.497102615503383,25.016026870438978,24.805507402866386,12.933163256285543,24.984869905613213,25.941867397889776,25.600223078552123,24.818209293531797,0.7820137850203253,27.48509609931615,27.955654617305186,27.444896758591824,-0.47055851798903703
1956-12-16 12:00:00,25.12591369959379,24.50660379491738,24.11749889247602,25.392239570624,21.576497428316838,20.5143564160947,24.358986406495486,24.018796550314352,14.67761190289429,24.28189180513635,26.375596725501975,24.903958246579503,25.597885070105523,-0.6939268235260201,27.30632806877475,27.968998538117546,27.48738908829264,-0.662670469342796
1957-01-16 12:00:00,25.693150238214564,25.120111274294036,24.693977333389824,25.83025230307894,20.5723857078822,19.636592249894775,23.740591404600053,23.31963552297851,16.093112152464617,23.67302916493823,26.75787951936068,24.315054405666938,26.28245608841802,-1.9674016827510812,27.128737537414192,28.16476150360291,27.633908414337977,-1.0360239661887185
1957-02-15 00:00:00,26.384033858067333,25.79244247536638,25.702970348893732,26.225144136996594,20.062331437836193,19.190365121126227,23.40525166452388,22.912373233246907,16.64940592921186,23.385447551873856,27.14116972314325,24.010638080131933,26.863538375296557,-2.8529002951646234,27.291935295907017,28.32292809722712,27.819421974838153,-1.030992801320103
1957-03-16 12:00:00,27.03326983218553,26.62158866870322,26.563952397136124,26.68037550460396,20.102688982504027,19.325451783624203,23.507128761412496,23.0199762212672,16.284588926383073,23.518712875282283,27.444380613920053,24.121177579641863,27.196809380497456,-3.075631800855593,27.78453597402681,28.373126818368974,28.101914327976424,-0.5885908443421641
1957-04-16 00:00:00,27.21610613660054,26.870683969639007,26.89262989206303,27.173955278781794,20.45375202933322,19.579357111643418,23.715975553829786,23.214810297733884,14.85603493516329,23.761698636034968,27.422477327476503,24.349024634931215,27.03281274615097,-2.683788111219755,28.459382685531597,28.280641810519654,28.48641000190127,0.17874087501194325
1957-05-16 12:00:00,26.50747507864412,26.678600239432544,27.13058896385425,27.49141727013934,21.167808681661082,20.082271105197005,24.062463990104984,23.572962619621777,13.295670805919258,24.16597601354052,26.9391669926142,24.74602466900407,26.303506751955812,-1.5574820829517435,28.586714170299555,28.179280078661588,28.286689473262967,0.40743409163796684
1957-06-16 00:00:00,24.94315812456109,25.413960373184846,26.53989224302958,27.459340490974178,22.02487614854118,20.797560710711107,24.562173316928636,24.25157741201891,11.817405819008407,24.690503823164697,26.152877652087355,25.36663709478622,25.276476094810207,0.09016099997601401,27.829838572686135,28.08788547328965,27.43566453508262,-0.25804690060351376
1957-07-16 12:00:00,24.265029430024036,24.09561958985167,25.210509767111606,26.770054020195953,22.722943354972543,21.47909848535826,25.040879180754274,24.8843697576362,10.57432741648264,25.081707659624104,25.414877824369807,25.798297711007166,24.34833479388231,1.4499629171248571,27.064390038567065,27.874850574079872,26.74650893366324,-0.8104605355128065
1957-08-16 12:00:00,23.605658665939593,23.013119890836318,23.550698484554385,25.79550020459015,23.31933953138061,22.07511333132987,25.463205791352113,25.358765605305827,10.15853582033088,25.404692405767033,24.971726443286677,26.0664790723576,23.629444299316987,2.4370347730406117,26.863819922335164,27.73392962428612,26.657640132587087,-0.8701097019509554
1957-09-16 00:00:00,23.30501638912495,22.96329645212023,22.946896640148925,24.962956591334926,23.55357741767634,22.264222394661388,25.776952583567326,25.730111112228588,10.360998201814818,25.67091786691331,24.957342359498348,26.367595101957967,23.578393242905083,2.789201859052884,27.029518772073278,27.79484507157085,26.888828841195124,-0.7653262994975734
1957-10-16 12:00:00,24.021520086706634,23.736720006722603,23.371842859775487,24.794835349769624,23.38056365255965,22.169670863106006,25.729134141340843,25.7105682768689,11.432333697486579,25.64794574691596,25.379299729510617,26.39194276700572,24.06422058515959,2.3277221818461307,27.320772707732203,28.025803620734663,27.278555416237836,-0.7050309130024601
1957-11-16 00:00:00,24.557542261384633,24.257362271686567,23.95466211246058,25.017797016502048,22.631921315114838,21.52744327042456,25.24889541702572,25.038325102351713,12.884483799981666,25.127207273867338,25.880891139187135,25.775443776360778,24.79352858690415,0.9819151894566289,27.380496168650076,28.05802748768291,27.32762467017699,-0.677531319032834
1957-12-16 12:00:00,24.912022316363718,24.52230469230573,24.17117312851239,25.202844202407903,21.638445490284056,20.542849169144198,24.510271346971262,24.13954864038385,14.615869127817954,24.37657458756974,26.315217947005856,24.981942190308775,25.574513861956103,-0.5925716716473275,27.218780595874954,28.049890436359394,27.413070635824297,-0.8311098404844408
1958-01-16 12:00:00,25.702353482730867,24.97316539835357,24.46452207789572,25.53582793202874,20.704917505696386,19.67106173913057,23.781910326792854,23.35395916288283,15.839207590456228,23.701534125042006,26.694242233933863,24.32072097443196,26.34802250706274,-2.02730153263078,27.044922136336435,28.10433947854002,27.534029361752765,-1.0594173422035844
1958-02-15 00:00:00,26.385207186596812,25.744548310177738,25.46670454479626,26.095028498120865,20.18580049446422,19.245320461371975,23.427783650442738,22.945423401153203,16.55117233117889,23.40808729506808,27.06182109159609,24.045382062892045,26.97051351303004,-2.925131450137993,27.22982341163407,28.22665336500247,27.720824656191816,-0.9968299533684011
1958-03-16 12:00:00,26.817658427459282,26.512682403970462,26.464006984329806,26.628389561411268,20.043963036767625,19.136479689512083,23.412803290612153,22.865678737296193,16.319033209386674,23.400894211861036,27.365556101170114,24.027695205689614,27.262177916081466,-3.234482710391852,27.86725357187421,28.309337325504007,28.17634424146633,-0.4420837536297988
1958-04-16 00:00:00,26.96626393033626,26.894286403892956,26.91013933175205,27.151053440542494,20.409837188531547,19.46027775048347,23.629215448151804,23.02300222058891,15.124052443739847,23.64902779453363,27.391886557796717,24.18404846542818,27.199307944215796,-3.015259478787616,28.587039408813183,28.32064529584657,28.614712212775554,0.2663941129666121
1958-05-16 12:00:00,26.50407971192977,26.718999423894743,27.155667960208035,27.495958985991248,21.0376908275845,19.864286785603955,23.950610703128234,23.340874437980453,13.467673503643876,23.988465683137488,26.941717717356884,24.501461829918263,26.46693626788362,-1.9654744379653586,28.610673524684895,28.18848426230366,28.287612606192166,0.42218926238123444
1958-06-16 00:00:00,25.266134996528496,25.512793842772435,26.540774248481025,27.43403695355665,21.892184813993634,20.61439445516077,24.454531547040908,24.069648092433177,11.727235457026914,24.547672916835406,26.16478583800975,25.179091375575176,25.363561067445595,-0.18446969187041873,27.838318911917693,28.121668908182517,27.51386517587976,-0.2833499962648247
1958-07-16 12:00:00,23.91876371429126,23.881327595493197,25.041925548103908,26.671162806940746,22.53050908338006,21.27233497603165,24.89535056295702,24.678067427295698,10.59615109773717,24.939049701792158,25.371556035335345,25.63576157895942,24.37001631428236,1.2657452646770615,27.060622650984786,27.865565495591234,26.832041999832974,-0.8049428446064475
1958-08-16 12:00:00,23.43347620404332,22.808326808370285,23.25457348225493,25.569543239778163,23.154810479341485,21.922292808013022,25.26354035015128,25.10285197337726,10.159991490315548,25.251383570445093,24.919602686706835,25.89458173929371,23.68042994852284,2.2141517907708703,26.87005858527989,27.677794423722638,26.687453045251388,-0.8077358384427491
1958-09-16 00:00:00,23.45063096816588,23.005777130363875,22.781457668402005,24.73324051076218,23.41746766433336,22.16120279966277,25.592018068639447,25.531821599923102,10.431193051943888,25.544355207622726,24.950282497336318,26.233567659360567,23.588131390622017,2.6454362687385498,27.117088472570178,27.796485450316414,27.031845277631078,-0.6793969777462365
1958-10-16 12:00:00,23.98945590606745,23.611908708708096,23.19635002307535,24.6173433847656,23.26219011046688,22.05654028240379,25.538050888550217,25.49279421708808,11.34230868585794,25.51136316282756,25.34382210010933,26.211942476500546,24.191911602620653,2.020030873879893,27.39274708960021,28.04406025327009,27.39873514138382,-0.6513131636698795
1958-11-16 00:00:00,24.471417342789657,24.057630098020464,23.624977286364892,24.72909560106414,22.658161234088503,21.61029965591831,25.102333052419493,24.935930414078147,12.780250269606872,25.07334302834579,25.831709328264104,25.71141960509482,24.99993659046404,0.7114830146307831,27.4362073407783,28.030312551492123,27.47204102950763,-0.594105210713824
1958-12-16 12:00:00,24.78309276360473,24.100283942959884,23.774282697812655,25.009577043389044,21.606040789302995,20.62501640903148,24.380696484606357,24.071489613700674,14.405099020293747,24.32743514958441,26.261218832006872,24.947009087798605,25.71025755018196,-0.7632484623833555,27.26660860442144,28.067380738365696,27.530300207070134,-0.8007721339442568
1959-01-16 12:00:00,25.316869608269506,24.864413464202713,24.337198872445093,25.524787510657973,20.66488412289136,19.704897108266447,23.68091450314367,23.29887528490896,15.877547109325931,23.667669037254345,26.675910345019645,24.310456231720284,26.397644604494246,-2.087188372773962,27.053308107529325,28.280318735543684,27.548062488539372,-1.2270106280143587
1959-02-15 00:00:00,26.17938846665995,25.89277434420505,25.521857160931127,25.928660214936766,20.184602395895737,19.269904136823083,23.365517877569093,22.94220749639356,16.4641277635094,23.391391136105987,27.06633404870585,24.048909550132407,26.99699096686269,-2.9480814167302825,27.214298569526036,28.216049781410803,27.63268272723624,-1.0017512118847662
1959-03-16 12:00:00,26.713450420352594,26.455681687274186,26.294955378697757,26.451576707390448,20.0865821310791,19.169838797245188,23.384506262108196,22.868273519642404,16.17821046362881,23.4147749259676,27.35100082557956,24.02796201976664,27.317472363698098,-3.2895103439314575,27.802952792226797,28.29745406876936,28.072822947961992,-0.49450127654256093
1959-04-16 00:00:00,26.96405671074976,26.88862507738506,26.690242905449633,26.84343712472229,20.45125925911278,19.45447473372733,23.59077415935289,23.047761216041856,14.93252215814352,23.639963595828384,27.352709155323055,24.219960050804747,27.224926731742695,-3.0049666809379474,28.436674352873496,28.28455883682072,28.54879495065102,0.15211551605277407
1959-05-16 12:00:00,26.476097527471204,26.60336240602659,27.04335384252743,27.334726053439475,21.181146163548096,20.014550977434336,23.925945192156924,23.393434111715237,13.10793465013777,24.010748828076743,26.901381427845386,24.578245575516153,26.51745121749346,-1.9392056419773063,28.55453549580354,28.170628708273906,28.293710966885822,0.38390678752963225
1959-06-16 00:00:00,25.073746211385128,25.345796605847354,26.460580626728774,27.3451378745195,21.963750188090806,20.713165836420504,24.376697749572195,24.02696725254299,11.593245011430389,24.50393705372158,26.128800326939412,25.163176453466345,25.369447374559257,-0.20627092109291212,27.82556766210224,28.099682513019836,27.447484869991964,-0.274114850917595
1959-07-16 12:00:00,24.17902555039717,23.958373676207508,25.08340173815317,26.63650321420043,22.565960233075106,21.336567440161254,24.864201757472543,24.704567634928065,10.560673565074387,24.915086298374217,25.386585393058393,25.643112133073,24.396151166229945,1.246960966843055,27.027794670810174,27.926505786236866,26.729975298177113,-0.8987111154266927
1959-08-16 12:00:00,23.202294574509374,22.82650627935186,23.402702815148544,25.568018928482427,23.11715040027035,21.880005942204864,25.2753867115196,25.17219521683487,10.195613598415697,25.234832557261544,24.915764358647102,25.936799203235473,23.714641153075995,2.2221580501594786,26.86798839619447,27.801091730680003,26.624710279528998,-0.9331033344855335
1959-09-16 00:00:00,23.34143856423086,22.760987965957764,22.698071075326194,24.76419351709212,23.36710795267637,22.13557929979139,25.654696734505247,25.65868614752738,10.378822846264386,25.545957457137927,24.91151857647668,26.31128698778376,23.609391440335198,2.7018955474485615,27.029728839942553,27.899449660939275,26.95211452257037,-0.8697208209967222
1959-10-16 12:00:00,24.03727704726785,23.52962835032365,23.078059885975957,24.583481315237083,23.201345872985986,22.044677513598742,25.62904206858489,25.656197901781738,11.362071947260926,25.545805635713677,25.349631547977143,26.351647512971667,24.22283276616642,2.128814746805247,27.285192565387653,28.136780204348128,27.35943675291164,-0.8515876389604742
1959-11-16 00:00:00,24.571057028528802,24.223790106233807,23.75115532320359,24.73732655856475,22.572935177068437,21.4904905779244,25.142092850739317,25.0172054917982,12.984592194327467,25.04506349507952,25.88349745052266,25.76345303013538,25.027443484978555,0.7360095451568256,27.398887159835752,28.09598627299083,27.519632111527095,-0.6970991131550797
1959-12-16 12:00:00,25.04223446308439,24.333280821824218,23.87744575172113,25.013982075992118,21.52447737846756,20.469921096470244,24.417035557558854,24.13866899190945,14.663406912870446,24.319537728841887,26.269343482775067,24.998008903297205,25.781757327402243,-0.7837484241050383,27.19119020647412,28.089583924873846,27.446627723541496,-0.8983937183997277
1960-01-16 12:00:00,25.65934351808689,24.752593351363295,24.315301931564786,25.424867157219616,20.53176160124105,19.448882531456785,23.657671616088464,23.231377267912116,16.000364936673552,23.59135695011524,26.637750853139664,24.27427077610467,26.39279829282472,-2.1185275167200466,26.971493527489184,28.173424004125653,27.46821126401666,-1.2019304766364698
1960-02-15 00:00:00,26.194869740977687,25.282034236409096,25.199662837691584,25.811280628969495,20.01064380831295,18.968935812922624,23.305030296400208,22.832598689590892,16.616060401028502,23.284744897597975,26.99525964910823,23.97662233182043,26.913388124334883,-2.9367657925144535,27.23648019199577,28.25120653893815,27.719108758907478,-1.0147263469423784
1960-03-16 12:00:00,26.59031816702838,25.881047091346836,25.848075278045332,26.246122340044405,19.900437857831765,18.917623657363453,23.279912142274608,22.7700321899555,16.46965671447221,23.286990134417195,27.262247338213406,23.953563926534635,27.155115531929166,-3.201551605394531,27.870070682129413,28.42492561343297,28.192619150704363,-0.5548549313035558
1960-04-16 00:00:00,26.832714322673848,26.659202116509867,26.46654866152446,26.540903036476546,20.362613025686592,19.40915638354338,23.53957137720262,22.995801979596145,15.386789820493004,23.588605546543874,27.274575032334507,24.171289885870408,27.043113626433726,-2.8718237405633182,28.428166128020663,28.338468908970516,28.480130512410533,0.08969721905014794
1960-05-16 12:00:00,26.62126645589511,26.6033516295784,26.79209474069667,26.908373222243267,21.247969945670615,20.063831962111028,23.871558481426263,23.340475208801706,13.57832980559476,23.99227708220015,26.83600028494311,24.5309436369046,26.381487319285604,-1.850543682381005,28.450847441944084,28.222055367027902,28.20961343100344,0.22879207491618203
1960-06-16 00:00:00,25.34243946121304,25.27589800903307,26.30439063619325,27.09162905737881,22.061990935478523,20.7512185915179,24.335033361750916,23.963848556065642,11.844024282469515,24.496298998507168,26.078558657628385,25.115449990644372,25.398684740149623,-0.28323474950525096,27.554657419695648,28.201723413274326,27.30227850902264,-0.6470659935786784
1960-07-16 12:00:00,24.349804087376764,23.94484291643926,25.09625309428263,26.625559950331247,22.67993757064607,21.395085348343837,24.761866356626946,24.547561556535122,10.639487071130471,24.85514997880844,25.34933000807272,25.507641788924694,24.449821529823954,1.0578202591007404,26.87797888763715,27.965879172628572,26.66190717054214,-1.0879002849914237
1960-08-16 12:00:00,23.525898817006304,22.897057750870704,23.559835987871207,25.870781744286376,23.27439688121566,21.971902104200876,25.190114820598232,25.045918742625435,10.247516698459428,25.207186302063818,24.925915951404463,25.807826596050127,23.7453961300361,2.0624304660140282,26.817827736852223,27.798980900093657,26.637773172414157,-0.9811531632414336
1960-09-16 00:00:00,23.689551400425533,23.080280672682402,22.934124242837537,25.041914153870586,23.49512700567917,22.18581660510639,25.62712625802149,25.61758493535827,10.38121868913067,25.57426518324119,24.97101077283413,26.271081817017254,23.65150477017383,2.6195770468434247,27.04311407223855,27.897664386159892,26.970278223661996,-0.8545503139213437
1960-10-16 12:00:00,24.442490684267295,23.85856857764359,23.325266920608883,24.79227182693353,23.47004511103367,22.31272083756166,25.719768940347134,25.840737416202685,11.340331943829327,25.681959574124082,25.39696808689006,26.46865023662233,24.12933312011704,2.339317116505292,27.30935281734485,28.071618132628053,27.35667679269091,-0.7622653152832051
1960-11-16 00:00:00,24.82548960648891,24.413039611671838,23.82048553129587,24.941458810976943,22.742509369677588,21.699645028884667,25.24716311362337,25.17372084872492,13.094297887741126,25.171179131470662,25.90363703702226,25.865544097623456,24.904866330352835,0.9606777672706208,27.351721680906014,28.064669293330514,27.369560693980915,-0.7129476124245002
1960-12-16 12:00:00,25.14760551098286,24.704997480177983,24.214319206723797,25.301039384964472,21.697915914828453,20.66980218764469,24.520475836799104,24.260211677880406,14.938205643232388,24.422793054897255,26.357863423108498,25.082869252320076,25.598863934442342,-0.5159946821222654,27.19649480646716,28.176591730495108,27.46817682781521,-0.9800969240279471
1961-01-16 12:00:00,25.8163348416203,25.34021156546522,24.808319531603598,25.770221017062607,20.700140364153917,19.700259849943595,23.777176990949094,23.422349868672146,16.026421731787163,23.716645116026378,26.76011309481282,24.398738543855686,26.31059298181147,-1.9118544379557854,26.97657122723454,28.266762080737262,27.474832137584187,-1.2901908535027218
1961-02-15 00:00:00,26.622156159784616,26.097715358014383,25.81113545022351,26.214610182966343,20.1065614956349,19.170468025953127,23.46801941746066,23.025780425427467,16.71435655621235,23.427523299227207,27.143470676176953,24.132390631114202,26.880980111871402,-2.7485894807572,27.31242574675226,28.25991202512847,27.812350208737467,-0.9474862783762106
1961-03-16 12:00:00,27.01125953387957,26.627786160770334,26.485105741408674,26.66726843960108,20.022804509037616,19.139094029198993,23.519958576955457,22.9981888360301,16.582361672098532,23.490769135662124,27.437517610256712,24.14753600463287,27.197947723068687,-3.050411718435818,27.884154634339808,28.31493448788123,28.229523954467716,-0.43077985354142356
1961-04-16 00:00:00,27.140879945780725,27.07130239917295,27.01592167044568,27.151406025229985,20.366853570580304,19.46250922233809,23.721508130417572,23.13009378975088,15.507446238057492,23.71592630972859,27.408613985121207,24.289297493253372,27.068141439713514,-2.7788439464601424,28.50064550993121,28.344311095496156,28.61048218940851,0.15633441443505447
1961-05-16 12:00:00,26.538715444625655,26.716165216827157,27.172870919255207,27.58363602604286,21.147801000399443,20.00801205380595,24.067155799702306,23.48548832224183,13.65333828980267,24.10857706896841,26.941389864347105,24.643849500306224,26.36848621479867,-1.7246367144924442,28.618794271253847,28.207109969702753,28.415245184896367,0.4116843015510945
1961-06-16 00:00:00,25.036312938107375,25.469723951379148,26.574239027935313,27.537761436777064,21.91855969507139,20.681435751523964,24.510635677985043,24.149463776505037,11.920203754705579,24.60250738745109,26.15564865897004,25.263886970960684,25.331700623788336,-0.0678136528276525,27.807996967359664,28.087841754887094,27.51538122605837,-0.2798447875274306
1961-07-16 12:00:00,24.084206586037453,24.040893638415007,25.225625075833545,26.782004328830872,22.57757281069931,21.35179259967019,24.976658101792715,24.7772533760604,10.819814901025369,24.98032847218743,25.375130136277267,25.68907264848527,24.251986959880576,1.437085688604693,27.00661111162856,27.88504128551263,26.763276053350737,-0.8784301738840732
1961-08-16 12:00:00,23.566735024860005,22.870022769136114,23.383444841905103,25.731325582801055,23.186151970288446,21.972566671877612,25.39854770340824,25.2817819857828,10.449970766885242,25.31963114620071,24.93571457662136,25.981099747884084,23.493647356391442,2.487452391492642,26.84159869924124,27.717479821275944,26.686710579980986,-0.8758811220347056
1961-09-16 00:00:00,23.49351019145959,22.844600233513248,22.681994244518496,24.817094203133756,23.397033010457953,22.22273807480925,25.74857023107608,25.737704787920194,10.746171869023337,25.620609781983866,24.939585385644822,26.348171027365293,23.411368746746962,2.9368022806183305,27.056100712672325,27.847490385527955,26.95268265515442,-0.7913896728556296
1961-10-16 12:00:00,24.19259919910085,23.688145584349147,23.16302910879888,24.509476719761604,23.27305525246933,22.141196980253316,25.66305994589249,25.643317933200457,11.647064249956822,25.592286439853712,25.366729077085754,26.321594241929443,23.988069283008667,2.3335249589207763,27.36003533241355,28.07361161710385,27.383557647947647,-0.7135762846903013
1961-11-16 00:00:00,24.765870097904717,24.274707537429837,23.73896819211456,24.760389496500604,22.616825677151933,21.5136130186184,25.136267640620076,24.944992410805433,13.062602262600208,25.035217172247552,25.882905951001504,25.685110726461108,24.725119730083325,0.9599909963777833,27.39085364654914,28.052210585711453,27.369345456351628,-0.6613569391623138
1961-12-16 12:00:00,25.12214304784311,24.26154731765659,23.925414297262364,25.106292877173775,21.597116958469236,20.525523244303734,24.4019620127075,24.07446796262569,14.863498433677282,24.292776192628338,26.305266097260116,24.9292816538149,25.546493114726978,-0.6172114609120776,27.26940384303404,27.9973336629594,27.511960761047856,-0.7279298199253574
1962-01-16 12:00:00,25.629350394679037,25.111376213157328,24.548709070714857,25.484375697359614,20.67237684360487,19.646821787762498,23.722166885099156,23.29553576610118,15.915952024706982,23.644121356653997,26.712512803718038,24.27614219210942,26.27765038139468,-2.0015081892852606,26.991487828858205,28.15239478764988,27.480985642272813,-1.1609069587916743
1962-02-15 00:00:00,26.490383510910195,25.813736140792674,25.611601303116124,25.98253115934193,20.178772434461496,19.188247000637883,23.346962965946464,22.871565315167455,16.791802903706397,23.337541958681538,27.10240001087497,23.96972382940833,26.844435433376248,-2.874711603967917,27.249893968337297,28.24380897505932,27.739158711829234,-0.9939150067220233
1962-03-16 12:00:00,26.910162654760303,26.462528050478994,26.43084658024461,26.56543113259767,20.120080160538777,19.156033901877386,23.34556103418259,22.831867925218507,16.468988936467113,23.385707148676726,27.385140451692838,23.996188861073136,27.125039988291697,-3.12885112721856,27.794764050796935,28.28562822101944,28.11853563184619,-0.4908641702225047
1962-04-16 00:00:00,27.08235319974296,26.921274669571687,26.92047384634745,27.005020848480786,20.48914056450509,19.546503604596346,23.618814297008882,23.12289568616497,15.135904617687503,23.70297169991385,27.373320460948445,24.291679987097098,26.982432598908115,-2.6907526118110177,28.448008145457305,28.25234519737609,28.537620605497814,0.19566294808121398
1962-05-16 12:00:00,26.24513300794585,26.64820329095142,27.038997898005963,27.396488557784192,21.081020517151266,19.948836028459706,23.913258429480745,23.43028695286915,13.362513443028108,24.018663120520323,26.891176041509308,24.616777320900198,26.25349120212301,-1.6367138812228106,28.522889837774915,28.251611607135157,28.30995803168319,0.27127823063975853
1962-06-16 00:00:00,25.024217604706323,25.32992507766935,26.40563465112412,27.276324049047535,21.85365641961606,20.575467904166928,24.32820615911464,23.978747605525886,11.744361840249748,24.454830512438626,26.091363169133427,25.123424204934693,25.235826479436856,-0.11240227450216267,27.678286877903258,28.155901464470883,27.407773589870857,-0.47761458656762557
1962-07-16 12:00:00,23.901662779688714,23.808505032009194,24.97967845156167,26.670070628372265,22.583897929543173,21.30127591332883,24.790947513979848,24.607268638539804,10.678589307433125,24.85857401829501,25.33587803159259,25.5440024556509,24.261217878215856,1.282784577435045,26.913751270534384,27.89256961260171,26.692325280123026,-0.9788183420673278
1962-08-16 12:00:00,23.4351792611293,22.850200359753174,23.372948336022414,25.678285942505344,23.157705527513553,21.87763499800663,25.194898622755364,25.070957721166167,10.204419389925372,25.18666125011258,24.9069025515481,25.83491950600241,23.622659670090567,2.212259835911844,26.78496212009131,27.610480430033935,26.576021674878085,-0.8255183099426233
1962-09-16 00:00:00,23.530793916095547,22.930614231220776,22.756204815427164,24.840984527423515,23.374435654120045,22.08625619949811,25.57878340644578,25.545737811027088,10.415099749113134,25.510175240488792,24.928994719393707,26.2152290909749,23.612642450167428,2.6025866408074734,27.08196443399101,27.698897750664063,26.9706976779315,-0.6169333166730517
1962-10-16 12:00:00,24.018318022283154,23.580355237077754,23.22951233359095,24.619023909401747,23.307862951136148,22.137220423520933,25.576967731932662,25.58459575597901,11.316541461833346,25.535777791878832,25.314314702971373,26.284496841282696,24.16786482600932,2.1166320152733746,27.31819763633753,28.007239818166326,27.316292175107016,-0.6890421818287962
1962-11-16 00:00:00,24.731754668492783,24.165703345602665,23.572887496049425,24.67893597362165,22.74555273365377,21.72539863104455,25.15879864988688,25.03219652346186,12.88203819576633,25.115196259321063,25.858098087013015,25.767150024435026,24.922350423725643,0.8447996007093828,27.466402641045423,28.045012379331077,27.524386640902875,-0.5786097382856532
1962-12-16 12:00:00,25.093866478250096,24.416724585189623,23.874243093001724,25.024898078403215,21.74200520557764,20.72449892514838,24.402648129311814,24.114846281563082,14.676657506551464,24.35616275859079,26.300877835086062,24.97679913168086,25.68612047691091,-0.7093213452300517,27.226721787884728,28.085205613838237,27.467624572345528,-0.8584838259535097
1963-01-16 12:00:00,25.644470764006027,25.06378780494667,24.527286217713634,25.54663255328506,20.868822443381955,19.852655030949794,23.65776832170185,23.28056098878332,16.182679811530345,23.657953784999698,26.688045291777826,24.275370228511512,26.40325770575348,-2.1278874772419663,27.035665498851742,28.254531195870292,27.577071727726786,-1.2188656970185505
1963-02-15 00:00:00,26.354248798707726,25.78127438983226,25.513841826128687,26.01499415491968,20.308644958604834,19.36105982295011,23.300225492805307,22.908419548832228,16.936189062096833,23.36007469963801,27.081908341548274,24.017303091751337,26.999393808083298,-2.9820907163319603,27.20820897133605,28.345180211225493,27.752849547412335,-1.1369712398894443
1963-03-16 12:00:00,26.87592128452716,26.2712291143179,26.16639825049119,26.443395884868195,20.215868004720253,19.273962810967415,23.310267813738786,22.828286564895333,16.540130913256267,23.373419169275866,27.345419683585558,24.0057740123377,27.253787213249783,-3.2480132009120837,27.763759815627083,28.291738857265738,28.11132109481222,-0.5279790416386554
1963-04-16 00:00:00,26.952170075169438,26.64854940326233,26.52800098229934,26.712064123529476,20.435632475267496,19.353618670154685,23.457407792355596,22.916574761000764,15.29250188720126,23.515670214259607,27.296202976230905,24.12261002134528,27.067967750486932,-2.9453577291416515,28.315303215079993,28.209868275714044,28.368722109941647,0.10543493936594928
1963-05-16 12:00:00,26.30385657957264,26.40847545414612,26.75670142581678,26.992651221831473,21.090369106604573,19.902487210650005,23.798248826170866,23.290586979577764,13.663194760389663,23.89132000873801,26.75708816065667,24.46836887941437,26.253452898692693,-1.7850840192783224,28.362545840443193,28.084279221915104,28.045251125675996,0.27826661852808954
1963-06-16 00:00:00,24.976758274056305,25.173599618568705,26.208614846140307,27.037187246982704,21.942405216673983,20.61780568034734,24.270120112060912,23.953958067652877,11.990340277196609,24.391285290666367,25.943612356495873,25.0515741464796,25.189838753500172,-0.13826460702057375,27.544660037531422,27.996787369315015,27.21186076447062,-0.45212733178359343
1963-07-16 12:00:00,23.969393627548207,23.663436700738004,24.8725277940905,26.485832260906474,22.642931638645827,21.357095001679262,24.699864048329278,24.503328297671125,10.890955402812262,24.753975716424467,25.16541873534089,25.410707203248492,24.20753941526503,1.203167787983464,26.80974048690077,27.755710712708996,26.52844388083549,-0.9459702258082281
1963-08-16 12:00:00,23.025294804125064,22.52844411480227,23.146184263671902,25.495224037387167,23.237218676424426,21.948579788580414,25.168878890406678,25.00632486961808,10.222195427747147,25.114558871259884,24.685532545979026,25.699537533551776,23.426509518348183,2.273028015203593,26.567322818920854,27.582114268389894,26.392605507991384,-1.0147914494690404
1963-09-16 00:00:00,23.000614395511434,22.523795817983085,22.485984044390488,24.65281696194594,23.51208522419543,22.202279597621448,25.573703346376796,25.509110004640785,10.406744813766544,25.463776192742998,24.6581137686854,26.10733837900901,23.341600640543348,2.7657377384656634,26.727438684718027,27.672837886299185,26.667832764717843,-0.9453992015811572
1963-10-16 12:00:00,23.615852319210457,23.302763749218947,22.863863183991697,24.476530245272397,23.376878515511894,22.134009806408823,25.568596764854064,25.58208906891049,11.089558515885543,25.510695175457386,25.03770671601535,26.213997713493054,23.857910671777013,2.356087041716041,26.959299385234182,27.832879134439356,26.99103338596722,-0.8735797492051738
1963-11-16 00:00:00,24.241085989928223,23.86381402434434,23.427953123931168,24.62177548127608,22.68778943809133,21.519650846986053,25.05973204163643,24.89899123910482,12.4081167832037,25.002316832078463,25.522359031313897,25.609246335672747,24.697459966549935,0.9117863691228116,26.981494601175104,27.77466067459487,27.025012953830664,-0.7931660734197656
1963-12-16 12:00:00,24.600744896588807,23.96720311404494,23.616099234314476,24.98738251275654,21.651238565523723,20.54703951799546,24.30941550139211,23.990683987232543,14.275550807954266,24.23226901263431,25.954285354150688,24.831458652861837,25.418174412266794,-0.5867157594049566,26.888110595264948,27.766618790865405,27.090241421829194,-0.8785081956004568
1964-01-16 12:00:00,25.096513144308364,24.809675590595887,24.353335337831506,25.44858916893938,20.72908454601622,19.64166870622735,23.544249488535154,23.13189763570531,15.591414058487734,23.525366883612765,26.40133820263611,24.13303778345073,26.11921880155113,-1.9861810181003996,26.77606665388953,27.839226621468054,27.301535344072136,-1.0631599675785246
1964-02-15 00:00:00,26.01863798359362,25.674576928849362,25.309714285364755,25.791375242790824,20.253019145467903,19.24936881256626,23.21488603517271,22.765247758489124,16.27664165539747,23.265668589061807,26.791943688587512,23.8662685176331,26.69311513595826,-2.8268466183251597,26.954349600376684,27.938586309788597,27.481918609335985,-0.9842367094119133
1964-03-16 12:00:00,26.646735631756535,26.283705754385412,26.14993202352437,26.240637606793687,20.19662626711811,19.24223141012486,23.26775523438663,22.738782798479196,16.01573659440049,23.33776330401754,27.125539442572325,23.888131483500263,27.00163653221209,-3.1135050487118257,27.580713992689013,28.20072262962493,27.937764494782435,-0.6200086369359177
1964-04-16 00:00:00,26.755943066460098,26.636192351366507,26.54599132929526,26.74932714197046,20.516260601537038,19.472591189277278,23.510122548267095,22.91801118947675,14.72757699786185,23.567513740514073,27.096731964558003,24.066087283942938,26.85058709295813,-2.784499809015191,28.2459729565014,28.152580718003914,28.307694785245335,0.09339223849748635
1964-05-16 12:00:00,26.401595837377823,26.313736187956593,26.777113733118004,27.08667980043806,21.210947206173504,19.95192507373289,23.83655384421271,23.241284486412617,12.95826725969347,23.91913347777675,26.625364107070688,24.393839798611292,26.13197581904335,-1.7381360204320586,28.33412305146018,27.975242245734446,28.02733115024858,0.35888080572573244
1964-06-16 00:00:00,25.181265858760355,25.07590269550402,26.145992491293573,27.081289857838513,21.92210870651052,20.558916854165375,24.230316578892655,23.81315319609169,11.611185513986397,24.35751470071446,25.860457099278904,24.941132964332652,25.05006462186941,-0.1089316575367576,27.510209152191333,27.91197328481754,27.180670130485026,-0.4017641326262087
1964-07-16 12:00:00,23.921662672267964,23.806283215253732,24.83987318849277,26.425049353143244,22.56123561834261,21.259033289828473,24.725401696898345,24.508824858243262,10.53722002477322,24.775038094899042,25.123604529923323,25.447071387115145,24.064678054915916,1.3823933321992286,26.725310129106482,27.64351058305044,26.46102916659498,-0.9182004539439568
1964-08-16 12:00:00,23.1878636524797,22.81063970923479,23.307977268977844,25.552856376510537,23.184460881062975,21.914703498244137,25.213218695242176,25.114823037994523,10.004392399268394,25.172662512999313,24.718920760162757,25.832320793684644,23.416185415080573,2.4161353786040713,26.5789786320886,27.444052464164784,26.398437781839306,-0.8650738320761846
1964-09-16 00:00:00,23.409477271743846,22.943902013957082,22.827356290980177,24.810862842055506,23.421451928065885,22.139352776532625,25.588856125345302,25.588398563885082,10.283249073787553,25.486126423563423,24.768610433711757,26.197728822050003,23.368887624703948,2.8288411973460548,26.84815863179995,27.615118020537572,26.74581172650723,-0.7669593887376216
1964-10-16 12:00:00,23.82049858117669,23.664877513596494,23.328792953276288,24.690465854527172,23.27988978314068,22.051183163766037,25.534164200339664,25.537524993025176,11.29123088945378,25.47602203659408,25.18781981917551,26.206469191388912,24.0088136645272,2.1976555268617126,27.174299592779967,27.909518251360883,27.191744047222606,-0.7352186585809157
1964-11-16 00:00:00,24.30420154472954,24.184391326119453,23.876307448935357,24.91508839097048,22.621767749692665,21.459340631359286,25.028761227831737,24.81739427320117,12.760240877556804,24.935158728383115,25.73662601476637,25.567279855262317,24.745430417913614,0.8218494373487033,27.369951361820533,27.94783841094443,27.451770689878632,-0.5778870491238983
1964-12-16 12:00:00,24.863600090561235,24.53428835622846,24.07832491726713,25.23450260200662,21.579399828429132,20.446816423394377,24.320824386311827,23.9650556242024,14.570932757667451,24.20699830576224,26.203516653424153,24.832079041004107,25.437984425862012,-0.6059053848579055,27.158232854534223,27.877732456573447,27.45880000358426,-0.7194996020392246
1965-01-16 12:00:00,25.56409531591615,25.358969189041797,24.762672135808447,25.71875629625877,20.64472660459606,19.55757582687372,23.637926439206584,23.160747826116967,15.954682264062761,23.56043394663635,26.633997593104045,24.1682003699712,26.160535765207285,-1.9923353952360863,26.978479466004217,28.051178089738087,27.501775845519578,-1.0726986237338707
1965-02-15 00:00:00,26.256511110785382,25.84874866311384,25.69748581230245,26.166621002649887,20.128564020264044,19.077540932338255,23.315419414153638,22.766617018222874,16.405538927893936,23.277042211113088,27.028164977826684,23.88707621563089,26.73801754799808,-2.8509413323671886,27.24940685191305,28.172636694342643,27.80251504700611,-0.9232298424295919
1965-03-16 12:00:00,26.712043687995557,26.451309961166558,26.35843593107377,26.582412232361825,20.07174899624682,19.09802890164571,23.384262129896047,22.768350689664683,16.198990368553037,23.36602124777904,27.338676917495572,23.92056230823517,27.081263199009662,-3.1607008907744927,27.7647555862943,28.32743257712355,28.178862361938393,-0.5626769908292495
1965-04-16 00:00:00,27.04730888249578,26.962731726088016,26.86480576601144,26.992297461398024,20.446869971702633,19.460244338756944,23.666265659679315,23.021899079308923,15.051055220298947,23.659065950350953,27.336407193313974,24.149041506954294,26.951783631206172,-2.8027421242518784,28.37360693741346,28.27996643376046,28.51745025887191,0.09364050365299903
1965-05-16 12:00:00,26.671155791235467,26.672789562636726,26.985588764710226,27.336143354048055,21.109099391939566,19.99159864010776,24.013678364577075,23.41230835068944,13.432961588086545,24.041249750519697,26.86101858732021,24.54667061073709,26.250315814750977,-1.7036452040138883,28.51760504722246,28.1817976127974,28.327621345702283,0.33580743442506034
1965-06-16 00:00:00,25.510607546672905,25.460842057728982,26.40532223791404,27.235956939957642,22.03171814450576,20.778591408091792,24.52799037734656,24.160413917805982,11.804822316842356,24.609378766750652,26.053870307301672,25.240977068176647,25.243548353227748,-0.0025712850511006025,27.681465743203418,28.0331553934372,27.40790173445223,-0.3516896502337836
1965-07-16 12:00:00,24.493591377538408,24.14056040710867,25.241396565546108,26.71575999456089,22.681936906045717,21.422018794739166,24.998943872875863,24.79933464382867,10.807969541739698,24.990646655258416,25.321688659008615,25.675720919475456,24.30809493103591,1.3676259884395456,26.81442861346337,27.820160469710448,26.6040240716746,-1.0057318562470776
1965-08-16 12:00:00,23.710628258561208,23.06870373448121,23.673247418615677,25.872539317339385,23.21887519901925,21.99626606537053,25.366044930401134,25.209097100763596,10.335155419007577,25.281791055076624,24.888666562974553,25.913392606170124,23.647948668819584,2.2654439373505397,26.635453469093424,27.628092641018505,26.47714298522162,-0.9926391719250809
1965-09-16 00:00:00,23.678673825314394,23.113994643740924,23.000619688312316,25.075666625226866,23.443468505645786,22.228130068140423,25.66504170903847,25.59861197154297,10.53444238406655,25.563706350338148,24.917058913118307,26.249823574326314,23.65249587681001,2.5973276975163024,26.854440244731784,27.731233913431172,26.808121150754605,-0.8767936686993885
1965-10-16 12:00:00,24.12876194508326,23.866154431260615,23.485002500331134,24.892244548433876,23.330316684681573,22.2085384527159,25.604685319776422,25.628926457197764,11.493468723552175,25.551558190297577,25.3345420263558,26.30377124069236,24.239880515568696,2.063890725123663,27.101117991744488,27.92103220495463,27.175550047666157,-0.8199142132101436
1965-11-16 00:00:00,24.618009646149744,24.455477779299798,24.025065349731026,25.059294344916704,22.663847954122627,21.579839437351552,25.15690238806411,24.988270022978135,13.01522746889826,25.06824506581799,25.8823102199273,25.71762078016952,24.951361139620325,0.7662596405491939,27.30696155211946,27.873539060914357,27.44355299068692,-0.5665775087948965
1965-12-16 12:00:00,24.988534406746187,24.840974771219557,24.459514463761558,25.414419117685227,21.679866079731976,20.58797487619923,24.42963300341854,24.129074207463,14.61129325307001,24.328119757856097,26.34811675189119,24.965889432362236,25.648114983310382,-0.6822255509481465,27.184532171484072,27.946713432153736,27.508395923013126,-0.7621812606696636
1966-01-16 12:00:00,25.780045941412077,25.3234290600906,24.852852795740464,25.70994401163843,20.742940892555552,19.726925514710853,23.708248314726255,23.346972470564896,15.870406725662448,23.670579471917154,26.71559989641857,24.322212487004926,26.353195692014395,-2.03098320500947,27.013027231551867,28.03663875190637,27.550681689538123,-1.0236115203545033
1966-02-15 00:00:00,26.4156270387621,25.80149443056906,25.643059905286922,26.100466969499465,20.201555769783443,19.223482510787374,23.30165219427877,22.903175707696107,16.565141719603183,23.332710466018796,27.04838894433703,24.00469346106526,26.905107684538596,-2.900414223473337,27.165078264321128,28.11106279840459,27.650150290927545,-0.9459845340834612
1966-03-16 12:00:00,26.796666533068095,26.36852798200128,26.239034635591395,26.5150267627924,20.118017580724423,19.20356840237317,23.338788453277655,22.855711317430018,16.282750095948707,23.385442960250376,27.31953977621678,24.014112217550966,27.240046198468747,-3.2259339809177803,27.774656620738984,28.255796619757202,28.107214503995678,-0.48113999901821813
1966-04-16 00:00:00,26.869942335693022,26.9995910501273,26.94718211605086,27.029870716460653,20.48833261313614,19.49256911791628,23.576878970242692,23.029455383935638,15.146761073600251,23.62788927826288,27.329737306724475,24.172236159786312,27.067283939233576,-2.895047779447264,28.409332721448546,28.249588873645976,28.487392767544126,0.15974384780257012
1966-05-16 12:00:00,26.08763430375763,26.671013347041857,27.23109260817056,27.500099744672905,21.133129538537144,20.043731630651234,23.918005237667597,23.371287463881323,13.380798131378945,23.993134118767593,26.871744510239076,24.513197891516075,26.353011929095796,-1.8398140375797212,28.51677408538277,28.122181052020895,28.175345232590406,0.39459303336187546
1966-06-16 00:00:00,25.017765801168697,25.39573393600822,26.500268751314625,27.51849065167808,21.945618014193148,20.680036872921775,24.413929026791685,24.030531938433096,11.772946529999864,24.52002690657043,26.12410904615559,25.13058225179204,25.317882856725703,-0.18730060493366452,27.729030794762977,28.067910776901243,27.35275547617715,-0.3388799821382662
1966-07-16 12:00:00,24.197459689166667,24.079604386529542,25.211751284608013,26.79036706755247,22.62261330523856,21.371729973056787,24.89887876702921,24.66110584815206,10.764468617082478,24.93899165528203,25.381526149689346,25.59247384472122,24.36208817486165,1.2303856698595688,26.961261710769406,27.773698408053534,26.714244643599407,-0.8124366972841273
1966-08-16 12:00:00,23.39470689569447,22.92352097110493,23.54965573268217,25.749767189280476,23.23186743931383,21.97147628537737,25.308905323968162,25.13822500976,10.307306265857099,25.27170897805844,24.916754683208595,25.89695547180851,23.628723360608873,2.2682321111996373,26.778072430975286,27.557778644405975,26.60094308127126,-0.7797062134306891
1966-09-16 00:00:00,23.350341475830252,22.923544956426916,22.8506123654424,24.910044950475115,23.49598406478257,22.268470599192312,25.732670696159214,25.726427088771928,10.42365103269887,25.627594917344048,24.916913801328686,26.352156664724706,23.553948538986255,2.7982081257384515,26.93241026098241,27.70047857893651,26.8410846155837,-0.7680683179540999
1966-10-16 12:00:00,24.04079624874145,23.68647711450669,23.323285021702986,24.728436464682495,23.403227856915045,22.2345163142318,25.648610105342886,25.67899699339297,11.25459971563511,25.59777372038261,25.334314383083065,26.336327110053098,24.079311399138927,2.257015710914171,27.185785663653522,27.963857453348695,27.14913068775339,-0.7780717896951721
1966-11-16 00:00:00,24.654828913418566,24.194031603761935,23.78729115059144,24.913348331931356,22.70919801802696,21.568719021679435,25.141581560369957,24.980659080811897,12.712150388498141,25.070955285986305,25.86499265040926,25.719889576588038,24.838423269224098,0.8814663073639402,27.3117368781725,27.97598842037484,27.314834296900855,-0.6642515422023401
1966-12-16 12:00:00,25.050052845731436,24.286878666847894,23.885623055291965,25.12889511450427,21.696713174602827,20.55095052444977,24.375699150325,24.06395882534119,14.30969591887638,24.298661515188527,26.27841246823341,24.951540218232964,25.47313493247671,-0.5215947142437471,27.121512847197412,28.044536887171166,27.38041628870172,-0.9230240399737539
1967-01-16 12:00:00,25.790377014514757,25.084776230718752,24.587828321508436,25.573505903043333,20.745333318821544,19.633132524712185,23.59993863020274,23.200256833732276,15.819054540710857,23.57621140934149,26.702031093007104,24.230383566408648,26.108160319434813,-1.8777767530261649,27.01038681453719,28.082734917736726,27.518811492372475,-1.0723481031995377
1967-02-15 00:00:00,26.479558634510376,25.695072278567057,25.555362246398147,26.038484136052343,20.212347682036274,19.16398477408003,23.257597729826575,22.788724371507385,16.414927871752276,23.27852550243344,27.08533743176052,23.925733844212303,26.714196133031333,-2.78846228881903,27.14546990754901,28.27721148603527,27.671103069246513,-1.1317415784862597
1967-03-16 12:00:00,26.826142904320665,26.30339519258693,26.24632463374824,26.485481861758522,20.17572618826642,19.22839364998031,23.28569012682296,22.775316550256935,16.411218078432526,23.35958858587376,27.354561682592426,23.953982947685134,27.027129410662624,-3.0731464629774905,27.728477781619215,28.401003430153892,28.0663462657685,-0.6725256485346769
1967-04-16 00:00:00,26.949068684009802,26.827362081598952,26.725030726437552,26.88298674301527,20.495439082418343,19.488250883735944,23.498288880372968,22.915716268405635,15.303710449186267,23.57297077185747,27.318855663794064,24.094213795157085,26.904098319517516,-2.809884524360431,28.425540471140927,28.291265840120825,28.505197017794757,0.1342746310201015
1967-05-16 12:00:00,26.351023800554387,26.635197456825292,27.053617896875497,27.36610761812447,21.169321062742373,19.973049835636985,23.864948913710798,23.281281418047353,13.610447518348504,23.96485298302225,26.85522085659318,24.47401667487216,26.221420244744994,-1.7474035698728336,28.519298383470694,28.172115209320634,28.252761473840977,0.34718317415006084
1967-06-16 00:00:00,25.072966711737553,25.442136901555713,26.549348171950452,27.36189074869522,22.00849305336058,20.68125370146088,24.332253178113334,23.92629658623272,11.912727659073251,24.451015775790342,26.049794094860278,25.0633189425793,25.217797763842583,-0.15447882126328238,27.748181002932295,28.00533749573954,27.35684637961622,-0.25715649280724406
1967-07-16 12:00:00,24.044307706112686,23.91471042457524,25.15105108302494,26.659170270998366,22.723959338469776,21.427594399612765,24.80762344229432,24.58914148467017,10.59790524239081,24.860907779514836,25.28840731775094,25.52294625042892,24.212889341420382,1.3100569090085372,26.851265396061592,27.810431379031865,26.533421159320984,-0.9591659829702728
1967-08-16 12:00:00,23.45663195403968,22.84454169149283,23.362483368144648,25.6420225827988,23.268681022984747,21.99811173861843,25.237604045384114,25.10047857246307,9.932327365810199,25.223631109473104,24.865370568244312,25.850046596878354,23.545785187686178,2.3042614091921756,26.780184331388302,27.560477742294594,26.586165719098158,-0.7802934109062925
1967-09-16 00:00:00,23.597171477159613,22.87959744102828,22.624379799188993,24.727026419828952,23.55682206587671,22.27039386775694,25.661328615464768,25.618059828471075,10.18529154526793,25.574350233344752,24.901466924077834,26.241811737366653,23.451127478955737,2.7906842584109164,26.980590288146786,27.70135308677177,26.937756212816982,-0.7207627986249854
1967-10-16 12:00:00,24.081418326092066,23.572804897599664,23.031070104676857,24.563571737942038,23.428053376708135,22.236873314277233,25.644159878473946,25.685055138692753,10.99654282340147,25.590214055075357,25.289683733757403,26.34777442984161,23.975684899630394,2.372089530211216,27.21103935580856,27.971193992982606,27.260697217957446,-0.7601546371740469
1967-11-16 00:00:00,24.51153873808783,24.06618652224592,23.548396287443744,24.659163218940687,22.652126099330186,21.566769934816353,25.12281053708016,24.98884959717675,12.518428820726584,25.04262976020023,25.810599274260834,25.726356578787588,24.76118529985652,0.9651712789310665,27.3572083265876,27.97759028947047,27.41360943559506,-0.6203819628828704
1967-12-16 12:00:00,24.904413376067144,24.324417820598956,23.806242338762114,24.876117973671885,21.677409328923783,20.643589103954806,24.441839233027125,24.156653462038847,14.419587901529395,24.354587335916914,26.22539882299318,25.010355141216813,25.571065886128824,-0.5607107449120114,27.123265611493146,27.988207663613103,27.385359890487656,-0.8649420521199573
1968-01-16 12:00:00,25.587652356502204,25.203362385821848,24.54751116462423,25.319504413519773,20.786243279299967,19.779751230390954,23.707381083695235,23.349783965878697,15.876306082463808,23.67306725094881,26.63556443708445,24.330816424426622,26.295148474902245,-1.9643320504756225,26.882921822662173,28.07383789196547,27.389250507752415,-1.1909160693032987
1968-02-15 00:00:00,26.195675658308218,25.962887507071265,25.65714430199755,25.945091084607576,20.27644266904853,19.28760632039223,23.383410946384416,22.93359430577435,16.514054091831646,23.38781065360103,27.037117471522127,24.030886860555476,26.894298946370338,-2.8634120858148613,27.13985109075504,28.19867347384754,27.66443570141278,-1.0588223830924974
1968-03-16 12:00:00,26.682538389245355,26.474166162588617,26.35745718807961,26.562997110678165,20.161452183335314,19.207701482058276,23.377434757539614,22.875463368797266,16.194372512533878,23.408623326676878,27.351826961061317,24.018043958517403,27.232310608921882,-3.214266650404479,27.73308419838147,28.338004262837245,28.07526507712188,-0.6049200644557757
1968-04-16 00:00:00,26.70643145146912,26.968567115297834,26.88700986968864,26.9956877719178,20.471741241599865,19.440165282751213,23.578126321277708,23.010886650864602,14.956414110686596,23.618828566478243,27.33813751871854,24.163653397519962,27.049069524159258,-2.8854161266392957,28.364542882668317,28.318456398958226,28.395385857169224,0.046086483710091386
1968-05-16 12:00:00,26.059093960170372,26.496449447687205,26.970810093422365,27.396884832251818,21.157830870600826,19.898923126336843,23.86998237766749,23.305199460450012,13.404501582203592,23.952057584666772,26.871850262215172,24.485565745239736,26.355457728439017,-1.869891983199281,28.51711750607718,28.29130424156028,28.245658678857485,0.2258132645169013
1968-06-16 00:00:00,24.99601699805012,25.26869996660434,26.204327457645377,27.16949371542962,22.02191612291841,20.63592416887635,24.349550415632457,23.977536224524094,11.76085738645399,24.485784125560365,26.082473995496873,25.10886526925423,25.304192174208403,-0.1953269049541717,27.7453135351958,28.19446470256518,27.476678462456203,-0.4491511673693829
1968-07-16 12:00:00,24.025301141697717,23.718195179252564,24.84404378698428,26.519453963118526,22.67627213738138,21.33537331988794,24.798154864403013,24.58424317054469,10.59496840054312,24.86967802489436,25.307845434596125,25.5403656811821,24.319942144118887,1.220423537063212,26.955394869719516,27.965164363506098,26.729749184083847,-1.0097694937865818
1968-08-16 12:00:00,23.470544621815932,22.783133463208095,23.153515749850886,25.496886093095384,23.16068318607908,21.841711381618612,25.192417781222456,25.058385973028653,10.072036718448862,25.177468056492486,24.859692721522052,25.824722251939626,23.610068846522392,2.214653405417234,26.75434327921994,27.780893383008483,26.559432062700232,-1.0265501037885443
1968-09-16 00:00:00,23.30390147131964,22.864778887197364,22.622966403761016,24.635675406333885,23.3957038865759,22.1155045683918,25.601551755771528,25.57292503021757,10.300683613625603,25.525790878711142,24.869187156421845,26.243055107178098,23.485533976338136,2.7575211308399616,26.8994523828229,27.895215191850127,26.846704362796274,-0.9957628090272266
1968-10-16 12:00:00,24.09481906759178,23.599776853949912,23.01390134779411,24.395828217766702,23.345608700559726,22.164564496879635,25.560237850643066,25.547865005888134,11.306687650035732,25.52447481344608,25.2955338141086,26.247458337303545,24.008989275846783,2.2384690614567617,27.246452739340164,28.111624422288592,27.345475210711,-0.8651716829484286
1968-11-16 00:00:00,24.473186001334255,24.06466165542696,23.604428822484614,24.660768834891222,22.686650414965534,21.65266104060781,25.09320690450466,24.93789389160016,12.897649649130045,25.048064102008446,25.833564586450645,25.69264142234903,24.81652212853191,0.8761192938171192,27.33773236913614,28.060635464030806,27.455060919906927,-0.7229030948946651
1968-12-16 12:00:00,24.878691291439686,24.25078933240304,23.792244459712645,24.958957406949015,21.723887608562467,20.752608360954582,24.37567933389653,24.105425345196746,14.563390065782155,24.342639469259222,26.262808996250502,24.970823859124604,25.65800959444149,-0.6871857353168878,27.108470010282957,28.010033526038647,27.417908039261707,-0.90156351575569
1969-01-16 12:00:00,25.584144818754133,25.0541875820001,24.58476508001639,25.42425457818899,20.777095623829492,19.80371825100799,23.653361324825223,23.26262567955715,15.995302981555223,23.660960864845098,26.66579898374999,24.287533110626498,26.434088835084903,-2.1465557244584055,26.948801939571094,28.065701339892378,27.451633018380686,-1.1168994003212838
1969-02-15 00:00:00,26.282592001849753,25.56832331099652,25.460076648109986,25.910484606965333,20.24691165661202,19.31296399619368,23.291718736681453,22.86597476482187,16.475331082501427,23.34636995216307,27.027383993904245,23.9907513559216,27.012338636240358,-3.0215872803187587,27.16896362220894,28.197860393441648,27.661025386778093,-1.0288967712327093
1969-03-16 12:00:00,26.83129464298719,26.18791050837504,26.144296682487862,26.295049864448934,20.138224465262024,19.190300067068275,23.28013269271608,22.788627799440512,16.17950806310369,23.344154353093046,27.320931468023534,23.95149387701486,27.29088724194419,-3.339393364929329,27.744361664470212,28.311992239158172,28.07701377998637,-0.5676305746879606
1969-04-16 00:00:00,26.933953464756666,26.764384924546285,26.61566399135952,26.71869988638406,20.456452637766,19.48574183080793,23.51761214255993,22.964707925779624,15.139159059187362,23.578366466577545,27.325839696107803,24.12323209326933,27.21933735428774,-3.096105261018412,28.418139683850868,28.305531455040125,28.47607197999243,0.11260822881074262
1969-05-16 12:00:00,26.58009174681601,26.482287839715326,26.88794265655255,27.223619036092224,21.193548917671063,20.017363408440335,23.88765433058356,23.334227325531828,13.428190779785925,23.971478634746184,26.897326413902544,24.478793070425144,26.52833840907731,-2.049545338652166,28.526781511383636,28.30774950256971,28.29414818376238,0.21903200881392593
1969-06-16 00:00:00,25.351990114944524,25.26804136249618,26.297101572402255,27.235858475405774,22.00115267963037,20.633216817875905,24.35552297463801,24.00239612951362,11.773495723833017,24.469246828534747,26.13332291479869,25.09296092965022,25.487670245134847,-0.39470931548462573,27.683724435996705,28.185680460883816,27.409323296899128,-0.5019560248871109
1969-07-16 12:00:00,24.051881311523257,23.800661438237018,25.021391792306705,26.676161519089483,22.678053475301354,21.321161815207322,24.794082178487212,24.590875935214672,10.643849347955516,24.86358315837456,25.370765353185394,25.532923662842116,24.499359009595487,1.0335646532466285,26.93581380305865,27.997511026542327,26.700388969041988,-1.0616972234836766
1969-08-16 12:00:00,23.3054301945672,22.86153009236457,23.445171061518323,25.675500033415336,23.241885765766842,21.913918170963598,25.2478971112593,25.11634681584143,10.192334791718112,25.223532718669414,24.926538707640784,25.870298415195716,23.779925913816825,2.0903725013788907,26.81241667612888,27.790402007661754,26.64696538735559,-0.9779853315328744
1969-09-16 00:00:00,23.17535175907899,22.840612530519287,22.777655347398042,24.799254175526414,23.425062583753892,22.09248209152738,25.610634155292825,25.559294645668103,10.366125758196393,25.524414289783618,24.91941153340027,26.228912321101586,23.71650771233301,2.512404608768577,26.939930167188223,27.847630022494908,26.895105446243278,-0.9076998553066851
1969-10-16 12:00:00,23.909765833308818,23.601853024308088,23.20840866480179,24.548756014754076,23.274647065838302,22.000880412688037,25.480575051699716,25.404662601627262,11.227773145061994,25.43917121968748,25.337996952829375,26.129299578701627,24.237248719656794,1.8920508590448328,27.178889258939186,28.05866581763342,27.225071558497977,-0.8797765586942319
1969-11-16 00:00:00,24.54345909351196,24.203395163414672,23.75543018807017,24.742862188988152,22.63291119635697,21.47154279901244,25.038943760164948,24.811129391397422,12.795459155157701,24.99206639969537,25.875746735735724,25.612172711074727,25.064664087649614,0.547508623425113,27.3052862186346,28.07418203981488,27.397312082679427,-0.7688958211802799
1969-12-16 12:00:00,25.00012747495135,24.444499556897593,23.96991522190179,25.125331890718353,21.56641002901255,20.469692024809966,24.341780238964603,23.981178710128045,14.6559777029048,24.289236227067175,26.294842850277366,24.89454391109865,25.76153768648438,-0.8669937753857297,27.22905937956632,28.04742153463471,27.531246657616315,-0.8183621550683924
1970-01-16 12:00:00,25.74783489078885,25.255703041264276,24.738683007941376,25.672252285990453,20.63486076594631,19.61817033778615,23.66482765207893,23.236359887732984,15.870003878679563,23.656573483578534,26.68935356658526,24.274310016281582,26.499360634403125,-2.225050618121543,27.01081656080106,28.11458784289277,27.499139268056666,-1.10377128209171
1970-02-15 00:00:00,26.434665561948492,26.05900108146884,25.708972906317978,26.097931782002977,20.178942382224246,19.195720196039122,23.31229390184157,22.832338205322365,16.390996093164254,23.350225062006434,27.101825479093687,23.96309112479999,27.00760768489124,-3.0445165600912496,27.244813639181597,28.2160238902641,27.78384911285909,-0.9712102510825034
1970-03-16 12:00:00,26.8931291435907,26.625727977875812,26.47942258015446,26.598783956021173,20.07178847198155,19.13655852302407,23.272135520892977,22.751608902439866,16.182464064304458,23.321038112833996,27.40262557941051,23.905619354422644,27.28161546479006,-3.375996110367417,27.770942139894075,28.35693911199742,28.18540316543497,-0.5859969721033451
1970-04-16 00:00:00,27.11296729443615,27.057539936416955,27.063972819666315,27.122517587593386,20.41091502474103,19.447511202575356,23.551247766823547,22.992491807131966,15.03452430025779,23.591392663338265,27.41309768748985,24.10864516205171,27.193758652803808,-3.0851134907520965,28.41463497843539,28.33455817025825,28.52076467446729,0.08007680817713947
1970-05-16 12:00:00,26.6834572196164,26.75450062516545,27.114053103672443,27.496937621208236,21.10855015722853,19.91802274995153,23.90693494057723,23.327405423790136,13.325220243454723,23.960031668155178,26.95922091988225,24.45280757869434,26.397385700413103,-1.944578121718763,28.540149109111315,28.209174855534094,28.2768552007053,0.3309742535772209
1970-06-16 00:00:00,25.400321627813415,25.500880782981046,26.586261807947945,27.49142871394328,22.024534725107287,20.72535137968327,24.397493351057868,23.996025540332063,11.700839726657613,24.49575681775965,26.17704379795698,25.08943767055329,25.323091194921478,-0.23365352436818654,27.747611147076892,28.150923753171273,27.417868246289874,-0.40331260609438147
1970-07-16 12:00:00,24.148711054920085,24.12157538332195,25.24269312858657,26.853738706928848,22.676799780900957,21.37850726448433,24.856423272154924,24.637428725331183,10.629879744039,24.914864415981736,25.41903921260748,25.59028285650347,24.40781642032351,1.1824664361799613,26.92287419583439,27.925212452480764,26.676663070371426,-1.0023382566463752
1970-08-16 12:00:00,23.414085960746768,23.085332447963218,23.591682258716553,25.85533307595015,23.185169096650412,21.920558208012178,25.291826324689026,25.173947734812906,10.138876469353962,25.26079258450711,24.99387704675196,25.922367854860234,23.698010063382632,2.224357791477601,26.762564349847633,27.778505633035085,26.595531671995484,-1.015941283187452
1970-09-16 00:00:00,23.426780986437784,23.09527805803745,22.98827907664506,25.04034808186503,23.398909193155575,22.1325297065966,25.639646495202353,25.62368658793131,10.351647708665084,25.566969756939066,25.005478342950855,26.301549768911496,23.69329127717839,2.608258491733107,26.975271896974853,27.87902760343508,26.91502135350323,-0.9037557064602275
1970-10-16 12:00:00,24.357573580816478,23.915809860576605,23.40027775699357,24.771477144854828,23.280770356420668,22.054874594012215,25.56875485605779,25.582750677834106,11.239404268936164,25.537886119740904,25.423047718767776,26.295706034147898,24.263342867941347,2.032363166206551,27.286894990195073,28.11969641246668,27.361863483349218,-0.8328014222716078
1970-11-16 00:00:00,24.843585348333935,24.458862031764305,23.999964473417727,24.98337700849034,22.63555258508008,21.442337514853406,25.068514100656426,24.880894744733734,12.748240809847943,25.018392222076653,25.95297453914396,25.670905046853566,25.032634964209834,0.6382700826437322,27.35257524538478,28.03483318474714,27.442395081653437,-0.6822579393623585
1970-12-16 12:00:00,25.199021677868988,24.617424187855683,24.231249450696467,25.32994129099946,21.68099547299627,20.612885399085112,24.388931149166535,24.08207728951468,14.518199965758228,24.346535996206363,26.391240180442328,24.963437167915902,25.88117830573809,-0.9177411378221869,27.240453180446345,27.98059502497144,27.554796185184173,-0.7401418445250947
1971-01-16 12:00:00,25.80221267326946,25.3113066176176,24.789328446742502,25.72150032742697,20.845964953707636,19.837241948654686,23.66523436045691,23.279164577616783,15.960509965962519,23.674077526538984,26.787185246884956,24.261734066562486,26.62077937529528,-2.359045308732796,27.064046842246366,28.1916782583928,27.580568713737595,-1.127631416146432
1971-02-15 00:00:00,26.485730116556464,25.78072799371456,25.61796233970984,26.105870607026084,20.30273465815977,19.339381391946304,23.289229481184588,22.873262043618418,16.544943339072184,23.34954197547964,27.124596192841988,23.948868366019546,27.146280618572497,-3.197412252552951,27.22144780439406,28.248708945553297,27.763640331495772,-1.0272611411592365
1971-03-16 12:00:00,26.944846647906814,26.281275462249987,26.204374495017806,26.4697997732312,20.186856027341996,19.236676656098645,23.28225115821655,22.77629643001451,16.130284978219056,23.343676567965534,27.416275654930534,23.900055569156038,27.471928474873234,-3.5718729057171963,27.83136577537332,28.408916314332494,28.18150446763382,-0.5775505389591729
1971-04-16 00:00:00,27.14519044184656,26.871693409831803,26.712834863178397,26.790720657828704,20.589430420507774,19.71323829728086,23.595452062142307,23.05742029614139,14.695674015609843,23.66656775217974,27.402065333960994,24.137552454779517,27.287937600934086,-3.1503851461545693,28.459904444724827,28.322580616064602,28.534154457193143,0.1373238286602252
1971-05-16 12:00:00,26.673547934438638,26.72185300030737,27.2170775981148,27.4059517173929,21.34271041531667,20.283581685798186,23.992901388531806,23.48266169266805,13.153946852506564,24.094403628936647,26.94232368110698,24.578786714741007,26.558090791017378,-1.979304076276371,28.539443619441688,28.2364972295709,28.23259484829116,0.3029463898707867
1971-06-16 00:00:00,25.408527220886135,25.423506981373716,26.57999889588692,27.48474175955762,22.145078328995478,20.948695890967144,24.458282806851834,24.104460259706137,11.538419120271737,24.613913664152133,26.168890473386256,25.19984041575799,25.562092086553978,-0.3622516707959882,27.690102506663013,28.160236137731143,27.394091250187476,-0.4701336310681299
1971-07-16 12:00:00,24.411910352912923,23.988597751516576,25.213889845934563,26.819868808515935,22.779925422456028,21.554135348522145,24.917431313724023,24.71163188676664,10.387201305616761,25.001186336791942,25.409300734396577,25.6387241876916,24.5416837360953,1.0970404515962997,26.923633777979248,27.872524125678478,26.701709795294494,-0.9488903476992299
1971-08-16 12:00:00,23.328092677026618,22.873873177484523,23.4901452846557,25.83004916683978,23.305607737128426,22.084459275384052,25.32285264255358,25.16030040997979,9.778130479764467,25.321845163605396,24.961465007028043,25.920257569256982,23.88158844319786,2.0386691260591228,26.735432002567794,27.722710428330622,26.562733963644828,-0.9872784257628275
1971-09-16 00:00:00,23.29286913036894,22.81491443161425,22.829567554956174,25.03391996998329,23.554999800042445,22.367325374452232,25.674194402855093,25.626219476120642,9.999448530005036,25.628563496745727,24.959764198390904,26.297367930527596,23.830390832233206,2.4669770982943895,27.01011674230018,27.87627286441694,26.92307529291597,-0.8661561221167595
1971-10-16 12:00:00,24.06465376885889,23.714537409446645,23.373251513606007,24.846934858168524,23.47887609556338,22.344938858742577,25.66111565233853,25.64259728148781,10.968187966514755,25.649690186623577,25.38830666247677,26.33892970210684,24.4046744467255,1.9342552553813377,27.211976091488626,28.099617737090743,27.160217717461745,-0.8876416456021161
1971-11-16 00:00:00,24.66553159443377,24.27064902698995,23.849135523316203,24.858148048946877,22.790419580036513,21.75277577073601,25.189045628087396,24.973368287056502,12.560181075916002,25.149516483149892,25.898227665229832,25.74158812075409,25.263672167016242,0.477915953737849,27.31048072306931,28.03015379074342,27.23790437475365,-0.7196730676741083
1971-12-16 12:00:00,24.92564919659181,24.491910821054972,24.07352034363563,25.08922840862975,21.7175161214276,20.76379998928091,24.448085227810644,24.112399668172955,14.476540954915475,24.4059992024253,26.307832424509606,24.99349685385104,25.87635130281617,-0.88285444896513,27.184051417351235,28.027421378918223,27.374818152973244,-0.8433699615669887
1972-01-16 12:00:00,25.679122720866353,25.12820432920552,24.565178052686047,25.627001590658157,20.756716471514657,19.81781069523267,23.70369498695256,23.288014472535295,15.798509673382,23.707962174576313,26.723857849016383,24.31514204086838,26.55854266031055,-2.24340061944217,27.0452353660574,28.11584135297542,27.568748938657055,-1.070605986918018
1972-02-15 00:00:00,26.4814101908844,25.80705255545162,25.55255786909674,26.019060884719828,20.23642682812349,19.35389453240837,23.383253825730527,22.95612503904124,16.302833816503597,23.431437925581214,27.115850435154666,24.083109130540734,27.024653913339446,-2.9415447827987116,27.16916177034989,28.215478030609386,27.717046278965245,-1.0463162602594949
1972-03-16 12:00:00,26.8997279505318,26.330035087233746,26.295578538997606,26.471201681234504,20.152560633052378,19.309738828542514,23.405913927165106,22.969957294925045,16.166807916005865,23.484106691011014,27.37823234566014,24.135714392928026,27.275613057884637,-3.139898664956611,27.736303284781076,28.29853675044717,28.11877551420462,-0.5622334656660932
1972-04-16 00:00:00,26.936127545185908,26.869595199303586,26.684024808982787,26.866687423501123,20.501250682833103,19.58347058867248,23.619731437761597,23.091737912382374,15.05928624923919,23.71084490557931,27.358006674936245,24.27253418567832,27.09396007653129,-2.821425890852968,28.329634435846945,28.375731169035074,28.419575381016738,-0.046096733188129235
1972-05-16 12:00:00,26.438821008653026,26.727092106439958,26.981644243155184,27.18189263169162,21.205428127867634,20.10296869426824,23.996919264941496,23.474351939103595,13.16638245535671,24.11894131628273,26.891215816684586,24.65895507436205,26.444270272961937,-1.7853151985998856,28.403495890132355,28.24957303965136,28.137104593903647,0.15392285048099552
1972-06-16 00:00:00,25.251597021879043,25.4682075307063,26.39689485757324,27.291900341022604,21.983702862569494,20.768432532636155,24.433692945129437,24.051243724503006,11.592640950322506,24.575374611802808,26.12871406370989,25.18944620318408,25.445188468362637,-0.2557422651785579,27.667129323559983,28.15619403521765,27.358697832744355,-0.4890647116576652
1972-07-16 12:00:00,24.333334235964138,24.19583633329221,25.31120616311806,26.739164484070557,22.70947265212367,21.472410159047822,24.875462626100706,24.648352371293804,10.485575041563957,24.95167846998394,25.398659954017987,25.597221850763805,24.444369350051986,1.1528525007118198,26.919933382951093,27.87878992135378,26.68264897316025,-0.958856538402685
1972-08-16 12:00:00,23.535751918423074,23.189646326039146,23.80034715177033,25.9173137370311,23.205524907960505,21.970681722039327,25.226227778577524,25.04338685159335,10.176769033247844,25.233559545026157,24.952924598391768,25.8441262236563,23.783731127082085,2.060395096574215,26.778586594679094,27.65033944308673,26.607052182078302,-0.8717528484076347
1972-09-16 00:00:00,23.719827500631038,23.238306104092903,23.165355946255676,25.16501201014991,23.457854985351275,22.222458896670027,25.56874340035815,25.484961020931923,10.289158945602333,25.53737124750936,24.984730846939133,26.21571678529686,23.77949617292807,2.436220612368789,27.03274458701897,27.65873701715889,26.941096453431282,-0.6259924301399202
1972-10-16 12:00:00,24.126248472877162,23.85485303821895,23.451223919128015,24.907363748999963,23.329518756982285,22.185339110907,25.528119185616152,25.49410475679736,11.111493841446435,25.52364044609869,25.392384219706663,26.22584382515625,24.279732489405312,1.9461113357509383,27.354973614175766,27.916557483657147,27.37263906018234,-0.5615838694813817
1972-11-16 00:00:00,24.60319007589691,24.37906726428907,24.022553297126137,25.18417383945048,22.665470680165594,21.59899807336856,25.12816638210354,24.957176142171992,12.614599990386674,25.08947797307724,25.920188624353514,25.729020351575226,25.082749548036144,0.6462708035390818,27.335162775574453,27.98635067651101,27.342937027094624,-0.6511879009365558
1972-12-16 12:00:00,24.888593730614247,24.54182775261641,24.15826778470106,25.41091295394002,21.662440322451996,20.633618751265256,24.397045923970516,24.11516353076879,14.459549250851694,24.34442572806019,26.362198745928872,24.980528406832487,25.769151731983555,-0.7886233251510681,27.150118046501554,28.032416563343073,27.44086826707411,-0.8822985168415194
1973-01-16 12:00:00,25.587645189727485,25.276717800515666,24.73827094695866,25.66915533204485,20.789023899947352,19.770498230192928,23.66978418227546,23.32042551077237,15.836043255234308,23.67033465986406,26.759750258740976,24.31575792408486,26.43950792103138,-2.123749996946522,27.02521844980827,28.166269501787923,27.525891860487878,-1.1410510519796517
1973-02-15 00:00:00,26.33329275938371,25.710408721554607,25.667292640254843,26.109732391712452,20.233615975510222,19.268914596168173,23.345192598702297,22.927946244814965,16.607694841094506,23.384424514896835,27.12216195229262,24.03199626495613,26.9692056037193,-2.937209338763168,27.268006583000776,28.23134374887826,27.79474449415492,-0.9633371658774834
1973-03-16 12:00:00,26.842346972336664,26.223200566345817,26.283396968040062,26.48716708631035,20.117573013033738,19.137124176041457,23.313043135196917,22.786875292649217,16.35458531848391,23.356649825321934,27.398639814517754,23.95924204854699,27.264120083557835,-3.3048780350108444,27.8260340564596,28.312436901426526,28.172285190675197,-0.4864028449669249
1973-04-16 00:00:00,26.98917523606466,26.903238365923237,26.764814062774896,26.93767335404383,20.47218959392367,19.452482561441858,23.583732219558105,22.98807438478931,15.345526134970232,23.62549734802647,27.380267857919687,24.15305485707627,27.107476575067675,-2.954421717991405,28.45940042351052,28.321724208817486,28.4992233953904,0.13767621469303393
1973-05-16 12:00:00,26.411986994800724,26.878974056461423,27.189961965978075,27.36357506914524,21.215586394782186,20.03944259525438,23.91162343643348,23.29768865281367,13.825723170007803,23.97437703490626,26.942068354467423,24.436892311851125,26.43103624325453,-1.9941439314034035,28.569584299486014,28.200366832741054,28.249931124866183,0.3692174667449599
1973-06-16 00:00:00,25.050091247782678,25.605525454015556,26.657045378000017,27.49942562552622,22.006657853125954,20.68609390454831,24.32692000224921,23.878931512100678,12.011976710632805,24.45750002117946,26.181279645929315,25.01319763358512,25.41320485655473,-0.400007222969613,27.784063056955453,28.13776177912719,27.39291189817475,-0.35369872217173537
1973-07-16 12:00:00,24.093084939540372,24.109231048495953,25.302474078708133,26.927633240366298,22.65020449455297,21.347758883157002,24.820849449324395,24.5745408592327,10.824629373733567,24.900917765832247,25.416930475018795,25.53468754839972,24.48271165080724,1.051975897592481,27.01769753586743,27.839537881079828,26.711972236062362,-0.8218403452123972
1973-08-16 12:00:00,23.64772039279254,23.04250459464964,23.60099019627527,25.82861023530852,23.257751847538373,21.96470730359046,25.28138765929716,25.122311307450698,10.327501829722795,25.280051091737224,24.967945927161992,25.91732508767607,23.719608036953236,2.197717050722833,26.830062931052503,27.604246600530768,26.62815160374529,-0.7741836694782656
1973-09-16 00:00:00,23.207024589058776,22.8433852135271,22.8294202228584,24.887356341284626,23.483247665752167,22.17498681001921,25.579015789638426,25.492725294525336,10.52192852357238,25.53376243927769,24.929404522811243,26.22433261303667,23.59767798260235,2.62665463043432,27.034505783915947,27.723263933036712,26.918457331062378,-0.6887581491207655
1973-10-16 12:00:00,23.889215431095682,23.563172828264808,23.206113549616276,24.63078965060602,23.331010285583645,22.055750338033107,25.487348630462062,25.392365925229605,11.419459073887467,25.473433684281076,25.345833803118012,26.145789128335156,24.108288027505786,2.0375011008293704,27.29917315151198,28.034141749600778,27.302415546972163,-0.7349685980887983
1973-11-16 00:00:00,24.44112655692824,24.090690836318984,23.656287427639196,24.739975036384763,22.641897343396973,21.426251599555936,25.014567058163557,24.779390556911522,12.959058238016244,24.961807247623657,25.853858292201497,25.571038498813973,24.834575068271125,0.7364634305428481,27.256620199850815,28.057425838194856,27.252528397213517,-0.8008056383440412
1973-12-16 12:00:00,24.828859897473027,24.216456844148688,23.85477604750464,24.975855594862235,21.680852121675617,20.572174733974045,24.348200139001467,23.98923833304915,14.508673086061874,24.291125449600663,26.260771946803906,24.885711245638394,25.516107262147184,-0.6303960165087901,27.15622051240835,27.98337512869308,27.43580083982347,-0.8271546162847301
1974-01-16 12:00:00,25.45841556821698,25.056905279456604,24.495327504192886,25.507797700535505,20.793486760203088,19.699706733898942,23.62922692883935,23.20477187142999,16.026456304697174,23.625621685404685,26.66349575781501,24.236862280330698,26.210821118398954,-1.9739588380682562,26.963003157666062,28.121634802421916,27.49209447438459,-1.1586316447558538
1974-02-15 00:00:00,26.174176425477107,25.764071057964337,25.58274085832139,26.100401921351377,20.30461452623766,19.26702368458913,23.295188144539786,22.849049575576945,16.642113403907125,23.34245865373646,27.057615098150126,23.973989329026253,26.785521875191083,-2.8115325461648304,27.20642696506846,28.231950394762677,27.70935201970472,-1.0255234296942177
1974-03-16 12:00:00,26.53153544308036,26.303113399745552,26.288373908915904,26.546938654572262,20.2010909456329,19.23646222456535,23.353075245330594,22.909814844353043,16.49161016157984,23.418734456291055,27.332587964346885,24.07577130776971,27.09018008646466,-3.01440877869495,27.741559990198198,28.3422526588207,28.047426670791253,-0.6006926686225036
1974-04-16 00:00:00,26.575024070567288,26.75588781018879,26.61640785843422,26.813054435179787,20.527714197777115,19.542342481611456,23.619558715415728,23.133181665518144,15.03313909490111,23.693578853530283,27.32081260345388,24.292615534241307,27.07101033210347,-2.7783947978621626,28.298374909782385,28.275366422983296,28.296973821942412,0.023008486799088956
1974-05-16 12:00:00,25.9109677751354,26.645496326473552,26.968313402671846,27.221327033459538,21.199740530515403,19.991749078890482,23.910901716749564,23.3770252936301,13.36525794495462,24.011007302411556,26.875849505331175,24.554941923380554,26.37413849192441,-1.8191965685438554,28.47752439450094,28.165360213397463,28.18595352107288,0.3121641811034763
1974-06-16 00:00:00,24.645821090236808,25.247220882892332,26.322227746518386,27.27108588856325,22.016645497559466,20.66892977870288,24.334456951236398,23.92827813755348,11.614077349100754,24.46420264394552,26.10394609796174,25.07627709747417,25.312436256884713,-0.2361591594105441,27.772503757070535,28.103123832237628,27.46770688243609,-0.3306200751670936
1974-07-16 12:00:00,24.17035434061412,23.909510074793268,25.063135881621502,26.716426681620398,22.74820006408549,21.375377385443173,24.791278138628165,24.546296047006475,10.542368553984343,24.87578889904736,25.405554227717648,25.51919135708541,24.299447909543925,1.219743447541486,27.009126915103167,27.929113384826834,26.7555052481412,-0.9199864697236677
1974-08-16 12:00:00,23.52451353407789,22.99800843616356,23.550426986582057,25.778224817090045,23.293053043714657,21.96449736631043,25.263912510495185,25.124995063311367,10.118433158315193,25.245855436514216,24.97178485087572,25.877544542468723,23.57953103653689,2.2980135059318343,26.82783268140288,27.811922424832684,26.62350360791949,-0.9840897434298022
1974-09-16 00:00:00,23.400950100053638,22.9593599976993,22.961680905746682,25.04563547267467,23.554072997327918,22.252658634030603,25.65715653541557,25.646777394463978,10.239970243603587,25.59508426695678,24.98599924215704,26.297874075610757,23.557758157743287,2.7401159178674703,27.051418846791478,27.8778790812337,26.922104948986725,-0.8264602344422229
1974-10-16 12:00:00,24.067685224505507,23.614309388107515,23.322662422406985,24.882538343654357,23.371904554083674,22.109945511633114,25.561824851895164,25.56398205572316,11.283480568216735,25.537694819341358,25.421391997798455,26.269557454541253,24.17122380116752,2.0983336533737322,27.336742563373647,28.107588276543073,27.376403162911473,-0.7708457131694253
1974-11-16 00:00:00,24.53492782149404,24.164959045784272,23.764833220086096,24.9657617381043,22.653867286684303,21.53218400430134,25.146882216026455,25.029014277256287,12.860756150132863,25.08558298817402,25.930263821125983,25.776397255335063,24.979351079620184,0.797046175714879,27.388371335843015,28.15601286598177,27.451593135116486,-0.7676415301387536
1974-12-16 12:00:00,24.847054100005035,24.24527579385377,23.867889663394383,25.16575456047944,21.609356869602724,20.556162968069255,24.45097012259951,24.20030389975923,14.551428178202004,24.363562193328136,26.31949332971137,25.042491086129797,25.708629978833795,-0.666138892703998,27.149763877802954,28.073906442322443,27.429661418027145,-0.9241425645194887
1975-01-16 12:00:00,25.478178471872816,24.93658856984663,24.381766738885606,25.536002978399754,20.587314277167952,19.515748560357224,23.670629951446838,23.27734546416537,15.826991294052489,23.616001980069196,26.68393230143198,24.30576313849043,26.34262595597422,-2.03686281748379,26.94125458121456,28.058194052344987,27.41141891675674,-1.1169394711304257
1975-02-15 00:00:00,26.24911583734618,25.592983783291395,25.47809545231044,26.05079424029329,20.000513721543346,18.972449345897797,23.269980302091064,22.770743153969196,16.473498381293002,23.24438817611588,27.078279176892213,23.929436058620226,26.950245380237444,-3.020809321617218,27.17122443824959,28.21586572515555,27.673470039324283,-1.0446412869059571
1975-03-16 12:00:00,26.776755428410592,26.38443925868135,26.283175515451184,26.515650352770688,19.89938645513241,18.915062509659297,23.20200923818937,22.656766157430717,16.204971603057917,23.217235627325696,27.398413857181406,23.864712755693144,27.221769282546695,-3.357056526853551,27.787246318082023,28.374346320365035,28.120424847156865,-0.5871000022830124
1975-04-16 00:00:00,27.187367085514445,26.96755171337402,26.81548105439009,26.96158302641994,20.34174191288573,19.336225156401273,23.431329624176733,22.875151415767423,15.060200577059078,23.49005789651921,27.411831254790844,24.05458377882025,27.050819300953975,-2.996235522133727,28.473072090753238,28.3628174249094,28.521066833536302,0.11025466584383636
1975-05-16 12:00:00,26.878614505554562,26.86689256443352,27.105151154248958,27.371754765826708,21.158928978307305,20.01713405753545,23.892509402103173,23.343537296959532,13.405752450784231,23.965955516948043,26.956079566873704,24.489546575758155,26.355620685780377,-1.8660741100222218,28.60211319573452,28.233476808461067,28.324564716334308,0.3686363872734546
1975-06-16 00:00:00,25.884989503358273,25.698263452443527,26.508012108288263,27.289615064461053,21.9940326680395,20.761029270179026,24.436318963745716,24.107367379128632,11.653419976172618,24.528091980378917,26.176196869730077,25.20195443825908,25.420679359966492,-0.21872492170741253,27.74520511197677,28.13415910832119,27.40423087290984,-0.3889539963444193
1975-07-16 12:00:00,24.723601883673584,24.327351775995883,25.36752014062534,26.727400890058718,22.75377289144681,21.471436825996452,24.86663312410725,24.646134255203727,10.593028165257337,24.916484232676755,25.445793125389944,25.58875119761825,24.470842968665444,1.1179082289528068,26.98822975747826,27.93145635453522,26.727552546648706,-0.9432265970569631
1975-08-16 12:00:00,23.77331417327147,23.12171577854918,23.690002619417942,25.870869683900647,23.386973745011932,22.084780577115747,25.25409475516623,25.0800867178791,10.139532548838098,25.25977922270375,24.98924810729604,25.886128565242053,23.807782736585228,2.0783458286568255,26.85294491726742,27.78509584822881,26.646473871247203,-0.9321509309613916
1975-09-16 00:00:00,23.69868279683164,23.092125992691727,23.02720436596528,25.093974749927515,23.614568750260393,22.310546702792248,25.65745685157756,25.627806581793504,10.415998731221853,25.618377904105987,25.01876497245864,26.33123061014713,23.771490676969034,2.559739933178097,27.059174135682994,27.924420814995763,26.993851839213132,-0.8652466793127687
1975-10-16 12:00:00,24.163457355210234,23.769712388535343,23.345141091970458,24.829621610100528,23.365754387348414,22.09720089321971,25.641180137086497,25.62570189027782,11.21086996568263,25.611493620138933,25.4397676478901,26.354617527946594,24.3308177255728,2.0237998023737944,27.41788716405268,28.1046932288201,27.439048043629345,-0.6868060647674206
1975-11-16 00:00:00,24.788389174816977,24.447420589356337,24.01169141195893,24.914994117881037,22.70875906368935,21.570511307261413,25.178299791860656,25.016894794818732,12.71760938939934,25.139041554101617,26.00003762006561,25.79511009701304,25.064769097342854,0.7303409996701866,27.555877697431097,28.064223351840575,27.626544547048745,-0.508345654409478
1975-12-16 12:00:00,25.21597755869242,24.7205561220509,24.26728827528566,25.328042899265807,21.698335354535015,20.626519809164627,24.44348196081856,24.146831542229116,14.634345898911434,24.384987370701015,26.45306177167652,25.031460500926137,25.754027596532982,-0.7225670956068448,27.331660890715057,28.18911412669898,27.621524222914662,-0.8574532359839218
1976-01-16 12:00:00,26.045644074305063,25.40444040009146,24.909912240957127,25.685103549571426,20.723004095056623,19.7304298407418,23.750070417997847,23.383247113057795,15.957828862963902,23.718926907521652,26.857409287506897,24.378580620345133,26.569687812956722,-2.1911071926115895,27.11648171101265,28.237414077241155,27.607717534946694,-1.1209323662285051
1976-02-15 00:00:00,26.713440909755242,25.89389140637216,25.87633898153739,26.180016454774677,20.151967382372636,19.211290855802602,23.394065153857778,22.976241232691837,16.523643531890542,23.40800023205478,27.23055083201302,24.079084144246526,27.185372182472342,-3.1062880382258165,27.247922962132648,28.297517660973003,27.75201686248023,-1.0495946988403553
1976-03-16 12:00:00,26.956402443714275,26.350855331164784,26.366906819708984,26.719002091829473,19.994884055672593,19.044574576267284,23.374056757010614,22.850172696053885,16.253583095776886,23.387999655952598,27.49189076444581,24.027195787431978,27.461038276483666,-3.4338424890516883,27.772082001381527,28.369687921157134,28.097514051655832,-0.5976059197756065
1976-04-16 00:00:00,27.30268403006423,26.975636259604435,26.89495442690008,27.07343445863516,20.426344992481457,19.350804827573608,23.597181556312645,23.011641220105176,15.200301679505747,23.634789988156736,27.48183584187342,24.199526475960504,27.44588140678555,-3.2463549308250457,28.378289586272647,28.40417094351743,28.436615703503453,-0.025881357244781356
1976-05-16 12:00:00,26.722623413822163,26.70150134346577,27.122226507076476,27.528161724231172,21.156294523897756,19.870801419029693,23.901534300696593,23.342573428763743,13.531966899169502,23.991098034222915,27.001646469498933,24.5372932582421,26.754030163930434,-2.2167369056883324,28.528355015426776,28.311817466487305,28.268534695461604,0.21653754893947053
1976-06-16 00:00:00,25.44609218620072,25.54982391897209,26.599886657024015,27.48088971948559,21.93881984744698,20.5661386425455,24.35599420192777,24.026327410302592,11.893770161643301,24.50229621495699,26.246175007655538,25.16659640294442,25.69900070629448,-0.5324043033500594,27.84970595945199,28.214773363382015,27.45873788030351,-0.365067403930027
1976-07-16 12:00:00,24.356409611044683,24.172639309916587,25.30612316436755,26.817689701179933,22.632947246562892,21.308493347503596,24.836650158836523,24.69937225829673,10.797189486505552,24.921852516273248,25.48375461217484,25.667125092386474,24.64954620347189,1.017578888914585,27.103958671049604,27.98548971672322,26.829773181944773,-0.881531045673615
1976-08-16 12:00:00,23.607431628084242,23.130490762779257,23.65045977737769,25.80922355542095,23.19283409600502,21.886193916468123,25.251966393126825,25.165800107622758,10.345576684456544,25.242113623820703,25.028514785400915,25.942375429319622,23.85684269264267,2.085532736676953,26.848140322348964,27.775700069823024,26.643648118552424,-0.92755974747406
1976-09-16 00:00:00,23.671036049894425,23.169203811615287,23.03017652995704,24.99229583028623,23.461629877423302,22.17864027885706,25.644187989450607,25.632970118703614,10.553844552774269,25.569613979480074,25.048762729526175,26.31191769952844,23.74520840102249,2.5667092985059483,26.997074638944998,27.794358654216317,26.91437196358086,-0.7972840152713196
1976-10-16 12:00:00,24.0622347324509,23.811117199386263,23.419814513759754,24.841427653390433,23.34106597452748,22.122319469089746,25.598226754291485,25.600715089036687,11.434565085241971,25.550512596505346,25.457069925701443,26.309773419997246,24.30891296845414,2.0008604515431045,27.29117766203262,28.02992945806199,27.30702701494517,-0.7387517960293692
1976-11-16 00:00:00,24.629097009361832,24.453084869720144,24.054684246638963,25.05094989584945,22.664397775351507,21.534208336897397,25.136415412526745,24.933841980843038,12.963803936063703,25.05088043189929,25.99472462497208,25.700914144847978,25.066879938138385,0.6340342067095932,27.38451983537498,28.09858668143468,27.429126968235167,-0.7140668460596977
1976-12-16 12:00:00,25.0693718687049,24.422954906651654,24.02760112588194,25.180781224495085,21.611669553611243,20.524264951405673,24.40911258712301,24.05476226691235,14.726705478167377,24.31240967480668,26.39755307608654,24.93889104412497,25.745933320952933,-0.8070422768279641,27.22528741159455,28.078873981421236,27.447758721297205,-0.8535865698266853
1977-01-16 12:00:00,25.767460457487342,25.172478534350606,24.60446658485263,25.55547906022034,20.737805755534342,19.737470363339757,23.673840867970952,23.26866284635057,15.953194259558513,23.64038681981652,26.79288856092009,24.266976769041232,26.480731920150813,-2.2137551511095808,27.04590006676227,28.17485287684123,27.500751372995737,-1.1289528100789568
1977-02-15 00:00:00,26.466980444344497,25.62211385248392,25.66649071756178,26.092918368755385,20.204645249343834,19.199868388638446,23.240198333504175,22.774925728160067,16.689584138740063,23.270344708213777,27.135775958967244,23.888000234486494,27.075147966321296,-3.187147731834802,27.295869301678973,28.25596253632794,27.75362208279095,-0.9600932346489657
1977-03-16 12:00:00,26.773973999598887,26.13467817798912,26.13856868698649,26.518472987291396,20.108248812753576,19.13132586504525,23.199271867533483,22.702312335061716,16.16028880801216,23.265956689910094,27.448077884736833,23.863082734163577,27.383344624241527,-3.5202618900779505,27.933028801791217,28.564856024749613,28.257226859516592,-0.6318272229583961
1977-04-16 00:00:00,26.837606659014003,26.604039145524894,26.560171249695003,26.76743806672078,20.442891596179944,19.4035900447024,23.403230312121405,22.90527757480332,15.19395255175782,23.493315719664945,27.392361718600597,24.054243715452614,27.260756395673162,-3.2065126802205484,28.470133982232184,28.4431449749362,28.484645015606343,0.026989007295984635
1977-05-16 12:00:00,25.801964165807018,26.31363176944881,26.68670201225805,27.14671163665374,21.130022672510353,19.9144684459361,23.728408157070586,23.229931532852284,13.501224696291489,23.84583042821192,26.913836339071352,24.38205660166356,26.509225403669028,-2.1271688020054675,28.56447583996765,28.29221357332881,28.2740110586261,0.27226226663884034
1977-06-16 00:00:00,24.721002553316026,24.864512509147254,26.11016883310918,27.1668152907298,21.906095547094445,20.555630581200518,24.202366619575706,23.847941121040083,11.89167841719891,24.35065835737751,26.121320728158768,24.972609144062968,25.471818755947528,-0.4992096118845595,27.63560291131315,28.229972496416995,27.318702644311276,-0.5943695851038449
1977-07-16 12:00:00,23.91430838826774,23.521806227223152,24.793374139090496,26.56828672567939,22.60735710132358,21.27186860428737,24.6460615910542,24.438665433605962,10.781591477954821,24.76357712432123,25.39177865314834,25.44268824087554,24.515633870057535,0.9270543708180057,26.89340261953402,28.047492653999246,26.630335754024998,-1.1540900344652272
1977-08-16 12:00:00,23.259897974150245,22.580292465725318,23.260067140165756,25.640984530332787,23.20477388193999,21.895433238486483,25.12644646201816,24.987113789421084,10.267291623463242,25.15430031226086,24.956268666918685,25.803264811387514,23.77134237421801,2.0319224371695057,26.718608140805294,27.92326478798519,26.540838882128075,-1.2046566471798954
1977-09-16 00:00:00,23.109527283750158,22.624518914608775,22.65404493520811,24.951125239570807,23.377106692389358,22.081605542183674,25.51423156862933,25.496867281157844,10.48066131724536,25.48149612838433,24.968222495708943,26.2034744598664,23.69983188273714,2.503642577129259,26.91435280779433,28.06811855632654,26.828625870960032,-1.1537657485322086
1977-10-16 12:00:00,23.953775697176415,23.477122585014353,23.125970801078363,24.823874347930428,23.19339193597755,21.926850663301067,25.483225909341705,25.46524536581123,11.571856721695863,25.443954359928217,25.38646148850591,26.197786816218667,24.204149365220278,1.9936374509983885,27.220708252079437,28.18701323343114,27.220585517920277,-0.9663049813517048
1977-11-16 00:00:00,24.631881348850786,24.068142926877865,23.652869865788336,24.945863258829032,22.51461340616635,21.330880566767288,25.01090867361373,24.836106717935373,12.983461178604975,24.94245219527121,25.89485258629175,25.627985019833798,24.90321322451433,0.7247717953194659,27.219234381106872,28.090260573198456,27.230395054934043,-0.871026192091584
1977-12-16 12:00:00,25.050388725807867,24.27477568753586,23.86816797547999,25.206128768238294,21.52857893480158,20.385192792562698,24.292500430791335,23.992878854041834,14.720240227458502,24.215095570826566,26.329881144413147,24.881290979087773,25.606325890753432,-0.7250349116656594,27.072877262362894,27.99710056896088,27.30881081889912,-0.9242233065979875
1978-01-16 12:00:00,25.753677899179444,24.76199033401414,24.358378913518973,25.8152581431375,20.612372922685,19.5468431060941,23.613117188380514,23.241885075682653,16.15801668412744,23.585311776383246,26.72251921449812,24.269500448575766,26.286132640374326,-2.0166321917985606,26.953059523754224,28.132131629022798,27.464380426472456,-1.179072105268574
1978-02-15 00:00:00,26.38128636391766,25.584511275852865,25.420787164835982,26.2507144214026,20.1434083306274,19.121077804494313,23.326945291031347,22.870779998915676,16.677250022575574,23.3223114890999,27.109723807100504,23.98751002226028,26.883926022408843,-2.8964160001485624,27.13122482880497,28.225953487990644,27.669684687170303,-1.094728659185673
1978-03-16 12:00:00,26.787237297368705,26.21473467194247,26.089687663300726,26.45619963558519,20.022722471309933,19.05132595073106,23.27634752949004,22.77334266068537,16.59526954852992,23.30640362270899,27.389558124290748,23.93700420341072,27.18507131321422,-3.2480671098035003,27.812541456917252,28.42569970891545,28.153696149613697,-0.6131582519981968
1978-04-16 00:00:00,26.998659640853063,26.746114732659237,26.55713174866135,26.74529771229146,20.398137856443782,19.33844136373638,23.54584258354633,22.97208094813798,15.46572179722056,23.588958507837788,27.362118056869964,24.150747605315466,27.14118900302801,-2.9904413977125444,28.5081071146511,28.3704357620932,28.559174018874415,0.13767135255789853
1978-05-16 12:00:00,26.808571590643844,26.718678248867494,26.95948394030479,27.135845332553,21.11424526929998,19.883381492124236,23.867635602701213,23.295045269753373,13.768583058696121,23.950291773981032,26.925796377227556,24.491382897641483,26.42075513467681,-1.9293722370353272,28.58722016117385,28.28572810308572,28.37270566251501,0.3014920580881295
1978-06-16 00:00:00,25.767285949823478,25.6224062279291,26.555832194455125,27.315299647197424,21.96602664709541,20.676586656916637,24.395330592238462,24.040659671627285,12.102943052884461,24.524374820150854,26.192742520413102,25.178132466066383,25.445131635091833,-0.26699916902544985,27.793657715674538,28.231678694427927,27.485791962468088,-0.4380209787533893
1978-07-16 12:00:00,24.602682892452297,24.3829199701164,25.48128481662639,26.877134103951267,22.667525036572886,21.39393496070819,24.84744559957983,24.643202461858085,11.02056497839039,24.917208380938796,25.46246540353145,25.612865918050556,24.503692936486377,1.1091729815641784,26.9624321860326,27.989938061058293,26.726603801494417,-1.0275058750256925
1978-08-16 12:00:00,23.789904331895283,23.342267575701385,23.932454246653435,26.072078323441694,23.30655950090766,22.02884514436778,25.27236228233743,25.141849466337735,10.574033588985998,25.289226627782327,25.03498719772645,25.93548059249805,23.876927608952737,2.0585529835453116,26.798773008779925,27.863502753711572,26.636718508069595,-1.0647297449316468
1978-09-16 00:00:00,23.68809158177809,23.261778687188023,23.200510539131084,25.30798932130809,23.55138272314784,22.29848101550537,25.70304803021624,25.698502592272803,10.715824272968412,25.64359795580879,25.050190947316334,26.367640181600997,23.720820496543535,2.646819685057462,26.97926192011962,27.97662736961743,26.892367044133273,-0.9973654494978099
1978-10-16 12:00:00,24.211075767694528,23.95835456947066,23.507379198146037,25.061062052412883,23.500579073005813,22.32465635848856,25.684040844659805,25.722055133505314,11.608115387653816,25.65244539339929,25.47013912998436,26.40045366610461,24.180264452094026,2.2201892140105848,27.340465115992412,28.11508457579354,27.273069968414863,-0.7746194598011265
1978-11-16 00:00:00,24.91415166519029,24.641911461354105,24.081399125820987,25.109545999260273,22.8769119812244,21.79817951495727,25.2593808725026,25.089393374403503,13.099827432312667,25.19194885788168,26.01779520548572,25.806193462064908,24.94649688824936,0.8596965738155475,27.469829448643495,28.026796079629488,27.435456760421346,-0.5569666309859933
1978-12-16 12:00:00,25.378442551884152,24.952268361661634,24.50662350673659,25.581042171118604,21.81651063092894,20.74033162917279,24.536110066386957,24.20098508686532,14.802415726843318,24.434745688643122,26.490717538353444,25.03215920765918,25.658838909103313,-0.6266797014441323,27.263472181372464,28.026183283630584,27.515948523747944,-0.7627111022581197
1979-01-16 12:00:00,25.992300084603947,25.52111044860484,25.147585912762295,26.084763884846705,20.84824113221648,19.788901857208824,23.76139644174281,23.338916459142336,16.348989222034287,23.712666073908338,26.902659173200227,24.326169498221365,26.308603348126265,-1.9824338499049006,27.10207560526795,28.147233766162774,27.609272778652297,-1.0451581608948253
1979-02-15 00:00:00,26.68342766364908,26.11587485549445,26.00317310649694,26.525031129339787,20.279700087626953,19.3492679788494,23.45684894903462,23.028398015398103,16.95280472026501,23.471344680222604,27.312494927173894,24.119653583109393,26.930387800781578,-2.8107342176721843,27.296349926559966,28.246911190411687,27.811281750410416,-0.9505612638517213
1979-03-16 12:00:00,27.137386644429125,26.77433051391439,26.761634337888125,27.021262755873195,20.193773924774323,19.406150190152225,23.57107716118553,23.075868166549608,16.591276987884278,23.5942716080963,27.592563790580368,24.199656653966535,27.342894793873075,-3.14323813990654,27.881136618064048,28.42008481493928,28.28417318137542,-0.5389481968752321
1979-04-16 00:00:00,27.282298889682746,27.315023206806725,27.229506382423452,27.409157133224145,20.564485530358976,19.716684362468012,23.795901980002366,23.230011911724816,15.338428127243144,23.809413888770024,27.580458084218442,24.354228556624538,27.276732579354125,-2.922504022729587,28.470455294643212,28.445092365706323,28.561905279754203,0.025362928936889517
1979-05-16 12:00:00,26.778924352515943,27.177781606726764,27.423819552432384,27.699135341651566,21.262030833220518,20.17062123779893,24.093844840022165,23.496330083709893,13.664754816246116,24.138884752689382,27.119691998797887,24.636974561645065,26.606440689547295,-1.9694661279022299,28.580604282279804,28.335132982875624,28.313456407867076,0.2454712994041799
1979-06-16 00:00:00,25.40880563567318,26.056655672428313,26.93754734343462,27.722450891509016,22.067767058947886,20.852095061051276,24.574666880015673,24.177183000626922,12.113920721305767,24.66926054817929,26.350239548394892,25.296793075589754,25.613567746383087,-0.31677467079333255,27.886991824909412,28.21184123131182,27.60199679677081,-0.3248494064024072
1979-07-16 12:00:00,24.627841619270484,24.490894085043834,25.570884531330933,27.094573634954333,22.791377049666735,21.56996720227665,25.04219929477249,24.802753088230457,10.892288738255415,25.09213877813314,25.59189183998915,25.770351088185258,24.67119351367714,1.0991575745081192,27.149875323483013,28.01830008397642,26.910653468661874,-0.8684247604934079
1979-08-16 12:00:00,23.98930054712554,23.383852667190983,23.898107637949565,26.191931066540022,23.385987312304362,22.184207441888674,25.435670987962897,25.284382995448347,10.213611845879143,25.424508011471257,25.14500409670284,26.065329201047593,23.98043282712166,2.0848963739259325,27.010494110089823,27.797605112058356,26.836912725779154,-0.7871110019685332
1979-09-16 00:00:00,24.096601108726713,23.49202461038974,23.310721013015254,25.373998931294192,23.607888857988552,22.408283576054295,25.85382161202618,25.844519480508286,10.475054519072739,25.782032971425874,25.185091485513823,26.526620088291864,23.931932494959206,2.594687593332658,27.187851751767813,27.866206666651276,27.108965975067576,-0.6783549148834638
1979-10-16 12:00:00,24.402628331973954,24.291832181220855,23.779453742187716,24.98767487013631,23.469320501144274,22.307759936465885,25.777209988170085,25.796790428388412,11.338948912278902,25.75060422391401,25.578576594084915,26.50358392807922,24.45284639979088,2.050737528288341,27.51954636432155,28.04681474416192,27.529221718301713,-0.5272683798403719
1979-11-16 00:00:00,24.835597214282163,24.826348926642627,24.375515958000047,25.17784120050118,22.834843606619135,21.739525784326375,25.275231280582634,25.121199800123993,12.810636713122648,25.231092286664577,26.11419429184446,25.887027170145338,25.232698305419348,0.65432886472599,27.64418962953284,28.133591584013633,27.712998335979766,-0.48940195448079393
1979-12-16 12:00:00,25.297503703502,24.979386130004567,24.45946441922662,25.394029952560047,21.822893624308538,20.80952007335651,24.610199121651508,24.302560315359397,14.752384665807364,24.52828058861049,26.553695647300945,25.164883872307932,25.975785610202575,-0.8109017378946426,27.4216235208112,28.168981205154633,27.703895637579066,-0.7473576843434344
1980-01-16 12:00:00,26.163542436019746,25.538350567335787,25.04389679902103,25.847116167836898,20.96184133423668,19.967323306117226,23.90435793802129,23.480895913463346,15.956272606170915,23.854302768307388,26.94416335104959,24.459247252679624,26.601447956426092,-2.142200703746468,27.24126730014883,28.33631467994513,27.738245062145044,-1.0950473797962985
1980-02-15 00:00:00,26.665658212215885,25.633326293022492,25.704962315139692,26.24109824181453,20.4121958853031,19.458709195833357,23.540994267775712,23.06342266955229,16.78571449982548,23.538694617529206,27.3031550074762,24.14152514243849,27.066496104427028,-2.9249709619885387,27.46311730664881,28.446488431475228,27.95113304152117,-0.9833711248264159
1980-03-16 12:00:00,26.93284524787974,26.221659138893614,26.26978543513872,26.574470024493465,20.320052046959542,19.392326770176318,23.551390017883467,23.01989584720114,16.47862238887236,23.56090333024095,27.547918211269806,24.13505763790566,27.36442295511844,-3.2293653172127783,28.04636029801874,28.542985307907365,28.412948126105864,-0.4966250098886249
1980-04-16 00:00:00,27.157777546849154,26.868774238820492,26.6938395915723,26.893323282943697,20.627023290866735,19.59718981817389,23.732535756963024,23.10614965514419,15.241781643539852,23.759226387373214,27.53602059734659,24.259116407787065,27.210973989038568,-2.9518575812515024,28.585718924805615,28.540981222030464,28.664025198846925,0.04473770277515143
1980-05-16 12:00:00,26.64223735681339,26.814175529162455,27.134994951655763,27.305391710412533,21.30893915609945,20.124629335333562,24.06739713726517,23.463012513719605,13.714651689698858,24.138999802795226,27.06952972875808,24.618068799336356,26.527002615740006,-1.9089338164036498,28.688595068848247,28.36304474419257,28.409324308801295,0.32555032465567635
1980-06-16 00:00:00,25.161423111083785,25.367225854183896,26.472484319601314,27.417169574451123,22.1216083555217,20.77493814987865,24.501502301320965,24.09624877728671,12.20651668750889,24.634408171034305,26.262000583702967,25.225715187962635,25.54890122232799,-0.32318603436535653,27.861675056754244,28.29320393408503,27.563980172889355,-0.4315288773307877
1980-07-16 12:00:00,24.159653776130366,24.002160973476766,25.249130487308218,26.878005168803227,22.797957893099575,21.45013822892235,24.92475665968517,24.68274767592127,11.062040359744882,25.013128580559567,25.5217098233112,25.65356691655653,24.589697163102528,1.0638697534540036,27.062965587898677,28.027975522171822,26.83450435733735,-0.9650099342731444
1980-08-16 12:00:00,23.52424881212262,22.837401212979305,23.499711088326432,25.903069501363458,23.363428704953254,22.058821697328213,25.414136523548798,25.26337282365653,10.623685186477479,25.381814312501806,25.066003235085468,26.015916641231144,23.77015125169018,2.2457653895409635,26.903396075258538,27.87001101051133,26.759214129804114,-0.9666149352527924
1980-09-16 00:00:00,23.661586450241682,22.927491301793378,22.744885940166395,24.92036863028842,23.544687094859547,22.27907034404501,25.781719606471793,25.74506031011116,10.786163898373683,25.687713858537847,25.06744816386751,26.396958728995116,23.609607513495444,2.7873512154996725,26.9940181246606,28.010991619009612,26.92144334248617,-1.0169734943490134
1980-10-16 12:00:00,24.156656980603945,23.644070277674814,23.240604869336334,24.84273700504335,23.37696767255096,22.123554224161346,25.648715856815397,25.60648856916314,11.823334148353553,25.581359544952736,25.49629951402125,26.300783081867444,24.06533864101617,2.235444440851275,27.269997842795238,28.272895080516655,27.327809232901693,-1.0028972377214167
1980-11-16 00:00:00,24.743694718342482,24.310344808260215,23.89874357042803,25.031934223626187,22.695385082227943,21.563776956751827,25.17836024650587,24.999353672466775,13.186490841465433,25.106841455374926,26.012579023556007,25.756903093131406,24.794925474036607,0.9619776190947995,27.3043713925572,28.1242277621449,27.352666397731106,-0.8198563695877006
1980-12-16 12:00:00,25.15657322626202,24.407608630995345,23.90815454837366,25.270007583727473,21.76370794104301,20.69127923190839,24.480934319838155,24.15315194937864,14.85373772212362,24.396638699933277,26.417913954770384,24.996682169939735,25.484665631947333,-0.48798346200759823,27.116674379621674,28.1056851022352,27.389817113213564,-0.989010722613525
1981-01-16 12:00:00,25.754993837930275,25.124116174785044,24.668482766822365,25.753653985006963,20.869170768044526,19.80548588212046,23.708940633666092,23.277704812376026,16.291698765001073,23.68679118384494,26.826005365719126,24.27763254400432,26.26998325052017,-1.9923507065158503,27.051717879078865,28.208799049836756,27.551246168388708,-1.1570811707578912
1981-02-15 00:00:00,26.577981855089227,25.606606546819794,25.589458635501217,26.145093772966717,20.32981178593589,19.303574911044223,23.366562389731396,22.864196103764403,16.794568539846715,23.380265689388747,27.194580652314432,23.970657743676565,26.985803745491687,-3.015146001815122,27.27915392238719,28.229446187643095,27.798036331666914,-0.9502922652559036
1981-03-16 12:00:00,26.993905705543803,26.245776919452794,26.243414080162076,26.518200243841235,20.206650612277585,19.214576702570536,23.3438949572197,22.777775941702384,16.657117727919662,23.368797160842295,27.475748830228607,23.92117561396353,27.261810293250768,-3.3406346792872377,27.866970541413508,28.417564713528325,28.197194482251096,-0.5505941721148169
1981-04-16 00:00:00,27.22617223044818,26.839371598496385,26.766321248036586,26.935336024957618,20.538510850634285,19.513772419138686,23.57001556432819,22.965429783274082,15.343317742027065,23.61063585563473,27.47161954229422,24.093028233223,27.17542047042832,-3.0823922372053225,28.491205314144654,28.404770676398588,28.55074677826929,0.0864346377460663
1981-05-16 12:00:00,26.675661826385877,26.868087913359307,27.170712108959176,27.35926764716541,21.282096845511923,20.07195860999695,23.92033492482507,23.337384795958123,13.80984907578458,24.007614194613748,27.00796713493284,24.475930251255285,26.45285182966798,-1.9769215784126963,28.63897124054945,28.25082852958787,28.350064850206646,0.3881427109615778
1981-06-16 00:00:00,25.387839146619175,25.591098607460097,26.701223616038803,27.517906076936523,22.106715119422482,20.75467791562239,24.36927088540556,23.957701843288934,12.156759881887035,24.522906869720007,26.2537320039238,25.078737499847012,25.379960797752087,-0.30122329790507507,27.933503300406183,28.163838312149593,27.589196070896026,-0.23033501174340998
1981-07-16 12:00:00,24.346071043155053,24.134085965225164,25.365471629516474,27.014272817679736,22.788417626344067,21.47319736147326,24.869302327130455,24.66658121482569,10.93888960193744,24.97553966425836,25.518201444336093,25.62471710934777,24.45441986938276,1.1702972399650093,27.074103534469433,27.958269062953907,26.832494928722237,-0.8841655284844734
1981-08-16 12:00:00,23.567879963048807,23.24372212409596,23.917259218548647,26.08958297825597,23.310982588430665,22.01221701181799,25.29774757426096,25.168685424501476,10.380057324886515,25.325096310100736,25.09270378319095,25.970406007715056,23.785636162107686,2.18476984560737,26.967190377548487,27.71420532931885,26.81947463730921,-0.7470149517703639
1981-09-16 00:00:00,23.680746158728795,23.17074975123887,23.151462567571098,25.216320495013232,23.610076101615263,22.339279776476108,25.701185183386713,25.69840192533533,10.50348793844919,25.676743108217508,25.107795469464186,26.387041953019317,23.735637555512188,2.651404397507129,27.140662081282493,27.834060391386874,27.087022989603227,-0.6933983101043815
1981-10-16 12:00:00,24.237418810592207,23.84664236850555,23.516174767004795,25.015305502966044,23.58792407567245,22.39323280648533,25.664186484254486,25.686361196588162,11.340583597049278,25.67787870150082,25.531157285980818,26.39616524781419,24.322458104356013,2.0737071434581758,27.49827955368594,28.073086289915196,27.537400173782295,-0.5748067362292559
1981-11-16 00:00:00,24.812571146619725,24.43063119416443,24.02941671647008,25.11660484915194,22.93546586063204,21.79888069671205,25.219588327833826,25.05915642476873,13.086871614275807,25.193595843533043,26.056892123971558,25.82617496866221,25.173477042228996,0.6526979264332162,27.55056793408995,28.065870778029392,27.625425477235872,-0.5153028439394411
1981-12-16 12:00:00,25.175504180245184,24.572885732901245,24.107319129479063,25.343459132888864,21.84656791023959,20.72698184058413,24.49735877435855,24.188336989250924,14.977267132090248,24.44258144960458,26.482021377476773,25.06818800349875,25.775617008428146,-0.707429004929395,27.38023718590607,28.161310572405647,27.69316324326522,-0.7810733864995782
1982-01-16 12:00:00,25.81359917949103,25.193272074939987,24.63154756934249,25.814292923810513,20.902475326250748,19.851343693621526,23.75260873851493,23.335441258677548,16.37397564116003,23.73893354536283,26.863911946766557,24.34450809924938,26.43375538930475,-2.0892472900553685,27.195262424043847,28.254872718509436,27.71395646368536,-1.059610294465589
1982-02-15 00:00:00,26.59514149049523,25.884962028925045,25.74814929485071,26.193905921981194,20.315168105476385,19.326391852965447,23.360581378576097,22.902883603142136,16.789281481205034,23.400488282741307,27.266894806560096,24.016897411429127,27.059094911011417,-3.04219749958229,27.335024515614993,28.333296338737938,27.84805039555099,-0.9982718231229448
1982-03-16 12:00:00,27.05055398156485,26.38626242263077,26.45888951596122,26.563834743807536,20.191491837993322,19.310577826095273,23.366539629418448,22.918271633881627,16.54617910930358,23.441390343290486,27.528802082700576,24.057880996999486,27.3669984947852,-3.3091174977857136,27.99602515384338,28.325787252894447,28.381921502804527,-0.32976209905106657
1982-04-16 00:00:00,27.211245065406963,27.03282599046436,26.940497116150958,27.097399517501746,20.481713965435905,19.518907794868152,23.529129176093278,23.072136303925443,15.380406523018298,23.62502606549468,27.519640367195848,24.21451752631745,27.188789827390167,-2.974272301072716,28.62422321015166,28.341836546590358,28.743647908770207,0.2823866635613008
1982-05-16 12:00:00,26.482767688610025,26.835684939496435,27.26786917169785,27.597981903826106,21.087764930973606,19.951633224135794,23.830526829220386,23.33402154411187,13.612538354307475,23.937815101443487,27.038472845385307,24.504657986900263,26.551048391447257,-2.046390404546994,28.689861139019325,28.264550780972446,28.45257872385058,0.4253103580468789
1982-06-16 00:00:00,25.399393745770695,25.448563017343535,26.632082487314744,27.64105688678392,21.90170243861017,20.666704356663836,24.284254474582905,23.926592252887225,12.067001031906425,24.435407549291483,26.24994642341374,25.07387374940221,25.516770687474946,-0.4428969380727352,27.927191802756894,28.120372624778163,27.571012011756647,-0.19318082202126874
1982-07-16 12:00:00,24.3743002948444,24.217544366402887,25.407716825318474,26.959930092197833,22.56606761977085,21.359443226567585,24.77458117097155,24.60036737830932,10.898950232016142,24.87029091843312,25.50279809483521,25.572182881868237,24.497429899233296,1.0747529826349407,27.095761838284556,27.90295085337669,26.873105077930845,-0.8071890150921348
1982-08-16 12:00:00,23.646084029457707,23.1825391619942,23.823552876793936,25.98221929554628,23.123415137362723,21.89922165150493,25.18650582363362,25.072008928289655,10.471937215145074,25.197871850328376,25.041173219286062,25.88140707167263,23.747509810884896,2.133897260787734,26.875243931708347,27.6697324411669,26.723049300260815,-0.794488509458553
1982-09-16 00:00:00,23.63318960812113,23.036765720625848,22.95139624985131,25.075811449748734,23.38507436729874,22.165316477753766,25.54714487415648,25.545518803087802,10.633448947353482,25.501482841180938,25.03210946219948,26.24418131382856,23.689875739934926,2.5543055738936324,27.001499985095172,27.76302218599451,26.934054215328928,-0.7615222008993392
1982-10-16 12:00:00,24.193494649920353,23.754323859485233,23.370123256064943,24.781274683544655,23.245269442992246,22.03211862909459,25.424106430665137,25.41150575188841,11.655416840355437,25.400444363819663,25.433884662018663,26.136485290334047,24.24221938836602,1.8942659019680264,27.259265207486976,28.013466082062244,27.2740898917865,-0.7542008745752682
1982-11-16 00:00:00,24.57368739417,24.1702749293011,23.825446240450916,24.995383695151784,22.435661760153778,21.305050702271085,24.93975599400625,24.729138749065964,13.166776519464726,24.880663768116587,25.93050694769659,25.539197233825394,25.03745425390402,0.5017429799213744,27.284413406873014,27.96080094336146,27.320104877249356,-0.6763875364884449
1982-12-16 12:00:00,25.0541510172049,24.33393248611365,23.897753410869367,25.260886750206144,21.42876454709335,20.35365068083463,24.2524802235147,23.929591557756257,14.919797873272033,24.180741292026593,26.362952365062835,24.83538947188564,25.74463103534802,-0.9092415634623805,27.153768001699284,28.008007028021073,27.494002098555665,-0.8542390263217889
1983-01-16 12:00:00,25.73196883627392,25.156907792682446,24.582430037134372,25.66790107092223,20.541401458188492,19.510021148030614,23.488490902315363,23.12527467457156,16.086706297833484,23.46707147276382,26.724023066562662,24.13205514226281,26.47339001808572,-2.341334875822909,26.899206315443994,28.0264065001842,27.448645803317497,-1.1272001847402073
1983-02-15 00:00:00,26.46422839922591,25.68369005417498,25.634829299013315,26.101489136009285,20.03421328789585,19.082352901641983,23.093753350500215,22.73712299712365,16.864041456447158,23.167593963912015,27.052681776499053,23.84084327580363,26.970117900945173,-3.1292746251415444,27.06565934277919,28.03185495909114,27.605018002989347,-0.9661956163119534
1983-03-16 12:00:00,26.901524546846993,26.312591721190216,26.31807314241913,26.578350387493686,19.94820978974965,19.077061196467117,23.145181616955853,22.740058648179396,16.57162681626343,23.246985881803415,27.336840705813216,23.88020515050236,27.21854861956394,-3.3383434690615807,27.601647799842862,28.150547612742084,27.982859778104732,-0.5488998128992222
1983-04-16 00:00:00,27.079248561026844,26.924260855729894,26.90628691607145,26.97856851122231,20.211562965092753,19.350375610517858,23.356286823096315,22.87310652709214,15.367073291318798,23.45695569283777,27.328343422636575,24.010400931321467,27.114366639532484,-3.1039657082110175,28.239962397324593,28.155588958317875,28.331883742164344,0.08437343900671834
1983-05-16 12:00:00,26.49843051375207,26.69984046133031,27.043012796012256,27.350729057912154,20.780913390762095,19.757768245524026,23.634333726300063,23.121890962073234,13.605772278836767,23.75103139627315,26.85187109603394,24.277017347753244,26.509760326377858,-2.2327429786246142,28.314925041215407,28.01947976799428,28.01872308154965,0.29544527322112657
1983-06-16 00:00:00,25.160401254998323,25.496227220154935,26.4542906650919,27.393186491735616,21.65697833959468,20.509399592338852,24.10962959463514,23.77602304458537,11.808382164211038,24.2765016799512,26.090393087000354,24.90189367670139,25.541207637068272,-0.6393139603668807,27.643121680099476,27.9043019984905,27.267831230558816,-0.2611803183910233
1983-07-16 12:00:00,24.098087667742313,24.26413063335431,25.477466537802442,26.90657371546192,22.32320153259735,21.13733481922862,24.543131008819664,24.388763262541104,10.691979772780522,24.666924400886018,25.35280793674195,25.363826794048787,24.589039945561236,0.7747868484875511,26.75872858650455,27.75983395506219,26.503009308372544,-1.001105368557642
1983-08-16 12:00:00,23.493642897426835,23.267556404992177,24.089975223348986,26.14769196622563,22.7184259035851,21.48338506967326,24.90958839797113,24.81225724923078,10.098802724958087,24.94925683908361,24.917625753457028,25.644834860635385,23.965205081549676,1.6796297790857082,26.393937396981716,27.661257349449013,26.27279251216595,-1.2673199524672967
1983-09-16 00:00:00,23.583283796910443,23.31861474770974,23.413009582300347,25.497962603948498,22.80078620579658,21.526448070577263,25.12932528532538,25.076977923251203,10.277432579981316,25.103895043278055,24.95843276729132,25.84218886115521,23.915773141587973,1.9264157195672382,26.667061735722346,27.776792320939425,26.623315635167916,-1.1097305852170791
1983-10-16 12:00:00,23.954511289108275,23.81056402773189,23.555324078363977,25.200857456849604,22.659443625050802,21.484967934529553,25.038175445628358,24.941533433965926,11.091019783225095,25.045966636561893,25.334072761531235,25.747099523214594,24.41121755001133,1.3358819732032643,27.040792030052746,27.812151684793776,27.06447152600051,-0.7713596547410297
1983-11-16 00:00:00,24.63572229970376,24.323738104307377,24.00450905782178,25.338426883014495,22.02224696715453,20.918334842615547,24.629791683730403,24.367309982042908,12.738601464314831,24.600570131978518,25.848928933336186,25.241038373316368,25.051894580664253,0.18914379265211423,27.180176563204288,27.803672097707107,27.238148495108966,-0.623495534502819
1983-12-16 12:00:00,25.053759031106598,24.460038505004206,24.192116919004565,25.604229318390423,21.03236910203063,20.003123044618647,23.950117193844115,23.600198067734542,14.54375936578468,23.905666544577006,26.284898118417633,24.562384267127058,25.73235279388196,-1.1699685267549036,26.95177612568929,27.881865601633148,27.311976667000437,-0.9300894759438592
1984-01-16 12:00:00,25.613567261195154,25.03067560137135,24.682583780275436,25.875500133486675,20.19052299405017,19.252434244502773,23.292160314822038,22.902381638500387,15.879018824279655,23.28728625413405,26.656112214220784,23.9581723844368,26.42804725714352,-2.4698748727067183,26.79510049509129,27.98483776814503,27.35118550804986,-1.1897372730537406
1984-02-15 00:00:00,26.39475504745861,25.445071535458975,25.508901285926708,26.061070134502398,19.691316303887447,18.81569852442855,22.97601450196296,22.558530243260517,16.470891485692924,23.012329075362615,27.002952738309393,23.704815880828924,27.017469986941986,-3.3126541061130617,27.045967621706996,28.012452634244283,27.562941544686453,-0.9664850125372872
1984-03-16 12:00:00,26.77730843934014,26.131613475153824,26.104571732925276,26.401706447471266,19.647093382884904,18.865394110458606,23.032984804937158,22.555328275456596,16.266251804373653,23.094712517741083,27.296235700515677,23.7237124983829,27.315066861678975,-3.5913543632960767,27.68598379070674,28.221088934611426,28.05320779175429,-0.535105143904687
1984-04-16 00:00:00,27.045848066947975,26.62845433344618,26.544210289104534,26.750284251396156,20.072009827581443,19.28139368374275,23.278659676119716,22.793034033492475,15.21047682017151,23.3690962005652,27.2693119468086,23.930343424186766,27.11574425170891,-3.1854008275221446,28.305564924616032,28.238434476354254,28.360251556882183,0.0671304482617785
1984-05-16 12:00:00,26.43383226580891,26.42923285149598,26.636671448134422,26.988116194287727,20.81078413391959,19.766018907621323,23.569060204067465,23.043746327277624,13.649264462381408,23.678429130608656,26.769240362606574,24.192232324189476,26.512788113835608,-2.320555789646132,28.396208312874148,28.079576477655767,28.083202970898004,0.3166318352183808
1984-06-16 00:00:00,25.13993463218495,25.063515667629158,26.113932009423316,27.064487379376615,21.6430398523738,20.423836717323507,23.998961945629787,23.589177169792755,11.912521712435954,24.15893255263146,25.984846703739073,24.74520903512168,25.55567390198581,-0.8104648668641303,27.562180464078857,27.954691401704412,27.22018667732629,-0.39251093762555556
1984-07-16 12:00:00,24.009510540380223,23.592941046592227,24.734630725085054,26.486263219136895,22.280323606000653,21.0459778419749,24.445320134546442,24.199132305694757,10.872808304888272,24.58183000009564,25.235832892416724,25.225162888144244,24.60907651775227,0.6160863703919723,26.684964629702346,27.74613540752248,26.471438229610964,-1.0611707778201342
1984-08-16 12:00:00,23.299005182261403,22.779199464529174,23.44001810304501,25.675561987510875,22.85812151931264,21.66442132126357,24.916796883310003,24.796793622577038,10.246672363499227,24.977887088358532,24.82578318733667,25.634445255099568,23.924475565200236,1.7099696898993315,26.511051013340513,27.633372913071824,26.338310665554157,-1.1223218997313111
1984-09-16 00:00:00,23.584863224033782,22.8911718027517,22.87418390967068,24.948375090982612,23.14634506358509,21.94873318354628,25.3389358641271,25.35526804801736,10.329244058165388,25.33473038015208,24.86958712860711,26.081625877903747,23.832178238619836,2.249447639283911,26.72617961133847,27.78394321968501,26.666846917925366,-1.0577636083465407
1984-10-16 12:00:00,24.04667230158896,23.65464065551373,23.33614990807079,24.80562166530592,23.157633505904922,21.995473216041248,25.33130768998557,25.401219920256395,11.315777412721205,25.363479729165135,25.30195176113911,26.130844981905927,24.3373006251934,1.7935443567125269,27.088939099195702,27.997297150204343,27.128771470633165,-0.9083580510086406
1984-11-16 00:00:00,24.517301702992516,24.18090509064962,23.83547303494595,25.050112939903926,22.519030683936656,21.448590376464132,24.910831537248356,24.800030991186333,12.86006914312275,24.91448516979812,25.84921533669772,25.581995262784787,25.041571905944533,0.5404233568402539,27.21958041017147,27.920311536974047,27.198595558414592,-0.7007311268025767
1984-12-16 12:00:00,24.90266330276048,24.479266741956163,23.968138265138307,25.220397894107172,21.513377134452977,20.4860079487538,24.20907450803485,23.916234605364227,14.500134694196861,24.185597661968693,26.302739393797975,24.80753384347508,25.732708040069717,-0.9251741965946358,27.10500262853702,28.01016269901605,27.356403210516863,-0.905160070479031
1985-01-16 12:00:00,25.61706322273382,24.858889141269223,24.47023331577497,25.63434377077605,20.550740250789396,19.580973164123833,23.512876926668326,23.137737333851277,15.917273287755798,23.523603382764076,26.687373542625622,24.15421894976682,26.4039519181987,-2.249732968431882,26.955356219002734,28.091377733501616,27.49766719855726,-1.1360215144988821
1985-02-15 00:00:00,26.32442695552992,25.48298567847092,25.42417717562721,26.066537361193028,20.024404362517462,19.068930092870723,23.14664437005479,22.730812369558492,16.284149039532547,23.204771004915763,27.07531949095742,23.849926050216485,26.93619589241976,-3.0862698422032757,27.220886640576424,28.244710301207387,27.711704424577903,-1.0238236606309634
1985-03-16 12:00:00,26.72255222530434,26.223173732314,26.09291333290844,26.36284068727655,19.952572069592115,19.008534327946943,23.192177935405663,22.681741972940912,16.505756977157212,23.249177770817525,27.361770440210506,23.843787371803312,27.250420984658547,-3.4066336128552344,27.81904323676647,28.31406058870576,28.18872917775412,-0.49501735193929264
1985-04-16 00:00:00,26.981301200560225,26.750200068625993,26.6523547831379,26.7285506347626,20.240649859468473,19.16103417798613,23.394089353349955,22.848055973704636,15.153858035395926,23.449559058127278,27.346134682716688,24.01859853680534,27.219305797724452,-3.2007072609191134,28.41095131319436,28.31274277606184,28.47567173130069,0.0982085371325212
1985-05-16 12:00:00,26.487513022567846,26.529349397592387,26.838267729462263,27.236496730748346,21.031620921783368,19.794128980166597,23.777285657884896,23.284787664690086,13.512982596037304,23.901431109451863,26.897268726668845,24.466980048998398,26.6076295189261,-2.140649469927702,28.443069526915615,28.264426311011178,28.12980720798606,0.17864321590443666
1985-06-16 00:00:00,25.297011906860835,25.41033553050553,26.44746047979506,27.26645045183443,21.960953026296412,20.673334381927006,24.309630933231638,24.039208170383496,11.802052587148307,24.485746019962388,26.14385855625015,25.16777010785749,25.577925922597228,-0.4101558147397384,27.661839115001005,28.137644608074975,27.294955616405254,-0.47580549307397035
1985-07-16 12:00:00,24.395165251622945,24.13311018173336,25.313627946547168,26.78991073279255,22.65010666767018,21.390777148406524,24.82897597972337,24.712059229605337,10.660919449553614,24.92241475252052,25.425501691737537,25.64725982934623,24.584323941345367,1.0629358880008617,26.893629421632163,27.934365563478693,26.62979644086147,-1.04073614184653
1985-08-16 12:00:00,23.70946265197292,23.047044807957455,23.656528354315814,25.868932855165305,23.255875365310303,22.011432273990728,25.268775215642805,25.17924004417105,10.09237454829787,25.27944356811914,24.986573289589256,25.9460158058037,23.852374374674373,2.0936414311293277,26.825861237386942,27.73552735816749,26.623716168781424,-0.9096661207805496
1985-09-16 00:00:00,23.48422490792443,22.936860193087693,22.92331158567281,25.08014913116116,23.485991908600813,22.209212331322096,25.633322738557478,25.606685759559625,10.38894170360288,25.574195495339982,25.002312575162232,26.284513421668514,23.76883927714759,2.5156741445209256,27.036120995939815,27.815453703594123,26.95427895535146,-0.7793327076543086
1985-10-16 12:00:00,24.1453178768296,23.703134373696155,23.385149901078798,24.94214984352835,23.292040201175237,22.06086913961163,25.525213489904075,25.510106007339726,11.35213841088431,25.49760206052869,25.4636530757352,26.229341853862334,24.262077542047837,1.9672643118144961,27.373203775056115,28.10277936001603,27.425709858083962,-0.7295755849599139
1985-11-16 00:00:00,24.637211590564835,24.36207816317739,23.93802101282736,25.056301304648464,22.564662565388872,21.439250936477574,25.079008643312452,24.86852798882222,12.977956258746316,24.99636720051253,26.00244802953469,25.65331680655082,24.9608636090062,0.6924531975446193,27.4325888030224,28.046576487897624,27.49033703571179,-0.613987684875223
1985-12-16 12:00:00,25.042202952515407,24.37145606530312,23.96748637655876,25.290443830982667,21.51561949894946,20.463270298183676,24.350832002533505,24.04567955808362,14.981306819764004,24.262727424306533,26.405388045241878,24.924933459030672,25.610268394686273,-0.6853349356556002,27.257332816358943,28.097899254550914,27.535489605708605,-0.8405664381919706
1986-01-16 12:00:00,25.673791420637365,24.97580282649298,24.464246913106003,25.646989145313327,20.579021546977263,19.565509840420955,23.66183904589333,23.29551474329492,16.254149146329407,23.613359477468613,26.806548689378815,24.2960840197398,26.271260918071683,-1.9751768983318811,27.04371326359994,28.160415598246647,27.58096983397667,-1.1167023346467069
1986-02-15 00:00:00,26.417681907616206,25.447759273009027,25.465235217065732,26.041606617899724,20.03759451013581,19.053585761019292,23.312664738473988,22.8885155400235,16.78799892215158,23.313654859760717,27.15810078388412,24.00372884036962,26.853247051331344,-2.8495182109617225,27.240401272415728,28.267964276810236,27.78687613861412,-1.0275630043945085
1986-03-16 12:00:00,26.73607644895576,26.33807465993351,26.28729020766955,26.539849149901126,19.975318073087685,19.051964028722516,23.413245470706723,22.93664631270583,16.590260990871087,23.424740415510264,27.46348919654557,24.080958075936188,27.200500523809502,-3.1195424478733145,27.836436207234733,28.410877318057004,28.235371397659943,-0.5744411108222707
1986-04-16 00:00:00,27.002587925564296,26.94447527764689,26.85128406872243,26.86609477913683,20.40249042637305,19.391818893331195,23.619523363332824,23.120806956304655,15.455157495485603,23.67352870288577,27.46478148400723,24.271635539689115,27.139715532605507,-2.8680799929163925,28.446411900864295,28.44849248400299,28.559326093521044,-0.0020805831386958573
1986-05-16 12:00:00,26.602956507561213,26.8464686374486,27.096557901847426,27.321028080710036,21.204869017994096,20.035619601821825,23.998705654291037,23.50683427608137,13.693982144949278,24.087617862810443,27.000343846917747,24.648541633218436,26.364483549304886,-1.7159419160864502,28.55522343192538,28.32312287723214,28.367653082121507,0.23210055469323976
1986-06-16 00:00:00,25.388233694095263,25.614723678479482,26.7022462227176,27.44147060817533,22.08790499957421,20.79427421294879,24.433713956818718,24.08694118193577,12.159111756402238,24.57233806282429,26.211567701472113,25.206474873861534,25.26023068575132,-0.05375581188978629,27.785532158469582,28.21534945464974,27.530632269068008,-0.4298172961801576
1986-07-16 12:00:00,24.069483721888847,24.029590694764675,25.21829609129724,26.92935319333198,22.726499397504156,21.455651515517925,24.88100749332954,24.66846144923611,11.008926642107616,24.951915155365953,25.45518126367654,25.62548962597218,24.353157106621502,1.2723325193506767,27.019873752886483,27.964576010618053,26.73609712946744,-0.9447022577315707
1986-08-16 12:00:00,23.44542641537618,22.995048741201977,23.565261938650984,25.93098069046666,23.297758202550828,22.05870933537224,25.27813271457932,25.132149325007223,10.488946130321608,25.290797271900193,25.00984978917143,25.9368175868927,23.691411025658535,2.245406561234166,26.846643724176943,27.77373250694974,26.646961818955923,-0.9270887827727989
1986-09-16 00:00:00,23.576597368279202,23.1493823154014,23.035350746181244,25.11363831808199,23.539926345415676,22.27220707112957,25.60386329688352,25.553462271484392,10.708573767697082,25.579343243099377,25.033907999853792,26.259192571279456,23.659470800563437,2.5997217707160196,27.08443779290491,27.919804166697247,26.980528976243,-0.8353663737923362
1986-10-16 12:00:00,24.04508788359802,23.803394178602044,23.395576483487744,24.773686742399523,23.464447642605972,22.24930777547822,25.581643737096282,25.557324699988186,11.705366877010126,25.583390150523915,25.436391999437586,26.290005337617323,24.245715552208836,2.0442897854084876,27.41617581698098,28.17061945693037,27.415465816144835,-0.7544436399493897
1986-11-16 00:00:00,24.647998425462593,24.40451067649798,23.88225286670651,24.8432115662438,22.761166990083943,21.674257496589682,25.1567867672955,24.941561188815946,13.128990630339032,25.127354186973207,25.9761029530661,25.73056588952626,25.072839183055326,0.6577267064709353,27.5369937386034,28.12625532093111,27.64196468021581,-0.5892615823277119
1986-12-16 12:00:00,25.05049475356861,24.64944679242976,24.254355632408483,25.247566485366317,21.754449169162445,20.769853552882637,24.465261753818364,24.107156208972857,14.820600354456403,24.400256200425975,26.425504522000654,24.99010551254861,25.8275551803781,-0.8374496678294889,27.335688527704853,28.159596408287047,27.647081515461306,-0.823907880582194
1987-01-16 12:00:00,25.79462118214792,25.28286731577762,24.834431813627745,25.642895688681314,20.83731310471863,19.817074591054478,23.724019051661255,23.281641103562706,15.954294389828775,23.694697902953745,26.799033447011702,24.288321309300805,26.476982175804448,-2.1886608665036427,27.120847135013125,28.181662571455323,27.634052234796446,-1.0608154364421978
1987-02-15 00:00:00,26.59028409357649,25.793977022742638,25.688848726973422,26.16812226251321,20.29239729553462,19.24899194597348,23.389128454895705,22.874040825217033,16.738599964166216,23.389021370840926,27.171968495955372,23.98676168824957,27.038477052970652,-3.0517153647210833,27.30237673817204,28.314824827939145,27.800239968293866,-1.0124480897671049
1987-03-16 12:00:00,26.83197143676371,26.406678720815123,26.295721616672303,26.628214714680887,20.1603561365521,19.20080912054778,23.376945065219143,22.84232751567092,16.413844626177596,23.40482306042688,27.470207248176962,23.989505821629244,27.361111141052074,-3.37160531942283,27.895632761420043,28.413621326538617,28.25035750054219,-0.5179885651185749
1987-04-16 00:00:00,27.06239345477174,26.873084703369354,26.775826733085992,27.015207477625243,20.53673417141924,19.506816392303502,23.632629456780336,23.078573516137357,15.268364145383764,23.673900345202842,27.45432215767239,24.20860273800674,27.254579579293672,-3.045976841286933,28.580510939002348,28.369270952300543,28.662405339946083,0.21123998670180555
1987-05-16 12:00:00,26.288310126886625,26.639729002559267,27.07452378302731,27.450259855545646,21.20643395976716,20.004127325889293,23.94079991170706,23.417157247370614,13.670648177751303,24.026813137715905,26.99061421353274,24.552828648424278,26.548841006528868,-1.9960123581045899,28.638496896424847,28.282380144184913,28.356032521003378,0.35611675223993444
1987-06-16 00:00:00,24.764508543940003,25.367199931624654,26.466567433804983,27.38862134860827,22.05027719813107,20.734343378150665,24.382406514492693,24.03137496331746,12.033887707391749,24.52803630883312,26.190192760671472,25.161495657003357,25.587763195775707,-0.42626753877235046,27.801278425519474,28.245059099805506,27.473668528717972,-0.44378067428603174
1987-07-16 12:00:00,24.19166510753696,23.886354444060842,25.05106648267447,26.685825236540637,22.74203567606691,21.439772612400688,24.858081159155862,24.69146336866772,10.816314246289204,24.95256019471281,25.445266389720146,25.64342730650339,24.626656568128837,1.0167707383745537,26.99598947961471,28.033763360813538,26.771004834887567,-1.0377738811988273
1987-08-16 12:00:00,23.376252230360087,22.82272246621751,23.380054097626903,25.67941388632203,23.31830315076767,22.0584712161308,25.343231893966255,25.277052384276697,10.235508911169648,25.350967737207746,24.99113658415863,26.031290761216606,23.885785554512825,2.145505206703781,26.849930886370394,27.863890517638822,26.68305455820766,-1.0139596312684276
1987-09-16 00:00:00,23.439902236817712,22.818915213053543,22.6992329697127,24.850965931590668,23.521677866871517,22.299153340816297,25.718618661659146,25.736975928418666,10.460115980747437,25.670984459493333,25.009628999463615,26.39526589875006,23.838258065577808,2.5570078331722534,27.079269345989054,28.03734438721176,26.961198233264863,-0.9580750412227061
1987-10-16 12:00:00,24.21864309883037,23.62262090236727,23.163915015195666,24.637448100999105,23.37301823907555,22.213939691421274,25.662639346912606,25.663702562909556,11.30112494697418,25.640623413367898,25.453105636661075,26.38093174513776,24.410285341711987,1.970646403425775,27.356631145673184,28.182235497126577,27.327215405115933,-0.8256043514533928
1987-11-16 00:00:00,24.646822487474207,24.268025660541717,23.821459210294677,24.87085198117218,22.760572678600617,21.71864039672362,25.230976613235562,25.087825691001285,12.823821186124913,25.172170646245586,26.01103259713978,25.847751036037447,25.135806573282764,0.7119444627546834,27.448075553968657,28.190798060074133,27.425240640985848,-0.7427225061054763
1987-12-16 12:00:00,25.12116627345633,24.3617440867972,23.979379071561397,25.199412033555628,21.749107514106008,20.698120205431447,24.523576777661127,24.265901722794062,14.722955649519493,24.46002224541193,26.43422415125582,25.121963679993954,25.807343765138356,-0.6853800851444021,27.255931987414627,28.162617316176107,27.53254214200992,-0.9066853287614798
1988-01-16 12:00:00,25.851607033436725,25.05306385856388,24.508722404727486,25.675456612249835,20.78578992736897,19.733474294328794,23.78951293851841,23.46645366707851,16.010598031080107,23.77887992055557,26.817059195548577,24.46684060612915,26.47347979540757,-2.0066391892784203,27.073583981821816,28.258836091821728,27.57063868013003,-1.1852521099999116
1988-02-15 00:00:00,26.64419337777364,25.900972957302148,25.668588750483586,26.131128559077233,20.236657369515388,19.194502886630275,23.412926324036587,22.986626627818087,16.556107214950682,23.42979854667176,27.204821463180824,24.117287909528965,27.08896361497778,-2.9716757054488134,27.283600513369738,28.31131379575203,27.749248474015207,-1.0277132823822939
1988-03-16 12:00:00,27.003409865928983,26.46087600781663,26.46729294577343,26.59913037954817,20.117424282051417,19.063259478230663,23.4369830042663,22.899196470689596,16.38726284759875,23.4428153642524,27.496751372663734,24.089525270798404,27.46300028467016,-3.3734750138717544,27.96135503928459,28.49647924876236,28.305369942626594,-0.5351242094777682
1988-04-16 00:00:00,27.122188031804505,26.96864859384404,26.876597530894482,27.01823438537588,20.411907760780494,19.263808686725532,23.609032241567927,23.020449046287542,15.165982888604574,23.618891770701552,27.501236966065363,24.204524316350444,27.31489699116053,-3.110372674810087,28.64105616670588,28.46581029349351,28.718418985609812,0.1752458732123685
1988-05-16 12:00:00,26.82181089555857,26.84971229031801,27.203090661303378,27.440210778662006,21.08306552273065,19.73582523876338,23.92366607380057,23.349759067205998,13.538243703860699,23.988151214720858,27.042742419449386,24.551570836915566,26.56875747445527,-2.017186637539705,28.651237176354357,28.38612294433066,28.372123729310697,0.26511423202369855
1988-06-16 00:00:00,25.43029910035845,25.305867961917603,26.43690064372888,27.50324297989463,21.894270452135054,20.48796498829631,24.42030869432557,24.05968022354336,11.952550626706323,24.5366059342805,26.24569966197145,25.198863264747825,25.44037642241359,-0.2415131576657643,27.91344862690426,28.299221656086857,27.616423743333776,-0.38577302918259804
1988-07-16 12:00:00,24.13215857471399,23.942842136428897,25.03059380273827,26.7358095580931,22.61351316962489,21.28091994749654,24.911499630907713,24.737267250139947,10.777381043720734,24.98250076133303,25.496131868419457,25.70740953732458,24.424487412458248,1.2829221248663316,27.167725263785844,28.115796124822342,26.921255451702002,-0.9480708610364985
1988-08-16 12:00:00,23.44740843136176,22.891178896788123,23.415505024585435,25.744283598155842,23.20302169338682,21.920639064426343,25.336242500477542,25.249668552590496,10.308447080557244,25.326769296226654,25.04934726000946,26.038448961439006,23.656164655872054,2.3822843055669516,26.961634149268072,27.94376052003931,26.79062199591854,-0.9821263707712369
1988-09-16 00:00:00,23.452047072191107,23.01122149975005,22.831490768545834,24.90035498016145,23.46574657397816,22.188494022814787,25.720169907362763,25.722038130732546,10.60104917893472,25.643331218472206,25.065087771268374,26.409426283508136,23.598373913129972,2.811052370378164,27.189263648011043,28.054951652638554,27.11602997556704,-0.8656880046275113
1988-10-16 12:00:00,24.157083723044277,23.73313546332707,23.311101523402833,24.768791479703157,23.3746182851075,22.136212685026514,25.65929034375228,25.624164144358062,11.603057087708713,25.609431165675304,25.497967392593218,26.370991566185996,24.201433928850157,2.1695576373358385,27.545679529526883,28.235024151405177,27.537590549479642,-0.6893446218782948
1988-11-16 00:00:00,24.710115995514496,24.15424262498532,23.833332288482662,24.939457325134548,22.73880937293349,21.544778228370404,25.18860935066382,24.973023717239922,13.211796236313647,25.11745854969227,26.035245933785017,25.76764945751482,25.0777944242931,0.6898550332217219,27.747092241072565,28.23667491722862,27.77958818764915,-0.4895826761560542
1988-12-16 12:00:00,25.195228358214777,24.214108606510482,23.766700124416133,25.19509693417017,21.724874561199808,20.584680062390035,24.46903278070254,24.150351173807625,15.04839360625741,24.396717936004094,26.466391400668655,25.040937942031462,25.83578518469307,-0.7948472426616071,27.547804728514535,28.262779694581088,27.837088906065997,-0.7149749660665528
1989-01-16 12:00:00,25.87053945354312,25.154357695523647,24.55202326206292,25.603803459680776,20.80609641663125,19.708372314448567,23.75838358300485,23.404494900710606,16.10482409798259,23.74257103357766,26.864576528229634,24.428001417211036,26.548619996373596,-2.12061857916256,27.33097563669739,28.354962663595295,27.877837598467625,-1.023987026897906
1989-02-15 00:00:00,26.620557099367815,25.867031709447456,25.669664833877313,26.06833476112222,20.309478720994456,19.327878225467575,23.433071546151954,23.023387620308537,16.666602573268545,23.46422274982259,27.238151931491906,24.13394431084455,27.08680425247746,-2.9528599416329087,27.449745156693947,28.514537950134457,27.99269204666902,-1.0647927934405104
1989-03-16 12:00:00,27.084373246281874,26.46609398060802,26.372579126389113,26.590339912197138,20.23512315402104,19.335662541035944,23.527899659471732,23.07074484395597,16.52168491112738,23.550524310835208,27.523197811305984,24.188390892436384,27.417358552398504,-3.2289676599621195,27.952651093196046,28.536086942618688,28.307841570087344,-0.5834358494226421
1989-04-16 00:00:00,27.140995160813606,26.942931522187585,26.77875280876379,27.008220143321804,20.503903670269878,19.5582127998161,23.712343311069667,23.182465038882384,15.472953085536705,23.734856954689146,27.527730878369155,24.31872646291534,27.363648054035252,-3.0449215911199126,28.59673172664335,28.54506199257989,28.676230531026576,0.051669734063459316
1989-05-16 12:00:00,26.556380155769382,26.658051191109198,27.03786854912519,27.398230253323415,21.11589624185038,19.9943705739928,24.028799315039887,23.472062935526555,13.793445933514166,24.07009671093791,27.044152653203604,24.63115591787719,26.55434935783867,-1.92319343996148,28.652172374356695,28.43846258190938,28.397791202571444,0.21370979244731458
1989-06-16 00:00:00,25.43053960075479,25.496927577326392,26.525890215384766,27.427884934425695,22.0042075838874,20.7093382913017,24.532860586888358,24.15170061210556,12.138098258660888,24.611431925430487,26.27814573252246,25.269738507615845,25.446811388751982,-0.17707288113613728,27.929459442520667,28.347670442593863,27.653182279148023,-0.418211000073196
1989-07-16 12:00:00,24.484842405079394,24.255785517614946,25.32815124775498,26.898688625426278,22.665086130046827,21.41013237457223,25.00800635331126,24.802290498717984,10.971292470383046,25.03105128814696,25.556946187015946,25.7478955652351,24.407402392643387,1.3404931725917137,27.15024619931614,28.15622853806452,26.932751464520337,-1.0059823387483817
1989-08-16 12:00:00,23.69282235029544,23.27561391049402,23.787902370416415,25.973216714958905,23.297109413387894,22.034621569871753,25.43216780900194,25.289249045058497,10.568330010587152,25.387362884154467,25.12489001399927,26.067390736513328,23.728859636689617,2.3385310998237117,26.937050894212465,27.934293091781157,26.797599392175282,-0.997242197568692
1989-09-16 00:00:00,23.54299466205785,23.178950765266016,23.14573063572797,25.142837031312666,23.524276593939376,22.247346478882285,25.698311023738565,25.63184678388849,10.703336857599698,25.63139457476537,25.13599440064437,26.350514519906387,23.643924010346574,2.7065905095598133,27.173242057929862,28.103492871143445,27.116892990430863,-0.9302508132135827
1989-10-16 12:00:00,24.063090708105957,23.839692900478003,23.48390103359019,24.837890308399228,23.44331501165186,22.242294733294155,25.618123281341614,25.579593444175394,11.36945857251508,25.62240468552407,25.558883106422464,26.332284458298773,24.220064741393976,2.1122197169047965,27.45756760016187,28.384201179770297,27.53567448934761,-0.9266335796084277
1989-11-16 00:00:00,24.813252053411258,24.49662878003504,24.100568261197274,25.089968954324828,22.8108775961079,21.670556852210616,25.154924659948637,24.965811296362116,12.82821637061428,25.125988668513934,26.094591134563085,25.751808711581972,24.953731520133356,0.7980771914486162,27.54449005005189,28.27699469140658,27.608586380730642,-0.7325046413546872
1989-12-16 12:00:00,25.25913247718462,24.82497942539119,24.379849569347776,25.428943171738254,21.82713274715909,20.746217802132126,24.502619981116457,24.16463166618776,14.798044206132955,24.435918346671887,26.5349299378835,25.027626675512284,25.592116894502873,-0.5644902189905885,27.402024085050417,28.176214833637147,27.62907432734304,-0.7741907485867294
1990-01-16 12:00:00,25.909757773322422,25.484929929106862,25.086304227800262,25.881617276411152,20.91948150648533,19.81178456597271,23.730332711983593,23.307494667591115,16.315515668373337,23.72421901857528,26.95319446266471,24.338454714993524,26.369343684879574,-2.0308889698860497,27.1740884660438,28.29384879789292,27.683046459108244,-1.1197603318491218
1990-02-15 00:00:00,26.627857822451304,26.061519264369142,25.989712338510163,26.313205413812184,20.403309377115978,19.35558033106717,23.31647588398452,22.860111663350455,16.991241587258504,23.371429053936524,27.31094942786537,23.985398612367852,27.013335167961685,-3.0279365555938327,27.318702475264004,28.377285900086232,27.76355098324911,-1.0585834248222277
1990-03-16 12:00:00,27.101912882914977,26.617026987953892,26.56318395297325,26.72388848419858,20.283417410757195,19.248804515593356,23.28458880685291,22.76968354107474,16.672369612308202,23.362553374920143,27.579961080219327,23.94118786685643,27.36965956964711,-3.4284717027906773,27.992529268842496,28.47226181207723,28.337065212245676,-0.4797325432347357
1990-04-16 00:00:00,27.26481658740799,26.989349981457433,27.004277567499138,27.19161895030688,20.552203239511964,19.460708717865643,23.534227297454187,23.022848549782122,15.715193301152986,23.628190125046157,27.56768047729065,24.200046850597573,27.299065626555283,-3.0990187759577097,28.6512352456256,28.45063869432735,28.66958480348594,0.2005965512982506
1990-05-16 12:00:00,26.63494224735853,26.66208154570751,27.145525153921557,27.62673338350294,21.15554317275679,19.875244403042203,23.87485042459709,23.35162909191874,13.973669871526317,23.989342481007007,27.10814860615611,24.552176139407294,26.56526817541473,-2.0130920360074356,28.78898323067403,28.42664000245625,28.483036747379575,0.36234322821778164
1990-06-16 00:00:00,24.986188738999406,25.312587250041137,26.562455665722172,27.639484352653554,22.024843045098606,20.67806989528636,24.347301029307822,24.024388138291666,12.175848374189298,24.51523200490745,26.312853557463967,25.17690823609488,25.567889424780713,-0.3909811886858314,27.90081373105222,28.381860064301474,27.631380441163802,-0.48104633324925317
1990-07-16 12:00:00,23.787437418349242,23.759702244096623,24.982650502777854,26.83480129749695,22.799881188483575,21.544412768505893,24.907811159397433,24.828808780961555,11.049834970198122,25.015907450970097,25.509862327964786,25.774765493964615,24.615691304813407,1.1590741891512089,27.103440181322803,28.111062461916763,26.878937480567732,-1.00762228059396
1990-08-16 12:00:00,23.176426768663625,22.710505613258757,23.313077786448023,25.7014354966013,23.5073963577635,22.249197287414525,25.366724888697632,25.31798065655828,10.608910239484178,25.405484246278462,25.04617254682465,26.088711507997125,23.927965689627293,2.1607458183698327,26.967215390059266,27.918399391753933,26.788721447690804,-0.9511840016946671
1990-09-16 00:00:00,23.273728462744934,22.688309389631833,22.65118692181216,24.844040385390475,23.73557268819705,22.474381135551923,25.824902950791618,25.868217680693462,10.80829883542248,25.77806411679525,25.048036633295297,26.512542310601724,23.814036025300904,2.6985062853008195,27.189669245221662,28.020823744721596,27.114325239214722,-0.8311544994999345
1990-10-16 12:00:00,24.185690081017416,23.546456288708253,23.137057771884997,24.68275998247079,23.582974742752004,22.434394718820958,25.80131588691991,25.862554472611784,11.613291195139157,25.772560823690455,25.492066124637116,26.53133108554136,24.267061299066658,2.264269786474703,27.501369746139027,28.17049664703079,27.517529591755604,-0.6691269008917651
1990-11-16 00:00:00,24.899849404343957,24.218593903697375,23.69318121137986,24.81508471840525,22.931975778595064,21.88208039782801,25.370087305664935,25.24885636052787,13.142571969913572,25.309125624405247,26.03561636169278,25.971119222684766,24.917032295175005,1.0540869275097613,27.61526301021659,28.187053249629837,27.682892127861606,-0.5717902394132466
1990-12-16 12:00:00,25.366971454625293,24.539224056336298,24.031468356626394,25.216249164536425,21.903377295697695,20.893679824301866,24.715368920159857,24.42736108425214,14.738950995920648,24.616428431147234,26.468739656737252,25.238196717872004,25.658851026749844,-0.4206543088778396,27.404770628371164,28.18228326585708,27.739008276848708,-0.7775126374859163
1991-01-16 12:00:00,25.94169561490262,25.41085467191642,24.857201376489122,25.819680401096655,20.971614383084017,19.968648660119225,23.991730547487908,23.577926669631164,16.299672817274292,23.92284959440082,26.87790163806635,24.539185067513476,26.378354082241867,-1.839169014728391,27.15299614308327,28.26047753831018,27.64973880174089,-1.107481395226909
1991-02-15 00:00:00,26.5948640514302,26.197710422510053,25.916076073207236,26.29790585863504,20.351743298575972,19.34367484743745,23.576630595885334,23.06842602845365,16.85640153229634,23.544443328551665,27.284639177657397,24.16098559248545,26.990913162611154,-2.8299275701257045,27.361987837549048,28.32049387470531,27.834591523238657,-0.9585060371562619
1991-03-16 12:00:00,27.047180232052572,26.783929966479857,26.684569002332886,26.78383622889281,20.230576114298813,19.23737598930793,23.53909398469321,22.93909457877117,16.67090240237422,23.52594424768193,27.623632998010024,24.08100095039185,27.333983169315918,-3.2529822189240676,27.9979882907566,28.585288849010684,28.31889587588095,-0.5873005582540856
1991-04-16 00:00:00,27.33936078338906,27.199659395635226,27.061769200495114,27.25249781645851,20.597839760105515,19.542555261080448,23.74979563414563,23.095830212660342,15.671617055792987,23.763305841331725,27.603512110583534,24.244245267806303,27.222302977177616,-2.9780577093713134,28.64244706174388,28.571335566705645,28.673777743839278,0.07111149503823455
1991-05-16 12:00:00,26.957867753938718,26.980127797018746,27.340395798383003,27.691073007649546,21.42594453336678,20.204064651642152,24.15321172538516,23.553580238386207,13.998077894630695,24.22440548388034,27.141069180403075,24.70535249570853,26.509371117139306,-1.8040186214307745,28.71510806262946,28.445283824266816,28.384328792304835,0.269824238362645
1991-06-16 00:00:00,25.718075301238372,25.670517074387597,26.66185817516984,27.617523195791048,22.295990992646384,20.95908186727715,24.62634330539758,24.27558919394293,12.237280133297382,24.76287152735655,26.349815206480155,25.39323222825938,25.449646467738077,-0.05641423947869839,27.85831844582747,28.2879271693269,27.522476476239063,-0.42960872349942747
1991-07-16 12:00:00,24.56028649345248,24.182972937429884,25.30000673851291,26.89003351871424,22.992358926378195,21.68381602970702,25.059397958551443,24.883124920705566,11.092629647423667,25.142392984712473,25.58641001506677,25.8174501194078,24.49637520119996,1.321074918207838,27.13712344793875,28.090788386644316,26.911888268565544,-0.9536649387055647
1991-08-16 12:00:00,23.808990419842726,23.118218685711764,23.640944854152107,25.86580109928952,23.48962471020722,22.224800523556794,25.425055488590885,25.293748314906868,10.557232116735731,25.423401068232664,25.122709155984865,26.04396196862244,23.811542700489497,2.2324192681329436,26.94608853983949,27.866154102233047,26.797664292570204,-0.9200655623935567
1991-09-16 00:00:00,23.709127738661955,23.122583028529093,22.896940374957286,25.017503486279875,23.67728704364455,22.430827249596895,25.77409517955335,25.755538226673153,10.684331422648254,25.70295743806316,25.09069863748195,26.380797893274156,23.6877775207526,2.6930203725215556,27.03779685675206,27.84862425224409,27.001080795713687,-0.81082739549203
1991-10-16 12:00:00,24.050094672909026,23.603559005339115,23.214070430219554,24.768207085782844,23.525394912051283,22.34547148635966,25.647923772631582,25.620351596682482,11.610278924540763,25.624441243366995,25.447433475828916,26.290004707582003,24.235157447592922,2.0548472599890815,27.265730444705014,27.998921469805566,27.39434870163374,-0.7331910251005525
1991-11-16 00:00:00,24.5452268456129,24.166628854476894,23.753679067144102,24.92547828183525,22.80227334840753,21.697041134971332,25.13017954184141,24.93153736734776,12.979367156377807,25.07924136849381,25.917444640554958,25.66529965535942,24.998144675606802,0.6671549797526168,27.241660163370163,27.946621544089737,27.32196101599411,-0.704961380719574
1991-12-16 12:00:00,24.912909792474004,24.373897962458564,23.907916195147447,25.214458989490108,21.772269673088093,20.745905335190905,24.406439813921487,24.089228483533308,14.978027486268665,24.339851670531285,26.314347042781325,24.92009943593122,25.702438196891098,-0.7823387609598775,26.96309681648509,27.975817680041256,27.2363644279514,-1.012720863556165
1992-01-16 12:00:00,25.59885016898957,24.93137748838386,24.48959102585284,25.660207678587632,20.88147567660587,19.910085545272285,23.69142906077861,23.303303334790705,16.08942790397663,23.67109800987573,26.679135375039532,24.25363114839907,26.439567678958582,-2.1859365305595126,26.799839996968714,27.985930057668845,27.308748614325367,-1.1860900607001312
1992-02-15 00:00:00,26.23612143417632,25.507551240718414,25.449347655299803,25.981263104964402,20.35747124854445,19.405932057847988,23.26984941470509,22.883338800677326,16.527730134545987,23.336933194419,27.011453338832403,23.957244448177672,27.0151842342584,-3.057939786080727,26.997390674606475,28.005960050070907,27.481377172891406,-1.0085693754644325
1992-03-16 12:00:00,26.749709050269285,26.040627586386943,26.12076758468707,26.358238747479696,20.22676137898836,19.267112673195452,23.24491156533567,22.805937218905104,16.07615289405776,23.338513111543094,27.285171866966625,23.931629779347496,27.305193094434404,-3.3735633150869084,27.58978166897623,28.1716010327238,27.92701491130503,-0.5818193637475702
1992-04-16 00:00:00,26.744404636874332,26.662552697001903,26.540523177640775,26.658592860798237,20.470511129066935,19.40917995395755,23.4018381727969,22.89447175137901,14.74584230852003,23.490285572149347,27.25979542908429,24.027883684966458,27.104481129765094,-3.0765974447986366,28.208923537868795,28.15745170673441,28.33953817095535,0.05147183113438558
1992-05-16 12:00:00,26.3761613743637,26.656550977435476,26.89070271409115,27.088856988795595,21.08605734546789,19.901328549904076,23.707096348681624,23.20433340572141,13.271331529099701,23.820517717943865,26.809519587071147,24.348104332103873,26.34250919337113,-1.994404861267256,28.35926647031833,28.00072997744952,28.175208793925272,0.3585364928688115
1992-06-16 00:00:00,25.24219394311897,25.470440458871046,26.570786504355752,27.36916663920761,21.94014175078417,20.650206780718634,24.179519396207304,23.865101919116185,11.79032275491309,24.336549193465938,26.079470179301094,24.946461782569774,25.278336754398122,-0.33187497182834846,27.611388254086787,27.925616694566912,27.40064819514477,-0.3142284404801252
1992-07-16 12:00:00,23.99688169398152,23.98643337621599,25.32273842236448,26.885572442603973,22.577473771129732,21.321953900654425,24.705287169846017,24.58843733006006,10.658010449087074,24.800770811160838,25.325943803805274,25.503171425465663,24.245212478465785,1.257958946999878,26.793709916759727,27.793482172497384,26.60726781446823,-0.9997722557376569
1992-08-16 12:00:00,23.544829171963112,23.036885878262666,23.773763289509954,25.99054820118822,23.084472302109443,21.843170017637334,25.143257464851363,25.10849719074328,10.122006515717175,25.13966816370845,24.883136697355567,25.84225517646896,23.584319526803935,2.2579356496650256,26.5871783359926,27.636186042591977,26.462992363711937,-1.049007706599376
1992-09-16 00:00:00,23.513057433754042,22.943642022352588,22.991135471194696,25.169110395785427,23.284786319655396,22.032721608878497,25.46246752207935,25.495984124013827,10.39273175676246,25.39386286062979,24.88831796788492,26.141099377572125,23.48850799591478,2.652591381657345,26.821541221344038,27.720032792237596,26.7938542308606,-0.8984915708935581
1992-10-16 12:00:00,23.917878286464294,23.562880496050997,23.249388568143228,24.929311020488573,23.12677537238775,21.922119108430454,25.34408242858686,25.380191519711772,11.377506107870914,25.321960023658974,25.25554665673311,26.083244308976724,23.99051383721126,2.0927304717654636,27.138935702418365,27.87915620584287,27.182417334819377,-0.7402205034245064
1992-11-16 00:00:00,24.346260598552202,23.932344214542443,23.563910472678856,25.006294578240592,22.462983341145048,21.331897449341856,24.845560897911994,24.672482048871853,12.975377404515683,24.817512751345472,25.724411787415224,25.447721466446428,24.73413635165777,0.7135851147886569,27.18725036032692,27.777678233737674,27.261873202503434,-0.5904278734107535
1992-12-16 12:00:00,24.707577947536922,24.08975652510163,23.809285941560393,25.220177069550918,21.45361881233667,20.399424100677024,24.153958794568684,23.86774732985826,14.79429523967841,24.109000095049534,26.120687757303234,24.731389426440952,25.40566289018885,-0.6742734637478982,27.019417803859895,27.727797330044126,27.29549393473018,-0.7083795261842312
1993-01-16 12:00:00,25.390563892676866,25.08729031500454,24.53200168578291,25.591483342196906,20.54097208237876,19.56750977420032,23.4724593789365,23.111475079876186,16.155450920673072,23.45623233449242,26.53295497423678,24.09883597066977,26.147644658980226,-2.048808688310455,26.840743789697992,27.81218378264473,27.319368939747186,-0.9714399929467383
1993-02-15 00:00:00,26.187423513920564,25.81316527104256,25.62664224285865,26.068098197765288,20.025064582937638,19.098422734305288,23.124219082665174,22.68626114704575,16.58254955735923,23.147938202693183,26.960176476064916,23.772007782720305,26.736811298898864,-2.9648035161785593,26.959773180078017,27.973632120451832,27.443356925672752,-1.0138589403738152
1993-03-16 12:00:00,26.699633822051005,26.25449668202346,26.107022323376878,26.425628186513826,19.9451066658527,19.11846579431108,23.189373429286665,22.689647322158844,16.10949729657704,23.21551908082361,27.22075912655809,23.79738849237147,27.042259936279386,-3.2448714439079147,27.57770223378262,28.077374499063044,27.895663502237632,-0.49967226528042374
1993-04-16 00:00:00,26.797557956769655,26.795479908075414,26.678302871434664,26.787152100105445,20.30367977811519,19.461795569091336,23.510141417632422,22.971259388627995,14.980899937729259,23.528458295291536,27.204527049252025,24.05774776307794,26.927650023575676,-2.869902260497735,28.29151755736288,28.083644880674047,28.396333559956936,0.20787267668883302
1993-05-16 12:00:00,26.143041156294956,26.44242040008919,26.795011713844207,27.165467719783013,20.991309926336974,19.856052835470873,23.822028153482094,23.264509734355194,13.413762024397544,23.85957920169263,26.72260303563135,24.36590395862323,26.234263361527585,-1.8683594029043533,28.415668261094087,28.008227529158372,28.17358975014422,0.40744073193571495
1993-06-16 00:00:00,24.634573707188984,25.079615740902522,26.17646668573416,27.122648049075597,21.84058382670867,20.532579828538953,24.203990264457694,23.7691977556234,11.7852849795841,24.300907495205877,25.934934665813994,24.86967961333883,25.219324702331928,-0.34964508899309976,27.672824141790795,27.927136756002668,27.36412584323634,-0.254312614211873
1993-07-16 12:00:00,24.090108668847186,23.679255833129005,24.78407247142117,26.41363676057822,22.49092066822786,21.17246673308766,24.616568588994575,24.32520483817753,10.54958468848274,24.678978721259227,25.20394911052906,25.2917130436069,24.27741378479285,1.0142992588140523,26.84034741099431,27.750143653961754,26.587047508725593,-0.9097962429674453
1993-08-16 12:00:00,23.56740748067487,22.74128344762459,23.21214567333675,25.46386104197933,22.997193023402357,21.723257994712903,25.05597961484751,24.8692168131521,10.144951807399021,25.03396033286202,24.793765865649963,25.650625234178715,23.58455010218731,2.066075131991404,26.6660911216144,27.63464118969631,26.491764433999247,-0.9685500680819104
1993-09-16 00:00:00,23.165238368998416,22.77782702048943,22.62405871121681,24.620711500902686,23.239355444642904,21.953307609046746,25.420350088453265,25.359947989710584,10.28696426735494,25.35251683410026,24.792675878231027,26.047050230759833,23.492605964649115,2.5544442661107176,26.85184538770664,27.72496406152015,26.78033832784875,-0.8731186738135115
1993-10-16 12:00:00,23.782811339799444,23.44835505955759,22.96924070461187,24.439619662579542,23.099157818923686,21.82554955354623,25.34006561185136,25.315425976885294,11.231116724172818,25.301417968224197,25.220320519942216,26.029148738073093,23.976266032681377,2.052882705391717,27.204634078490074,27.991973916739738,27.224216915253702,-0.7873398382496646
1993-11-16 00:00:00,24.320053319735575,23.958017440036336,23.579163481100824,24.733798833007434,22.410490959834654,21.19785359575832,24.895455833393587,24.677736875205344,12.680646865877087,24.818815719531507,25.764209483158744,25.46607293865609,24.67371795198378,0.7923549866723114,27.316181569472384,27.93667675498637,27.298141651839863,-0.6204951855139846
1993-12-16 12:00:00,24.797825356653206,24.046554940672642,23.70858647409197,24.990943707423742,21.434669306549722,20.25418630081751,24.20240816156218,23.82324782638912,14.722239836245231,24.12168886726396,26.192414213237168,24.729747903292587,25.416114539253012,-0.6863666359604252,27.14367379046771,27.92404660463994,27.399637045394858,-0.7803728141722317
1994-01-16 12:00:00,25.42353820570805,24.801105645248995,24.296402503631736,25.44962894763568,20.523037853952438,19.448575190870297,23.564010084084654,23.116381988614723,16.32319912993607,23.515127847613176,26.57698732836791,24.132556560431556,26.247283835071983,-2.114727274640426,26.87438779950144,27.97375265658041,27.357927197660636,-1.0993648570789674
1994-02-15 00:00:00,26.114247804044293,25.552211582977986,25.42578040740418,26.037522330083977,20.050152800509842,19.01244709592392,23.21118255996526,22.718240696136395,16.728592554193625,23.22184415934922,27.004601069137394,23.841318266178174,26.864475528714145,-3.023157262535971,27.102607260851034,28.102603474827784,27.560686743885967,-0.9999962139767504
1994-03-16 12:00:00,26.812653443215634,26.291087417154,26.205557002635455,26.477496495953382,19.960174078843455,18.933182968165845,23.182726586735974,22.575182898790032,16.35737323669799,23.20615175845428,27.35058283485185,23.759529136128283,27.256810612411325,-3.4972814762830424,27.741391056568897,28.305239533530987,28.112554001984286,-0.5638484769620895
1994-04-16 00:00:00,27.098285430448048,26.958136461192023,26.77283672720338,26.841400413518564,20.330745000657316,19.271751071034753,23.435979362584977,22.814947527139676,15.206844298314097,23.48078270664043,27.373315722354,23.98828571707083,27.13837210484605,-3.150086387775218,28.375739262365634,28.31109313710914,28.490783182501357,0.06464612525649471
1994-05-16 12:00:00,26.595409177560228,26.82885740881286,27.155113497013208,27.44703040958101,21.036509248583926,19.878248091237662,23.795713425005037,23.25895177826281,13.389776473994274,23.895891195036427,26.93040328175894,24.427642127101905,26.417964814902987,-1.9903226878010827,28.504299300126892,28.176640038119825,28.23869983111609,0.3276592620070673
1994-06-16 00:00:00,25.297827948046496,25.59156934156386,26.662764939797455,27.57455538925379,21.930065060221878,20.69157340805149,24.288806219581854,23.959246199702513,11.858548539689272,24.445903016022324,26.157345577257935,25.084825346521196,25.385748608619924,-0.30092326209872766,27.76099114591287,28.13330525421716,27.42951924730779,-0.37231410830428757
1994-07-16 12:00:00,24.35523240432651,24.21895898024451,25.36439999068258,27.02267919097669,22.63270928738228,21.442703492285194,24.83556087206738,24.711335540571046,10.70122163685766,24.92409673909886,25.418261101478983,25.641722901744263,24.42612666938842,1.2155962323558427,26.959244764206087,27.908598375337597,26.723691733329492,-0.9493536111315102
1994-08-16 12:00:00,23.776455877364516,23.367437305842035,23.888630498580554,26.0402657242046,23.196544638439377,22.032826464319562,25.30635275432547,25.248786006329325,10.258770060140531,25.29572412041467,25.018905234884496,25.9934167518862,23.736010924547113,2.2574058273390882,26.900437940045922,27.701114169472977,26.742386256822016,-0.8006762294270544
1994-09-16 00:00:00,23.65368338748934,23.27976428586855,23.21487648050896,25.194930945907053,23.538049492444134,22.36749901775697,25.679436798297292,25.702533866383472,10.314120861006774,25.632581668462382,25.04056850144187,26.357315673401825,23.651360363482826,2.7059553099189984,27.177135610379658,27.76206634686137,27.079490835951567,-0.5849307364817129
1994-10-16 12:00:00,24.280866085996188,24.047803740082866,23.645588029296235,24.978622058654622,23.453821871380505,22.298546009759715,25.636608692699866,25.639003295638776,11.22714695266089,25.62705947574384,25.468845402767766,26.346808176008143,24.20688550351102,2.1399226724971214,27.51785144360528,28.01171476494682,27.501675746008377,-0.4938633213415393
1994-11-16 00:00:00,24.750321872889103,24.63002028989092,24.256836607319876,25.131804604532938,22.701897116538593,21.545302660128954,25.151929206658338,24.973319506428506,12.804013100803818,25.10007021733613,26.01212299640991,25.765747240748357,25.0072706431691,0.7584765975792571,27.574847729180224,28.040500481196517,27.616251954427113,-0.4656527520162932
1994-12-16 12:00:00,25.160590851571882,24.96470721870418,24.5521405228771,25.36388885611544,21.716079808454957,20.61082182447898,24.435869470660396,24.116527187400127,14.651537400763115,24.355869402212264,26.481583353468512,24.988021322295015,25.756172973097367,-0.768151650802352,27.312038759570267,28.135617571012798,27.628047712029442,-0.8235788114425304
1995-01-16 12:00:00,25.76223319101063,25.43310438820341,24.929641312293402,25.79787028689614,20.774816892948607,19.743254091802697,23.718116070249508,23.307650668727742,15.933528309565519,23.690778038595415,26.86437422389583,24.31007739459733,26.51468036796337,-2.2046029733660397,27.096731781523317,28.21311447985136,27.616733270281873,-1.1163826983280423
1995-02-15 00:00:00,26.54767178980967,25.8754517025246,25.891863494641463,26.304612912342176,20.255135472002284,19.327373649264366,23.364125852938855,22.942632412960645,16.56765183982219,23.39933942179019,27.225935816188848,24.04118364969299,27.01281065141289,-2.9716270017199022,27.364442416045627,28.30847813668668,27.83598439524202,-0.9440357206410539
1995-03-16 12:00:00,27.006161995844266,26.30127253510708,26.357537378775582,26.72184122717358,20.110937996304603,19.234646682714565,23.337826457012028,22.88519441682469,16.283269632808626,23.399646022014153,27.51636794868296,24.023946793159432,27.28020827433319,-3.256261481173759,27.925216289067055,28.508916810561473,28.277547860506694,-0.5837005214944178
1995-04-16 00:00:00,27.17192079091863,26.885661391453812,26.765518841942754,26.96848501579415,20.369648349978725,19.354548510358644,23.51349538543678,22.978965817604326,15.165527568330605,23.569726470596162,27.493324964473004,24.158498710179522,27.138751044405723,-2.9802523342262006,28.5603060499988,28.4259632339732,28.607595498366532,0.13434281602560105
1995-05-16 12:00:00,26.435324062716763,26.61702715004115,27.023962724198896,27.404233020973017,20.942531263848615,19.743890597207333,23.847594075302595,23.29986173740907,13.367357562215714,23.924906256400405,26.9778134936917,24.512141750027432,26.422396162332653,-1.9102544123052212,28.6380186119262,28.269682989820783,28.334375257215083,0.36833562210541615
1995-06-16 00:00:00,25.175902106305703,25.2089351218186,26.424378388940543,27.438662157782737,21.86197272020662,20.540636324763287,24.298042025049238,23.91760179485049,12.004556072172266,24.43261887799623,26.201917823889687,25.0903948504001,25.409552808657633,-0.31915795825753435,27.905159001032807,28.200989882702586,27.58208071832376,-0.29583088166977944
1995-07-16 12:00:00,24.342502688468098,23.820891753520808,24.993901328843297,26.74387722296195,22.691932889769777,21.350371149801106,24.795548194491754,24.577531476393375,10.834828556633418,24.88282401058641,25.449582777297138,25.56268570271952,24.43523851281177,1.1274471899077483,27.134033491855224,27.987019352997176,26.872372331546604,-0.8529858611419527
1995-08-16 12:00:00,23.531638500627245,22.67337272506903,23.181906160953318,25.59621433057273,23.327822663803897,22.033508358604646,25.229316510510706,25.057061284898523,10.355152716656505,25.238987111394152,24.982777775568906,25.850662767478067,23.653599707624426,2.1970630598536403,26.942765511880836,27.762322309393095,26.750981463004504,-0.8195567975122593
1995-09-16 00:00:00,23.37422184013373,22.74647137284987,22.622685589295386,24.743828235679047,23.45376200812745,22.162372114582542,25.665551607500515,25.620129605924955,10.439346517536046,25.596189173696235,24.9806750615542,26.307966196981983,23.56119791268517,2.746768284296813,27.161982717534066,27.85866418343135,27.063616462116308,-0.6966814658972851
1995-10-16 12:00:00,23.772016844495898,23.335031935406636,23.004144164766505,24.557154898560587,23.30732144690175,22.09500084235344,25.65381214636669,25.656130037083127,11.319360004255207,25.60886022869512,25.376657776665947,26.3660830458153,24.07602897561503,2.29005407020027,27.444774995503842,28.147216285484582,27.426828736973043,-0.7024412899807402
1995-11-16 00:00:00,24.31855544969825,23.823766084917523,23.431176675030922,24.646642020137094,22.62594106838764,21.519676694697093,25.147369040784948,25.009748023386997,12.92869933107982,25.084681903968352,25.891653298858703,25.78991175449556,24.888394373717603,0.9015173807779568,27.486845710987616,28.19541286776541,27.54999148239229,-0.7085671567777929
1995-12-16 12:00:00,24.818634968678136,23.788348923962992,23.450461572719387,24.943277072601976,21.71403314764866,20.623819046367263,24.4788277457372,24.17679268421434,14.692661661799203,24.39412573428666,26.317149570118623,25.050816342499854,25.650815360388616,-0.5999990178887629,27.32594414112008,28.192648317878362,27.67793598627017,-0.866704176758283
1996-01-16 12:00:00,25.327744989416363,24.57439580971622,24.0389760311297,25.400263056627335,20.794093627633185,19.75724367989218,23.76763845218066,23.39444513127855,16.188352597605288,23.743608967457615,26.716097193634617,24.4150545536589,26.449553147082028,-2.0344985934231268,27.10098950533957,28.218189918181846,27.668763262483143,-1.1172004128422763
1996-02-15 00:00:00,26.117389513407527,25.580201608952063,25.256631712807124,25.80127940226677,20.25584285573702,19.257335650047423,23.372872780802926,22.969589946340932,16.8178253805722,23.39891700787026,27.102859609807687,24.10353672330592,27.04530629177788,-2.941769568471962,27.352599809710526,28.24132995898354,27.84281365481245,-0.8887301492730124
1996-03-16 12:00:00,26.788780826902364,26.28164684752057,26.141894475593606,26.293409575821283,20.135184243394324,19.19325460188308,23.388959923047302,22.927303727415847,16.55601271897676,23.42619652083984,27.40096111935027,24.102739199962965,27.29970279704548,-3.196963597082515,27.942382887038722,28.38205065392025,28.231874842146464,-0.4396677668815272
1996-04-16 00:00:00,26.981986675093427,26.919911701132992,26.76161614318986,26.830208259844426,20.496344179840413,19.527497459355832,23.61473517842197,23.128479675276957,15.391299315709404,23.672712635585565,27.410448047279385,24.292394491114266,27.163003270203525,-2.8706087790892596,28.537208582655794,28.417533466374383,28.561219589979256,0.11967511628141025
1996-05-16 12:00:00,26.830006574623166,26.655896780430023,26.987524442864647,27.3552654716088,21.12252286912729,19.934085690657966,23.921562812891583,23.453148048239395,13.69332254219306,24.014434693836154,26.96963348525824,24.63908613630536,26.40349938880006,-1.7644132524947018,28.57091979264982,28.329942380818146,28.266153971002172,0.24097741183167543
1996-06-16 00:00:00,25.31433025127206,25.558210819525453,26.546955110544197,27.41574460978819,21.868663732414007,20.596047335061563,24.386969853802793,24.078396933412687,12.004456468333217,24.495926955520325,26.22162175978192,25.21622736657483,25.392581368873962,-0.17635400229913145,27.802620304199824,28.23604807057088,27.499634599821686,-0.4334277663710573
1996-07-16 12:00:00,24.202354597875782,24.147829043184814,25.23575577808068,26.846262850466754,22.639704214865336,21.397286253649714,24.87197156785132,24.72307859430082,10.711300458373469,24.93297153416397,25.488926308820805,25.685076283822095,24.411462661019126,1.2736136228029693,27.092394244990235,28.00762440877699,26.82731494367053,-0.9152301637867559
1996-08-16 12:00:00,23.614416304529982,23.10680609090732,23.69480760132513,25.84827828877484,23.183619526820863,21.923954571619603,25.345367947979106,25.2888547399634,10.148358477314444,25.30515445097696,25.060635567179492,26.044648205138063,23.67344165124866,2.3712065538894045,26.90726100430297,27.846005964293813,26.758391137422105,-0.9387449599908422
1996-09-16 00:00:00,23.688193430418686,23.236553815917812,23.108801440464884,25.13160187156025,23.498130492304156,22.276005501473158,25.75981220843166,25.83087187797496,10.209166865582533,25.677887887659647,25.096671579306967,26.474154179991093,23.66290094944858,2.811253230542512,27.07624391303466,28.009647191639125,27.016486797747234,-0.9334032786044659
1996-10-16 12:00:00,24.35024744447366,24.146614021024185,23.66299835307343,25.04374158588994,23.47557872131543,22.3775271885643,25.76759399196116,25.850370105233903,11.074593637897902,25.715373576143847,25.550465239017612,26.498635705504054,24.191265564769676,2.3073701407343776,27.44126003402332,28.19485863208117,27.404429149480364,-0.7535985980578523
1996-11-16 00:00:00,24.81833645236232,24.850338984962757,24.350007406076916,25.216744870736395,22.819341148685698,21.79151055215683,25.32530176499201,25.18791015902214,12.667504296166387,25.237785741017372,26.09071319643085,25.91901019082041,24.90698620128739,1.01202398953302,27.516994170429594,28.227668927114248,27.501501318282276,-0.7106747566846536
1996-12-16 12:00:00,25.322732875465498,25.078720047146597,24.50976986637986,25.50994423893032,21.768975232387916,20.792106128009237,24.62546116265192,24.35789238393932,14.381206711568934,24.509101388235948,26.529641161163042,25.19747188967823,25.699786548881484,-0.5023146592032539,27.3887928976636,28.14190090576797,27.647801688055782,-0.7531080081043697
1997-01-16 12:00:00,26.148912254600003,25.62337724519661,25.13047400526211,26.112392058417957,20.851529173629526,19.905390137307393,23.868647469071398,23.528983934498235,15.95708184337622,23.810193700107153,26.946841342175272,24.50270062109845,26.446232157754793,-1.9435315366563408,27.196497372351043,28.319717410456363,27.692364319732352,-1.1232200381053197
1997-02-15 00:00:00,26.753682601739904,26.15774340659285,26.136275625818584,26.65590285937327,20.327620733174747,19.355640249559954,23.459779923713246,23.041958760256122,16.633746869154322,23.466119403750543,27.31939075025201,24.132922903710273,27.051585302161257,-2.9186623984509836,27.449779610210292,28.370487224118865,27.942904771495485,-0.9207076139085721
1997-03-16 12:00:00,27.182667551959653,26.848666075064816,26.822526914766666,27.003082661926047,20.248268144584554,19.299268907265695,23.431245358443768,22.950673402520554,16.478670033481933,23.477829081046487,27.644747508114733,24.100405665595385,27.389917750886827,-3.2895120852914417,28.06859560296948,28.53624009312883,28.427812751954175,-0.4676444901593477
1997-04-16 00:00:00,27.437149991937165,27.337518054331216,27.349177311039497,27.47793984162101,20.662368975471168,19.72280045388024,23.78832931942261,23.25650353356665,15.17492489237938,23.843090186806265,27.65947994973197,24.403361404626455,27.242007371989153,-2.838645967362698,28.727211139113987,28.48392169385557,28.82419156699191,0.24328944525841578
1997-05-16 12:00:00,26.795736758158665,27.086501442691862,27.542588804103044,27.88955437825692,21.34708180330836,20.270288910611633,24.174323318973496,23.677245953423217,13.421004854132278,24.276102734715604,27.190875424869596,24.863882856642064,26.49454050405202,-1.6306576474099543,28.857012479662906,28.441184337316567,28.582616138273757,0.4158281423463386
1997-06-16 00:00:00,25.364110566838413,25.731503472132122,26.708531547042337,27.688374189624387,22.21975676240724,20.97342074967668,24.666839439375313,24.379040419172217,11.965935925986894,24.818058163050768,26.4019395158015,25.528301482147185,25.30089811080713,0.22740337134005628,28.10948890626537,28.332726885870983,27.794813786551746,-0.22323797960561365
1997-07-16 12:00:00,24.689593416703257,24.44733618579672,25.45573122454491,26.945258547967995,22.945333186511125,21.70514972716858,25.16341269366238,25.01822725733965,10.70067407647005,25.20890965180318,25.655122004004067,25.946659104948704,24.31600904573865,1.6306500592100548,27.326381372976194,28.054710305312966,27.07564144539719,-0.7283289323367725
1997-08-16 12:00:00,23.845622686526756,23.366510558728326,23.810518089132202,25.989137862228596,23.4982062827603,22.27190756404082,25.577527358877862,25.481933911859144,10.18693390094855,25.543662962170675,25.18690078511938,26.223507933632185,23.69651507651191,2.5269928571202733,27.143522775457196,27.705537636272997,26.94623726901757,-0.5620148608158004
1997-09-16 00:00:00,23.542028554131967,23.2165344845672,23.086807007385772,25.014123350458156,23.69611254648553,22.463703590868786,25.914698433187212,25.878911480936296,10.44234223998926,25.831598704510643,25.157881103747965,26.548208157688347,23.691998593424408,2.8562095642639385,27.35229164883602,27.721263734013533,27.231966301401428,-0.36897208517751423
1997-10-16 12:00:00,24.249249350078323,23.792568095622638,23.318158599350223,24.71582691828677,23.5802722901645,22.357846397370825,25.845793908390625,25.838552738182727,11.403538936441938,25.78449355946731,25.551463422160225,26.52103696307211,24.226043934743434,2.294993028328676,27.599492601250144,28.031998090810966,27.58494824784498,-0.43250548956082113
1997-11-16 00:00:00,24.814711048401062,24.591948215731616,24.190164156513518,24.95365184949506,22.89096795352149,21.744660837222842,25.33532721691106,25.164384121412738,13.013856620126203,25.257365288461024,26.12984986802221,25.921278700407573,24.989890645228883,0.9313880551786902,27.64828140126097,28.278065971265136,27.72605957790001,-0.6297845700041655
1997-12-16 12:00:00,25.24222467162403,24.611150570910755,24.13579262610146,25.099409192819564,21.80716770788057,20.7294883359358,24.63595232602699,24.323466202052142,14.883065967824953,24.53348170208326,26.510947078075066,25.17881099803528,25.790816750936795,-0.6120057529015135,27.362776378183604,28.27425514882392,27.63164844385553,-0.9114787706403149
1998-01-16 12:00:00,25.94336945988347,25.280819785806834,24.76980530460301,25.619568593601116,20.87599053887042,19.910278693282812,23.954737150374445,23.594786692056235,16.34267446166019,23.90281976720989,26.91266352474699,24.560559090732642,26.578409719188056,-2.017850628455413,27.096353911220376,28.300879756224624,27.553628657216905,-1.2045258450042482
1998-02-15 00:00:00,26.57713349880242,25.803383875646507,25.76782885684635,26.225791092960982,20.321510540608568,19.37369400120701,23.57671920827917,23.127447723767645,16.876339384381097,23.571802396426246,27.287075676408552,24.234832234174018,27.176263330324822,-2.9414310961508043,27.32944686038177,28.335282426502427,27.838345535285516,-1.005835566120659
1998-03-16 12:00:00,26.992416679411548,26.37092575865838,26.40489345507396,26.762736688879066,20.19159335777176,19.205159457135295,23.474283042328832,22.946004414052933,16.734277269326675,23.49858067990385,27.57503372781368,24.126168717569612,27.510133781699114,-3.3839650641295016,27.87359783098174,28.53005262874423,28.23859380556176,-0.656454797762489
1998-04-16 00:00:00,27.12671823187372,27.086451407360393,26.93349047157858,27.066116724335515,20.55698694372883,19.50559478146093,23.716474519576558,23.14758226189015,15.565763423429246,23.76350820789162,27.555558839468336,24.321751534810062,27.377846992812373,-3.0560954580023107,28.58267020187465,28.48758776227465,28.689268829678692,0.09508243959999874
1998-05-16 12:00:00,26.769882485243215,26.77244137891705,27.198927520020685,27.520441050923022,21.210075952216204,20.002783231245612,24.020255117992683,23.527496307554454,13.695940058330526,24.121544844979795,27.10842447877351,24.720010289484872,26.67359703229489,-1.9535867428100175,28.736710626483347,28.420241516996448,28.472018516599633,0.3164691094868992
1998-06-16 00:00:00,25.289497028797218,25.374412480779597,26.458333859095507,27.487772991969642,21.988509301809174,20.71834671475826,24.492659671141904,24.192987741526306,12.083827945550095,24.642680838712277,26.311788844975286,25.347602164701144,25.564031193561437,-0.21642902886029347,27.875099341301162,28.384782528960233,27.57872641076663,-0.5096831876590713
1998-07-16 12:00:00,24.368416685511136,24.00747599894402,25.04473316104581,26.787079733848465,22.699203393603003,21.50540099541055,25.063499175987666,24.979170829912437,10.86617690052265,25.118828123180624,25.560194601984506,25.902322826078876,24.609745056172578,1.2925777699062984,27.18926903816947,28.154524366356725,26.91576511519531,-0.9652553281872542
1998-08-16 12:00:00,23.61869885416435,23.014844410108505,23.56032460992785,25.814996686889472,23.33412713660794,22.14356026700348,25.505873953893424,25.454447549236967,10.326739889051378,25.48612720796909,25.11162316836024,26.206813120864716,23.941383736742928,2.265429384121788,26.99549452788041,27.98834307246752,26.79842033358673,-0.9928485445871083
1998-09-16 00:00:00,23.6519591087782,22.95993429849859,22.861157516619215,25.077519663546955,23.615023974099437,22.405094037599554,25.935825807687298,25.96748078478467,10.453674971209002,25.847092837672097,25.134862587807795,26.61227176916367,23.913217724253187,2.6990540449104827,27.16035776082453,28.085923615581702,27.062601240063096,-0.9255658547571706
1998-10-16 12:00:00,24.262619419816755,23.871100888786017,23.362485608953936,24.819506062059805,23.535197305209735,22.38425353851682,25.903234921201875,25.97570205509604,11.410699630100197,25.84455611982049,25.571010959728643,26.642455987591163,24.470296618183067,2.172159369408096,27.574501198600128,28.325524695975464,27.57181211515888,-0.7510234973753356
1998-11-16 00:00:00,24.589497961702147,24.39071380363847,24.00658544614509,24.999400002641714,22.9036725736033,21.787716664022895,25.364833467076156,25.227419222822647,12.945133255558334,25.285725856079573,26.11067728267078,25.976698949045122,25.288864792703,0.6878341563421237,27.714915989411427,28.34956846064422,27.762619626305952,-0.6346524712327941
1998-12-16 12:00:00,25.11685053436019,24.75185940105512,24.243304991108335,25.333507399917142,21.8618069101879,20.754865693841825,24.653697216015306,24.362727422065493,14.688604911400457,24.557259545613512,26.571328564784853,25.239360856780372,26.035694173723858,-0.7963333169434854,27.489437707289984,28.372491008754984,27.774945484739263,-0.8830533014650008
1999-01-16 12:00:00,25.900316885521256,25.418625865053606,24.74013204673316,25.65031458994436,20.985102418927042,19.910469964662067,23.943270879585356,23.56667138016524,16.259305912198666,23.91039384193843,26.95336353154311,24.571179807799503,26.708538633044697,-2.137358825245194,27.302033700749156,28.49819484811644,27.783951750311612,-1.1961611473672846
1999-02-15 00:00:00,26.532000052120804,25.964384600844184,25.84039749042886,26.238243539164113,20.4967990818042,19.492216506541546,23.63178183853541,23.202592581159994,16.803745645575916,23.64865895645198,27.325114452644996,24.302850187845777,27.249870940799802,-2.9470207529540247,27.501091149777594,28.557109893015863,27.92891801515755,-1.056018743238269
1999-03-16 12:00:00,27.00224836165509,26.43810096330275,26.456931208374073,26.726613178931412,20.399886887113595,19.448831928819494,23.646413992826936,23.18954844430912,16.73680786520854,23.699883647581718,27.606438591543533,24.34215306396235,27.477100309414716,-3.1349472454523664,28.06843046831477,28.570719660074808,28.427842841895202,-0.5022891917600383
1999-04-16 00:00:00,27.199557635098657,26.91259018851481,26.8144099672679,27.025716861336686,20.63773778292469,19.56499170410362,23.79530390175787,23.27963343482269,15.398364691559735,23.841317598179852,27.594700268144184,24.442159771278952,27.340142287617702,-2.8979825163387503,28.667827196958914,28.554955767215983,28.739871393231805,0.11287142974293118
1999-05-16 12:00:00,26.768960702271954,26.877927446739005,27.1344271693906,27.473924025722315,21.329861924112205,20.101416017543773,24.153237438943332,23.672495686951404,13.653407213238989,24.249473490714454,27.172324243650046,24.845854271235996,26.679346543154736,-1.8334922719187396,28.742786298867177,28.45998907230849,28.533877600695973,0.28279722655868866
1999-06-16 00:00:00,25.58315837667028,25.67861583929401,26.732116271263404,27.56343361030763,22.040617658092444,20.716205292207523,24.55981344023767,24.237123558575743,11.92111063745049,24.684885825201935,26.4191443302743,25.3859354151964,25.73172761492501,-0.34579219972861,27.928025900457037,28.429656956281047,27.62969016775813,-0.50163105582401
1999-07-16 12:00:00,24.565450480826225,24.278047076284516,25.380629833949214,26.97696727454249,22.75753949260553,21.462998365312057,25.03352520753343,24.878654888455824,10.694901644307821,25.093031294703536,25.662951718763125,25.828087682803673,24.78342819631959,1.0446594864840826,27.262947330902843,28.131646629373478,27.024176723865832,-0.8686992984706343
1999-08-16 12:00:00,23.75218781422542,23.196784442051616,23.6821383254333,25.90074506240815,23.424627562764496,22.162530261614474,25.498278303709412,25.416542637771343,10.339909225383957,25.48567839095827,25.203425389314425,26.191913886809736,24.005189288410552,2.1867245983991843,27.085544586341257,27.979297404723518,26.9211873439177,-0.8937528183822607
1999-09-16 00:00:00,23.44462786055774,22.999747766757284,22.878662705460467,24.959581920816085,23.663326683868313,22.377871185565837,25.90863059515205,25.906489400040602,10.562134216457686,25.80795865836591,25.17911668282169,26.54293693031151,23.854287938908094,2.688648991403415,27.268336949643253,28.03057118789928,27.202083480631014,-0.7622342382560277
1999-10-16 12:00:00,24.152798732710703,23.85824278874557,23.47984948785452,24.809313935027962,23.549541034426188,22.348018516486864,25.870680025916034,25.918652469402947,11.458640280672823,25.817367222372525,25.60745863563516,26.602890331508224,24.36305597631621,2.239834355192013,27.614974559889944,28.3217178979777,27.668808447040174,-0.7067433380877546
1999-11-16 00:00:00,24.771432395607853,24.558447306219374,24.176940916052185,25.05698485415139,22.913915698576247,21.798319214384325,25.368197234085972,25.26200195213231,13.16039861914373,25.322784112282424,26.144371254987774,26.021170113477716,25.117596332110097,0.9035737813676192,27.63433966239379,28.34248584162647,27.79012182649264,-0.7081461792326813
1999-12-16 12:00:00,25.269542855501932,24.687414766148034,24.160104608890723,25.312380028573756,21.911611747045793,20.802322274554538,24.673391987602074,24.40528358335789,14.971062146778461,24.602339940001812,26.572183518874024,25.256658511356413,25.90357238223117,-0.6469138708747586,27.41656303598665,28.279130738275576,27.74232454692,-0.8625677022889278
2000-01-16 12:00:00,25.992213740207532,25.26151891861116,24.728508730004705,25.92425035511881,20.96168949189741,19.927075865926835,23.946006509828788,23.6093511937932,16.21320255120447,23.91832597468129,26.97541912407487,24.582398172780216,26.739057902215674,-2.1566597294354573,27.269890265613867,28.369702682493237,27.795407538469213,-1.0998124168793701
2000-02-15 00:00:00,26.693421677023544,25.926109351789094,25.85735628102862,26.357783395429387,20.42642853367913,19.42639605011652,23.53845293532345,23.149002525709268,16.910766073836907,23.572113468877465,27.36306501464206,24.24131060649231,27.30404000963105,-3.0627294031387393,27.527537930143232,28.450247514609003,28.06820489857609,-0.9227095844657711
2000-03-16 12:00:00,27.100252200070482,26.7401878051348,26.565719932609625,26.72103015275112,20.360018377824705,19.41423298374234,23.60308632197418,23.07623629998793,16.677973125846655,23.631568009343397,27.67097230376079,24.220130018253442,27.52309915674641,-3.302969138492969,28.05172242482631,28.71287165520137,28.421495425647695,-0.6611492303750595
2000-04-16 00:00:00,27.37933857563761,27.247014214896797,27.148084431133086,27.226052474682238,20.77788871760015,19.79800423540225,23.90130867270855,23.31633543297725,15.625588679542085,23.939180972788513,27.670849123581245,24.45874359576039,27.44618438496077,-2.987440789200381,28.69615432959592,28.65030607672118,28.79000762999737,0.045848252874741036
2000-05-16 12:00:00,27.022879250602283,27.00733133627398,27.368676765393335,27.71861687264096,21.490331485816444,20.339442889496578,24.24919157027049,23.665562451600913,13.836051688765203,24.32570583725336,27.23040994971666,24.826067371326708,26.662491056682537,-1.836423685355829,28.860283221139287,28.482513723414133,28.642960872038408,0.3777694977251542
2000-06-16 00:00:00,25.659487662725404,25.852201293219398,26.887773759946594,27.7672182988774,22.34375586131208,21.014044435938235,24.777679485712437,24.408210365497396,12.075145780732951,24.889598862234276,26.47800809465592,25.53539308496673,25.511178608472477,0.024214476494254455,28.104837403168972,28.371216008883838,27.85955993747013,-0.26637860571486627
2000-07-16 12:00:00,24.697842798943803,24.382657940850024,25.599991410776465,27.156766244948752,23.03770126333966,21.732065534910635,25.248780986621025,25.05482710884229,10.906062976293068,25.288521480996224,25.723763620738506,25.98939912731467,24.542862226875567,1.4465369004391029,27.333815479549042,28.148764253060833,27.077326088510954,-0.8149487735117908
2000-08-16 12:00:00,23.902072428178393,23.485624853389222,23.999642819837796,26.179823654517993,23.64902183602863,22.375237076461207,25.661971230337436,25.538302689150626,10.282123667053114,25.64410850974009,25.28565436204182,26.29556037824027,23.84881906523183,2.4467413130084417,27.106296748698725,27.970086376188423,26.91586950468647,-0.8637896274896981
2000-09-16 00:00:00,23.70432175302985,23.473183291060753,23.38306952179508,25.350789091086828,23.860788400740777,22.609360200486137,26.014289694415304,26.0219264223436,10.48533175471835,25.949609669428813,25.316382579250202,26.687613224952866,23.811378744040326,2.87623448091254,27.349974677624605,28.173123044421814,27.267659501033794,-0.8231483667972093
2000-10-16 12:00:00,24.25435185706074,24.076961451732483,23.791660903472252,25.157034423822036,23.813263735821863,22.677515763713135,26.0155405000952,26.14046209132461,11.290648351901115,26.00085200570152,25.735776894667698,26.80951346557877,24.480982701784686,2.3285307637940846,27.674856043675994,28.404633139408176,27.745421253430273,-0.7297770957321816
2000-11-16 00:00:00,24.923609456863193,24.732259882758605,24.376269482586615,25.30974913700816,23.117527042634553,22.02244438296564,25.46106191042633,25.350028286769383,12.721296466143535,25.418702738160007,26.302485354518296,26.092871683782644,25.26777062975467,0.8251010540279751,27.72287640070666,28.432311221388126,27.765657784056412,-0.7094348206814658
2000-12-16 12:00:00,25.35774196981433,24.93700227082316,24.52373607523783,25.499129045146372,22.084238082098338,21.027740290301946,24.729184600537586,24.488689572755714,14.42443641544355,24.69189104008258,26.738455926136385,25.3617200746493,25.98753272767583,-0.6258126530265322,27.5160006891478,28.43845110304094,27.858176930299365,-0.9224504138931415
2001-01-16 12:00:00,26.13175315225424,25.513332689977112,25.12834230433974,26.019201256567925,21.15549555885151,20.109666905122698,24.034543273178873,23.724168906819664,15.89373048231139,24.045415629834906,27.13511589412654,24.737021700337937,26.697229124272514,-1.9602074239345768,27.24245731706138,28.56845377286076,27.766843580245016,-1.3259964557993804
2001-02-15 00:00:00,26.897480627221377,26.145264199674703,26.072053897868017,26.477543824686528,20.603397782756627,19.617741104550145,23.70161733079852,23.3272134721434,16.851735433649804,23.747537309006425,27.492659625267503,24.44063090271154,27.268942763891115,-2.828311861179575,27.492416228253493,28.524900643161768,28.00507288153023,-1.032484414908275
2001-03-16 12:00:00,27.321246335316985,26.64367552132014,26.75460230506296,27.00515816721046,20.483818193683224,19.56975612563233,23.736446003041795,23.284458216998516,16.399930258398502,23.8067511357938,27.755156939985113,24.43127231902541,27.48391024931457,-3.0526379302891584,28.056465624942827,28.671359331334262,28.40336486292972,-0.6148937063914346
2001-04-16 00:00:00,27.37127898477636,27.304593550302556,27.28853018761594,27.418649749154014,20.770477340224055,19.758431262699318,23.90446933190156,23.373045633135547,15.407470844379601,23.97890050508202,27.742602773018323,24.533000004732937,27.364634040822946,-2.8316340360900085,28.764892602776612,28.638048373733806,28.883027904281054,0.12684422904280623
2001-05-16 12:00:00,26.658784185496955,27.069539019986806,27.50415577442776,27.913936409980565,21.42444374965998,20.267590602706473,24.264996574097115,23.721343153719804,13.527962133681726,24.358634694351768,27.270929168412906,24.908402485681044,26.684599841856066,-1.7761973561750217,28.888619513065034,28.5623979249922,28.657161920976893,0.3262215880728334
2001-06-16 00:00:00,25.488213835534605,25.757972622363845,26.898225966822483,27.844145770219438,22.277005021390185,21.00362778401041,24.795450323874128,24.449784496968395,11.99954905011659,24.93771765793803,26.484269401081917,25.595194391795967,25.673534168125098,-0.07833977632913047,28.144963447038865,28.476525540854745,27.893800229788873,-0.3315620938158794
2001-07-16 12:00:00,24.352865646240353,24.209900820458717,25.498908398129874,27.18802366694423,22.893678987944337,21.635782988158773,25.196161901709196,24.98143453351543,10.843812978487163,25.260364176737856,25.725538958095164,25.967795794797386,24.606241284515487,1.3615545102818984,27.344475855491133,28.26654435034631,27.157688067257766,-0.9220684948551785
2001-08-16 12:00:00,23.592512013404324,23.179666428093572,23.759356074877292,26.117400646915822,23.48086275904549,22.239624282893136,25.619613794217383,25.472584415899167,10.301360461867352,25.587250470042722,25.27119138802721,26.251182908981793,23.87323733659338,2.3779455723884126,27.19906186812089,28.115514644368023,27.05732306147919,-0.9164527762471337
2001-09-16 00:00:00,24.00143727987237,23.34153964991317,23.143848053498367,25.229726308787832,23.778145630377683,22.504357134208703,25.97691020194627,25.918724457360778,10.542373540711766,25.887731278520064,25.310841918084712,26.57615733799246,23.79505283674128,2.7811045012511784,27.331111323464384,28.259402326022073,27.302701018915908,-0.9282910025576889
2001-10-16 12:00:00,24.436019273301536,24.14296241633429,23.582244504045455,24.940671928893913,23.712328172729944,22.499658610807074,25.85591170719037,25.83517948334001,11.56431538931829,25.84099285092383,25.71296933275673,26.555562535372463,24.345118910238014,2.210443625134449,27.646718473328118,28.435304412929035,27.75393872028488,-0.7885859396009174
2001-11-16 00:00:00,24.989869035175445,24.624344749722514,24.096659027728574,25.135830139978577,23.074977357370003,21.921905027003984,25.323279257004376,25.148133636145865,13.111145314897978,25.31505307098327,26.21875011808039,25.948477411307426,25.151183317766662,0.7972940935407635,27.635749511312486,28.34301483336383,27.706335092396518,-0.7072653220513452
2001-12-16 12:00:00,25.403752231335886,24.855363441579392,24.360100799850912,25.39480953843514,22.091862316155535,20.972473760096854,24.658854230281758,24.356864021593456,14.855171601635337,24.637649745356036,26.646481442371726,25.234663583381433,25.954397281321466,-0.7197336979400326,27.485417276290377,28.2650272985654,27.795542115504706,-0.7796100222750226
2002-01-16 12:00:00,25.95645559387774,25.396879934244875,24.97899102885826,25.962982071404394,21.207745491371494,20.124529805089125,23.958950718287884,23.57723205017482,16.25878200176384,23.98796430115809,27.027530670126303,24.573338432098843,26.692361905072406,-2.119023472973563,27.333353617536794,28.400054333790678,27.873019481759655,-1.0667007162538837
2002-02-15 00:00:00,26.61624528526123,25.908370624807585,25.900760869704325,26.507414757981106,20.717188612140493,19.673707185034928,23.60749482544783,23.17367249275027,16.91959771992527,23.702816932523003,27.40135789371891,24.26901812557914,27.25498582595101,-2.9859677003718694,27.535194791450326,28.530942289167744,28.071681424975374,-0.9957474977174172
2002-03-16 12:00:00,27.034319405527857,26.52504209043367,26.555391875370915,26.82702062435524,20.597365849659248,19.57086698226324,23.621763211643994,23.114379617839443,16.80147720632881,23.718496918150215,27.686976745036343,24.262873760990527,27.539250548619666,-3.2763767876291396,28.0948034766155,28.637275715532542,28.431317342037293,-0.5424722389170427
2002-04-16 00:00:00,27.208958139978495,27.16431970012609,27.17961554045517,27.251566751312772,20.880533897093102,19.825227614797296,23.862812044918932,23.32167062084524,15.503558387096712,23.970905216556673,27.686424462410905,24.485628852552473,27.39780360324598,-2.912174750693506,28.760888392170216,28.592694429392036,28.80904245320657,0.16819396277817944
2002-05-16 12:00:00,26.570289082979347,26.862793193690056,27.42074481546674,27.844136688242628,21.486331225457548,20.217855779327227,24.192424551416334,23.63860648600393,13.94352428211872,24.315603734106084,27.23661669423404,24.833511540953385,26.7736455386599,-1.9401339977065142,28.883974914329563,28.485489526871675,28.663564220039127,0.39848538745788886
2002-06-16 00:00:00,25.056883815594222,25.53169882097951,26.751561577888296,27.81813973160602,22.219008181675374,20.848320848757776,24.689203803797593,24.324822172966805,12.269350217674702,24.821122253004873,26.432216887051553,25.467884552230093,25.73238583680777,-0.2645012845776762,28.033188090548336,28.403521954995533,27.765094331460357,-0.37033386444719696
2002-07-16 12:00:00,24.472904482997237,24.228658301538097,25.522118172379894,27.287396360181585,22.86683610463291,21.55112045326555,25.173648072576924,24.984526334008464,11.020450760495212,25.231542077289355,25.718157592702838,25.937587114316266,24.778419205053133,1.1591679092631324,27.258623879921167,28.115666270013325,27.036468698642782,-0.8570423900921575
2002-08-16 12:00:00,24.077404009478403,23.478840192581014,24.05503734050145,26.286921467050178,23.48173661258096,22.196449100397498,25.636285195451514,25.55477030419367,10.500654018727614,25.602725157873333,25.31404850882659,26.29515574717409,24.085066520954452,2.2100892262196368,27.184333723461222,27.92673943494651,26.99962611977487,-0.7424057114852864
2002-09-16 00:00:00,23.91933089112751,23.40641726884241,23.293271332101646,25.337507787260144,23.826724940891534,22.597425199078565,26.046106315757495,26.100900927215505,10.651406676021825,25.96260425286449,25.308428554339244,26.72956732620316,23.953344846724704,2.776222479478456,27.349805635206383,28.023100421898146,27.273351793430294,-0.6732947866917627
2002-10-16 12:00:00,24.551565563165,24.05754627126551,23.627957570725382,25.10809723224323,23.74927666289927,22.554637532431066,26.004402840646637,26.072567618421754,11.629083564798215,25.958921240826697,25.720286896597585,26.74489859027607,24.425549255605162,2.319349334670907,27.705080550765214,28.23464694625081,27.75153649641375,-0.5295663954855954
2002-11-16 00:00:00,25.124912970247628,24.754835120686955,24.30588491081313,25.332500379884085,23.04936786720892,21.896511163642863,25.46756147530791,25.317427312931933,13.322457481638274,25.398853849190466,26.297360806606193,26.058585736666892,25.195354570207268,0.8632311664596237,27.81613737597176,28.32287771366813,27.843774242328937,-0.5067403376963711
2002-12-16 12:00:00,25.681922476320402,24.855013235861534,24.407143600148856,25.7626905011133,22.106287773400823,21.08890661721412,24.861483312012076,24.55345955163297,15.057250113711538,24.773623430012563,26.74771559057182,25.3843948442942,25.910820422770687,-0.5264255784764877,27.616423819405625,28.41841522511124,27.902174837225374,-0.8019914057056141
2003-01-16 12:00:00,26.11450839250171,25.468564520597113,25.069896692188347,26.24937962885172,21.18196348639534,20.210489654275776,24.17056056298734,23.78721955791006,16.49482528173908,24.112529126103347,27.121001121119427,24.74035109311834,26.67464276561533,-1.9342916724969932,27.29457853019032,28.530693843377012,27.789285349664652,-1.2361153131866907
2003-02-15 00:00:00,26.88079595548258,26.18313799489041,26.030143160693044,26.6799909485416,20.677200516829664,19.710492643516616,23.80212201833519,23.352069612984057,16.888516219611645,23.801707804864616,27.49241609088546,24.42924002633163,27.20629654143529,-2.7770565151036593,27.572860600354844,28.53186812948489,28.0784960201053,-0.9590075291300479
2003-03-16 12:00:00,27.37815478766287,27.003751000607103,26.85242892724441,27.01434206914674,20.558234847812027,19.650687849557315,23.820467490192122,23.282653261825075,16.553552909794313,23.835391834122117,27.790871929699325,24.40209200776443,27.485840034960848,-3.0837480271964175,28.175252195948314,28.703444497802302,28.561718440202792,-0.5281923018539878
2003-04-16 00:00:00,27.62216159776364,27.456234353090125,27.35978837576767,27.468502555619473,20.88656518916347,19.987928502557512,24.050463066134675,23.500848841995424,15.334940910418357,24.106593879093946,27.758026431451555,24.645209790125982,27.406896476217373,-2.761686686091391,28.813365630466848,28.729061281050598,28.95384410201432,0.08430434941625009
2003-05-16 12:00:00,27.127942671766867,27.134855259822732,27.5994208564926,27.99719014342211,21.572261386273777,20.458687078578734,24.35833191688202,23.84233389344303,13.823460793780468,24.46144959700647,27.299777298711142,25.004696669120392,26.77770099995223,-1.7730043308318386,28.98165657525249,28.635830992349383,28.75496957193648,0.3458255829031067
2003-06-16 00:00:00,25.814051855363996,25.914220635919236,26.976036412115356,27.908758760314957,22.390114314642094,21.13536201366415,24.846781757020935,24.55110819806125,12.214614109110759,24.976194900334143,26.510700470163545,25.65671825754838,25.669020156440105,-0.012301898891724505,28.25393411673317,28.51863406031401,27.98080904661244,-0.26469994358084037
2003-07-16 12:00:00,25.000402702024584,24.52394591612541,25.562769244464583,27.18490247682771,23.050325992742003,21.81704029193553,25.323440284995527,25.200043505470752,11.08486773124596,25.378382791892378,25.770087659954015,26.118546851566837,24.711254146351536,1.4072927052153013,27.500740903575192,28.271979023582855,27.248905661598087,-0.7712381200076628
2003-08-16 12:00:00,24.064100919134347,23.4840308313692,23.927819710004886,26.215228180921272,23.64925706908398,22.431477469001152,25.749454084338463,25.667371053185317,10.39741166801816,25.7329216245648,25.332151149176855,26.419923317881512,24.116224997699145,2.3036983201823666,27.229677999641925,28.058281149811645,27.056934528144282,-0.8286031501697195
2003-09-16 00:00:00,23.874231539318018,23.475535428141246,23.357570416883142,25.351576020004078,23.87162453776254,22.655323433502,26.121866389269986,26.111857254276778,10.503491843412316,26.03747275852818,25.346859743287084,26.758222180853583,23.953214806682347,2.805007374171236,27.38064121223249,28.108081746831516,27.290584619971803,-0.727440534599026
2003-10-16 12:00:00,24.61771055758777,24.305537590443716,23.824419018201258,25.101189987167906,23.786018141044675,22.62114505908388,26.04550758051711,26.08574639274268,11.49989245464311,26.00365694931734,25.790468687566708,26.752745573590378,24.46333386070749,2.289411712882888,27.671466942466466,28.434914215493777,27.670324533892625,-0.7634472730273103
2003-11-16 00:00:00,25.104831990315624,24.917303858537707,24.514649056218985,25.43981332400176,23.132447641761644,22.03094223693469,25.586779911423818,25.421847035462374,13.05270746470988,25.52216502136546,26.336782488474185,26.16947143872066,25.213793754326375,0.9556776843942849,27.7342083029932,28.4805009232303,27.767914612648703,-0.7462926202370994
2003-12-16 12:00:00,25.607541878364305,25.19374496225356,24.613868708839405,25.586132116601956,22.12669353668758,21.087609136124346,24.905294509640612,24.569398276214077,14.857987691217936,24.810369629253945,26.78069830985843,25.414845973479,26.021382845664522,-0.6065368721855222,27.61229365430056,28.448274784819557,27.906371094725664,-0.835981130518995
2004-01-16 12:00:00,26.377577152536738,25.768730507843895,25.239199199894546,26.130411372474615,21.18352894227588,20.23097461987522,24.2475760183004,23.844787276927494,16.231885187300193,24.198166879721548,27.181324143262998,24.806131484946626,26.764727050253565,-1.9585955653069398,27.444444080409518,28.489650883208324,27.954326216964205,-1.0452068027988055
2004-02-15 00:00:00,27.01480149993863,26.3382939943375,26.190417849592222,26.604283009067522,20.653141363168128,19.77015315537581,23.93644318115328,23.487457890228132,16.86011334655972,23.913139154685346,27.511338264311107,24.530647331241948,27.297580505740484,-2.7669331744985364,27.636089755670127,28.584773267987195,28.124925391901918,-0.9486835123170678
2004-03-16 12:00:00,27.363884381038076,26.913896517669667,26.83717322927332,27.085783566777526,20.530812994596104,19.704261123181738,24.01663045754136,23.512962072651536,16.363723651294706,23.979294839730226,27.811924916950215,24.58507939273692,27.470855450642773,-2.8857760579058542,28.271887033706026,28.749900908805916,28.61547196527735,-0.47801387509989013
2004-04-16 00:00:00,27.704583292011225,27.46327665786815,27.464201375811868,27.584283730538733,20.80492003508117,19.906452304816245,24.174676051304473,23.62577332788848,15.072909440181114,24.148497151615548,27.81482106654906,24.713791048238917,27.376478400683467,-2.66268735244455,28.917529701200532,28.689055564487518,28.98888959381618,0.22847413671301453
2004-05-16 12:00:00,27.175325340211625,27.20211849131526,27.554307165112114,27.913408579766692,21.460782067670827,20.345877728026625,24.480297600818627,23.93482203126681,13.467624518366394,24.516287361066194,27.34762406277082,25.079699301759486,26.710005059448918,-1.630305757689431,29.05496328743298,28.648106300895062,28.78679538987013,0.40685698653791746
2004-06-16 00:00:00,25.813668191304473,25.926063707832967,26.949798848533067,27.8398833328127,22.356944539345918,21.031190050667597,24.894583360299837,24.522684801856514,11.926330356251885,24.981789070443075,26.555015107533077,25.64133901102569,25.698785505943334,-0.0574464949176452,28.237460632157724,28.576699047657158,27.912877311481445,-0.3392384154994339
2004-07-16 12:00:00,24.618100102129283,24.33042961358469,25.405039391677906,27.06967128173433,23.185011722034886,21.897634783194956,25.38090549886867,25.188018652455927,10.72892018232782,25.40201975556644,25.76311759813296,26.104131584845494,24.69706414627317,1.407067438572323,27.439352307177742,28.289847925970225,27.136689948026984,-0.8504956187924826
2004-08-16 12:00:00,23.96131482830056,23.374751323367125,23.805708941364855,26.032634886425456,23.751059272445506,22.486908354459526,25.796319039612097,25.67418262625418,10.280048000643925,25.75292270055849,25.32094472117493,26.408238794736608,23.97257644838783,2.435662346348778,27.245231272211488,28.028632914123758,27.05888632088079,-0.7834016419122705
2004-09-16 00:00:00,23.893588099221994,23.324859961114207,23.125304073145305,25.124166852344203,23.957261415434914,22.711051457925983,26.14754319976836,26.13581517049157,10.428665888541149,26.06414139347169,25.30916931047229,26.783996041844052,23.876002896150695,2.907993145693357,27.42668000526645,28.101169804416195,27.297708772480167,-0.6744897991497432
2004-10-16 12:00:00,24.60150665610846,24.17154519479059,23.61340232368449,24.941623867610385,23.735103337248805,22.544238331831817,26.04440468289076,26.062106028547326,11.324417374025941,25.987644212675594,25.737462291394525,26.740485135971067,24.392692370863312,2.347792765107755,27.670445120305136,28.416848207352405,27.67441970792785,-0.7464030870472698
2004-11-16 00:00:00,25.25413528149391,24.836096421954117,24.338957949580802,25.134621498598836,23.05920720676798,21.987048942172578,25.57608506617112,25.397169596883288,13.017118941569992,25.48973064339504,26.280932638262442,26.14835872953274,25.213790168923204,0.934568560609538,27.674730018673564,28.39454718416793,27.750513104633715,-0.7198171654943657
2004-12-16 12:00:00,25.535136829010813,24.83899309778697,24.38522891864579,25.46769778388626,22.12166660558754,21.122337034216272,24.87713853401155,24.562588934954533,15.04714226147655,24.790953859697137,26.663930180828842,25.41630607811623,25.996798783192766,-0.5804927050765372,27.53110788074759,28.371262639307695,27.80164725682608,-0.8401547585601037
2005-01-16 12:00:00,26.1304551817226,25.353217970209155,24.960686593622363,26.02862386442213,21.193108470129435,20.217439265399477,24.120261000463987,23.727066996874633,16.36613771475152,24.08777194266828,27.048537070902107,24.697814558844446,26.733149333907736,-2.0353347750632906,27.39004183498772,28.422365719529385,27.926348157443766,-1.0323238845416647
2005-02-15 00:00:00,26.78463655169269,26.0471090041698,25.888595278863725,26.41484192692654,20.674307168014927,19.76319661741891,23.767462295176212,23.33501980013242,16.993449183583103,23.784192531687737,27.418957369400808,24.39407142273982,27.335195816210046,-2.9411243934702256,27.604708630115304,28.509397873318214,28.084030873893493,-0.9046892432029097
2005-03-16 12:00:00,27.256348758615108,26.779355522304492,26.67012179513132,26.831260986368743,20.517519667596755,19.722102276956477,23.811484411712325,23.312250653828514,16.662699519669758,23.824272539649854,27.743877542591328,24.41304258288637,27.632278615124594,-3.219236032238225,28.21147926264191,28.740345025219593,28.52451935187363,-0.5288657625776843
2005-04-16 00:00:00,27.508891283093465,27.247221182493146,27.18355920651802,27.320034735125013,20.784735176963792,19.886983033653664,23.99478943749669,23.436300223726995,15.539965180386252,24.00458933798487,27.747503237961634,24.558921711509957,27.486001788749224,-2.9270800772392676,28.825185120602615,28.685888774609808,28.906970085616404,0.1392963459928076
2005-05-16 12:00:00,27.105943673628573,27.12474359779051,27.443378285291285,27.755522055898954,21.422305731413044,20.292095560742858,24.347008044289275,23.798980738890872,13.877012931418552,24.387346871654433,27.30491286047252,24.94288045340767,26.756663585877497,-1.8137831324698261,28.976153506628215,28.624086390308868,28.719493633190698,0.35206711631934695
2005-06-16 00:00:00,25.879602536364565,25.93151933397392,26.87670232352744,27.764023044569942,22.255452379194416,20.987859720574644,24.781036826616145,24.434482141962864,12.139434501347509,24.885278731733923,26.527506888830747,25.553701806332942,25.55471647708361,-0.0010146707506670793,28.228907985064318,28.540761123953125,27.906940169000837,-0.3118531388888073
2005-07-16 12:00:00,24.584616331097592,24.559280019399566,25.59631291768858,27.138888291818457,22.922366382773273,21.657844506721652,25.304301392962742,25.151158584611732,10.816826290332518,25.324242676421587,25.758806056004218,26.06838335359989,24.561832457403625,1.5065508961962664,27.445049140419194,28.27546038072136,27.18730074946531,-0.8304112403021655
2005-08-16 12:00:00,24.09095035176955,23.54537807543189,24.005451451609684,26.15873643381292,23.463555459871905,22.211619297260153,25.684557059526487,25.58071825372492,10.419070012358622,25.62753485736776,25.322882167634468,26.336008304503007,23.863874221606324,2.472134082896684,27.262068263637982,28.078921853465307,27.061943320007806,-0.8168535898273248
2005-09-16 00:00:00,23.81403939616706,23.468034743993,23.36895464313657,25.391641982889606,23.67557226627272,22.417963302053586,26.017772443723725,26.019937382415684,10.736392712200875,25.913988780480686,25.32443901010515,26.69408531060422,23.81694942222131,2.8771358883829095,27.44481544270091,28.14126159936572,27.361111569415034,-0.696446156664809
2005-10-16 12:00:00,24.5401268158796,24.246943399022896,23.861615055891548,25.260973072062818,23.59799862281278,22.40472233410018,25.964787237737404,25.979763467035138,11.631558642736312,25.908237780505388,25.755002049068892,26.677464626716002,24.368325177482898,2.309139449233104,27.75384743872308,28.348605531186763,27.784716468386353,-0.5947580924636817
2005-11-16 00:00:00,25.061494689333088,24.903295630494526,24.456006212235806,25.366253462746574,22.932578924631343,21.870976877048406,25.4578361408104,25.30358520676683,13.185308045474368,25.39800294209062,26.303282098871353,26.07734295848109,25.207263187480567,0.8700797710005226,27.885261895048796,28.38694102901219,27.939715106148682,-0.5016791339633926
2005-12-16 12:00:00,25.50841285572621,24.996018603792646,24.5551003398393,25.547998942395616,21.979784245060554,20.95857633563658,24.700179043812515,24.41101400248305,14.817765229729677,24.644203697192903,26.720547932680542,25.28709794186664,25.967157844212775,-0.6800599023461338,27.649205814228395,28.40802819167761,27.967995370746245,-0.7588223774492135
2006-01-16 12:00:00,26.2460475521624,25.554435956550353,24.95902909526594,25.983896855354438,21.108512242617643,20.14840952368925,24.017412053271673,23.66998138257348,16.159500072449823,24.019677143922227,27.117622898129966,24.654444243455874,26.74484880726046,-2.0904045638045865,27.368524372008768,28.593880669221843,27.89976889843717,-1.2253562972130752
2006-02-15 00:00:00,26.994514574267672,26.425719283330842,26.190174082691335,26.456822724786832,20.62875856653812,19.728608619038017,23.70643932858058,23.280499403187303,16.727902467982485,23.743347217198547,27.495686074946693,24.358593145095696,27.3787256303342,-3.020132485238502,27.57270024091337,28.543735311727144,28.113105474636576,-0.9710350708137732
2006-03-16 12:00:00,27.27214249786949,26.9188252127516,26.983973943002773,27.07049705897044,20.511131322368303,19.64342824049032,23.6810754022961,23.207129438321214,16.4648397478715,23.739359989044157,27.776370191052493,24.33545030500275,27.68018350839973,-3.344733203396977,28.174679645250833,28.63049922885338,28.541344469705148,-0.4558195836025476
2006-04-16 00:00:00,27.496058043438218,27.374282715833907,27.333972083518958,27.54912282344681,20.835625307286584,19.839175834711885,23.903292537009765,23.343602104945163,15.275666034755195,23.946325576339564,27.77090344205087,24.48991609774052,27.474755374345477,-2.9848392766049585,28.79646998194256,28.729437172020084,28.885543769898145,0.06703280992247684
2006-05-16 12:00:00,26.893476008264543,26.99704031179472,27.49477289080156,27.93243528870939,21.553331411758915,20.3692582239844,24.258116054449353,23.7449446149166,13.624607103232117,24.347632335893937,27.284248830745007,24.90064686050137,26.661123932518734,-1.7604770720173626,28.95672303988392,28.577657043880883,28.737767162395265,0.37906599600303537
2006-06-16 00:00:00,25.540287005286007,25.551199344939544,26.810666275922763,27.86576953042423,22.356486583314123,21.050400516889106,24.756014273708853,24.483014279785024,11.992724715028185,24.89932881185998,26.492562026661346,25.593068952030663,25.51297923341326,0.08008971861740122,28.21976668585042,28.45840453219436,27.88675034991842,-0.23863784634394136
2006-07-16 12:00:00,24.495096552082103,24.1390858472877,25.33885397382841,27.09733220843803,22.985510740065152,21.74643234827329,25.231656447430538,25.11617088915622,11.066325325657667,25.293844814509104,25.72968217162535,26.03299037062143,24.496939698282286,1.5360506723391438,27.433894082559565,28.162827171491845,27.144114540608125,-0.7289330889322798
2006-08-16 12:00:00,23.80054012134586,23.121617570985766,23.61198935824786,25.907601918030206,23.558066270788693,22.337169443934936,25.68817814671678,25.62924744934209,10.549478259978663,25.65192258576792,25.265105605826527,26.36840362083876,23.831027806555863,2.537375814282896,27.194492522530897,27.906229048056353,27.00057879571989,-0.7117365255254562
2006-09-16 00:00:00,23.73081070784053,23.185937069094194,23.023036542205027,25.083579797946843,23.89297690393217,22.698463235886123,26.09337272749424,26.11524837849735,10.743797357745121,25.998897550033217,25.272396663279327,26.73491306900602,23.785155577759536,2.9497574912464835,27.425781296099913,27.906547093845667,27.33941976378582,-0.4807657977457538
2006-10-16 12:00:00,24.366019807981036,24.025907610218503,23.589391787429786,24.82368482793704,23.755652155673957,22.61200936561276,25.99362983300944,26.002202103051985,11.603421783103768,25.951850970166937,25.670409492522477,26.68765435655515,24.43102632563184,2.2566280309233093,27.696627242722887,28.20324617982714,27.63677589458985,-0.5066189371042533
2006-11-16 00:00:00,24.94156003715852,24.466008195540937,23.99078420150543,24.901922512760706,23.00246564105518,21.899405000507357,25.46693762370005,25.295904136495345,13.045749824483522,25.405877581116293,26.18959300957346,26.059577587398348,25.192766241527412,0.8668113458709357,27.776466058290605,28.37682266914951,27.75780412749695,-0.6003566108589062
2006-12-16 12:00:00,25.303517398512156,24.717863931414755,24.273144530729734,25.276327060442572,21.973954663977732,20.944344919733634,24.72863153256014,24.414259016074144,14.871509756127942,24.654983885722487,26.638460047029003,25.273137108188063,25.992226710368573,-0.7190896021805102,27.552007895338033,28.399922431598032,27.71664382997007,-0.8479145362599994
2007-01-16 12:00:00,26.06796937522156,25.355377959304025,24.881765130884173,25.771364789956145,21.082197610443867,20.10115767361821,24.000843319167917,23.600211186708307,16.23039412331729,23.986519199968534,27.023913028591338,24.58456135705624,26.78314915859276,-2.198587801536519,27.297578042408805,28.422566236934802,27.747629398041248,-1.1249881945259972
2007-02-15 00:00:00,26.747928217845885,25.977653795062256,26.049072865893194,26.357354560890823,20.566388963665535,19.62761512005824,23.664140262061622,23.207346130227798,16.700070696763767,23.697876025117267,27.426514824653214,24.290669668035935,27.31120699847969,-3.020537330443755,27.51362342211365,28.558676299389806,28.0247360061742,-1.0450528772761558
2007-03-16 12:00:00,27.15655198986013,26.563291937540395,26.585429808887096,26.796428404749577,20.397905023513324,19.494613017336015,23.627401595064,23.143007181175676,16.394375928499247,23.67973437030004,27.713802264129626,24.279925000067482,27.644312067662813,-3.364387067595331,28.086140675686753,28.67142546915712,28.411760139523178,-0.5852847934703682
2007-04-16 00:00:00,27.377441391569267,27.06051174086834,27.010755430742112,27.289818379108528,20.70303631901887,19.77063446767879,23.84798803109054,23.327660420466174,15.059682933522895,23.91360648829768,27.691661413043416,24.470444974126664,27.5397660676583,-3.0693210935316344,28.66363130469164,28.606771290903175,28.737309099642268,0.056860013788465835
2007-05-16 12:00:00,26.77483288013492,26.87419152469497,27.220164318097744,27.72828829828378,21.31803427719909,20.211924816984464,24.16438682772889,23.68754407711417,13.473303850509271,24.256103676383614,27.220357829270373,24.844705861163682,26.827094969877535,-1.9823891087138534,28.8232605218382,28.469433457494972,28.545392723648572,0.3538270643432284
2007-06-16 00:00:00,25.491878114228545,25.605272217496783,26.734341419514855,27.72385756709865,22.081884918104336,20.87530733506202,24.60938341520533,24.286813598352033,12.153508219371775,24.73832032467354,26.456674339602664,25.419373800092007,25.809479914620898,-0.39010611452889066,28.13688441151955,28.359814846448803,27.79289050968422,-0.22293043492925335
2007-07-16 12:00:00,24.615513225377633,24.279490879044232,25.371808412512287,26.991882065192218,22.77163712617471,21.61048120059335,25.134221269394487,24.992732871564414,11.011335252714618,25.204091117604307,25.706656744158483,25.951198753810107,24.85436702687782,1.0968317269322867,27.329229882994273,28.202375303386553,27.073476764421915,-0.8731454203922802
2007-08-16 12:00:00,23.609520096247532,23.15634445070929,23.836993902035704,26.062266122055146,23.406231881768406,22.22789501625508,25.587065501079184,25.508622432320454,10.615620478586212,25.55895150540508,25.251821897193686,26.259729956997163,24.203150609599675,2.056579347397488,27.207088675872747,28.073587139492698,27.02740496764545,-0.8664984636199513
2007-09-16 00:00:00,23.712971645329855,23.17641164792222,23.14000816623419,25.321827767151934,23.643744640214933,22.478675034537893,25.99708944289661,26.04695486773808,10.846374511725225,25.891864121050755,25.278306334271306,26.676960655601615,24.087520603808397,2.5894400517932183,27.35971435249486,28.17979545220341,27.296061799088353,-0.8200810997085526
2007-10-16 12:00:00,24.26401318367526,23.87359247206198,23.467127553851054,25.098340998674207,23.56599993407082,22.44118179406151,25.941780199249457,25.989962202025694,11.633226124282931,25.89852518814956,25.676738423053173,26.692189928326606,24.593555945421794,2.0986339829048113,27.63263597563805,28.40385170414669,27.656030551966996,-0.7712157285086398
2007-11-16 00:00:00,24.93181698751203,24.45283440864519,23.90102349122018,25.029005412826336,22.903976517592096,21.88141309726998,25.47018377781356,25.34339151912836,13.108491008382398,25.416249470502088,26.171280447960534,26.107261828043395,25.28467098335882,0.8225908446845764,27.717654552576786,28.377460692929795,27.76589028965511,-0.6598061403530089
2007-12-16 12:00:00,25.165846889195343,24.616381229135957,24.155909709726675,25.352520229270617,21.813050794969637,20.813510016927143,24.6831991813314,24.401607599934884,15.140271734081086,24.60660538255657,26.578543879312562,25.284287860299674,26.012716274534498,-0.7284284142348234,27.643715306378567,28.30775551651717,27.979567381848945,-0.6640402101386016
2008-01-16 12:00:00,25.801144784523892,25.25420677498867,24.713998316908373,25.770454291223416,20.845938125601233,19.85731486953986,23.89905589524867,23.554594172974088,16.376554275077652,23.867294399337247,26.997183289811638,24.57977459797055,26.797890726911408,-2.2181161289408564,27.290460103354167,28.49272885002756,27.827197375498205,-1.2022687466733935
2008-02-15 00:00:00,26.719301214435575,26.22450240548244,25.830951037671237,26.05692745094427,20.354419364265695,19.43370372232915,23.553889326209205,23.18158373140099,17.120509760285874,23.57621864771682,27.37611875468945,24.292681844045653,27.30401008338515,-3.0113282393394982,27.465827015515313,28.499839171345204,28.01701156670923,-1.0340121558298918
2008-03-16 12:00:00,27.232851393005223,26.77824902345276,26.655791038120217,26.732497866117974,20.25760502224823,19.383496172008908,23.577201380051125,23.17366698786491,16.714561912244434,23.620019373504903,27.69759943862327,24.310258171851043,27.494850470024822,-3.1845922981737793,28.12194384430778,28.615931818242096,28.51154431706693,-0.4939879739343169
2008-04-16 00:00:00,27.455571837179427,27.301900874362975,27.17790947546985,27.244677206204322,20.629541108648596,19.73564231791573,23.894066719614596,23.46989622689769,15.72775056945058,23.949988796484323,27.698361994896093,24.58883606091916,27.33908623860674,-2.7502501776875796,28.807125943959498,28.597915016130926,28.906275182667056,0.20921092782857187
2008-05-16 12:00:00,27.090750156902946,27.072661153935083,27.541684486021683,27.834626462537326,21.26390707413923,20.22842715111809,24.270287570213217,23.876892560945816,13.95822347638494,24.35537092131827,27.25462813589174,25.02824078401776,26.696910401613394,-1.6686696175956328,28.9392883225354,28.525351210740233,28.699503237081395,0.41393711179516757
2008-06-16 00:00:00,25.87069321729076,26.026980670585584,27.102702443348434,27.88397733538492,22.15907093888011,20.960498977309904,24.80595234519656,24.576805216038892,12.327444095956754,24.91421056458347,26.51805310983655,25.6750336270253,25.728567686198918,-0.053534059173617976,28.16737747172151,28.46980870746809,27.900267772701692,-0.30243123574657815
2008-07-16 12:00:00,24.60265365319814,24.61865732345265,25.860457431949925,27.361683697503345,22.929004824309033,21.736239240907278,25.292284434327673,25.188089933870085,11.15340172659498,25.32056525437973,25.766785738967116,26.090700159387055,24.742553975024265,1.3481461843627898,27.415733488021573,28.225242676649657,27.198914647018416,-0.8095091886280841
2008-08-16 12:00:00,23.788167281805524,23.37344129945492,24.046701887528076,26.36968017536606,23.49542685377753,22.325724869788168,25.722408329388198,25.667801020433558,10.65134844678746,25.674350318279746,25.312660817825435,26.402619701577326,24.04657446707155,2.3560452345057747,27.194429481470372,28.09421849390979,27.01748685909458,-0.8997890124394168
2008-09-16 00:00:00,23.962195183344683,23.358715343274298,23.26786819987283,25.398767595335062,23.69921692742123,22.541416670150415,26.099451618611944,26.14189676572034,10.733649144797322,25.977963690541216,25.326961892176143,26.758238852352285,23.885411468021022,2.872827384331263,27.406122799353295,28.15344542292292,27.30908311506015,-0.7473226235696266
2008-10-16 12:00:00,24.49794081794134,24.25227118711548,23.85123373941439,25.22142187605364,23.572723546363722,22.428197607258944,26.024916034142034,26.038961592374488,11.604177150651623,25.935112977345742,25.765315342282445,26.70532622417793,24.450884859981162,2.2544413641967687,27.73963153669931,28.36686204056536,27.686699957775794,-0.6272305038660484
2008-11-16 00:00:00,24.93815568118009,24.883877619702712,24.472511989901527,25.27143067549859,22.95023488060094,21.896134591871423,25.545490970060357,25.367779700341547,13.22789799533833,25.438841515036266,26.2982832941158,26.106251297828003,25.262122060766046,0.8441292370619564,27.803951926653674,28.356913235830184,27.871392656152782,-0.55296130917651
2008-12-16 12:00:00,25.41383395003336,24.943671517386463,24.489919831460334,25.576905599860076,21.931806831843378,20.99557887140653,24.834953680136742,24.5665419158945,15.267434726189675,24.735868858221806,26.73143041772224,25.400368624260395,26.02507483059688,-0.6247062063364837,27.62221895516056,28.447421171218373,27.964445783771698,-0.8252022160578143
2009-01-16 12:00:00,26.023815089278497,25.710706800888293,25.19564692163387,26.12883311245244,20.9810490904581,20.03541158339094,24.073612383046815,23.741164426936507,16.47720818827507,24.009982583516457,27.127963363123865,24.708112368832204,26.76255138167768,-2.054439012845478,27.336632567155053,28.582269477593698,27.853573048824124,-1.2456369104386447
2009-02-15 00:00:00,26.91006449587223,26.32156553954338,26.202480026794504,26.5491588036949,20.414955943115977,19.476720466174136,23.63933944532103,23.26090395060008,16.599261461305865,23.639760570997264,27.53924008738876,24.353736417450286,27.40028679561423,-3.0465503781639462,27.530187830912425,28.649659648361638,28.071196199623095,-1.119471817449213
2009-03-16 12:00:00,27.332871190929136,26.828762267955447,26.78490937709326,26.960168810620097,20.321407033599666,19.479024555401864,23.680160179540227,23.230702429081997,16.606137337189,23.701854442288614,27.817512377640963,24.370265418282393,27.69576402360383,-3.3254986053214353,28.163450237998273,28.651174959242727,28.566458797436354,-0.48772472124445443
2009-04-16 00:00:00,27.4737705345839,27.277020453015393,27.23465680297542,27.474124305295025,20.741591601544933,19.872313481051712,23.951173653966787,23.488794393313874,15.637220429267463,23.994171865267226,27.798197271381866,24.620917980237852,27.556963212177124,-2.9360452319392714,28.747685025595654,28.644212934956993,28.899039039634175,0.10347209063866103
2009-05-16 12:00:00,27.057359348075973,27.072692451651555,27.41564312465927,27.84259885516233,21.346071277602594,20.271804225683468,24.23322155106577,23.769727187575967,13.877478973470685,24.320279194727256,27.3245459495119,24.945515082025157,26.79297962858156,-1.8474645465564024,28.93706609420711,28.55172117796427,28.713784655925917,0.38534491624283973
2009-06-16 00:00:00,25.595110718633734,25.78977992855191,26.841724087976537,27.814455853415115,22.092881856946477,20.84406429412572,24.672342515656734,24.328068994678986,12.212039478534127,24.790881366172012,26.536289174709545,25.483374112279122,25.74150408576636,-0.258129973487236,28.197367291082983,28.487930655874283,27.859393011748065,-0.29056336479129996
2009-07-16 12:00:00,24.767277051223985,24.440409178871533,25.445520823598372,27.031624469315172,22.794553229933822,21.59999899072912,25.191222681060168,25.02795924817316,11.041739346085576,25.24017677277735,25.783647331282783,25.992762966941406,24.745191774329694,1.2475711926117121,27.403567203485373,28.218435672231816,27.172498320055205,-0.8148684687464431
2009-08-16 12:00:00,24.17193620226304,23.454848858585112,23.84483124301703,26.047360458445407,23.4038374948483,22.239027459304303,25.6568527702528,25.55367317869588,10.404444750482352,25.613669564017172,25.356690619022338,26.3140352283045,24.04021251206129,2.2738227162432096,27.245164364097384,28.069925708096786,27.084342174710038,-0.8247613439994019
2009-09-16 00:00:00,24.111223216874205,23.44494017666042,23.185836661218914,25.1788560279455,23.65472914341194,22.511803669373634,26.030373903950025,26.01726155253665,10.652889197801208,25.926783739375402,25.357691668183442,26.679592630475007,23.938504782511146,2.741087847963861,27.44132990379228,28.17956731456414,27.35724925610938,-0.738237410771859
2009-10-16 12:00:00,24.66453733881304,24.109063257717004,23.608833375707583,25.034987667090775,23.531596389745577,22.431639103675536,26.011887489464286,26.027693095595566,11.635931050543945,25.921238694237253,25.75744995746922,26.718929281854102,24.513233624939215,2.2056956569148873,27.66855577698437,28.427361469858205,27.6500328199429,-0.7588056928738354
2009-11-16 00:00:00,25.156695331952232,24.73359260844542,24.21374825465235,25.10464513272208,22.934723630497835,21.89828945680272,25.53251776513682,25.326524612902244,13.216530663756027,25.41376041260508,26.282072039532974,26.08564695018666,25.213878555768314,0.8717683944183463,27.81245581567934,28.38708565974464,27.852678861717173,-0.5746298440652993
2009-12-16 12:00:00,25.725518988575146,25.192468140003783,24.676439476330735,25.43767614200282,21.937463720840455,20.943566747093815,24.76731472117339,24.43789560143575,15.06879399444427,24.663194517061548,26.729358503822183,25.304232408122125,25.905160879668035,-0.6009284715459096,27.548042359330726,28.4023882357493,27.76916736092014,-0.8543458764185736
2010-01-16 12:00:00,26.422859722437895,25.712294309122054,25.20119786684455,25.971793373207714,20.941908481949067,19.95230564054974,23.99190547579122,23.576497167830478,16.54535621996322,23.92905832526068,27.109279855407546,24.584255039776302,26.67916039384975,-2.094905354073447,27.377473898887974,28.418787392503802,27.844261268324964,-1.041313493615828
2010-02-15 00:00:00,27.107376942550218,26.218905468201694,26.135589959553528,26.476344195565325,20.41228156185235,19.43934468334625,23.56572086420484,23.13122789677314,17.113285269627585,23.572799126508915,27.49127749498262,24.23591874768667,27.291634782989938,-3.0557160353032664,27.609218202104,28.605463860734304,28.138904784575306,-0.9962456586303041
2010-03-16 12:00:00,27.4037064559319,26.891053818879396,26.814654879811176,26.95711425524734,20.345640964845487,19.444152579216603,23.61142198310917,23.13601403040347,16.805286394507444,23.641695868083232,27.78647904364359,24.26443189163753,27.622386269000806,-3.357954377363278,28.22167624589297,28.66691327183855,28.592633604815163,-0.44523702594558046
2010-04-16 00:00:00,27.635659249489,27.280679687310666,27.270369060934787,27.473062836769447,20.69344511344912,19.67099695037116,23.816058947832246,23.301901403016508,15.66172986252582,23.861929849121015,27.7793803740109,24.44215673464554,27.464812900363263,-3.0226561657177236,28.82365600333236,28.628054801614354,28.90710625982024,0.19560120171800577
2010-05-16 12:00:00,27.014041403573163,27.018366767629537,27.314326750139553,27.7832510751272,21.32243007633482,20.101503213818408,24.154846801605586,23.636067440301666,14.027037207304659,24.23367997818313,27.290645233995185,24.817523764576745,26.72538739149826,-1.9078636269215146,28.939485621808814,28.482681527568335,28.687251854765204,0.4568040942404785
2010-06-16 00:00:00,25.698834417230714,25.650319523110998,26.65276161819505,27.70291649323224,22.11054323505359,20.841319769162485,24.585358506881427,24.246226293390205,12.172736826334082,24.706332160525733,26.499143302870014,25.39671419252489,25.714935754172707,-0.31822156164781745,28.116463886313042,28.42868127280342,27.840188255815754,-0.3122173864903779
2010-07-16 12:00:00,24.58181360894252,24.235290195376113,25.33515584142423,27.086985265592983,22.881197481979466,21.66505262507587,25.020549593696984,24.82641215172528,10.855169043336923,25.1109709739904,25.73790575413162,25.806018867187,24.7715378234675,1.0344810437194987,27.31717718155128,28.146967999221527,27.125283284367754,-0.8297908176702471
2010-08-16 12:00:00,23.709450532792644,23.03277798856751,23.57085461603163,25.895925806530038,23.521884670345887,22.312831606638735,25.46211152769021,25.31832577294433,10.438498510211156,25.481728075743614,25.25411665607025,26.112029742104372,23.968776539843223,2.1432532022611497,27.164270798537245,27.98758609136077,27.01204200690791,-0.8233152928235263
2010-09-16 00:00:00,23.601280913627445,23.00196186240122,22.800048314745595,24.927014804588246,23.783717001808473,22.574276991551443,25.91602796626302,25.90938028693895,10.636454687901342,25.858846765923296,25.24882465122136,26.585806876765083,23.814636948050705,2.7711699287143787,27.370197361455837,28.081915510517835,27.29282242275836,-0.7117181490619977
2010-10-16 12:00:00,24.2673183790022,23.792573783547777,23.262601383558312,24.691734632176104,23.674673796793424,22.526806762922266,25.916679611920255,26.01602793513341,11.549827533172676,25.892323565192417,25.647503621946548,26.701942941183248,24.405851324337583,2.296091616845665,27.62117221434325,28.39460171323182,27.64205773007395,-0.7734294988885679
2010-11-16 00:00:00,24.88561211083521,24.342401369645696,23.88075144773602,24.964459573318187,23.018787182443177,21.907333888950784,25.429612896169978,25.341118619588418,13.123268453768894,25.381845047674435,26.164298302752172,26.093093696454083,25.179133924754154,0.913959771699929,27.6123601665888,28.347261862868272,27.63839452332878,-0.7349016962794721
2010-12-16 12:00:00,25.266599383108073,24.46307083310098,24.085671974296464,25.26668461446954,21.953787358048004,20.85417438133641,24.73380199565899,24.468253521937342,14.976785258983163,24.661777402305887,26.582119809330575,25.331219381299665,25.929003878964853,-0.597784497665188,27.475361608721744,28.299774157153603,27.719301958099944,-0.8244125484318587
2011-01-16 12:00:00,25.83190557044682,25.158798666621585,24.692511009474952,25.79086837440194,20.998169103862494,19.923046293573854,24.022067964734703,23.647492829628465,16.306122603266147,23.989888324529975,26.975551764991632,24.64652655314563,26.71850137473144,-2.0719748215858083,27.263402783179625,28.380385048772354,27.745432470071098,-1.1169822655927284
2011-02-15 00:00:00,26.583656696983955,25.885054330645527,25.867686913623128,26.262909031751203,20.424852204772858,19.382925668395842,23.62144898780405,23.145687531817632,16.90852113550268,23.624825825485345,27.392521274981636,24.264523170991744,27.33582844294998,-3.0713052719582343,27.47115909159708,28.436341307421106,27.969128185483306,-0.9651822158240257
2011-03-16 12:00:00,27.05358552668016,26.55801446930747,26.589060429035204,26.783983314111964,20.315742185035102,19.280490031131823,23.609361901147334,23.031028255533137,16.789785690447363,23.61780607102717,27.698204634093987,24.176182121057654,27.588390073036823,-3.4122079519791697,28.00721645498719,28.568929480846688,28.402261449371352,-0.5617130258594969
2011-04-16 00:00:00,27.315095791943946,27.012371307473025,26.903911816617182,27.133135767342615,20.606290997462878,19.471837979537217,23.80085750973258,23.203152198825215,15.57130700819336,23.823772599019737,27.68704006840587,24.348310883943917,27.421042344224652,-3.0727314602807354,28.70602258838984,28.549439904391427,28.841895630481964,0.1565826839984119
2011-05-16 12:00:00,27.00825139440682,27.00129850131183,27.269367412419534,27.52728175419489,21.337825879961677,20.09728435754427,24.159537901210673,23.619944390185548,13.662919496500175,24.24882434236606,27.24418386970266,24.78292000992619,26.713024360906193,-1.9301043509800024,28.883041317027487,28.4283691776907,28.674165887401518,0.4546721393367861
2011-06-16 00:00:00,25.710608622969858,25.833238680585044,26.898661204439243,27.752782317160406,22.11558745688133,20.772364616870764,24.614321620310744,24.25473981309067,11.94850933801099,24.751945364315386,26.49518718693468,25.404456384951715,25.7181872443876,-0.31373085943588563,28.11666942936461,28.356898702483143,27.792587367845613,-0.24022927311853337
2011-07-16 12:00:00,24.364460584363577,24.335932898454637,25.51982701439907,27.094273795261476,22.787995757695484,21.49241607380101,25.055976546841762,24.83774068639502,10.826510615055572,25.127795552456263,25.72734816437964,25.816157942821874,24.682789882761334,1.1333680600605405,27.350082146849598,28.11281146922044,27.07201084288429,-0.7627293223708413
2011-08-16 12:00:00,23.874836901031376,23.347696404256634,23.867101296263154,26.04637619823663,23.353223714280617,22.110011164196887,25.544067943861627,25.449081438334634,10.404726905733275,25.528863829944918,25.295189578771055,26.24233009674351,24.038361130529772,2.2039689662137363,27.173489669262676,27.903347918800197,26.984764830534704,-0.7298582495375214
2011-09-16 00:00:00,23.836195809390645,23.43031980712516,23.328748603991382,25.33151215876816,23.582837993340778,22.386723048926225,25.939801303493294,25.950778367319835,10.671711406534357,25.866566765021247,25.328372440043285,26.641582144655057,23.9901189835048,2.6514631611502573,27.39347581026386,28.032962948860607,27.295577005999917,-0.6394871385967491
2011-10-16 12:00:00,24.525142604708805,24.118683955690493,23.74068895601186,25.222071622879913,23.562721342311807,22.43102643734898,25.891499321762414,25.92176230922721,11.768160824459759,25.8650672874933,25.76301139060136,26.6511997951009,24.557116721361606,2.094083073739295,27.740070696604914,28.35789077248957,27.74476043995939,-0.617820075884655
2011-11-16 00:00:00,25.141680546787015,24.791656299298808,24.403068859567707,25.466850004962563,22.90553289516455,21.801762919677298,25.411023252237758,25.224122582778676,13.321028812833617,25.35068869612038,26.33681577844258,26.008010770245964,25.318152484556887,0.6898582856890769,27.874465344122047,28.386937876579868,28.003474044959976,-0.5124725324578208
2011-12-16 12:00:00,25.608688197407368,24.939772691073962,24.463435953245522,25.659744711201157,21.869618843180145,20.75568347642364,24.621004669004442,24.265112354554173,15.028108221434,24.534048477893172,26.77534905222123,25.171321771363374,25.99853092089521,-0.8272091495318357,27.65802459177741,28.485567269698556,27.96766852459139,-0.8275426779211479
2012-01-16 12:00:00,26.178950832032758,25.68097558995994,25.133383182246654,26.07206543431389,20.958653284760892,19.92656863228324,23.908083375398068,23.502447029723744,16.224118740803817,23.894476709235427,27.15936127722436,24.53080334454358,26.779260079137934,-2.248456734594356,27.408659446643235,28.532654995706807,27.94319726900341,-1.1239955490635722
2012-02-15 00:00:00,26.973561190291413,26.185068634106027,26.213139925971554,26.544852665455785,20.454835715341453,19.474662055803282,23.550346890720107,23.11832541232029,16.91972963874532,23.59669576354572,27.56670390044571,24.24072321091947,27.372847026290017,-3.132123815370548,27.61724680183963,28.657015342750103,28.17191737170191,-1.0397685409104724
2012-03-16 12:00:00,27.325294654466173,26.71978871345884,26.806847229080592,27.034371191770184,20.38405761522091,19.480378630859292,23.59139748794371,23.12324900101286,16.79855312546246,23.656445086899346,27.84322554581169,24.276629420865163,27.69581088981959,-3.4191814689544273,28.124088297534314,28.763977413807286,28.506866808348448,-0.6398891162729718
2012-04-16 00:00:00,27.52250264439506,27.31372553335178,27.255237387330894,27.438088717443158,20.74392635107383,19.73767962498434,23.82595665693234,23.30253651157878,15.481542470893785,23.886158174516297,27.8202598348738,24.455378861377792,27.516903004178094,-3.0615241428003017,28.79093591819627,28.701447838966253,28.952400557953766,0.08948807923001567
2012-05-16 12:00:00,27.050377873477604,27.18217086647847,27.608705970392638,28.015068576647828,21.38699234087158,20.171892209007467,24.134029947271348,23.56426458694407,13.942367267095456,24.217223259669456,27.36179731766107,24.737504685938514,26.8196183772935,-2.082113691354987,28.944430818514494,28.59245279785899,28.73168236476025,0.35197802065550476
2012-06-16 00:00:00,25.576323978038058,25.878529640334634,27.03012125216588,28.04673455845374,22.189698197624633,20.85262258048364,24.59894477360118,24.209269067576315,12.354561335375541,24.732306701237494,26.574949029987692,25.353984717477214,25.63376903984013,-0.2797843223629144,28.27778565667426,28.506342967024725,27.980911134491475,-0.2285573103504639
2012-07-16 12:00:00,24.699463650013282,24.391119400462,25.60028395199278,27.279827662182658,22.87064238635642,21.611501337370335,25.119555477933115,24.95206293387307,11.088546679062842,25.216733068486146,25.807941760563562,25.93300947246297,24.653274047210072,1.2797354252528983,27.490368192588303,28.216024890564242,27.263327469580805,-0.7256566979759391
2012-08-16 12:00:00,23.829739914163568,23.266441421716117,23.833436861936406,26.118670318139245,23.540273440044242,22.318459724531714,25.567043097088387,25.489805195855585,10.574259660159619,25.604415527902646,25.33789174895548,26.305416343079372,23.963765919720753,2.341650423358619,27.301844609241563,28.01622599802668,27.137268578598494,-0.7143813887851174
2012-09-16 00:00:00,23.905537599067877,23.375159350779565,23.236990176939855,25.31145741262857,23.801186129396715,22.51965127087983,25.944155601867173,25.932292490109287,10.62951538936265,25.92455695175193,25.361088626395276,26.662503166183217,23.891022198240744,2.7714809679424732,27.46776294895424,28.153128888638502,27.40292563939706,-0.6853659396842637
2012-10-16 12:00:00,24.474550952897495,24.172674113866123,23.78487315866388,25.21652809796998,23.71831553179781,22.52511411385425,25.955075268790434,25.993593301428664,11.501421267103286,25.96484680046303,25.795953346184167,26.7305072974035,24.475078485841205,2.255428811562293,27.78332962888834,28.36599372501782,27.792485024473233,-0.5826640961294807
2012-11-16 00:00:00,25.065740406301945,24.743632127767743,24.336464468531645,25.31625812312207,23.052091182704938,21.990939096255314,25.480961755051442,25.33868805695124,12.914779543252125,25.46798075304196,26.325195085418464,26.133197542230445,25.27808791459017,0.8551096276402745,27.819776724200157,28.470894306381,27.839259834947548,-0.6511175821808415
2012-12-16 12:00:00,25.48854083794493,25.049046580082216,24.505630386693046,25.544480311450123,22.056165569770595,21.01659828599116,24.74759140496589,24.45365696397315,15.141134899966614,24.72310918365459,26.735152614794337,25.35313622613501,26.048164783026813,-0.6950285568918027,27.630094638984342,28.37286677879173,27.86036961309557,-0.7427721398073892
2013-01-16 12:00:00,26.30333977616482,25.83546619644711,25.445603761261296,26.14914823896069,21.185006607640887,20.189617994477235,24.043556283656503,23.67376858793899,16.47697926572004,24.057947795087404,27.175260611138597,24.68517852946598,26.8422468333699,-2.1570683039039196,27.457941998442916,28.483876982243842,27.9591862580667,-1.0259349838009264
2013-02-15 00:00:00,27.002765831227734,26.10164028434915,26.27488542405795,26.693515294148522,20.60249009911857,19.686583844026195,23.68351589080001,23.243827542152236,16.899401946957095,23.725348262511297,27.557517773632167,24.352943354529224,27.420455041748387,-3.067511687219163,27.639960197520217,28.532913230435113,28.14055367809681,-0.892953032914896
2013-03-16 12:00:00,27.404345754190604,26.620881019630936,26.609712830813315,26.96166408751532,20.49018122722231,19.54921762524899,23.638949326207918,23.123670455383543,16.436833088677044,23.70091125636586,27.802461864912612,24.275830491238416,27.740184132358312,-3.464353641119896,28.190104261758034,28.707982680408467,28.54622297538195,-0.517878418650433
2013-04-16 00:00:00,27.605566328034296,27.085148221995603,27.055435402100244,27.395714822793334,20.82842953443686,19.779077995364958,23.839512458755152,23.256108319088277,15.363118231029352,23.92284569140072,27.796329600697117,24.410323205719497,27.633365029530733,-3.2230418238112364,28.92052329033324,28.67745150411517,29.072716957759226,0.24307178621807068
2013-05-16 12:00:00,27.12696356173208,26.93909918494351,27.218261891365984,27.699843208944756,21.596088613551437,20.317165485951143,24.21906247203907,23.7116561446332,13.691308984387383,24.353415090596734,27.338117141251363,24.86306071842171,26.874290515296682,-2.0112297968749715,29.04564789176353,28.592047805445436,28.836737640630453,0.4536000863180938
2013-06-16 00:00:00,25.757669339389942,25.772787634111662,26.754529005471465,27.6675277513993,22.296379005866932,20.901323340226348,24.67721952349375,24.338028829513277,12.13337521982271,24.840008951554143,26.55808479381362,25.464116588857824,25.76488805029342,-0.30077146143559474,28.258602362265055,28.533667410731592,28.042222913968384,-0.2750650484665371
2013-07-16 12:00:00,24.409823931120645,24.309897582007878,25.51816381882357,27.130487879543864,23.021646461039943,21.668311291656714,25.15763790931137,24.97438355303901,11.083815079782259,25.25860851946283,25.76627356749294,25.932840958893262,24.699571915644448,1.2332690432488143,27.44465966602302,28.25252016764492,27.250560275342064,-0.8078605016218994
2013-08-16 12:00:00,23.64541676150744,23.122177230737183,23.762363954628196,26.153866302854077,23.684018982388313,22.369449513291123,25.654149069735205,25.558829333259737,10.47652025921936,25.66070742099625,25.29549874857234,26.326473704879657,23.959273835362524,2.3671998695171332,27.252806102314505,28.007902150849823,27.09562347072022,-0.755096048535318
2013-09-16 00:00:00,23.830419580641543,23.2919037387728,23.16328248186029,25.35571376201516,23.964078732823353,22.67928739678287,26.08942000377429,26.110687024017803,10.676130450397386,26.0413656708703,25.322635360347515,26.76430875905852,23.851592393818393,2.912716365240126,27.523408067798606,28.074788673673826,27.412656691295158,-0.5513806058752202
2013-10-16 12:00:00,24.51329283562883,24.116002789862687,23.692170099407406,25.11218527621302,23.870869747521724,22.65483375761369,26.08038794522713,26.121313396558108,11.729907053906597,26.048597700131005,25.760426937338025,26.804124492302645,24.370400458103436,2.4337240341992086,27.871100964233005,28.30054264358757,27.84267823657777,-0.42944167935456434
2013-11-16 00:00:00,25.110370169192326,24.747626781029926,24.27375135840063,25.20743359256354,23.167928166231583,22.052952891383907,25.566394027337285,25.402222704012537,13.331442580856736,25.506239712053347,26.337306054915558,26.15089848337686,25.211831149202474,0.9390673341743856,27.948905728314,28.470225355038757,28.073338200737368,-0.5213196267247575
2013-12-16 12:00:00,25.440572913909673,24.85387374231588,24.585688508387186,25.511227214331633,22.082987351186926,21.004574743426257,24.86056332170847,24.53611136342657,15.2127058586776,24.792903834611316,26.762315796347398,25.410039525601363,25.966665161772312,-0.5566256361709492,27.74388825761816,28.444641252025175,28.07702611870781,-0.700752994407015
2014-01-16 12:00:00,26.105402927803706,25.393338927428204,24.93770290358537,25.878010823761837,21.08359231418627,20.053804206408095,24.111055849114717,23.71237909741068,16.37530035000913,24.085387865347048,27.14174129065065,24.724229880181678,26.722987185837773,-1.9987573056560954,27.486682058178193,28.576123219609407,28.065296183390792,-1.089441161431214
2014-02-15 00:00:00,26.86146046172334,26.03767186009679,26.023714260119746,26.44076512540291,20.58139241979655,19.619640777309527,23.76011909778259,23.32944617531008,16.777203290574548,23.773971500967914,27.509582913720777,24.41971695579276,27.34516416787548,-2.9254472120827195,27.622129965735212,28.625664775890744,28.175566936562337,-1.0035348101555321
2014-03-16 12:00:00,27.401605388244537,26.821255881468087,26.76405600748651,26.987162595252972,20.465221260958312,19.569390298098554,23.79505111615318,23.32531566413216,16.67179357765126,23.82997161006065,27.8034143590122,24.45144365585257,27.728175486331736,-3.2767318304791644,28.172450176437962,28.77679886862963,28.577247149843387,-0.6043486921916674
2014-04-16 00:00:00,27.55148389900664,27.32441844810266,27.351098275009356,27.538415934061906,20.745048148802987,19.78791253757423,23.920462074491237,23.412781542080307,15.460163380149469,23.9940216537706,27.813605474818665,24.568997583061915,27.553169183561817,-2.984171600499902,28.871694881581153,28.83108096936171,29.01354859670193,0.04061391221944177
2014-05-16 12:00:00,26.954674813365052,26.968691991344162,27.44054614581725,27.924381827837255,21.40751989265845,20.210148463385806,24.233587151288383,23.75332538466516,13.877407988629203,24.354118758880222,27.33572450125614,24.943700428227945,26.83779486496978,-1.8940944367418346,28.99511280960008,28.639553172627245,28.78408051260788,0.3555596369728349
2014-06-16 00:00:00,25.662219479904312,25.796472201921887,26.968448763452244,27.916996063345447,22.287348622966444,21.0022569709369,24.727462017196938,24.46612017851814,12.28311141879072,24.89025538466154,26.550583341595352,25.59163963993917,25.800387422697742,-0.20874778275857153,28.145891042375638,28.535707881435844,27.919649397065417,-0.3898168390602059
2014-07-16 12:00:00,24.729690122526044,24.412734034432845,25.601311684798134,27.333242698494974,23.032542980903077,21.791949295601206,25.245967542678965,25.15751117110122,10.9999596888154,25.330141769160356,25.79586523404532,26.097761497321276,24.786144260674902,1.3116172366463736,27.42293703492946,28.327401563552325,27.191874320686708,-0.9044645286228636
2014-08-16 12:00:00,23.99832598333955,23.5132095032335,24.056612184407225,26.305067891700606,23.66500476006022,22.417762008784813,25.70372233378952,25.67174357848775,10.365527572980575,25.706125753715504,25.366643257500435,26.427903013340366,24.192203911346905,2.235699101993461,27.25083769308678,28.18526540049938,27.068028127736305,-0.9344277074125991
2014-09-16 00:00:00,24.07776063342975,23.58198492972947,23.44711153722286,25.442210978124013,23.985440979720863,22.751220193385475,26.089124615016853,26.13293414766454,10.469559210016778,26.034110569497745,25.396839607486235,26.77164363550064,24.10572984296361,2.665913792537033,27.476132847769627,28.22420302105532,27.40459963649764,-0.7480701732856936
2014-10-16 12:00:00,24.70452616413675,24.321503431993932,23.94888596777465,25.219645815380414,23.935697473760566,22.74345991710244,26.0792513066061,26.119904043127747,11.492044025125363,26.067976083397635,25.836084979889478,26.81625082854777,24.566876880999423,2.249373947548346,27.7771865263594,28.419742387932786,27.848367580773637,-0.6425558615733848
2014-11-16 00:00:00,25.09190595144458,24.801160635668197,24.37969128654256,25.360372583861732,23.21222209976656,22.123547099655518,25.626571442127553,25.470429952704123,13.181978895943514,25.585251515728537,26.3647218912223,26.235626850034407,25.369976801439357,0.8656500485950502,27.911095852499976,28.4332288372962,28.00349017210103,-0.5221329847962224
2014-12-16 12:00:00,25.475380975587353,24.865059086737663,24.486567966386577,25.746310037850026,22.143974357669627,21.087479722243994,24.914354328289193,24.632940002615328,15.222316431334189,24.854909997512586,26.81535463576822,25.50137707249277,26.120363726812396,-0.6189866543196274,27.653290367085624,28.60916908313345,27.951260308976995,-0.9558787160478275
