time,nino12,nino3,nino34,nino4,norte,norteleste,centro,centroleste,cbm,tna,tsa,nat,sat,tasi,wtio,setio,swio,dmi
2015-01-16 12:00:00,26.44975209036263,25.62009546943563,25.93384876187266,27.53725091914328,22.095200399693926,21.43120420985983,24.83256222543065,24.457856337833515,19.48406520770942,24.936819347756554,27.14656540787822,25.432248616331734,26.215196916420336,-0.7829483000886022,28.07417433359473,28.80499453059223,28.55265292530564,-0.7308201969974988
2015-02-15 00:00:00,27.46215224641901,26.239988314111184,26.315922275470726,27.605489834567575,21.54363028612843,20.936403891943826,24.530906316412942,24.183573100845653,20.461955066062526,24.69164500459956,27.485258053217734,25.242218772712995,26.71184216700466,-1.4696233942916663,28.23402339592332,28.775788583981026,28.754354047305647,-0.5417651880577061
2015-03-16 12:00:00,27.911422100345685,26.839877017759598,26.817529109752734,27.87577196603865,21.383148049389185,20.793570645073224,24.54786748666349,24.21091256482004,20.35361618291797,24.72013855702134,27.796464945537895,25.338707121759196,26.983023638376284,-1.6443165166170886,28.875960741705843,29.206097986463842,29.240551879601206,-0.3301372447579993
2015-04-16 00:00:00,27.424364653887668,27.37844074623504,27.386435099146944,28.271259733536233,21.571252541943366,20.94528417157315,24.776708128622445,24.40593296817883,19.208089543793047,24.91308385689653,27.87084988163467,25.591719291045866,26.851442002660047,-1.259722711614181,29.85311726740854,29.62213152725354,29.76514396971753,0.23098574015499906
2015-05-16 12:00:00,25.970967843116597,27.150356657425736,27.594652925398204,28.536484683746906,22.009263165901434,21.16048572355714,25.024114905950878,24.596821278157595,17.54323560431675,25.111085384600443,27.456769973524683,25.83002795125127,26.119199158454332,-0.28917120720306144,29.75839488670354,29.606140575009995,29.328770106652946,0.15225431169354664
2015-06-16 00:00:00,24.858685187724713,26.840994654510986,27.48551557626824,28.395238059817174,22.663634984711276,21.646421993125788,25.435823057718284,25.14841162014887,16.05559545283883,25.48028792081952,26.776986002191194,26.317919842234833,25.140155817202935,1.1777640250318981,28.380983547384716,29.26268769645596,28.125086608091262,-0.8817041490712434
2015-07-16 12:00:00,24.260172128972638,26.198944258014375,26.98583214298849,28.097159942205757,23.532698128921243,22.465731613484778,26.00792518549049,25.872457742267635,14.887375989466625,25.863576341385794,26.12126076278777,26.625568671405784,24.202759810177167,2.422808861228617,27.56406027133701,28.72339767093397,27.382921677377176,-1.1593373995969607
2015-08-16 12:00:00,23.78768033429107,25.336286993332394,26.18013200958812,27.677273550041058,24.403592006573554,23.331986468139675,26.620034191651143,26.484883232447736,14.128349956185657,26.300680195515678,25.69078308236794,26.929699524275286,23.589520712878674,3.340178811396612,27.34090935073853,28.25675975259783,27.20315075813925,-0.9158504018592986
2015-09-16 00:00:00,23.735049173341537,25.10737832644811,25.815876263501963,27.382830646147315,24.925421385232507,23.83879349528088,27.030711693685546,26.916650221729558,13.997976980174887,26.68314138691076,25.65481525594247,27.35364027742888,23.506451568761594,3.847188708667286,27.580943390023904,28.257138834379038,27.41611005707682,-0.6761954443551339
2015-10-16 12:00:00,24.09208124624117,25.028379256205294,25.737158133272487,27.43533247369763,24.809516930157855,23.798267387471267,26.96418565534143,26.82866613756831,14.503354900492532,26.76742325766464,25.939912034342715,27.476345987825123,24.018761918647492,3.4575840691776314,28.150022473128093,28.524184641815072,27.861487999680858,-0.37416216868697916
2015-11-16 00:00:00,24.688821599853384,25.02162533057284,25.733234159095264,27.562041064150904,24.056527684369634,23.179603648637276,26.372244194623754,26.11294217509425,15.767488509295397,26.324244606915787,26.388373962074603,26.905779911334395,24.828206126354097,2.0775737849802987,28.45072257585521,28.719838877853597,28.324374436686444,-0.26911630199838754
2015-12-16 12:00:00,25.454626886905707,25.159695027737065,25.77487002493168,27.57548835504394,23.055764317794623,22.324595193691827,25.550577390843394,25.227570124852026,17.63413081852453,25.581443505455702,26.787825922349967,26.081118192070367,25.54021471873081,0.5409034733395579,28.201513539281983,28.84148645882456,28.462862167727252,-0.6399729195425756
2016-01-16 12:00:00,26.28087840218155,25.567414758326372,25.949135950708516,27.55133472709441,22.12442177203155,21.450855387515514,24.774519917425124,24.397713539187283,19.38448909147657,24.894183844977228,27.112524494512375,25.36461737191372,26.204571372658425,-0.8399540007447044,27.97155831003274,28.716279945408086,28.420779508125634,-0.7447216353753454
2016-02-15 12:00:00,27.245136022574535,26.1663000864683,26.28678668547179,27.613225836594157,21.534234506542862,20.897441404799864,24.462545296305514,24.09261914497189,20.3998419400848,24.629368288027692,27.43631664996843,25.153799661364868,26.691900211941235,-1.5381005505763667,28.12036256986022,28.632720700920324,28.602800204439728,-0.512358131060104
2016-03-16 12:00:00,27.75218025088528,26.767829725932394,26.768565846206904,27.88201877282671,21.371255538009265,20.764197867680593,24.49500515490224,24.14764678847244,20.39649331758624,24.675590621826526,27.756660977416757,25.278699940664257,26.985874976629603,-1.7071750359653457,28.819899423681726,29.112518354359683,29.1694573261648,-0.29261893067795697
2016-04-16 00:00:00,27.283093006588366,27.293713501492146,27.330966156289463,28.254093744269344,21.589538392101066,20.94509030942021,24.73807626641077,24.362778613518525,19.242826681675318,24.890821191614904,27.830535968125478,25.546772975348038,26.860841214648683,-1.3140682393006458,29.81775640890123,29.521023751596232,29.74953033839067,0.29673265730499665
2016-05-16 12:00:00,25.957127989087663,27.136785238242368,27.599908154313212,28.489560817086975,22.085352012011263,21.22842919074749,25.040078201716575,24.62504970250547,17.56167800520304,25.143930430443074,27.42370790187601,25.85547500552751,26.127773421315304,-0.27229841578779457,29.766473499025373,29.526342581070665,29.321279913179406,0.24013091795470842
2016-06-16 00:00:00,25.000201852660805,26.867085960077553,27.446247201874062,28.314714327476814,22.75823740483154,21.740056247154676,25.468747359307574,25.19201114418033,16.02934525182305,25.522328855749524,26.759895627099084,26.348992094242263,25.150576501513022,1.1984155927292406,28.32949952050344,29.223933379476033,28.064121532905215,-0.8944338589725938
2016-07-16 12:00:00,24.418238940139094,26.28182861373104,27.002345990856124,28.02035188811223,23.546942042692002,22.48997803523382,26.021190239119175,25.889573963276604,14.863595775057581,25.89369901226491,26.12033183118327,26.65220913976394,24.232061142604877,2.420147997159063,27.534250499716528,28.73167676600389,27.342635101218214,-1.197426266287362
2016-08-16 12:00:00,23.906896433835737,25.448149195734178,26.289120839491456,27.648814870390023,24.348167632180427,23.27734776848087,26.610899422236432,26.473469354921114,14.112478453801975,26.292107491979007,25.70103976039899,26.92646010198994,23.62301682204399,3.3034432799459488,27.346153964009904,28.298674569280216,27.207132659264456,-0.9525206052703119
2016-09-16 00:00:00,23.846137615165034,25.233893103099156,25.947627948528908,27.392137206926744,24.801077175706165,23.706806721315758,26.99592105793296,26.88826372451819,13.98073588285174,26.628072137487866,25.668809169274237,27.318936851253437,23.502715859356016,3.8162209918974206,27.582609407693656,28.308823461758912,27.437664581398476,-0.726214054065256
2016-10-16 12:00:00,24.227380989026155,25.186456076879033,25.883268240887798,27.459061096876397,24.71209900444902,23.692741078966264,26.957175224253717,26.84219683360417,14.48906267788228,26.735743967747247,25.971533872367132,27.482107971420035,23.98883636579793,3.4932716056221054,28.104925068560693,28.62513794841982,27.860044911235104,-0.5202128798591268
2016-11-16 00:00:00,24.82893566785936,25.135216169691365,25.805942709173905,27.56349669270863,24.01063189815982,23.12135150138135,26.393804044290558,26.14251960430853,15.784220912560977,26.334732848007175,26.40906848118004,26.94448897483067,24.79654835623855,2.14794061859212,28.38838354901247,28.7275194858064,28.273315868126677,-0.33913593679393017
2016-12-16 12:00:00,25.583762953463374,25.25442333318254,25.881671207071644,27.635716163909123,23.016637484530982,22.273250574142534,25.545984565294905,25.221018081740915,17.644963658443103,25.57221600083852,26.811723409851282,26.09341587529466,25.54094566083925,0.5524702144554112,28.167074194163757,28.80961994313335,28.429073967160488,-0.6425457489695923
2017-01-16 12:00:00,26.473762477004442,25.760258238445495,26.121054412458616,27.624537672371844,22.11135834690769,21.437670224976298,24.80088304121385,24.44076816234156,19.40772174011602,24.915659826153043,27.152672454964566,25.41243625934958,26.194636311857497,-0.7822000525079176,27.974249499229444,28.67525886846858,28.44444750957044,-0.7010093692391344
2017-02-15 00:00:00,27.46689540544374,26.373137831229187,26.467216698204332,27.71932789935857,21.534281974737798,20.89540531401061,24.497082654286032,24.147651685709032,20.40571621908166,24.659630327337194,27.517328050907278,25.21326102928865,26.719497455603992,-1.5062364263153434,28.18199923817094,28.686687017011206,28.703320983283007,-0.5046877788402675
2017-03-16 12:00:00,27.96329868290251,26.912954474834994,26.92173793822216,27.984572859934165,21.37102298677602,20.76900410840709,24.538105416188554,24.205062398601598,20.22666878001354,24.713529641885607,27.82835004040651,25.339891615454736,26.99895872178936,-1.659067106334625,28.884598839498725,29.129312387292142,29.26732760629851,-0.2447135477934168
2017-04-16 00:00:00,27.507115573909516,27.544906444280112,27.52525738928434,28.374055492731628,21.591035519604713,20.94106701147018,24.793696024314073,24.42345530365493,19.153150800316197,24.938326924905464,27.895846056557307,25.614929408186136,26.831148795774006,-1.21621938758787,29.85399179575676,29.547089629535492,29.77646578456874,0.306902166221267
2017-05-16 12:00:00,26.166224707552246,27.291109809490123,27.680848404570344,28.592596783051537,22.058241686734593,21.18669933448168,25.08980800874051,24.66203751864196,17.50998246365627,25.166308298497892,27.482678974395267,25.886684644177482,26.058994964479947,-0.17231032030246496,29.782940649068827,29.596366774010164,29.321136432662012,0.18657387505866296
2017-06-16 00:00:00,25.09796620142384,26.91119159842697,27.46349262860603,28.425997820837477,22.717029262366665,21.682216302282995,25.508729039884088,25.21484506786293,15.975038278081396,25.541453126922104,26.793154593903896,26.38843416744024,25.13261124014779,1.2558229272924528,28.284626677148943,29.27056686162872,28.025079028015494,-0.9859401844797766
2017-07-16 12:00:00,24.321485490658375,26.206365986993802,26.929822705023774,28.077668909958902,23.555972461592845,22.510218778360418,26.067823578838325,25.92191661756134,14.858685781211507,25.91124223081046,26.13090566915333,26.66644505032647,24.181260463722964,2.4851845866035056,27.53726145299757,28.71619150893603,27.336165445597967,-1.1789300559384621
2017-08-16 12:00:00,23.877786253365556,25.439238094660283,26.236709659529676,27.668942525427106,24.347912558626277,23.31440388958284,26.67103899609094,26.53169636222275,14.11535348389135,26.33099594003458,25.71940646136053,26.98406304174418,23.573463835477614,3.410599206266564,27.340902668973126,28.277672651435402,27.207878446149348,-0.9367699824622768
2017-09-16 00:00:00,23.873918422812487,25.214473463309375,25.89896660639849,27.40742385709598,24.87526400817848,23.82146728771349,27.052247561853456,26.940195150527728,14.036649878345623,26.68676241564556,25.69969102780624,27.37435907728327,23.459517624459362,3.9148414528239073,27.63963556871697,28.257488687401157,27.495642450489665,-0.617853118684188
2017-10-16 12:00:00,24.246487041235305,25.122135375185348,25.803335913338366,27.449616014661725,24.830884608523892,23.84352376588648,27.010685358205365,26.916658185771883,14.559481174243679,26.80780988859409,25.99161690635806,27.55532413179722,23.93748422547622,3.6178399063210023,28.18657826470509,28.560017695339262,27.966064387480284,-0.3734394306341713
2017-11-16 00:00:00,24.85820023234906,25.1087115268353,25.775402981267174,27.57159317203794,24.10299678397461,23.231854049815322,26.423543920775458,26.195810406705213,15.872536498970934,26.37953216774491,26.44285795283564,26.986161039931442,24.76609542110466,2.2200656188267835,28.45459517783723,28.800277091732063,28.37034697465329,-0.3456819138948326
2017-12-16 12:00:00,25.634283370854632,25.21590750459472,25.8040098438918,27.606715169402975,23.09944263548536,22.378592341466693,25.60603859903374,25.308730533375094,17.731863948110632,25.64054404836492,26.83609348121615,26.16298871647447,25.507575625508697,0.6554130909657729,28.27471414774185,28.8777212717975,28.562932617342984,-0.6030071240556509
2018-01-16 12:00:00,26.52199715723882,25.704225373374108,26.027169447316503,27.605279686427536,22.16803427994245,21.51223062022398,24.852779199330115,24.495300518408623,19.50561487509523,24.96707270538739,27.174719448820756,25.45997393878137,26.153502672162745,-0.693528733381374,28.02109512356392,28.755541693541034,28.494071801664475,-0.7344465699771128
2018-02-15 00:00:00,27.401394894605236,26.44590991328176,26.468242159954944,27.695786323848967,21.600796750811273,20.953480003684994,24.540467492557983,24.171425718432555,20.484296407079412,24.706016745589253,27.49598792953946,25.23641867757221,26.64502644601062,-1.408607768438408,28.206851568080907,28.75218592085108,28.718120807262256,-0.5453343527701726
2018-03-16 12:00:00,27.902794439175402,27.00791562067986,27.017434976826365,28.016029792766254,21.443846949616965,20.841163155219064,24.61468780573924,24.27116069556453,20.27135596279671,24.787432214737066,27.84539480351101,25.403043483570425,26.939535262558177,-1.5364917789877524,28.904293047677104,29.222636478620302,29.28301133702456,-0.31834343094319806
2018-04-16 00:00:00,27.532546489452685,27.562642300467118,27.557253669484375,28.41958954883029,21.65962142371238,21.01462502097022,24.865802413662973,24.486835379719036,19.186688954747474,25.0019586658454,27.941549908457752,25.672144851860025,26.796834687748024,-1.1246898358879989,29.873058634239534,29.616831684618344,29.802843215495304,0.2562269496211904
2018-05-16 12:00:00,26.28035690235311,27.383252438191903,27.776936855897322,28.640360123294183,22.10827955373406,21.24118646141175,25.136367737854183,24.69982133436663,17.529378411662982,25.21354753573183,27.540406892112184,25.92454830743141,26.085883198573406,-0.16133489114199406,29.84766046349191,29.61279405161752,29.38131154648836,0.23486641187438906
2018-06-16 00:00:00,25.359603269216816,27.112286893715364,27.62992103854931,28.518340492212808,22.779105012278098,21.76805744117234,25.569254590098787,25.281494882417462,16.009277420057863,25.59236548148386,26.867959337961427,26.42280386660685,25.11109868258605,1.3117051840207985,28.439057703864837,29.203041548726507,28.148192209982064,-0.76398384486167
2018-07-16 12:00:00,24.60146808526544,26.466432761090275,27.16476530109333,28.24728358931122,23.641199400137022,22.592213932844484,26.1281351352345,25.987791363682206,14.845141018934386,25.97148387416955,26.211864866638024,26.724041736345928,24.193235401622086,2.5308063347238416,27.65793603202729,28.585554682453093,27.445527427857996,-0.9276186504258028
2018-08-16 12:00:00,24.07350320776058,25.633152529815547,26.421720963957537,27.84937002425128,24.44714387379096,23.380072968214836,26.711724261814343,26.58132425282453,14.123623650570016,26.37907294593311,25.780054428121844,27.027532813092474,23.56532131564091,3.4622114974515625,27.432013863859964,28.06677109796141,27.279039316775723,-0.6347572341014462
2018-09-16 00:00:00,23.971856084577045,25.351411039280777,26.071432784635387,27.588481316345664,24.92746158743528,23.85332337932004,27.091921803504277,26.98542240779001,13.973752116454966,26.729204852079892,25.74338687549117,27.4163203354297,23.48580149312947,3.9305188423002306,27.7174176848255,28.068233187164108,27.54880828830392,-0.3508155023386088
2018-10-16 12:00:00,24.289839737275,25.312297010108882,26.05870203275041,27.67791538738843,24.77297367846235,23.749567702741,26.9986174484203,26.874393449653994,14.48392574787057,26.78406608693114,26.050526619299056,27.51934286355582,23.972197169507627,3.5471456940481936,28.314732807975524,28.403330746688763,28.026244340169228,-0.08859793871323873
2018-11-16 00:00:00,24.87527099788027,25.230709173723277,25.978618712425888,27.761502500791124,24.030009929574973,23.124975648687315,26.40213897611927,26.143419436814117,15.769796186765925,26.347845251194773,26.510385425954556,26.956117763786256,24.775490913981113,2.1806268498051438,28.554304137397985,28.768249943825307,28.430571046814105,-0.21394580642732208
2018-12-16 12:00:00,25.668765875529502,25.312173616595494,25.955902649228708,27.773981890230566,23.038946016973217,22.283305132843726,25.56478100254708,25.237220617512897,17.609141245526217,25.595294964415736,26.894654361028632,26.114420057346955,25.485263640001396,0.629156417345559,28.339615521255272,28.92769549916992,28.6066861321275,-0.5880799779146493
2019-01-16 12:00:00,26.616383906257198,25.81583979638849,26.147574559802745,27.739630765384167,22.120190441980146,21.441362727312466,24.81515828782598,24.442373870277027,19.392135909321272,24.936603835464556,27.227289503864927,25.43417218548814,26.170182745391084,-0.7360105599029438,28.126662734627764,28.885902537673996,28.59256800761726,-0.7592398030462313
2019-02-15 00:00:00,27.422318747176273,26.37941547675222,26.489743364182193,27.810029690294357,21.58149374695355,20.95281852646971,24.52755974230572,24.164394890379548,20.33605927268763,24.707483164261237,27.55554197358492,25.249213106865966,26.69151178767407,-1.4422986808081042,28.332920949249836,28.87342147942216,28.84643554235834,-0.5405005301723236
2019-03-16 12:00:00,27.865914312609497,26.919499419402534,26.949623539394725,28.067696184331922,21.420708149481364,20.829875661708112,24.567865682184138,24.230419549949346,20.306673053341505,24.753647674820783,27.876365584052845,25.376871739585322,26.989781222794882,-1.6129094832095596,29.01983809905911,29.329280987741733,29.381653987119744,-0.3094428886826215
2019-04-16 00:00:00,27.38493225902539,27.45293289742924,27.48381653403251,28.450124680348587,21.65308234876726,20.979807291532513,24.787061912564706,24.39227855555728,19.22534055933363,24.943336532508813,27.94808653870853,25.600877782101,26.860875998388966,-1.2599982162879648,30.015835142677865,29.691646952980843,29.953364018273856,0.324188189697022
2019-05-16 12:00:00,26.00752072243048,27.281046853288874,27.706788735920725,28.6568789132673,22.151626516542084,21.274259576438343,25.113716505150744,24.684057529630635,17.58801344656721,25.219826475286965,27.532078986673042,25.93335292677629,26.131679355310652,-0.19832642853436155,29.879761737296523,29.65988000112053,29.46554259363683,0.21988173617599216
2019-06-16 00:00:00,25.071527814211606,26.930173190214,27.52243681187482,28.488523112182985,22.82563079635628,21.789702897221563,25.523499865264224,25.22942664157972,16.029693911688607,25.58583229245762,26.85005773611858,26.413715330632048,25.164382951496666,1.2493323791353816,28.444515277834352,29.387682285392405,28.178736031708873,-0.9431670075580527
2019-07-16 12:00:00,24.437115128041043,26.270624711354447,26.998983577206452,28.131894756225066,23.679177466841168,22.61240846397474,26.09282768023475,25.963107534150694,14.900194021845435,25.96519000200992,26.1919184321674,26.722110140056788,24.215542867181284,2.506567272875504,27.586050286030765,28.839479414294516,27.398015358185287,-1.2534291282637504
2019-08-16 12:00:00,23.91173997103057,25.378009884438672,26.21612437078546,27.69103210613315,24.503538581642175,23.445121128563454,26.69696011177896,26.566468623552566,14.165953316423947,26.381805691678352,25.758808324294286,27.006445155430054,23.582213202388164,3.4242319530418897,27.41870631485889,28.35631934685682,27.273371099529133,-0.9376130319979303
2019-09-16 00:00:00,23.747503797645113,25.089827815196784,25.826026376477287,27.40112724341748,25.01812005365948,23.948535387384016,27.081636482490126,26.97726640279605,14.03319892965857,26.735624835056814,25.70590075436443,27.40770906359946,23.484750772302647,3.922958291296812,27.658196051792302,28.338224184623744,27.49505858033116,-0.6800281328314419
2019-10-16 12:00:00,24.159648370410363,25.08912810980497,25.808368322799918,27.473493477334223,24.92242013410786,23.92067067214618,27.02834089728268,26.917041159426123,14.588917492397456,26.836510199101088,26.004525566677554,27.55317992211511,23.976880898813796,3.5762990233013134,28.20450056178612,28.603557849461584,27.926173655324078,-0.3990572876754648
2019-11-16 00:00:00,24.75059870305492,25.049581370495513,25.78067358688513,27.59926984076797,24.172775328917375,23.294952687929538,26.450672002615814,26.21939160403953,15.89257311534765,26.412856272898463,26.452330521259494,27.014341156276515,24.76215562158034,2.2521855346961743,28.508045081364514,28.764541641305858,28.38280750816467,-0.25649655994134335
2019-12-16 12:00:00,25.569173858640657,25.201233913849862,25.831329974437352,27.623878367115132,23.109377772978142,22.342929667396373,25.544062452325296,25.214563655946943,17.742888956253864,25.589123036041556,26.832815657367203,26.096289524077953,25.474531240538745,0.6217582835392079,28.315442864878058,28.832699710045155,28.5807916967319,-0.5172568451670969
2020-01-16 12:00:00,26.560224751021128,25.74831232134414,26.05094011635143,27.592696280773488,22.20043916772933,21.509552531979228,24.819354265030864,24.4433619130329,19.562059930727045,24.9475781215956,27.176464184770825,25.42397807486503,26.13661905621615,-0.7126409813511216,28.04997508163595,28.81540633843058,28.51425080355301,-0.7654312567946313
2020-02-15 12:00:00,27.439081749908187,26.329379998824272,26.42558432972997,27.68098864431623,21.627186351810956,20.985201813837868,24.51214987918132,24.150316278476595,20.538275899082432,24.69487462998211,27.521706732652937,25.220356797454574,26.659889228566595,-1.4395324311120206,28.202504976652623,28.747645935961497,28.72545636147678,-0.5451409593088741
2020-03-16 12:00:00,27.862755981478024,26.89524600996257,26.945503992411545,27.985783812609174,21.427589403729552,20.83027284843052,24.560510689544067,24.21985664735388,20.46355946180341,24.747842515614234,27.83578818950166,25.359567424776767,26.98013534527589,-1.6205679204991235,28.879250609160536,29.166057663667917,29.26998206675045,-0.2868070545073813
2020-04-16 00:00:00,27.460430679636648,27.458615230922405,27.466011665830518,28.377483376611384,21.680186435540463,21.045170895845835,24.849022506017498,24.48126837225981,19.233939060575697,25.00140113124431,27.931684266879056,25.66562095984206,26.90930796837603,-1.2436870085339713,29.878795411171033,29.579645419437618,29.804174733079297,0.2991499917334153
2020-05-16 12:00:00,26.21036215664082,27.360949495103856,27.757521741725085,28.641859638504126,22.182900909832444,21.32856733805296,25.16296048536842,24.744868031718923,17.615189549258915,25.26042610035999,27.540465201961077,25.968028314286986,26.160564237151284,-0.19253592286429821,29.887851037089536,29.619568787923885,29.41807830275236,0.2682822491656509
2020-06-16 00:00:00,25.264245181828638,27.02006001283945,27.57415152480838,28.51953543237725,22.841959171054224,21.79232495714538,25.543829784701565,25.257342916811005,16.096727328766313,25.59695673639842,26.871142317771778,26.419510692594663,25.144035604969947,1.2754750876247165,28.441182048113525,29.29463813295204,28.190506701952412,-0.8534560848385162
2020-07-16 12:00:00,24.551311477587166,26.43748288694676,27.112626164825876,28.194373244890695,23.645240327890907,22.578733470425686,26.107149353277183,25.985460411940462,14.935129818905263,25.97861616931965,26.223633115470435,26.746633700351154,24.24654815856225,2.5000855417889056,27.671528094510936,28.742249578442973,27.486026269510027,-1.0707214839320365
2020-08-16 12:00:00,24.069839074108465,25.581220986101737,26.359980444384895,27.75440963017634,24.492337690079516,23.432536020821953,26.72040871586502,26.602205054177926,14.174907025488583,26.39618260793108,25.79201858184035,27.043267658275546,23.596712411569897,3.4465552467056497,27.43928513448677,28.252607821973417,27.31757563153046,-0.8133226874866466
2020-09-16 00:00:00,23.962912181767418,25.2981329137352,25.99546309120134,27.460433754746987,24.97436785605016,23.922802748894426,27.11617318134253,27.03161533214564,14.060521341683534,26.748469590880156,25.748624601520408,27.438313944833265,23.464619963276647,3.973693981556618,27.633875851184023,28.28408243862315,27.498936594222876,-0.6502065874391292
2020-10-16 12:00:00,24.330063061822134,25.263831517724338,25.923401320871136,27.516429237033798,24.895427284611536,23.903933214857787,27.053864994341755,26.945969175099613,14.50847858506386,26.837482061055404,26.03771262185698,27.560883085110614,23.95819236323304,3.6026907218775754,28.214506334804256,28.589493426623786,27.950792602686313,-0.3749870918195306
2020-11-16 00:00:00,24.859554443048044,25.21266642736901,25.887249954558662,27.672616130686187,24.17301923866905,23.31484477448146,26.508010068429062,26.289861361138968,15.788310652600105,26.450317780491954,26.470583968200867,27.068842049340542,24.80090925428796,2.267932795052584,28.48928026728168,28.771169184810805,28.3751432503584,-0.2818889175291268
2020-12-16 12:00:00,25.629594259271162,25.35679764661049,25.96655645530864,27.726106723734226,23.176785292920677,22.428228799769773,25.635387709810878,25.338966032756822,17.753073217188046,25.67087199972613,26.84492480455453,26.196753569768102,25.504335616104935,0.6924179536631669,28.249840826075022,28.88823861883951,28.50228842875085,-0.6383977927644864
2021-01-16 12:00:00,26.528233021462295,25.866629018535093,26.22521597703644,27.762945864033004,22.280358975734718,21.606837191227157,24.905591150437928,24.55462632208257,19.48541761010849,25.026062291807094,27.193651705975835,25.51662391949876,26.133581300158344,-0.6169573806595849,28.119723942757915,28.83659936203488,28.599505219906646,-0.7168754192769669
2021-02-15 00:00:00,27.56969246995245,26.562539402389177,26.620426753185615,27.886192938743985,21.748914924759198,21.124897193716567,24.625579524830567,24.27802816982163,20.436443146604628,24.800566537146292,27.55504808950418,25.33085949998295,26.610665521638996,-1.2798060216560465,28.266048664175138,28.89674296392666,28.788945750316167,-0.6306942997515215
2021-03-16 12:00:00,28.04047474671769,27.15930216089386,27.134399646454835,28.15289781378657,21.603135176843956,21.008795402100997,24.682349728968926,24.360114656948582,20.35561175223572,24.876120396594057,27.882899416071748,25.486326361520508,26.892382624237914,-1.4060562627174065,28.925844653107895,29.360548317126145,29.309469017259815,-0.4347036640182509
2021-04-16 00:00:00,27.60990472375738,27.652858111427722,27.701893470604368,28.545788007270538,21.864653435592945,21.220371364362613,24.995514574782707,24.62504729520482,19.304950119344483,25.149411138786096,27.974889842875353,25.808452118070687,26.767762989919056,-0.9593108718483698,29.95978408763663,29.721665087074342,29.91411365411551,0.23811900056228907
2021-05-16 12:00:00,26.44777016236915,27.471897489188517,27.8763982992895,28.752288630760336,22.334967140582346,21.477377833865095,25.299575681640377,24.861438478099753,17.662117228415056,25.391507672437193,27.56815969070316,26.092536618540258,26.051095387995517,0.04144123054474136,29.957611314981627,29.68358487802244,29.496208901830485,0.27402643695918627
2021-06-16 00:00:00,25.499184837513198,27.192628284903048,27.722617297306535,28.59309731575659,22.95759543697674,21.929170061470405,25.699302237141545,25.398873867762774,16.12737646397232,25.731107390011193,26.889264104981663,26.560692560505426,25.09095496726968,1.4697375932357453,28.461015302106844,29.327087625057498,28.191437261937928,-0.8660723229506537
2021-07-16 12:00:00,24.78410529822959,26.585281444952045,27.25788873336524,28.276378045479905,23.755503063505614,22.695960475146308,26.265339657375627,26.099681688640207,14.94900729411116,26.089259064332303,26.244391504062996,26.813513291674525,24.195921268951004,2.617592022723521,27.693301968586486,28.70950460722328,27.497877890553895,-1.0162026386367948
2021-08-16 12:00:00,24.20683158046405,25.780911412962897,26.546537076619625,27.878865540354358,24.569713263925472,23.530932081209674,26.85210048851768,26.68841733522707,14.152924357068937,26.491129877803314,25.822163031806785,27.106302555657397,23.569571205318958,3.5367313503384388,27.49030567460386,28.19011967420084,27.344277725634427,-0.6998139995969801
2021-09-16 00:00:00,24.102965396019886,25.452539808743005,26.142079147956565,27.600909190819788,25.03958688970418,23.99397687984787,27.22606215514231,27.09553755375603,13.98465585751174,26.839446696935227,25.77591282200057,27.506900551792494,23.488022522307496,4.018878029484998,27.735644805681744,28.2015299625114,27.56806507737371,-0.4658851568296569
2021-10-16 12:00:00,24.390319828796567,25.42109128024852,26.113783122999802,27.660291297022233,24.939520945869923,23.960826063427266,27.180153699077383,27.054243428574253,14.526206775007722,26.94845720612127,26.07825352133165,27.676422895394648,24.008759715513214,3.6676631798814334,28.373120714920532,28.53290820674254,28.052480739894953,-0.15978749182200858
2021-11-16 00:00:00,24.993851402709886,25.401951074261063,26.075505592037132,27.753365007638852,24.221582560646286,23.349246328680806,26.571931500045885,26.312186622905877,15.857927606278563,26.50801552922569,26.53693715824418,27.101513213606566,24.817010108455555,2.2845031051510105,28.62113128406734,28.866235188121035,28.468593382238375,-0.2451039040536962
2021-12-16 12:00:00,25.76411121221517,25.49801994741991,26.091837097436187,27.779973354695223,23.184198269529677,22.434722725687053,25.698953386598934,25.36366654017978,17.71270745567213,25.722384758857885,26.93430527755173,26.236697505730806,25.56871655308007,0.667980952650737,28.38804016475306,28.978340559499316,28.645855764152472,-0.5903003947462544
2022-01-16 12:00:00,26.657747364060807,25.94953614749103,26.262067762076953,27.755318788331007,22.2574458066115,21.576920973967816,24.97991108871437,24.58628371511293,19.574086057663216,25.079514260463448,27.2593514614476,25.562840410050327,26.260529889068025,-0.6976894790176971,28.161468357501313,28.925709422201056,28.622592479647032,-0.7642410646997426
2022-02-15 00:00:00,27.601896778069282,26.628291969277278,26.68852903959807,27.85582628930443,21.690642409772618,21.053173513740862,24.71558719726882,24.331218207898566,20.5216272545397,24.86097567677803,27.60178683882069,25.398645942054838,26.76176538234553,-1.363119440290692,28.330949089098976,28.883379511569334,28.83789342654797,-0.5524304224703585
2022-03-16 12:00:00,28.067230831919993,27.173917597143042,27.140056374545736,28.127684734630726,21.525349201776397,20.9108281749705,24.76139502608663,24.387039400945635,20.37441367315067,24.91229971788096,27.945929392828102,25.524109064824437,27.037390165928297,-1.5132811011038605,29.000768092107958,29.379360833640483,29.387142055221876,-0.3785927415325254
2022-04-16 00:00:00,27.649866166496437,27.684152441089388,27.688550411703407,28.50274513212254,21.749187088487922,21.088204404981713,25.028183167208592,24.623890436556547,19.257494871785788,25.1476857306071,28.013926615849826,25.813788473416206,26.94779369807812,-1.1340052246619123,30.009750034839282,29.74513332670514,29.94111495563346,0.26461670813414173
2022-05-16 12:00:00,26.323969754275495,27.429052855018327,27.858736263186735,28.7191422809695,22.215789355491538,21.351804704386684,25.319671920010155,24.869436877383926,17.591213347320704,25.39107061949922,27.584266729977756,26.10768722422472,26.208317733591233,-0.10063050936651408,29.958604327170548,29.751759835145144,29.514024823663952,0.20684449202540378
2022-06-16 00:00:00,25.421244802458006,27.06721145787993,27.62521417489989,28.540694353005954,22.928433786476997,21.896556804004682,25.736288657959793,25.436275355014896,16.060799909621892,25.765582508748743,26.909261590101465,26.603930830115317,25.23295507454794,1.3709757555673754,28.51052075310697,29.342214895856756,28.235786829571726,-0.8316941427497859
2022-07-16 12:00:00,24.619627091056586,26.423905626826947,27.08341415044918,28.16973821896818,23.74924984264464,22.684451056357112,26.27509640834167,26.117053131391277,14.92635445019999,26.114099742341153,26.24892011416912,26.86492316156434,24.28656895550814,2.5783542060562006,27.724974486254244,28.859044108594038,27.52139759712805,-1.1340696223397941
2022-08-16 12:00:00,24.10556893488892,25.6190147130583,26.346293572197364,27.699018250626466,24.60731730316567,23.533210782674388,26.857415470411834,26.709724503522544,14.178445980058505,26.52196368744005,25.824965288262916,27.15281889669822,23.611125932676366,3.5416929640218555,27.48457548465067,28.403309376813283,27.340774337796237,-0.9187338921626136
2022-09-16 00:00:00,24.01902023695509,25.3488863866116,25.999054897000008,27.427262091944478,25.075517944096887,23.99524515229828,27.25060046300255,27.131297790942583,14.08700852130533,26.868748103564833,25.7882603045696,27.545743583254385,23.479696896760863,4.066046686493522,27.734525973733223,28.412005958659655,27.571926826445768,-0.6774799849264319
2022-10-16 12:00:00,24.395623163260584,25.298263936350313,25.905279817688132,27.45732455405217,25.00474942284457,23.989476454710076,27.195094256122402,27.080686058070985,14.599007408868701,26.97382652859144,26.07360038620459,27.70269849574666,23.979783869792666,3.722914625953994,28.30164125040516,28.668028783520768,28.018961341843852,-0.36638753311560635
2022-11-16 00:00:00,24.952753524682887,25.235534890636426,25.877003089241587,27.585154715456934,24.266418650912925,23.37271070391075,26.59481098233099,26.36237475556899,15.910056486092289,26.539252365708215,26.517229309161323,27.14033223714975,24.818726166208567,2.3216060709411828,28.560012661614813,28.86705047738247,28.4183938938628,-0.3070378157676572
2022-12-16 12:00:00,25.758663005613894,25.386417441287698,25.921073456895055,27.62586239240435,23.230192502561202,22.462872428670078,25.71671182577232,25.401960211737066,17.776392041558108,25.7491373827052,26.899412069257924,26.265204086954334,25.565395463577946,0.6998086233763878,28.34554846681272,28.96619338456899,28.577035472288408,-0.6206449177562696
2023-01-16 12:00:00,26.66925301819517,25.84896423839603,26.13963824202562,27.635787707109543,22.279127360355666,21.592663457551613,24.981749590558678,24.618616385901,19.530594445651356,25.090069923072004,27.248305346250287,25.590752639147155,26.259462890412603,-0.6687102512654484,28.12035542007985,28.810999377341656,28.56590846103117,-0.6906439572618055
2023-02-15 00:00:00,27.65339706270726,26.530873191215356,26.557293535459014,27.74856489093678,21.696376534420253,21.061994157469016,24.671838012100622,24.321375769761424,20.607042309605344,24.832195359843123,27.59065950595055,25.384791656303417,26.753358154466795,-1.3685664981633785,28.307924597136218,28.717683858087565,28.817169129866873,-0.40975926095134696
2023-03-16 12:00:00,28.13828902972133,27.12327942412382,27.041329935967738,28.047298815720726,21.525285926434954,20.962576949436336,24.712701728512986,24.40847597827949,20.553407905133383,24.888069295010467,27.927492119336243,25.537816631807836,27.036168020401504,-1.4983513885936688,28.956874106750544,29.319591388785554,29.312126834734592,-0.3627172820350104
2023-04-16 00:00:00,27.708217392077582,27.652277544281766,27.615872344371557,28.487435254660248,21.73093090026501,21.082164121589386,24.933386279305576,24.57578221128253,19.291963761557334,25.08022797810835,28.022626347900175,25.772931711970607,26.912958624889026,-1.1400269129184188,29.9897381901206,29.676942593362515,29.928441107157912,0.312795596758086
2023-05-16 12:00:00,26.3814161693045,27.46938898940083,27.850514799135954,28.722098040545497,22.1816446313984,21.332698357229752,25.216299713801057,24.807245611965122,17.59697120991664,25.307777630965514,27.610943456089625,26.05106095335537,26.21378660836692,-0.162725655011549,29.887117954424188,29.701136982648443,29.436349058530055,0.18598097177574502
2023-06-16 00:00:00,25.410448279236622,27.18463653546766,27.701767409698814,28.578196818418,22.867625111003385,21.860397420448255,25.641503016384366,25.366001414336807,16.018503984008706,25.683527520428115,26.936759020342926,26.536342059235707,25.283191948824566,1.2531501104111413,28.53155801956567,29.342492974967254,28.23958701160088,-0.810934955401585
2023-07-16 12:00:00,24.70648586029346,26.516285961622465,27.17578093013176,28.24391556768558,23.728064905238057,22.69858960071428,26.21978289354162,26.090022848237144,14.855664995286174,26.076750706240425,26.282249551488245,26.845691364072042,24.348098240030637,2.497593124041405,27.750913706693186,28.845712800556388,27.546220506295974,-1.0947990938632017
2023-08-16 12:00:00,24.21474849209219,25.675148283219414,26.41262820767303,27.809925244047353,24.58018842047111,23.537397003005246,26.829544101019764,26.705615986960634,14.097507413881482,26.504077385763697,25.8571710955861,27.149865286880065,23.673468289338718,3.4763969975413467,27.52442428771965,28.40309386538621,27.38961166745006,-0.8786695776665603
2023-09-16 00:00:00,24.07508902673125,25.400214854937495,26.049957896434346,27.505561934311032,25.133888344155974,24.073302730699584,27.271245801622126,27.17703579342082,13.962539892282622,26.89785705201508,25.813840552799736,27.583038594463524,23.53434336717841,4.0486952272851155,27.75495438297486,28.42296001797526,27.597389583571953,-0.6680056350004016
2023-10-16 12:00:00,24.412819097993356,25.37022145540857,26.005866067217557,27.566906538137335,25.045881060099973,24.046715805410564,27.202465089726896,27.1208394384415,14.534843204943074,26.995748419351905,26.118672936528473,27.745375578186827,24.037488657659342,3.7078869205274856,28.375409453747775,28.718687342263927,28.091006660636673,-0.3432778885161518
2023-11-16 00:00:00,24.98517425506023,25.338989237580414,25.97738731268382,27.698830931761293,24.31665851802705,23.43660890475765,26.604492147135534,26.375217128323513,15.89901463032462,26.564202590392238,26.562786507032612,27.164777304948732,24.929761014925656,2.2350162900230757,28.631524716326226,28.910668280138665,28.50861679981424,-0.27914356381243977
2023-12-16 12:00:00,25.748569689458368,25.4803418048128,26.0220480822069,27.747079535839244,23.2858997684197,22.539268969625944,25.74847766028734,25.421540581119583,17.7628027403259,25.79000815077181,26.965452299874187,26.29388292391422,25.685919648863372,0.6079632750508495,28.427582483422057,28.976812518430833,28.69831404988896,-0.549230035008776
2024-01-16 12:00:00,26.693025999264933,25.983516699482244,26.252217835825622,27.734726524679903,22.352597390022083,21.684371364761773,25.020883335649405,24.64516657644314,19.522312879506508,25.141248458776786,27.301029806934405,25.626485711231208,26.30094319823543,-0.6744574870042221,28.204480232993618,28.893213357501125,28.69152874895729,-0.6887331245075075
2024-02-15 12:00:00,27.697492472012808,26.591661337333697,26.608347888435343,27.83764857559419,21.772417852636625,21.157889645111503,24.7309311033731,24.372874537442055,20.60599810975813,24.903865383014036,27.637586915195936,25.44665473004914,26.794097758426023,-1.3474430283768832,28.374593543098907,28.879056715242733,28.90301755876987,-0.5044631721438257
2024-03-16 12:00:00,28.184955158839063,27.186695086237073,27.102459899200394,28.121401148071573,21.61181771445546,21.0268946957236,24.7626681536677,24.43983137023158,20.531200154034863,24.95192669397444,27.96851749601838,25.57843813492254,27.093416903131647,-1.514978768209108,29.05318927554221,29.34648673047273,29.429631324150392,-0.29329745493052073
2024-04-16 00:00:00,27.713898001845518,27.69127571121128,27.695306324405678,28.537033477275696,21.839676543374363,21.202793206562195,25.025324789251094,24.666049764297277,19.358912692197286,25.173926955800425,28.045885738007534,25.859563272984943,26.942231473734136,-1.0826682007491932,30.05605006595851,29.73910362032922,30.007557324299945,0.31694644562928787
2024-05-16 12:00:00,26.439829145820678,27.49629132442333,27.887137423847452,28.76286665588279,22.28578954160524,21.44607063907852,25.338362112056206,24.922704398022454,17.647862811004984,25.424507750132044,27.63832095932567,26.16264000786073,26.22267593938245,-0.06003593152172115,29.996463379192498,29.7146212536478,29.569602386412665,0.28184212554469923
2024-06-16 00:00:00,25.49528378674571,27.17013438561844,27.689382753508085,28.607053246572637,22.971228301408836,21.947895216066023,25.723690857478072,25.441329189213906,16.03787347837873,25.767639366040353,26.961235146154554,26.617650415552745,25.253731373903065,1.3639190416496803,28.52889352477077,29.396067113199013,28.266690726610893,-0.8671735884282441
2024-07-16 12:00:00,24.742635703018593,26.497052860022123,27.157800515273976,28.257004047045516,23.796300965926992,22.738431983061933,26.26192325923141,26.12626285114183,14.89440708869323,26.11960076549351,26.300107930457248,26.880783203049788,24.321087378919184,2.5596958241306034,27.744995249908584,28.867709476480336,27.5313321686219,-1.1227142265717518
2024-08-16 12:00:00,24.118109998607025,25.57140597113437,26.34353019123144,27.78374411213431,24.620345805830286,23.557277274981967,26.86451799641522,26.732227784628066,14.212895419111303,26.528701835320263,25.860816771484377,27.16659860319565,23.650043803410615,3.516554799785034,27.533783280475625,28.446472747689224,27.36952850612341,-0.9126894672135997
2024-09-16 00:00:00,24.060559036238875,25.3717726561624,25.98936068187383,27.474417693055585,25.12227047431262,24.046045686916816,27.26315729602283,27.1465269489626,14.127354013338698,26.88880178093097,25.82506438776954,27.564702993156647,23.52856939062454,4.036133602532107,27.756429065211954,28.47485409709313,27.589468287912485,-0.7184250318811749
2024-10-16 12:00:00,24.44275753010125,25.326622596359954,25.900069796948436,27.489282908869235,25.017545550840815,24.00547504358174,27.21837873592986,27.108435207903486,14.681499086951536,26.98911872802441,26.112061481995703,27.73037966419751,23.994241974316573,3.7361376898809375,28.30834564127569,28.764154179117714,28.062332488297233,-0.45580853784202446
2024-11-16 00:00:00,25.003167031117496,25.339709329963124,25.930410842581512,27.623059748669,24.30418126966723,23.411299212648437,26.62597239387175,26.385418614143212,16.014672814894777,26.57006269239353,26.56918917170478,27.180037956055976,24.815049699085616,2.36498825697036,28.63664373088002,28.947331656126607,28.526503900180057,-0.3106879252465866
2024-12-16 12:00:00,25.808169257544993,25.461933905269277,26.003225427662695,27.69947438337263,23.275715308766323,22.50325154798529,25.762060944879092,25.42372132854321,17.89938719034179,25.789737912347327,26.97964223630851,26.30139426084851,25.59111061710143,0.7102836437470792,28.447227133443942,29.01140339994391,28.704146044652596,-0.5641762664999668
2025-01-16 12:00:00,26.70133244915799,25.980912879686223,26.24813707551339,27.704158801712506,22.32153351652221,21.625626532898558,24.996980604416205,24.60605621553742,19.62407679133628,25.10682100779914,27.319799473365748,25.592468268521397,26.29197018442319,-0.6995019159017914,28.203961302021767,28.92283543192296,28.676002103021553,-0.7188741299011916
2025-02-15 00:00:00,27.608547261355458,26.70527251456543,26.692955896033624,27.829978820319116,21.776241723933687,21.117965043621,24.69181759748003,24.306386181705115,20.591660419812218,24.85891486298837,27.65870778940755,25.3846179060874,26.790574086214804,-1.4059561801274043,28.371961978734937,28.978179607230427,28.894946525160304,-0.6062176284954894
2025-03-16 12:00:00,28.1028057342719,27.198165128355217,27.157837577272936,28.164720342242855,21.617557561053637,20.999658901865963,24.75024607575658,24.389528299544914,20.480336672629626,24.921147209716402,28.01472359473268,25.53000016437143,27.072610925123715,-1.5426107607522859,29.090680994909192,29.548357431148645,29.489945150656254,-0.45767643623945276
2025-04-16 00:00:00,27.6637681878216,27.668300041745738,27.70457322447592,28.572422120517984,21.843040178879257,21.17646255345292,25.0008394326884,24.606972890435447,19.332649101997372,25.14311661388211,28.07285786611476,25.808510149013166,26.9105015590915,-1.101991410078334,30.05964465942343,29.789877522332898,30.002890695239504,0.26976713709053257
2025-05-16 12:00:00,26.487323158646642,27.50586470716579,27.888848619216535,28.770708289823162,22.303846359346874,21.433967934349862,25.306911968603323,24.856552797046298,17.655002293035455,25.390673741846456,27.650347763105678,26.10308444419229,26.153261914283878,-0.050177470091586684,30.008524375414034,29.773362298684372,29.534696853024368,0.2351620767296616
2025-06-16 00:00:00,25.49426213232999,27.189513078063722,27.711258152398386,28.572615146675037,22.919289336683214,21.90407311478161,25.703242373795025,25.398545719657395,16.165719921433915,25.733788103662928,26.96185750419908,26.571629230932956,25.178809189599697,1.392820041333259,28.575436874922175,29.379740566460445,28.298020002702494,-0.8043036915382693
2025-07-16 12:00:00,24.793082759172933,26.549287234517287,27.18260080383356,28.216891142853168,23.745735641538513,22.700000331336703,26.256092170988452,26.096691890360525,15.053653661300649,26.09735549585734,26.30743010969797,26.846446592705046,24.229529154368137,2.616917438336909,27.776973636034146,28.826909081095565,27.574136306330125,-1.0499354450614184
2025-08-16 12:00:00,24.213774934888313,25.73528329782395,26.464880492498953,27.79329168729318,24.57509026876612,23.526241960541736,26.82931646148065,26.687986191972026,14.310483131366796,26.50369713900864,25.86877471586267,27.149201578404547,23.610485635893763,3.538715942510784,27.566852724043724,28.310272536571787,27.408669632459485,-0.7434198125280638
2025-09-16 00:00:00,24.169788004380916,25.5069636128896,26.146909193611133,27.578169230236018,25.09675966913653,24.031218352690132,27.227789480391284,27.10715489855885,14.186713944606064,26.86901037864229,25.834200473251407,27.5531746283856,23.52085107548578,4.032323552899822,27.833707994200417,28.278189830874318,27.65974802796127,-0.4444818366739014
2025-10-16 12:00:00,24.55409137272845,25.48737566961739,26.09275500058052,27.656566836715363,25.011809799939687,23.997037732027184,27.175829565025808,27.066889023487935,14.716897990733639,26.96952310923763,26.15049077700203,27.721520223010938,24.033929928824524,3.687590294186414,28.450020425143645,28.6364667180067,28.146341836251057,-0.18644629286305658
2025-11-16 00:00:00,25.16963980465293,25.480939052900233,26.06800654484319,27.751144304253902,24.27093496808707,23.35369072389271,26.566926798484836,26.309904181879425,15.994447814555006,26.530120490202844,26.610717520465084,27.133221079987717,24.878809454715224,2.2544116252724926,28.72775401505565,28.914174825637385,28.58532292596303,-0.18642081058173687
2025-12-16 12:00:00,25.95575324880688,25.590383315866582,26.133842801026496,27.803802696120833,23.29209971659938,22.516844223475903,25.75050308738743,25.415004161482646,17.88869154642218,25.795442782822647,27.012115365348574,26.30244174863961,25.59921816524444,0.7032235833951681,28.48953946223062,29.060126082687304,28.729267682209954,-0.5705866204566838
2026-01-16 12:00:00,26.844814281770645,26.152963069133968,26.39559038375868,27.763748044558724,22.385528580500928,21.68323841112902,25.01547233608468,24.649561342494078,19.63355731272334,25.14654086806815,27.334847873421143,25.636481806874016,26.271364684765917,-0.6348828778919007,28.285160161172286,28.955848615552775,28.728797375804596,-0.670688454380489
2026-02-15 00:00:00,27.712402125569103,26.8243520725388,26.830866220015675,27.88574067255753,21.803988610821104,21.1541874038451,24.719369471115524,24.3567280024466,20.597191460660014,24.899750120716362,27.689674856462922,25.44076917759162,26.778395934782132,-1.3376267571905132,28.51789140907848,28.983034829378894,29.042666603882736,-0.46514342030041433
2026-03-16 12:00:00,28.191139833098045,27.35810428661592,27.282884743600714,28.164814977229696,21.625290330312875,21.00108192354038,24.746118972374568,24.38112239751062,20.461625510884414,24.931411495843157,28.034572323997875,25.539225879149658,27.047255712134415,-1.5080298329847572,29.188455744819766,29.4826332178405,29.554491525699742,-0.29417747302073494
2026-04-16 00:00:00,27.902034410176768,27.8390188472139,27.790573064053437,28.580827814998372,21.874362403548407,21.197959121472994,25.05150252296098,24.64644120121816,19.270965360218586,25.19795457632515,28.127279440755228,25.85491916681827,26.9222753255166,-1.0673561586983311,30.155837850060248,29.88483307285581,30.071623063711943,0.27100477720443905
2026-05-16 12:00:00,26.63517035076917,27.62934092033405,27.969362218574584,28.81226004445465,22.362531601781882,21.481582849962884,25.345970618260594,24.902280214268067,17.727456403362517,25.442442066277756,27.70609642636799,26.153145500506966,26.192839806696767,-0.03969430618980141,30.086742058518478,29.863774809534252,29.61143124002287,0.22296724898422582
2026-06-16 00:00:00,25.55544810282587,27.263418666979536,27.773787179687957,28.644978845825403,23.015251855455848,21.980989218217402,25.74969755705933,25.451875573433806,16.184066010064807,25.7985452875708,27.008837401790053,26.637229539768867,25.275325279614698,1.3619042601541693,28.564776375116317,29.468367901559862,28.30837906654051,-0.9035915264435452
2026-07-16 12:00:00,24.764403263438563,26.566187508052018,27.203363753832384,28.25859010241032,23.89175103171586,22.809579369222373,26.342823929816696,26.189030933239668,15.019560224097226,26.189109312021266,26.335905720524835,26.93552546201984,24.35218252831467,2.5833429337051683,27.79276099338204,28.87659465814566,27.58657985327747,-1.0838336647636204
2026-08-16 12:00:00,24.217463553365814,25.723942302229663,26.46064717347433,27.831425818091045,24.733958216904444,23.65632766488457,26.929825608635046,26.782444830755818,14.350598528881374,26.594665454985943,25.911689681404873,27.224143029477375,23.723095440525913,3.5010475889514616,27.597937426167206,28.41581848817584,27.452517700005966,-0.8178810620086345
2026-09-16 00:00:00,24.17815354002888,25.471063121503153,26.08749506838418,27.546147598287543,25.2525266431802,24.175223049145163,27.326155895027668,27.20956693951059,14.245510417625015,26.960605682914764,25.872246088049813,27.631918071922417,23.586947578504926,4.044970493417491,27.84504207872984,28.438961346053635,27.69596408620571,-0.5939192673237947
2026-10-16 12:00:00,24.519727336449478,25.377223444260224,26.017011827138404,27.59862474680978,25.146855358857014,24.12741475793766,27.25322765524987,27.12467662636016,14.816528534796548,27.04981461828646,26.17407702068289,27.766194559843363,24.09624019951251,3.669954360330852,28.398383127320955,28.766830646184673,28.140319206494546,-0.36844751886371796
2026-11-16 00:00:00,25.03312463898843,25.304149895124876,25.95355488072734,27.738199614053507,24.397675731900392,23.48060255844896,26.661245550420396,26.41166005164268,16.137342635076223,26.61951341115684,26.620827895884965,27.211191450293597,24.921297534619267,2.2898939156743303,28.689125484799828,29.0073432206906,28.600936373377078,-0.31821773589077296
2026-12-16 12:00:00,25.806249880257955,25.404816613941406,25.954213246247836,27.751733636427147,23.330853457540833,22.55397476041894,25.81663378666002,25.49939296473518,17.930643938838287,25.848009127014045,27.005570945608348,26.372984577401382,25.68543498894276,0.6875495884586229,28.540859791386726,29.073837706795143,28.810379486851755,-0.5329779154084164
2027-01-16 12:00:00,26.65249321251261,25.848206568007058,26.172037033333698,27.777908355997322,22.403782517692182,21.716614748220437,25.076299973742362,24.70021429624548,19.759010027935673,25.184421590038227,27.328259441596497,25.669221579585454,26.368116876484027,-0.6988952968985735,28.29296923607472,28.98395770077994,28.75564318129502,-0.6909884647052209
2027-02-15 00:00:00,27.608027108458685,26.512202588842744,26.564241071037742,27.883784750420645,21.84679068264344,21.198555050424744,24.753906992573622,24.378254159344973,20.660158378502846,24.921078580924053,27.65336067943304,25.444190035129946,26.883376795133234,-1.4391867600032882,28.43476842363227,28.932813355404566,28.964625729659662,-0.49804493177229503
2027-03-16 12:00:00,28.06423757835135,27.0522396333261,27.08317015198942,28.199130024032563,21.68712559869666,21.093242408473188,24.829951465855675,24.489886654896477,20.617160523614125,25.004490726769784,27.976087335959424,25.622514741799595,27.202505311116326,-1.579990569316731,29.080454335060253,29.380535029763195,29.457848699145746,-0.30008069470294174
2027-04-16 00:00:00,27.531218704356736,27.558608691609773,27.676293763288566,28.62055034321331,21.895680505588384,21.243444336084927,25.06001559734245,24.693590836538323,19.42692282182525,25.199587430182138,28.048621652966375,25.87805393535079,27.091604535082794,-1.213550599732006,30.05246910340619,29.746110424428263,29.963271010437403,0.3063586789779258
2027-05-16 12:00:00,26.106849782391222,27.42683664049831,27.931822496518215,28.850160664310806,22.35024341131476,21.486547498318753,25.366012343707087,24.94706195252111,17.783534747501147,25.456556963227726,27.647257022591184,26.185222984057575,26.382446259235824,-0.19722327517824922,30.005564495489946,29.74821838868938,29.576690286472832,0.2573461068005649
2027-06-16 00:00:00,25.166052352450947,27.213955567804184,27.816182469579193,28.68095949089135,23.025641601601013,22.00895776392284,25.798173517565914,25.523506823888653,16.21315228688394,25.835038839952627,26.981227522345577,26.68031586731036,25.395808521998372,1.2845073453119866,28.5861190019675,29.457599926811632,28.33932397418715,-0.871480924844132
2027-07-16 12:00:00,24.599257502816524,26.617200536781038,27.357194162731517,28.373315022344485,23.8842206992156,22.85366492425336,26.376374576895756,26.237966732343583,15.030560395515403,26.224781970833565,26.33638660809665,26.971638277479624,24.461802173807307,2.509836103672317,27.839366004377023,28.956675905602346,27.64594858272882,-1.1173099012253225
2027-08-16 12:00:00,24.168125184089895,25.74087773506733,26.610360808576697,28.010027613433188,24.71243042800859,23.68622171944592,26.971080505555324,26.838221530361423,14.31192955950248,26.6380678471345,25.914204325262467,27.26733429079846,23.801958569185803,3.4653757216126557,27.62088602201503,28.46526408393814,27.474238602028286,-0.8443780619231127
2027-09-16 00:00:00,24.12144729225484,25.50044445375992,26.191595646485112,27.704497529521387,25.1856098250213,24.15667441765207,27.380272094648678,27.267484142615636,14.213892220519224,27.01077755292157,25.87695047712542,27.68964098545351,23.67280420592284,4.016836779530671,27.849927551793282,28.4629719543336,27.68734843030184,-0.6130444025403179
2027-10-16 12:00:00,24.500639912752362,25.465126380128318,26.148829653292555,27.749520899012836,25.1140431072192,24.159737058368588,27.341862952115846,27.23725982619219,14.750867412281298,27.121280412581044,26.187692285063388,27.86171266684035,24.165958995696844,3.695753671143507,28.477449642418208,28.766286020328575,28.179848049684274,-0.28883637791036776
2027-11-16 00:00:00,25.02957427420612,25.36737338819206,26.07513919305314,27.876238987028312,24.379736295011536,23.533456456989256,26.725626888103946,26.474719061187503,16.128953490728765,26.675422467084328,26.63004447786684,27.270413159840455,25.021125566464246,2.2492875933762093,28.725120404384846,28.965177235662757,28.568070316212513,-0.24005683127791144
2027-12-16 12:00:00,25.778124210203234,25.48588217027713,26.118234601621626,27.94101948202215,23.374723215738126,22.645205713354933,25.843149623081526,25.49540871080454,17.947005227623134,25.877356874080256,27.02886740943042,26.366925593365153,25.771629794608334,0.595295798756819,28.490127382882775,29.08707749993487,28.715134646147384,-0.5969501170520957
2028-01-16 12:00:00,26.71103649143079,26.016084811690927,26.343384382191513,27.92458142609824,22.43654124482147,21.763478959776318,25.092259149283148,24.68599782661265,19.673456412083286,25.20346923004893,27.379279824403486,25.668645492217408,26.4592266507314,-0.7905811585139908,28.28129540382411,28.93069017517888,28.744453280926656,-0.6493947713547712
2028-02-15 12:00:00,27.778045357860325,26.76818083116734,26.789574310368305,28.042213505941604,21.870398477068175,21.247492331553612,24.8062458875468,24.421253995712455,20.714098226161507,24.970652955059126,27.727022730656152,25.488601629981066,26.931002272481997,-1.4424006425009317,28.45569067143418,28.962567174727145,28.98064061216102,-0.5068765032929647
2028-03-16 12:00:00,28.2532772779635,27.32328556087354,27.317518982007805,28.376163803693768,21.69748769493288,21.138949719532334,24.868936815808038,24.521124835357714,20.63448404584185,25.040389888227235,28.07578568348511,25.651805532637933,27.233254219690362,-1.5814486870524291,29.137305694532042,29.548134603200467,29.520127670451945,-0.4108289086684245
2028-04-16 00:00:00,27.840911693916336,27.85688030149141,27.891651946556756,28.801747244067933,21.89498644860941,21.281428661142975,25.099842409597947,24.711254206376456,19.47364136574022,25.241973719090858,28.17294156143772,25.910319369740847,27.088018319689002,-1.1776989499481552,30.152822135948895,29.886931105120194,30.110322125919808,0.26589103082870125
2028-05-16 12:00:00,26.56115020579824,27.729525844235294,28.12844272755795,29.007376513550476,22.375460311408666,21.55287497333405,25.40275967908348,24.98893152507191,17.767134394831434,25.49439056029322,27.76855389728803,26.227352985247325,26.334044690039942,-0.1066917047926168,30.086996783103977,29.869651103087207,29.655408658010764,0.2173456800167699
2028-06-16 00:00:00,25.62299284551019,27.451672270222794,28.01962659866494,28.891875354473168,22.983501391874785,21.99206754561512,25.80459035346912,25.515951200967514,16.18416377302782,25.84452964064001,27.09311763810543,26.701009805228157,25.3680656701763,1.3329441350518572,28.70642932864577,29.508897721975686,28.421727901143207,-0.8024683933299173
2028-07-16 12:00:00,24.908257265356244,26.826634243869226,27.558707025238675,28.59140484045505,23.7325642854264,22.70570550364907,26.348045168311923,26.208824281342853,15.027078779631932,26.189254132158336,26.429322679608948,26.974869197049184,24.422323422629255,2.5525457744199294,27.903996911561656,28.951588099424242,27.691276228729485,-1.0475911878625865
2028-08-16 12:00:00,24.394946528483782,25.97468986950297,26.796796219849835,28.16903906484504,24.599379881639404,23.563239824060187,26.93956309054671,26.821539658048597,14.284117549509721,26.601966465366385,25.995883696238813,27.283441864073904,23.759187218184913,3.524254645888991,27.66130953378597,28.40792788074087,27.510143137475104,-0.7466183469549001
2028-09-16 00:00:00,24.322862196262445,25.658384419300706,26.363714196091305,27.867913662620147,25.179149090189817,24.115342113408396,27.35669088091981,27.275286360220555,14.181696565692398,26.987311779581884,25.947377784759063,27.70957382390376,23.611987819467394,4.097586004436366,27.91042266748489,28.382951523053908,27.730527423247384,-0.472528855569017
2028-10-16 12:00:00,24.621792966193144,25.597822910811495,26.30323682626879,27.92665100550238,25.119644325212096,24.131898330958464,27.31323837355029,27.215379118359305,14.6954273255943,27.103303642552238,26.24900436802361,27.861737820484397,24.138277558103326,3.723460262381071,28.53665332607204,28.67765815841751,28.20763813608779,-0.14100483234546957
2028-11-16 00:00:00,25.221013868337085,25.585017080846196,26.26513281330482,28.04956333025091,24.413961290114234,23.536306068154886,26.71408927137903,26.48727669958957,15.94010101090213,26.672354097681588,26.71810297900872,27.296745930490538,24.98833177396567,2.3084141565248686,28.791889361875686,28.96661445392429,28.629907585101748,-0.17472509204860387
2028-12-16 12:00:00,25.977319150278753,25.659912866905962,26.30864151516959,28.10303691474616,23.398988695274433,22.63671035738453,25.83307763378484,25.507651280202005,17.764883079671137,25.88105369810331,27.123742636584094,26.39491309706519,25.727410042793416,0.6675030542717728,28.59232957837028,29.11266894516491,28.840038203099265,-0.5203393667946301
2029-01-16 12:00:00,26.8934113107979,26.130819525968345,26.48009775571898,28.049663096148485,22.466845710416482,21.775533547228196,25.124902262773492,24.748154464546026,19.519733006527126,25.246225236789503,27.436771389695213,25.73857389453289,26.438764092790194,-0.7001901982573031,28.415238364516608,29.107337176911038,28.88881406991554,-0.6920988123944305
2029-02-15 00:00:00,27.82761197601666,26.771908471952177,26.836851991989047,28.128404201086482,21.917998673310972,21.27357392058027,24.82333639299282,24.46318054887838,20.550622990923372,25.00108344602145,27.787445345888568,25.539422661843126,26.932364176848996,-1.3929415150058695,28.582862618168726,29.220914861537338,29.11444429175179,-0.6380522433686124
2029-03-16 12:00:00,28.239745246225052,27.416012241140105,27.406113405142666,28.416028206319748,21.784154023379504,21.177192040862195,24.89378417005456,24.556061053307932,20.49133213225424,25.079204770886427,28.131286673116737,25.69150892212077,27.244890897665606,-1.5533819755448341,29.256299666348557,29.661753198031377,29.64544846693512,-0.40545353168282006
2029-04-16 00:00:00,27.828529688015493,27.91691222595148,27.94630903181414,28.78732467986163,21.98812204469653,21.29882333450366,25.13689056511529,24.741387626997437,19.323406777853364,25.285963398498467,28.208762950721173,25.948340662958277,27.12522355560923,-1.176882892650955,30.22366029160483,29.968797763783233,30.15302283025621,0.25486252782159724
2029-05-16 12:00:00,26.692321366474,27.800349144720194,28.166018167289813,28.98526927214084,22.453550398658955,21.548042451210556,25.45731348927575,25.008571001074746,17.700244761530335,25.544646047981605,27.80095242144467,26.264604885481056,26.418538228794567,-0.15393334331351127,30.159251585295912,29.91652048465906,29.7171080397797,0.24273110063685266
2029-06-16 00:00:00,25.782911174823305,27.4949538698701,27.980356768069502,28.802596264134547,23.126867827805757,22.07487767109864,25.88509350573463,25.593164071219018,16.154181942286787,25.918665664343692,27.108951081606218,26.766029418253094,25.43204805838413,1.3339813598689645,28.77850442769682,29.485116258965945,28.482439748582888,-0.7066118312691252
2029-07-16 12:00:00,25.08308042362018,26.822383780494757,27.452453003338547,28.442045352604357,23.927391799145315,22.86567951059702,26.433849283243777,26.29547027060999,15.00430522345705,26.280170317149075,26.44178599775101,27.04257214124087,24.452892734173368,2.5896794070675035,27.95918752819712,28.929473630449543,27.73278018857799,-0.9702861022524232
2029-08-16 12:00:00,24.618558528564115,26.028743818841328,26.713584861863833,28.012370014450333,24.788259921320055,23.744279606400223,27.036301635064785,26.912279983610684,14.335868138778757,26.707524579182166,26.020024085807997,27.359094458329896,23.803164645119356,3.5559298132105397,27.769215330181407,28.434949249371794,27.6011124466102,-0.6657339191903873
2029-09-16 00:00:00,24.519241650693857,25.78429827818461,26.382844580264134,27.734544318620248,25.280872658549452,24.205509501448297,27.415481050107225,27.315409242029162,14.251854725459284,27.060132732621664,25.98398173814825,27.75634901758201,23.708633873672483,4.047715143909528,28.052159783940617,28.41346849567527,27.847522454006043,-0.3613087117346545
2029-10-16 12:00:00,24.777561878769315,25.692240538530665,26.284698573569916,27.783918319019854,25.23216169189911,24.21662885419433,27.402908568362218,27.287687588891345,14.772493924341362,27.190712545118267,26.282140082452152,27.92502390729811,24.219251795190655,3.705772112107457,28.604265339355994,28.77469549811624,28.287467243997117,-0.17043015876024725
2029-11-16 00:00:00,25.28647705558662,25.637767711353447,26.236062173257007,27.894335203228493,24.476282572347348,23.5824222950962,26.77115465722576,26.522088317774774,16.078007104050492,26.72457759284566,26.73103544917132,27.321619322781412,25.035930558479556,2.285688764301856,28.857127588234,29.02042359566012,28.701666062115034,-0.16329600742611916
2029-12-16 12:00:00,26.05653514662632,25.77450935275372,26.275277180685546,27.955129719831056,23.446109335018786,22.68586259233144,25.909433278033063,25.58076479509424,17.86301790189406,25.942347276135504,27.133278650448077,26.45199633392811,25.770927333615518,0.6810690003125934,28.634270219790313,29.17805004366396,28.879220803780143,-0.5437798238736455
2030-01-16 12:00:00,26.999050184038097,26.21587978951626,26.471839371038236,27.91389534341844,22.5079288603742,21.811387950211067,25.113297333269045,24.730016153686492,19.607798751791748,25.239321600570104,27.46811172345395,25.712119820140067,26.433362209876947,-0.7212423897368794,28.374422683469103,29.070594371669863,28.85206711739088,-0.69617168820076
2030-02-15 00:00:00,27.81664099036431,26.84088956056161,26.853658133040447,27.988368294559567,21.941019830974593,21.267363872849767,24.785088535495166,24.393569561574612,20.619549379511955,24.96846578238,27.80473576951182,25.476822999319563,26.96281079627946,-1.485987796959897,28.559627118558097,29.08794083164192,29.088091302408262,-0.528313713083822
2030-03-16 12:00:00,28.228898370526714,27.239601236227458,27.238928775136362,28.302625567594326,21.734168586516812,21.076949752220138,24.78605169687625,24.406354986414588,20.550662936729598,24.985896008612617,28.12301822034584,25.57674775434971,27.330961525445126,-1.754213771095415,29.222756741739094,29.60438936573524,29.607989876685917,-0.38163262399614695
2030-04-16 00:00:00,27.72036120522046,27.781378511137095,27.762990650871327,28.657280243175776,21.96727966270421,21.266862186485533,25.034383997399836,24.624198043774754,19.421459196511027,25.20862647784964,28.185784844066205,25.85147369267666,27.205640601807215,-1.354166909130555,30.234643080657953,29.916351071105826,30.169175481976186,0.31829200955212755
2030-05-16 12:00:00,26.346782386192988,27.55984851975069,27.987672207806238,28.873115371795866,22.434921556033455,21.541918325599365,25.347302825759314,24.91483114673105,17.751632474472707,25.473530357253143,27.759427231614858,26.1823632576794,26.459592314836183,-0.27722905715678436,30.119048670297087,29.90849079797835,29.69017405671037,0.2105578723187378
2030-06-16 00:00:00,25.381173331729247,27.21959202841855,27.748707133986393,28.660857533214504,23.067139643602516,22.02129995633626,25.76752336027455,25.47694852744883,16.162647200223045,25.838211405482276,27.060467729896693,26.673180695698356,25.464225048180904,1.2089556475174525,28.653427092159284,29.59667575273947,28.405182403283117,-0.9432486605801849
2030-07-16 12:00:00,24.604837177171085,26.482049085455593,27.197899971612372,28.303899551435833,23.912097889038968,22.84077575912724,26.335562303905327,26.20077391039421,14.99221984954051,26.213087042690493,26.378288912134213,26.970727347523418,24.480309614598387,2.4904177329250317,27.87451543518551,29.045538152230197,27.704346422948994,-1.1710227170446856
2030-08-16 12:00:00,24.129879207703297,25.6333268276935,26.38947054487317,27.822198906301555,24.741602596912255,23.66470037058814,26.930641482751046,26.79548075105925,14.317668101531524,26.6248468180343,25.939870564394685,27.259037997239243,23.80052339212745,3.4585146051117945,27.641621144200077,28.584521139392695,27.52179079040722,-0.9428999951926187
2030-09-16 00:00:00,24.127890209286818,25.413822894741724,26.036787014666587,27.539672888429454,25.259644774874978,24.157736696430945,27.37039928701135,27.274553055087278,14.241618712132633,27.015882446888373,25.907274870049488,27.710876073951518,23.674991474709522,4.035884599241996,27.90026120021501,28.65662951838533,27.761772027498527,-0.7563683181703205
2030-10-16 12:00:00,24.464550962952362,25.34845958257676,25.992063769013477,27.61328381812173,25.166079245489982,24.13554350209598,27.311505968689808,27.1997739520702,14.790766403649199,27.110719820085322,26.1951688342182,27.85322515427183,24.159449614688675,3.6937755395831537,28.485978836427943,28.911411460185438,28.211056022672942,-0.42543262375749435
2030-11-16 00:00:00,25.0276725620138,25.33408308500329,25.976403128415697,27.733109229900727,24.48087260633642,23.591396591805456,26.730951957678602,26.469006549614402,16.183429114332835,26.69376785015858,26.63924288602409,27.28297519651792,24.991312817996768,2.2916623785211527,28.749241521195597,29.11660947322447,28.609492363806552,-0.36736795202887507
2030-12-16 12:00:00,25.897717344059274,25.494011224789194,26.022809191610023,27.791963477772946,23.459249052613806,22.69062122670503,25.887660307004474,25.549001452279548,18.012725937085868,25.931292610218215,27.041144066039543,26.437741876033954,25.72151674948348,0.7162251265504729,28.57499715511338,29.186647410732036,28.83504730191102,-0.611650255618656
2031-01-16 12:00:00,26.82682852014049,25.989251007408505,26.246559887590106,27.78534219736258,22.498788110792123,21.783608128935732,25.12067184906138,24.721280049124502,19.795440915602768,25.239797615107207,27.385018538889078,25.716860304828604,26.339328028939615,-0.6224677241110115,28.32071110672383,29.11002260047999,28.7854127968374,-0.7893114937561592
2031-02-15 00:00:00,27.71917295479292,26.655378975364226,26.650454950599556,27.87570021977778,21.92238642355332,21.24191655412818,24.784984154033157,24.40025849200762,20.71377013729905,24.964518474714183,27.741351823864402,25.485158271834912,26.876586948185498,-1.3914286763505856,28.53093012915659,29.013257158038048,29.05503135925433,-0.48232702888145695
2031-03-16 12:00:00,28.18206521324148,27.265853500489758,27.18559505014054,28.199714401688894,21.754025500880676,21.094493381442298,24.81171590813706,24.450130775755888,20.66391420608867,25.011199964928974,28.07099963225636,25.61031572223783,27.158135440227184,-1.5478197179893556,29.1849387794933,29.522575633628076,29.573693904874663,-0.3376368541347752
2031-04-16 00:00:00,27.713365888578174,27.713253557859158,27.725824811694842,28.620021478366127,21.940278540379616,21.197313837184325,25.032915081036354,24.632339149138595,19.435116829692237,25.190841466147933,28.130608063762953,25.855796537288647,27.006872484168028,-1.1510759468793808,30.140731667393688,29.914159721714345,30.061696274692196,0.2265719456793427
2031-05-16 12:00:00,26.4641822374449,27.567824951621823,27.95471138805999,28.846716722724572,22.437022757312977,21.52210755711774,25.35604959829274,24.9281368018338,17.78800676669225,25.46212683500294,27.72004073316602,26.194408095082455,26.2645417458925,-0.07013365081004608,30.04203093972493,29.88661927141946,29.592084631120557,0.15541166830547226
2031-06-16 00:00:00,25.43513929566785,27.29444971169904,27.83948792980456,28.68366088426862,23.132199162334786,22.057269319343938,25.78788691845062,25.520720354966564,16.25372482225193,25.85646348921133,27.044881051762186,26.715485880465707,25.311327878402352,1.4041580020633546,28.65975770695984,29.52389300414976,28.382284436601353,-0.8641352971899181
2031-07-16 12:00:00,24.75513722604806,26.632892181575382,27.304762067893243,28.362326414092095,23.995293259507214,22.912128643461042,26.363655991982522,26.243225941655858,15.047782220698107,26.236911072621798,26.388347418977247,26.996310229040773,24.394266179778228,2.6020440492625454,27.913651701664573,28.99563666002789,27.71240573972594,-1.0819849583633179
2031-08-16 12:00:00,24.235751990517752,25.780411752789867,26.5492967611129,27.94395180666425,24.79657085043737,23.727251609525094,26.961832328895298,26.826915778470234,14.331132406382846,26.639236402608066,25.96032969795139,27.259514428210707,23.73832949394699,3.5211849342637187,27.711066304025845,28.447842551659974,27.556913880521282,-0.7367762476341291
2031-09-16 00:00:00,24.1878938899304,25.52851846583884,26.185145456022184,27.676304629877368,25.323676287901854,24.23050301920788,27.375948481262668,27.260935928707305,14.237410588290716,27.01659841474014,25.92283649305604,27.684118937469123,23.621053964350573,4.06306497311855,27.92142823699923,28.47313011411542,27.767721455590422,-0.5517018771161908
2031-10-16 12:00:00,24.578651679420492,25.449012458488383,26.111371689595888,27.75875514244837,25.19845822089875,24.168480465983258,27.311389326183903,27.175948850409387,14.788177029295431,27.11037077996529,26.227313486719584,27.831092908893226,24.131977873300027,3.6991150355931985,28.522176969362697,28.791008463584248,28.230499284686474,-0.2688314942215513
2031-11-16 00:00:00,25.091043270942173,25.41630612749784,26.088017200427917,27.904944087214794,24.464204543290563,23.552071488733244,26.75643071443358,26.525761040360525,16.08265823935607,26.707399995925062,26.678695338376166,27.325588370850397,25.01448093915427,2.3111074316961258,28.78764209735181,29.06455030322504,28.64931615175795,-0.2769082058732302
2031-12-16 12:00:00,25.90938697432231,25.582235751596492,26.16408664454666,27.949700563600416,23.441976505831313,22.66233869657509,25.883069258576523,25.56383989719939,17.951483857583007,25.92221462664515,27.090158633941854,26.441544200320003,25.76921156359325,0.6723326367267539,28.597059664905476,29.19619223787637,28.84728997016432,-0.5991325729708947
2032-01-16 12:00:00,26.84617164870167,26.05478571074817,26.38922078510082,27.960916900220973,22.50775864776864,21.80278556594863,25.136573758614098,24.77706954991261,19.793914966888188,25.26149854127593,27.442216549249068,25.760017123600154,26.48123410404691,-0.721216980446755,28.373687213643358,29.08980669306982,28.837208418285343,-0.7161194794264638
2032-02-15 12:00:00,27.810758842353597,26.76691593560339,26.82643332744652,28.04319253508336,21.934823464127426,21.253139725632543,24.768030180728626,24.403899690031373,20.89444257121732,24.958007032234814,27.79342163444449,25.487065748874308,26.992675705097913,-1.505609956223605,28.52887362152009,29.120671345780604,29.047087391208482,-0.5917977242605126
2032-03-16 12:00:00,28.36146657997936,27.358661624157047,27.339186189713075,28.355865387530258,21.757150497257342,21.125531810603647,24.8437726921364,24.50194260748271,20.80615650317245,25.035746879917973,28.146132604186693,25.653240846183056,27.254557373928698,-1.6013165277456416,29.26600705907927,29.59382358252159,29.663885544026368,-0.32781652344231915
2032-04-16 00:00:00,27.95782126166647,27.919039993307898,27.94570680238822,28.7981664200023,21.91857426453648,21.217982595898626,25.073578669745633,24.679064256346077,19.591766006783736,25.222132137380335,28.232064832008245,25.902531559549658,27.119161381778213,-1.2166298222285548,30.2307749315019,29.964635138581993,30.17355825815459,0.2661397929199083
2032-05-16 12:00:00,26.598725186579742,27.76450300430475,28.163244117608517,29.025105207264673,22.367639736471492,21.467759459087926,25.352910399379898,24.90206316871337,17.91475488416999,25.45252640826836,27.817137217815063,26.178828272229627,26.347250489797958,-0.16842221756833098,30.15403955862618,29.95176525778308,29.70757524867383,0.20227430084310072
2032-06-16 00:00:00,25.58181517222069,27.51383504076738,28.057673328752575,28.890231532666373,23.07420803624119,22.016725084348888,25.8008722684638,25.496553872302115,16.30646455670546,25.851661902704024,27.14304827508146,26.688666602813917,25.391789257782506,1.2968773450314117,28.738810723372815,29.587751860909666,28.469106498648014,-0.8489411375368512
2032-07-16 12:00:00,24.920406054453306,26.87691940807241,27.592590856414645,28.6043377151002,23.903867091476556,22.80963719692504,26.374491124488706,26.223626886441448,15.117881939204372,26.226803061889882,26.489082558560483,26.98456094031117,24.447705910916103,2.536855029395067,27.98426893549492,29.023762474277966,27.763939763106016,-1.039493538783045
2032-08-16 12:00:00,24.419332012232314,26.02094605983854,26.868219292316493,28.23121430270612,24.735227312816104,23.65303272548062,26.978349762469307,26.856830802270917,14.404327666762955,26.649819406947163,26.061581499107675,27.314137538788533,23.793973463486093,3.5201640753024392,27.75663430337416,28.509564090385677,27.613985491974432,-0.7529297870115172
2032-09-16 00:00:00,24.418140545216705,25.73771331354524,26.42427785032934,27.904825289406478,25.290942714391996,24.19888286704172,27.39835381324087,27.310895255583368,14.314635221243085,27.03040449198551,26.0252793711427,27.737637629404418,23.675565520030517,4.062072109373901,28.017168594463364,28.4989028160306,27.86729797606451,-0.4817342215672369
2032-10-16 12:00:00,24.718386046547625,25.66591846958598,26.375428211490327,27.96776861423891,25.20385134781659,24.18874993480329,27.34419166421499,27.253878183023254,14.826572091561466,27.1472358624673,26.323646594316855,27.914450264904445,24.189484968160897,3.724965296743548,28.640920136469372,28.777099524111634,28.341195604554137,-0.13617938764226167
2032-11-16 00:00:00,25.21155622676635,25.59436906191296,26.327809269378285,28.091840960503575,24.49083141465655,23.587436543437494,26.762889445032215,26.519990089604633,16.089499796085086,26.732120112198217,26.78225472232697,27.35357027389793,25.07614572798921,2.277424545908719,28.915143896019657,29.07950751110283,28.775148139722084,-0.16436361508317177
2032-12-16 12:00:00,26.019643851722964,25.710261779444355,26.328184482973228,28.1352106919105,23.457967669053247,22.68741725810282,25.923321600004652,25.5758804131316,17.9457950776592,25.96189155823444,27.18828149428203,26.479260919382998,25.84304679563103,0.6362141237519694,28.730976073422468,29.214048133610955,29.000535354558366,-0.48307206018848703
2033-01-16 12:00:00,26.95263554708826,26.19763642735447,26.527202045711277,28.109205646259916,22.519733332187112,21.80819278131594,25.132863450143113,24.72214115697775,19.79559661246187,25.261431269389785,27.536152373322285,25.737073139103003,26.542031732621783,-0.80495859351878,28.491547095885082,29.18257577850889,28.971929428473683,-0.6910286826238092
2033-02-15 00:00:00,27.885057587292433,26.877695742639972,26.938813552371766,28.16925242209063,21.93785553012753,21.27444217113143,24.829590530191872,24.422614951050804,20.76535428437962,25.00770090241055,27.867015745790486,25.52848007687617,27.074523723137947,-1.5460436462617757,28.64935179822192,29.192586830711274,29.194612849028466,-0.5432350324893527
2033-03-16 12:00:00,28.351123404807193,27.49707084798466,27.463528981732484,28.45679020137847,21.772428115344603,21.154262108650734,24.903827722243072,24.52353194273714,20.7080344267519,25.087717503599436,28.20608274640028,25.690028062035466,27.39577681095334,-1.7057487489178733,29.324388570935607,29.710996693351724,29.730598383731316,-0.3866081224161171
2033-04-16 00:00:00,27.848042592015716,27.98010821411153,28.012850675731876,28.841386221726758,22.023042095389847,21.34220393685911,25.20956574188057,24.778011651977955,19.541381898901072,25.352544450932545,28.283447801673287,25.998096644243372,27.285328554616445,-1.2872319103730732,30.298408593920485,30.064580173270624,30.253749804835035,0.23382842064986065
2033-05-16 12:00:00,26.679668013153176,27.784848057073997,28.20924792859974,29.046382612173726,22.52593006500911,21.631384817586458,25.51246917692056,25.044629927197704,17.833246016946507,25.607348159352252,27.87630951008976,26.310336013867566,26.563912580292783,-0.25357656642521675,30.321360140410388,30.0271585576669,29.88622591714702,0.2942015827434865
2033-06-16 00:00:00,25.735103388201253,27.537907882314133,28.086264244629007,28.89546778902259,23.150256745747598,22.108144285675223,25.913125663278688,25.61199934300678,16.240869469891145,25.965708235213935,27.195001875808977,26.810507884790887,25.580549542073758,1.2299583427171292,28.849950620754985,29.678111097411495,28.598289016278667,-0.8281604766565103
2033-07-16 12:00:00,24.982875600739114,26.863133937301775,27.563061703842042,28.57068967253552,23.941069129709213,22.875275126769978,26.455865465596002,26.31520304647882,15.020489696014407,26.325063890506183,26.520034340064868,27.102152245854306,24.64926862566143,2.4528836201928748,28.05159342226528,29.086423223605365,27.860717693911038,-1.0348298013400843
2033-08-16 12:00:00,24.56291918500445,26.023019956319217,26.7826236862372,28.161936003724342,24.768910284646793,23.71917802480835,27.05306458815639,26.93522211264711,14.283895757484224,26.746035995584492,26.096033750248196,27.42450847879548,23.991383979341997,3.433124499453484,27.847197725166826,28.553481575781568,27.700838762680185,-0.7062838506147422
2033-09-16 00:00:00,24.44027675146776,25.733409415261118,26.38767077161239,27.85568427801013,25.29454459789137,24.238223694463763,27.45870167488409,27.373833435955248,14.161653332225008,27.108951462280526,26.04730046126561,27.84257367176668,23.856975601231873,3.985598070534806,28.082599310466392,28.56442788532891,27.91006430844982,-0.4818285748625186
2033-10-16 12:00:00,24.75611376210668,25.684290388018546,26.35819195059215,27.946936149774537,25.220956168846428,24.211719405228074,27.39130095326239,27.275945482771128,14.720459229290533,27.20234832951478,26.347939020630584,27.963992510925326,24.373545644812364,3.5904468661129627,28.647917258007215,28.893696175742424,28.35328231477597,-0.24577891773520832
2033-11-16 00:00:00,25.280989733017325,25.605022430967253,26.28678021778979,28.032573175738325,24.484590544477555,23.5582407182727,26.77047557466853,26.510319321456095,16.016320455373744,26.744450138074715,26.80417837769098,27.366845345497413,25.265105630779033,2.1017397147183807,28.941796727469683,29.162712669879614,28.808645268840998,-0.22091594240993118
2033-12-16 12:00:00,26.061735398361698,25.741036129068135,26.30103838399825,28.032781752522585,23.43513810202184,22.627147127386987,25.90166498023812,25.532716680511776,17.921103908723374,25.95314314426658,27.19396563772993,26.46849913873643,25.9840061847268,0.48449295400963166,28.733195910798702,29.228517233600474,28.978564418076996,-0.49532132280177166
2034-01-16 12:00:00,26.93871834748631,26.14875779447427,26.46549206483583,27.978827869063675,22.561843315191236,21.84484399178419,25.210354326279838,24.811009772195735,19.750048212396344,25.33937409166565,27.516344580611545,25.82338645513574,26.61013382551188,-0.7867473703761405,28.495707783755666,29.18369280324736,28.957599936226934,-0.6879850194916948
2034-02-15 00:00:00,27.857257017615744,26.897993356126527,26.905522607215538,28.089344654519774,22.00048147219625,21.320310598570934,24.891426621256976,24.507756029577617,20.80316838178895,25.075691850555057,27.85259230124835,25.600840185207964,27.10301628380128,-1.502176098593317,28.65177509927987,29.1667035727223,29.174945613154723,-0.5149284734424313
2034-03-16 12:00:00,28.30802741314608,27.459508788078725,27.37342426930814,28.381334211869756,21.873716185843627,21.25564093601191,24.980949947840696,24.648971816117243,20.667014565400383,25.181945786323535,28.17986369947188,25.80749681053612,27.40906411300306,-1.6015673024669397,29.340701705514224,29.609424301041592,29.718086807304122,-0.2687225955273682
2034-04-16 00:00:00,27.901524915179106,27.940977909533547,27.934361747225026,28.78396611017543,22.095139608979398,21.424879156629917,25.222571402117268,24.860491541516655,19.52467394734777,25.385495834022482,28.260153187939924,26.076963350804686,27.278298676238713,-1.2013353254340267,30.277931357199975,30.02005709890948,30.200916732899454,0.2578742582904958
2034-05-16 12:00:00,26.6284721058457,27.718652272065775,28.132566091126762,28.99029682938458,22.528291355060304,21.659790561271706,25.513842924350445,25.105793718542692,17.87760853411402,25.621890282986215,27.839152061459142,26.372715168671387,26.53624142559293,-0.16352625692154277,30.237942162672272,30.051463894372738,29.778185310099442,0.18647826829953473
2034-06-16 00:00:00,25.59984782972365,27.367703929605657,27.906699029391042,28.80853856675043,23.153593801458587,22.140733810336734,25.924085381264224,25.636871851971627,16.29989754859762,25.976118106120442,27.144200029855032,26.83483354002995,25.56360272381577,1.2712308162141817,28.83998345800053,29.681379387241723,28.541006981231128,-0.8413959292411946
2034-07-16 12:00:00,24.861909813487586,26.654479314939,27.309542605022205,28.41326911901967,23.99529492784369,22.937736925001342,26.476919358482345,26.350151405107372,15.071535593005313,26.349007035819064,26.479889367531626,27.12477497301989,24.618718821875856,2.5060561511440334,28.01133207199169,29.18252340893118,27.797980393379422,-1.17119133693949
2034-08-16 12:00:00,24.31197787991521,25.813939690656255,26.536535714926295,27.906574338961665,24.789874031427146,23.72533931061399,27.0562016873384,26.927526549420605,14.36091067586025,26.74369202655132,26.042837767319444,27.39674393519503,23.95466154779768,3.442082387397349,27.766920426871238,28.695658773582522,27.61354177536553,-0.9287383467112846
2034-09-16 00:00:00,24.249102335090495,25.52533254659464,26.157712570571327,27.612674933150064,25.32556640545767,24.242516421831272,27.47998065501871,27.405690301383903,14.304662425388933,27.126298684594314,25.995216598356304,27.858243759392238,23.82236970938401,4.035874050008228,27.978544724767737,28.709802726094495,27.827549381228625,-0.7312580013267578
2034-10-16 12:00:00,24.659088374524117,25.46493939491932,26.103418660488835,27.729988094816616,25.23959338425181,24.208556507591613,27.414377618807155,27.314342972487342,14.848790839517532,27.221257511632153,26.300007292705732,27.993248153703387,24.34019738089455,3.653050772808836,28.573762219759416,29.012923758731862,28.289900603646256,-0.4391615389724457
2034-11-16 00:00:00,25.231524411642283,25.408847158339924,26.03086277166691,27.838922858029285,24.494572302551283,23.564053510933398,26.80651569653139,26.540187288327058,16.1116570860289,26.76254689263251,26.742258570140674,27.380003043031795,25.20038347787785,2.1796195651539456,28.85611757975699,29.181877202133474,28.72053918566178,-0.32575962237648426
2034-12-16 12:00:00,26.01273448211295,25.56745495779378,26.07232569899871,27.863507869467156,23.457129395296484,22.66272676188482,25.918840372403793,25.574344790501122,17.950586782023155,25.963892099044813,27.14239150362283,26.488439955938947,25.945763476156724,0.542676479782223,28.673566449579422,29.25990782953664,28.939858883801058,-0.5863413799572186
2035-01-16 12:00:00,26.96528647546511,26.10869717526465,26.314703561208347,27.849795048271446,22.519232012295003,21.797940960235074,25.187166858210006,24.789385650652022,19.787717876043274,25.30831342801921,27.479815499719283,25.802719718450692,26.61956044825266,-0.8168407298019673,28.399315881399847,29.157866671182628,28.867987285265098,-0.758550789782781
2035-02-15 00:00:00,27.89766130491976,26.768933608853107,26.751549695432562,27.968693236024937,21.964798392965903,21.2813543579526,24.873406097703185,24.493358145222327,20.75951485777351,25.054257819647177,27.819150416879744,25.591466385241695,27.128018357111447,-1.536551971869752,28.580715445735933,29.108948657770387,29.10524374991135,-0.5282332120344542
2035-03-16 12:00:00,28.350739326232908,27.29256547636951,27.279426696405192,28.29123304684397,21.80514174191373,21.158064732038156,24.925542899074436,24.569289807317137,20.741130707646537,25.11710272740167,28.145334655784335,25.73781774581147,27.429111817924134,-1.6912940721126652,29.292563544192742,29.60467319948787,29.66615047161454,-0.3121096552951279
2035-04-16 00:00:00,27.923609254659045,27.84029165268724,27.867765764669517,28.71782568968278,22.024751540074007,21.321036582457634,25.149000517448503,24.755054381690115,19.579002834946348,25.312123546930305,28.23043986902487,25.9859533679672,27.25367161393391,-1.2677182459667122,30.27425932302127,30.022184525623633,30.188489117503703,0.2520747973976363
2035-05-16 12:00:00,26.639327448343494,27.646349658332543,28.05267457624681,28.944483215541055,22.44693630564696,21.514929944134245,25.412626874935327,24.959742372301015,17.879610657827744,25.51922982046576,27.815946700897992,26.243485329078364,26.466713182580882,-0.22322785350251806,30.24159859153109,30.0420402641833,29.780276076121044,0.19955832734779122
2035-06-16 00:00:00,25.5770139271022,27.36734126212923,27.919455627253267,28.79879757570322,23.121099910088258,22.03811713692443,25.822423568270715,25.52175309703163,16.328583639060618,25.88850929940234,27.141151882147597,26.735978924509972,25.47778147173649,1.2581974527734836,28.82504518956109,29.69074805586005,28.55202703697364,-0.8657028662989568
2035-07-16 12:00:00,24.859665561651127,26.720313189851534,27.398970679981193,28.472722367044465,24.016674359142105,22.902806634268167,26.39228210166251,26.24504339314175,15.079954517070874,26.272949208925453,26.477786732148413,27.02961342994702,24.530925395776933,2.498688034170087,28.051771986999128,29.085958736824576,27.85210799643896,-1.034186749825448
2035-08-16 12:00:00,24.37119285421376,25.830875838242278,26.600418877798347,28.014229908287465,24.878982171557634,23.76252954084088,27.010226443856297,26.88255914900333,14.33953585092883,26.70710991108187,26.045559739943045,27.349131964593234,23.847179532537282,3.501952432055951,27.82845122005459,28.61828287727842,27.678313445226085,-0.7898316572238322
2035-09-16 00:00:00,24.369609570543254,25.594996671870256,26.19787402627425,27.718580607841243,25.448105850096788,24.321749288048753,27.44541512123333,27.338632513147672,14.262413290651928,27.107386601150704,26.02142237026688,27.78720592531872,23.717164077609443,4.070041847709277,28.07912495291374,28.69681156911817,27.9234948752552,-0.6176866162044305
2035-10-16 12:00:00,24.621414805049636,25.486544784877008,26.11577962926103,27.751796050554407,25.320823935753445,24.282651524388775,27.39320676884509,27.28824409460164,14.7803183943562,27.212413699118095,26.309306335861642,27.965318230440957,24.22648542456501,3.7388328058759477,28.641661708829474,28.987324068659476,28.38328387982287,-0.34566235983000126
2035-11-16 00:00:00,25.14604801700421,25.421058735679246,26.061360859196515,27.889691087270506,24.56548650139224,23.643903248868796,26.81902741506018,26.56440129361247,16.092380198791325,26.782650146193593,26.755536603669395,27.394800308137075,25.069168821460558,2.3256314866765173,28.925993496205148,29.16272342392019,28.833401325989804,-0.23672992771504298
2035-12-16 12:00:00,25.957119451365514,25.57227931431949,26.11808844030729,27.925166532652053,23.51924114510076,22.717777741076215,25.925427102681564,25.574658904585878,18.020750374611357,25.97560372421687,27.14938405560075,26.486142357131804,25.81667102976631,0.6694713273654926,28.71879196766244,29.24139311938451,29.00668983543069,-0.5226011517220712
2036-01-16 12:00:00,26.94763025728675,26.086737150930638,26.363594318094165,27.91393194384239,22.541713574183202,21.8162339251636,25.17593526497699,24.766404780802,19.8504147020334,25.304821628923758,27.48698389965249,25.78770398239116,26.479547321068168,-0.6918433386770069,28.472252104474038,29.170773641065715,28.942397519952856,-0.6985215365916773
2036-02-15 12:00:00,27.835123688630507,26.734783033806888,26.78375580936553,28.03982083069536,21.953296860256252,21.260609026388526,24.838182004069964,24.44495470577974,20.90865011416299,25.02376388051367,27.839123925750872,25.55616269640217,26.99422267315664,-1.4380599767544702,28.629612596329263,29.16560959198112,29.161875709697483,-0.5359969956518569
2036-03-16 12:00:00,28.334983463496425,27.342471268319837,27.309358728924686,28.356362597747445,21.76153477591419,21.091065552537604,24.83493560324204,24.45412546056128,20.814061416076257,25.031212991740166,28.208009604491558,25.63856745197914,27.28276546244175,-1.6441980104626097,29.328355292342014,29.6497270305155,29.723753245742824,-0.32137173817348597
2036-04-16 00:00:00,27.842284027106576,27.891814597575124,27.90907267713371,28.761397268335617,22.011765575400208,21.262925777787522,25.08869816413576,24.670351816269346,19.56946415321531,25.253645825399932,28.27755929618993,25.90736001507428,27.148837355067975,-1.241477339993697,30.317144510988612,30.041425166331532,30.25755705620608,0.27571934465708026
2036-05-16 12:00:00,26.516498236243887,27.68357253624759,28.12081545889808,29.015222909095254,22.479786860789943,21.548841525552607,25.414876190669396,24.962312073137895,17.891882818997775,25.528693184060316,27.860268872386552,26.244086719122365,26.440098906842607,-0.19601218772024254,30.23657298618784,30.042843656320922,29.804555885074933,0.19372932986691893
2036-06-16 00:00:00,25.504059988262142,27.361513764096475,27.945629373614654,28.84970331633502,23.161552332817024,22.096610008104296,25.859910168284195,25.578938975033076,16.385070906607485,25.93259165667954,27.17050289910153,26.7854148187608,25.473034498854847,1.3123803199059516,28.77623786437793,29.771070890277517,28.52300950941456,-0.9948330258995881
2036-07-16 12:00:00,24.74211064502293,26.639878063669062,27.400686452466516,28.510687850670006,23.99246895347774,22.92927771825994,26.42721506972171,26.303705008670473,15.252240738451269,26.30581311461871,26.50180802174309,27.081596920883996,24.49155756467106,2.5900393562129373,28.03013669545961,29.22277420329502,27.838675746621526,-1.1926375078354106
2036-08-16 12:00:00,24.359850609136416,25.82508255953373,26.622348367445444,28.069367015783563,24.808756264739205,23.736111910620657,27.023104340443446,26.897900679871945,14.524694790949187,26.716052325967272,26.082534323103296,27.363412538670215,23.834939894616923,3.5284726440532914,27.804392164933773,28.753318527276733,27.672863693543817,-0.9489263623429594
2036-09-16 00:00:00,24.351936801818777,25.597649098609256,26.25480495715617,27.763526262051574,25.30758483556429,24.21704713679237,27.43381939282776,27.346050540150866,14.441465033286269,27.08737141086572,26.04668069285317,27.803611607048644,23.705426339375595,4.098185267673049,28.063573057512606,28.772576796853837,27.913154413804392,-0.709003739341231
2036-10-16 12:00:00,24.705152131240474,25.57030022956028,26.20394830988893,27.809982070618375,25.23740735107393,24.198667910153386,27.355764634856047,27.252176934731416,15.008422490211247,27.172081181027842,26.338032457426685,27.94018138491859,24.21033673708492,3.7298446478336693,28.6092219929985,29.073559798322254,28.368076018923873,-0.4643378053237548
2036-11-16 00:00:00,25.324502816530458,25.58978951271206,26.179737058489255,27.901504343206824,24.586912733311355,23.664706878467218,26.788183054216386,26.55474484735678,16.251962126120148,26.775006346135456,26.785332568918996,27.39452789772097,25.096081285238544,2.298446612482426,28.927429720684756,29.246657309435502,28.800774985156952,-0.31922758875074564
2036-12-16 12:00:00,26.134322097797444,25.73545351076563,26.23908245735158,27.982830024468587,23.619927497735777,22.829494491434172,25.953326855688985,25.625252373557664,18.09680109769685,26.02606482992743,27.195201945302603,26.526419687401336,25.845636077632687,0.6807836097686497,28.73191621098321,29.257393732503164,28.989490146805757,-0.525477521519953
2037-01-16 12:00:00,27.04092125726206,26.309871720060116,26.535286503944484,27.98323300514227,22.6928887588068,21.967341143785852,25.237203407219926,24.853592383939187,19.847320675519406,25.38354455440444,27.527747708573195,25.85742996465299,26.532209922498417,-0.674779957845427,28.482584323875226,29.180711270658303,28.940603340376786,-0.6981269467830771
2037-02-15 00:00:00,27.928762394038905,27.011327596985126,26.999378159264673,28.102886637216862,22.158024662538722,21.48372105192414,24.97473190403907,24.60362966348085,20.947371117670784,25.17354810692615,27.87165289104442,25.69494660450331,27.032818180546304,-1.3378715760429927,28.687778342005277,29.135603539651317,29.222467541579345,-0.4478251976460399
2037-03-16 12:00:00,28.460992730162193,27.606857778124418,27.515715309179548,28.428643705394794,21.985685009421566,21.331590854610464,25.00281274662092,24.650472081305036,20.784419298783238,25.20913622510314,28.216259522569903,25.816052460371107,27.333295170369176,-1.5172427099980688,29.33431345079973,29.60149763711538,29.717258889643954,-0.26718418631564944
2037-04-16 00:00:00,28.148290667796054,28.082345845880063,28.053210464021518,28.872393157701833,22.19881753760498,21.49663594173513,25.23627665006692,24.83938716818731,19.64953519674346,25.409342802010926,28.320872188524692,26.066478079383092,27.212447879180186,-1.1459697997970935,30.37878969106537,30.022378562271925,30.28560159302065,0.3564111287934466
2037-05-16 12:00:00,26.98161471941005,27.960203141064905,28.296722412417562,29.117484705561058,22.673166064179885,21.795875604675082,25.59089012769774,25.15958563088207,17.979397873911502,25.71157582558633,27.926803757575165,26.434135072126868,26.498229154672043,-0.06409408254517501,30.24955423539959,30.063753949440827,29.78615811373388,0.18580028595876286
2037-06-16 00:00:00,25.982273430181408,27.648058117962904,28.162523927083246,28.991630195878813,23.340036882103924,22.289171993736566,26.000703627225835,25.709802938213812,16.406348363063536,26.066549242498557,27.24057576103777,26.896598193068698,25.56169291657507,1.334905276493629,28.839085129157716,29.677156655211864,28.558015940828994,-0.8380715260541471
2037-07-16 12:00:00,25.232838441814444,27.05171840394839,27.681452397182934,28.688802035938146,24.156054045363703,23.070982264843337,26.567169164855713,26.414442933147747,15.151290033273254,26.44310240731017,26.585945478747874,27.191224034813594,24.661490808026244,2.52973322678735,28.095199189752623,29.018378126073884,27.870877420027487,-0.9231789363212606
2037-08-16 12:00:00,24.74012934056388,26.19798657688768,26.936630453038457,28.283074025360342,24.96822007483428,23.878572527757868,27.16644802958795,27.028545315502733,14.482699812230932,26.851129867840076,26.166487954966158,27.498760603575736,23.982406030848004,3.5163545727277317,27.908952406871922,28.476530943207162,27.738337296652265,-0.5675785363352404
2037-09-16 00:00:00,24.686879996014863,25.98324402229852,26.602386253801384,27.986860469540463,25.47713781000488,24.371420796923832,27.579209986178196,27.48636537585117,14.364410403210835,27.230723308045743,26.135149444276873,27.939932522724472,23.878651003378245,4.0612815193462275,28.18377326781786,28.507585804562677,27.995651006418335,-0.3238125367448177
2037-10-16 12:00:00,25.007511515320918,25.916289033209992,26.52335656516472,28.042147874412873,25.351547049786337,24.312131685299622,27.497225634699923,27.37916430894977,14.854764363094166,27.309712787146058,26.441059321909776,28.065150794545083,24.407279178758355,3.6578716157867284,28.754272566411245,28.92627053167215,28.454953674440066,-0.17199796526090338
2037-11-16 00:00:00,25.52715944730306,25.851013490440536,26.44102388664498,28.15357331977805,24.627331107518206,23.703773974234615,26.893289241493374,26.630848168314735,16.17193150814344,26.87098916443148,26.90535817381875,27.483376395798288,25.303879394314954,2.179497001483334,29.034558784997376,29.235542184238543,28.89957738495384,-0.20098339924116715
2037-12-16 12:00:00,26.35898855427623,26.014496565227887,26.49850946928905,28.148001991515716,23.63564102902182,22.843830750958084,26.032486773514954,25.69627701041516,18.067194976672752,26.097755899427618,27.313178318529303,26.61566263970774,26.076340528610427,0.539322111097313,28.852116609030364,29.33308147236501,29.103934681573868,-0.48096486333464483
2038-01-16 12:00:00,27.305830031706776,26.537655339652446,26.739996057310385,28.148855568852497,22.71589123294638,21.999994322349774,25.281428089424846,24.895693400426985,19.869774681637733,25.431643846145132,27.656632172423986,25.91163630148204,26.70609946107249,-0.7944631595904497,28.59168026854857,29.310624056440545,29.040286582810722,-0.7189437878919769
2038-02-15 00:00:00,28.218372686898963,27.130169576288996,27.09483791554149,28.23043092064741,22.134566598429725,21.458866151135393,24.979493163379907,24.58721312026908,20.884796383453725,25.175414949079016,27.99058142721196,25.695250361992514,27.190099823032558,-1.4948494610400438,28.803924444837513,29.318278663821115,29.338971290662705,-0.5143542189836019
2038-03-16 12:00:00,28.66130242445468,27.66898082597509,27.585031826521302,28.553523798645113,21.960694695843287,21.321418490281367,25.008045029766727,24.638480780502817,20.73819923046429,25.214116262607657,28.320857576998414,25.81609571955698,27.486785711930448,-1.6706899923734682,29.470883625233515,29.824806213190175,29.863494404866017,-0.3539225879566601
2038-04-16 00:00:00,28.217780756907803,28.133877704302186,28.112200067404746,28.944307960830045,22.171996679438347,21.461555038607973,25.243091180366168,24.829401470696414,19.549061091370746,25.41864267083365,28.394049657232163,26.07197862759506,27.352920880640767,-1.2809422530457084,30.486502653584353,30.175146873112393,30.423090969732435,0.3113557804719598
2038-05-16 12:00:00,26.863586319385686,27.978623871167553,28.321156684248045,29.149484823513447,22.630540884413694,21.709974590523572,25.555121392288815,25.09488455199807,17.929565621755128,25.677114481791342,27.963984541827596,26.380015068292316,26.584227670264724,-0.20421260197240798,30.397696180853398,30.1089943412687,29.95015316276141,0.28870183958469653
2038-06-16 00:00:00,25.959412132205944,27.667799203618014,28.1275585951791,28.960904848649005,23.23775686024951,22.196168760483623,25.978352341396803,25.673903179178712,16.400146749987826,26.039825296233396,27.273552392233942,26.881428026418877,25.615403090756807,1.2660249356620703,28.984979483334687,29.74267333569739,28.693389551355196,-0.7576938523627028
2038-07-16 12:00:00,25.22404940365659,26.98655574050525,27.582596223831665,28.604382915534565,24.07781126940845,23.02180975705334,26.552411552071614,26.418105347825826,15.238052517087509,26.429949127795755,26.61000078515059,27.19875336803922,24.690764600248357,2.507988767790863,28.1878109430097,29.13942694786871,27.97619478847218,-0.9516160048590088
2038-08-16 12:00:00,24.68107864247378,26.15779527385324,26.855148751171594,28.171300404845518,24.897852206776978,23.84340767998754,27.140740539585753,27.017865199362816,14.545461477921089,26.83794406172243,26.184531949557826,27.50290517160521,24.0391343676924,3.4637708039128086,27.943704536687946,28.618902740592368,27.781152543935015,-0.6751982039044222
2038-09-16 00:00:00,24.617988604191478,25.906173259213052,26.504945232749854,27.88085043652272,25.442051583553376,24.3617862104376,27.54918611121865,27.465321080057638,14.427404098557965,27.217404019487066,26.13916163643155,27.938548562508966,23.928106862584592,4.010441699924375,28.151893644539804,28.614844653148772,27.981490402076595,-0.4629510086089681
2038-10-16 12:00:00,24.845359830675417,25.83990118763035,26.469246497865676,27.96521591336105,25.34659821471813,24.32030799587659,27.473896617357195,27.369961938673875,14.964961717056648,27.300022013347604,26.44118103896982,28.07019932685396,24.421893433643653,3.6483058932103063,28.75151392661372,29.006482691972597,28.43817642102239,-0.25496876535887836
2038-11-16 00:00:00,25.4256712002871,25.72660531670773,26.333039169531144,28.033769156576586,24.63809825517516,23.704786875644377,26.89869147205724,26.644050197356087,16.238730020200883,26.87701875552879,26.884043875400746,27.495761077931448,25.279858192555196,2.215902885376252,29.05743678436459,29.228206350526488,28.90940069881544,-0.17076956616189776
2038-12-16 12:00:00,26.233411251155925,25.92856153022649,26.419613677855835,28.114428401863194,23.639657344752763,22.843827311548687,26.029341733261084,25.691542601706566,18.116006806879742,26.1013795469738,27.30792764686893,26.611382335066914,26.07480492120759,0.5365774138593231,28.865204923153414,29.413902402379374,29.09617316563209,-0.5486974792259609
2039-01-16 12:00:00,27.17195038878814,26.414082715297223,26.624344567007093,28.08166503960514,22.688539639212085,21.954379902691063,25.231836174899968,24.824108868687265,19.854998075329796,25.393995842604227,27.647110289536133,25.857079129317633,26.739196799702786,-0.8821176703851528,28.66477549806102,29.277421706021403,29.12041340070326,-0.6126462079603847
2039-02-15 00:00:00,28.13172491991515,27.123895887931432,27.076729464752564,28.177151279957133,22.117957324815904,21.40334703785111,24.916566997488168,24.49335104958136,20.902243528034056,25.12745370493238,27.99325367723516,25.617193818650502,27.22030381997805,-1.603110001327547,28.805739724715988,29.230973928954594,29.31819051552846,-0.42523420423860614
2039-03-16 12:00:00,28.544248807252124,27.64126930687061,27.555729208999182,28.516851697609358,21.962019055264626,21.28702344996435,24.98179362217232,24.579135914357717,20.878678638042658,25.196562282321043,28.304378140976734,25.766899714440388,27.51308906182949,-1.7461893473891017,29.44101432088777,29.729072439983106,29.80135080879825,-0.28805811909533574
2039-04-16 00:00:00,28.09315945676173,28.14793086202538,28.10982493463147,28.903988149079535,22.174936433802163,21.45419537118998,25.23600185432675,24.831161506555535,19.762795819839766,25.418456005257184,28.37870883408607,26.073496494632522,27.352626178058646,-1.2791296834261239,30.412376604991316,30.11022174178053,30.298857449077776,0.30215486321078444
2039-05-16 12:00:00,26.77390971583417,27.918908562765576,28.289179484342736,29.119676759173014,22.639540831910278,21.712882027886405,25.522017319837946,25.06694694178764,18.009731000970888,25.659481422505237,27.959696268904086,26.363434117458137,26.576723598353205,-0.21328948089506738,30.319462677279468,30.13708019316775,29.84682705285818,0.18238248411171654
2039-06-16 00:00:00,25.88910851367094,27.611303888532436,28.07363846307978,28.931245500350606,23.31634895051099,22.240233938436212,25.94930872887835,25.66621422073792,16.408193085350554,26.045116111238148,27.270568814692652,26.892084135441497,25.615366952790367,1.2767171826511294,28.905955734578864,29.74003474513815,28.63643981720089,-0.8340790105592859
2039-07-16 12:00:00,25.14472119263285,26.911219725835494,27.5287234573699,28.554339266969855,24.11758447476976,23.033589725795323,26.502882678893705,26.368104068264607,15.153096026171074,26.39983613218175,26.598106239086935,27.149729112637907,24.65666896926178,2.493060143376127,28.144010466604303,29.228227732532066,27.925173709447602,-1.0842172659277622
2039-08-16 12:00:00,24.618570670291177,26.102007454128334,26.785892750747646,28.091032530042277,24.919177802493213,23.860752956330963,27.12671703069739,27.008711419795894,14.44832767979038,26.83081953715257,26.16605673164389,27.480541557951316,24.00684080292935,3.473700755021966,27.912606410270612,28.799179910722724,27.741529021020156,-0.886573500452112
2039-09-16 00:00:00,24.581204109347638,25.91282426684349,26.492721093995577,27.836378478027164,25.403754671991955,24.319405362112896,27.536592734884803,27.44935321433467,14.383907031107311,27.187932839473106,26.14069731356222,27.907767623184945,23.87466281114822,4.033104812036726,28.15465180621506,28.847383203647667,27.963669186600175,-0.6927313974326061
2039-10-16 12:00:00,24.859872918835855,25.817078751067243,26.416560683493405,27.94876297692686,25.373762442036917,24.35283319522035,27.504146807025354,27.40691941327159,14.940431054088195,27.320170342082974,26.441614112303693,28.096875194247197,24.412311164347845,3.6845640298993523,28.73504384538524,29.126144179545093,28.44000971161628,-0.3911003341598551
2039-11-16 00:00:00,25.481949121071384,25.800754751347753,26.394089662825646,28.081036121745566,24.66955727453057,23.75574313785433,26.93626310514534,26.684071443773885,16.25211566676826,26.903184668382217,26.89947882623382,27.52414587887344,25.24040739411498,2.2837384847584623,29.034131859685143,29.293253338098808,28.905614270033904,-0.2591214784136646
2039-12-16 12:00:00,26.23140499024796,25.96100350087354,26.47929469984464,28.125679526064417,23.62310991765393,22.80099426500316,26.054203991730937,25.7095317548734,18.079790939404685,26.10768756167024,27.323142329832656,26.632094064646036,26.01845455297935,0.6136395116666868,28.861358917518512,29.406053319167807,29.132442316516443,-0.544694401649295
2040-01-16 12:00:00,27.145063084482047,26.405642098123327,26.68715857005351,28.131299977583616,22.686186133144325,21.932139998795236,25.283598516212574,24.88779860662568,19.84869697076908,25.428858894023776,27.660260649277987,25.913371344843355,26.718416627250768,-0.8050452824074128,28.641880039853614,29.297028674376392,29.111778097727314,-0.6551486345227779
2040-02-15 12:00:00,28.143135747467547,27.173927023056297,27.111680331981503,28.2227218003174,22.106982363092794,21.399178016208893,24.96244777807615,24.57606121628694,20.87351350265751,25.16953383963125,28.020656568326814,25.69940851218436,27.260538939719325,-1.561130427534966,28.806217011430476,29.29299720604995,29.323972881135205,-0.48678019461947386
2040-03-16 12:00:00,28.560713560116216,27.779837311201874,27.64039446496078,28.526838410818883,21.9664633352313,21.32452022283313,25.053344899822743,24.691296133442055,20.734829563982046,25.268742460440993,28.34403619692037,25.876336340446557,27.593106772738718,-1.7167704322921615,29.505938643836576,29.762723578805502,29.90395945583806,-0.25678493496892685
2040-04-16 00:00:00,28.178854497867956,28.19586547312931,28.183750083413106,28.9736337343252,22.18456794309652,21.48631979385113,25.31314963765165,24.922136763864646,19.616976744292657,25.48537448961574,28.430123597436012,26.151916605226326,27.418890010443704,-1.266973405217378,30.459286782850857,30.184987523492758,30.379624698674533,0.2742992593580986
2040-05-16 12:00:00,26.92986319942885,28.02055871161225,28.367937060941262,29.15287856866918,22.64733186750595,21.734543021358643,25.61546393034542,25.182635786709334,17.947179290218426,25.728421402432442,28.00655836303228,26.459157834804614,26.639989250908165,-0.18083141610355113,30.398830539547106,30.100639887062883,29.940599605020687,0.29819065248422305
2040-06-16 00:00:00,26.007253779926444,27.66854571392746,28.15600038056293,28.978523666263563,23.325774018674394,22.26925441015899,26.049816420599736,25.771472343964565,16.336912248888304,26.116885754415964,27.30680991172849,26.977412657304313,25.646082335302765,1.3313303220015484,28.938010660899458,29.719897725108023,28.6730268061175,-0.7818870642085649
2040-07-16 12:00:00,25.305960106282782,26.996501285329593,27.618300174960016,28.611261845565632,24.154231583618106,23.081495508230727,26.62054750359996,26.493655388988003,15.1736353443561,26.486989386091643,26.638983205214767,27.261496904145176,24.692117541452543,2.569379362692633,28.120234525244754,29.211289533050998,27.914746035508085,-1.0910550078062435
2040-08-16 12:00:00,24.79872395592792,26.16882994312151,26.840611885218696,28.15030545664212,24.994305589746048,23.91725291933633,27.21566564427431,27.082755744603695,14.435286509396102,26.90385942139694,26.203236544629632,27.5515062040902,24.036852576468913,3.5146536276212856,27.94234249478824,28.799049404286638,27.766712589854958,-0.8567069094983992
2040-09-16 00:00:00,24.700227366574794,25.95597354773953,26.534568064954566,27.89261086560256,25.511495237262086,24.41663484238222,27.628776721101598,27.52784884713696,14.345841191862114,27.278363514870893,26.171212982981423,27.98246632083895,23.910654073698208,4.071812247140741,28.181265338639495,28.82373680738724,27.986795019249932,-0.6424714687477469
2040-10-16 12:00:00,25.047891245031405,25.899643483712005,26.463052789060633,27.96353031597928,25.450520746396396,24.418466538071144,27.61105567587339,27.493592975789845,14.923077441176243,27.415537908844872,26.47318972532986,28.179407183300434,24.449015711195777,3.7303914721046567,28.742086249779685,29.147058773402943,28.45661454905541,-0.40497252362325753
2040-11-16 00:00:00,25.538428038145998,25.940832107995927,26.486854596369653,28.08478811991385,24.7025884866981,23.780677598776826,27.004851372339807,26.725246042998123,16.3067989486679,26.974186590114428,26.936209623043467,27.58596750708668,25.35159084846784,2.2343766586188387,29.076158177245595,29.336818048117067,28.933591885581286,-0.26065987087147136
2040-12-16 12:00:00,26.33434247135637,26.038415236219514,26.470183967558643,28.12663144654796,23.69670912852809,22.93508128416903,26.202909330812833,25.852401940984713,18.183452583978923,26.242351329046464,27.345726101142855,26.769423166303454,26.111764802686842,0.657658363616612,28.908995466810925,29.450582805441837,29.175747468444573,-0.5415873386309116
2041-01-16 12:00:00,27.244456721143322,26.524885325078664,26.73263068067595,28.12556044262812,22.75912328994963,22.071319991873196,25.461860942049732,25.07577138672974,19.893413648066577,25.580781655607137,27.697006914291276,26.083566080018777,26.792966519017106,-0.7094004389983297,28.701222744675764,29.356651084922106,29.18687923416237,-0.6554283402463419
2041-02-15 00:00:00,28.1942999785275,27.265493975157558,27.173316035511014,28.23274771084396,22.189647508811593,21.54386515525645,25.154503732264914,24.77325976855723,20.929194850854312,25.32298699728453,28.055571016841334,25.864566325143738,27.250503914952038,-1.3859375898083002,28.869570366903645,29.39781101495871,29.401868028980093,-0.5282406480550641
2041-03-16 12:00:00,28.653750820009442,27.79968982857746,27.655675634097047,28.558705621247057,22.01762338458769,21.404260844093873,25.16812014560199,24.80554039130488,20.870128199173102,25.35121185546493,28.389634582320806,25.97254575342293,27.569983726205777,-1.5974379727828456,29.533796310446117,29.898049792615616,29.918640209241985,-0.3642534821694987
2041-04-16 00:00:00,28.29043429553261,28.223147387086527,28.132242841600593,28.946735626576693,22.216280426559553,21.532004806924174,25.380820754341762,24.975910837241322,19.70727820697612,25.526828779119892,28.45788888944068,26.205067525995073,27.403397138447417,-1.1983296124523442,30.548760801830564,30.236738464682908,30.45540782899269,0.31202233714765626
2041-05-16 12:00:00,27.065521431090897,28.00045587288619,28.308116326384816,29.159829239731657,22.68656426404199,21.784795041770394,25.670274723605786,25.23262151382353,18.000303855832417,25.771558741417756,28.030769943421465,26.51004289131954,26.601532265661028,-0.09148937434148863,30.39326883994858,30.216113741832686,29.931801570801394,0.17715509811589314
2041-06-16 00:00:00,25.96155416376166,27.64453894982057,28.099546419527336,28.958089999152453,23.351061177335097,22.313935005926673,26.094488359507533,25.81468293317757,16.395260207365787,26.143849016864372,27.330731854544865,27.00459049418053,25.635918155828882,1.3686723383516473,29.004560416965017,29.881919952620972,28.714416909688346,-0.8773595356559554
2041-07-16 12:00:00,25.217573176342153,26.97270724289474,27.522613841603306,28.556326581493387,24.20110171926059,23.132915801159843,26.667952344888022,26.541634346705862,15.19980903736234,26.524390313160193,26.661318747849503,27.29653596411477,24.685637419571595,2.6108985445431756,28.228722567476737,29.33224119789199,27.99902543617497,-1.1035186304152518
2041-08-16 12:00:00,24.696713838431524,26.130555858114402,26.778505692251755,28.06860510917772,25.02254688655315,23.97036950166826,27.262820089941272,27.142807353617798,14.536832904071453,26.94097563509582,26.221526545065306,27.59848405291893,24.011398710963537,3.587085341955394,27.989309977204528,28.751078782609454,27.80707186108279,-0.7617688054049268
2041-09-16 00:00:00,24.618578377632844,25.862912751101053,26.38813084400123,27.750361302775744,25.565570698224768,24.481647479162483,27.67479315850133,27.593123649180246,14.43661415282113,27.321883331491673,26.17270967557147,28.036318270949018,23.8841579441251,4.152160326823918,28.211740529678412,28.737277428054234,28.042328549685717,-0.5255368983758224
2041-10-16 12:00:00,24.909577848616394,25.792245394199504,26.34624700513078,27.869519863995677,25.474437636824675,24.447300578329976,27.62584095205417,27.516263090950318,15.015238287264927,27.422080847995556,26.47456108145589,28.18452209870671,24.37736821898031,3.8071538797264033,28.824003872836464,29.157726427139146,28.542367871840877,-0.33372255430268183
2041-11-16 00:00:00,25.482252236128712,25.78040783258556,26.27827991915139,27.966066199998643,24.764853393724554,23.839687004012042,27.01095762891894,26.76458080886089,16.387848626262596,26.979378925655183,26.90941479326866,27.602598638676223,25.23232362159109,2.3702750170851346,29.093398136242755,29.353777231989504,28.96686247339264,-0.26037909574674956
2041-12-16 12:00:00,26.270050689446187,25.89512792892605,26.32150510719372,28.018797108106806,23.739215941387005,22.94728373070227,26.12954205144519,25.800311980857575,18.388446799329525,26.190024505892406,27.302397135340414,26.712311120477747,26.004973386519207,0.7073377339585392,28.87800349607902,29.47840091501088,29.118173433301003,-0.600397418931859
2042-01-16 12:00:00,27.191294222713545,26.359336230685212,26.54873446360014,28.045261193650706,22.846993632066084,22.115805661927183,25.362267233081642,24.981377674783527,20.150758171378545,25.521551245012777,27.634766453000992,25.99199364618613,26.651933874023122,-0.6599402278369908,28.62074875963391,29.37587974131565,29.055443511323805,-0.7551309816817415
2042-02-15 00:00:00,28.136035570231467,26.967121940873845,26.971317387341767,28.185608655413567,22.288794858091318,21.588990067496923,25.052955446097815,24.67499831533127,21.04752222898979,25.264365706081755,27.988081187388097,25.77547941116261,27.15105767201106,-1.3755782608484495,28.819765394563355,29.267336239139613,29.33083384193602,-0.4475708445762585
2042-03-16 12:00:00,28.496731131210712,27.52338878832983,27.505844129011038,28.534937232754007,22.101455822682333,21.449958865585977,25.100966703255164,24.731285262648306,20.92080921225042,25.310790617276346,28.342593024151448,25.898737473972457,27.47345471396639,-1.5747172399939338,29.506235639674053,29.82643158429588,29.88395983383174,-0.3201959446218261
2042-04-16 00:00:00,28.09228509840062,28.06090036716376,28.040185534732323,28.921932289882836,22.300209731565726,21.58843326577796,25.36048784007178,24.943559191238098,19.764562905582956,25.522124393290255,28.414935338772946,26.171862671288558,27.34726371624437,-1.1754010449558123,30.50240524880034,30.22987654869358,30.419851978956316,0.27252870010676133
2042-05-16 12:00:00,26.80088230916933,27.854811169260245,28.254441723625874,29.139255214745923,22.773296842127625,21.862380798748912,25.66746459867881,25.214763524186534,18.10166101223733,25.781582007395315,27.991634357438514,26.49011460641961,26.6422746294896,-0.15216002306998888,30.357360925084468,30.209150894861153,29.920508344344114,0.14821003022331425
2042-06-16 00:00:00,25.867853772428653,27.563192440438222,28.088357249296074,28.965636086653525,23.438935532339844,22.37922364278148,26.102502332938478,25.819646738756806,16.490366114570516,26.16705335011442,27.305227012397967,27.006020265301704,25.671577483880696,1.3344427814210071,28.95651995808002,29.834429534663876,28.691459192845063,-0.8779095765838569
2042-07-16 12:00:00,25.182642595714547,26.908587936541892,27.541291943354988,28.622946669289103,24.201769779251208,23.13360023570903,26.656574333903013,26.50373035408345,15.327598615310354,26.51578024750553,26.642237278952873,27.258276212486418,24.690548702582376,2.567727509904042,28.229408869751932,29.293804837039385,28.00792533080952,-1.064395967287453
2042-08-16 12:00:00,24.6935242491265,26.073716934909413,26.754757077141978,28.155757923772835,24.987277011272027,23.924580757472487,27.26418821555482,27.129612124405345,14.624934227467499,26.931062630448054,26.217694107888565,27.580390439299027,24.01615397222666,3.564236467072366,27.99930470925565,28.773627207549215,27.83398548678116,-0.7743224982935644
2042-09-16 00:00:00,24.659681980831607,25.916743587227245,26.493407677568726,27.899549672384506,25.51423130439703,24.416794691578765,27.64519108915466,27.54727250899434,14.536371512025738,27.277496677647765,26.190762313559055,27.992316779112397,23.859760569568973,4.132556209543424,28.240133762089847,28.798466609098046,28.066069492299757,-0.5583328470081987
2042-10-16 12:00:00,25.048589704628164,25.881257394327232,26.453699226899044,28.00167718654162,25.419609990055307,24.368477427648283,27.610366044042085,27.494639494785346,15.1025504789739,27.399602048833025,26.50278675732013,28.184220047927052,24.398589549228518,3.7856304986985343,28.848484014660052,29.12609791372619,28.538638686047012,-0.2776138990661394
2042-11-16 00:00:00,25.60694997379593,25.858523792876476,26.444398466225767,28.146613357353534,24.674169895038464,23.729042774165357,26.980836177120203,26.70116783707953,16.405531701923472,26.936106530616115,26.963712930800646,27.558058323249398,25.259171240413362,2.2988870828360355,29.110070076968096,29.348300313011308,28.968338497272804,-0.23823023604321136
2042-12-16 12:00:00,26.385573931107118,26.012565707932442,26.50985793380634,28.193210771936762,23.66347392618874,22.859066470758734,26.131709911267276,25.77947901334416,18.25194005054153,26.17296977294127,27.37506011848658,26.699581707338975,26.04062646048185,0.6589552468571256,28.907372232481507,29.481145691556407,29.140427588999096,-0.5737734590749
2043-01-16 12:00:00,27.290666838986112,26.576688519978926,26.789458695447323,28.187624795714388,22.733864667343724,21.986176193190516,25.345380971829467,24.94380410818601,20.017302689344877,25.476616356362403,27.71774218111256,25.96465572878662,26.721838051994578,-0.7571823232079566,28.68273973239558,29.401059366964496,29.143182950713904,-0.7183196345689176
2043-02-15 00:00:00,28.189037448005262,27.218107069339236,27.24189975997046,28.32628388266863,22.15813989628692,21.446352720679428,24.99302580219991,24.591676938935002,20.969618865778244,25.190095363845153,28.043262255493552,25.712269571255252,27.220938162930217,-1.5086685916749651,28.816179977490936,29.358929377556663,29.343352527826752,-0.5427494000657269
2043-03-16 12:00:00,28.661360381538632,27.77380352199933,27.744966838256477,28.67031414011277,22.02286599068597,21.34601949548206,25.052502441668892,24.664830819988953,20.927691653403794,25.26021305397236,28.41109708164096,25.853029666731885,27.529725435967983,-1.6766957692360975,29.56091847265807,29.938836850407466,29.948852382037458,-0.3779183777493955
2043-04-16 00:00:00,28.37452241970109,28.333439746787064,28.323840146970067,29.09053894561134,22.24208673322048,21.529793088004197,25.33353821556271,24.931103475549833,19.79730016418587,25.49890453872184,28.511770746639268,26.166036023464923,27.38424719686883,-1.2182111734039083,30.605903827495432,30.277580100877856,30.548486036799776,0.32832372661757603
2043-05-16 12:00:00,27.27826954210958,28.2066067961808,28.52109205865329,29.309338597327194,22.748939324767807,21.83491223302828,25.659724099160567,25.21758841609281,18.098720567992828,25.78110568821835,28.10136850261247,26.502765196317693,26.63026625338004,-0.1275010570623465,30.510898335932986,30.277120836882435,30.079365509665834,0.23377749905055012
2043-06-16 00:00:00,26.421334931748557,27.97604388301583,28.40190708566622,29.16751366193261,23.386399436940735,22.329990806834275,26.090919017627474,25.81745275245351,16.49077805279182,26.157286184073868,27.42780735480235,27.024511833404237,25.662577076675017,1.3619347567292195,29.044743476965635,29.906110966652314,28.773850539674086,-0.8613674896866783
2043-07-16 12:00:00,25.65379585862732,27.352590620944493,27.942491309040655,28.888691924812214,24.23508837539156,23.17706161877359,26.67740605469203,26.56000302321862,15.29613443997162,26.55603194349902,26.76290496737615,27.343461922426123,24.736446873684336,2.6070150487417862,28.260886391307505,29.337596627314067,28.033841589698323,-1.0767102360065621
2043-08-16 12:00:00,25.071089235620825,26.530728721398912,27.2685227368188,28.518149959890284,25.06162089755818,24.017440490023297,27.294052192994098,27.19040221562687,14.589034176427429,26.98490713347602,26.338218345186217,27.669319917059582,24.09985954837481,3.569460368684773,28.061217739325226,28.813009692268714,27.882947431635568,-0.7517919529434884
2043-09-16 00:00:00,24.930894880800636,26.209362452071378,26.85569428707276,28.265457681308654,25.56824499770838,24.49208298756467,27.70450375387977,27.62413831619575,14.498187281625688,27.354851222457327,26.292018665062947,28.085953306631342,23.983640493082156,4.102312813549187,28.30160567030681,28.765978178238186,28.101609955857928,-0.4643725079313761
2043-10-16 12:00:00,25.191201850481555,26.13882474636102,26.81964969785506,28.37143253135485,25.50762627435661,24.48301204364222,27.6606030683341,27.56184476333063,15.082554996591062,27.46563973080825,26.60043996506232,28.248833676838704,24.49844230851603,3.750391368322674,28.903074800865664,29.05665057065319,28.577726406271875,-0.15357576978752618
2043-11-16 00:00:00,25.723207592854653,26.154945746416743,26.783002440589364,28.460640203006506,24.768698279088305,23.860333269044602,27.069226799920976,26.82682743106705,16.411407985592263,27.028062595577385,27.07961254773053,27.673568176051365,25.3382317747991,2.3353364012522633,29.19504698421426,29.39397703153913,29.03914071786835,-0.1989300473248683
2043-12-16 12:00:00,26.535241470659834,26.25467872771442,26.77054368992088,28.451965084605767,23.752974416821203,22.971730540584208,26.21752581058025,25.894716317986415,18.260942432347093,26.263384840575892,27.482381129051497,26.80820677044011,26.116423723088232,0.6917830473518762,28.986442409092636,29.531798519641974,29.21747012537066,-0.5453561105493385
2044-01-16 12:00:00,27.403923855511575,26.65219632290638,26.918020520118272,28.422421823572922,22.796310583547584,22.09741086897291,25.513110053114687,25.15589485091133,20.01450164020084,25.62936069760156,27.81531320291283,26.158710230267552,26.803298365920682,-0.6445881356531302,28.829627622353133,29.381377747749244,29.289718564220756,-0.5517501253961115
2044-02-15 12:00:00,28.253506974141157,27.236709670224588,27.272050999611846,28.473216938465924,22.210091936060337,21.57921649774494,25.233487305404562,24.89140362571223,21.07144032223802,25.393188351455414,28.145465910711057,25.97928275723685,27.330774182160475,-1.3514914249236263,29.012925123252256,29.41632994748911,29.53036084843813,-0.40340482423685486
2044-03-16 12:00:00,28.662499644159464,27.84240406234274,27.81041755565065,28.770957942630154,22.04948372492846,21.444165374687728,25.272055783227334,24.943200207159787,20.929468700278143,25.442280051454873,28.500291066330966,26.10957468307008,27.630185560855733,-1.5206108777856535,29.653400302883167,30.06679855850302,30.018889750894672,-0.4133982556198532
2044-04-16 00:00:00,28.257091381793494,28.379321259009973,28.356880420314457,29.141000570503667,22.262744718178173,21.57129810035576,25.509886076604598,25.108604901541153,19.732537303907005,25.64041783239091,28.56739654246357,26.346432615927394,27.47112295519571,-1.1246903392683159,30.6077142561711,30.300202722855026,30.52380781775889,0.30751153331607384
2044-05-16 12:00:00,27.019617805074372,28.193292776149825,28.5552525349306,29.339423527875265,22.719326319586095,21.83617270724189,25.801333327321036,25.35256360444707,18.11277532936288,25.88598400905813,28.143674430396587,26.642435886534685,26.705992401642337,-0.0635565151076527,30.52832051505917,30.29484177390713,30.05967319718477,0.23347874115204093
2044-06-16 00:00:00,26.085320003387952,27.850647429083242,28.34021199310926,29.16463969704303,23.362647941074968,22.329913602570556,26.182712827656765,25.90149196482969,16.506588232855357,26.224102988136398,27.44662622019422,27.107922065636032,25.720527180395475,1.3873948852405569,29.13438927142483,29.8643666761782,28.85178516001121,-0.7299774047533703
2044-07-16 12:00:00,25.38010966334926,27.138637566886647,27.746070749673663,28.78749839132961,24.22818580668974,23.175505053052802,26.759540473648038,26.6223574655095,15.382463309449376,26.619093821768878,26.770592316947777,27.403833171482525,24.76387159371385,2.6399615777686734,28.369248491124626,29.27549392383371,28.147068320893073,-0.9062454327090848
2044-08-16 12:00:00,24.891411658690043,26.306239435798954,26.96757067548878,28.291140659951505,25.07745422979608,24.0186570510782,27.34701826185033,27.23402824145354,14.656054601350657,27.039500503860065,26.33122632627044,27.72880191594406,24.118860666179238,3.609941249764823,28.133001855271868,28.805048002386595,27.968002664343,-0.6720461471147274
2044-09-16 00:00:00,24.86238325482817,26.122299886939068,26.659666422184568,28.013304473914992,25.59952129052918,24.489774717729482,27.776819069101357,27.705054534349703,14.557123897201876,27.433476982464207,26.290236551762234,28.189298742565953,24.034523247909057,4.154775494656896,28.348927644049766,28.774957002151933,28.163038724960327,-0.42602935810216636
2044-10-16 12:00:00,25.131400412205917,26.02833421136243,26.59193693908492,28.05803409472217,25.55134293084316,24.48887580722867,27.729363817793967,27.62934821188881,15.100791417428441,27.545175048544916,26.581097835028114,28.33466079524779,24.56916366256269,3.7654971326850983,28.964032515668162,29.168652572810107,28.617580601783324,-0.20462005714194476
2044-11-16 00:00:00,25.583666707792098,25.9187182429325,26.49870714562423,28.147961824998283,24.835622939374627,23.873537928702877,27.11090498327552,26.834900112780712,16.4143329620784,27.08502829511248,27.01990428833838,27.71416904430682,25.446924597311764,2.2672444469950577,29.266722658251815,29.438000872076447,29.062429320074365,-0.17127821382463182
2044-12-16 12:00:00,26.39672619625761,26.102964863092243,26.534582981844114,28.16563807739782,23.78553914248423,22.952127094449782,26.257556779431624,25.878276380778157,18.304934381286778,26.310207440201253,27.419076042970186,26.83326630248101,26.246264603230333,0.5870016992506777,29.06615444682144,29.504715541258374,29.288599350114755,-0.4385610944369347
2045-01-16 12:00:00,27.387614888412173,26.588123022363423,26.716682899552126,28.135066358058126,22.822629655910102,22.077319975099908,25.486674856818727,25.07848224556732,20.052442160821943,25.624147597784805,27.770980746790098,26.122051572843326,26.971193222944198,-0.8491416501008722,28.826224011923987,29.51979222401599,29.26952387832284,-0.6935682120920035
2045-02-15 00:00:00,28.32925721915575,27.22776382293974,27.147563801240167,28.236384786422313,22.288152992128122,21.602992015385812,25.186537141219585,24.79098896883633,21.02843763773191,25.38051341285577,28.111502901028693,25.91290570292867,27.448851506563553,-1.5359458036348848,29.03233214597042,29.410678442896394,29.55767846085285,-0.3783462969259759
2045-03-16 12:00:00,28.704660666982555,27.83933913306496,27.74692736942409,28.574962663467662,22.129672732458694,21.490553402069743,25.219771472144807,24.847965795320114,20.91705469251429,25.421994081445277,28.44770714290612,26.03809741365234,27.71725576057057,-1.6791583469182285,29.713975950724258,29.87750392803228,30.102826444278524,-0.16352797730802138
2045-04-16 00:00:00,28.319265824294312,28.219806397222587,28.146725786347133,28.935020316510887,22.304838748196588,21.600592155278303,25.40274530280099,25.007226145997873,19.802318464702118,25.570143351044674,28.507334914377857,26.25875547923847,27.506740539357903,-1.2479850601194329,30.669856746651643,30.324378874703857,30.559004765754104,0.3454778719477858
2045-05-16 12:00:00,26.982618981392974,27.967607668472617,28.29695817037643,29.13212422317502,22.807396234139667,21.887346973866286,25.714525218731215,25.273244437208717,18.120371341630264,25.84046133582234,28.06620691621627,26.574063974434765,26.76223455506827,-0.188170580633507,30.513832242708474,30.276654446839203,30.024512103059454,0.2371777958692718
2045-06-16 00:00:00,25.897667379302252,27.598449599631394,28.09203278509829,28.949432453648903,23.473025566614503,22.407966059294512,26.145041247940988,25.872252264399506,16.579533821024153,26.22526658062254,27.36481658579478,27.082378966881368,25.786011200809572,1.2963677660717963,29.003572980592658,29.919591541332647,28.743639959373258,-0.9160185607399889
2045-07-16 12:00:00,25.130764547444787,26.87274623680173,27.483739139145975,28.541064406457075,24.2727151498604,23.205472113033053,26.72343768787222,26.570206437873694,15.389727926140313,26.599097735822347,26.683206572788862,27.343524419975438,24.81863300414193,2.5248914158335083,28.234647297332646,29.361645046379223,28.02717769788973,-1.126997749046577
2045-08-16 12:00:00,24.562686704972595,25.95651221622763,26.62166464001255,28.018899151589782,25.097540369818425,24.031914008498948,27.33483919780067,27.17971645694539,14.653545226812916,27.02758281794999,26.248406841037152,27.662300941433205,24.16890148671728,3.4933994547159237,28.057193109590226,28.992102240689466,27.887334231045102,-0.9349091310992392
2045-09-16 00:00:00,24.532321603497653,25.76574172062936,26.30541903118521,27.726568376943323,25.635592504145762,24.529052221529287,27.759685472495352,27.637934826087097,14.573246478966253,27.4115414454698,26.21503128432383,28.1123284472925,24.021870674166593,4.090457773125909,28.305105455930196,29.021013857492076,28.12736813258977,-0.7159084015618795
2045-10-16 12:00:00,24.911777923289236,25.717255784444333,26.236943717724913,27.777811798675746,25.527079783996868,24.45088049051668,27.680625434827416,27.53584553792776,15.154581502870837,27.495230552580782,26.50171388315241,28.252082248190334,24.534143565094542,3.7179386830957917,28.858670657174223,29.34421057602576,28.611256134156775,-0.48553991885153636
2045-11-16 00:00:00,25.512676168484084,25.711914410738853,26.1787565830142,27.873164755979435,24.832649658038818,23.880164526399437,27.093568584251493,26.81842971477162,16.413129906167192,27.064619190995618,26.945079108505038,27.678304740901442,25.410917713584823,2.2673870273166195,29.172449272103986,29.521092889946093,29.03823485601392,-0.3486436178421073
2045-12-16 12:00:00,26.326731701146127,25.845495926366997,26.244429856857273,27.9372804905951,23.801447756424828,22.992420614838018,26.220240508252335,25.86254057586184,18.28474930929217,26.28227392396198,27.34343431274135,26.797675355362657,26.19010333378573,0.607572021576928,28.99310867501925,29.569247041611376,29.230134027572493,-0.5761383665921258
2046-01-16 12:00:00,27.28294981540248,26.435346174150897,26.556527283140376,27.97026962935562,22.858736230324265,22.116666017454065,25.402021365332086,24.984781662895152,20.133474866101484,25.561167238520635,27.70100610566694,26.029106333418042,26.841429762506383,-0.812323429088341,28.75770798518135,29.434893252044013,29.20197580507644,-0.6771852668626615
2046-02-15 00:00:00,28.26952940311199,27.135821881585546,26.99131762951922,28.101942236182058,22.28595686264296,21.5704450098558,25.0699567515243,24.647999521954404,21.170648129037478,25.282995843723498,28.053915018551802,25.78782775589729,27.304429117329953,-1.516601361432663,28.961500315161665,29.286003287019753,29.48733454487124,-0.3245029718580881
2046-03-16 12:00:00,28.78312392427458,27.841892389100387,27.616746631779694,28.440538221731515,22.143325713062243,21.482220502051884,25.141045811681394,24.756188678695725,21.103375737225292,25.36234728030179,28.400887538897447,25.9548384099025,27.592312901110464,-1.6374744912079642,29.614868291004402,29.84903581029039,29.98610166388278,-0.234167519285986
2046-04-16 00:00:00,28.373381090240585,28.255310085188828,28.144801812213803,28.915824977505004,22.376810419331616,21.662391510317907,25.43422991947032,25.029776601099908,19.953272874176964,25.610321307152656,28.487519544355308,26.272792408308398,27.431108257598147,-1.1583158492897496,30.579195756948963,30.29826404603026,30.463327234060117,0.28093171091870417
2046-05-16 12:00:00,27.156710037033303,28.026191329382844,28.323588721587974,29.115712451273012,22.831589752679097,21.911968202185967,25.736901856136356,25.290420753860783,18.224965744978196,25.866035268046954,28.06446165102571,26.587902760535027,26.6898498310347,-0.10194707049967278,30.42663810233982,30.317993325239662,29.94066547565039,0.10864477710015663
2046-06-16 00:00:00,26.16493471935276,27.641352038863147,28.101509098941026,28.935401341415407,23.453161330514753,22.37607861568504,26.133483624187424,25.84369984132615,16.598596103763747,26.20846336819665,27.38118619588165,27.055617613153,25.731892724419183,1.3237248887338176,29.021107529181236,29.968913877245424,28.750581492738288,-0.9478063480641872
2046-07-16 12:00:00,25.401431186821753,26.96873977086825,27.524636310070893,28.576332078005414,24.27411448940166,23.193106215855195,26.71212892164497,26.562115731032144,15.381760779439821,26.592506660288812,26.7209597039987,27.33949834104369,24.780484876463834,2.5590134645798557,28.286117782522656,29.48595828266026,28.069505775574562,-1.1998405001376042
2046-08-16 12:00:00,24.883467865253795,26.147524761912905,26.764127610450583,28.089450741799098,25.10390957377411,24.024902227144924,27.314586075085987,27.17320500547594,14.66394800337155,27.01018292015062,26.290255235805436,27.64956099862349,24.09560774373315,3.553953254890338,28.07950413369226,29.01241235093427,27.902135617396862,-0.9329082172420087
2046-09-16 00:00:00,24.819711319915342,25.990897413243765,26.494015909289836,27.82588727568961,25.649796931089394,24.545153236126957,27.75098456745656,27.64042434462949,14.61668188245624,27.403504648332284,26.25913998314399,28.104848993141694,23.964011265973145,4.140837727168549,28.343012735813797,28.97168080341084,28.15178161681267,-0.6286680675970437
2046-10-16 12:00:00,25.1323738527829,25.92104735117713,26.406588917037634,27.89874715115878,25.578016848842527,24.518978971947053,27.713795545070376,27.59470292532891,15.18286437550527,27.516588878150014,26.561739382630858,28.283335751978136,24.46416069496896,3.8191750570091756,28.963175544992698,29.288335449441114,28.667949726303526,-0.3251599044484159
2046-11-16 00:00:00,25.707046428619197,25.886508683761456,26.38158868123605,28.066326953597486,24.8405326078246,23.898512331945728,27.12766627788011,26.850936970404046,16.454891635769908,27.093044446381164,27.00379669114014,27.707891775832792,25.355810239198153,2.352081536634639,29.237707493388495,29.466390635546894,29.089494984585833,-0.22868314215839902
2046-12-16 12:00:00,26.52897071382476,26.054877940902962,26.450395475921706,28.12106698897639,23.80926613623093,23.001497034551857,26.2550966103016,25.9010116253943,18.35241340257046,26.309670620622853,27.396967276393642,26.825464182028224,26.179958293306797,0.6455058887214271,29.046114717141183,29.468808299355484,29.28590208498974,-0.42269358221430053
2047-01-16 12:00:00,27.415037794067022,26.58725319294577,26.749099710900577,28.15261011629255,22.882776063989482,22.11878776334011,25.4597824601283,25.04533394893546,20.158079019406795,25.60854456429159,27.744182799692577,26.08098954908934,26.864195315778375,-0.7832057666890329,28.800651726337808,29.360221544861744,29.25136844751141,-0.5595698185239364
2047-02-15 00:00:00,28.326828911572765,27.242593138096673,27.181804256910304,28.293830732914795,22.320393251540636,21.601502302586816,25.13913116905668,24.734707971598237,21.13416602018592,25.344604420283336,28.111322722749744,25.858178213297762,27.399675749078078,-1.5414975357803158,29.00435259928287,29.34039308147642,29.528723971366237,-0.33604048219354965
2047-03-16 12:00:00,28.780778201586465,27.847203373714695,27.698811098277673,28.588796877130726,22.144182248217422,21.453722995531248,25.172258334462775,24.771458681441732,21.075320499873236,25.388764542783502,28.44626008918812,25.974699090816497,27.695689845882136,-1.720990755065639,29.634416604792243,29.886557576229244,29.994745527743312,-0.25214097143700087
2047-04-16 00:00:00,28.437698961645992,28.376038728485398,28.291152925356645,29.04774123159287,22.36344315245426,21.611040951152177,25.424900965783667,25.009813546834692,19.89419096290015,25.610607068805127,28.53695712086022,26.273134370480424,27.561889059956748,-1.288754689476324,30.629666307359763,30.33672960371088,30.50615333110587,0.29293670364888413
2047-05-16 12:00:00,27.24082181356258,28.15987618734274,28.4790586023343,29.267440630144325,22.81675021196589,21.84995079660397,25.68382805709452,25.243258753637505,18.234381871246235,25.825226263963554,28.130290617295575,26.55172916880425,26.79259687545186,-0.24086770664760948,30.490843125396157,30.32891847873694,30.01690034884721,0.1619246466592159
2047-06-16 00:00:00,26.236259998380024,27.85180655632544,28.305129324614597,29.11384658206735,23.50034184881808,22.39880207076163,26.116237782674673,25.85468539857914,16.564673989933446,26.215502872518247,27.450254712461778,27.076801811684152,25.82813484085813,1.2486669708260223,29.12041997070362,29.961209338918398,28.82757039712883,-0.8407893682147787
2047-07-16 12:00:00,25.43235613695556,27.18054675865961,27.75466058923661,28.752816708885724,24.338667295931952,23.236017703834605,26.72224755710003,26.607876418646242,15.310431473298056,26.621912025086186,26.779355051190688,27.395693451874845,24.846134638469103,2.549558813405742,28.332050483124487,29.431227048012186,28.104771718921462,-1.0991765648876992
2047-08-16 12:00:00,24.88244707781797,26.287447938253802,26.96902084007405,28.27643085688184,25.18035246884923,24.09064948784428,27.35313718415638,27.227566057447294,14.605889244491465,27.052454622601875,26.342796444993613,27.695288615749103,24.142799979673786,3.552488636075317,28.14726994147079,28.937856666263617,27.97133102657179,-0.7905867247928278
2047-09-16 00:00:00,24.8184968139964,26.035310794529348,26.61500867018086,28.019506205711536,25.71971789569928,24.604521680727974,27.796181085817633,27.71381741372556,14.533716198462619,27.447966131822753,26.313852840202756,28.16435663987168,23.98953485800752,4.174821781864161,28.37071168313487,28.964616242224945,28.208363263241665,-0.593904559090074
2047-10-16 12:00:00,25.135417173667136,25.953680503323994,26.53679170167267,28.10089883925484,25.65793674369744,24.60241306904417,27.734099005115898,27.635670307661492,15.148624121859134,27.548534146207896,26.618175097534667,28.32004717638417,24.472119990927208,3.8479271854569603,28.979900422630244,29.292197048663812,28.70278512955293,-0.312296626033568
2047-11-16 00:00:00,25.66961560894366,25.889496675138677,26.44094161849957,28.179835880141557,24.914512203105883,23.93936821353317,27.08887599732059,26.81575900075338,16.509879369223892,27.077487461180613,27.067793115831325,27.690959703531146,25.402964315693076,2.2879953878380697,29.31523151197907,29.550038639706965,29.18264176952849,-0.23480712772789403
2047-12-16 12:00:00,26.45842849736836,26.023493165758442,26.49725338232543,28.21824372130199,23.892467643529066,23.06211925854898,26.23673866199657,25.884810717093092,18.468585768132392,26.314881655840903,27.462587629458703,26.823026228742776,26.1875687342259,0.6354574945168778,29.118601361718095,29.570444308807154,29.376882273998373,-0.4518429470890588
2048-01-16 12:00:00,27.40372257319698,26.57880081278569,26.747288657622356,28.23608433091055,22.940100907557408,22.17446766567576,25.446408649854614,25.046387185183885,20.288239701208592,25.615791592377146,27.80375656932292,26.087496488678454,26.89037936068844,-0.8028828720099845,28.895773850666025,29.478577907301528,29.382802522942725,-0.5828040566355028
2048-02-15 12:00:00,28.381644431541908,27.33542418123108,27.265557840406956,28.377006003403114,22.360368547689973,21.605242687485422,25.08883007767857,24.683443992972784,21.28923564183935,25.31721221891504,28.164068340373568,25.81753149085863,27.37242691799031,-1.5548954271316795,29.038126992471444,29.47443683718695,29.587024153464,-0.43630984471550605
2048-03-16 12:00:00,28.862031389849758,27.881823204117925,27.797771491810835,28.724091322330647,22.17786082863635,21.46259791118928,25.14377833081219,24.765395219033795,21.20000238099823,25.37350408559827,28.50785297088458,25.969814130297593,27.69557655849021,-1.725762428192617,29.67352680037052,29.953322937002227,30.06996148515222,-0.2797961366317061
2048-04-16 00:00:00,28.577171990033214,28.47598710757725,28.403907406156957,29.122192090690692,22.36536181770052,21.602001254809547,25.401668272832804,24.980732114754,20.021258220473346,25.589103806367188,28.600476494550566,26.247929893491367,27.557890758426712,-1.309960864935345,30.65089879346865,30.369389807733583,30.57502025723799,0.28150898573506566
2048-05-16 12:00:00,27.442762283065818,28.342938382082252,28.647070146840626,29.369258748280608,22.82055002972597,21.841420355671115,25.696995761639148,25.241133059069373,18.3280680319537,25.838382492659687,28.197098389035556,26.56647334198038,26.815222922195844,-0.24874958021546334,30.54744711205551,30.365409277936582,30.111682576021554,0.1820378341189297
2048-06-16 00:00:00,26.50725135074256,28.092535824229262,28.54658514683546,29.2571471636846,23.49178191621557,22.38761594331934,26.12354142690954,25.850456903624853,16.722079096803757,26.222513751085188,27.52832438315512,27.089901878550613,25.842067892875306,1.2478339856753067,29.149506807005615,30.071525211048876,28.86563964894063,-0.9220184040432606
2048-07-16 12:00:00,25.820908147285426,27.487080918165958,28.07559573700142,28.986319520310033,24.39925973382446,23.28519394264188,26.737543605627266,26.604422169977376,15.448312037762966,26.646230957160487,26.87942522552721,27.404407532553105,24.91665663783262,2.4877508947204845,28.396863779170182,29.460983124166315,28.151213231375387,-1.0641193449961328
2048-08-16 12:00:00,25.27165231742294,26.65376803882565,27.352401760242778,28.592772209808455,25.2569091871676,24.153134600913692,27.377964106586955,27.25598619708335,14.747048584806771,27.094755917523777,26.45523412713499,27.753829384493347,24.235935921555228,3.517893462938119,28.177661437972148,28.959640898214598,27.97633495980123,-0.7819794602424501
2048-09-16 00:00:00,25.23372261991603,26.440612621327812,27.009805198667475,28.320570653797333,25.822147721927386,24.68932659564136,27.82910594047079,27.74848146830504,14.656915602740561,27.504771654984204,26.422865411141913,28.22816321963575,24.113900998835472,4.114262220800278,28.41735672339039,28.941694446527478,28.205855092560235,-0.5243377231370872
2048-10-16 12:00:00,25.471431564082536,26.388767841969873,26.963682516166315,28.40858631161347,25.74215234875582,24.670024437475224,27.803122249738177,27.672065598144783,15.216622900841266,27.629177627491984,26.73576234880464,28.380336528505552,24.634173123900702,3.74616340460485,29.044519694574674,29.274170076100045,28.709679946073813,-0.22965038152537076
2048-11-16 00:00:00,26.012356452951305,26.383908284019565,26.90295286095856,28.494476287612937,25.01913503684586,24.09299589483085,27.253747113594788,26.992711648505413,16.473913810948602,27.228287028170193,27.193626598828253,27.850024605225396,25.501743261971907,2.3482813432534897,29.388964049310378,29.56221113053705,29.193835094639706,-0.17324708122667332
2048-12-16 12:00:00,26.831029872957487,26.536012185953282,26.943153102483656,28.50553663403178,23.97569897626237,23.19166831151055,26.409649381836434,26.0446916767649,18.30599680418678,26.465364268778217,27.60559475194125,26.977524813851375,26.2915476327687,0.6859771810826736,29.215250553729096,29.665674101756952,29.449331364917754,-0.45042354802785667
2049-01-16 12:00:00,27.711387334306316,27.03219578403518,27.213738941602717,28.53214461040504,23.030459826965206,22.307346583007455,25.654821965879066,25.240597910338355,20.084055143668827,25.79214501344638,27.967031595590882,26.27155878660681,27.00928974784573,-0.7377309612389205,29.013322355756152,29.669298153113278,29.475020048112476,-0.6559757973571259
2049-02-15 00:00:00,28.568692241695853,27.553537379053694,27.56363578819265,28.65557571199517,22.432090678611768,21.72711010837446,25.320208653473554,24.8959030765345,21.109377391768586,25.50787475841359,28.31632210907863,26.023592746044564,27.499537003383217,-1.4759442573386536,29.25798272237787,29.605324856075892,29.805284660478183,-0.3473421336980209
2049-03-16 12:00:00,29.040350817486416,28.10789524094651,28.006152619590026,28.93357144842455,22.24138875333027,21.53252440366209,25.31757902125585,24.896182846634908,21.086542703412015,25.511216205520565,28.643655248813655,26.10106028324266,27.740744077355558,-1.6396837941128979,29.84550838305641,30.248896760945556,30.19728730920579,-0.40338837788914716
2049-04-16 00:00:00,28.55246870115288,28.556190220305965,28.495389506203697,29.3151757684037,22.43678827293031,21.648579762313677,25.542611622256338,25.06309993736787,19.927469777477455,25.698725872352913,28.711332448568314,26.33814210114496,27.65578084157838,-1.31763874043342,30.847303376018615,30.5590826790316,30.724591390615867,0.2882206969870147
2049-05-16 12:00:00,27.344104965597378,28.385330614779665,28.68906081815842,29.494338849307184,22.92896702424287,21.937145691680165,25.8642895999206,25.372966550733207,18.213393392333117,25.97586203435985,28.288733725294108,26.6908136314978,26.971591335312795,-0.28077770381499434,30.655096546123154,30.501358784802946,30.199715564315728,0.15373776132020822
2049-06-16 00:00:00,26.308137729311103,28.019732158952447,28.479020415387637,29.29651628199002,23.546160376877896,22.40959949276996,26.27704512818681,25.956999528371192,16.63352811087622,26.347293055189635,27.576315501085713,27.20130326009832,25.991565419450538,1.209737840647783,29.251648029651097,30.097033991265683,28.963253107925492,-0.8453859616145856
2049-07-16 12:00:00,25.534521972594373,27.263212593323445,27.880561391104244,28.914813792051714,24.364001856196555,23.23769791264103,26.829851511915,26.666394788258856,15.407639971912078,26.71063919560437,26.886197707977697,27.47575068755995,25.000726328447424,2.4750243591125276,28.49622437524555,29.42547020772561,28.26025527338473,-0.9292458324800599
2049-08-16 12:00:00,25.04848162281531,26.431279614112725,27.09638937552711,28.440907300489084,25.18988750047705,24.075923148893253,27.427057938990693,27.288244837024237,14.701084610432058,27.123861156188443,26.449649043291245,27.792717168758774,24.28938906023846,3.5033281085203143,28.25280825372418,28.89176139593827,28.076697144481788,-0.6389531422140919
2049-09-16 00:00:00,24.933463607619007,26.248150843477287,26.812799531048498,28.18285496809666,25.708027918103827,24.595564513372793,27.843721784149604,27.761199634632625,14.6013707634828,27.517412044477258,26.40724660618733,28.266898069187885,24.18920311412734,4.077694955060544,28.51038324794781,28.870599646341876,28.315377128661027,-0.3602163983940656
2049-10-16 12:00:00,25.330426417051907,26.24759103091039,26.800572110397372,28.251830512850255,25.627499753106022,24.547213772401836,27.789604225786118,27.67915968171101,15.170658054600185,27.617593652657636,26.72576525498456,28.416709267787805,24.73877096749976,3.6779383002880444,29.096581845666783,29.22805298844757,28.785950155199895,-0.13147114278078575
2049-11-16 00:00:00,25.881742196727544,26.222266929924988,26.748867483989507,28.34878768849689,24.916636197309302,23.931129472800027,27.196458459061727,26.912267397506962,16.493001732127844,27.17658592986726,27.184983358518252,27.812864443043843,25.616699587526238,2.1961648555176048,29.411386596804252,29.53038772113031,29.22412669281073,-0.1190011243260578
2049-12-16 12:00:00,26.70526934612321,26.41484150677245,26.78980766698056,28.362114326260045,23.88592087843952,23.031438399310602,26.35390300252066,25.993947867059138,18.390770390751047,26.41709260585749,27.59536783079629,26.96150775130987,26.407874026519938,0.5536337247899326,29.2263509855768,29.645997978549108,29.440710666620692,-0.41964699297230723
2050-01-16 12:00:00,27.68948509462734,26.8975795696982,27.022488035781986,28.340486533502038,22.95065413341574,22.161915594632937,25.589644208682817,25.157510352259926,20.330017440171307,25.730532902666006,27.932070818691187,26.22223899909289,27.041666394856403,-0.8194273957635119,29.039160211529566,29.579149150705224,29.487002494055815,-0.5399889391756574
2050-02-15 00:00:00,28.618622391580466,27.50012797437835,27.386291347161666,28.445365335151724,22.402535255629147,21.66833161780383,25.290635522882376,24.86172528889178,21.298033570488126,25.48309534987304,28.264812948921374,26.005528952875952,27.535805051699732,-1.53027609882378,29.169087831568543,29.63869057355828,29.693039573352674,-0.4696027419897355
2050-03-16 12:00:00,29.066410440224832,28.152068137566893,27.990857206688556,28.79184776202349,22.253218464697113,21.582910898243203,25.356518440563566,24.964302182238445,21.12231475053026,25.55830852714157,28.61297679248291,26.16555286346784,27.827919333304727,-1.6623664698368863,29.85225268756228,30.216107782968226,30.21282193465584,-0.3638550954059454
2050-04-16 00:00:00,28.610951309379356,28.55874355669636,28.46290480079678,29.21107514464478,22.47453813071275,21.741107200554335,25.5846525690647,25.152187041762595,19.926750864239942,25.751349226408347,28.687132200993993,26.417265965790843,27.700501647795395,-1.2832356820045518,30.847190136350903,30.55902768222656,30.744906646789985,0.28816245412434327
2050-05-16 12:00:00,27.427399840328786,28.321343381425223,28.62721315026816,29.427042407721345,22.9340413863331,22.007841432361037,25.859500896571515,25.390221119578886,18.286465903518426,25.983510504859904,28.263592072539648,26.707171616455017,26.962650890242134,-0.25547927378711677,30.718975104278428,30.506634537891422,30.243338396034954,0.21234056638700594
2050-06-16 00:00:00,26.501462330400898,28.003726890841715,28.407818927379243,29.20712367433584,23.560306443452433,22.497753442981036,26.269638547488185,25.96869932754555,16.682064315957597,26.342473665205922,27.560714582894544,27.19919133071336,25.989672316695433,1.2095190140179284,29.289841058161986,30.026953515319363,29.00970976635249,-0.7371124571573766
2050-07-16 12:00:00,25.682987869276786,27.29456724645733,27.824116569111915,28.80910788191266,24.412022863364637,23.339035922495334,26.831457242170103,26.675290905805394,15.44521873122917,26.7157392405633,26.88267721644921,27.473539745029836,24.98165180469771,2.491887940332127,28.503848472323128,29.4953744841856,28.287174435818486,-0.9915260118624722
2050-08-16 12:00:00,25.107962020252565,26.409071131115567,26.980524430994926,28.277603057295373,25.277849904986862,24.20816395064495,27.458438369764078,27.31539374702596,14.728160089000161,27.164283605782185,26.437288628213718,27.810227938751318,24.272454992711967,3.5377729460393503,28.271896429804627,28.9854726409882,28.10751013321331,-0.7135762111835717
2050-09-16 00:00:00,25.004448718326596,26.176311172181073,26.664082095932947,27.983124193941208,25.796649696099927,24.676900262110113,27.878018237343717,27.78696938061714,14.69186934191703,27.543509415904516,26.388158969554727,28.272891107096324,24.099251929072796,4.173639178023528,28.471167537248103,29.033532364192563,28.302019806370417,-0.5623648269444601
2050-10-16 12:00:00,25.28379182277467,26.080691393875185,26.617360009265358,28.11407810239316,25.722326151052506,24.628822013343587,27.81766417253709,27.698796243620826,15.288580004871992,27.64605419874753,26.687677331961485,28.430142652273354,24.608111496836322,3.822031155437031,29.09602953833237,29.370223806322077,28.773760828399972,-0.2741942679897065
2050-11-16 00:00:00,25.78411354893343,25.98928855205704,26.50029977806442,28.205719554135808,24.97011854450141,24.022957674312554,27.231021228020072,26.95543780397203,16.65408670833005,27.210799342643387,27.13811758275004,27.84215302445477,25.450541343560584,2.3916116808941865,29.402188266962437,29.634692221370955,29.229572253928566,-0.2325039544085179
2050-12-16 12:00:00,26.592725851058297,26.097789900470385,26.49906364063094,28.225953764699383,23.956491854854164,23.140978571120716,26.354832171832943,25.984255880458274,18.561394496879764,26.427706816152618,27.54150128339592,26.943865900906495,26.253906021551273,0.6899598793552215,29.207925758721785,29.689801485514455,29.43842662757568,-0.4818757267926692
