time,nino12,nino3,nino34,nino4,norte,norteleste,centro,centroleste,cbm,tna,tsa,nat,sat,tasi,wtio,setio,swio,dmi
2015-01-16 12:00:00,24.912586212158203,25.244604110717773,25.869401931762695,28.40207145865588,22.837318135803002,21.54576301574707,24.86593068796916,23.722409566118888,19.47895622253418,24.857303225555587,27.9310657347088,24.824775534391556,26.91000747680664,-1.3218084573745728,28.235722547126972,28.434648513793945,28.647959857254513,-0.4494979977607727
2015-02-15 00:00:00,25.849885940551758,26.106172561645508,25.92658233642578,28.39803455625873,22.3758437697182,21.325931549072266,23.92766028500034,22.979122915781364,19.84909439086914,23.82290389485689,28.125478166113755,23.503060498776662,27.478357315063477,-2.4579696655273438,28.28933018543773,28.584951400756836,28.803681587336662,-0.337434858083725
2015-03-16 12:00:00,25.722936630249023,27.2235050201416,27.293682098388672,28.42993782119739,22.21899186456832,20.892915725708008,24.070723867250873,23.276958055910676,19.219812393188477,24.016886112538554,28.364891728083624,23.946765582831194,27.505022048950195,-3.466501474380493,28.859606629625592,28.99407196044922,29.34635456306206,-0.07488783448934555
2015-04-16 00:00:00,25.248647689819336,27.41127586364746,27.701419830322266,28.41580062536371,22.516541410249282,21.320695877075195,24.81306839957265,23.923099378870564,17.974136352539062,24.700259341273846,28.241963534313125,24.831001121923993,27.6787052154541,-2.7888150215148926,29.43181570497917,29.435232162475586,29.386473506769146,0.32174062728881836
2015-05-16 12:00:00,23.809322357177734,26.95393180847168,27.15703582763672,28.48609100726452,23.35877243737512,22.336977005004883,25.36814187459536,24.56553235330939,15.839643478393555,25.26122689335003,27.77977442461098,25.422997343832293,27.172073364257812,-1.9910430908203125,29.700183994386304,29.305620193481445,29.280924300028932,0.09012507647275925
2015-06-16 00:00:00,22.46156120300293,26.496295928955078,27.336593627929688,28.53996148030076,24.453771229505193,23.02410888671875,25.97810096405643,25.20481166865315,14.152185440063477,25.913729624390868,26.953368806665466,25.99898886256567,26.08924674987793,-0.2716798186302185,28.583659920601097,29.415407180786133,28.124865230258273,-0.9720518589019775
2015-07-16 12:00:00,21.570199966430664,25.50249671936035,27.132396697998047,28.581668528996623,25.695222517301072,23.796279907226562,26.634316940291242,26.196957139954854,12.975191116333008,26.465152636535155,26.323999273739336,26.621543925290833,25.37143325805664,1.3342610597610474,27.419358364672316,28.594114303588867,27.188591749144837,-0.985522985458374
2015-08-16 12:00:00,20.821788787841797,25.401817321777344,27.00928497314453,28.59305645766584,26.66240143719305,24.930709838867188,27.436609509723606,27.033475736606093,12.098892211914062,27.2547060797408,26.033504896040146,27.3084100181155,24.660341262817383,2.294833183288574,27.313734138863754,27.972414016723633,27.104304614565784,-1.1414285898208618
2015-09-16 00:00:00,20.89016342163086,25.22852897644043,26.79128646850586,28.512200986465913,26.719242497729127,25.26995277404785,28.15252832094028,27.44388713848147,12.736668586730957,27.899751445730306,26.05119034133336,28.144919360132917,24.986988067626953,2.6279568672180176,27.714784991229873,28.107938766479492,27.381538287286364,-0.4946454167366028
2015-10-16 12:00:00,21.088634490966797,25.010818481445312,26.436052322387695,28.516476987610627,25.973507191634834,25.0262451171875,27.50695424378508,26.870538743219328,13.805224418640137,27.36966261480096,26.396008886012023,27.455969879805767,25.455894470214844,2.209120988845825,28.343091848633552,27.992368698120117,27.770794656303497,-0.06858109682798386
2015-11-16 00:00:00,21.959157943725586,24.630067825317383,26.219745635986328,28.52775484504865,24.746506916061133,23.879497528076172,26.66872116740303,25.882754802199347,15.352531433105469,26.533012058686595,26.977433906878943,26.609983256889823,25.833955764770508,1.1414453983306885,28.618880843737283,28.441768646240234,28.265849522738357,0.2511744797229767
2015-12-16 12:00:00,23.267866134643555,24.655231475830078,25.865392684936523,28.501198109188696,23.677710245968523,22.71762466430664,25.654712459818505,24.69417435348528,17.54840660095215,25.717662530473007,27.64388561529579,25.66401089115058,26.38252830505371,-0.5252997279167175,27.96677884762452,28.581825256347656,28.23764514206619,-0.53602135181427
2016-01-16 12:00:00,24.645092010498047,25.133764266967773,25.891307830810547,28.48066176255487,22.853986664751055,21.56245231628418,24.88104393492565,23.917290445099905,19.470468521118164,24.94229748227147,28.03655799868834,25.015083098697477,26.822734832763672,-1.9665753841400146,27.917101843826625,28.48698616027832,28.469750300703044,-0.46576714515686035
2016-02-15 00:00:00,25.681434631347656,26.312427520751953,25.88862419128418,28.498156356297315,22.338290200066695,21.399362564086914,24.414289617097165,23.742315465159297,19.84909439086914,24.622080463790557,28.171614326318622,24.770704366249937,27.40312957763672,-3.2693164348602295,28.14999482926817,28.63506507873535,28.65612698230955,-0.35813814401626587
2016-03-16 12:00:00,26.383398056030273,27.01041603088379,26.33914566040039,28.554583907292663,22.143429555216457,21.1373348236084,24.613634592913442,23.8910866157365,19.219812393188477,24.698939751776933,28.261202280344325,24.914710176699153,27.79252052307129,-3.5005578994750977,28.78320795147503,28.762086868286133,29.18904758658841,-0.07488783448934555
2016-04-16 00:00:00,25.493061065673828,26.8855037689209,26.938074111938477,28.580124948040556,22.715408645518057,21.788137435913086,25.263174335626168,24.560522972497377,18.072778701782227,25.255610883237516,28.322938381814474,25.433701647955207,27.94498634338379,-2.7942304611206055,29.71040358744342,29.472593307495117,29.80843121876959,0.25645336508750916
2016-05-16 12:00:00,24.350101470947266,26.72235679626465,27.241043090820312,28.631302711373074,23.46678492208695,22.268674850463867,25.76779548585389,25.00421075281743,16.605430603027344,25.71804196114745,27.82849461438009,25.81886846092995,27.405689239501953,-1.744286060333252,29.439356410141645,29.562776565551758,28.925087067794127,-0.0684206634759903
2016-06-16 00:00:00,24.35417938232422,26.193998336791992,27.25800323486328,28.68939770751166,24.61290066476162,23.13555335998535,26.237556401361704,25.45928256762721,14.51044750213623,26.193935120457787,27.116963012334605,26.312822297086917,26.421178817749023,-0.4563981294631958,28.778807396529846,29.361896514892578,28.25402342038408,-0.9296914339065552
2016-07-16 12:00:00,21.181686401367188,25.855770111083984,26.809791564941406,28.747995693390067,25.753620147668208,24.048908233642578,26.759955721351268,26.160509702397263,13.797038078308105,26.81559214488897,26.59704392016705,26.740046919314814,25.625049591064453,0.7999428510665894,28.085214187525697,28.69430160522461,27.780608199638216,-1.149839997291565
2016-08-16 12:00:00,20.483232498168945,24.906375885009766,26.488237380981445,28.76694191003473,26.4264574779721,24.926551818847656,27.511076473881722,26.966607644252097,12.807534217834473,27.277984491778795,26.22727675084681,27.30283109750357,24.96910858154297,1.9159722328186035,27.811844560856887,28.15334701538086,27.574927115460664,-1.0352436304092407
2016-09-16 00:00:00,20.112518310546875,25.1677188873291,26.323585510253906,28.74856662288842,26.834897106677385,25.407440185546875,28.0991047341936,27.379486774043517,12.591007232666016,27.835916061355814,26.231894853110127,27.891795893809846,25.01475715637207,2.436145305633545,28.26587346940246,27.6462459564209,27.817770259973873,-0.15683266520500183
2016-10-16 12:00:00,20.666292190551758,24.724735260009766,26.202425003051758,28.787898841553403,26.51494174077202,25.44795036315918,28.23265871317289,27.453609641003663,13.79283332824707,28.042278566361887,26.517093165618878,28.138789242226746,25.241104125976562,2.7032699584960938,28.765729897719492,28.109834671020508,28.22650112837369,0.08615926653146744
2016-11-16 00:00:00,21.335277557373047,24.37425994873047,26.28146743774414,28.79931124748525,25.083728378259828,24.364242553710938,26.926645830412458,26.341469624809406,15.171235084533691,26.908948292064125,27.12961064404996,26.973703754403633,25.630144119262695,1.2655636072158813,29.08206064231624,28.398672103881836,28.68285476636787,0.07239135354757309
2016-12-16 12:00:00,23.251567840576172,24.587726593017578,25.925329208374023,28.741679366465792,23.703268116774773,22.771465301513672,26.072378358882666,25.11282378191979,17.06352424621582,25.997552494371295,27.76279484849524,26.10300140085325,26.376314163208008,-0.13843366503715515,28.683294749688063,28.565847396850586,28.890438439902873,-0.4210413098335266
2017-01-16 12:00:00,24.44896125793457,25.191076278686523,25.891307830810547,28.593661852005628,22.752238015868492,21.866382598876953,25.0695168970155,24.11411473272395,19.247556686401367,25.069277721415975,28.117588933707577,25.102850398724296,27.011289596557617,-1.8921416997909546,28.2272431260082,28.646984100341797,28.76213394768443,-0.7246260643005371
2017-02-15 00:00:00,25.910646438598633,26.502546310424805,25.92658233642578,28.47303612252908,22.400297063715506,21.176345825195312,24.60447270413038,23.713475982890134,19.502294540405273,24.587837139777708,28.221298663639487,24.69179737830193,27.30345344543457,-3.2693164348602295,28.56300829362647,29.060550689697266,29.06469677930996,-0.5535186529159546
2017-03-16 12:00:00,26.684972763061523,26.420747756958008,27.04656982421875,28.46317993170113,22.352138451326393,21.122068405151367,24.604229474271516,23.78846001670553,19.313919067382812,24.483282792182028,28.378883158929003,24.699022099919226,27.79252052307129,-3.213005781173706,29.14987354439295,29.219655990600586,29.481530705291338,-0.17958764731884003
2017-04-16 00:00:00,25.913026809692383,27.156816482543945,27.58249855041504,28.388998654313124,22.858837167688804,21.687795639038086,25.184101401842927,24.418013918975497,17.79494857788086,25.192073455697415,28.26081518516149,25.35161915215765,27.821659088134766,-2.8938796520233154,29.662554214285766,29.542421340942383,29.68077874449988,0.2912473678588867
2017-05-16 12:00:00,23.809322357177734,27.162534713745117,27.581384658813477,28.417477902926166,23.44312450032383,22.03395652770996,25.395334685491992,24.630830238530145,15.78338623046875,25.277358690990596,27.80295513643757,25.48925535816317,27.340272903442383,-1.9910430908203125,29.861584561834253,29.562776565551758,29.62947593183911,0.006116420496255159
2017-06-16 00:00:00,23.11434555053711,26.325836181640625,27.55388832092285,28.429587121768694,24.16018265716027,23.109895706176758,25.905996299225855,25.058814283339434,14.11209487915039,25.78687143442683,26.995050000594212,25.938706392812815,26.317298889160156,-0.6122916340827942,28.876367811368365,29.414154052734375,28.43603092786898,-0.874191403388977
2017-07-16 12:00:00,21.697114944458008,24.938085556030273,27.379650115966797,28.496358087785374,25.24799421336865,23.650184631347656,26.437839150022548,25.82112850317056,12.722099304199219,26.32551126633793,26.37884332695783,26.474956396503906,25.395288467407227,1.3342610597610474,27.863457970844696,28.78479766845703,27.6741320393274,-0.985522985458374
2017-08-16 12:00:00,20.94711685180664,24.950611114501953,26.806560516357422,28.47381505082547,26.259996770792554,24.627376556396484,27.205771768683686,26.826909099290823,12.165853500366211,26.991489888653643,26.123427644428308,27.103403955370823,24.69061279296875,2.0278210639953613,27.429038928673645,28.57522964477539,27.494798847773623,-0.9096910953521729
2017-09-16 00:00:00,20.367605209350586,24.64833641052246,26.513153076171875,28.43489973393086,26.891904315522957,25.604618072509766,28.114498200394355,27.48040536201566,12.292515754699707,27.86814871914201,26.113673355482558,28.054593858195343,24.66696548461914,2.792356491088867,27.664258158919804,28.097681045532227,27.70329656403517,-0.8253388404846191
2017-10-16 12:00:00,20.670188903808594,24.99378776550293,26.714876174926758,28.388447950161826,26.532045266465186,25.569948196411133,28.118691015277506,27.522494209753784,13.454668045043945,27.939332759574693,26.448026725898732,28.324171653087177,25.086912155151367,2.8394112586975098,28.17387724728808,28.446056365966797,28.072848094819815,-0.6244696378707886
2017-11-16 00:00:00,21.448637008666992,25.07187271118164,27.008155822753906,28.452002557518483,25.12109158755063,24.367042541503906,27.072105505520867,26.63833112979277,15.461406707763672,26.9637662359619,26.937261580911635,27.26123520618133,25.66806983947754,1.7579656839370728,28.55601802225593,28.62613296508789,28.457947400386526,-0.6519285440444946
2017-12-16 12:00:00,22.85019302368164,24.435422897338867,26.77829360961914,28.51788043807064,23.579442763015134,22.707218170166016,26.14497385568982,25.37507254175006,17.320884704589844,26.070728131718038,27.40171911792233,26.31173187272628,26.11297035217285,0.23677046597003937,28.214889624923497,28.799434661865234,28.534021656501842,-0.46467044949531555
2018-01-16 12:00:00,24.53009605407715,25.68124771118164,26.597362518310547,28.352438025742696,22.550925428493443,21.49030113220215,25.21258126230767,24.2149526042581,19.247556686401367,25.074560059015422,27.76760223254399,25.350565648406445,26.627973556518555,-1.7641898393630981,27.9055218305683,28.575876235961914,28.425268477879417,-0.33959347009658813
2018-02-15 00:00:00,25.898595809936523,26.015344619750977,26.71237564086914,28.275314469076015,22.056586701419942,21.248504638671875,24.814427757556928,23.95611521785269,19.55367660522461,24.720564747895157,28.1020336326739,25.035256407191483,27.187707901000977,-2.621919870376587,28.236705584910514,29.090219497680664,28.780701948747506,-0.18598324060440063
2018-03-16 12:00:00,26.315876007080078,27.978404998779297,27.08794403076172,28.35862855344325,21.99961290425742,21.21143341064453,24.86213880556217,24.09337348712526,19.730453491210938,24.750387964806517,28.28347602246946,25.082154098530307,27.74415397644043,-3.1724326610565186,29.056251008362157,29.07128143310547,29.279247286027942,-0.07488783448934555
2018-04-16 00:00:00,25.444698333740234,26.8855037689209,26.935909271240234,28.419009332905027,22.373337011225367,21.251720428466797,25.07484326695832,24.455182783694006,17.974136352539062,24.968112225016025,28.24997028426764,25.36801298325409,27.415102005004883,-2.915210008621216,29.72222889365111,29.542421340942383,29.57397744738646,0.2688444256782532
2018-05-16 12:00:00,24.39130401611328,26.72235679626465,27.22214126586914,28.5019675021469,23.45378385425765,22.475006103515625,25.591148723975394,24.921343437322697,15.839643478393555,25.489420115828693,27.780079417623977,25.71809053022437,27.124256134033203,-1.5717352628707886,29.603929631803442,29.562776565551758,29.186627201187402,-0.032684456557035446
2018-06-16 00:00:00,23.145301818847656,26.415184020996094,27.25800323486328,28.597871929125745,24.645609356398175,23.114606857299805,26.242757041617953,25.64375185962924,14.11209487915039,26.248043563459863,27.054886883630665,26.400236975762294,26.317298889160156,-0.2716798186302185,28.319312178023882,29.597816467285156,27.83277866029846,-0.8165987133979797
2018-07-16 12:00:00,21.59733009338379,25.413591384887695,26.780014038085938,28.617452540575275,25.517527891276302,23.785629272460938,26.85610360447413,26.39015580444811,12.975191116333008,26.780602785200156,26.466713250237564,26.77538186194393,25.37143325805664,1.3843692541122437,27.187534550594737,28.842121124267578,26.946139401096605,-0.985522985458374
2018-08-16 12:00:00,20.460391998291016,25.322776794433594,26.425745010375977,28.603255888344023,26.26640236370911,24.926551818847656,27.586275773476366,27.09964784762835,11.880046844482422,27.285001320658164,26.224471327413596,27.364517264967343,24.667648315429688,2.273174285888672,27.148213143391654,28.44915771484375,27.06296867199689,-1.3559776544570923
2018-09-16 00:00:00,20.330841064453125,25.1677188873291,26.275188446044922,28.64371484256504,26.321355253029854,25.32613182067871,28.072326134737406,27.50299145528946,12.728187561035156,27.800938133177112,26.29797597122414,28.08815970488643,24.620616912841797,2.792356491088867,27.553569183184695,27.875734329223633,27.43844997865375,-0.7824954986572266
2018-10-16 12:00:00,20.697980880737305,24.39069938659668,26.202425003051758,28.69548092270758,26.01185404641902,25.124292373657227,28.126326534841024,27.79459920872383,14.0243558883667,27.945600303584932,26.67846196669166,28.687053485920163,25.236661911010742,2.9935719966888428,28.13749742806805,28.053268432617188,27.973146676290405,-0.2882987856864929
2018-11-16 00:00:00,22.250822067260742,24.60192108154297,26.28146743774414,28.77518167301086,24.739853999569053,24.12506675720215,27.066297581299786,26.924340983538322,15.790112495422363,26.963118360170895,27.232037470239167,27.610369092088174,25.694303512573242,1.7880748510360718,28.653172249214112,28.4547061920166,28.507218204736436,-0.35613036155700684
2018-12-16 12:00:00,23.772483825683594,24.82745933532715,25.925329208374023,28.720871640428996,23.63679583329129,23.08724021911621,26.24360586764896,25.772181985652768,18.086872100830078,26.242843364692273,27.82928882577684,26.549490285245785,26.239274978637695,0.10960052907466888,28.50009480132056,28.571941375732422,28.860879658940807,-0.5088968276977539
2019-01-16 12:00:00,24.619903564453125,25.27486801147461,25.930940628051758,28.620809948635962,22.552579125146533,22.0141658782959,25.456553538512814,24.661050892097965,19.372833251953125,25.45757704478954,28.187856537043995,25.771241720995874,26.82227897644043,-1.5716310739517212,28.0964244351018,28.748069763183594,28.689166597936865,-0.7636486887931824
2019-02-15 00:00:00,25.366455078125,25.68016242980957,25.907245635986328,28.551012025087132,22.136090221494747,21.399362564086914,25.28427123146746,24.33967591047874,19.84909439086914,25.264135845761544,28.417794169860652,25.500978801305695,27.478357315063477,-2.820439100265503,28.516070580603202,29.090219497680664,29.148788695077382,-0.3852331340312958
2019-03-16 12:00:00,25.722936630249023,26.534133911132812,26.470632553100586,28.48359191806655,22.0154964859465,21.348081588745117,25.393536703288056,24.729533548588844,19.7093563079834,25.274997689156738,28.615186592146216,25.65644677035807,27.694326400756836,-3.1724326610565186,29.231873454955352,29.219655990600586,29.722743908877614,0.14617377519607544
2019-04-16 00:00:00,25.039703369140625,26.923744201660156,27.535703659057617,28.41847191165254,22.37586104248547,21.711292266845703,25.64863946617868,24.91153663611924,17.815805435180664,25.457777136281553,28.42357092390211,25.826702947403604,27.78728485107422,-2.982456922531128,30.058535152081365,29.542421340942383,30.17019029855925,0.25645336508750916
2019-05-16 12:00:00,24.679821014404297,27.1877498626709,27.43653106689453,28.44340455405967,23.2740399461072,22.475006103515625,26.144016115310723,25.474035096142032,15.91324234008789,26.055349942814903,27.85749690037919,26.317704065148405,27.343914031982422,-1.5717352628707886,30.044200448153173,29.562776565551758,29.648683046724077,0.06831575185060501
2019-06-16 00:00:00,22.32477569580078,26.119707107543945,27.713851928710938,28.497640706442837,24.4444830667343,23.181367874145508,26.598483133641906,26.062056543512533,13.84817886352539,26.458801068561613,27.035550464384382,26.65724110529796,26.4963436126709,-0.2716798186302185,28.93962865213631,29.447664260864258,28.532196951639676,-0.9420179128646851
2019-07-16 12:00:00,21.495559692382812,25.267807006835938,27.68804931640625,28.478173407937327,25.432346993840163,23.80205726623535,27.001103766424965,26.423505672367718,11.879904747009277,26.910400344561502,26.396335941630298,26.992824640454582,25.75141143798828,0.8444548845291138,27.770191833413232,28.829423904418945,27.598424650170895,-0.985522985458374
2019-08-16 12:00:00,21.06169891357422,24.034048080444336,26.174503326416016,28.34106749054887,26.345691876615565,24.642850875854492,27.6025716388402,26.944079014079804,11.876580238342285,27.433829767533105,26.060468065351216,27.347840497667928,25.161453247070312,1.9347879886627197,27.530342371354653,28.394201278686523,27.572745645260724,-1.2124131917953491
2019-09-16 00:00:00,20.481903076171875,25.63555908203125,26.64861488342285,28.22834245168063,26.686380391643286,25.42973518371582,28.516261188086293,27.656399755718986,12.231273651123047,28.114234595573407,26.068234987353673,28.385503758607737,25.189481735229492,2.460763454437256,27.960821553693133,28.079296112060547,27.85491796845755,-0.6327704787254333
2019-10-16 12:00:00,20.52407455444336,24.402070999145508,25.94318199157715,28.207120522361848,26.18876569037152,25.32840347290039,28.331511794292446,27.622432824035634,13.641683578491211,28.106695027395382,26.36274191742107,28.595705304091542,25.440820693969727,2.274280071258545,28.486184697670016,27.962425231933594,28.22167888043974,-0.06858109682798386
2019-11-16 00:00:00,21.80594825744629,24.95268440246582,25.821443557739258,28.21685436904912,24.871437907284687,24.15277862548828,26.86293273319211,26.314982052374056,15.677107810974121,26.82074082287261,26.82958336921781,27.024445079215777,25.917198181152344,1.1414453983306885,28.337800560491328,28.539525985717773,28.46248548249932,-0.3616071939468384
2019-12-16 12:00:00,24.314212799072266,25.103538513183594,26.171369552612305,28.09689752394898,23.804028540383726,22.707218170166016,25.982736980723175,25.027507801329676,17.364717483520508,25.936374162499384,27.328992392555588,25.972082175002342,26.376314163208008,-0.18870136141777039,28.249498675532553,28.592164993286133,28.66706010321236,-0.503355860710144
2020-01-16 12:00:00,24.243846893310547,25.43236541748047,26.448820114135742,28.028966752144946,22.666922470875658,21.472766876220703,24.858405709020612,23.756673017523557,19.399883270263672,24.8172747374602,27.687928466030957,24.896172325511046,27.011289596557617,-1.268853783607483,27.835924476821273,28.519025802612305,28.15751615995241,-0.655953049659729
2020-02-15 00:00:00,25.822355270385742,26.165599822998047,26.74540138244629,28.125090154480834,22.159878448746227,20.947799682617188,24.362524249507427,23.63962925443922,20.339462280273438,24.345229474043528,27.845427923228467,24.6215744603896,27.39614486694336,-2.595780849456787,28.239512030991474,28.586889266967773,28.627504146952642,-0.23093281686306
2020-03-16 12:00:00,26.315876007080078,26.94887924194336,26.8961124420166,28.2210528985542,22.124651156037515,20.94138526916504,24.818307358015232,24.12017608682602,19.33705711364746,24.713684181164943,28.08813859804967,25.09548487056649,27.50965118408203,-3.3878753185272217,29.06647183793012,29.131221771240234,29.36443663947291,-0.04318470135331154
2020-04-16 00:00:00,25.150619506835938,27.439350128173828,27.418548583984375,28.317104935072592,22.55394470196756,21.518510818481445,25.171476216505425,24.46401716323822,17.79494857788086,25.06642623283482,28.147216412847722,25.3882517489119,27.68317222595215,-2.783937692642212,29.719569255373788,29.312875747680664,29.70047565910034,0.21338436007499695
2020-05-16 12:00:00,24.65631866455078,26.72235679626465,27.22214126586914,28.404726202731833,23.432874052764674,22.335947036743164,25.51727689692957,24.80669330107756,15.78338623046875,25.46485223950272,27.800884815876472,25.639909173013386,27.23748016357422,-1.8004837036132812,29.952777480151536,29.507795333862305,29.610283879422376,-0.09379689395427704
2020-06-16 00:00:00,24.069293975830078,26.193998336791992,27.25800323486328,28.487657533181252,24.59693477419422,23.099679946899414,26.13449659941088,25.277178553909483,13.898469924926758,26.104917860631367,27.083673198821504,26.21975734438938,26.444406509399414,-0.46452975273132324,28.79049536140906,29.353872299194336,28.123511869922662,-0.9420179128646851
2020-07-16 12:00:00,23.26270294189453,25.609140396118164,26.780014038085938,28.56614752014105,25.61388961312025,23.761953353881836,26.601747121290995,26.03378747556169,13.351462364196777,26.499174910926524,26.515336451199207,26.605277297107495,25.631065368652344,0.8700542449951172,27.575261331224656,28.70805549621582,27.15054040359449,-0.985522985458374
2020-08-16 12:00:00,20.806184768676758,25.357887268066406,26.425745010375977,28.60065859332056,26.307671670561856,24.67597198486328,27.380589103808123,26.88781868192844,12.718693733215332,27.117199023779122,26.276379632252908,27.156355375219302,24.959842681884766,2.098134994506836,27.341502507378312,28.23225975036621,27.06823076515209,-1.0631033182144165
2020-09-16 00:00:00,19.915197372436523,25.067472457885742,26.383089065551758,28.590323874048114,26.799704683739957,25.26995277404785,27.979932061803723,27.305390385132693,12.542160034179688,27.828713354938667,26.26788148196018,27.909930023571228,24.97917938232422,2.613271951675415,27.62085219093891,27.473052978515625,27.33062585167784,-0.6327704787254333
2020-10-16 12:00:00,20.3350772857666,26.152652740478516,26.183805465698242,28.658038363757285,26.377601857928816,25.124292373657227,27.804854151590714,27.058475140739773,14.06031322479248,27.62891467584402,26.59105374915899,27.739846549377727,25.193557739257812,2.1982624530792236,28.32252545938559,28.25288963317871,27.85969453868417,-0.3868200182914734
2020-11-16 00:00:00,21.40632438659668,24.914953231811523,26.212337493896484,28.704955328047113,25.041002923222432,24.28086280822754,26.726015264532066,26.008987208269712,15.790112495422363,26.763018920251934,27.129361491182227,26.69181237848897,25.93923568725586,1.1414453983306885,28.98527818378754,28.59042739868164,28.536118388310385,-0.1987863928079605
2020-12-16 12:00:00,22.653030395507812,24.621612548828125,25.90822982788086,28.56504768602697,23.755023431245977,22.707218170166016,25.716081128906715,24.74350075263024,18.086872100830078,25.783919661206546,27.64872971891207,25.801851617678977,26.239274978637695,-0.18870136141777039,28.599284031993935,28.63112449645996,28.631858534565325,-0.45421701669692993
2021-01-16 12:00:00,24.491193771362305,25.212814331054688,25.840295791625977,28.445989510393915,22.86513351863293,21.734691619873047,24.81765390182014,23.71137721097726,19.492616653442383,24.83834340477385,28.10954078502355,24.870669257956973,26.811786651611328,-1.8921416997909546,28.386037793032234,28.758520126342773,28.810618639056386,-0.5783078074455261
2021-02-15 00:00:00,25.64093780517578,26.373807907104492,26.116092681884766,28.433785694423456,22.35300482739253,20.806896209716797,24.089711130067517,23.260813053304283,19.84909439086914,24.15794003504742,28.26255769031219,24.087092102746514,27.30093002319336,-2.833665609359741,28.214074909169018,28.849018096923828,28.58446263203946,-0.6162738800048828
2021-03-16 12:00:00,26.371885299682617,26.89624786376953,27.107177734375,28.435463297534653,22.360777911493606,21.1373348236084,24.580921527355585,23.869865725873353,19.219812393188477,24.67758842045207,28.37453598964593,24.90676839938688,27.694326400756836,-3.5762314796447754,28.7429853419498,28.78779411315918,29.01771924792175,0.0004691690264735371
2021-04-16 00:00:00,25.546768188476562,27.439350128173828,27.429899215698242,28.415569748471164,22.61639816009242,21.22931480407715,24.996456388989724,24.17297861953961,18.010574340820312,24.926615028221217,28.31919582695656,25.09752484236071,27.78728485107422,-2.7888150215148926,29.91786271081862,29.542421340942383,29.74915077572104,0.3006117641925812
2021-05-16 12:00:00,24.350101470947266,27.16356658935547,27.182018280029297,28.49962116691062,23.527527935674225,22.475006103515625,25.525644841439565,24.93506185679053,16.288564682006836,25.474618453614863,27.906673236660495,25.623962533535558,27.343914031982422,-1.9910430908203125,30.14763483180874,29.562776565551758,29.68564658096185,0.08123308420181274
2021-06-16 00:00:00,22.70186424255371,26.407503128051758,27.228225708007812,28.608355398508373,24.953453021095072,23.334318161010742,26.41801991803394,26.016717703624593,14.152185440063477,26.326208992671614,27.291836810119726,26.49099287171399,26.4963436126709,-0.2716798186302185,28.952773493193195,29.50264549255371,28.729151475677217,-0.9594603776931763
2021-07-16 12:00:00,21.520782470703125,25.799543380737305,26.780014038085938,28.680726742663524,26.070214277068875,24.261613845825195,27.07203252104996,26.81498307211123,12.758149147033691,26.97079254187473,26.59692695940944,27.087409441340103,25.59402084350586,1.3342610597610474,28.043816125803172,28.765750885009766,27.897738468195293,-1.2757890224456787
2021-08-16 12:00:00,21.100814819335938,25.453649520874023,26.971641540527344,28.66647711618008,26.90201412233681,25.241985321044922,28.1187885793476,27.526655180078606,12.122237205505371,27.8295584523646,26.212029899678253,27.897803322093008,25.204557418823242,2.3203282356262207,27.962342112665265,28.275691986083984,27.756054308178758,-1.0239135026931763
2021-09-16 00:00:00,20.60134506225586,25.47209930419922,26.821840286254883,28.622367637443876,27.192340016706535,25.604618072509766,29.029236458136115,28.132990171889332,12.30501651763916,28.531093871456648,26.18898810027293,28.901997646709113,25.02089500427246,2.792356491088867,28.38155142829625,27.7786808013916,27.95207765404092,-0.3160409927368164
2021-10-16 12:00:00,21.267732620239258,24.938358306884766,26.393848419189453,28.610121295457375,26.590521000678184,25.56070899963379,28.602304093218827,27.656249035694803,14.082039833068848,28.259464042484513,26.538641413672472,28.475083628418496,25.305776596069336,2.68552827835083,28.81379841355044,27.962425231933594,28.25674644326509,-0.3740541338920593
2021-11-16 00:00:00,22.35260009765625,25.021623611450195,26.252174377441406,28.600964496642675,25.462893737217833,24.135875701904297,27.092114978420625,26.56082698323927,15.790112495422363,27.11258835557242,27.04358866237417,27.163091935407177,25.833955764770508,1.3265923261642456,28.958218383406123,28.446863174438477,28.58374726389192,-0.11468619108200073
2021-12-16 12:00:00,22.43467903137207,25.188650131225586,26.313539505004883,28.570573220425132,24.059549148366294,23.16041374206543,26.212566627534116,25.407485314361864,18.079835891723633,26.150851418958187,27.546587313847187,26.288061468703987,26.239274978637695,-0.2800965905189514,28.799972836619542,28.634925842285156,28.893175584682982,-0.5088968276977539
2022-01-16 12:00:00,24.572023391723633,25.335786819458008,26.568679809570312,28.391945966322172,22.98795070392508,21.559459686279297,25.22551574098523,24.025953814410016,19.708255767822266,25.241588512593758,27.849304459222555,25.20115323673446,26.921119689941406,-1.581886649131775,28.660568023091447,28.53943634033203,28.937215530003524,-0.3074702024459839
2022-02-15 00:00:00,25.898595809936523,25.6507568359375,26.032718658447266,28.292050673811413,22.59233582154086,21.168567657470703,24.82362112431364,23.777098854796304,20.228212356567383,24.84350051260512,28.038823585808423,24.91272830823201,27.383270263671875,-2.8910064697265625,28.52640533422709,28.404335021972656,28.829296850138906,-0.11852280795574188
2022-03-16 12:00:00,26.383398056030273,26.918920516967773,26.406269073486328,28.303891883216792,22.529642884132045,20.999814987182617,24.817290230515404,23.928666840653136,19.53879737854004,24.80530104379114,28.13802049329891,24.99758120212526,27.79252052307129,-3.1495604515075684,28.81571127909584,28.823606491088867,29.14563320700117,0.04203858971595764
2022-04-16 00:00:00,25.094364166259766,27.659557342529297,27.583253860473633,28.366193745407667,22.86539583143496,21.711292266845703,25.261714843541174,24.63239265332837,18.071819305419922,25.249671184314224,28.055876191265867,25.504799279221572,27.821659088134766,-2.982456922531128,29.5080634732924,29.312875747680664,29.486326091822384,0.2612875699996948
2022-05-16 12:00:00,24.804651260375977,27.1877498626709,27.962574005126953,28.42839857981503,23.74567746070633,22.335947036743164,25.716874043423832,25.130614660812704,15.899802207946777,25.694264889122095,27.736799939193222,25.964386892410534,27.032005310058594,-1.5717352628707886,29.835700424111675,29.562776565551758,29.402925428399026,0.07606290280818939
2022-06-16 00:00:00,24.914936065673828,26.935083389282227,27.516643524169922,28.487627981417482,24.884938532488817,23.104469299316406,26.344760540245368,25.768110214954607,14.152185440063477,26.28263309702644,27.077230322874996,26.40494124185729,26.33724594116211,-0.2716798186302185,29.202987135652695,29.363929748535156,28.8642921027829,-0.9715912342071533
2022-07-16 12:00:00,22.1118221282959,25.842931747436523,27.05537223815918,28.48592610480769,25.71983618998155,23.7463321685791,26.86619551979856,26.516939528202702,13.591548919677734,26.819106736274154,26.42518197161499,27.01192970829691,25.62338638305664,1.3342610597610474,28.296753228762594,28.617626190185547,28.013239178478837,-1.0306817293167114
2022-08-16 12:00:00,21.10536003112793,25.424781799316406,26.573633193969727,28.409583455172026,26.703159227633655,24.930709838867188,28.068245003151674,27.561464734985574,12.77637767791748,27.828252662553005,26.040350096885494,28.070584680955452,25.049692153930664,2.297840118408203,27.980514611932268,28.275691986083984,27.748823278479062,-1.021147608757019
2022-09-16 00:00:00,20.7923641204834,24.818038940429688,26.770671844482422,28.4612824624596,27.02830811748462,25.604618072509766,28.758808415971608,27.997885231256802,12.425559997558594,28.458157535147993,26.14915498432821,29.001010147311508,25.039731979370117,2.792356491088867,28.16291559560916,28.073331832885742,27.85093300684267,-0.28444012999534607
2022-10-16 12:00:00,21.078571319580078,24.56464385986328,26.399293899536133,28.55448817314071,26.402447859131566,25.124292373657227,28.038488057283406,27.350800148363795,13.805224418640137,27.86740035848395,26.480633903793876,28.10242856171146,25.241104125976562,2.629283905029297,28.687640354579504,28.059612274169922,28.28610455677762,-0.3740541338920593
2022-11-16 00:00:00,21.126731872558594,24.603410720825195,26.23095703125,28.64553499461863,25.261566354597736,24.122896194458008,27.069354847599477,26.436741807560015,15.461305618286133,26.939376821278522,27.08436483277043,27.056202973073457,25.671436309814453,1.2819174528121948,28.90561668598298,28.43233299255371,28.68495302581121,-0.24472945928573608
2022-12-16 12:00:00,23.2216854095459,24.587726593017578,25.865392684936523,28.63704756016614,23.8530964123027,23.08724021911621,26.313571318182326,25.61742418815938,17.771320343017578,26.21531950799258,27.71993453910875,26.413878454656743,26.362768173217773,-0.03493247181177139,28.613062937665315,28.565847396850586,28.64979068297409,-0.4217354357242584
2023-01-16 12:00:00,24.912586212158203,25.27486801147461,25.891307830810547,28.566992664477063,23.04528336618807,22.10341453552246,25.619734458973568,24.774592885751897,19.284883499145508,25.578465073705996,28.14605570336184,25.704819978551473,27.011289596557617,-1.650718092918396,28.474771634545778,28.530460357666016,28.81653372278861,-0.38129469752311707
2023-02-15 00:00:00,25.849885940551758,25.622512817382812,25.907245635986328,28.5487952628887,22.50049588041235,21.176345825195312,24.813774003305056,23.67803617763346,20.21455192565918,24.720206609822807,28.397084475695756,24.73956862406224,27.529560089111328,-3.250920057296753,28.678674814869677,28.584951400756836,29.10014755550887,-0.5883427858352661
2023-03-16 12:00:00,26.383398056030273,26.82285499572754,26.371536254882812,28.52759010256881,22.427730997339317,21.071043014526367,24.597990541088745,23.437426623262148,19.698820114135742,24.39053928531535,28.531580519472833,24.185263420445906,27.703821182250977,-2.9559779167175293,29.11822149883081,29.219655990600586,29.467583040454176,-0.023527387529611588
2023-04-16 00:00:00,25.039703369140625,27.059059143066406,28.03159523010254,28.52665023862776,22.896488259915056,21.727651596069336,24.994441556410347,24.014697953025447,17.980022430419922,24.925990241397983,28.446259228188424,24.953000307195392,27.685096740722656,-2.927629232406616,29.88254835496276,29.542421340942383,29.86719344824667,0.3968997001647949
2023-05-16 12:00:00,24.804651260375977,26.660303115844727,27.22214126586914,28.561445135534317,23.932840817941496,22.764413833618164,25.437540165609406,24.584206250305527,16.192209243774414,25.45497042287029,27.89839130300111,25.461039418122663,27.502857208251953,-2.0117554664611816,29.88004738934875,29.3367977142334,29.38956823301319,-0.09379689395427704
2023-06-16 00:00:00,23.337169647216797,26.342090606689453,27.246694564819336,28.60627014289298,24.707091654218345,23.181367874145508,26.141034501745676,25.276366739646477,14.11209487915039,26.10195720274394,27.115344044970783,26.139946041474207,26.4049015045166,-0.6738879680633545,29.13884299136399,29.162508010864258,28.604908658114855,-0.9346349239349365
2023-07-16 12:00:00,21.570199966430664,25.90314483642578,27.255796432495117,28.64028973203939,25.859596428337923,23.916858673095703,26.635096925083786,26.05197039148916,13.298725128173828,26.642468010633568,26.459350034566434,26.599368439894338,25.59402084350586,0.72245192527771,28.103395002043452,28.617626190185547,27.824772309341242,-1.2129580974578857
2023-08-16 12:00:00,20.818199157714844,25.235191345214844,26.850543975830078,28.642161449476554,26.61489145533401,24.78683090209961,27.424925115761653,26.969206650674636,12.122237205505371,27.35288980238375,26.1701674170873,27.35369804354228,25.161453247070312,1.9347879886627197,27.871358403026274,28.207958221435547,27.697408497418767,-0.929455041885376
2023-09-16 00:00:00,20.63703727722168,25.104433059692383,27.375558853149414,28.660802490310736,27.07481754581935,25.604618072509766,28.183811336741517,27.515021348285224,12.542160034179688,28.111415954012735,26.14356358126321,28.287260116032847,25.193923950195312,2.433138370513916,28.202509722726372,27.959627151489258,27.86325175284412,0.17640471458435059
2023-10-16 12:00:00,21.1805419921875,24.796415328979492,26.399293899536133,28.687377230015187,26.42911383672297,25.44795036315918,27.981148859135683,27.251124995958776,13.85617446899414,27.93607648421709,26.47128908840468,28.15578913538731,25.522470474243164,2.209120988845825,28.655625791318716,28.242496490478516,28.214266405072024,0.08615926653146744
2023-11-16 00:00:00,21.228160858154297,24.935258865356445,27.40814781188965,28.710011381441923,25.34812808531693,24.410049438476562,27.071891077920384,26.437996423438555,15.790112495422363,27.04860942295578,27.001828970201693,27.067935773751124,25.89398765563965,1.1414453983306885,28.96298293920299,28.40644073486328,28.651819213310336,-0.24149735271930695
2023-12-16 12:00:00,22.43467903137207,25.424301147460938,27.024202346801758,28.716607315873652,24.03822381736017,23.068689346313477,26.20065024154319,25.127823914615185,18.230331420898438,26.139685082968295,27.59647330589673,26.17481215913501,26.38252830505371,-0.25632429122924805,29.01619351095783,28.59683609008789,29.164064030348417,-0.2721641957759857
2024-01-16 12:00:00,24.211225509643555,25.65167999267578,26.387882232666016,28.5679597455365,23.086631463989224,22.038454055786133,25.378490870881443,24.201020962450766,19.60944366455078,25.279285874445968,28.03475055235974,25.345791931518434,27.011289596557617,-2.159482955932617,28.452082116034692,28.575876235961914,28.852020708865638,-0.6957489252090454
2024-02-15 00:00:00,25.64093780517578,26.373807907104492,26.24061393737793,28.38213325363639,22.74406123339157,21.37382698059082,24.828877355469764,23.659950358905885,19.84909439086914,24.83719121369743,28.234137529802787,24.737178728345132,27.318553924560547,-3.0099596977233887,28.53429877046626,28.712261199951172,29.090848783416057,-0.5883427858352661
2024-03-16 12:00:00,25.722936630249023,27.031021118164062,26.952274322509766,28.375780584576212,22.711393056608184,21.32254409790039,24.656111909969013,23.49902316436436,19.219812393188477,24.666331451051267,28.39581261111331,24.35846939635397,27.505022048950195,-3.213005781173706,29.019277960527692,29.152685165405273,29.39392885627295,-0.15059398114681244
2024-04-16 00:00:00,25.150619506835938,27.059059143066406,27.7650146484375,28.43368930596141,23.111016990471487,21.687795639038086,24.881055325033856,23.813131569844597,18.045835494995117,24.8694805374515,28.292466173630995,24.77623958654386,27.920841217041016,-3.1459484100341797,29.916026131372544,29.542421340942383,29.88875937186485,0.16693246364593506
2024-05-16 12:00:00,24.554540634155273,26.94615936279297,27.22214126586914,28.562876722859567,23.899664893553602,22.846710205078125,25.597958333767167,24.792547375684155,15.876660346984863,25.6650032593177,27.798586140942724,25.619492980083272,27.33667755126953,-1.8004837036132812,30.277890126719722,29.562776565551758,29.95974922773362,-0.040262456983327866
2024-06-16 00:00:00,23.337493896484375,26.302461624145508,27.246694564819336,28.634870881445494,25.170237019320915,23.496145248413086,26.23471049062225,25.538065730682586,14.185821533203125,26.251419824723182,27.053635922029088,26.32938980741718,26.40662384033203,-0.2716798186302185,29.05908580033388,29.415407180786133,28.683343247687095,-0.9115909337997437
2024-07-16 12:00:00,21.860525131225586,25.86280059814453,27.346172332763672,28.60633871780349,26.106419544640122,24.31639862060547,26.76015846192531,26.282926908865175,13.634347915649414,26.81656649914896,26.429639680569448,26.75395829844296,25.623870849609375,1.3342610597610474,28.072371407026612,28.617626190185547,27.90585592323049,-1.1304501295089722
2024-08-16 12:00:00,21.869503021240234,25.453649520874023,26.744707107543945,28.54849350506803,26.936294325272925,25.05270767211914,27.608693765893552,27.073191856868988,13.039347648620605,27.464109819003625,26.104058105613884,27.31662332996106,24.69061279296875,2.294833183288574,27.836848447045785,28.055234909057617,27.691437425245816,-1.0206480026245117
2024-09-16 00:00:00,20.685495376586914,25.398176193237305,26.995176315307617,28.561305799954084,27.370461182589306,25.604618072509766,28.389092890196636,27.613180071920894,13.820879936218262,28.235794490605574,26.162206585925997,28.336491151623374,24.9654483795166,2.792356491088867,28.12329319843065,28.00935935974121,27.825343972073032,-0.6378560066223145
2024-10-16 12:00:00,20.387359619140625,25.460872650146484,26.288650512695312,28.588470271778995,26.624178276579528,25.569948196411133,27.822910858126903,27.109234793597203,14.832043647766113,27.822759203005862,26.545621890550727,27.78311881734502,25.241104125976562,2.1982624530792236,28.87517602396579,28.08835792541504,28.239849114032893,0.6149129271507263
2024-11-16 00:00:00,21.89337921142578,24.8068790435791,26.23095703125,28.62416503236487,25.59823949833055,24.658824920654297,27.057816064370115,26.6417043371667,16.502315521240234,27.049285043796196,27.08982875333824,27.1633597734209,25.93923568725586,1.3305693864822388,29.137526227388673,28.43233299255371,28.739590195339147,0.07239135354757309
2024-12-16 12:00:00,23.251567840576172,24.587726593017578,25.865392684936523,28.58259738604451,24.21941585527933,23.247339248657227,26.218873009464673,25.41846676003016,18.37215232849121,26.191803870992977,27.69595780153278,26.327063116775268,26.418476104736328,-0.13843366503715515,28.49307364755246,28.488683700561523,28.67846392245072,-0.37728628516197205
2025-01-16 12:00:00,24.68801498413086,25.27486801147461,25.891307830810547,28.481169507066873,23.215408431472383,22.380353927612305,25.41238994748219,24.619884403083148,19.165632247924805,25.46141060879728,28.059552095131508,25.53593379656673,26.574363708496094,-1.8921416997909546,28.1589082407931,28.530460357666016,28.500224116556005,-0.6488009691238403
2025-02-15 00:00:00,25.366455078125,26.16309356689453,26.523273468017578,28.470268721834397,22.731395569278188,21.73514747619629,25.017053312859375,24.14820390300926,19.84909439086914,25.068309260872656,28.31276151600302,25.150283051225717,27.29218292236328,-2.833665609359741,28.393923338992064,28.633907318115234,28.80214427834628,-0.6162738800048828
2025-03-16 12:00:00,25.722936630249023,27.08324432373047,26.97160530090332,28.473700874970035,22.739835124430293,21.757471084594727,25.17417606629018,24.53040017868867,19.219812393188477,25.241927706621553,28.41813824403707,25.427623392536518,27.694326400756836,-3.213005781173706,29.016152655702346,29.074403762817383,29.336025062893754,-0.04318470135331154
2025-04-16 00:00:00,25.150619506835938,27.165882110595703,27.375490188598633,28.445588668491773,23.133490962609518,22.00421714782715,25.55569428313595,25.081880611002145,17.980022430419922,25.553450463837535,28.280119256444863,25.811061466230818,27.745380401611328,-2.7942304611206055,29.947909009941522,29.542421340942383,29.894685488553655,0.3377772867679596
2025-05-16 12:00:00,24.350101470947266,27.285297393798828,27.92247200012207,28.44405600101851,23.90809015306837,22.69856071472168,26.116223675901445,25.46257165384247,16.288564682006836,26.01020416950617,27.820386221532857,26.17728685806886,27.502857208251953,-1.744286060333252,30.054611430371697,29.562776565551758,29.565714904353136,0.06964951753616333
2025-06-16 00:00:00,23.0299072265625,26.274877548217773,27.708271026611328,28.55981810750916,24.883596108898846,23.334318161010742,26.400858339570547,25.872846338522706,14.481093406677246,26.326799208364065,27.126695366381686,26.490630009757254,26.500614166259766,-0.3662463426589966,29.26689227557365,29.008079528808594,28.962267986952227,-0.8397794961929321
2025-07-16 12:00:00,21.41560173034668,25.46219253540039,27.05537223815918,28.54406214768831,26.092867497274803,24.516366958618164,26.99083292131116,26.596015048985535,13.499985694885254,26.986485702774893,26.452423020207164,27.0986227584318,25.926483154296875,0.8140049576759338,28.204950282737844,28.6923885345459,27.981709405163194,-1.006101369857788
2025-08-16 12:00:00,21.100814819335938,24.619787216186523,26.814289093017578,28.43026328474194,27.013403283308143,25.241985321044922,27.985059764999388,27.385332908202773,12.122237205505371,27.907200965740422,26.016224364174033,28.012298221593138,25.440725326538086,1.9558476209640503,27.839054103672165,28.15030288696289,27.61491351629294,-0.8622922301292419
2025-09-16 00:00:00,20.532304763793945,24.226898193359375,27.282808303833008,28.37660122310869,27.350905325255255,25.604618072509766,29.00090977558488,28.075762959471117,12.580551147460938,28.668417622997826,26.002995651763804,28.992350458221143,25.4145450592041,2.7307016849517822,28.10776351768445,28.225637435913086,27.72181690812439,-0.5961721539497375
2025-10-16 12:00:00,20.64872932434082,24.611753463745117,26.44689178466797,28.296996778140347,26.73219387115012,25.738941192626953,28.752189147456132,27.830575629719128,13.339056015014648,28.533430848860025,26.238576652804614,28.900760263580473,25.56148910522461,2.3253931999206543,28.395086263545675,28.28467559814453,27.958778310906865,0.08615926653146744
2025-11-16 00:00:00,21.44841957092285,24.755352020263672,26.5629825592041,28.30567693275806,25.360796271290997,24.410049438476562,27.40839545833298,26.87427387424504,15.038130760192871,27.429370916107498,26.84263296815916,27.639398575514065,25.907052993774414,1.3045461177825928,28.68359554217233,28.23496437072754,28.360377345145817,-0.11468619108200073
2025-12-16 12:00:00,24.314212799072266,25.152767181396484,26.880640029907227,28.2839692290986,23.91846958068378,23.139307022094727,26.440955768038773,25.73740529904659,17.24030303955078,26.359087358738797,27.34791192476914,26.549470865431182,26.382043838500977,0.1874600499868393,28.206100692961183,28.5794620513916,28.493606047168107,-0.503293514251709
2026-01-16 12:00:00,24.595474243164062,25.3044376373291,26.682266235351562,28.20131313343271,22.90697939464522,21.99859619140625,25.437699854361625,24.419962011790986,19.180734634399414,25.451202757032156,27.652093629108776,25.530240351748976,26.91000747680664,-1.581886649131775,28.064531784192535,28.51939582824707,28.562779635373175,-0.6488009691238403
2026-02-15 00:00:00,25.898595809936523,26.550315856933594,26.04235076904297,28.168006015801787,22.369405029153942,21.14197540283203,24.964700762276955,23.775958205329864,19.84909439086914,24.907884592164546,27.977218259513865,25.007983193261513,27.318553924560547,-2.7345950603485107,28.399510728568846,28.796186447143555,28.8885660189489,-0.5535186529159546
2026-03-16 12:00:00,25.99742317199707,26.968114852905273,26.556489944458008,28.18450121303779,22.393182965866963,21.318391799926758,24.960357179935247,23.75862213047748,19.230600357055664,24.814326261668896,28.277037906648438,24.803932787940028,27.79252052307129,-2.5143349170684814,29.12690728451886,29.152685165405273,29.447754824393243,-0.2199830859899521
2026-04-16 00:00:00,25.27391815185547,27.116918563842773,27.442014694213867,28.184396953635613,22.824030799049716,21.727651596069336,25.233776780211898,24.15051593013226,17.966373443603516,25.068560720997244,28.215651525239913,25.039401023440522,27.657806396484375,-3.1459484100341797,29.55105892164247,29.44552230834961,29.512358878424386,0.25645336508750916
2026-05-16 12:00:00,24.67206382751465,26.72235679626465,27.182018280029297,28.32445318169328,23.74152395318037,22.314952850341797,25.711481559155185,24.75387893832008,16.61284065246582,25.61230168774777,27.751893478704176,25.531093164422597,27.33667755126953,-1.9109513759613037,29.73558748760733,29.562776565551758,29.328621946292724,0.014287223108112812
2026-06-16 00:00:00,23.410024642944336,26.415184020996094,27.228225708007812,28.459929465365065,24.81402742208414,23.114606857299805,26.19971945528966,25.286669192273184,14.481093406677246,26.13696956874007,27.093513194721975,26.17586668924193,26.379859924316406,-0.2716798186302185,28.669036336801998,29.2454891204834,28.350305159241625,-0.6297664642333984
2026-07-16 12:00:00,21.650341033935547,25.721044540405273,26.780014038085938,28.57509283740768,25.993810847640265,23.99233055114746,26.760070485647447,26.127156912501167,13.606195449829102,26.789498503299928,26.535179180685248,26.628448070564033,25.72247314453125,1.3342610597610474,27.73048398375158,28.70805549621582,27.681040919405756,-1.2757890224456787
2026-08-16 12:00:00,20.814987182617188,25.429052352905273,26.458459854125977,28.634006414448,26.77421944040228,24.866802215576172,27.767956285097146,26.96709499992804,12.097488403320312,27.564749217788574,26.27622990184145,27.34337135805606,25.01043701171875,1.9159722328186035,27.535110345651265,28.41165542602539,27.45040309482576,-1.0738776922225952
2026-09-16 00:00:00,20.30511474609375,25.24807357788086,26.275188446044922,28.6534941147721,27.063204638144338,25.42973518371582,28.273529514692147,27.467640192116612,12.30501651763916,28.027304830448486,26.215405585081754,28.103188249789078,25.01475715637207,2.6279568672180176,27.89638139836246,28.069860458374023,27.63355966745984,-0.43334144353866577
2026-10-16 12:00:00,20.620615005493164,24.894887924194336,26.191213607788086,28.676494076709773,26.42386302639391,25.36559295654297,27.83673215122022,27.103062193761307,14.082039833068848,27.856548616539357,26.5361522615482,27.90956786065677,25.526872634887695,2.2427005767822266,28.54015867591048,28.25288963317871,28.014973731519934,-0.08832892030477524
2026-11-16 00:00:00,21.40632438659668,26.23479652404785,26.23095703125,28.733315849357226,25.368039658689398,24.135875701904297,27.072261871032996,26.488993432584046,15.50652027130127,27.063781143658748,27.13275531784997,27.102730509067797,25.833955764770508,1.2819174528121948,28.788424909503195,28.461992263793945,28.614357885385903,-0.21836678683757782
2026-12-16 12:00:00,23.267866134643555,24.694442749023438,25.846769332885742,28.61371707769093,24.25019706709351,23.139307022094727,26.144428840453276,25.117035659735567,17.771320343017578,26.118530453161966,27.68502047631861,26.10250839781135,26.376314163208008,-0.13843366503715515,28.388775038888046,28.63112449645996,28.737641345458723,-0.44819942116737366
2027-01-16 12:00:00,24.491193771362305,25.27486801147461,25.8726863861084,28.461038499821058,23.28416794500164,22.2208309173584,25.37854478232452,24.324335819731683,19.399883270263672,25.276230390077213,28.06706076220489,25.334654482370933,27.229496002197266,-1.9665753841400146,28.01371730737149,28.62837791442871,28.470999736515747,-0.7747035622596741
2027-02-15 00:00:00,25.849885940551758,25.913721084594727,25.907245635986328,28.436542721783944,22.617380408772924,21.369672775268555,24.7739748997868,23.64262031111008,20.108428955078125,24.685247228149308,28.388213319446145,24.44551457216339,27.357318878173828,-2.6572635173797607,28.596402689408915,29.157190322875977,29.068451801827823,-0.34667518734931946
2027-03-16 12:00:00,25.722936630249023,27.031021118164062,26.757007598876953,28.449247252432475,22.62533195013823,21.348081588745117,24.666372994944656,23.67547305772055,19.83880043029785,24.580438605034388,28.50880445766276,24.415735130774127,27.694326400756836,-3.3801286220550537,29.205626272152404,29.219655990600586,29.52174051176976,-0.18900440633296967
2027-04-16 00:00:00,25.039703369140625,26.923744201660156,26.938074111938477,28.50800017957469,23.101343579311248,21.518510818481445,25.021411807653912,24.039248971964305,18.460845947265625,24.964395893627714,28.49945408417209,24.915923507392893,27.745380401611328,-2.862804651260376,30.07055335394001,29.542421340942383,29.886711445785615,0.21967007219791412
2027-05-16 12:00:00,24.51833724975586,26.72235679626465,27.241043090820312,28.648180691017902,23.835612653974707,22.316648483276367,25.624233328264165,24.708724063018938,15.943625450134277,25.52676070517196,28.033720002009158,25.505607060715917,27.40155029296875,-2.0238382816314697,30.28423504105942,29.562776565551758,29.8278762127524,-0.0778791606426239
2027-06-16 00:00:00,23.410024642944336,26.62481689453125,27.25800323486328,28.77509415957647,24.6971109022024,23.13555335998535,26.22562032345589,25.432020418603262,14.185821533203125,26.134474395086006,27.344377757330825,26.221053213453445,26.4049015045166,-0.611155092716217,28.729379618280415,29.50264549255371,28.368897028558045,-1.0477505922317505
2027-07-16 12:00:00,21.66394805908203,25.438018798828125,26.809791564941406,28.86433588860936,25.90240886002281,23.83289337158203,26.71244524502467,26.140683272455885,13.806639671325684,26.76337622469948,26.75192114422245,26.6551010227346,25.60291862487793,0.8989786505699158,27.99734019396566,29.094200134277344,27.76630511102324,-0.985522985458374
2027-08-16 12:00:00,20.791606903076172,25.263168334960938,26.488237380981445,28.848018417577237,26.65208581388281,24.645109176635742,27.52620480780374,27.023341396390688,12.971785545349121,27.43627997221505,26.40991942350619,27.478820878452435,25.161453247070312,1.9618277549743652,27.806846560290747,28.468751907348633,27.580776342569195,-1.2763023376464844
2027-09-16 00:00:00,20.819801330566406,25.040245056152344,26.323585510253906,28.86303805939709,27.00510672790635,25.42973518371582,28.296773518403022,27.52345117799733,13.156274795532227,28.089049320077017,26.448335147928518,28.30700783774684,25.14637565612793,2.4114794731140137,28.1237738484047,28.028247833251953,27.825039279086305,-0.47011634707450867
2027-10-16 12:00:00,20.697980880737305,24.73317527770996,26.2529354095459,28.904815600371755,26.40720576293666,25.32840347290039,28.336479798064566,27.573500483356135,14.543096542358398,28.160865668037747,26.84505704166448,28.566212580302377,25.467348098754883,2.1982624530792236,28.98193334910543,28.222036361694336,28.398437008823027,-0.30585774779319763
2027-11-16 00:00:00,22.427310943603516,24.66229248046875,26.28146743774414,28.905438909234746,25.297487916786825,24.191600799560547,27.247807446452292,26.798216851175127,15.790112495422363,27.210086260152128,27.419362728522394,27.526179512554705,25.917198181152344,1.220691442489624,29.406197717920268,28.479692459106445,29.031852552748493,-0.11468619108200073
2027-12-16 12:00:00,23.44258689880371,24.82745933532715,25.925329208374023,28.81722981041068,24.07362084109465,23.16041374206543,26.438667628502838,25.69312337784423,18.230331420898438,26.332375811594428,27.95421596134363,26.487151358184008,26.376314163208008,-0.03493247181177139,28.950698880381065,29.119047164916992,29.20406543788893,-0.45421701669692993
2028-01-16 12:00:00,24.216093063354492,25.27486801147461,25.930940628051758,28.691387673737687,23.118213755672198,22.038454055786133,25.624462984781136,24.54990081894303,19.12700080871582,25.609731904955,28.294975405023887,25.535480027311642,26.822734832763672,-1.7466877698898315,28.435915761067033,28.752376556396484,28.95520728562248,-0.7246260643005371
2028-02-15 00:00:00,25.366455078125,25.740140914916992,25.907245635986328,28.53994855633509,22.680067890887784,21.32528305053711,25.171232086390493,23.94004464047712,19.84909439086914,25.03388867544599,28.507970517588454,25.014093718068494,27.337894439697266,-2.817013740539551,28.7879548946585,29.090219497680664,29.355250681360612,-0.5353261232376099
2028-03-16 12:00:00,25.722936630249023,26.57237434387207,26.39015769958496,28.541111493150602,22.689507584845956,21.306028366088867,25.37393817857637,24.351497522332824,19.219812393188477,25.250149573850756,28.643202313661288,25.34089411722875,27.694326400756836,-3.117269515991211,29.30510504931218,29.219655990600586,29.652624121470094,0.07640835642814636
2028-04-16 00:00:00,24.77352523803711,26.923744201660156,26.938074111938477,28.56390663908298,23.157116067658066,21.818941116333008,25.6470280995155,24.699906827549775,18.123310089111328,25.53416989527742,28.601384467247062,25.5267090169111,27.78728485107422,-2.7942304611206055,29.977249330593825,29.542421340942383,30.092349304711966,0.21686892211437225
2028-05-16 12:00:00,24.65631866455078,26.72235679626465,27.241043090820312,28.587710904714804,23.882019120535467,22.846710205078125,26.137918007598405,25.185125502382345,16.668336868286133,26.026249591147767,28.12611814747685,26.047039937610954,27.334339141845703,-1.744286060333252,30.378900862869987,29.562776565551758,30.124935266359937,0.06964951753616333
2028-06-16 00:00:00,22.795568466186523,26.894258499145508,27.228225708007812,28.671247909116047,25.07689436885503,23.680448532104492,26.634351365291362,26.01894167658517,14.185821533203125,26.529629682890977,27.27456993952121,26.608391055664185,26.4963436126709,-0.2716798186302185,29.467225690012118,29.40751838684082,29.047310994470706,-0.7180790901184082
2028-07-16 12:00:00,22.10175895690918,25.799543380737305,26.780014038085938,28.696346595615193,26.169122243633478,24.075302124023438,27.13569816009109,26.640591564466003,13.797038078308105,27.09410538713026,26.723419843257116,27.103156201229236,25.72493553161621,1.3342610597610474,28.157498589020715,28.753690719604492,27.97803167108083,-1.3340996503829956
2028-08-16 12:00:00,21.203886032104492,25.438190460205078,27.015275955200195,28.611619021549625,26.910154535453362,25.028671264648438,28.117248057677724,27.365072371958842,12.718693733215332,27.88683930638766,26.317290291739408,27.907928790284142,25.423789978027344,1.8681275844573975,27.730887052732765,28.176280975341797,27.551349302832993,-0.8805234432220459
2028-09-16 00:00:00,20.7923641204834,25.08710479736328,26.72020721435547,28.56297767463768,27.166103272208158,25.604618072509766,28.957957829679703,27.99478097891589,12.542160034179688,28.529345781150194,26.307594127433585,28.830667548408872,25.14637565612793,2.792356491088867,28.317016482406007,27.87586784362793,27.8928711935135,-0.6378560066223145
2028-10-16 12:00:00,21.4202823638916,24.95779037475586,26.769132614135742,28.58354805897321,26.577747686893783,25.569948196411133,28.29743478866048,27.448083770691373,13.430907249450684,28.187923587204725,26.55505562540328,28.36202838705183,25.529756546020508,2.209120988845825,28.702666468519634,28.059612274169922,28.188256309981167,-0.3740541338920593
2028-11-16 00:00:00,22.347200393676758,25.07187271118164,26.667856216430664,28.64591325228147,25.29777010613601,24.135875701904297,27.281265341070572,26.744635227890257,15.233617782592773,27.32804229987615,27.09282639625052,27.508963560826146,26.039382934570312,1.1414453983306885,28.581826227575537,28.453886032104492,28.34594425592723,-0.3298182487487793
2028-12-16 12:00:00,22.669902801513672,24.353227615356445,26.23213005065918,28.542200851239635,24.080262502007567,23.139307022094727,26.356758385958475,25.544440060910915,17.320884704589844,26.32625363537366,27.59206923885702,26.43769102012733,26.5787353515625,-0.13843366503715515,28.513692417325554,28.61583137512207,28.80584448080417,-0.48606234788894653
2029-01-16 12:00:00,24.365886688232422,24.90550422668457,26.297231674194336,28.26326758437406,23.21754486513318,22.125385284423828,25.384220168857915,24.414152999793643,19.165632247924805,25.446290468643348,27.960918981711018,25.503316988337307,26.99488067626953,-1.8921416997909546,28.42153052522387,28.64572525024414,28.87741130994167,-0.7579455375671387
2029-02-15 00:00:00,25.898595809936523,26.234771728515625,26.364238739013672,28.26862632942844,22.723856283738417,21.25244903564453,24.87571606498107,23.954442473644832,20.228212356567383,24.93097983960218,28.103912864142508,25.035563446894304,27.337894439697266,-2.8520214557647705,28.615141579749118,28.597097396850586,29.0715070818726,-0.5606236457824707
2029-03-16 12:00:00,25.99742317199707,26.913692474365234,26.877727508544922,28.341018770968976,22.62105503514745,21.32254409790039,24.822999833951904,23.904843806287225,19.83880043029785,24.79696362852976,28.32814918804264,24.931549074521758,27.694326400756836,-3.3737590312957764,29.163061727063994,29.219655990600586,29.482190544035436,-0.17958764731884003
2029-04-16 00:00:00,25.444698333740234,27.61954116821289,27.375490188598633,28.363490559435466,22.77798896184392,21.251720428466797,25.0248135018187,24.15654925347999,17.966373443603516,24.918757582929974,28.32273209452964,25.080357177681616,27.78728485107422,-3.4765307903289795,29.980375699500588,29.542421340942383,29.868377387721512,0.4110806882381439
2029-05-16 12:00:00,24.495040893554688,26.660303115844727,27.304290771484375,28.423518106788435,23.22246278950238,21.98653221130371,25.375712954868305,24.485435012741135,16.288564682006836,25.23694031404849,27.836155117898517,25.398327811458213,27.502857208251953,-2.0238382816314697,29.880987297395816,29.507795333862305,29.43635185306583,0.06964951753616333
2029-06-16 00:00:00,24.35417938232422,26.62481689453125,27.228225708007812,28.466932175755247,24.409811736609015,23.109895706176758,25.980756557739266,25.1335980979592,14.899068832397461,25.954662724654312,27.167645741001866,26.102612737046087,26.495454788208008,-0.8719429969787598,28.899330068909872,29.40751838684082,28.514096180027774,-0.8663406372070312
2029-07-16 12:00:00,22.08438491821289,26.235164642333984,26.780014038085938,28.55353333187295,25.861078361282487,23.916858673095703,26.606311847536237,26.078777924864646,13.351462364196777,26.66430659257011,26.553546716684643,26.656859343737327,25.702068328857422,0.7666221857070923,27.8811196192062,28.72886848449707,27.704160742495098,-1.4595884084701538
2029-08-16 12:00:00,20.745929718017578,25.322776794433594,26.418336868286133,28.574354187811423,26.788336799636443,25.05270767211914,27.58320454281335,27.11705967215003,12.122237205505371,27.56894237703368,26.291583953370417,27.604707827648195,25.44840431213379,1.9347879886627197,27.835496914464603,28.055234909057617,27.804128907209677,-0.9459887742996216
2029-09-16 00:00:00,20.330841064453125,25.067472457885742,26.275188446044922,28.575239574821367,27.134178095645726,25.604618072509766,28.34903127723086,27.639369363825132,12.30501651763916,28.09815645985691,26.33219621229292,28.368640610242178,25.258596420288086,2.4114794731140137,28.204816384506127,28.107938766479492,28.096018035309214,-0.6155089139938354
2029-10-16 12:00:00,20.537904739379883,24.479686737060547,26.2529354095459,28.654284261010673,26.455633829382844,25.357492446899414,27.834058560053375,27.11778927342466,13.805224418640137,27.8114779576503,26.800060350616285,27.84708998638691,25.362335205078125,2.172903537750244,28.836980822640736,28.21170997619629,28.51935870197209,-0.027831759303808212
2029-11-16 00:00:00,21.345380783081055,24.60192108154297,26.28146743774414,28.755661421125673,25.18175945596757,24.09688949584961,26.913156673568146,26.212148276363198,15.461406707763672,26.868352044896028,27.36469228623057,26.927603637813355,25.94232940673828,1.1414453983306885,28.701161264914777,28.465717315673828,28.58946102366642,-0.34960508346557617
2029-12-16 12:00:00,23.551095962524414,24.82745933532715,25.925329208374023,28.765488854326748,24.23148908126301,23.16041374206543,26.172902565672832,25.125101242241904,18.139022827148438,26.13364355766068,27.901435733825178,26.140006387333123,26.42367935180664,-0.19401320815086365,28.78658989846352,28.7030086517334,29.067503803413572,-0.44499388337135315
2030-01-16 12:00:00,24.640151977539062,25.27486801147461,25.930940628051758,28.633278311923444,23.22366289326932,22.10341453552246,25.378765819301755,24.309881765710163,19.372833251953125,25.277730155753222,28.34973631364451,25.362335738792247,26.694232940673828,-1.8921416997909546,28.700136561030586,28.956218719482422,29.135129687411236,-0.7464333772659302
2030-02-15 00:00:00,25.366455078125,25.622512817382812,25.94687843322754,28.586297148056225,22.606927045648348,21.37382698059082,25.039563589595534,24.090662796268735,19.84909439086914,24.962547210976997,28.52098324957532,25.079287281373304,27.337894439697266,-2.8520214557647705,28.873640464178504,28.931859970092773,29.36604889603475,-0.5818041563034058
2030-03-16 12:00:00,25.722936630249023,26.962820053100586,26.40949249267578,28.523655934313396,22.594944111901583,21.348329544067383,25.26196798676481,24.343113042211613,19.219812393188477,25.22175766945695,28.59964464425792,25.340754805158372,27.694326400756836,-3.4483530521392822,29.455025386139393,29.219655990600586,29.859413106072388,-0.19262586534023285
2030-04-16 00:00:00,25.0802001953125,27.059059143066406,26.89048957824707,28.490907112255,22.829967416895038,21.251720428466797,25.36455927297728,24.36260057100913,18.16001319885254,25.216865446089226,28.48637211720896,25.343076674788428,27.745380401611328,-3.448573350906372,30.143207079644522,29.542421340942383,30.119237257855172,0.16693246364593506
2030-05-16 12:00:00,24.548147201538086,27.16356658935547,27.182018280029297,28.511018612125888,23.502014272731355,22.07901954650879,25.595206622882575,24.74848354276336,16.288564682006836,25.469038894740606,28.00608759030492,25.596350965804824,27.62897300720215,-2.0238382816314697,30.279229115204725,29.562776565551758,29.86873174761173,0.006116420496255159
2030-06-16 00:00:00,23.06593894958496,26.274877548217773,27.546863555908203,28.60517247237963,24.641289069177127,23.099679946899414,26.13911745166621,25.307503548945174,13.875361442565918,26.11363098481836,27.249398491916047,26.244153032747295,26.78079605102539,-0.7315348982810974,29.111291248339324,29.50264549255371,28.666484856496165,-0.9369510412216187
2030-07-16 12:00:00,21.760583877563477,25.53588104248047,27.449064254760742,28.643991398613252,25.889681606018122,24.048908233642578,26.684344139530136,26.150731952869513,12.466235160827637,26.77768787344921,26.606626005877878,26.699871020914987,25.926483154296875,0.7177745699882507,27.985514259025056,28.90227699279785,27.77048496363863,-1.4595884084701538
2030-08-16 12:00:00,20.721513748168945,24.829559326171875,27.291337966918945,28.552310880429708,26.867647323706944,25.030412673950195,27.819970715493024,27.218101981737053,11.937822341918945,27.80419028272542,26.15559170470827,27.829635124137415,25.515573501586914,1.9558476209640503,27.75500641264087,28.15334701538086,27.637899086644794,-0.9014438986778259
2030-09-16 00:00:00,20.20032501220703,24.756383895874023,26.752368927001953,28.464170570675577,27.061634198325805,25.39809799194336,28.652606269267235,27.761884424457868,12.205671310424805,28.30908653740136,26.086783410524415,28.530594590269438,25.14637565612793,2.7307016849517822,28.31600621068014,27.865121841430664,28.00948172825924,-0.575196385383606
2030-10-16 12:00:00,21.08028793334961,24.29478645324707,26.35828971862793,28.428008051161598,26.648685035535973,25.44795036315918,28.587854768107317,27.63951735030325,13.511353492736816,28.266041763974748,26.30220637473318,28.5112472345678,25.455894470214844,2.656116008758545,28.78550061141628,27.939983367919922,28.49709596469621,0.6149129271507263
2030-11-16 00:00:00,21.711299896240234,25.33819580078125,26.458633422851562,28.40245347810038,25.27273795057159,24.367042541503906,27.131412881452448,26.453951532800552,15.50652027130127,26.987950756454595,26.93152848030433,27.06306302858978,25.95199203491211,1.151233196258545,29.19769873700964,28.398672103881836,28.933740419587103,-0.12032463401556015
2030-12-16 12:00:00,22.311168670654297,25.43429946899414,26.827829360961914,28.35493749443108,24.082482090176,23.16041374206543,26.438548249607074,25.577207038165017,18.086872100830078,26.323313689803392,27.551295015836534,26.401490901522973,26.27976417541504,-0.31580790877342224,28.97028994494551,28.555130004882812,29.096362349560906,-0.32078102231025696
2031-01-16 12:00:00,24.510826110839844,25.53268814086914,26.723331451416016,28.317836966232367,23.230886475161462,22.080322265625,25.515699783101695,24.60413529546935,19.165632247924805,25.47118567495672,27.959066195164215,25.53041640789754,27.229496002197266,-2.159482955932617,28.54932349227475,28.54365348815918,28.88058147174841,-0.38129469752311707
2031-02-15 00:00:00,25.366455078125,26.106172561645508,26.55777931213379,28.32019766498182,22.654144319521574,21.230043411254883,25.272195098994708,24.432064517864937,19.84909439086914,25.23595678364026,28.23749321011109,25.366425200839192,27.337894439697266,-2.959623098373413,28.672989125306092,28.849018096923828,29.008662228698846,-0.1568543165922165
2031-03-16 12:00:00,25.722936630249023,26.7928524017334,26.780040740966797,28.416153228590126,22.49749851735437,21.2011661529541,25.34148955390445,24.543033329753573,19.65499496459961,25.240865771751377,28.510915160663362,25.443599750759265,27.694326400756836,-3.1239519119262695,29.469358519509218,29.152685165405273,29.681111411660268,0.0259902011603117
2031-04-16 00:00:00,25.248647689819336,26.923744201660156,26.938074111938477,28.508655961138054,22.611104025463494,21.518510818481445,25.394113733936237,24.773127172426943,18.502399444580078,25.273971361557113,28.49574426607263,25.57617511282728,27.78728485107422,-2.8938796520233154,30.2605609333898,29.542421340942383,30.067415009646023,0.19746670126914978
2031-05-16 12:00:00,24.559642791748047,26.72235679626465,27.241043090820312,28.63362393587316,23.442511499529505,22.268674850463867,26.076265257750304,25.25160286922579,16.629804611206055,25.873957892289035,28.053505889838664,26.10251119905895,27.334339141845703,-1.744286060333252,30.119512409048095,29.562776565551758,29.64898437408664,0.006116420496255159
2031-06-16 00:00:00,23.410024642944336,26.193998336791992,27.25800323486328,28.73031354585966,24.781491807833238,23.318153381347656,26.553658390675164,25.996891968618936,14.948673248291016,26.412744933388964,27.367493713094937,26.547067602156293,26.4049015045166,-0.2716798186302185,29.269413657446474,29.447664260864258,28.75818937142774,-0.9715912342071533
2031-07-16 12:00:00,22.150163650512695,25.67888832092285,26.809791564941406,28.776940295453826,26.022769942850044,24.24833106994629,27.195273029148627,26.76907660711817,13.851916313171387,27.09459991433452,26.75969071490543,27.15387855430771,25.660478591918945,1.3342610597610474,28.305406639405565,28.84774398803711,27.87624798851642,-1.3725032806396484
2031-08-16 12:00:00,21.27782440185547,25.357046127319336,26.488237380981445,28.79544530293184,27.35720666883482,25.241985321044922,28.458507116968743,27.69640294802631,12.718693733215332,28.139950161724745,26.45308463578096,28.248427205274037,25.161453247070312,2.273174285888672,27.96274225084559,28.38422203063965,27.667436660406675,-1.1445707082748413
2031-09-16 00:00:00,21.115781784057617,25.192840576171875,26.323585510253906,28.830394687080556,27.6259515891295,25.604618072509766,29.174692990047895,28.182847929474534,13.098590850830078,28.803188032089576,26.433142206471437,29.046224301415208,25.039731979370117,2.792356491088867,28.411392719882695,28.0286808013916,28.00199935085432,-0.6155089139938354
2031-10-16 12:00:00,21.06119728088379,24.85483169555664,26.2529354095459,28.84900782708089,26.89289135600181,25.738941192626953,28.881369329140345,27.809868670848704,13.85617446899414,28.63106316897372,26.766695979816497,28.853831291305816,25.46940803527832,2.793732166290283,28.864839000388397,28.25636100769043,28.39099854999543,-0.06858109682798386
2031-11-16 00:00:00,21.40632438659668,24.630067825317383,26.23095703125,28.78698614601567,25.49797199815383,24.6893310546875,27.755608614251972,27.09210409698126,15.461305618286133,27.629056709977363,27.29486716399414,27.928882846809177,25.95199203491211,1.7579656839370728,29.242366629641413,28.564912796020508,28.96242570756087,-0.11468619108200073
2031-12-16 12:00:00,24.212020874023438,24.475669860839844,25.846769332885742,28.672468063066688,24.24657942170146,23.247339248657227,26.493096803864585,25.892682375995875,17.364717483520508,26.436832701106436,27.82013374492844,26.60823943714721,26.376314163208008,0.19559185206890106,28.657378056706573,29.031787872314453,28.92066906947553,-0.519248366355896
2032-01-16 12:00:00,24.510826110839844,25.405643463134766,25.84770393371582,28.533607415817286,23.187154046084654,22.2208309173584,25.61797471632037,24.681653781540014,19.349319458007812,25.63662172517114,28.239971409103212,25.643141731430568,26.82227897644043,-1.593874454498291,28.740128025575647,28.563730239868164,29.17520527875222,-0.5305032730102539
2032-02-15 00:00:00,25.366455078125,25.79582405090332,25.8636417388916,28.459096858215876,22.60153467305681,21.37382698059082,25.253292640802787,24.163557892240664,20.339462280273438,25.24053718242419,28.45136201972481,25.334433044476743,27.13253402709961,-2.600573778152466,28.910596931404324,28.63506507873535,29.32190933834722,-0.16011857986450195
2032-03-16 12:00:00,25.99742317199707,26.7858829498291,26.470632553100586,28.524282030633913,22.626012798274434,21.2011661529541,25.38850409746063,24.578916375053062,19.698820114135742,25.27457888849496,28.545939097664466,25.505780034408936,27.694326400756836,-3.488460063934326,29.565532987498205,29.219655990600586,29.881098576425092,0.0004691690264735371
2032-04-16 00:00:00,25.039703369140625,27.289791107177734,26.897951126098633,28.55284013074709,23.051145391009037,21.91438865661621,25.866673808412603,25.05432762897208,18.47638511657715,25.677086441468038,28.510110966284913,25.95457544196765,27.78728485107422,-2.915210008621216,29.854370428366426,29.542421340942383,29.813929608438436,0.0698787122964859
2032-05-16 12:00:00,24.831111907958984,26.72235679626465,27.241043090820312,28.591011451851056,23.687059701477274,22.764413833618164,26.1220954421192,25.201779113964804,15.943625450134277,25.97193972289014,28.048274182636828,26.113251551051697,27.295167922973633,-1.5717352628707886,29.966817629514036,29.562776565551758,29.68149531209216,-0.06561952829360962
2032-06-16 00:00:00,23.01303482055664,26.13194465637207,27.25800323486328,28.693941449865264,24.877978019548763,23.412302017211914,26.451833815650712,25.800757330350073,14.11209487915039,26.36493826523638,27.354738196341412,26.481915143263492,26.384225845336914,-0.2716798186302185,29.214082121053817,29.363929748535156,28.804476843475076,-0.969498872756958
2032-07-16 12:00:00,21.687549591064453,25.721044540405273,26.809791564941406,28.80077289620305,26.122743851575315,24.075302124023438,27.135730169392392,26.742330472494896,12.975191116333008,27.054317778112004,26.73268360953119,27.146459604231815,25.61457061767578,1.3843692541122437,28.15570587914775,28.829423904418945,28.027140297800322,-1.0358418226242065
2032-08-16 12:00:00,20.483232498168945,25.322776794433594,26.488237380981445,28.820104477971128,26.799363491092784,25.030412673950195,28.12091203567421,27.469360297188626,12.122237205505371,27.82359560681101,26.39374322888973,27.899010390331142,24.9969482421875,2.273174285888672,27.908861849577963,28.41165542602539,27.79995150972511,-1.1445707082748413
2032-09-16 00:00:00,20.08163070678711,25.15144920349121,26.293807983398438,28.743123943749406,27.096431292889587,25.604618072509766,28.386360984214445,27.644720953601436,12.886300086975098,28.069755984032742,26.382104582003112,28.254224041278118,24.9654483795166,2.792356491088867,28.082351774895383,27.875734329223633,27.885457394397363,-0.5080966949462891
2032-10-16 12:00:00,20.386592864990234,24.794641494750977,26.202425003051758,28.804253820627352,26.666915034331563,25.738941192626953,28.393363518838964,27.632292049460897,14.06031322479248,28.223162377470818,26.792429502186614,28.46236189577179,25.236661911010742,2.8394112586975098,28.71922418903247,28.24783706665039,28.398936599475675,-0.3868200182914734
2032-11-16 00:00:00,21.92081642150879,24.9213809967041,26.28146743774414,28.837002248598807,25.57428143300395,24.6893310546875,27.628403645189266,27.18149584522031,15.790112495422363,27.606639864817843,27.28828624546678,27.897786079689766,25.39044189453125,1.8242920637130737,29.040272403143906,28.50710105895996,28.76354251969914,-0.17042450606822968
2032-12-16 12:00:00,23.251567840576172,24.694442749023438,25.865392684936523,28.755106727750817,24.30412676685699,23.31756019592285,26.590048379189653,26.10442574782017,18.230331420898438,26.46459128508231,27.853314134662245,26.663838859325423,26.096303939819336,0.4715293049812317,29.040730017287746,29.04349708557129,29.136726626819936,-0.509384036064148
2033-01-16 12:00:00,24.46201515197754,25.27486801147461,25.891307830810547,28.61798364154236,23.16427134871761,22.080322265625,25.5930476005164,24.802224604009552,19.126428604125977,25.610942036556615,28.278252858931477,25.71231436657112,26.822734832763672,-1.7641898393630981,29.094100261833287,29.090595245361328,29.594739618379627,-0.639208197593689
2033-02-15 00:00:00,25.64093780517578,25.754451751708984,25.907245635986328,28.53236279193598,22.73013026607393,21.52672004699707,25.37565230939069,24.47358637825456,19.88729476928711,25.263608115736478,28.394690022063635,25.42279425388596,27.245771408081055,-2.959623098373413,28.445169905150532,29.157190322875977,28.869884226483478,-0.18598324060440063
2033-03-16 12:00:00,25.99742317199707,26.93386459350586,26.776229858398438,28.466883357481002,22.655134096103122,21.27400016784668,25.017725275862936,23.93889448961644,19.908586502075195,24.90360195981,28.47328668184318,24.959313396940203,27.694326400756836,-2.909487724304199,29.24113537455513,29.219655990600586,29.489268369781016,-0.07488783448934555
2033-04-16 00:00:00,25.27391815185547,27.075054168701172,27.737764358520508,28.442108301211217,23.140908720817325,21.518510818481445,25.206554166780478,24.076765113993652,17.88494873046875,25.074438450997445,28.339957756676018,25.03637840213857,27.75487518310547,-3.037729024887085,29.908145773433436,29.542421340942383,29.695357663928128,0.21686892211437225
2033-05-16 12:00:00,24.495040893554688,27.196556091308594,27.781400680541992,28.457286402233656,23.662582053121124,22.336977005004883,25.45158290012423,24.53706685689349,16.605430603027344,25.43239240969135,27.834560889978846,25.420983630529992,27.405689239501953,-1.9271754026412964,29.48124265783761,29.562776565551758,29.189564540859966,-0.1625405102968216
2033-06-16 00:00:00,23.0299072265625,26.57160758972168,27.524938583374023,28.529337668159336,24.778565571125792,23.181367874145508,26.12203900492753,25.189295332414115,14.152185440063477,26.094257747993925,27.192983204363344,26.08778655903858,26.444406509399414,-0.6738879680633545,28.63291878805747,29.039186477661133,28.162995347266286,-0.8860453367233276
2033-07-16 12:00:00,21.449689865112305,25.686050415039062,27.094789505004883,28.541893472622935,25.939699559560523,23.916858673095703,26.718734668238753,26.16326501733711,12.722099304199219,26.81187252737273,26.56222678519633,26.691229937911984,25.434228897094727,0.8503267168998718,27.59418450103364,28.600942611694336,27.195844148481388,-1.178080439567566
2033-08-16 12:00:00,20.544946670532227,25.453649520874023,26.801292419433594,28.495528541040724,26.39686982881681,24.627376556396484,27.536665474649276,26.96092276750693,12.466377258300781,27.425389813759793,26.25309981633016,27.268231440810244,24.96910858154297,1.9159722328186035,27.26290435646013,28.201993942260742,26.88585400736901,-0.9014438986778259
2033-09-16 00:00:00,20.709156036376953,25.104433059692383,27.014925003051758,28.51697118878635,26.83959553480112,25.42973518371582,28.47144490443852,27.793072999655784,12.591007232666016,28.11566146062163,26.274663270324375,28.47446160199129,24.97917938232422,2.792356491088867,27.679419402325824,27.87586784362793,27.1525364446103,-0.6155089139938354
2033-10-16 12:00:00,21.06119728088379,24.52102279663086,26.288650512695312,28.653263724369378,26.64488460130369,25.543203353881836,28.464427434638548,27.843034318404264,13.430907249450684,28.250473269432785,26.705517250024133,28.724019878299284,25.305776596069336,2.672217607498169,28.38934656364764,27.856679916381836,27.70424552353341,0.03770530968904495
2033-11-16 00:00:00,21.49535369873047,24.439359664916992,26.23095703125,28.722955599556386,25.69317023588327,24.71385955810547,27.435695800632068,27.1492529754212,15.316019058227539,27.591966443689618,27.344056741074972,27.94271534774489,25.93923568725586,1.7880748510360718,28.736732780624646,28.304153442382812,28.220898813757678,-0.3298182487487793
2033-12-16 12:00:00,23.46340560913086,24.82745933532715,25.925329208374023,28.691260901409066,24.48095631541176,23.221908569335938,26.405358521597904,25.842761397209014,17.24030303955078,26.40764356084401,27.927240594215515,26.57924728737401,26.382043838500977,0.23677046597003937,28.88551624536188,28.634693145751953,28.917720786222507,-0.26629844307899475
2034-01-16 12:00:00,24.216093063354492,25.27486801147461,25.930940628051758,28.63026769119518,23.326695193280944,22.17208480834961,25.55686113319374,24.812870255755584,18.95260238647461,25.68929997413523,28.345125140191996,25.8143301830694,26.82227897644043,-1.5535781383514404,28.61123104763171,28.52057647705078,28.926718978482153,-0.40060147643089294
2034-02-15 00:00:00,25.366455078125,25.740140914916992,25.94687843322754,28.596649793002246,22.764253474227644,21.241849899291992,25.268837213979914,24.37721351193258,19.84909439086914,25.272143035025156,28.606295362729917,25.456612731820808,26.926883697509766,-2.820439100265503,28.735346232838634,29.018287658691406,29.174906915699474,-0.3267882764339447
2034-03-16 12:00:00,25.722936630249023,26.57237434387207,26.409059524536133,28.60787310315849,22.812225712667402,21.51901626586914,25.45057412670925,24.56328563274934,19.219812393188477,25.446284575948972,28.784193649619628,25.53136154501719,27.50965118408203,-3.1194777488708496,28.95650475175731,29.219655990600586,29.358178492025324,-0.05307624489068985
2034-04-16 00:00:00,24.77352523803711,26.923744201660156,26.95697593688965,28.62331578153794,23.12542031103008,21.80267906188965,25.714534715768465,24.957852716986697,18.072778701782227,25.717337704048326,28.70433736342308,25.954413266781195,27.78728485107422,-2.915210008621216,29.940293850249002,29.542421340942383,30.069965764797274,0.2608860731124878
2034-05-16 12:00:00,24.44831085205078,26.72235679626465,27.241043090820312,28.67168117507811,23.99895657745809,22.764413833618164,26.217383431776515,25.428412203469566,16.288564682006836,26.117477138896568,28.18434072169527,26.27357753445161,27.502857208251953,-1.5717352628707886,30.100445072053507,29.562776565551758,29.764266716852184,-0.05154814198613167
2034-06-16 00:00:00,22.521011352539062,26.415184020996094,27.25800323486328,28.74897949163406,25.005248321343014,23.43270492553711,26.581021113018817,25.986697314906905,14.11209487915039,26.46288413928859,27.39370987508954,26.604958510347238,26.4963436126709,-0.2716798186302185,29.28271925375395,29.34323501586914,28.75324107711969,-0.873629093170166
2034-07-16 12:00:00,21.446489334106445,25.87952423095703,26.780014038085938,28.757336765836392,26.377246994126452,24.262605667114258,27.359193067905828,26.937930391453698,12.691021919250488,27.342201568395875,26.748438504109835,27.364410824611397,25.71053123474121,1.3843692541122437,28.437551547780284,28.44619369506836,28.089225422964216,-0.6362831592559814
2034-08-16 12:00:00,20.72498893737793,24.839130401611328,26.458459854125977,28.738884745988837,27.389344662581443,25.241985321044922,28.875532836170468,28.019974475269002,12.122237205505371,28.579360886221572,26.41713526887532,28.8704780149957,25.423789978027344,2.4797182083129883,28.28421150032801,28.109630584716797,27.881586252210774,-0.7327494621276855
2034-09-16 00:00:00,20.809738159179688,25.601503372192383,26.275188446044922,28.70973503333292,27.86350626165543,25.604618072509766,29.688211920849444,28.43107132045398,12.542160034179688,29.318277978708842,26.3086789498159,29.57356878496509,25.258596420288086,2.792356491088867,28.457871484219485,27.31211280822754,27.921441570210575,0.19716985523700714
2034-10-16 12:00:00,20.94170379638672,24.894887924194336,26.202425003051758,28.76054762693043,27.313591939265073,25.738941192626953,29.478965088688774,28.363370959274633,14.0243558883667,29.2330101036732,26.681656106126198,29.739449927726348,25.440820693969727,2.9935719966888428,28.99110104456069,28.242496490478516,28.278657400906265,0.6149129271507263
2034-11-16 00:00:00,21.47848129272461,24.52808952331543,26.28146743774414,28.759132305424615,25.73448419330547,24.644672393798828,27.5351967065459,26.916413788096804,15.50652027130127,27.577246877915872,27.3094763238711,27.675863084375646,25.907052993774414,1.3265923261642456,29.17142030854409,28.395681381225586,28.64917424674315,0.2511744797229767
2034-12-16 12:00:00,23.2216854095459,24.82745933532715,25.925329208374023,28.74635604909509,24.25775490785338,23.139307022094727,26.200138402475105,25.241376995817294,17.06352424621582,26.14417407153158,27.942924842132015,26.246785849464455,26.406770706176758,-0.13843366503715515,29.093393924637002,28.818456649780273,29.09921524400922,-0.26629844307899475
2035-01-16 12:00:00,24.628406524658203,25.27486801147461,25.930940628051758,28.68335630577498,23.203119568399345,22.329490661621094,25.378795607096418,24.367518704319604,19.52155303955078,25.313535529612547,28.312966915231595,25.44916161719122,27.229496002197266,-1.8921416997909546,28.745606325607714,29.01494026184082,29.00726459539413,-0.6418379545211792
2035-02-15 00:00:00,25.366455078125,25.754451751708984,25.94687843322754,28.635491288162832,22.7073576642361,21.25244903564453,25.07790774559508,24.16427676382237,19.84909439086914,25.19437378307997,28.563757274973845,25.316734537576735,27.478357315063477,-2.6535282135009766,29.104800839702346,29.157190322875977,29.48917170152182,-0.5606236457824707
2035-03-16 12:00:00,25.722936630249023,26.7928524017334,26.493806838989258,28.597747054014214,22.65859441224626,21.214569091796875,25.263132458287245,24.472643533624773,19.219812393188477,25.25318928051448,28.730330781426506,25.451919301729713,27.505022048950195,-3.1408238410949707,29.771815618572756,29.219655990600586,30.02875985141854,-0.17958764731884003
2035-04-16 00:00:00,24.77352523803711,26.923744201660156,27.02022361755371,28.55690650889764,22.932631218772414,21.727651596069336,25.378578677560473,24.55271060278397,17.980022430419922,25.273697346602027,28.651490537314206,25.505849510182696,27.773269653320312,-2.982456922531128,30.44876985098772,29.542421340942383,30.45342680202654,0.29454556107521057
2035-05-16 12:00:00,24.464672088623047,26.660303115844727,27.22214126586914,28.63080323898542,23.83233003638614,22.766033172607422,25.889693530375933,25.03916033425202,16.288564682006836,25.821781378012606,28.126683488484648,25.959287150473756,27.314096450805664,-1.744286060333252,30.31190592857389,29.562776565551758,29.884346429100976,-0.0778791606426239
2035-06-16 00:00:00,22.841938018798828,26.782150268554688,27.18810272216797,28.69524723027284,25.069074808457334,23.43270492553711,26.451407071455424,25.85558347661656,14.152185440063477,26.448751492679047,27.26474490274758,26.54824488097341,26.495454788208008,-0.2716798186302185,29.357479766244463,29.392709732055664,28.89036728854678,-0.8995308876037598
2035-07-16 12:00:00,21.66062355041504,25.373735427856445,27.05537223815918,28.685743700404615,26.011364176891107,24.123897552490234,27.07181503871917,26.57567415844765,12.722099304199219,27.01401215013159,26.54854642161126,27.09709153819657,25.747589111328125,1.0328515768051147,28.417586987951214,28.684978485107422,28.093795221911147,-1.078519582748413
2035-08-16 12:00:00,21.3230037689209,25.07793426513672,26.911909103393555,28.65972449637897,26.931343018780954,25.241985321044922,28.16697187310892,27.513713933915614,11.988804817199707,27.913708220868585,26.216741748598466,28.042915234528177,25.208999633789062,2.2935256958007812,27.980270933273662,28.184200286865234,27.76773567449698,-0.9282704591751099
2035-09-16 00:00:00,20.487720489501953,25.2352352142334,26.728546142578125,28.551013907527764,27.42861303835854,25.604618072509766,28.851840290052998,27.905269147554645,12.728187561035156,28.535990247055487,26.23397436528865,28.75073917473333,25.12662696838379,2.6279568672180176,28.296922880225548,27.808624267578125,27.928055141542416,-0.3182206153869629
2035-10-16 12:00:00,21.059118270874023,24.986299514770508,26.718534469604492,28.498493600600472,26.910347815257474,25.738941192626953,28.381329661246504,27.486515315189603,14.0243558883667,28.28527538367376,26.582477462852417,28.440433354500094,25.452909469604492,2.274280071258545,28.859223166867803,28.21921157836914,28.336210066656452,-0.2339760810136795
2035-11-16 00:00:00,21.89337921142578,25.10078239440918,26.458633422851562,28.46983614234284,25.535306644998993,24.64443588256836,27.20510951972115,26.556497969760546,15.83435344696045,27.13253459290079,27.124101385972736,27.10149226918551,25.80988883972168,1.3045461177825928,29.15254977783415,28.63587188720703,28.86478385586101,-0.3298182487487793
2035-12-16 12:00:00,22.653030395507812,24.392526626586914,26.9423770904541,28.3444686247581,24.308903712407748,23.211463928222656,26.43933019508278,25.61427683358487,18.10049057006836,26.32701725307121,27.637803427874722,26.401427794787434,26.26131248474121,0.23677046597003937,28.737910299586414,28.79463005065918,28.969159394443064,-0.44819942116737366
2036-01-16 12:00:00,24.68801498413086,24.913667678833008,26.063888549804688,28.2681962208882,23.112210038900113,22.038454055786133,25.91415523559047,24.78785863164029,19.52155303955078,25.775996772106616,27.99282301458395,25.802041327916736,26.811786651611328,-1.4833601713180542,28.41946159399232,28.81446647644043,28.91855706944754,-0.5793784260749817
2036-02-15 00:00:00,25.366455078125,26.197484970092773,26.58700180053711,28.28899128488517,22.52985755638229,21.32528305053711,25.393316512416888,24.3774749737535,19.84909439086914,25.2711792563837,28.15334641177983,25.43776344080731,27.39614486694336,-2.820439100265503,28.492553469202416,28.584951400756836,28.933028238795423,-0.5379244089126587
2036-03-16 12:00:00,25.722936630249023,26.821460723876953,26.97084617614746,28.4041749915278,22.45541368750962,21.1373348236084,25.36931356764812,24.163757499928828,19.219812393188477,25.19704625130101,28.409401849738984,25.15051450406382,28.09461784362793,-3.3956751823425293,29.304062314229324,29.219655990600586,29.641557239624706,-0.18900440633296967
2036-04-16 00:00:00,25.150619506835938,27.289791107177734,27.208650588989258,28.434620847616237,22.898424457953524,21.251720428466797,25.43454713683575,24.351989709260256,17.966373443603516,25.270397520261604,28.431566917534848,25.356429576196295,27.685096740722656,-2.7942304611206055,30.053669076389216,29.542421340942383,30.113405887952116,0.1820005476474762
2036-05-16 12:00:00,24.631317138671875,26.72235679626465,27.241043090820312,28.5011806956922,23.786286976038056,22.327054977416992,26.12347360324202,25.005541850292623,16.605430603027344,25.92750638920612,28.03128916906312,25.932742252658674,27.405689239501953,-1.744286060333252,30.268811061591297,29.562776565551758,29.939169901456594,0.005714923609048128
2036-06-16 00:00:00,24.142662048339844,26.193998336791992,27.25800323486328,28.62496415894538,25.265034962955347,23.334318161010742,26.513575480743604,25.762234480315293,14.185821533203125,26.461910251432567,27.414252653457154,26.47595531798293,26.39835548400879,-0.2716798186302185,29.230075477110017,29.50264549255371,28.56933648063738,-0.9352316856384277
2036-07-16 12:00:00,23.13536834716797,25.529138565063477,26.809791564941406,28.712144580976975,26.47168025370865,24.315689086914062,27.133324155771373,26.579541619918466,13.499985694885254,27.19603975567983,26.85152626272505,27.063616533153205,25.69320297241211,1.0328515768051147,28.051145154000825,28.753690719604492,27.56960109207092,-1.3840837478637695
2036-08-16 12:00:00,22.593597412109375,25.074853897094727,26.488237380981445,28.75869156667118,27.180018451936846,25.241985321044922,28.41658009558803,27.512540844126253,12.466377258300781,28.24378080536053,26.49499187566973,28.231482702665108,25.440725326538086,1.9159722328186035,27.971957369107624,28.201993942260742,27.540332357396423,-0.929455041885376
2036-09-16 00:00:00,22.348102569580078,24.904178619384766,26.323585510253906,28.827834927498138,27.371306516679056,25.604618072509766,29.19853563313884,28.094724734349377,12.450152397155762,28.933652807529764,26.538480457500082,29.319128552138373,25.4145450592041,2.792356491088867,28.480438248008387,28.104211807250977,27.883097846078453,-0.1885192096233368
2036-10-16 12:00:00,22.698205947875977,24.609228134155273,26.2529354095459,28.957687847969225,26.942107193994005,25.738941192626953,29.34662470776307,28.17232392475283,14.082039833068848,29.035839323566293,26.97031322676867,29.474119522350406,25.56148910522461,2.6749520301818848,29.10253105183664,27.939983367919922,28.423447275004133,0.6149129271507263
2036-11-16 00:00:00,22.943164825439453,24.66229248046875,26.28146743774414,29.019435305369257,25.684388303396553,25.012554168701172,28.26221176981881,27.609585963012517,15.677107810974121,28.16252920005226,27.622899173954636,28.7353090650797,26.053478240966797,1.7579656839370728,29.493925943163116,28.45063018798828,29.01791883702908,0.20082958042621613
2036-12-16 12:00:00,23.819965362548828,24.82745933532715,25.925329208374023,29.013910773694462,24.184213304412584,23.211463928222656,26.636973427804502,26.16641965582079,18.139022827148438,26.664433480747245,28.26357577299118,26.943357995998248,26.46521759033203,0.19559185206890106,29.53036118504991,28.425146102905273,29.555516167133604,-0.3414910137653351
2037-01-16 12:00:00,24.216093063354492,25.27486801147461,25.930940628051758,28.89372475767247,23.20076948258653,22.188467025756836,25.93263583121789,25.151508737944255,19.383195877075195,25.951220041211062,28.692153624894544,26.178365837438438,27.031774520874023,-1.7641898393630981,29.40978645969251,29.01494026184082,29.725350389910062,-0.37658852338790894
2037-02-15 00:00:00,25.366455078125,25.740140914916992,25.94687843322754,28.726912100099547,22.652086230229955,21.35143280029297,25.377799614315517,24.487802945475213,20.21455192565918,25.271461928434352,28.785275093051272,25.5048727828915,27.29218292236328,-3.2693164348602295,29.412019578116595,29.157190322875977,29.73103683239668,-0.47232434153556824
2037-03-16 12:00:00,25.722936630249023,27.095094680786133,26.952274322509766,28.562889893554097,22.512386894122674,21.318391799926758,25.24181275936151,24.366149737706202,19.219812393188477,25.216122379729292,28.79341852557501,25.388981547210477,27.694326400756836,-3.466501474380493,29.764274812239638,29.219655990600586,30.04722594875609,-0.03931829333305359
2037-04-16 00:00:00,24.77352523803711,27.27295684814453,27.64031410217285,28.444570728840368,22.90624810702194,21.621137619018555,25.412753535289163,24.661966615600665,17.990747451782227,25.302620674413003,28.60044041825878,25.5317465257538,27.745380401611328,-2.7888150215148926,30.331474939375074,29.542421340942383,30.278224545637222,0.3968997001647949
2037-05-16 12:00:00,24.675386428833008,27.285297393798828,27.691173553466797,28.474538550007267,24.06988834055708,22.764413833618164,26.17345049695278,25.49840096612416,16.82022476196289,26.10709838854996,28.15770232909356,26.237671824853287,27.314302444458008,-1.744286060333252,30.74288778637467,29.562776565551758,30.19415528994828,0.006039485335350037
2037-06-16 00:00:00,23.06847381591797,26.031494140625,27.235502243041992,28.46136364002625,25.062983370422227,23.43270492553711,26.448158759050127,25.944806612948426,14.772394180297852,26.36361043885919,27.357269321547445,26.482947727392254,26.4049015045166,-0.2716798186302185,29.70624363446895,29.447664260864258,29.306494224103293,-0.8100784420967102
2037-07-16 12:00:00,23.94486427307129,25.616897583007812,26.596128463745117,28.395090232885657,26.255608890693125,24.282052993774414,27.071302027588082,26.621409178251373,13.806639671325684,27.028260728086607,26.698791830588014,27.06249684556013,25.660478591918945,1.3342610597610474,28.47556649050293,28.842121124267578,28.19349556351066,-1.2129580974578857
2037-08-16 12:00:00,21.06620979309082,24.034048080444336,26.310096740722656,28.329994842115816,26.924776506190703,25.241985321044922,28.2344245634917,27.547850124235968,12.122237205505371,27.99656448158586,26.366614955114837,28.16062060679037,25.411840438842773,2.0278210639953613,28.199133473273445,28.479705810546875,27.98788176564561,-1.0655570030212402
2037-09-16 00:00:00,20.755382537841797,24.226898193359375,26.640316009521484,28.20965117986442,27.194434112921947,25.604618072509766,29.212919927160872,28.13418594321479,12.886300086975098,28.747521770049726,26.37751184909127,29.08795003617595,25.258596420288086,2.792356491088867,28.30061093385169,28.488359451293945,28.04119361497003,-0.8289827108383179
2037-10-16 12:00:00,20.792081832885742,24.37767219543457,25.849111557006836,28.17935663178426,26.72456676724051,25.543203353881836,28.604190690109135,27.613243817406012,14.543096542358398,28.395577737655906,26.57623486919031,28.620128772728027,25.440820693969727,2.3253931999206543,28.997334095069473,28.38833999633789,28.494485210890904,-0.3868200182914734
2037-11-16 00:00:00,21.228160858154297,24.56549644470215,26.06584358215332,28.22237164525372,25.422100690349552,24.135875701904297,27.21809515721853,26.635072877275416,16.326143264770508,27.239619245369333,27.168142882600335,27.340313595138355,25.907052993774414,1.2655636072158813,29.29874838671829,28.64168930053711,29.05146575729201,-0.17042450606822968
2037-12-16 12:00:00,22.653030395507812,25.152767181396484,26.80947494506836,28.183645348906346,24.048515976139456,23.08724021911621,26.21015336738348,25.22756471628191,18.05503273010254,26.156553192886037,27.723985181290423,26.279309653401196,26.418476104736328,-0.13843366503715515,29.082621340817294,29.006811141967773,29.172279724550815,-0.53374183177948
2038-01-16 12:00:00,24.365886688232422,25.486942291259766,26.825027465820312,28.161378163161146,23.136317027694822,22.038454055786133,25.26868607877291,24.181282920808304,19.52155303955078,25.276472082252788,28.07797221365366,25.372437345943457,26.694232940673828,-1.8921416997909546,28.427229436299402,29.001243591308594,28.92524156072137,-0.7747035622596741
2038-02-15 00:00:00,25.887086868286133,26.15776824951172,26.55777931213379,28.249945185764318,22.574764133182473,21.32528305053711,24.732777911626002,23.621879150654685,19.84909439086914,24.745635124841336,28.3030194384624,24.792531795331293,27.337894439697266,-2.6572635173797607,28.535739691045276,28.899211883544922,28.940904048696005,-0.2374991625547409
2038-03-16 12:00:00,25.722936630249023,27.01041603088379,26.856534957885742,28.355824679598165,22.336093215260355,20.929929733276367,24.372733754682738,23.525335732702512,19.219812393188477,24.346114099754146,28.478238424140677,24.403791369740997,27.694326400756836,-2.9559779167175293,29.489729138926858,29.219655990600586,29.728051238888032,0.053714144974946976
2038-04-16 00:00:00,25.039703369140625,26.923744201660156,26.935909271240234,28.450234967976883,22.78526846127183,21.320695877075195,24.858267730444616,23.774733376522747,18.169254302978516,24.71874412706899,28.54864719083315,24.738659266796795,27.685096740722656,-2.9846131801605225,30.384010551563176,29.542421340942383,30.05079746653335,0.3377772867679596
2038-05-16 12:00:00,24.44223976135254,26.72235679626465,27.241043090820312,28.554017797362143,23.83924087355014,22.335947036743164,25.65339768335835,24.85567911752215,16.605430603027344,25.625370967042294,28.18888035119049,25.622202968989924,27.334339141845703,-1.9910430908203125,30.048659526015886,29.562776565551758,29.679762117699546,0.07606290280818939
2038-06-16 00:00:00,24.140907287597656,26.193998336791992,27.25800323486328,28.670341152888234,25.12713180047803,23.55034065246582,26.235629346486647,25.512497184065285,14.109037399291992,26.19141255892371,27.592977474089075,26.308830865952817,26.49034309387207,-0.611155092716217,28.823375072632178,29.268875122070312,28.333720935424097,-0.9701460599899292
2038-07-16 12:00:00,23.396404266357422,25.529138565063477,26.809791564941406,28.75044505858267,26.32664470957808,24.333154678344727,26.869963256223407,26.404018030600557,12.466235160827637,26.93033535823892,27.048995663539408,26.954448208596485,25.69320297241211,0.7891005277633667,28.175539492127438,28.87417984008789,27.841363527196123,-1.0358418226242065
2038-08-16 12:00:00,22.203351974487305,25.074853897094727,26.488237380981445,28.813300118035237,27.353169909635955,25.241985321044922,28.051093389824377,27.325736459390587,11.989171028137207,27.957788173885195,26.747916017966162,27.853019363461588,25.515573501586914,1.9729201793670654,28.11605576704744,28.15334701538086,27.80959152324091,-0.9343889951705933
2038-09-16 00:00:00,22.478954315185547,24.904178619384766,26.323585510253906,28.86377990219864,27.972405418720417,25.604618072509766,29.139091532116005,28.02347770059167,12.591007232666016,29.017780021320803,26.773413867555394,29.070347711046743,25.42222785949707,2.6279568672180176,28.532659931897417,27.637855529785156,27.9678498126291,-0.40980079770088196
2038-10-16 12:00:00,22.60555648803711,24.609228134155273,26.2529354095459,28.95320719749973,27.37499767661186,25.738941192626953,29.217818509552288,28.089616946007567,14.082039833068848,29.109899706100613,27.101938112761594,29.388413166290945,25.54708480834961,2.68552827835083,29.064127904474464,28.28467559814453,28.395527038032533,0.6149129271507263
2038-11-16 00:00:00,22.91037940979004,24.66229248046875,26.28146743774414,29.046414806803703,25.873759169765417,25.161609649658203,27.833340687309818,27.078709998661484,15.790112495422363,27.842081214588625,27.694450480293696,27.96689395098548,25.927080154418945,1.7579656839370728,29.33083210235488,28.43580436706543,28.885336015096932,-0.2464687079191208
2038-12-16 12:00:00,23.706796646118164,24.82745933532715,25.925329208374023,29.018381882010985,24.16834896251313,23.16041374206543,26.246190842823573,25.35674312664512,18.086872100830078,26.247683644276982,28.321202715145184,26.321907414816202,26.27976417541504,-0.25632429122924805,29.5650209382629,28.813339233398438,29.462694613780336,-0.33480921387672424
2039-01-16 12:00:00,24.216093063354492,25.27486801147461,25.930940628051758,28.831243563069165,23.236691487349034,22.329490661621094,25.4373067495749,24.531773766231314,19.399883270263672,25.459937426101686,28.798171696477976,25.509167805075776,26.848678588867188,-1.9665753841400146,29.48244424431864,29.090595245361328,29.69615324708282,-0.38129469752311707
2039-02-15 00:00:00,25.366455078125,25.622512817382812,25.907245635986328,28.601722118153635,22.850154010075112,21.27415657043457,25.059780300969265,24.18863677210162,19.84909439086914,25.194586539407577,28.86344339138275,25.22507744418531,27.29218292236328,-2.238276243209839,29.457381053676432,29.157190322875977,29.6443953703993,-0.5663696527481079
2039-03-16 12:00:00,25.722936630249023,26.8486270904541,26.877727508544922,28.420043627867948,22.809601285546734,21.214569091796875,25.238058638409125,24.48547686212181,19.219812393188477,25.267625156905325,28.759215067699287,25.463101376109098,27.694326400756836,-2.909487724304199,30.101149406975363,29.219655990600586,30.17984140927108,0.07073059678077698
2039-04-16 00:00:00,24.77352523803711,27.22757911682129,27.309268951416016,28.370244588990943,23.301894151276915,21.818941116333008,25.466711258635588,24.832266999720048,18.11374855041504,25.521763471297405,28.632195114013506,25.68971313625475,27.745380401611328,-3.0700199604034424,30.847030364961437,29.542421340942383,30.690127837047392,0.2793103754520416
2039-05-16 12:00:00,23.809322357177734,27.164575576782227,27.668170928955078,28.380365858331245,24.157213704601293,22.764413833618164,26.113694187275158,25.406704737938036,16.668336868286133,26.08593943041162,28.101734289522312,26.258761254200422,27.616472244262695,-1.9553242921829224,30.29820917835743,29.562776565551758,29.72716731556737,-0.1533128321170807
2039-06-16 00:00:00,23.01303482055664,26.43924903869629,27.528772354125977,28.453127502285845,25.05985233343879,23.334318161010742,26.503864261000093,26.110384365645928,14.930352210998535,26.479135595354684,27.47740822010679,26.661624312690392,26.855634689331055,-0.46452975273132324,29.33054637292872,29.392709732055664,28.880720758030158,-0.9115909337997437
2039-07-16 12:00:00,22.94915199279785,25.481998443603516,27.130027770996094,28.448985962995476,25.706237031832647,23.785629272460938,26.861020510009556,26.38889009529612,14.122506141662598,26.911955642956332,26.795807445480126,27.023889905642204,25.926483154296875,0.72245192527771,28.566739764335697,28.842121124267578,28.309985580786776,-1.1608952283859253
2039-08-16 12:00:00,20.92999839782715,25.347585678100586,26.174503326416016,28.33184137686151,26.730039057840198,24.930709838867188,27.836237461871285,27.286433239926556,12.718693733215332,27.812410975046376,26.38796819455862,27.897910807320258,25.44840431213379,1.9618277549743652,28.284816356112483,28.351051330566406,28.135061512050672,-1.1353117227554321
2039-09-16 00:00:00,20.445880889892578,25.247976303100586,26.402414321899414,28.348463937568738,27.20874184317314,25.604618072509766,28.590694084646568,27.679294993568952,13.156274795532227,28.430034890825958,26.386312878238247,28.627998649645605,25.479692459106445,2.4114794731140137,28.47980387148692,28.388790130615234,28.253287359497687,-0.6469440460205078
2039-10-16 12:00:00,20.769563674926758,24.85059356689453,26.71458625793457,28.373210755584548,26.891445620316855,25.738941192626953,28.595458624398834,27.72307307992685,14.675816535949707,28.53694287958413,26.753470360502806,28.836832525108438,25.54708480834961,2.274280071258545,28.642333891840128,28.505817413330078,28.496309680103508,-0.6354472637176514
2039-11-16 00:00:00,21.91075325012207,25.279653549194336,26.433427810668945,28.392157140010795,25.7044616950493,24.847400665283203,27.43080303255294,26.845072709523638,15.83435344696045,27.61578345653807,27.290991747235424,27.66970623924714,26.059478759765625,1.151233196258545,28.823090158321843,28.99724578857422,28.65275467712481,-0.6254310607910156
2039-12-16 12:00:00,22.653030395507812,25.36499786376953,26.876178741455078,28.455004713678655,24.591499213660768,23.2028751373291,26.37720148233764,25.565868373474224,18.250240325927734,26.358854174646925,27.86698828856028,26.401229885935425,26.27976417541504,-0.31580790877342224,28.9196340122497,29.074264526367188,29.085975424569877,-0.5243152379989624
2040-01-16 12:00:00,24.639652252197266,25.091075897216797,26.480194091796875,28.37742764812546,23.63627182241916,22.40970802307129,25.51601924238818,24.6264134677067,19.15345573425293,25.685787485266268,28.266092463084334,25.535739405232977,26.900680541992188,-1.7466877698898315,28.517973634354927,28.730300903320312,28.880214837912153,-0.6545469760894775
2040-02-15 00:00:00,25.366455078125,25.754451751708984,25.8636417388916,28.366335196035266,23.147986092335415,21.88951873779297,25.346053541055685,24.40440256648199,19.84909439086914,25.28033253851571,28.52161449302398,25.37659662926485,27.44518280029297,-2.621919870376587,28.719904390334417,28.9604549407959,29.091597356455527,-0.4786343276500702
2040-03-16 12:00:00,25.722936630249023,26.88581085205078,26.39015769958496,28.494624171840165,23.076061616410353,22.031944274902344,25.499929870763392,24.83243204766413,19.219812393188477,25.485095754562437,28.58842280301856,25.6180495384557,27.64791488647461,-3.250765800476074,29.495752623464657,29.219655990600586,29.762290023534835,0.022389819845557213
2040-04-16 00:00:00,24.77352523803711,26.923744201660156,26.95697593688965,28.580895144599808,23.608677826264653,22.515079498291016,25.98042066802386,25.339850841713567,18.7120361328125,25.919887126491712,28.618709621676395,26.102775503758537,27.75487518310547,-2.915210008621216,30.26764466621601,29.542421340942383,30.088335203155104,0.21338436007499695
2040-05-16 12:00:00,24.752561569213867,26.72235679626465,27.241043090820312,28.685427918407875,24.421054417534457,22.77200698852539,26.437395056824183,25.999960803603965,16.961214065551758,26.324006886024044,28.170012449945485,26.49380635293034,27.343914031982422,-1.0581371784210205,29.994571621936064,29.562776565551758,29.442779612312417,0.10008099675178528
2040-06-16 00:00:00,24.196327209472656,26.193998336791992,27.25800323486328,28.7878547833367,25.280655102757134,23.440420150756836,26.80165048715841,26.434704173368107,14.930352210998535,26.800837026575778,27.510169329301707,26.972951633899132,26.359922409057617,-0.01982034742832184,29.189768513791098,29.415407180786133,28.616794821373944,-0.9346349239349365
2040-07-16 12:00:00,21.45624351501465,25.67888832092285,26.809791564941406,28.828470898010295,26.452572936267924,24.35026741027832,27.73168523520898,27.25448817491652,13.374975204467773,27.621195986406995,26.868975776822328,27.800650857824387,25.59402084350586,1.3843692541122437,28.49498067985265,28.607421875,28.05573137134635,-0.8006389141082764
2040-08-16 12:00:00,20.460391998291016,25.278217315673828,26.488237380981445,28.800521773364657,27.246382893906894,25.241985321044922,28.903421921093198,27.998731300491887,12.466377258300781,28.339852029635924,26.48966349758222,28.58357033767975,25.01043701171875,2.644117593765259,28.27647123522794,28.138233184814453,27.91865631495403,-0.2956227958202362
2040-09-16 00:00:00,20.290483474731445,24.735048294067383,26.293807983398438,28.76915624073787,27.76601942414079,25.604618072509766,29.73891665290437,28.566999308423874,13.187431335449219,29.211340673185372,26.477616333586436,29.692267155106236,24.988908767700195,2.792356491088867,28.575820534771072,27.865121841430664,28.14604206911351,-0.13798946142196655
2040-10-16 12:00:00,20.666292190551758,25.084375381469727,26.202425003051758,28.79958140297417,27.153819016833346,25.738941192626953,29.12423933005727,28.04833006695927,14.395395278930664,28.84993386313581,26.79663801920992,29.31503559266362,25.452909469604492,2.8394112586975098,29.17701925909576,27.656797409057617,28.59476466187585,0.08615926653146744
2040-11-16 00:00:00,21.40632438659668,24.914953231811523,26.23095703125,28.81625223709466,25.968151860084742,24.71385955810547,27.8344944180173,27.06998758768378,15.83435344696045,27.830555418732487,27.41714452462337,27.945298648446407,25.917198181152344,1.7579656839370728,29.670078255117456,28.446863174438477,29.323364548130243,0.07239135354757309
2040-12-16 12:00:00,23.551095962524414,24.655231475830078,25.865392684936523,28.740878113551965,24.67651592763416,23.59459686279297,26.634488853218375,25.92348967517606,19.168699264526367,26.66439488987373,28.018218809416492,26.62368814861041,26.418476104736328,-0.05054536461830139,29.42323690730787,28.59501838684082,29.48470063109922,-0.32378390431404114
2041-01-16 12:00:00,24.627605438232422,25.27486801147461,25.891307830810547,28.589081729529184,23.425469513827377,22.519412994384766,25.90984487671989,24.884377688443085,19.15345573425293,25.924823611799788,28.54852238267204,25.924345226960813,27.080812454223633,-1.5939693450927734,29.278284447370037,29.01494026184082,29.50508069588434,-0.37364470958709717
2041-02-15 00:00:00,25.366455078125,26.22498893737793,25.92658233642578,28.589082700164056,22.803210816659863,21.73514747619629,25.384965332707548,24.404391842559658,19.84909439086914,25.301518373165408,28.768571769998637,25.456876633917346,27.245771408081055,-2.9695560932159424,29.245468512146996,29.07231903076172,29.614892824835135,-0.1255299150943756
2041-03-16 12:00:00,25.722936630249023,27.2235050201416,27.08794403076172,28.59954339850057,22.846042261556445,21.757471084594727,25.627889732832607,24.928495625249905,19.219812393188477,25.67135696981119,28.762235163325983,25.83806098656999,27.694326400756836,-3.1724326610565186,29.491203051602245,29.219655990600586,29.875316580197037,-0.2215181142091751
2041-04-16 00:00:00,24.77352523803711,26.923744201660156,26.938074111938477,28.603459812108515,23.242444115817925,22.062599182128906,26.135261435947847,25.41557858303607,18.7120361328125,26.04662571375248,28.747297847057276,26.23994356241994,27.745380401611328,-2.9628522396087646,30.022050065353458,29.542421340942383,30.164042251216216,0.3968997001647949
2041-05-16 12:00:00,24.920400619506836,26.72235679626465,27.241043090820312,28.657054387578647,23.689620764883223,22.764413833618164,26.244101336356902,25.73931381506201,16.82022476196289,26.150941801279046,28.393498365991945,26.403116150800802,27.35505485534668,-1.5717352628707886,30.345181322631117,29.562776565551758,30.07928722305297,0.014287223108112812
2041-06-16 00:00:00,23.06633186340332,26.13194465637207,27.25800323486328,28.80886628963593,24.739404445082712,23.56781578063965,26.63435641525094,26.254924580260997,14.90747356414795,26.541319686911464,27.67678505749272,26.896135634040277,26.754350662231445,-0.2716798186302185,29.528613601388795,29.50264549255371,29.286375347018094,-0.9027906656265259
2041-07-16 12:00:00,21.181686401367188,25.64945411682129,26.809791564941406,28.859441796120684,25.768710594684446,24.12012481689453,27.13074916417435,26.81368716990628,13.606195449829102,27.112397031764107,27.0741302344069,27.31989637752853,26.00728416442871,0.7891005277633667,28.706263781375636,29.158483505249023,28.46289103118071,-1.3340996503829956
2041-08-16 12:00:00,21.27782440185547,25.222320556640625,26.488237380981445,28.829974879034648,26.731411463655945,25.028671264648438,28.295325036590068,27.611294749638436,12.320152282714844,28.11396788908237,26.71932192549853,28.414648454723704,25.554643630981445,1.9347879886627197,28.347905877241995,28.51754379272461,28.121305898290252,-1.1453620195388794
2041-09-16 00:00:00,20.420345306396484,24.83675193786621,26.323585510253906,28.795485475044128,27.42142404052796,25.604618072509766,29.07969402943983,28.032313790665743,12.292515754699707,28.85519732698379,26.726102965946684,29.158959225506536,25.225391387939453,2.5555551052093506,28.61234256135236,28.150592803955078,28.23105102994009,-0.6310203075408936
2041-10-16 12:00:00,20.689178466796875,24.568416595458984,26.2529354095459,28.816366541505907,26.882906657271672,25.738941192626953,28.673412907955164,27.653396032122465,13.430907249450684,28.65186513945609,27.12180709328619,28.910392071121144,25.80289077758789,2.209120988845825,29.199651541855967,28.137924194335938,28.530711756955622,0.3333054780960083
2041-11-16 00:00:00,21.47848129272461,24.66229248046875,26.28146743774414,28.7909247213259,25.705710875876356,24.92327308654785,27.431021034322377,26.802523288182904,15.470907211303711,27.616855869682364,27.607793056207907,27.638957901780135,26.039382934570312,1.1414453983306885,29.2062931590584,28.50710105895996,28.776766412583893,-0.1987863928079605
2041-12-16 12:00:00,23.44258689880371,24.82745933532715,25.925329208374023,28.784430240166223,24.510762527520296,23.561683654785156,26.446630037633135,25.70560930215583,17.771320343017578,26.462417475808042,28.198108397834783,26.49254742271199,26.723552703857422,-0.5252997279167175,29.15849579301889,29.031787872314453,29.09161086938638,-0.45215538144111633
2042-01-16 12:00:00,24.216093063354492,25.27486801147461,25.930940628051758,28.71590241515421,23.617024563064113,22.361055374145508,25.50805568663554,24.457749632155004,19.349319458007812,25.63521264359072,28.5766957226141,25.5024146775028,26.967191696166992,-1.3218084573745728,28.99662251383788,28.879335403442383,29.260812109110287,-0.45988649129867554
2042-02-15 00:00:00,25.366455078125,25.740140914916992,25.94687843322754,28.658858759578628,23.05183213151335,21.73514747619629,24.973234321770775,23.780921985279463,20.339462280273438,24.958024763215985,28.80114997286428,24.81185974227695,27.29218292236328,-2.8821206092834473,29.439751976878757,29.157190322875977,29.816152748797187,-0.5663696527481079
2042-03-16 12:00:00,25.722936630249023,26.57237434387207,26.409059524536133,28.653081977164263,22.94840150162726,21.742929458618164,25.26129895357152,24.24674516811953,19.83880043029785,25.250252833379935,28.98082341740468,25.246860341697055,27.694326400756836,-3.3801286220550537,29.903005195679174,29.219655990600586,30.059763359875923,-0.1495891511440277
2042-04-16 00:00:00,24.77352523803711,26.923744201660156,26.95697593688965,28.645730668454423,23.386972528973363,22.210548400878906,25.62098652420138,24.909189183360457,18.010574340820312,25.636892856796067,28.923201559229394,25.649740873883022,27.745380401611328,-3.0449883937835693,30.604349201023165,29.542421340942383,30.441760257032165,0.3006117641925812
2042-05-16 12:00:00,24.91933822631836,26.72235679626465,27.241043090820312,28.69408344274553,24.07700487402172,22.73191261291504,26.16685200032489,25.450273952522576,16.334423065185547,26.104325691895152,28.448488151799765,26.18105590932259,27.368318557739258,-1.9910430908203125,30.89338336484762,29.562776565551758,30.280418477188963,-0.03566302731633186
2042-06-16 00:00:00,23.01303482055664,26.193998336791992,27.25800323486328,28.771973685085083,25.432484954609528,23.5371150970459,26.636732547516402,26.105867177539654,13.898469924926758,26.66457752974474,27.712052171294932,26.62289604431734,26.768997192382812,-0.5369426608085632,29.597721310452233,29.50264549255371,29.016247998207486,-0.969498872756958
2042-07-16 12:00:00,21.41560173034668,25.78841781616211,26.809791564941406,28.90879867279918,26.485792191959675,24.093996047973633,27.33648103981934,26.7600099228221,12.722099304199219,27.36256762544819,27.032178167068874,27.19821322632448,25.902416229248047,1.0328515768051147,28.64215880133553,28.921293258666992,28.31533340918643,-1.2349588871002197
2042-08-16 12:00:00,20.544946670532227,24.906375885009766,26.488237380981445,28.903195351231957,27.164428227465717,25.241985321044922,28.110042940309157,27.319253267802747,12.098892211914062,27.941227730470494,26.61393499021315,27.96851572111673,25.515573501586914,2.098134994506836,28.293719965508135,28.50800132751465,27.995085250888884,-0.98540860414505
2042-09-16 00:00:00,20.14334487915039,25.067472457885742,26.323585510253906,28.918036288948358,27.73200519865569,25.604618072509766,28.908616065382702,27.86480471361658,12.728187561035156,28.793880308992936,26.60711933371784,28.982144985805128,25.408714294433594,2.6279568672180176,28.607937471337284,28.079296112060547,28.0921457544765,-0.1649688184261322
2042-10-16 12:00:00,20.923324584960938,24.53199005126953,26.2529354095459,28.905867742012603,27.107976067183376,25.738941192626953,28.94408297404518,27.82617972113806,14.241748809814453,28.74850759769055,26.959090500935222,28.954021032105278,25.467348098754883,2.6777749061584473,29.05187331374884,28.237516403198242,28.370048313280037,-0.31782713532447815
2042-11-16 00:00:00,21.959157943725586,24.54607582092285,26.28146743774414,28.881434537046154,25.92560958288146,24.758970260620117,27.45524728627009,26.66487039390371,15.83435344696045,27.5620527125023,27.518834123564265,27.315324748075966,25.89398765563965,1.1776388883590698,29.318704511050928,28.440608978271484,28.84150022944204,-0.3298182487487793
2042-12-16 12:00:00,23.444355010986328,24.885345458984375,25.925329208374023,28.744654792105685,24.6634887100408,23.247339248657227,26.437725512285823,25.456301280887512,18.250240325927734,26.369353303699413,28.02067258245067,26.39315128042107,26.418476104736328,-0.25632429122924805,29.100877414560177,28.998472213745117,29.212601786478032,-0.48606234788894653
2043-01-16 12:00:00,24.510826110839844,25.104717254638672,25.891307830810547,28.585073454435125,23.60437010125225,22.386198043823242,25.673240141827335,24.59497222678839,19.15345573425293,25.78122996629017,28.329242328501472,25.617529655906246,26.91000747680664,-1.7466877698898315,28.632743647439444,29.032011032104492,29.00556373620188,-0.7747035622596741
2043-02-15 00:00:00,25.366455078125,26.438077926635742,26.486663818359375,28.495351687335333,23.177024957564985,21.81272315979004,25.606947590098773,24.722473968822072,19.84909439086914,25.653923044480695,28.521897487555187,25.622991190288406,27.29218292236328,-2.6535282135009766,29.007961376545676,28.88578224182129,29.306239536750898,-0.5028003454208374
2043-03-16 12:00:00,25.722936630249023,27.14095687866211,26.934419631958008,28.455747463912772,22.98563774485512,21.742929458618164,25.43669535589649,24.637101740287257,19.219812393188477,25.44591283305653,28.634170532327165,25.5311415298397,27.694326400756836,-2.5143349170684814,29.693314734796697,29.219655990600586,29.789131665027472,-0.07488783448934555
2043-04-16 00:00:00,25.285430908203125,26.804269790649414,27.91655921936035,28.49033116087456,23.319929278293568,22.05219268798828,25.87928268139313,24.98072087721408,18.01647186279297,25.719770868156687,28.52305425668835,25.8306316699144,27.745380401611328,-3.068465232849121,30.43922694596417,29.542421340942383,30.127925633892293,0.18043841421604156
2043-05-16 12:00:00,23.798507690429688,26.829362869262695,27.902420043945312,28.466761318083417,24.01075696296621,22.811986923217773,26.234115918684815,25.49477535452782,16.605430603027344,26.139512575184494,28.017606169438956,26.27497794858247,27.07203483581543,-1.8400205373764038,30.238826530073506,29.562776565551758,29.65641689552322,-0.06869177520275116
2043-06-16 00:00:00,23.06593894958496,26.342090606689453,27.56928253173828,28.54062700739591,25.062303863153286,23.680448532104492,26.492691189505262,25.768310129825355,14.185821533203125,26.43843086479174,27.31123988369328,26.484646939747797,26.78079605102539,-0.6488381028175354,29.25553041651288,29.50264549255371,28.709369535047326,-0.8860453367233276
2043-07-16 12:00:00,22.381196975708008,25.9023494720459,27.61531639099121,28.63130802274895,26.381342937457088,24.235719680786133,27.189733919786704,26.652619273656082,13.806639671325684,27.210281897930688,26.77960175369827,27.14255391131056,25.67304801940918,0.8444548845291138,28.43910190477791,28.765750885009766,28.147276349317508,-1.3340996503829956
2043-08-16 12:00:00,21.203886032104492,25.51999855041504,26.70864486694336,28.639225472921492,27.275181373930927,25.241985321044922,28.516625997322603,27.691197435104986,12.611992835998535,28.204579531436877,26.486302978187485,28.227481308972628,25.273672103881836,2.294833183288574,28.238872982530896,28.055234909057617,27.945089817707533,-0.791367769241333
2043-09-16 00:00:00,20.88367462158203,25.091842651367188,26.275188446044922,28.660005597632264,27.446432135472694,25.604618072509766,29.452725719095103,28.39188139267024,12.30501651763916,28.928006799569634,26.481786824793623,29.3364765390756,25.14637565612793,2.792356491088867,28.30692190484771,27.637855529785156,27.99821003949395,-0.3160409927368164
2043-10-16 12:00:00,20.689178466796875,25.074058532714844,26.202425003051758,28.703610108986773,26.88006576949682,25.738941192626953,29.38068640147119,28.2985284133469,13.47941780090332,28.927886758067377,26.863596822900494,29.437490770566132,25.44125747680664,2.9935719966888428,29.046358329712053,27.962425231933594,28.50430877161007,0.08615926653146744
2043-11-16 00:00:00,21.457218170166016,24.54607582092285,26.28146743774414,28.789303030701877,25.781582553792347,25.022714614868164,28.459248609308656,27.742849802585408,15.316019058227539,28.231784101522155,27.479876274975982,28.8368751413627,25.917198181152344,1.7880748510360718,29.462514333724098,28.41590118408203,29.13926594683237,0.2511744797229767
2043-12-16 12:00:00,23.6767520904541,24.82745933532715,25.925329208374023,28.766627242126397,24.639844559910767,23.431177139282227,26.87201647343679,26.39840923862849,18.086872100830078,26.90352068070955,28.14209160845444,27.03296547783856,26.406770706176758,0.4715293049812317,29.532793409472486,28.615095138549805,29.620294206820645,-0.2721641957759857
2044-01-16 12:00:00,24.216093063354492,25.27486801147461,25.930940628051758,28.60480530906932,23.734627859615596,22.838897705078125,25.97780892354461,25.027664883737284,19.50018310546875,25.96413320444447,28.516436992365733,25.98191439529603,26.91000747680664,-1.6421256065368652,28.933788701788583,29.001243591308594,29.221227772924507,-0.592930793762207
2044-02-15 00:00:00,25.366455078125,25.850765228271484,25.907245635986328,28.588314644941693,23.191143933278966,21.781373977661133,25.620777674207492,24.807513611284453,19.84909439086914,25.67477208115657,28.696279072544762,25.71817432862954,27.337894439697266,-2.820439100265503,29.376422720722903,29.157190322875977,29.688349546694212,-0.5663696527481079
2044-03-16 12:00:00,25.722936630249023,26.962820053100586,26.33914566040039,28.603731867220354,23.183240754550646,22.031944274902344,25.653931237253996,25.014965223306856,19.219812393188477,25.721761243010132,28.86862482362374,25.953425337354066,27.694326400756836,-3.1194777488708496,29.744132059196613,29.219655990600586,29.855886071405312,0.0004691690264735371
2044-04-16 00:00:00,25.27391815185547,26.8855037689209,26.938074111938477,28.59300379830734,23.443702939202023,22.071491241455078,25.911484570143745,25.161772499541048,18.481014251708984,25.840437769500245,28.84538243350221,26.047023190770084,27.685096740722656,-2.6389963626861572,30.654873471949873,29.542421340942383,30.476776173172283,0.3377772867679596
2044-05-16 12:00:00,24.831111907958984,26.72235679626465,27.241043090820312,28.687886127760308,24.11737697194143,22.73191261291504,26.241594175476397,25.552418803514012,16.605430603027344,26.189006628199795,28.375393266437655,26.37796921080816,27.502857208251953,-1.5717352628707886,30.59275138334787,29.562776565551758,30.07151016327331,-0.016360407695174217
2044-06-16 00:00:00,23.58651351928711,26.415184020996094,27.25800323486328,28.773590592551898,25.269597014402656,23.334318161010742,26.76012623159187,26.295085089161873,14.152185440063477,26.797572386917285,27.660249229446574,26.938696088871897,26.70220375061035,-0.2716798186302185,28.806329882744624,29.50264549255371,28.386884654893002,-0.6358425617218018
2044-07-16 12:00:00,21.59733009338379,25.819416046142578,26.809791564941406,28.793338667570012,26.239400044478487,24.075302124023438,27.430730833448486,26.999220581328593,12.824292182922363,27.542217269866395,27.080507308671717,27.60575453338028,26.031763076782227,1.3342610597610474,28.021064047199875,29.25726318359375,27.749324267948314,-0.985522985458374
2044-08-16 12:00:00,21.509929656982422,25.263168334960938,26.488237380981445,28.79888560014094,26.993832584650416,25.241985321044922,28.512074929090325,27.685655636328317,12.122237205505371,28.312792781666584,26.79076234978868,28.463217852241605,25.431909561157227,2.0278210639953613,28.100931716330525,28.977298736572266,28.003513482468662,-1.0960538387298584
2044-09-16 00:00:00,20.113285064697266,24.667804718017578,26.293807983398438,28.77018736028063,27.543843377320222,25.604618072509766,29.56318874895685,28.42985149317258,12.542160034179688,29.174420733020025,26.74344707375408,29.620067793876107,25.258596420288086,2.792356491088867,28.535948728511453,28.440338134765625,28.321368490035738,-0.5982785224914551
2044-10-16 12:00:00,20.3350772857666,25.084375381469727,26.2529354095459,28.805065819880546,26.922748429109962,25.738941192626953,29.293351871885204,28.256973581715346,13.85617446899414,29.030907162679444,27.17265965889846,29.621589435384912,25.467348098754883,2.9935719966888428,29.363167355405547,28.968820571899414,28.861331176184535,-0.5605224967002869
2044-11-16 00:00:00,22.427310943603516,24.52808952331543,26.28146743774414,28.801483135891004,25.865840461184206,24.71385955810547,28.07180311585142,27.426904347320622,15.790112495422363,28.101372279002376,27.821070484347597,28.528698946686198,25.927080154418945,1.7880748510360718,29.721623598393403,29.179519653320312,29.43044565023889,-0.39933300018310547
2044-12-16 12:00:00,24.343507766723633,24.82745933532715,25.925329208374023,28.7404635391469,24.762044310830333,23.59459686279297,26.634293534162648,25.99062430124844,18.171667098999023,26.687565254586136,28.3702510434214,26.660630285495184,26.350603103637695,0.18750464916229248,29.611048648168083,29.132848739624023,29.750406631152504,-0.488154798746109
2045-01-16 12:00:00,24.216093063354492,25.27486801147461,25.930940628051758,28.681592973851437,23.690128132254287,22.380353927612305,25.39803671040212,24.39328641502839,19.449975967407227,25.5149220386918,28.696059865756837,25.49379342105537,27.04899787902832,-1.8921416997909546,29.113882757794617,29.090595245361328,29.505433734352867,-0.33959347009658813
2045-02-15 00:00:00,25.366455078125,25.89032554626465,25.94687843322754,28.65549676795451,22.999675907318746,21.25244903564453,24.860686396777865,23.67199147028957,19.84909439086914,24.89649507455887,28.863132381737802,24.76941502429441,27.29218292236328,-2.4572839736938477,29.44432247229916,29.157190322875977,29.888567376299665,-0.3852331340312958
2045-03-16 12:00:00,25.722936630249023,26.534133911132812,26.409059524536133,28.644780751581106,22.800656753142736,21.348329544067383,24.91150672065708,23.787847516999403,19.219812393188477,24.902885912666076,29.00570331022495,24.890269191147976,27.694326400756836,-3.3801286220550537,29.778480399804888,29.219655990600586,30.135369492335137,-0.22659309208393097
2045-04-16 00:00:00,24.77352523803711,26.923744201660156,26.95697593688965,28.68905492659625,23.393105163900568,22.072521209716797,25.396577390625723,24.534046365702256,18.667402267456055,25.446055450814217,28.899427144942436,25.454066791178565,27.745380401611328,-3.448573350906372,30.16664032261345,29.542421340942383,30.176290006237135,0.013425851240754128
2045-05-16 12:00:00,24.34467124938965,26.72235679626465,27.241043090820312,28.769759839545053,24.400862925924372,22.811986923217773,26.14489837548954,25.275242064954035,17.39662742614746,26.10688638717987,28.443941206134856,26.103194136091275,27.62897300720215,-1.9109513759613037,30.125723958562777,29.562776565551758,29.7295394092158,-0.05313897132873535
2045-06-16 00:00:00,24.247453689575195,26.193998336791992,27.25800323486328,28.85450240284804,25.357385385586987,23.6721248626709,26.63435986381563,26.062782710078835,14.994595527648926,26.662950985398698,27.759016456805387,26.621966774808897,26.78079605102539,-0.4563981294631958,29.55111387851864,29.50264549255371,29.00595518845011,-0.8860453367233276
2045-07-16 12:00:00,22.360506057739258,25.529138565063477,26.809791564941406,28.922258290681423,26.493167487048876,24.235719680786133,27.38165189711048,26.940993222466265,14.260345458984375,27.54147161438072,27.19455993714594,27.457572508072296,26.031763076782227,1.3342610597610474,28.733934717923038,28.793529510498047,28.27700918635375,-1.0764272212982178
2045-08-16 12:00:00,20.861202239990234,25.19825553894043,26.488237380981445,28.959516206602792,27.07130760962703,25.241985321044922,28.599765631694194,27.744355772043207,13.662457466125488,28.430325849046245,26.833530754001448,28.782155108973743,25.411359786987305,2.2935256958007812,28.500930877736874,28.15334701538086,28.099865181092795,-0.952750027179718
2045-09-16 00:00:00,20.420345306396484,24.932899475097656,26.323585510253906,28.98606880692539,27.55901732900367,25.604618072509766,29.311522850454203,28.179261220252602,13.098590850830078,28.924000884276595,26.817028770158863,29.266823812852635,25.4145450592041,2.6279568672180176,28.761376940845626,27.87586784362793,28.282150802405347,0.17640471458435059
2045-10-16 12:00:00,20.653831481933594,24.609228134155273,26.2529354095459,28.9938837569142,26.989346187296846,25.738941192626953,29.040038487366385,27.94297331272612,14.241748809814453,28.78273656432872,27.21422087112084,29.19362572179001,25.529756546020508,2.7032699584960938,29.39571310256012,27.940690994262695,28.68637753137406,0.03128112852573395
2045-11-16 00:00:00,22.250822067260742,24.66229248046875,26.28146743774414,29.00887713853612,25.919081086946886,24.71385955810547,27.836691856846407,27.173940980642094,15.738142967224121,27.897101904700836,27.7755193048164,28.208055171228953,26.04361915588379,1.3045461177825928,29.541095711277013,28.59042739868164,28.96485779474338,-0.32683590054512024
2045-12-16 12:00:00,23.727771759033203,24.82745933532715,25.925329208374023,29.00370088503082,24.788818206528067,23.487300872802734,26.638354485994352,26.06028695488215,18.230331420898438,26.766844910048153,28.430292292650382,26.774584722580816,26.611148834228516,-0.2800965905189514,29.761280944797665,28.615095138549805,29.72963838943679,-0.34015241265296936
2046-01-16 12:00:00,24.216093063354492,25.27486801147461,25.930940628051758,28.937918053314256,23.712641116046267,22.361055374145508,25.892074246765148,24.89064648371953,19.47895622253418,25.91982077874127,28.920617513486608,25.944138334331324,27.031774520874023,-1.581886649131775,29.717295750827144,29.090595245361328,30.09348310068525,-0.37364470958709717
2046-02-15 00:00:00,25.366455078125,25.740140914916992,25.94687843322754,28.864819418346105,23.257796804489775,21.81272315979004,25.520501662025953,24.765309952862918,19.84909439086914,25.64062006454611,29.141368888808252,25.75085271429162,27.29218292236328,-2.843874931335449,29.6456452864256,29.157190322875977,30.01113122923721,-0.36607030034065247
2046-03-16 12:00:00,25.722936630249023,26.57237434387207,26.409059524536133,28.752433669038123,23.117087807670337,21.980051040649414,25.762875193823238,25.087158114725028,19.219812393188477,25.781398388801378,29.23290883724738,26.102541896197064,27.694326400756836,-3.488460063934326,30.13139646309042,29.219655990600586,30.397177270586383,-0.1947503536939621
2046-04-16 00:00:00,24.77352523803711,26.923744201660156,26.95697593688965,28.675431234459293,23.46812714367525,22.05219268798828,26.11394532114464,25.380212322329044,18.65374183654785,26.054193451669676,29.064721409580585,26.279510325291806,27.745380401611328,-2.982456922531128,30.813744544318492,29.542421340942383,30.806600531895377,0.013425851240754128
2046-05-16 12:00:00,24.91933822631836,26.72235679626465,27.241043090820312,28.74715260716105,24.075203141965616,22.411643981933594,26.146364545894514,25.344447126271856,16.584346771240234,26.105146750717243,28.599147058675033,26.278452460451344,27.07203483581543,-1.8400205373764038,31.091468858594897,29.562776565551758,30.642620494310492,-0.09379689395427704
2046-06-16 00:00:00,22.724687576293945,26.469751358032227,27.25800323486328,28.770702633099067,25.11479793923796,23.114606857299805,26.575142324861005,25.96253241651633,14.481093406677246,26.536719383547744,27.691107372205547,26.6615635544105,26.855634689331055,-0.46452975273132324,30.003220623145634,29.50264549255371,29.456793329200007,-0.9761508703231812
2046-07-16 12:00:00,21.446489334106445,25.86280059814453,27.348596572875977,28.73696542080589,26.190751823226908,24.095186233520508,27.179514650369953,26.72486001172016,13.591548919677734,27.287981690004123,27.073968474253316,27.312800220018726,25.981647491455078,0.7891005277633667,28.79549204447638,29.25726318359375,28.51522599816199,-1.4595884084701538
2046-08-16 12:00:00,20.825788497924805,25.056175231933594,26.692880630493164,28.61296954522432,26.783836372817216,24.901382446289062,28.447137872205573,27.720511447239584,12.122237205505371,28.18309076125789,26.610169683457386,28.54110519734311,25.420257568359375,2.0278210639953613,28.459267386748653,28.657869338989258,28.168988978161114,-1.0630321502685547
2046-09-16 00:00:00,20.46626091003418,24.625852584838867,26.784404754638672,28.542691845051188,27.281482403320158,25.604618072509766,29.359791886239876,28.285273293360195,12.425559997558594,28.904876297752356,26.6290012458422,29.409377548687015,25.42222785949707,2.792356491088867,28.574391240861875,28.35443878173828,28.252526218382503,-0.7633001804351807
2046-10-16 12:00:00,21.4202823638916,24.986299514770508,26.718534469604492,28.53399060158519,26.93740661454095,25.738941192626953,29.286597437892823,28.25406026418288,13.923301696777344,29.03338108982122,26.949159915323488,29.717759336796536,25.584142684936523,2.8394112586975098,29.345208798477824,28.482070922851562,28.732439415397096,-0.25578823685646057
2046-11-16 00:00:00,21.959157943725586,24.936321258544922,26.853130340576172,28.520256187582653,25.94179184167107,24.838253021240234,28.12705004242375,27.60586603914414,15.790112495422363,28.165175445661404,27.50240554322622,28.864660981103096,26.04361915588379,1.7579656839370728,29.476514409052026,28.968259811401367,29.092248816262423,-0.4293971359729767
2046-12-16 12:00:00,23.251567840576172,25.0264892578125,26.313539505004883,28.462847206494356,24.794917478923484,23.487300872802734,26.634018695335968,26.05696747400196,18.079835891723633,26.66506425190618,28.00497313868099,26.768638197436584,26.611148834228516,-0.3746131360530853,28.783563932791065,29.132848739624023,29.043679357306956,-0.5182456374168396
2047-01-16 12:00:00,24.640151977539062,25.133764266967773,25.91064453125,28.427428941063265,23.690656464897256,22.386198043823242,25.646274417171572,24.670781468684112,19.09825325012207,25.76230469159273,28.465938326454765,25.693054086313186,26.863750457763672,-1.5939693450927734,28.90569776760967,29.090595245361328,29.37108629306833,-0.5793784260749817
2047-02-15 00:00:00,25.366455078125,26.438077926635742,26.523273468017578,28.4874500599194,23.17428146516623,21.73514747619629,25.377810104939144,24.307306485921387,19.84909439086914,25.27744516208236,28.66214368315483,25.365601349524628,27.29218292236328,-2.595780849456787,28.998915758276684,29.157190322875977,29.389560947388112,-0.5353261232376099
2047-03-16 12:00:00,25.722936630249023,27.095094680786133,27.033466339111328,28.55334586819926,23.096743227447114,21.682443618774414,25.39637803283556,24.496959606113872,19.219812393188477,25.442841485638972,28.881884952153573,25.489307578559643,27.694326400756836,-2.5143349170684814,29.831857319086208,29.219655990600586,30.071956786070167,-0.1847994476556778
2047-04-16 00:00:00,24.77352523803711,26.923744201660156,26.938074111938477,28.599696645989766,23.450672031585786,22.072521209716797,25.760031016156272,24.961518723291288,18.7120361328125,25.71857336370411,28.891955266601936,25.847913507020824,27.745380401611328,-2.9762885570526123,30.445148526856844,29.542421340942383,30.23077186925194,0.048995379358530045
2047-05-16 12:00:00,24.91933822631836,26.72235679626465,27.241043090820312,28.688327208972417,24.17978680198199,22.764413833618164,26.151971670163107,25.40262027491731,16.288564682006836,26.101229387216133,28.40313457051982,26.235261016530014,27.547006607055664,-1.817777156829834,30.490474567084743,29.562776565551758,30.071403498195213,-0.04963858053088188
2047-06-16 00:00:00,24.142662048339844,26.193998336791992,27.25800323486328,28.77034553629443,25.21461656634619,23.44877815246582,26.682438627711978,26.253811494397105,14.109037399291992,26.687707573516064,27.75569826029897,26.86071312087106,26.855634689331055,-0.3662463426589966,29.668211257504137,29.50264549255371,29.149382776636653,-0.969498872756958
2047-07-16 12:00:00,22.490842819213867,25.529138565063477,26.809791564941406,28.879423940193323,26.554388167961967,24.081649780273438,27.43304679124936,27.044430245261353,12.758149147033691,27.601640169830922,27.21719254138913,27.74195125152436,25.981647491455078,1.3342610597610474,28.97223017591239,29.158483505249023,28.48013571680334,-1.1253257989883423
2047-08-16 12:00:00,22.40511131286621,25.074853897094727,26.488237380981445,28.978325775679927,27.383959974625878,25.241985321044922,28.54371199124251,27.669511787684232,12.175143241882324,28.394535857597575,26.942982740976735,28.55496950669653,25.431909561157227,2.2935256958007812,28.56286595601561,28.536527633666992,28.20750763563304,-0.9780238270759583
2047-09-16 00:00:00,21.287376403808594,24.904178619384766,26.323585510253906,28.952300365587217,27.50715664005433,25.604618072509766,29.09229808248715,27.962234535124352,12.879337310791016,28.755338897234488,26.937622964319832,28.97602620524366,25.258596420288086,2.792356491088867,28.69538900371791,28.054487228393555,28.26956826705042,-0.5696369409561157
2047-10-16 12:00:00,22.51666259765625,24.609228134155273,26.2529354095459,28.95654662760951,26.981425684290212,25.738941192626953,28.81253730699077,27.805689167334528,14.0243558883667,28.61122686415065,27.2142495773553,28.98283547691138,25.272571563720703,2.656116008758545,29.601006670540702,28.222036361694336,28.76520508176966,-0.39932721853256226
2047-11-16 00:00:00,22.91037940979004,24.66229248046875,26.28146743774414,28.971861479248595,25.920700294720675,24.781414031982422,28.110003329827077,27.461953685944984,15.83435344696045,28.118522972789837,27.789531457061532,28.5755540540776,25.917198181152344,1.7880748510360718,29.943556409732455,28.440608978271484,29.376728188141517,-0.24472945928573608
2047-12-16 12:00:00,24.091354370117188,24.82745933532715,25.925329208374023,28.913346436578138,24.613101392289554,23.519634246826172,26.928602723483806,26.467889721000194,18.37215232849121,26.913316981356818,28.38794329426947,27.05901752419147,26.46521759033203,0.3627628684043884,29.87619278859521,29.074264526367188,30.018686730877924,-0.3376733958721161
2048-01-16 12:00:00,24.216093063354492,25.27486801147461,25.930940628051758,28.802652897598385,23.559053609408533,22.40970802307129,26.07400343386103,25.057399124943725,19.765974044799805,26.033316445887124,28.71447180544314,26.10283325883882,26.948410034179688,-1.7641898393630981,29.312157956621345,29.090595245361328,29.639295186421993,-0.46576714515686035
2048-02-15 00:00:00,25.366455078125,27.354297637939453,25.8636417388916,28.68178290257898,23.025040281594034,21.52672004699707,25.378662546550373,24.390684790635405,19.84909439086914,25.30119496264463,28.828592495816626,25.43936604520099,27.301677703857422,-2.959623098373413,29.21278476023942,29.090219497680664,29.517530299996608,-0.36607030034065247
2048-03-16 12:00:00,25.722936630249023,27.095956802368164,27.659460067749023,28.590571389223378,22.901816057521568,21.2011661529541,25.369263000133998,24.305501211843968,19.219812393188477,25.261328994526853,28.93106743283854,25.348150776434455,27.694326400756836,-3.4483530521392822,29.668569639626217,29.219655990600586,29.89527433715191,0.07640835642814636
2048-04-16 00:00:00,24.77352523803711,26.923744201660156,26.897951126098633,28.577196116166323,23.257391696669757,21.727651596069336,25.51614143815333,24.712638084374657,18.7120361328125,25.469496926574564,28.924534944445156,25.562081684432247,27.745380401611328,-3.098449945449829,30.39407957597025,29.542421340942383,30.29327933245436,0.25645336508750916
2048-05-16 12:00:00,24.048892974853516,26.72235679626465,27.241043090820312,28.727553497795878,24.137050095989853,22.764413833618164,26.14236319739214,25.405422931158068,16.82022476196289,26.074975261533414,28.562794129056755,26.219996251281653,27.547006607055664,-1.8400205373764038,30.713996398146644,29.562776565551758,30.32590140600415,0.014287223108112812
2048-06-16 00:00:00,24.482641220092773,26.193998336791992,27.25800323486328,28.844716172755206,25.10290485746791,23.318153381347656,26.448435752390534,25.94193036604365,14.996757507324219,26.431986500717816,27.844764085714495,26.607464819654066,26.89820098876953,-0.6488381028175354,29.822513626531357,29.50264549255371,29.343575295484282,-0.9296914339065552
2048-07-16 12:00:00,21.650341033935547,25.67888832092285,26.809791564941406,28.890439981626276,26.186933245169573,24.123897552490234,27.13419783664899,26.839319434692005,13.351462364196777,27.209776945338497,27.17502514092136,27.45356973172157,26.022533416748047,0.8140049576759338,28.86655313914145,29.25726318359375,28.401249946458847,-1.3840837478637695
2048-08-16 12:00:00,20.679040908813477,25.28777313232422,26.488237380981445,28.86847264199778,27.110248084906633,25.241985321044922,28.45137243228012,27.803262096489885,12.430542945861816,28.40773043916249,26.814734185608156,28.916074656913086,25.55082130432129,1.991989254951477,28.690560765316537,28.35695457458496,28.20416681027767,-0.8393101096153259
2048-09-16 00:00:00,20.284893035888672,24.77625274658203,26.323585510253906,28.79665425817121,27.798542192841385,25.604618072509766,29.71503435545961,28.60818012203055,12.517411231994629,29.38935615557464,26.85826947471511,29.98889966417836,25.420167922973633,2.792356491088867,28.924500651481,28.069860458374023,28.39715882448184,-0.5978768467903137
2048-10-16 12:00:00,20.634273529052734,24.609228134155273,26.2529354095459,28.83349694943525,27.248324064897773,25.738941192626953,29.97328630196865,28.852659260864815,13.47941780090332,29.612908866577353,27.199405722287253,30.430591586231454,25.735403060913086,2.9935719966888428,29.63973592426297,28.219228744506836,28.77200980991895,0.08615926653146744
2048-11-16 00:00:00,22.368379592895508,24.66229248046875,26.28146743774414,28.875986657797043,25.83533570466561,25.161609649658203,28.535408685425388,27.651146396442236,15.738142967224121,28.328799839304015,27.780148816839258,28.756346398105947,26.182151794433594,1.7579656839370728,29.832527000538878,28.564912796020508,29.218625689729087,0.049741487950086594
2048-12-16 12:00:00,23.727771759033203,24.82745933532715,25.925329208374023,28.88148432829233,24.421592079909587,23.247339248657227,26.76475170884923,26.16539717591739,18.10049057006836,26.774813519708974,28.356378188217587,26.929701855129135,26.723552703857422,-0.31580790877342224,29.51781670309443,29.042078018188477,29.441340141474765,-0.2835032641887665
2049-01-16 12:00:00,24.216093063354492,25.27486801147461,25.930940628051758,28.80593090855617,23.411997872229342,22.080322265625,25.885524048894247,24.87253926144912,19.449975967407227,25.832377718593104,28.735662904589734,25.967455316512204,27.11398696899414,-1.581886649131775,29.44851462765151,29.090595245361328,29.60885974294951,-0.5305032730102539
2049-02-15 00:00:00,25.366455078125,25.740140914916992,25.94687843322754,28.762697269179945,22.917200163978926,21.25244903564453,25.25975247554385,24.15234716883265,19.84909439086914,25.251653979021356,28.952268304026273,25.349555461532,27.29218292236328,-2.595780849456787,29.5080735802162,29.157190322875977,29.827662864783942,-0.5164614915847778
2049-03-16 12:00:00,25.722936630249023,26.57237434387207,26.409059524536133,28.713926677767716,22.94417385925559,21.57664680480957,25.17494150516977,24.054108054732783,19.219812393188477,25.07746587558371,29.0777947677035,25.095514102759882,27.694326400756836,-3.466501474380493,29.871549628724036,29.219655990600586,30.183821837432696,-0.2320227026939392
2049-04-16 00:00:00,24.77352523803711,26.923744201660156,26.95697593688965,28.699467851190626,23.036417820351023,21.518510818481445,25.262068798289015,24.19138655867588,18.481014251708984,25.194470278561877,29.033004788043844,25.167645818026955,27.745380401611328,-2.9332845211029053,30.80630199820828,29.542421340942383,30.694586098735236,0.3330915868282318
2049-05-16 12:00:00,24.44831085205078,26.72235679626465,27.241043090820312,28.78400454081539,23.89062980711348,22.314952850341797,25.708048854648766,24.7976474352485,16.93329620361328,25.64197551453015,28.50861162649299,25.59168995822813,27.68307876586914,-2.0322842597961426,31.015929439493863,29.562776565551758,30.531518855337147,-0.05741390958428383
2049-06-16 00:00:00,23.393726348876953,26.193998336791992,27.25800323486328,28.877050662737286,25.14695677630982,23.43270492553711,26.34017458030476,25.556043955023753,14.901311874389648,26.299367178441422,27.816164598292357,26.324930837198117,26.754350662231445,-0.8787438869476318,29.92517830938772,29.50264549255371,29.426925105559,-0.9226564168930054
2049-07-16 12:00:00,21.56269073486328,25.67888832092285,26.809791564941406,28.936326376383555,26.33519337312649,24.075302124023438,27.08019947414586,26.637753033093702,14.22671127319336,27.11801985631533,27.244175289654365,27.152181196660884,26.031763076782227,0.7891005277633667,28.833934329567395,29.25726318359375,28.59455556723037,-1.1671760082244873
2049-08-16 12:00:00,21.869503021240234,24.86275291442871,26.488237380981445,28.973438216174515,27.249669128067428,25.241985321044922,28.365711920450945,27.635559922754076,13.602789878845215,28.245098710640605,26.845519097094382,28.51508520829649,25.411359786987305,1.9159722328186035,28.529349060161312,28.51754379272461,28.26481371333054,-1.1353117227554321
2049-09-16 00:00:00,20.14334487915039,25.175336837768555,26.293807983398438,28.87283349741205,27.253137342793437,25.604618072509766,29.10062805940712,28.084621800749016,13.743301391601562,28.814527798011095,26.751428194182576,29.292094621057597,25.405729293823242,2.6279568672180176,28.9441468386085,28.069860458374023,28.29646765320261,-0.1649688184261322
2049-10-16 12:00:00,20.3350772857666,24.577470779418945,26.2529354095459,28.889237853475887,26.818714836872626,25.543203353881836,29.025195888739326,27.992937608727203,14.675816535949707,28.859042335761877,27.13612417875731,29.38209479930193,25.80289077758789,2.3842711448669434,29.457723093093488,28.22557830810547,28.672237189564758,-0.31782713532447815
2049-11-16 00:00:00,21.47848129272461,24.66229248046875,26.28146743774414,28.8519955827472,25.732194567432742,24.6893310546875,27.979719509473316,27.241251704513754,16.40557289123535,27.934365781459974,27.708915929972783,28.301750320175532,26.176422119140625,1.188245415687561,29.772260043679676,28.50710105895996,29.10630167695769,-0.32683590054512024
2049-12-16 12:00:00,23.46340560913086,24.82745933532715,25.925329208374023,28.773331881543513,24.38790949561777,23.59459686279297,26.86260619052756,26.372814918219095,18.95689582824707,26.90703318404129,28.299388475761585,27.0563243693418,26.636280059814453,-0.05054536461830139,29.43645838848374,29.031787872314453,29.424121074980942,-0.3992586135864258
2050-01-16 12:00:00,24.500558853149414,25.27486801147461,25.930940628051758,28.65345490039006,23.42257442626432,22.40970802307129,26.20006666707563,25.47176010177851,19.15120506286621,26.137056920765517,28.715774625730987,26.37779980249244,26.967191696166992,-1.7466877698898315,29.27496809075021,29.090595245361328,29.603033752293374,-0.5305032730102539
2050-02-15 00:00:00,25.366455078125,25.740140914916992,25.94687843322754,28.61323165859489,23.056942754262895,22.082435607910156,25.98207362700982,25.277140552206134,19.84909439086914,25.954361670265968,28.921684177438003,26.1812061485075,27.29218292236328,-2.7318618297576904,29.55113749943943,29.157190322875977,29.954660528436296,-0.5028003454208374
2050-03-16 12:00:00,25.722936630249023,26.57237434387207,26.409059524536133,28.688603388698294,22.87084002680787,21.682443618774414,25.69059520097557,25.020103564601637,19.219812393188477,25.715074091691164,29.13444958385278,25.970508013901984,27.694326400756836,-3.553035020828247,29.80420960598487,29.219655990600586,30.074391576807137,-0.20454607903957367
2050-04-16 00:00:00,24.77352523803711,26.923744201660156,26.95697593688965,28.740795417087185,23.185042973689715,22.072521209716797,26.062733697070808,25.271092166669035,18.7120361328125,25.880179275487873,29.16545695700384,26.15909573719972,27.745380401611328,-2.8236446380615234,30.6608799852148,29.542421340942383,30.60247254064769,0.23760788142681122
2050-05-16 12:00:00,24.325050354003906,26.72235679626465,27.241043090820312,28.871685797179182,24.150304451648754,22.700542449951172,26.341052182634687,25.74254318359654,16.961214065551758,26.25133830657493,28.65772940577321,26.48039073393627,27.55801010131836,-1.9910430908203125,30.665938293794373,29.562776565551758,29.95918641225998,-0.01566627062857151
2050-06-16 00:00:00,24.196327209472656,26.193998336791992,27.25800323486328,28.953595671910268,25.32723070738559,23.440420150756836,26.854777771716332,26.34925301809179,15.03003978729248,26.90959639164335,27.960458106869496,27.0344659967006,26.988100051879883,-0.42769014835357666,29.951578573915743,29.50264549255371,29.26674905689803,-0.969498872756958
2050-07-16 12:00:00,22.360506057739258,25.529138565063477,26.809791564941406,29.002633036476574,26.494259379026644,24.35026741027832,27.813162522217382,27.229511345514982,13.606195449829102,27.82927811982569,27.334635864636134,28.069112215510934,26.143375396728516,0.8503267168998718,29.119334105316245,29.161375045776367,28.577091070797557,-1.0153603553771973
2050-08-16 12:00:00,21.68951416015625,25.074853897094727,26.488237380981445,29.024698579343465,27.312073487393953,25.241985321044922,29.16918599397419,28.205570153705466,12.807534217834473,28.89821178419549,27.03742407809955,29.310847265532576,25.81622314453125,2.098134994506836,28.990199552926907,28.50800132751465,28.490303324548332,-0.9408016800880432
2050-09-16 00:00:00,21.303674697875977,24.904178619384766,26.323585510253906,29.02112876487668,27.6283281108156,25.604618072509766,29.85049362643685,28.53156948466468,12.93559455871582,29.337527016871523,26.99580810442185,29.75874534460951,25.49144172668457,2.613271951675415,29.300067279641684,28.017818450927734,28.654537806481475,-0.13798946142196655
2050-10-16 12:00:00,21.572507858276367,24.609228134155273,26.2529354095459,29.050425205715115,27.05375659336389,25.738941192626953,29.349811550123867,28.099871045160885,14.241748809814453,29.092762185832733,27.311010731364895,29.513195315712274,25.818645477294922,2.209120988845825,29.842934187195983,28.21921157836914,28.992043601711693,0.6149129271507263
2050-11-16 00:00:00,22.250822067260742,24.66229248046875,26.28146743774414,29.08102786184579,25.979384705186323,24.967147827148438,28.00938664652103,27.16258329202135,15.83435344696045,27.93816822314918,27.924084140125185,28.089617965214988,26.04361915588379,1.2655636072158813,30.18531478877014,28.440608978271484,29.508393429952612,0.07239135354757309
2050-12-16 12:00:00,23.30575942993164,24.82745933532715,25.925329208374023,29.064750540486024,24.81243385508957,23.431177139282227,27.039963900395765,26.44746573540879,18.808950424194336,26.96051466779961,28.569205521449035,27.057875399119297,26.65606689453125,0.18750464916229248,30.145268632028273,29.074264526367188,29.98558607484232,-0.2087109535932541
