time,nino12,nino3,nino34,nino4,norte,norteleste,centro,centroleste,cbm,tna,tsa,nat,sat,tasi,wtio,setio,swio,dmi
2015-01-16 12:00:00,24.912586212158203,25.212814331054688,25.904691696166992,28.401610166667552,22.83562499652952,21.559459686279297,24.858526620636027,23.66728187818455,19.492616653442383,24.82225854943374,27.893086289766867,24.768904980184573,26.900680541992188,-1.3218084573745728,28.170140766324362,28.53173828125,28.542786025095285,-0.5305032730102539
2015-02-15 00:00:00,25.366455078125,25.701900482177734,25.907245635986328,28.41465347718722,22.478436333044716,21.11005401611328,24.167383110589313,23.35600211095193,19.84909439086914,24.18231145068101,28.166402574826723,24.029726077483716,27.318553924560547,-2.430978536605835,28.298910332523494,28.796579360961914,28.755610182617843,-0.3531281352043152
2015-03-16 12:00:00,25.722936630249023,26.534133911132812,26.39015769958496,28.449191607297003,22.361359497996336,21.1373348236084,24.743179382428117,23.836502572306152,19.219812393188477,24.555959673158366,28.363211602980023,24.662269415617484,27.64791488647461,-3.5328640937805176,28.640401591274237,29.131221771240234,29.03078868283741,-0.1628928929567337
2015-04-16 00:00:00,25.27391815185547,26.923744201660156,27.128189086914062,28.427632788456567,22.577340947118753,21.369239807128906,25.02148971109098,24.067787811829398,18.481014251708984,24.82524187324959,28.22064556807947,24.96609184628473,27.68317222595215,-3.0449883937835693,29.506194498571713,29.289583206176758,29.62803362015818,0.32534441351890564
2015-05-16 12:00:00,24.39130401611328,27.10417366027832,27.22214126586914,28.498070826182637,23.19496675989764,21.98653221130371,25.268041000157552,24.299568536370163,16.288564682006836,25.163587777606836,27.6742299130583,25.16403540016223,27.21438980102539,-2.065478801727295,29.494102573198166,29.399459838867188,29.102452224410598,0.006116420496255159
2015-06-16 00:00:00,23.585002899169922,26.31719207763672,27.18810272216797,28.593933486343417,24.18779123297268,23.106414794921875,25.888364187735377,24.903495857690427,14.109037399291992,25.71553093716163,26.949563254202552,25.68087743280734,26.40662384033203,-0.8705815076828003,28.517068440833608,29.10213279724121,28.12665489902185,-0.8863059282302856
2015-07-16 12:00:00,21.203767776489258,26.388427734375,27.228618621826172,28.62593820361417,25.502200119051228,23.986360549926758,26.352062858076387,25.579613094821834,12.691021919250488,26.32079276336176,26.286385473504517,26.379329796823487,25.62338638305664,0.7177745699882507,27.90062942101032,28.562654495239258,27.666886151466365,-1.1608952283859253
2015-08-16 12:00:00,19.710765838623047,24.97458839416504,26.76012420654297,28.55055922658276,26.776352833646772,24.930709838867188,27.133476726083504,26.63182734044647,11.880046844482422,27.128125180933438,25.910625022118882,27.057251163291212,25.204557418823242,1.8985707759857178,27.484810912620336,27.993358612060547,27.249437582435757,-0.952750027179718
2015-09-16 00:00:00,21.06528663635254,25.42186737060547,26.498872756958008,28.452369759943597,26.615846167743697,25.18347930908203,27.9939504992483,27.32389550936665,12.136958122253418,27.787282561457815,25.861393019153873,27.845860298318513,24.90361785888672,2.4114794731140137,27.473402045617032,27.31211280822754,27.15097042581674,-0.6705024242401123
2015-10-16 12:00:00,20.799169540405273,25.5375919342041,25.672605514526367,28.356173177785482,25.6778536642642,24.84168815612793,27.417557124896685,26.933322393328545,13.47941780090332,27.20371292944061,26.15584195781359,27.476187037371048,25.455894470214844,2.209120988845825,28.312810707016165,28.63628578186035,27.704470084073183,-0.3740541338920593
2015-11-16 00:00:00,21.945192337036133,24.56549644470215,26.836854934692383,28.358449428829843,24.76212372423919,23.799163818359375,26.636846448002427,26.086890821237038,15.470907211303711,26.498424210242323,26.817745598596304,26.661446925765876,25.694303512573242,1.1456960439682007,28.719567235909206,28.43233299255371,28.402782936334166,-0.32683590054512024
2015-12-16 12:00:00,24.314212799072266,25.43429946899414,26.880640029907227,28.26697913303733,23.718905266416918,22.690786361694336,26.113802731113186,25.262150902699066,17.2979679107666,26.03430963720237,27.31425636431443,26.21511754416876,26.259370803833008,-0.05054536461830139,28.54841720428276,28.525249481201172,28.807351404091463,-0.3312576711177826
2016-01-16 12:00:00,24.211225509643555,25.269977569580078,26.741199493408203,28.191139668061822,22.870153604645203,21.866382598876953,25.24973297866351,24.336455098354524,19.47974967956543,25.24965296852013,27.601117091386644,25.370432990628615,26.628440856933594,-1.650718092918396,28.097841787961006,28.465560913085938,28.500448556097425,-0.3776884973049164
2016-02-15 00:00:00,25.887086868286133,26.23508644104004,26.227195739746094,28.188331232432404,22.456084751940118,21.191341400146484,24.816271164059494,23.902076406055894,19.502294540405273,24.7930397393368,27.846929950247368,24.94844803054045,27.582015991210938,-2.6535282135009766,28.034670539581956,28.404335021972656,28.43054154205221,-0.5883427858352661
2016-03-16 12:00:00,26.315876007080078,26.698345184326172,27.09061050415039,28.247179249231472,22.3326612148164,21.13408851623535,24.819564811228886,23.941703314315433,19.219390869140625,24.71987746438955,28.13086313068509,24.903219335230457,27.505022048950195,-2.9740898609161377,28.62033604682821,28.78779411315918,29.005836114963277,-0.0673205554485321
2016-04-16 00:00:00,25.493061065673828,26.8855037689209,27.426088333129883,28.32091506057597,22.52956177997124,21.251720428466797,25.03550858387392,24.197399493057375,17.86006736755371,24.846091081119848,28.07481197557715,25.068343770019798,27.685096740722656,-3.0325767993927,29.256345727771187,29.31731414794922,29.34676762525973,0.3968997001647949
2016-05-16 12:00:00,23.809322357177734,26.72235679626465,27.241043090820312,28.461290573788503,23.424061943572905,22.336977005004883,25.387776244474345,24.603404520954406,15.78954792022705,25.274696726115607,27.683853817978346,25.465486643976433,27.23748016357422,-1.9910430908203125,29.567379406371227,29.305620193481445,29.25766169417431,-0.016360407695174217
2016-06-16 00:00:00,24.07372283935547,26.193998336791992,27.25800323486328,28.55443049846142,24.441788337647598,23.099679946899414,25.98018157031143,25.095625202057988,13.875361442565918,25.95586336436684,27.030179786857435,25.988919710515475,26.40662384033203,-0.611155092716217,28.868807944256478,29.09650993347168,28.407997970387317,-0.873629093170166
2016-07-16 12:00:00,22.490842819213867,25.80702018737793,26.809791564941406,28.62715629661757,25.843961357335463,23.916858673095703,26.682429982664974,26.174101135372023,13.591548919677734,26.712563496053843,26.4692255172181,26.655729296735267,25.39560890197754,1.3342610597610474,27.80159536167834,28.600942611694336,27.457586830803926,-1.1608952283859253
2016-08-16 12:00:00,20.460391998291016,25.14092445373535,26.488237380981445,28.67999834198317,26.77471526686533,24.901382446289062,27.83361432414091,27.233851524222366,12.097488403320312,27.62331689964577,26.163154360745644,27.67514867827455,24.667648315429688,2.4797182083129883,27.676171921102647,28.157821655273438,27.425302814432104,-0.8661231398582458
2016-09-16 00:00:00,20.330841064453125,25.153013229370117,26.293807983398438,28.70068094538969,27.035520594704757,25.604618072509766,28.61532512799337,27.79025290176892,12.205671310424805,28.2792125979974,26.132646316278898,28.504126303250935,24.73680305480957,2.792356491088867,28.04121061546301,28.06401824951172,27.653548628489954,0.17640471458435059
2016-10-16 12:00:00,20.184030532836914,24.338727951049805,26.2529354095459,28.761226221717152,26.176850594346828,25.357492446899414,28.297305477632047,27.43880190484393,13.510936737060547,27.95497770002727,26.595666962543813,28.198976103808697,25.23334312438965,2.793732166290283,28.648212940114536,27.910423278808594,28.087814154689347,0.6149129271507263
2016-11-16 00:00:00,21.541568756103516,24.52808952331543,26.28146743774414,28.773794209876662,24.720395340682597,23.879497528076172,26.634935127614273,25.795338520288947,15.355036735534668,26.460836178260163,27.163094652304814,26.490882017697448,25.39044189453125,1.188245415687561,28.923929933377263,28.39115333557129,28.486105601745912,0.07239135354757309
2016-12-16 12:00:00,23.6767520904541,24.82745933532715,25.925329208374023,28.723519729097386,23.43132255362972,22.458232879638672,25.467842379291913,24.35714712610951,17.364717483520508,25.44620688177727,27.838177082374774,25.4271846040545,26.24870491027832,-0.5252997279167175,28.806490492378483,28.514684677124023,29.081098865677472,-0.22789792716503143
2017-01-16 12:00:00,24.500558853149414,25.27486801147461,25.930940628051758,28.617389000169965,22.549728160830714,21.472766876220703,24.669913752611066,23.53283979252793,19.527835845947266,24.6524872174573,28.287968309129003,24.47285571712465,26.84252166748047,-1.4001418352127075,28.641104779149497,28.563730239868164,29.2091007974851,-0.592930793762207
2017-02-15 00:00:00,25.366455078125,25.740140914916992,25.94687843322754,28.547181331211636,22.18970849812013,20.947799682617188,24.142925532955058,23.34515815382793,20.194982528686523,24.16769842407174,28.387925323716743,24.088014862701094,27.350759506225586,-2.430978536605835,28.64952133264431,29.157190322875977,29.145148002212146,-0.5531249642372131
2017-03-16 12:00:00,25.722936630249023,27.015155792236328,26.493806838989258,28.477798563037435,22.201425895454797,20.976728439331055,24.757175778422088,23.860295521889405,19.163999557495117,24.60298849202854,28.532867910411515,24.8326404151354,27.703821182250977,-3.665713310241699,29.282208443075323,29.219655990600586,29.729946892017733,-0.1919051706790924
2017-04-16 00:00:00,25.039703369140625,27.34832000732422,27.66743278503418,28.395913445354317,22.517061371847145,21.403186798095703,24.86920890525475,23.948748733650902,18.045835494995117,24.751620227516508,28.416009852239135,24.923125994948983,27.573974609375,-2.8949358463287354,29.78296533632152,29.542421340942383,29.79130287199054,0.11902475357055664
2017-05-16 12:00:00,24.395732879638672,26.956520080566406,28.32878303527832,28.454018405684778,23.453383119358076,22.07901954650879,25.376040172291184,24.432656336529355,15.839643478393555,25.253465913309196,27.856689498653243,25.36070403810971,27.171606063842773,-1.9553242921829224,29.839576095110413,29.562776565551758,29.534497492942734,0.014287223108112812
2017-06-16 00:00:00,22.43345832824707,26.119707107543945,27.618228912353516,28.59263344171419,24.39260656603538,23.211380004882812,25.9168512092308,25.001788271323147,14.152185440063477,25.93432036512299,27.036005159302867,25.96304764152692,26.40662384033203,-0.6488381028175354,29.11722829980771,29.15636444091797,28.613420567398688,-0.9346349239349365
2017-07-16 12:00:00,21.564062118530273,24.481040954589844,27.259571075439453,28.594711442991404,25.40417748095624,23.74857521057129,26.44633588376782,25.759936282039195,12.81093978881836,26.426606025455676,26.3778799519939,26.490953911354158,25.59402084350586,0.7621228694915771,28.248530360049546,28.506912231445312,27.922204992605053,-1.0153603553771973
2017-08-16 12:00:00,21.04362678527832,25.021839141845703,26.607290267944336,28.51044725511557,26.23757144981455,24.671693801879883,27.131727958223586,26.713376071850853,11.939739227294922,27.054298610157442,26.028089463388458,27.101261174247046,25.208999633789062,1.8985707759857178,27.836898827973936,27.93246841430664,27.514765144178007,-0.9073896408081055
2017-09-16 00:00:00,20.338348388671875,24.737323760986328,26.642044067382812,28.42580417372473,26.770142191838627,25.407440185546875,28.230687197809566,27.652105170477302,12.0665283203125,28.002234433119227,26.000203834992693,28.366542457203074,25.213336944580078,2.6279568672180176,27.794778277388584,27.87586784362793,27.45356720378314,-0.7110306620597839
2017-10-16 12:00:00,20.792081832885742,25.226648330688477,26.66629409790039,28.41521292422602,26.237912579505874,25.50448989868164,27.82065497154396,27.151619066885477,13.233144760131836,27.617338942389047,26.286066741889663,27.738311251028332,25.241104125976562,2.3842711448669434,28.07147895939492,28.26580047607422,27.633591561203023,-0.3462294042110443
2017-11-16 00:00:00,21.58562660217285,25.10078239440918,26.791107177734375,28.50141023593603,25.094184333131125,24.122896194458008,26.934792371938663,26.42598393066988,14.956624984741211,26.918010046371563,26.862312753423677,27.056271416059204,25.932878494262695,1.2489540576934814,28.457750402946058,28.304153442382812,28.21742800048144,-0.1987863928079605
2017-12-16 12:00:00,22.85019302368164,25.3607177734375,26.90951919555664,28.497545789564185,23.679915566208987,22.71762466430664,26.12523034062227,25.2107567235,17.24030303955078,26.052267930509935,27.41380258055727,26.183883917382133,26.24350929260254,-0.3746131360530853,28.4169752159015,28.597394943237305,28.53528193566567,-0.41552984714508057
2018-01-16 12:00:00,24.456039428710938,25.102060317993164,26.30928611755371,28.37242776023499,22.819984619547363,21.866382598876953,25.27307903976389,24.36475570337299,19.708255767822266,25.26770143197739,27.961086903799675,25.406003247062156,26.845043182373047,-1.7466877698898315,28.275093703744933,28.64378547668457,28.58109558708525,-0.6602299213409424
2018-02-15 00:00:00,25.366455078125,25.850765228271484,26.30422019958496,28.377405987337095,22.377372599736407,21.399362564086914,24.760391655206767,23.848309656581048,19.84909439086914,24.75473784782377,28.278887196302698,24.91664436228618,27.12352752685547,-2.959623098373413,28.537181736489817,28.695289611816406,28.902800422595988,-0.36607030034065247
2018-03-16 12:00:00,25.722936630249023,26.862415313720703,26.64031410217285,28.423048735572195,22.246543983761867,21.13408851623535,24.82143684498118,23.924345230959926,19.7518367767334,24.7720793571378,28.35303994650947,24.959128459808,28.061851501464844,-3.553035020828247,29.218525604978343,28.9482479095459,29.549597900435902,-0.04318470135331154
2018-04-16 00:00:00,25.27391815185547,26.923744201660156,26.938074111938477,28.485497193176144,22.40240186870003,21.373497009277344,24.99289582746609,24.02067112926032,17.582340240478516,24.858506954516997,28.328172198272124,25.009496943527928,27.66594696044922,-2.9762885570526123,29.816030529296928,29.268156051635742,29.8116227967304,0.21338436007499695
2018-05-16 12:00:00,24.495941162109375,26.72235679626465,27.241043090820312,28.582832141729178,23.387120637521907,22.316648483276367,25.465131912045933,24.707597398540255,15.912113189697266,25.455696284811985,27.791754471906966,25.5313645666339,27.23748016357422,-1.817777156829834,29.58851182805618,29.507795333862305,29.178608377056243,0.014287223108112812
2018-06-16 00:00:00,23.410024642944336,26.13194465637207,27.25800323486328,28.6815937780097,24.179113443259,23.055479049682617,26.137059811694904,25.246315988026357,13.686158180236816,26.09152263859589,27.14167238421878,26.175921846061158,26.502849578857422,-0.6738879680633545,28.560438464843937,29.415407180786133,28.238777578228383,-0.8894490003585815
2018-07-16 12:00:00,22.08438491821289,25.934715270996094,26.809791564941406,28.735246090798462,25.52593131355708,23.978036880493164,26.556843582724635,25.84202115537335,12.466235160827637,26.47163831178029,26.53228248439355,26.49659721045583,25.625049591064453,0.7621228694915771,28.002237025002554,28.44619369506836,27.716704598959875,-1.0306817293167114
2018-08-16 12:00:00,23.313398361206055,25.334983825683594,26.458459854125977,28.727856034796993,26.70783309941013,24.930709838867188,27.52865676812915,26.894597669166405,11.876580238342285,27.535201495997395,26.194120388065723,27.3324431072707,25.161453247070312,1.9347879886627197,27.708655911890677,28.176280975341797,27.46551796431548,-0.995148777961731
2018-09-16 00:00:00,20.445880889892578,25.159399032592773,26.293807983398438,28.72033533872072,27.06556956435845,25.604618072509766,28.154856370110966,27.365489092919297,12.205671310424805,27.98556575331251,26.111587903400057,28.02038274691138,24.988908767700195,2.4114794731140137,28.08649540783821,28.225637435913086,27.67780358000054,-0.5961721539497375
2018-10-16 12:00:00,20.769563674926758,24.917497634887695,26.202425003051758,28.74723247561926,26.516313058497925,25.44795036315918,28.217499019653474,27.38816441469095,13.218512535095215,28.10559848821582,26.44139148828764,28.236738974686354,25.44125747680664,2.3842711448669434,28.663099448036572,27.975746154785156,28.131813042549965,0.6149129271507263
2018-11-16 00:00:00,21.228927612304688,24.60443878173828,26.212337493896484,28.74418027088961,25.17373026753587,24.191600799560547,27.247685040402036,26.670335233091034,15.108607292175293,27.154336729461974,27.00058579264047,27.20538988574701,25.901443481445312,1.220691442489624,28.93910979018953,27.895957946777344,28.54102055684777,0.20082958042621613
2018-12-16 12:00:00,22.71611785888672,24.904708862304688,25.846769332885742,28.66143969480664,23.85744651942639,22.771465301513672,26.2037948139916,25.238827597642086,17.06352424621582,26.11300594476705,27.560159158072562,26.183187724388546,26.329267501831055,-0.31580790877342224,28.841436714440842,28.499046325683594,28.853054120303465,-0.20377755165100098
2019-01-16 12:00:00,24.53009605407715,25.7720947265625,26.246673583984375,28.516889806512346,22.844919997156914,21.559459686279297,25.22905525813321,24.05878063155412,19.004053115844727,25.20811234653493,28.008940081711124,25.097307410352766,26.91000747680664,-1.9773802757263184,28.8231931786835,28.572864532470703,29.14418180423352,-0.3865699768066406
2019-02-15 00:00:00,25.898595809936523,26.350116729736328,26.23008918762207,28.307085494154947,22.449368196354936,21.176345825195312,24.778234583708482,23.67938881648281,19.501371383666992,24.688507259623115,28.125739939363925,24.522039890824814,27.57126235961914,-2.7964141368865967,28.547373052319212,28.687978744506836,28.945935271134793,-0.33786138892173767
2019-03-16 12:00:00,26.383398056030273,27.00766372680664,26.8961124420166,28.260933610240425,22.329497608353908,21.13408851623535,24.858700033909262,23.931906230412217,19.163999557495117,24.743673334031175,28.123025692839065,24.90014895468118,27.703821182250977,-3.213005781173706,28.787585983883258,28.9482479095459,29.046977748504293,-0.2215181142091751
2019-04-16 00:00:00,25.323421478271484,27.703920364379883,27.031654357910156,28.268200012240364,22.766829799283194,21.518510818481445,25.211155697827845,24.33433091408657,17.48896026611328,25.184281376610834,28.063889181699036,25.275602916933234,27.685096740722656,-3.1459484100341797,29.44977693443037,29.542421340942383,29.54596788143505,0.13182318210601807
2019-05-16 12:00:00,23.024967193603516,26.363248825073242,27.853586196899414,28.360888618790497,23.842927289179485,22.846710205078125,25.648428524060265,24.924017223908027,15.868570327758789,25.674685047244992,27.50120568976249,25.652671044724308,27.032005310058594,-1.744286060333252,29.56209107795596,29.414003372192383,29.234105475610924,-0.016360407695174217
2019-06-16 00:00:00,22.841938018798828,26.264097213745117,27.479827880859375,28.377440486009252,24.976229480653387,23.574872970581055,26.243922342885757,25.559957875306473,13.686158180236816,26.250197408976923,26.767319285797566,26.32590884687675,26.379859924316406,-0.2716798186302185,28.47190731577911,29.083812713623047,28.069488787756775,-0.8519047498703003
2019-07-16 12:00:00,21.521642684936523,25.373735427856445,27.222652435302734,28.336823393751523,25.970455089798996,23.99359130859375,26.87143205963918,26.40445740757819,12.722099304199219,26.910149576845566,26.18505600927644,26.928809058218217,25.348060607910156,1.3843692541122437,27.46685336194273,28.593730926513672,27.29594669258185,-1.134415864944458
2019-08-16 12:00:00,20.94711685180664,24.544775009155273,27.3811092376709,28.267016684281522,26.950166864340634,25.028671264648438,27.835920422372272,27.18485249204488,12.466377258300781,27.792297337208495,25.816526596385152,27.628312233875548,24.95799446105957,2.3084163665771484,27.27828294129647,28.263708114624023,27.105881852468467,-0.8393101096153259
2019-09-16 00:00:00,20.35422706604004,24.408620834350586,26.83436393737793,28.234935517521276,27.344155427250808,25.604618072509766,28.820247225521552,27.899211172757575,12.517411231994629,28.486469813297663,25.855328989098417,28.654636272961465,24.958354949951172,2.792356491088867,27.733200846584065,27.97019386291504,27.325396370051823,-0.5961721539497375
2019-10-16 12:00:00,20.83916664123535,24.70071792602539,26.403709411621094,28.29389807197247,26.744895149199376,25.738941192626953,29.184374700220967,28.161701259780724,13.85617446899414,28.76576073509697,26.15746092552451,29.223595568018176,25.260517120361328,2.9935719966888428,28.212605439272803,28.08835792541504,27.489975728622955,-0.39932721853256226
2019-11-16 00:00:00,21.35989761352539,25.10078239440918,26.458633422851562,28.33658421147583,25.342585637070513,24.967147827148438,28.04263830784728,27.50677028083452,15.790112495422363,27.867415161044775,26.770094264177022,28.433304881286926,25.57145118713379,1.6857736110687256,28.491311314425904,28.43233299255371,27.951739097867602,-0.11468619108200073
2019-12-16 12:00:00,24.314212799072266,25.259449005126953,26.659229278564453,28.311615771172534,23.88132245865508,23.31756019592285,26.635686861846093,26.23793047258339,17.3557071685791,26.530339362952205,27.275523272076857,26.927533394837308,26.259370803833008,0.4715293049812317,28.575557402479678,28.514684677124023,28.745221130390355,-0.32078102231025696
2020-01-16 12:00:00,24.464508056640625,25.39759635925293,26.628490447998047,28.3362483523413,22.972628408846575,22.380353927612305,25.63182086694662,24.896470687234952,19.3790340423584,25.71039901528606,27.718601408482876,25.919060619579312,26.810598373413086,-1.4833601713180542,28.29842802607916,28.384187698364258,28.69767451015346,-0.40060147643089294
2020-02-15 00:00:00,25.849885940551758,25.622512817382812,26.133438110351562,28.301354027688262,22.3369715439941,21.399612426757812,24.992665592000954,23.996414305914282,19.84909439086914,24.964664839090602,28.080469198231174,25.096121796923132,26.926883697509766,-2.6535282135009766,28.144191461131374,28.376081466674805,28.545840889437283,-0.2928774058818817
2020-03-16 12:00:00,25.722936630249023,26.57237434387207,26.55887222290039,28.344311296211423,22.28535210752298,21.27400016784668,24.81998523913748,23.805000325139083,19.219812393188477,24.756760777851866,28.337254753898858,24.826036585168502,28.09461784362793,-3.4483530521392822,29.005249683943386,28.762086868286133,29.319509736143303,0.019125571474432945
2020-04-16 00:00:00,24.77352523803711,26.923744201660156,26.938074111938477,28.41550143401902,22.587346160829263,21.518510818481445,25.021307870830746,24.04063536184716,18.00614356994629,24.896462399383434,28.31287555285162,24.93216022225292,27.694700241088867,-3.1248931884765625,29.78536274843597,29.435232162475586,29.657682196670375,0.19746670126914978
2020-05-16 12:00:00,23.798507690429688,26.72235679626465,27.241043090820312,28.54732606036094,23.378938359985582,22.475006103515625,25.378085863950812,24.46602771636871,16.605430603027344,25.26415454340029,27.819945143304516,25.34541754045782,27.172073364257812,-1.9271754026412964,29.751386819117887,29.082889556884766,29.318118481837082,0.006039485335350037
2020-06-16 00:00:00,24.35417938232422,26.193998336791992,27.25800323486328,28.681156884865825,25.0278584191511,23.496145248413086,26.201926679020907,25.468374089423342,14.109037399291992,26.156912366381693,27.126641264077506,26.214175397416287,26.40662384033203,-0.46452975273132324,28.68591773402115,28.899763107299805,28.26487729267879,-0.7180790901184082
2020-07-16 12:00:00,21.45624351501465,25.855770111083984,26.809791564941406,28.714127960687307,25.70737317083186,24.185382843017578,26.854647518954824,26.346211933445005,12.722099304199219,26.817534812736913,26.567138854081936,26.89833330626391,25.52399253845215,0.8444548845291138,27.757587807890058,28.6342716217041,27.48736663694274,-1.101772665977478
2020-08-16 12:00:00,20.483232498168945,25.322776794433594,26.458459854125977,28.746681177381852,26.64310479569004,25.030412673950195,27.6450989089538,27.070629067426722,11.880046844482422,27.58029435110908,26.267896766619387,27.617410183482743,25.204557418823242,1.9159722328186035,27.742830660191505,28.176280975341797,27.48212090297781,-0.8661231398582458
2020-09-16 00:00:00,20.685495376586914,24.710620880126953,26.293807983398438,28.71608218075277,27.045935062874523,25.604618072509766,28.4793080675566,27.650401933338294,12.554924011230469,28.156686067603008,26.28121651670433,28.366469978678296,24.98737907409668,2.792356491088867,28.28842561975514,27.89008331298828,27.753600096053095,-0.4246102571487427
2020-10-16 12:00:00,20.35570526123047,25.010818481445312,26.288650512695312,28.707741551226054,26.78294335197606,25.569948196411133,28.529021455475746,27.75546297132762,13.641683578491211,28.306468005553274,26.645611934159206,28.67327609874679,25.526872634887695,2.68552827835083,28.8675107535071,28.059612274169922,28.267958609388966,0.08615926653146744
2020-11-16 00:00:00,21.818363189697266,25.092681884765625,26.42721176147461,28.666271162396615,25.598779397623062,24.410049438476562,27.33687970422274,26.987766976255227,15.461305618286133,27.42894435875579,27.211496715155015,27.75947202966189,25.833955764770508,1.7880748510360718,28.942513489415656,28.304153442382812,28.537261745817208,-0.3501647114753723
2020-12-16 12:00:00,23.251567840576172,25.136018753051758,26.324033737182617,28.54869454250589,24.078575575301734,23.08724021911621,26.208737442843386,25.384477395096702,18.086872100830078,26.152801639629693,27.790127083259836,26.351091458938892,26.376314163208008,-0.4060054123401642,28.91934698270715,28.63112449645996,29.01347823891726,-0.3403708338737488
2021-01-16 12:00:00,24.68801498413086,25.39759635925293,26.259214401245117,28.424290782317232,23.227141902088675,22.038454055786133,25.179723048436365,24.1929737514892,19.492616653442383,25.2501248030767,28.186918776119523,25.327031496931458,26.852096557617188,-1.6024155616760254,28.84309759481673,28.752376556396484,29.224354948307955,-0.5305032730102539
2021-02-15 00:00:00,25.910646438598633,26.00706672668457,26.55777931213379,28.378046711107814,22.81116925173818,21.230043411254883,24.77585831942615,23.911425500479297,19.84909439086914,24.895925180252615,28.23914333136977,24.952792577855213,26.926883697509766,-2.9695560932159424,28.71826695298184,29.045434951782227,29.06115244448854,-0.5606236457824707
2021-03-16 12:00:00,26.338829040527344,27.09794807434082,26.69963264465332,28.330780837952336,22.63471273970798,21.32254409790039,24.820728549846287,24.01652118143319,19.698820114135742,24.835071230446257,28.2478615156475,25.00569184431334,28.130252838134766,-3.553035020828247,29.38434404536493,29.142627716064453,29.515907837968168,0.06100447475910187
2021-04-16 00:00:00,25.468059539794922,27.222518920898438,27.531558990478516,28.316854084947632,22.79559677656914,21.251720428466797,25.022461365321686,24.19660639281961,17.77816390991211,24.950406015638062,28.226973643922186,25.096069601135742,27.685096740722656,-3.0899784564971924,30.112059760341463,29.542421340942383,29.93821838998942,0.3968997001647949
2021-05-16 12:00:00,23.905548095703125,26.829362869262695,27.781400680541992,28.357416816682843,23.569425455751016,22.065305709838867,25.378614887660238,24.529990740537833,16.61284065246582,25.27375917966733,27.763134837804596,25.410285667257128,27.172073364257812,-1.9910430908203125,30.106212479552763,29.562776565551758,29.696549564527324,0.09012507647275925
2021-06-16 00:00:00,22.521011352539062,26.63759422302246,27.612354278564453,28.467935993305026,24.748099277835262,23.13555335998535,25.979099276923073,25.16048202379832,14.185821533203125,26.002968841365796,27.09004201757816,25.992150661153076,26.359922409057617,-0.6488381028175354,28.25433390510027,29.50264549255371,27.966997510498985,-0.6358425617218018
2021-07-16 12:00:00,21.41560173034668,25.522607803344727,27.346172332763672,28.48046650635622,25.996255057222353,23.972606658935547,26.57737232041479,25.97238803460109,13.591548919677734,26.540198609345346,26.525896892008756,26.5477307602348,25.631065368652344,0.7891005277633667,27.731332288804612,28.753690719604492,27.541053337848105,-1.2757890224456787
2021-08-16 12:00:00,21.06620979309082,25.328262329101562,27.00928497314453,28.490834021184174,26.79393170422647,24.930709838867188,27.431027131321652,27.020975337779834,12.807534217834473,27.441280222887052,26.149444179734814,27.36344146619442,24.95799446105957,2.294833183288574,27.722173879070606,28.23225975036621,27.481763434433745,-1.1445707082748413
2021-09-16 00:00:00,21.424564361572266,25.128475189208984,26.941909790039062,28.536861069134844,27.194653152330055,25.604618072509766,28.52006295724498,27.742268897104996,13.156274795532227,28.24374878769216,26.19492235289989,28.408815412129197,24.97917938232422,2.792356491088867,28.05875378534434,27.6875057220459,27.697546543379847,-0.3160409927368164
2021-10-16 12:00:00,20.666292190551758,24.56464385986328,26.118181228637695,28.539989987720094,26.61893338722107,25.569948196411133,28.213955662582237,27.519069208370873,13.923301696777344,28.112977494185227,26.54326681751926,28.359659591061337,25.526872634887695,2.7032699584960938,28.66790961348845,27.624950408935547,28.052203620954277,0.08615926653146744
2021-11-16 00:00:00,23.194976806640625,24.37425994873047,26.23095703125,28.59092571986683,25.307888398763243,24.410049438476562,27.17216442381573,26.769125854362702,15.677107810974121,27.18997334209636,27.127366111264664,27.364583372002937,25.907052993774414,1.2655636072158813,29.08542152859184,28.424413681030273,28.653373231624975,0.07239135354757309
2021-12-16 12:00:00,23.30575942993164,24.82745933532715,25.925329208374023,28.598067766446317,24.083751667831415,23.16041374206543,26.138431719855216,25.316824431947136,17.24030303955078,26.114976662047546,27.71282046051245,26.279280855667746,26.441967010498047,-0.25632429122924805,28.587696317832485,28.429174423217773,28.80131331487849,-0.27417221665382385
2022-01-16 12:00:00,24.55136489868164,25.212814331054688,25.930940628051758,28.577396274031106,23.210222343419506,22.088871002197266,25.04318937404401,24.086535375708248,19.208585739135742,25.230008246165823,28.09921829828865,25.25756288969192,26.948410034179688,-1.290200114250183,28.561080289403083,28.54365348815918,28.951540928418012,-0.38129469752311707
2022-02-15 00:00:00,25.366455078125,26.373807907104492,25.88862419128418,28.518317051081034,22.740064798864967,21.37382698059082,24.299602832745197,23.493719460644385,19.84909439086914,24.557902204069602,28.34706977229583,24.403673532351405,27.245771408081055,-2.953059673309326,28.67533861675795,28.6405086517334,29.066758692373256,-0.1255299150943756
2022-03-16 12:00:00,25.722936630249023,27.031021118164062,27.228328704833984,28.433924449743863,22.516056028781726,21.1373348236084,24.128962080271084,23.416982920427536,19.77528953552246,24.174798096474532,28.47553004830506,24.08611256984781,27.694326400756836,-3.3801286220550537,29.251446722370023,29.152685165405273,29.594019369052347,-0.07488783448934555
2022-04-16 00:00:00,25.310367584228516,27.488285064697266,27.695674896240234,28.4087792694207,22.776035221357922,21.22931480407715,24.77168548239136,23.900916097138907,17.88494873046875,24.68673085533325,28.367820845670096,24.792514494565378,27.745380401611328,-3.295607566833496,29.83909685756426,29.542421340942383,29.90150128711591,0.2688444256782532
2022-05-16 12:00:00,23.008228302001953,26.877355575561523,27.962574005126953,28.49394145621084,23.29396726243534,22.061559677124023,25.211103020974992,24.293710202713708,15.78954792022705,25.070466445191204,27.84264435054244,25.102670993556597,27.404191970825195,-2.3672988414764404,30.033805921725584,29.562776565551758,29.781485953296688,-0.016360407695174217
2022-06-16 00:00:00,23.649965286254883,26.33852195739746,27.62799072265625,28.543521563139656,24.411813332618813,22.965801239013672,25.786850769153755,25.06247550116807,13.838577270507812,25.800633334745562,27.09917910705083,25.930677901119314,26.4049015045166,-0.8616172671318054,29.117345187020515,29.15636444091797,28.95099441793983,-0.9346349239349365
2022-07-16 12:00:00,21.114423751831055,25.206153869628906,27.20114517211914,28.612756596979917,25.57197585475331,23.80205726623535,26.43746382607232,25.812051762999303,11.967379570007324,26.363019998338707,26.4741126632305,26.430976651014007,25.434228897094727,0.7666221857070923,27.96554828550764,28.753690719604492,27.948362047757787,-1.1671760082244873
2022-08-16 12:00:00,20.49231719970703,25.021839141845703,26.79439926147461,28.50888380104282,26.543070085670134,24.78683090209961,27.194953842126278,26.798697218448595,12.201936721801758,27.07432817939273,26.050409360697913,27.102262943141117,25.030855178833008,1.9347879886627197,27.816340873834147,28.35695457458496,27.678910842415515,-1.1453620195388794
2022-09-16 00:00:00,20.387514114379883,25.024700164794922,26.642044067382812,28.51363474637721,27.220243214599776,25.604618072509766,28.272721936413298,27.603118393442955,12.231273651123047,28.11569953061547,26.05398765432187,28.235289902914772,25.000476837158203,2.6279568672180176,28.188534904453658,28.107938766479492,27.893730407679595,-0.6155089139938354
2022-10-16 12:00:00,20.52407455444336,24.986299514770508,26.381994247436523,28.496930583625307,26.741440109511082,25.543203353881836,28.186561434071688,27.42867807958335,13.410564422607422,28.171885923883522,26.345631396914147,28.38413284609598,25.452909469604492,2.274280071258545,28.618577918950376,27.962425231933594,28.135257898588165,-0.4091781973838806
2022-11-16 00:00:00,21.297473907470703,25.10078239440918,26.808635711669922,28.55048253057858,25.470887746160283,24.542814254760742,27.196250613847724,26.72086652234546,14.731033325195312,27.21032702593047,26.8953568371647,27.364265823362047,25.901443481445312,1.2731410264968872,29.039768597427443,28.40644073486328,28.76359195840845,0.2511744797229767
2022-12-16 12:00:00,22.85019302368164,25.232261657714844,26.95872688293457,28.463406004977212,24.16037289336636,23.211463928222656,26.22748461183577,25.429750931010716,17.06352424621582,26.155452223536628,27.512365981321608,26.279200596155402,26.38252830505371,-0.39567968249320984,28.91571658813032,28.59683609008789,29.121946251757116,-0.3376733958721161
2023-01-16 12:00:00,24.49974250793457,25.856725692749023,26.541810989379883,28.373377873131044,23.220853302256835,22.080322265625,25.262991917957564,24.312659444129228,19.448272705078125,25.271806545230856,27.958553780736207,25.340445695998877,27.011289596557617,-2.159482955932617,28.32298696290812,28.748069763183594,28.676026763821238,-0.7130457162857056
2023-02-15 00:00:00,25.64093780517578,26.26788902282715,26.505775451660156,28.32479658001495,22.554467416463673,21.399612426757812,24.82098135943986,23.800822312601753,19.38595962524414,24.816802632603956,28.122504963109414,24.777183980062546,26.926883697509766,-2.852489709854126,28.58960305985146,28.75544548034668,29.027225328427384,-0.23093281686306
2023-03-16 12:00:00,26.371885299682617,26.98197364807129,26.936424255371094,28.375384080409106,22.32462117067899,21.27400016784668,24.74041177175131,23.82237684629365,19.53879737854004,24.684954614961562,28.274152499051585,24.667374384071373,27.79252052307129,-3.213005781173706,29.22279098378709,29.219655990600586,29.553334383337088,-0.1409793496131897
2023-04-16 00:00:00,25.131275177001953,27.059059143066406,27.426088333129883,28.362463931067396,22.757577121340884,21.687795639038086,25.06345601376112,24.233640679897576,17.52749252319336,25.01898977654493,28.29532672805226,25.095773490159573,27.685096740722656,-3.110276460647583,29.92046000032435,29.542421340942383,29.90140783408826,0.21686892211437225
2023-05-16 12:00:00,24.409936904907227,26.72235679626465,27.22214126586914,28.47030789233856,23.411820523301188,22.3417911529541,25.516269478443096,24.688616896846256,15.20547103881836,25.445989349028135,27.825419197603935,25.501499373550978,27.340272903442383,-1.9910430908203125,29.855415307075493,29.507795333862305,29.662065807609824,0.06964951753616333
2023-06-16 00:00:00,22.96996307373047,26.415184020996094,27.25800323486328,28.61203078088188,24.36198346914917,23.022127151489258,26.047587278340306,25.086636301788538,13.559808731079102,25.975284418711944,27.06233850985986,25.99050580716556,26.444406509399414,-0.6738879680633545,28.48744967788991,29.222251892089844,28.219806041543897,-0.983811616897583
2023-07-16 12:00:00,21.643802642822266,25.55974769592285,26.780014038085938,28.655084203440147,25.501254948771567,23.978036880493164,26.687647930879166,26.23455179240625,12.153178215026855,26.663407218342538,26.450209193623923,26.707895528469702,25.434228897094727,0.8331990838050842,27.698567222579587,28.552675247192383,27.47254327473039,-1.101772665977478
2023-08-16 12:00:00,22.10434341430664,25.44158172607422,26.458459854125977,28.702568491350466,26.746787685334134,25.028671264648438,27.6086656266704,27.182113062668467,12.180342674255371,27.453992911647195,26.111543663590204,27.52277795946222,25.161453247070312,2.114490032196045,27.511108168600682,28.157821655273438,27.34787678395683,-0.9550631046295166
2023-09-16 00:00:00,22.892621994018555,25.06407928466797,26.275188446044922,28.690804798834264,27.008823403849714,25.604618072509766,28.260019420898026,27.667030189197398,12.777199745178223,27.91482188635377,26.06712657807989,28.107436568901946,24.9886474609375,2.6279568672180176,27.7575644480146,28.007841110229492,27.5341014078127,-0.1649688184261322
2023-10-16 12:00:00,21.215850830078125,24.938358306884766,26.183805465698242,28.72963741099467,26.4782027563497,25.44795036315918,28.230398721899835,27.589756529250703,13.805224418640137,28.02201873447177,26.44266988782968,28.373148542453382,25.305776596069336,2.6777749061584473,28.447964123615247,28.059612274169922,27.944544906780898,-0.4946781098842621
2023-11-16 00:00:00,21.126731872558594,24.934688568115234,26.188657760620117,28.728926631909168,25.147216925178046,24.375736236572266,27.356244436377036,26.893887045340055,15.677107810974121,27.245644331801156,27.03330351480516,27.666916816570097,25.901443481445312,1.7579656839370728,28.793581403380802,28.416959762573242,28.473099121049508,-0.303859680891037
2023-12-16 12:00:00,22.653030395507812,25.076934814453125,26.588659286499023,28.63840762323605,23.748304598729383,23.090938568115234,26.245591979100357,25.461378694536425,17.771320343017578,26.194538705390038,27.52986865903527,26.380183426131666,26.362768173217773,-0.2800965905189514,28.656999227237595,28.499046325683594,28.810220497806096,-0.2087109535932541
2024-01-16 12:00:00,24.53009605407715,25.102060317993164,25.869401931762695,28.530421653291867,22.82175589731397,22.088871002197266,25.393621311403283,24.48665109902193,19.3790340423584,25.44577674684224,27.991876098341518,25.503481592909964,27.011289596557617,-1.6356098651885986,28.504248104152136,28.540800094604492,28.93090388505345,-0.38129469752311707
2024-02-15 00:00:00,25.887086868286133,26.16309356689453,26.523273468017578,28.41863259715252,22.235310134212398,21.32528305053711,25.070441257442578,24.24813739462774,20.194982528686523,25.05861360444532,28.200022562343047,25.31781245342248,27.318553924560547,-2.9695560932159424,28.69180884188989,28.75544548034668,29.102690424754694,-0.1568543165922165
2024-03-16 12:00:00,26.303327560424805,26.933094024658203,26.775474548339844,28.38583629532782,22.186976888093728,21.32254409790039,25.27091187760949,24.59524123204335,19.730453491210938,25.241661669528465,28.21669871960052,25.49814172097814,27.694326400756836,-3.38326358795166,29.16996707290976,29.219655990600586,29.51349877422385,-0.18900440633296967
2024-04-16 00:00:00,25.444698333740234,27.297300338745117,27.696121215820312,28.35137021212821,22.81860570665847,21.91438865661621,25.4625660511911,24.895937211303213,17.77816390991211,25.320881637183895,28.180680853742988,25.640129175611857,27.69896697998047,-2.8938796520233154,29.67485984550557,29.542421340942383,29.7105354415596,-0.10921033471822739
2024-05-16 12:00:00,23.110172271728516,27.164575576782227,27.853586196899414,28.36083663657871,23.682443142262567,22.411643981933594,25.916396640137457,25.18905403224166,15.934615135192871,25.78727321422471,27.623931853625155,25.97904277095845,27.334339141845703,-1.744286060333252,29.791714033869102,29.562776565551758,29.503972891577565,0.014287223108112812
2024-06-16 00:00:00,22.306623458862305,26.486440658569336,26.786182403564453,28.383027364419497,25.0674261947099,23.574872970581055,26.408740988580735,25.80578675916399,14.152185440063477,26.36184848726597,26.852712570849587,26.48335300302057,26.444406509399414,-0.2716798186302185,29.026877418719454,29.15636444091797,28.666732328745248,-0.908789873123169
2024-07-16 12:00:00,21.43744468688965,24.441551208496094,26.596128463745117,28.213942494749393,25.970688548379638,23.916858673095703,26.95401411303959,26.435161680927422,13.591548919677734,26.918943322379132,26.16780027157663,26.974398178702454,25.434228897094727,1.3342610597610474,28.18050497963404,28.535165786743164,27.919357068577114,-1.0764272212982178
2024-08-16 12:00:00,19.710765838623047,24.034048080444336,26.310096740722656,28.076163599176475,26.672619104402955,24.78683090209961,27.821795725160975,27.12143053422286,12.466377258300781,27.588007925265593,25.764969952892535,27.592970080709932,25.204557418823242,1.991989254951477,27.784424015479043,28.055234909057617,27.63599029256285,-1.021147608757019
2024-09-16 00:00:00,20.407756805419922,24.100664138793945,26.640316009521484,28.001799562068037,26.811617764169473,25.39809799194336,28.318921128731024,27.549791714413317,12.450152397155762,28.045924710167426,25.70834075479376,28.224321198921775,25.189481735229492,2.436145305633545,27.924345699863597,27.89008331298828,27.746274999389158,-0.15683266520500183
2024-10-16 12:00:00,19.45684242248535,24.32167625427246,26.586610794067383,28.050268492247646,26.28161016991349,25.124292373657227,27.841298782000507,27.16045521887964,13.519503593444824,27.83109100555751,25.9759139361766,28.004720622351147,25.272571563720703,2.209120988845825,28.62972814253452,28.109834671020508,28.258542721210645,0.4248058795928955
2024-11-16 00:00:00,21.543922424316406,24.32811737060547,26.793140411376953,28.08398267777236,25.12844592545341,24.375736236572266,27.071987659568467,26.548971498519677,15.066293716430664,27.047199783368665,26.5754610510031,27.21541303027885,25.917198181152344,1.188245415687561,28.82410391433441,28.23496437072754,28.716267728656057,-0.14922566711902618
2024-12-16 12:00:00,22.824466705322266,24.83196449279785,26.583051681518555,28.130909407382788,23.951811002617035,23.139307022094727,26.142432140513105,25.311164891213828,17.24030303955078,26.140953743599855,27.16057399992081,26.2791965018149,26.294050216674805,-0.25632429122924805,28.47761834027263,28.54801368713379,28.804767483238006,-0.28694209456443787
2025-01-16 12:00:00,24.595474243164062,25.370986938476562,26.962358474731445,28.07811985896521,22.854419549386996,22.038454055786133,25.20600051258908,24.214776087803163,19.399883270263672,25.248924994136264,27.543557682187146,25.340541860765008,26.979948043823242,-1.8921416997909546,28.074307864541726,28.530460357666016,28.57642510813679,-0.7009214162826538
2025-02-15 00:00:00,25.898595809936523,26.182628631591797,26.74540138244629,28.075788871960413,22.380563134488686,21.37382698059082,24.757303616980277,23.76467669324885,19.84909439086914,24.766200574531254,27.76154205620564,24.861427730105646,27.484195709228516,-2.817013740539551,27.98351856142776,28.55521011352539,28.45648577297911,-0.11571116000413895
2025-03-16 12:00:00,25.722936630249023,26.727365493774414,27.002775192260742,28.183052069401242,22.34607789814573,21.348329544067383,24.737352948452465,23.790885039412597,19.219812393188477,24.69467372882788,28.01212782351114,24.794830035290758,27.867897033691406,-3.117269515991211,28.75637651555439,28.78779411315918,29.157273983667725,0.0004691690264735371
2025-04-16 00:00:00,25.27391815185547,26.923744201660156,27.426088333129883,28.344544643338722,22.614984697657267,21.687795639038086,25.245784858727376,24.47355293457338,18.16001319885254,25.166544195422553,28.085993594999678,25.36592199391076,27.685096740722656,-2.7942304611206055,29.547812598225565,29.312875747680664,29.626912205773838,0.4110806882381439
2025-05-16 12:00:00,24.483654022216797,26.72235679626465,27.22214126586914,28.43677003392668,23.354337338245966,22.316648483276367,25.625193180119037,25.01779957768652,15.91324234008789,25.486467682425776,27.714986645706418,25.80193934248319,27.172073364257812,-1.744286060333252,29.87180818205152,29.507795333862305,29.505239228147893,0.06964951753616333
2025-06-16 00:00:00,23.583538055419922,26.415184020996094,27.228225708007812,28.505815567714865,24.665888826952433,23.605575561523438,26.194806626220462,25.609825587582186,13.686158180236816,26.14261055433499,27.052230601286574,26.380892949248963,26.421566009521484,-0.3662463426589966,28.77729048104823,29.008079528808594,28.427397710105264,-0.9637973308563232
2025-07-16 12:00:00,21.650341033935547,26.941913604736328,26.780014038085938,28.553281173138497,25.774576585685008,24.123897552490234,26.764184352449952,26.402817395663444,12.466235160827637,26.816641622253965,26.485492622827213,26.933759871697376,25.71053123474121,0.8989786505699158,27.90481054969754,28.365943908691406,27.63319547459026,-0.7447164058685303
2025-08-16 12:00:00,20.68463134765625,25.322776794433594,26.70864486694336,28.606933153005304,27.126698902347364,25.241985321044922,27.83527408650579,27.332002577742795,11.71198844909668,27.830990917165327,26.145574680152567,27.89302767316358,25.161453247070312,2.2935256958007812,27.594539349317177,27.949295043945312,27.334293085189646,-0.5996494293212891
2025-09-16 00:00:00,20.2780704498291,25.26729393005371,26.559614181518555,28.608339784162432,27.512339640165766,25.604618072509766,28.88329477699233,27.991616940922853,12.517411231994629,28.654766893910043,26.12138209325681,28.79236019408053,25.029417037963867,2.792356491088867,27.728184652218328,27.97019386291504,27.42041195242246,-0.41264790296554565
2025-10-16 12:00:00,20.689178466796875,25.084375381469727,26.60879135131836,28.61582184856395,26.66393037779518,25.738941192626953,28.873891663110633,27.901379478455954,14.0243558883667,28.515515618351515,26.539208972831325,28.851407182738658,25.305776596069336,2.8394112586975098,28.21285248909859,28.275951385498047,27.850057181184685,-0.3740541338920593
2025-11-16 00:00:00,21.47848129272461,24.37425994873047,26.33211326599121,28.653637153686923,25.477586171027813,24.822111129760742,27.64519626403789,27.13075670004894,15.790112495422363,27.620496934744114,27.131773208374554,27.94299576893993,25.80988883972168,1.7880748510360718,28.62520550633668,28.416959762573242,28.413043871774658,-0.2775745391845703
2025-12-16 12:00:00,23.46340560913086,24.82745933532715,25.865392684936523,28.640845172560105,24.085208953776345,23.247339248657227,26.43788085256143,25.66136652397402,18.250240325927734,26.326755732204965,27.749592521305818,26.448712748266733,26.24350929260254,0.23677046597003937,28.660602379086843,28.565847396850586,28.846319478195205,-0.3992586135864258
2026-01-16 12:00:00,24.216093063354492,25.27486801147461,25.891307830810547,28.523755201723084,23.06655282452011,22.125385284423828,25.377119559896904,24.242476005218332,19.492616653442383,25.27774921306137,28.143407837560915,25.364836379505554,26.82227897644043,-1.581886649131775,28.335731581082126,28.572864532470703,28.736549373756237,-0.6367710828781128
2026-02-15 00:00:00,25.366455078125,25.740140914916992,25.94687843322754,28.475688568958937,22.66203824873246,21.255441665649414,24.812708819700095,23.705198214714134,19.84909439086914,24.835861007698465,28.371387717294482,24.788685286698076,26.926883697509766,-2.852489709854126,28.68320001574266,28.712261199951172,29.14891302659844,-0.23093281686306
2026-03-16 12:00:00,25.722936630249023,26.534133911132812,26.39015769958496,28.510662844355085,22.515692695021205,21.348329544067383,24.77565941631709,23.822681887594207,19.219812393188477,24.721100019599895,28.557727285301393,24.81186421571195,27.79252052307129,-3.546084403991699,29.2506710445069,29.219655990600586,29.62634224343135,-0.22659309208393097
2026-04-16 00:00:00,25.039703369140625,27.289791107177734,26.938074111938477,28.555660174426826,22.64467676529508,21.25471305847168,25.01922918577947,24.031115046334595,18.16001319885254,24.896979610391192,28.486455409098472,25.009971644391186,27.753820419311523,-2.7888150215148926,30.118599347362764,29.542421340942383,30.12651875183477,0.21360467374324799
2026-05-16 12:00:00,24.44831085205078,26.72235679626465,27.241043090820312,28.648583197174123,23.58539706439223,22.35947608947754,25.379263555156733,24.39903554723001,15.912113189697266,25.277085338564333,28.122005994046408,25.3534806419888,27.32617950439453,-2.0322842597961426,30.11234716960436,29.562776565551758,29.610264132675166,0.03640764206647873
2026-06-16 00:00:00,24.482641220092773,26.193998336791992,27.25800323486328,28.70237508024715,24.501024182475966,23.181367874145508,26.114167507457662,25.244057613902612,13.431426048278809,26.090936778467388,27.443354617433705,26.118999816387397,26.50326919555664,-0.8705815076828003,28.85145645152667,29.447664260864258,28.46123616214586,-0.911057710647583
2026-07-16 12:00:00,21.181686401367188,25.64870262145996,26.809791564941406,28.785615721276653,25.727848184356752,23.916858673095703,26.630687888876242,26.139085232318397,11.879904747009277,26.741621619175685,26.839443401183768,26.663970410264366,25.69320297241211,0.7727293968200684,27.914900483566907,28.765750885009766,27.650815114105253,-0.985522985458374
2026-08-16 12:00:00,21.203886032104492,25.28777313232422,26.488237380981445,28.812463077327976,26.518414587924482,24.78683090209961,27.399130473275417,27.018827173896582,11.876580238342285,27.456211535791617,26.490731515425054,27.590114669292497,25.273672103881836,1.9347879886627197,27.82566488453568,28.465818405151367,27.54501243819416,-1.0745793581008911
2026-09-16 00:00:00,20.330841064453125,24.867412567138672,26.323585510253906,28.80320966427911,26.93063867087804,25.604618072509766,28.249494377344252,27.631820988334024,12.292515754699707,28.22575497084153,26.51256062473505,28.63222722076378,25.408714294433594,2.436145305633545,28.426487249375928,28.0286808013916,27.88855136140527,-0.6155089139938354
2026-10-16 12:00:00,20.599674224853516,24.568416595458984,26.2529354095459,28.807538928868503,26.427164529119775,25.424564361572266,28.00336189561568,27.339568022448894,13.641683578491211,27.919425354411658,26.855003024446958,28.13047320699009,25.467348098754883,2.209120988845825,29.13068438558822,28.185190200805664,28.331696687153368,-0.3740541338920593
2026-11-16 00:00:00,21.4316463470459,24.66229248046875,26.28146743774414,28.865104183713555,25.030530724180842,24.214012145996094,26.857784536223466,26.137317547853478,15.790112495422363,26.809139396774803,27.334663603312794,26.799617991449466,25.917198181152344,0.8859409093856812,29.09033780380732,28.41590118408203,28.707210163476574,-0.3501647114753723
2026-12-16 12:00:00,23.444355010986328,24.767087936401367,25.925329208374023,28.788057542268735,23.756646755377407,22.73236083984375,25.877286632685262,24.661270530109437,18.70800018310547,25.77746658887011,27.856079053654174,25.6409984223826,26.376314163208008,-0.5252997279167175,29.02323599307743,28.5794620513916,29.11642453710038,-0.33004525303840637
2027-01-16 12:00:00,24.639652252197266,25.27486801147461,25.891307830810547,28.56321248324015,22.961446496508863,22.0141658782959,24.88523591567314,23.8253571131181,19.372833251953125,24.92783990972134,28.321608486890515,24.897830089561655,26.694232940673828,-1.3218084573745728,28.760637501269674,28.64572525024414,29.18046302012868,-0.45988649129867554
2027-02-15 00:00:00,25.366455078125,26.281234741210938,26.52312660217285,28.40975610091525,22.558306965528452,21.399362564086914,24.20650090380599,23.430421765986264,19.84909439086914,24.317047266083737,28.356035716730382,24.137406310130757,27.484195709228516,-2.430978536605835,28.892802127190247,29.157190322875977,29.345171227053765,-0.35813814401626587
2027-03-16 12:00:00,25.722936630249023,26.92135238647461,26.69963264465332,28.3572571036229,22.747946968496233,21.214569091796875,24.859361139324257,23.868777419075432,19.7093563079834,24.846050533236255,28.464432043678922,24.81090173914975,27.694326400756836,-3.466501474380493,29.38901560936598,29.219655990600586,29.65999485769825,-0.2946939170360565
2027-04-16 00:00:00,25.039703369140625,27.491605758666992,27.867963790893555,28.36718809147849,23.10867424524664,21.77387809753418,25.261305502970334,24.49431199871794,18.071819305419922,25.25000822394989,28.369444144921765,25.361036432406447,27.685096740722656,-2.8236446380615234,29.699570226399576,29.542421340942383,29.540546494909897,0.013981588184833527
2027-05-16 12:00:00,24.350101470947266,26.72235679626465,27.304290771484375,28.465841289432074,24.083280995018836,22.69856071472168,25.76847427060927,25.065271633044283,16.605430603027344,25.77144495886434,27.97747236329305,25.8042415305832,27.21438980102539,-1.744286060333252,30.033156384329065,29.562776565551758,29.54824471042347,-0.1625405102968216
2027-06-16 00:00:00,23.58651351928711,26.654401779174805,27.214265823364258,28.57098354307119,25.019887911518342,23.43270492553711,26.396741287346856,25.845435490222712,14.11209487915039,26.325946886453448,27.269782741903548,26.43942704182038,26.33724594116211,-0.2716798186302185,28.868897508401442,29.50264549255371,28.478024145615887,-0.8302417397499084
2027-07-16 12:00:00,21.446489334106445,25.370777130126953,26.780014038085938,28.66408633554152,26.148101415688856,24.24833106994629,27.034717512641762,26.62823020272328,12.36230754852295,26.967029307775718,26.71238389621074,27.096531536044548,25.434228897094727,1.3342610597610474,28.187151206161293,28.72886848449707,27.950949768504252,-1.1961737871170044
2027-08-16 12:00:00,21.184795379638672,24.881948471069336,26.458459854125977,28.709622866782205,27.236781316991724,25.241985321044922,28.06369005301484,27.440851779467003,11.698017120361328,27.933309793340015,26.369890704871995,28.008756132260498,25.208999633789062,2.2935256958007812,27.860985301218303,28.382097244262695,27.773818311173674,-1.220484972000122
2027-09-16 00:00:00,20.14334487915039,26.264163970947266,26.323585510253906,28.77770304812958,27.548277198702834,25.604618072509766,28.936101506784397,28.022135033864025,12.197715759277344,28.664786388359637,26.398358954496924,28.855385046458643,25.14637565612793,2.792356491088867,28.209162222094594,28.0391902923584,27.94312575748843,-0.08559141308069229
2027-10-16 12:00:00,21.152507781982422,24.338727951049805,26.2529354095459,28.812749697227495,26.4863813840155,25.459630966186523,28.37482793356808,27.580848733649415,13.233144760131836,28.194867634996537,26.761039964963835,28.52969956879078,25.272571563720703,2.274280071258545,29.010727855941074,28.242496490478516,28.472057710607398,0.6149129271507263
2027-11-16 00:00:00,23.194976806640625,24.66229248046875,26.28146743774414,28.837990942436278,25.387139500189726,24.410049438476562,27.205914518579775,26.709821047873227,15.738142967224121,27.23300533542872,27.388835634347203,27.364584504282167,25.917198181152344,1.2655636072158813,29.204562508559935,28.40644073486328,28.86897484625557,0.07239135354757309
2027-12-16 12:00:00,23.44258689880371,24.82745933532715,25.925329208374023,28.761762288290463,24.254127192997565,23.211463928222656,26.27773018703554,25.539520368747745,18.086872100830078,26.321750777649335,27.939496066974527,26.4017077518167,26.406770706176758,-0.31580790877342224,28.83789068975071,28.488683700561523,28.958169459466017,-0.3376733958721161
2028-01-16 12:00:00,24.627605438232422,25.27486801147461,25.930940628051758,28.636907955194694,23.14521049725301,22.038454055786133,25.387593133233384,24.334504615913218,19.313133239746094,25.30702827770836,28.413106121437966,25.430681382549388,26.574363708496094,-1.9773802757263184,28.81538369658742,28.989534378051758,29.164213905481475,-0.6480873823165894
2028-02-15 00:00:00,25.366455078125,25.740140914916992,25.94687843322754,28.58340590433074,22.49074906188495,21.32528305053711,24.876066737228054,23.91336982887894,20.194982528686523,24.83847989809593,28.691762429582006,24.934551529300656,27.29218292236328,-2.974541425704956,28.83031858803771,29.157190322875977,29.10773059065064,-0.3852331340312958
2028-03-16 12:00:00,25.722936630249023,26.57237434387207,26.39015769958496,28.55530464175746,22.33833328628542,21.1373348236084,24.870719744707447,23.93619999485068,19.908586502075195,24.763728452952037,28.755751907219324,24.91618946931247,27.694326400756836,-3.3801286220550537,29.298120859057885,29.219655990600586,29.63923243017325,-0.023527387529611588
2028-04-16 00:00:00,24.77352523803711,26.923744201660156,26.938074111938477,28.54225311719629,22.583446279699032,21.373497009277344,25.171538531131876,24.196678513101855,17.5223445892334,24.932439123648535,28.600714256648878,25.086483239932253,27.745380401611328,-2.862804651260376,29.798745169408914,29.542421340942383,29.842170857337642,0.13182318210601807
2028-05-16 12:00:00,24.631317138671875,26.72235679626465,27.241043090820312,28.61684280526245,23.05152499545539,21.523666381835938,25.373086086932325,24.360707913504452,15.66403579711914,25.191907850510685,28.02703993387511,25.331676018842675,27.40155029296875,-2.30005145072937,29.866691756358644,29.507795333862305,29.52418946875452,0.06964951753616333
2028-06-16 00:00:00,23.01303482055664,26.13194465637207,27.25800323486328,28.741032939117325,24.0821578265682,22.829315185546875,25.977973400154983,24.9568138052264,14.11209487915039,25.781908735920258,27.370020750289978,25.809112911598252,26.4963436126709,-0.7406473159790039,28.984092457208032,29.186695098876953,28.561336992291462,-0.9115909337997437
2028-07-16 12:00:00,21.687549591064453,25.867313385009766,26.780014038085938,28.709398523973746,25.25625695042687,23.874664306640625,26.44839026646974,25.755470318972378,12.824292182922363,26.414814445275592,26.66624206835951,26.48248813221204,25.434228897094727,0.7621228694915771,28.17635150886623,28.617626190185547,27.641153554637157,-1.1608952283859253
2028-08-16 12:00:00,20.825788497924805,25.5130672454834,26.750221252441406,28.671792396369415,26.219375332918002,24.800405502319336,27.208484530013443,26.691954363373906,11.880046844482422,27.159868424253894,26.21253200732952,27.162556519490398,25.161453247070312,1.9347879886627197,27.983543083567344,27.902524948120117,27.41232940779185,-0.2956227958202362
2028-09-16 00:00:00,20.39236831665039,24.960765838623047,26.71042251586914,28.605034018103435,26.889915288046904,25.39809799194336,28.11868593667099,27.39298015903565,12.886300086975098,27.898426067931382,26.103881812388387,27.99895792317519,25.02089500427246,2.436145305633545,28.094785669394664,27.97019386291504,27.488989053037308,-0.13798946142196655
2028-10-16 12:00:00,21.02436065673828,24.984111785888672,26.718534469604492,28.49707775622163,26.263996117680357,25.056739807128906,27.83349946620749,27.150903445356466,14.480713844299316,27.779856034240314,26.39544295605962,27.915464553596696,25.46940803527832,2.2316081523895264,28.683332525816308,27.939983367919922,27.955387652943507,0.6149129271507263
2028-11-16 00:00:00,21.7873592376709,24.90199851989746,26.79863166809082,28.437521012565487,24.89557625303595,24.189186096191406,26.860401830763042,26.219016473207322,16.042490005493164,26.81734815602651,26.898588066561533,26.963891830954893,25.901443481445312,1.1414453983306885,28.975246262411783,28.39115333557129,28.481065418670198,0.07239135354757309
2028-12-16 12:00:00,24.212020874023438,25.373992919921875,26.635141372680664,28.406305955845067,23.680568783871728,22.846952438354492,26.224655941844468,25.39754693807299,18.808950424194336,26.142662152058833,27.580540565532868,26.360848849495785,26.441967010498047,-0.24721188843250275,28.897922634133646,28.40406608581543,28.99914328543032,-0.2394854575395584
2029-01-16 12:00:00,24.365886688232422,25.978729248046875,26.597362518310547,28.288326181549767,22.896901690403848,22.0141658782959,25.41271505435207,24.580125529845834,19.15345573425293,25.44415722249247,28.017427942922623,25.51164683568821,26.771007537841797,-1.8921416997909546,28.619273634424726,28.54365348815918,28.97150532968125,-0.36601293087005615
2029-02-15 00:00:00,25.64093780517578,26.19295310974121,26.505775451660156,28.28737821646247,22.395946573496452,21.115394592285156,24.823489148208736,23.829601681296918,19.84909439086914,24.771071429529485,28.150842878764625,24.856875646847257,27.29218292236328,-2.974541425704956,28.577942496290486,28.686368942260742,28.87294254327266,-0.47232434153556824
2029-03-16 12:00:00,25.722936630249023,26.93386459350586,27.46257972717285,28.361605382907598,22.45213211742775,21.27400016784668,24.823090214121763,24.022137526209754,19.219812393188477,24.814427259384892,28.32286679305296,24.953261353667866,27.694326400756836,-3.689258575439453,29.002290192623388,29.152685165405273,29.160979054388378,-0.1947503536939621
2029-04-16 00:00:00,25.624589920043945,27.439350128173828,27.429899215698242,28.40893235930855,22.652433407216396,21.369239807128906,24.966588239007923,24.16504333881194,18.071819305419922,24.843178115328485,28.29171768148127,25.039382020343336,27.793989181518555,-3.110276460647583,29.544684404713554,29.42005729675293,29.542564812876314,0.36827558279037476
2029-05-16 12:00:00,23.809322357177734,26.72235679626465,27.22214126586914,28.493673321228147,23.4975108136949,22.335947036743164,25.41275533476814,24.622812245917807,16.334423065185547,25.27489762125182,27.94469647092948,25.43273831388771,27.081539154052734,-1.817777156829834,29.995164780049752,29.562776565551758,29.630910639643908,-0.056773487478494644
2029-06-16 00:00:00,23.583538055419922,26.193998336791992,27.25800323486328,28.617985367227497,24.71701830735409,23.181367874145508,26.12404970372143,25.33129212589893,14.481093406677246,26.08020925183108,27.272976121561623,26.170455263318647,26.37232208251953,-0.2716798186302185,28.69309560455255,29.50264549255371,28.1506251864389,-0.6358425617218018
2029-07-16 12:00:00,21.650341033935547,25.64945411682129,26.809791564941406,28.667678533687123,26.002307571581436,23.99233055114746,26.760186183775602,26.322785527937423,13.351462364196777,26.79076402990053,26.682895621657117,26.77011802250618,25.631065368652344,1.3342610597610474,27.703998250066004,28.87417984008789,27.508208613127994,-0.985522985458374
2029-08-16 12:00:00,20.460391998291016,25.372591018676758,26.458459854125977,28.656059464473955,26.824442356953526,25.043468475341797,27.937715759809997,27.399493342649997,12.718693733215332,27.804826522627625,26.349941619687126,27.945494002227136,24.998868942260742,2.294833183288574,27.661356898605742,27.972414016723633,27.543170141243195,-1.021147608757019
2029-09-16 00:00:00,20.88367462158203,25.067472457885742,26.293807983398438,28.643394341923468,27.16629708316386,25.604618072509766,28.2995525845521,27.57110200005864,13.098590850830078,28.18502061586385,26.41939819589988,28.417556220900646,25.213336944580078,2.6279568672180176,28.073246422131238,28.017818450927734,27.806826646454027,-0.33427995443344116
2029-10-16 12:00:00,20.666292190551758,24.43129539489746,26.202425003051758,28.682345110636767,26.44477909461346,25.36559295654297,27.828644216386603,27.111332567336873,14.493510246276855,27.8136610749175,26.77444987204981,27.89829054454723,25.46172523498535,2.209120988845825,28.582153493519467,28.274442672729492,28.20101341490945,-0.3868200182914734
2029-11-16 00:00:00,21.452796936035156,24.630067825317383,26.23095703125,28.681715689101345,25.50676349239484,24.410049438476562,27.078788113309667,26.664652393887756,15.790112495422363,27.089416001841034,27.25488770203739,27.266419815882703,25.8987979888916,1.3265923261642456,28.831574009094556,28.50710105895996,28.575483381038794,-0.37302273511886597
2029-12-16 12:00:00,22.669902801513672,24.732446670532227,25.865392684936523,28.61615333787671,24.33528642959283,23.211463928222656,26.22900799755528,25.509357471311343,18.10049057006836,26.23182435363232,27.660751781774053,26.3796763508833,26.24350929260254,0.22429971396923065,28.631694838884922,28.634925842285156,28.827887765187253,-0.48117512464523315
2030-01-16 12:00:00,24.365886688232422,25.30707550048828,25.891307830810547,28.499946266207797,23.14122562507389,22.038454055786133,25.372287631859948,24.38707630577675,19.284883499145508,25.275161072137976,28.17305054535738,25.37207868693629,26.810598373413086,-1.7466877698898315,28.602457388506092,29.00975227355957,29.138834998302087,-0.46576714515686035
2030-02-15 00:00:00,25.849885940551758,27.354297637939453,26.116092681884766,28.431525270675174,22.53349248445366,21.399362564086914,24.775944342064147,23.75200781374039,20.339462280273438,24.719822536983443,28.361162019106132,24.680229432966314,27.357318878173828,-3.227524995803833,28.496720210015948,28.796579360961914,28.838782633220752,-0.5535186529159546
2030-03-16 12:00:00,26.371885299682617,26.856645584106445,27.131296157836914,28.459540648292275,22.427502181609864,21.122068405151367,24.728377517376884,23.60166610988897,20.30284309387207,24.457374834280547,28.451074363239844,24.36002499368511,27.694326400756836,-3.3801286220550537,29.56427926926899,29.219655990600586,29.848730675795537,0.029369978234171867
2030-04-16 00:00:00,25.27391815185547,27.135976791381836,28.255220413208008,28.531461398493445,22.782228892234826,21.25471305847168,25.267774554450163,24.26616250890839,18.123310089111328,25.071518201019586,28.398052722614892,25.102067407397065,27.69896697998047,-3.4765307903289795,30.022682786398786,29.542421340942383,29.823259561744877,0.21967007219791412
2030-05-16 12:00:00,24.44831085205078,26.72235679626465,27.241043090820312,28.639082248425193,23.59172577741537,22.336977005004883,25.62372156092064,24.733227813454516,16.288564682006836,25.44998929926549,27.999053608681457,25.518129245716477,27.40155029296875,-2.0238382816314697,29.998488642127175,29.562776565551758,29.553960079583717,0.014287223108112812
2030-06-16 00:00:00,24.237632751464844,26.193998336791992,27.25800323486328,28.743357705224817,24.56783455296863,23.022127151489258,26.141086692574913,25.29749100641901,14.109037399291992,26.078243859779054,27.36114467992571,26.140531158936028,26.49121856689453,-0.8719429969787598,29.23701852654492,29.318649291992188,28.85174714686266,-0.903165340423584
2030-07-16 12:00:00,22.360506057739258,25.67888832092285,26.809791564941406,28.843777334053627,25.55799757545756,23.986360549926758,26.58073943915817,25.99363413146983,12.722099304199219,26.467505886377495,26.756508292558514,26.585444302854118,25.902416229248047,0.7177745699882507,28.195584758756322,28.6923885345459,28.00629271966897,-1.0153603553771973
2030-08-16 12:00:00,20.460391998291016,26.41027069091797,26.488237380981445,28.843980884702344,26.527002384009393,24.889232635498047,27.45558066519449,27.02563364127212,12.097488403320312,27.42465867873309,26.362763652103844,27.468225393213523,25.515573501586914,1.9347879886627197,27.951122104638788,28.224472045898438,27.77414740562635,-0.929455041885376
2030-09-16 00:00:00,20.284893035888672,24.7872371673584,26.323585510253906,28.821657724669848,27.054703107064256,25.39809799194336,28.284449387192705,27.57073420835171,12.597857475280762,28.02720512947005,26.3641675046388,28.22482605527954,25.14637565612793,2.4114794731140137,28.30216399712057,28.104211807250977,27.866433523985613,-0.1885192096233368
2030-10-16 12:00:00,20.697980880737305,24.548856735229492,26.2529354095459,28.911958397482486,26.391677284438405,25.224443435668945,28.026440841544556,27.351284170074873,13.805224418640137,27.89004789893483,26.759264185086618,28.16859022050255,25.46172523498535,2.1982624530792236,28.908098087419877,28.231801986694336,28.38057780992981,0.03128112852573395
2030-11-16 00:00:00,22.250822067260742,24.66229248046875,26.28146743774414,28.934764926550393,25.325186231145395,24.09688949584961,27.02979370731743,26.384403943845317,15.470907211303711,26.948956677063304,27.427460673392456,27.057029480643152,25.833955764770508,1.2655636072158813,29.188214062217934,28.479372024536133,28.78786097419518,-0.14922566711902618
2030-12-16 12:00:00,23.672985076904297,24.82745933532715,25.925329208374023,28.905467950995643,24.08969671729261,23.08724021911621,26.22190615537017,25.403340803656793,18.086872100830078,26.157014976991164,28.093926238942803,26.33195207269097,26.376314163208008,-0.39567968249320984,29.228074026399195,28.7030086517334,29.318472286201892,-0.33004525303840637
2031-01-16 12:00:00,24.216093063354492,25.27486801147461,25.930940628051758,28.77101734879154,23.276497779941632,22.088871002197266,25.442853110487544,24.554624051215146,19.765974044799805,25.4527649485163,28.49375171359931,25.530002460012103,27.011289596557617,-1.7466877698898315,29.06852500353185,29.076793670654297,29.333839694961895,-0.40060147643089294
2031-02-15 00:00:00,25.366455078125,25.740140914916992,25.88862419128418,28.537200519399416,22.787056059777058,21.230043411254883,25.18284422393122,24.243829684687004,19.84909439086914,25.2185226724908,28.659155560623574,25.320405292453486,27.318553924560547,-2.843874931335449,29.226122413953295,29.037683486938477,29.561210648700335,-0.2928774058818817
2031-03-16 12:00:00,25.722936630249023,27.031021118164062,26.934419631958008,28.389606107041303,22.714204636866317,21.190567016601562,25.37881177230695,24.633094670192172,19.219812393188477,25.277144976399015,28.635630592245526,25.526934189202453,27.694326400756836,-3.488460063934326,29.342983936316738,29.219655990600586,29.569521636012766,-0.2215181142091751
2031-04-16 00:00:00,24.77352523803711,27.359304428100586,27.867963790893555,28.337481566214404,22.8891514298794,21.518510818481445,25.46262753092729,24.75595369901889,17.971609115600586,25.445932952582158,28.463820384122133,25.619486793054588,27.685096740722656,-2.915210008621216,29.945457929887976,29.542421340942383,29.908692497855675,0.2612875699996948
2031-05-16 12:00:00,24.495040893554688,26.95393180847168,27.949596405029297,28.434102051598636,23.623673155586168,22.336977005004883,26.03734540992894,25.18650733270568,15.839643478393555,25.833286869875863,27.956265019949686,26.090914831787572,27.343914031982422,-1.744286060333252,30.034976515534456,29.562776565551758,29.5718606955527,-0.016360407695174217
2031-06-16 00:00:00,24.914936065673828,26.506288528442383,27.324003219604492,28.439807852365696,24.811324254676453,23.181367874145508,26.57670872463361,25.988554398992317,14.109037399291992,26.412073163243576,27.191430371922642,26.546494497573207,26.4963436126709,-0.2716798186302185,28.987881346527967,29.392709732055664,28.318534016165042,-0.874191403388977
2031-07-16 12:00:00,22.069509506225586,25.481998443603516,27.06201934814453,28.42989659459814,25.962907741886116,23.916858673095703,27.133430898734296,26.700370049085585,13.460654258728027,27.05421914940958,26.49510619558447,27.12695634048404,25.59402084350586,1.3342610597610474,28.160958998536703,28.90227699279785,27.721806015410245,-1.3067920207977295
2031-08-16 12:00:00,20.773231506347656,25.261821746826172,26.35589599609375,28.393705261452457,27.09935522636239,25.241985321044922,28.183814306239483,27.36834043238962,12.097488403320312,27.96528742535113,26.06401616036352,27.946399552183124,25.01043701171875,2.273174285888672,28.04143950029405,28.176280975341797,27.66806787304952,-0.8622922301292419
2031-09-16 00:00:00,20.387514114379883,25.42186737060547,25.850914001464844,28.337188908587628,27.60383981899209,25.604618072509766,29.091766787922804,27.978687100261098,12.306463241577148,28.765937084829215,25.974490483510458,28.933154170462583,24.97917938232422,2.792356491088867,28.090180484378283,27.99213981628418,27.74217926347307,-0.6004694104194641
2031-10-16 12:00:00,20.507301330566406,24.85393524169922,26.284791946411133,28.288700307821543,27.040989739308603,25.738941192626953,29.01473809080584,27.867881169305686,13.207542419433594,28.70492327903441,26.3996877673205,28.82803385849871,25.193557739257812,2.9935719966888428,28.507891326343877,28.231801986694336,28.174183871916817,0.4248058795928955
2031-11-16 00:00:00,21.653093338012695,24.78272247314453,26.46218490600586,28.260844405930307,25.411662156718055,24.364242553710938,27.590666623888836,26.894919074077315,15.038130760192871,27.353802864368248,26.992876542445664,27.514861165262445,25.726730346679688,1.7880748510360718,28.936744731787915,28.41590118408203,28.676240540709813,-0.11468619108200073
2031-12-16 12:00:00,22.528087615966797,25.43429946899414,26.10999298095703,28.24591845930734,24.055682413641502,23.08724021911621,26.44854513559295,25.73801739233597,17.183990478515625,26.3249129444544,27.448976187917207,26.476220392860817,26.11297035217285,0.4715293049812317,28.529129001805185,28.53835105895996,28.606795400634624,-0.44499388337135315
2032-01-16 12:00:00,24.243846893310547,25.466697692871094,26.102596282958984,28.14812346819041,22.86209378754736,21.632293701171875,25.243263706516164,23.93656745089599,19.890716552734375,25.110994820871387,27.88736987175436,25.040074288212708,26.852108001708984,-1.6024155616760254,28.5844049046044,28.837852478027344,28.84395641408329,-0.599011242389679
2032-02-15 00:00:00,25.887086868286133,26.20732879638672,26.3885440826416,28.13654263875103,22.46395185868062,21.060230255126953,24.818892639586075,23.57674730383667,19.90867805480957,24.66961273599129,28.01481612008031,24.453583325153968,27.318553924560547,-3.227524995803833,28.79303414973263,28.60478401184082,29.105045105975172,-0.1838100701570511
2032-03-16 12:00:00,25.722936630249023,27.264034271240234,27.806718826293945,28.225779436346212,22.436577705239188,20.94138526916504,24.82091074952212,23.68094469591806,19.7518367767334,24.667605043132838,28.202267708729536,24.461179019725133,27.694326400756836,-3.466501474380493,28.85306176898734,29.152685165405273,29.010684382046882,-0.2215181142091751
2032-04-16 00:00:00,25.737361907958984,27.633760452270508,27.53565216064453,28.30107356414881,22.636802547300817,21.387435913085938,25.195589586819455,24.128959129870886,17.658647537231445,24.9341502590091,28.177961334330416,25.013047644999826,27.78728485107422,-3.4765307903289795,29.684150875235492,29.542421340942383,29.572639610451247,0.13182318210601807
2032-05-16 12:00:00,24.607666015625,27.10417366027832,28.32878303527832,28.399794840374863,23.536586917447853,22.35947608947754,25.767702988926636,24.91371786707049,15.934615135192871,25.64595566439188,27.739196721619006,25.62087201497125,27.097810745239258,-1.5717352628707886,29.743437323874,29.562776565551758,29.38604838531153,-0.016360407695174217
2032-06-16 00:00:00,23.088619232177734,26.621614456176758,27.214265823364258,28.502906306915925,24.72515359468411,23.412302017211914,26.242964448987184,25.499000954940843,14.152185440063477,26.189155192982145,27.050878824255438,26.274324449861137,26.317298889160156,-0.2716798186302185,28.912037091155522,29.318649291992188,28.441456817965687,-0.9352316856384277
2032-07-16 12:00:00,22.003475189208984,25.823688507080078,27.449064254760742,28.475408882075815,25.7163815422751,23.83289337158203,26.809901565775238,26.149948581934485,12.722099304199219,26.767998626371533,26.435969319683963,26.65215823579232,25.72247314453125,1.3342610597610474,27.707419818133115,28.869388580322266,27.50054217546862,-0.985522985458374
2032-08-16 12:00:00,20.912212371826172,25.931640625,27.095298767089844,28.41782025310789,26.60243921471637,24.930709838867188,27.814545751125735,27.098622233841866,12.466377258300781,27.56122500929187,26.053129921439076,27.487208049987988,25.049692153930664,1.991989254951477,27.512362419914115,28.339672088623047,27.398241668099498,-1.159867763519287
2032-09-16 00:00:00,20.29499053955078,24.756383895874023,26.118215560913086,28.387661146688174,27.009346326670492,25.604618072509766,28.5812338699724,27.788711713491452,12.425559997558594,28.264744916926585,26.02569665147914,28.612730504180462,25.189481735229492,2.792356491088867,27.898592285538026,28.107160568237305,27.678404090110476,-0.7221031188964844
2032-10-16 12:00:00,20.769563674926758,24.986299514770508,26.61477279663086,28.41141415929006,26.782802772997773,25.738941192626953,28.662747370739936,27.913840035193108,13.805224418640137,28.45559942036003,26.408431822961,28.914627390245712,25.440820693969727,2.6777749061584473,28.5882887897254,28.136089324951172,28.210116514370046,-0.35375165939331055
2032-11-16 00:00:00,21.19727325439453,24.94482421875,26.847564697265625,28.420237889634695,25.788081572212146,24.822111129760742,27.51969942659945,27.08677998630167,15.50652027130127,27.605466797559767,26.950029214631293,27.85034460530441,25.94232940673828,1.7579656839370728,28.681561182384254,28.587825775146484,28.492847623139298,-0.28735968470573425
2032-12-16 12:00:00,22.85019302368164,25.232261657714844,26.61779022216797,28.36328840507494,24.365033296733827,23.15163803100586,26.45020338863757,25.98445417558121,18.086872100830078,26.463064422484802,27.462019027574584,26.69878974856907,26.441967010498047,0.19559185206890106,28.517382556506004,28.728900909423828,28.8146716991384,-0.44819942116737366
2033-01-16 12:00:00,24.435287475585938,25.962459564208984,26.565303802490234,28.268653591652733,23.009193499051094,22.088871002197266,25.269842780388057,24.162988844894425,19.52155303955078,25.272493895733117,27.825968792600037,25.390386535091356,26.780014038085938,-1.9773802757263184,28.17527277119525,28.956218719482422,28.648506333238576,-0.33959347009658813
2033-02-15 00:00:00,25.849885940551758,26.408246994018555,26.657712936401367,28.236708427867462,22.41253895855688,21.369672775268555,24.580895866825472,23.578499828815893,20.194982528686523,24.71015838416709,28.16977496335678,24.811381328911168,27.245771408081055,-2.740579605102539,28.50535887886006,29.063810348510742,28.934205030145588,-0.35813814401626587
2033-03-16 12:00:00,25.722936630249023,27.109228134155273,26.95018768310547,28.28563625336374,22.305717420305534,21.348081588745117,24.275486514372492,23.532492883442632,19.698820114135742,24.384274945088276,28.445792604073613,24.56752216168484,27.694326400756836,-3.3801286220550537,29.016708595779857,29.219655990600586,29.359576403345685,-0.16140666604042053
2033-04-16 00:00:00,25.362573623657227,28.329893112182617,27.426088333129883,28.406176519322955,22.8101238355179,21.687795639038086,24.859321883344865,23.991677942514517,17.966373443603516,24.83681360257575,28.313155215766393,24.998955903403758,27.745380401611328,-2.8527185916900635,29.50297387529677,29.542421340942383,29.491441754583594,-0.1675407439470291
2033-05-16 12:00:00,24.679821014404297,26.95393180847168,27.182018280029297,28.515603508776337,23.716996969108116,22.766033172607422,25.392110834261867,24.582760814511392,16.288564682006836,25.415769361676055,27.85741392336107,25.46683190258086,27.547006607055664,-2.30005145072937,29.645040807914025,29.562776565551758,29.398167537535738,-0.055087413638830185
2033-06-16 00:00:00,24.914936065673828,26.893613815307617,27.18810272216797,28.563046875334667,24.99054759533572,23.45094871520996,26.173918481108863,25.445150547315116,14.899068832397461,26.19014129619872,27.1214513451867,26.276396135784914,26.502849578857422,-0.42769014835357666,28.896984118580317,29.2454891204834,28.454990432024754,-0.8863059282302856
2033-07-16 12:00:00,21.56783103942871,25.53588104248047,27.61531639099121,28.583307241122856,26.044219672806893,24.075302124023438,26.858050392633373,26.420509920363013,13.499985694885254,26.91090562026322,26.40793357312362,26.93261582409264,25.660478591918945,0.8700542449951172,28.168957971382124,28.462068557739258,27.819240174034977,-1.0370309352874756
2033-08-16 12:00:00,20.727771759033203,25.347585678100586,26.830928802490234,28.50268917565405,26.84108430874211,25.241985321044922,28.117607902729603,27.518678834637534,12.807534217834473,27.87630572029072,25.894072827615144,28.024822368884582,25.411840438842773,1.9159722328186035,27.99609677683392,27.49772834777832,27.532904308810938,-0.16003328561782837
2033-09-16 00:00:00,20.37986183166504,25.024700164794922,26.210166931152344,28.436930510137778,27.198511776532737,25.604618072509766,28.852938732599416,27.95297201296978,13.098590850830078,28.507913411351677,25.93892655986822,28.841499504863094,25.42222785949707,2.436145305633545,28.110634368695134,27.627872467041016,27.668843277636228,0.19716985523700714
2033-10-16 12:00:00,20.52407455444336,24.872995376586914,26.403709411621094,28.394604489799036,26.61882149240471,25.738941192626953,28.42089170130861,27.65706025018377,14.35532283782959,28.219043949399165,26.190994157839132,28.555908209602237,25.467348098754883,2.274280071258545,28.592441469990394,28.104251861572266,28.00742633154464,0.6149129271507263
2033-11-16 00:00:00,22.010154724121094,24.820213317871094,27.047048568725586,28.382876993654982,25.60859684784801,24.746585845947266,27.347663322436084,26.70891332795395,15.83435344696045,27.38982542693196,26.858243400426083,27.320550143740398,25.917198181152344,1.2655636072158813,28.959572310184857,28.40644073486328,28.491395063884713,-0.24149735271930695
2033-12-16 12:00:00,24.314212799072266,25.267536163330078,25.9468994140625,28.296475886253866,24.272076837601254,23.247339248657227,26.51683483582193,25.76149369612867,17.674964904785156,26.451739283562574,27.426001279188757,26.578510576284593,26.479045867919922,-0.39567968249320984,28.885802057647982,28.813339233398438,28.924386398341134,-0.2835032641887665
2034-01-16 12:00:00,24.42830467224121,25.369943618774414,26.776987075805664,28.17104467800343,23.023630034581256,22.038454055786133,25.476097958462372,24.362434086367234,19.126428604125977,25.45999304163639,27.7674931480961,25.510040419411894,26.95418357849121,-1.268853783607483,28.202863861197233,28.781373977661133,28.387984240779186,-0.7464333772659302
2034-02-15 00:00:00,25.898595809936523,26.421546936035156,26.765600204467773,28.138356996400283,22.51406611124602,21.32528305053711,25.213099250192446,24.055050644324254,19.84909439086914,25.1975778551797,27.99281253282386,25.19780346163097,27.29218292236328,-2.740579605102539,28.455828719239488,28.597097396850586,28.74334926576514,-0.5535186529159546
2034-03-16 12:00:00,25.722936630249023,26.88235855102539,27.15282440185547,28.170532177197956,22.39587671413372,21.348329544067383,25.1562159820225,24.139746532519204,19.219812393188477,25.067007517759524,28.15191448156231,25.161624000333475,27.694326400756836,-2.909487724304199,29.12968163309547,28.990636825561523,29.354196465895452,0.022389819845557213
2034-04-16 00:00:00,25.27391815185547,27.659557342529297,27.414623260498047,28.24012621723465,22.76499811504492,21.727651596069336,25.37846395851195,24.630409362982697,18.072778701782227,25.263147519611316,28.170771643275156,25.489331074953395,27.745380401611328,-3.110276460647583,29.88494872931729,29.435232162475586,29.852617177995658,0.2217227667570114
2034-05-16 12:00:00,24.44831085205078,27.1877498626709,27.769145965576172,28.31052627178624,23.62225155505185,22.314952850341797,25.914160022184955,25.230025699688454,16.748003005981445,25.7703482160498,27.784544478160264,25.991589391868303,27.28168296813965,-1.744286060333252,29.966115320251948,29.562776565551758,29.682235108202487,0.07606290280818939
2034-06-16 00:00:00,23.393726348876953,26.436079025268555,27.624427795410156,28.37447256732363,24.919921699155537,23.605575561523438,26.345172786948773,25.701511751316357,14.890288352966309,26.258977588280487,27.128225275499716,26.397459904532717,26.502849578857422,-0.6122916340827942,29.058802104641476,29.447664260864258,28.719292972789514,-0.874191403388977
2034-07-16 12:00:00,21.63764762878418,25.904237747192383,26.739891052246094,28.467349910290018,26.11360933409672,24.235353469848633,27.05742170237337,26.57984994001149,13.851916313171387,26.959794027574464,26.514660376352374,27.055037955442415,25.59402084350586,1.3342610597610474,28.013726205421417,28.78479766845703,27.749482149435835,-1.2757890224456787
2034-08-16 12:00:00,21.08108901977539,25.255006790161133,26.52318572998047,28.535690328048393,27.380309450863763,25.241985321044922,28.118925493650174,27.455312310781068,12.77637767791748,27.991488583672957,26.132332480712506,27.99460979729369,25.273672103881836,2.011890411376953,27.75555159138803,28.26862907409668,27.537881265170583,-1.0655570030212402
2034-09-16 00:00:00,21.68356704711914,25.104541778564453,26.821840286254883,28.5247869713966,27.73106449653827,25.604618072509766,28.9766663627474,28.019458328593473,12.542160034179688,28.695378535885684,26.140981156931357,28.80184127680792,25.189481735229492,2.792356491088867,28.08419701215153,28.073331832885742,27.71838754111028,-0.6560654640197754
2034-10-16 12:00:00,21.215850830078125,24.938358306884766,26.25039291381836,28.5860859105519,26.645884110307318,25.738941192626953,28.863112837929233,28.010061807009638,14.0243558883667,28.539739675351345,26.542285117096426,29.07556140959268,25.46172523498535,2.9421560764312744,28.69059689009786,28.237516403198242,28.179216185612752,-0.30585774779319763
2034-11-16 00:00:00,21.228160858154297,25.04014015197754,26.71791648864746,28.55821929447196,25.25332538931438,24.36278533935547,27.38140976233956,26.836207942386906,15.677107810974121,27.265985169177466,26.981267201023034,27.605123508201366,25.8987979888916,1.7579656839370728,28.753658926147498,28.446863174438477,28.4779646808334,-0.29674988985061646
2034-12-16 12:00:00,22.7431640625,25.188650131225586,26.625865936279297,28.53302471288225,23.879603184958476,22.771465301513672,26.202034506616364,25.296321160924062,18.05503273010254,26.14183758800574,27.539273079782237,26.31442504313212,26.382043838500977,-0.3746131360530853,28.608595983262145,28.759536743164062,28.740815824186754,-0.48606234788894653
2035-01-16 12:00:00,24.49974250793457,25.746110916137695,26.800716400146484,28.399392050886732,23.05729634733138,21.80948829650879,25.226601595995078,24.189359375758187,19.50018310546875,25.25524241104719,28.04358124617994,25.35531030482217,27.011289596557617,-1.6024155616760254,28.415178360465216,28.660757064819336,28.827818273411207,-0.6488009691238403
2035-02-15 00:00:00,25.681434631347656,26.3538818359375,26.24061393737793,28.355634309510467,22.441243770103505,21.37382698059082,24.86462286283054,24.04134400800191,19.84909439086914,24.84563959760653,28.187483255337334,25.09808375819054,27.318553924560547,-2.9450063705444336,28.41777935224904,28.849018096923828,28.73649029791493,-0.5883427858352661
2035-03-16 12:00:00,25.99742317199707,26.51239585876465,26.50989532470703,28.460105518450973,22.433334960667583,21.348329544067383,24.993943935614073,24.142819505508,19.219812393188477,24.928308891942315,28.496348434156072,25.14387523170853,27.694326400756836,-3.117269515991211,29.466107619113625,29.175203323364258,29.7128654474031,-0.0008244817145168781
2035-04-16 00:00:00,25.27391815185547,26.923744201660156,26.938074111938477,28.557614236005122,22.882323972601654,21.727651596069336,25.2310399283052,24.403565675756735,18.004438400268555,25.21776525801749,28.46925259833631,25.364966754687654,27.78728485107422,-3.110276460647583,30.24055554133837,29.542421340942383,30.012646854388585,0.21585698425769806
2035-05-16 12:00:00,24.91933822631836,26.72235679626465,27.241043090820312,28.68719440394284,23.858587236548132,22.69856071472168,25.91359305317501,25.177151487632738,16.668336868286133,25.836230566417477,28.09186350622314,25.967406213329756,27.340272903442383,-1.5717352628707886,29.857413077469506,29.562776565551758,29.32475062019634,-0.055087413638830185
2035-06-16 00:00:00,23.524173736572266,26.193998336791992,27.25800323486328,28.763647299155394,25.01530196403163,23.440420150756836,26.449905125984312,25.974277961416494,14.481093406677246,26.43083580281618,27.46667302924976,26.546326576254955,26.39835548400879,-0.2716798186302185,28.587232073040926,29.392709732055664,28.107099820631,-1.0477505922317505
2035-07-16 12:00:00,21.650341033935547,25.529138565063477,26.809791564941406,28.791981772443688,26.08659325457972,24.516366958618164,27.09159928733436,26.67889962908907,13.499985694885254,27.06061044868094,26.82075884804746,27.100928125306154,25.625049591064453,1.3342610597610474,28.07372195091642,28.676454544067383,27.78558588598398,-1.0798665285110474
2035-08-16 12:00:00,20.806184768676758,25.107318878173828,26.488237380981445,28.83124954027855,26.910217025141687,25.241985321044922,28.16388202923976,27.39343139253975,12.77637767791748,27.913081101073097,26.518378547536045,27.91221667967365,25.204557418823242,2.294833183288574,27.8714666709777,28.176109313964844,27.652709114978038,-0.9343889951705933
2035-09-16 00:00:00,21.303674697875977,24.932899475097656,26.323585510253906,28.868889421834293,27.28736346522646,25.604618072509766,28.678563191008333,27.645465539243386,12.517411231994629,28.425615093879212,26.570169002098485,28.47101459701002,25.14637565612793,2.613271951675415,28.173056857681356,28.007841110229492,27.85401595339602,-0.40980079770088196
2035-10-16 12:00:00,20.689178466796875,24.609228134155273,26.2529354095459,28.879447030955394,27.028199980462425,25.738941192626953,28.47160446595963,27.492794839021315,13.849315643310547,28.41558582361188,26.88385870106333,28.499525200420518,25.522470474243164,2.2427005767822266,28.700477408964925,27.82159996032715,28.1610564660929,-0.39932721853256226
2035-11-16 00:00:00,21.47848129272461,24.66229248046875,26.28146743774414,28.938991209786952,25.700073852727797,24.542814254760742,27.20726333376158,26.514930041146066,15.677107810974121,27.204033187739977,27.38256817792748,27.146181669712984,25.90053367614746,1.1414453983306885,28.93615095462555,28.229469299316406,28.505561259160142,-0.3501647114753723
2035-12-16 12:00:00,23.80338478088379,24.82745933532715,25.925329208374023,28.88195359956116,24.36664963937876,23.247339248657227,26.24304635793209,25.326682570395004,18.250240325927734,26.199918252949374,27.985455613508176,26.277232462674785,26.406770706176758,-0.13843366503715515,29.034221542950153,28.7030086517334,29.060452773215857,-0.41552984714508057
2036-01-16 12:00:00,24.55136489868164,25.27486801147461,25.930940628051758,28.736469879042886,23.25854767539882,22.381383895874023,25.458409818331283,24.436163595258957,19.60944366455078,25.460144079394848,28.351483996630105,25.48691519163927,26.835187911987305,-1.939784049987793,28.947142169991086,28.646984100341797,29.297677998472786,-0.42027202248573303
2036-02-15 00:00:00,25.366455078125,26.00252914428711,26.66957664489746,28.53493752891223,22.703995944665206,21.629348754882812,25.17136522707548,24.1343914811822,19.84909439086914,25.195207933588936,28.44614425901614,25.157168876544834,27.29218292236328,-2.7805497646331787,29.0442250758481,28.9604549407959,29.396417389495596,-0.23093281686306
2036-03-16 12:00:00,25.722936630249023,26.925607681274414,26.9372501373291,28.37972640622713,22.560233517727177,21.652135848999023,25.062279480763568,24.058891273596167,19.219812393188477,24.96249952936902,28.53221963137808,25.038825475856743,27.694326400756836,-2.9559779167175293,29.48992175430133,29.219655990600586,29.76583832718257,-0.07135152816772461
2036-04-16 00:00:00,25.27391815185547,27.0838565826416,27.553577423095703,28.219542342142283,22.890469304203187,21.80267906188965,25.36747732380459,24.420608698627063,17.974136352539062,25.248258834863535,28.33588983268219,25.34993672710909,27.745380401611328,-2.9332845211029053,30.033290924611766,29.542421340942383,29.94674341720462,0.3330915868282318
2036-05-16 12:00:00,24.008155822753906,26.71949005126953,27.435138702392578,28.244359579529693,23.861409675532865,22.764413833618164,25.97774488297653,25.090661784661172,16.288564682006836,25.791569479059604,27.832642898797342,25.90913405888537,27.07203483581543,-2.0117554664611816,29.92673550454202,29.562776565551758,29.389089297686134,-0.056773487478494644
2036-06-16 00:00:00,22.32477569580078,26.285856246948242,27.235502243041992,28.377659383368872,25.1981402697776,23.496145248413086,26.448556764660985,25.774447394905447,14.109037399291992,26.4095469950019,27.07107706542262,26.401615884665294,26.511804580688477,-0.46452975273132324,29.151310287458205,29.50264549255371,28.72034548260407,-0.8917450904846191
2036-07-16 12:00:00,21.009437561035156,25.55695152282715,26.67226791381836,28.35577987328467,26.243556437904573,24.33753204345703,27.135965167761,26.66022218289804,13.499985694885254,27.107296160418116,26.464022267815803,27.06491601265089,25.61457061767578,1.3843692541122437,27.981338533503976,29.107507705688477,27.92252228493479,-0.985522985458374
2036-08-16 12:00:00,20.642549514770508,25.318334579467773,26.9205265045166,28.292996798375697,26.726489555075183,25.05270767211914,28.223589431331867,27.499514223787514,12.718693733215332,27.91024951491927,26.17240696506501,28.03716051164523,25.039377212524414,2.3084163665771484,27.675937754921446,28.253259658813477,27.70536435868291,-1.2544760704040527
2036-09-16 00:00:00,20.532304763793945,24.408620834350586,26.60129165649414,28.323615654604936,27.247326724389772,25.604618072509766,29.113437822346985,28.20011553258378,13.156274795532227,28.6008689801213,26.172211277635412,28.992055942771376,24.90361785888672,2.792356491088867,28.009473831593052,27.953060150146484,27.87919183187139,-0.5845853090286255
2036-10-16 12:00:00,20.670188903808594,24.983957290649414,26.33587646484375,28.340016601641576,26.851824050188903,25.738941192626953,28.7777055524904,27.878371652069287,14.480713844299316,28.40545137478301,26.521423311843556,28.765521495751408,25.193557739257812,2.9935719966888428,28.5910762974093,28.419219970703125,28.25851674190539,-0.2882987856864929
2036-11-16 00:00:00,21.89337921142578,25.10078239440918,27.013254165649414,28.355476206752574,25.808135770409198,24.746585845947266,27.81863226443882,27.040220110533017,15.790112495422363,27.62889203122968,27.148551752876475,27.740429368928087,25.932878494262695,1.7579656839370728,29.169788717056353,28.743192672729492,28.9794151314301,-0.3616071939468384
2036-12-16 12:00:00,23.267866134643555,25.259449005126953,26.05445671081543,28.334153675671736,24.181643004475895,23.139307022094727,26.508967597428555,25.881144440578286,18.086872100830078,26.410026705641307,27.7259517596806,26.506121152399658,26.239274978637695,0.23677046597003937,29.00891329190075,28.965103149414062,29.276198091996534,-0.48117512464523315
2037-01-16 12:00:00,24.912586212158203,25.30707550048828,26.628704071044922,28.336700008236093,23.188006272899713,22.329490661621094,25.655676853316077,24.876595837003002,19.51030158996582,25.675696313924323,28.11074814582937,25.771798550213575,27.109106063842773,-1.7466877698898315,28.27680033130763,28.81446647644043,28.65298490209878,-0.5282155871391296
2037-02-15 00:00:00,25.366455078125,25.740140914916992,25.907245635986328,28.372702374073903,22.666232420400686,21.399612426757812,25.042622284896648,24.067725352882523,19.84909439086914,24.956866579360568,28.355634394120102,25.03981123735512,27.29218292236328,-3.1686105728149414,28.632596903104588,28.796186447143555,29.101140244125638,-0.5883427858352661
2037-03-16 12:00:00,25.722936630249023,26.57237434387207,26.409059524536133,28.46860955387359,22.547890041326205,21.348329544067383,25.07840644077572,24.129775169339474,19.219812393188477,24.93888545011054,28.62655631306174,25.027419185646313,27.694326400756836,-3.466501474380493,29.23737195173746,29.219655990600586,29.53620542835474,-0.12603357434272766
2037-04-16 00:00:00,24.77352523803711,26.923744201660156,26.95697593688965,28.601626002528306,22.835117259891454,21.788137435913086,25.396108623271978,24.615089848755204,18.481014251708984,25.269725893083198,28.55039297628172,25.425835074311756,27.745380401611328,-2.927629232406616,29.85494917597671,29.542421340942383,29.785421107711553,0.24819326400756836
2037-05-16 12:00:00,24.44831085205078,26.72235679626465,27.241043090820312,28.727873400599726,23.491887037842286,22.336977005004883,25.89264474390993,24.90098643681673,16.668336868286133,25.63661074393344,28.108841959337912,25.620917975117663,27.32617950439453,-1.9553242921829224,29.997366233506785,29.562776565551758,29.528927958827172,-0.055087413638830185
2037-06-16 00:00:00,23.01303482055664,26.193998336791992,27.25800323486328,28.80948127945582,24.52851805049345,23.022127151489258,26.248902993586736,25.47646088119008,14.185821533203125,26.146636171156654,27.40362303275403,26.277641214212796,26.421566009521484,-0.4563981294631958,29.127410894411152,29.447664260864258,28.509702936991495,-0.796748161315918
2037-07-16 12:00:00,22.021854400634766,25.88242530822754,26.809791564941406,28.82517386984439,26.047925571474533,24.40126609802246,26.871954052293958,26.39361961923233,13.414870262145996,26.91546797065397,26.727909302059256,26.953196839510017,25.434228897094727,1.3342610597610474,28.281305565017828,28.852991104125977,27.781353202055744,-1.1608952283859253
2037-08-16 12:00:00,21.454750061035156,25.265459060668945,26.458459854125977,28.807522519247385,27.27010738473086,25.241985321044922,28.02086113552271,27.29315158636274,11.988804817199707,27.900673634772883,26.308209930120956,27.74458396396862,25.204557418823242,2.2935256958007812,27.938973001313496,28.15334701538086,27.52281039559896,-0.8805234432220459
2037-09-16 00:00:00,20.284893035888672,25.040245056152344,26.323585510253906,28.829068749036196,27.80299403005215,25.604618072509766,29.173519819896143,28.06744592165832,12.736668586730957,28.800247019203333,26.475726556614188,28.85640171497609,25.039731979370117,2.792356491088867,28.160166231206905,28.061941146850586,27.70141096264935,-0.5997021198272705
2037-10-16 12:00:00,20.689178466796875,24.73317527770996,26.2529354095459,28.836354486249302,27.085156641149315,25.738941192626953,28.927930402161074,27.928609497076803,13.47941780090332,28.649868092174238,26.79338421887586,28.97661812058177,25.455894470214844,2.8394112586975098,28.816143683184688,28.25636100769043,28.142291126557367,-0.027831759303808212
2037-11-16 00:00:00,22.250822067260742,24.66229248046875,26.28146743774414,28.859306782470505,25.84610153138715,24.92327308654785,27.619581518554682,26.97055792172432,15.171235084533691,27.619593765527778,27.351711969235676,27.742153368590216,25.901443481445312,1.7579656839370728,29.054744856224982,28.305988311767578,28.588907618414122,-0.3501647114753723
2037-12-16 12:00:00,23.55837631225586,24.82745933532715,25.925329208374023,28.89065321948479,24.59325674539209,23.221908569335938,26.43895500847935,25.65295036625037,17.2979679107666,26.41697006123809,27.922901459286376,26.481270595233827,26.38252830505371,0.04178084433078766,28.92916130755243,28.696521759033203,28.966856607644015,-0.43653836846351624
2038-01-16 12:00:00,24.619903564453125,25.27486801147461,25.930940628051758,28.781101015101115,23.67394288922356,22.40970802307129,25.459313379802865,24.513916419821953,19.349319458007812,25.648539116493115,28.388803634506882,25.532365756151904,26.91000747680664,-1.581886649131775,28.711598242705694,28.623777389526367,28.97629172298189,-0.41765281558036804
2038-02-15 00:00:00,25.366455078125,25.740140914916992,25.94687843322754,28.734547003625337,23.100542090395944,21.695289611816406,24.85845231017475,23.770959848340983,19.84909439086914,24.953971189821914,28.6252710440083,24.895985409760943,27.301677703857422,-2.740579605102539,28.970928016353657,28.986637115478516,29.35240649614768,-0.5606236457824707
2038-03-16 12:00:00,25.722936630249023,26.880672454833984,26.409059524536133,28.722224372041744,23.042062858199014,21.642587661743164,25.07714266855101,24.242970717576103,19.718793869018555,25.235955455044316,28.759246733454997,25.2772167017579,27.694326400756836,-3.3765828609466553,29.27475734916378,29.219655990600586,29.660999654771242,-0.2521648406982422
2038-04-16 00:00:00,24.77352523803711,26.923744201660156,26.95697593688965,28.687914433871846,23.306351291116826,21.91438865661621,25.340748774404286,24.435882384860662,18.11374855041504,25.271874474254215,28.754546644549944,25.367646987951638,27.745380401611328,-2.927629232406616,29.95560045072929,29.542421340942383,29.990521551270415,0.13182318210601807
2038-05-16 12:00:00,24.495040893554688,26.72235679626465,27.241043090820312,28.776156606610712,23.935170764182732,22.764413833618164,25.69067340658319,25.00607961542541,16.334423065185547,25.7654784253215,28.148792490153618,25.839452843895252,27.221765518188477,-2.498582363128662,29.64016616375456,29.562776565551758,29.18180582247342,-0.1625405102968216
2038-06-16 00:00:00,23.06593894958496,26.415184020996094,27.25800323486328,28.818673949504436,25.229682328077995,23.45094871520996,26.437381533682128,25.80691793371883,14.185821533203125,26.36365921599499,27.461197529907707,26.44606204063271,26.768997192382812,-0.6488381028175354,29.211705320042444,29.410409927368164,28.651575789895848,-0.9773032665252686
2038-07-16 12:00:00,22.08438491821289,25.9606990814209,26.809791564941406,28.83627336531505,26.14375644230783,24.36771011352539,27.072352609745426,26.612616767101997,13.634347915649414,27.053071549537588,26.881561632625395,27.092844162279945,25.702068328857422,0.8700542449951172,28.453162234021516,28.84787368774414,27.89204644941858,-1.0153603553771973
2038-08-16 12:00:00,20.460391998291016,26.41027069091797,26.488237380981445,28.827230441827375,27.17250614068962,25.241985321044922,28.197083919892595,27.419169726279083,12.466377258300781,28.091071066356072,26.551884529344683,28.156814707411073,25.515573501586914,1.991989254951477,27.99467320090231,28.109630584716797,27.690890712076648,-0.6179274916648865
2038-09-16 00:00:00,20.88367462158203,24.932899475097656,26.323585510253906,28.870343931759336,27.74993425879289,25.604618072509766,29.317039134393596,28.241638631513503,12.30501651763916,28.99453201922477,26.626003582648384,29.25317942653412,25.408714294433594,2.792356491088867,28.561510660294477,28.05290412902832,27.945876462872977,0.19716985523700714
2038-10-16 12:00:00,20.553726196289062,24.609228134155273,26.2529354095459,28.906063237538422,27.4279570319165,25.738941192626953,29.365140169134428,28.16302821508785,14.082039833068848,29.081796852313005,26.96025663454836,29.36148756204958,25.467348098754883,2.824725866317749,28.853119549781912,28.231801986694336,28.134675148234713,0.03128112852573395
2038-11-16 00:00:00,22.427310943603516,24.66229248046875,26.28146743774414,29.01768782371351,26.00469025762165,24.827823638916016,28.331577974015936,27.50497326462848,15.677107810974121,28.208481496454226,27.600736299307815,28.54603802501977,25.917198181152344,1.7880748510360718,29.177793504858567,28.40644073486328,28.50401615407245,0.049741487950086594
2038-12-16 12:00:00,23.749208450317383,24.82745933532715,25.925329208374023,29.025533208939805,24.372628826429747,23.211463928222656,26.44973671388215,25.69467614783738,18.139022827148438,26.408722182517387,28.202696210170867,26.481569382763297,26.479045867919922,-0.31580790877342224,29.027892217271376,28.51089096069336,28.939053544686345,-0.2394854575395584
2039-01-16 12:00:00,24.216093063354492,25.27486801147461,25.930940628051758,28.913482768153038,23.389399084387623,22.386198043823242,25.968397847329964,24.968956297269333,19.372833251953125,25.920899411948465,28.63267129268011,25.960926619191326,26.95418357849121,-1.939784049987793,28.9553420057296,29.032011032104492,29.340680934438886,-0.7009214162826538
2039-02-15 00:00:00,25.366455078125,25.740140914916992,25.94687843322754,28.783905001026753,22.824947767119422,21.52672004699707,25.71875784742278,24.928574553619942,19.84909439086914,25.657144915943906,29.06004194995792,25.853679401102106,27.29218292236328,-2.852489709854126,29.205769419651947,29.157190322875977,29.759806527785024,-0.18598324060440063
2039-03-16 12:00:00,25.722936630249023,26.57237434387207,26.39015769958496,28.625343645853015,22.956687933357667,21.742929458618164,25.978164186487916,25.286103232981258,19.65499496459961,25.85610543641639,29.041028559019153,26.172037960375185,27.694326400756836,-3.3956751823425293,29.551228865907095,29.219655990600586,29.963469457451996,-0.23129884898662567
2039-04-16 00:00:00,24.77352523803711,26.923744201660156,26.938074111938477,28.494472037168006,23.278043938118266,21.865642547607422,26.150173315100755,25.580333121782118,18.045835494995117,26.066139074702335,28.873728720465003,26.33017769244325,27.745380401611328,-2.915210008621216,30.13084517392038,29.542421340942383,30.217039095259086,0.13182318210601807
2039-05-16 12:00:00,24.95012092590332,26.72235679626465,27.241043090820312,28.559406113466792,23.80433962537237,22.576997756958008,26.174821162617597,25.409389113421163,16.605430603027344,26.076736990472007,28.40753652593705,26.263732063203694,27.314302444458008,-1.744286060333252,30.484332494042274,29.562776565551758,30.194313619713878,0.07606290280818939
2039-06-16 00:00:00,23.58651351928711,26.64900016784668,27.25800323486328,28.665616189931875,24.903778015986312,23.318153381347656,26.579709666232606,26.007194697388137,14.152185440063477,26.47876749368125,27.619252112848464,26.6491167682756,26.495454788208008,-0.2716798186302185,29.484836371486917,29.50264549255371,29.14447260610424,-0.8647747039794922
2039-07-16 12:00:00,21.41560173034668,25.74992561340332,26.780014038085938,28.73251673021054,26.09635060921493,24.36771011352539,27.21155349031223,26.811747858491096,13.499985694885254,27.24041192916981,26.941151434714513,27.303869183954827,25.926483154296875,1.3342610597610474,28.326879075693487,28.842121124267578,28.1063391738088,-1.2349588871002197
2039-08-16 12:00:00,20.544946670532227,25.453649520874023,26.838909149169922,28.621595849292405,26.853614123607827,25.028671264648438,28.50549374590586,27.71992128444065,12.122237205505371,28.251147498008425,26.507127142516428,28.539271320123827,25.251567840576172,1.991989254951477,28.14438820926078,27.776538848876953,27.914867264382647,-0.8566864132881165
2039-09-16 00:00:00,21.033973693847656,24.923866271972656,26.798797607421875,28.558311338505693,27.173870272759856,25.604618072509766,29.3192538217621,28.252878146743324,12.30501651763916,28.907058432354308,26.41456172040282,29.414875205672526,25.405729293823242,2.792356491088867,28.446629944929935,27.87586784362793,27.991633630850345,-0.40980079770088196
2039-10-16 12:00:00,20.666292190551758,24.987024307250977,26.659013748168945,28.530216389350528,26.67606834447227,25.569948196411133,28.851819787212285,27.865203813226405,13.805224418640137,28.581794822621692,26.769258356404297,29.010039034217666,25.711336135864258,2.380427122116089,28.76140561901656,27.624950408935547,28.135766729247003,0.08615926653146744
2039-11-16 00:00:00,21.47848129272461,24.439359664916992,26.23095703125,28.58804154499347,25.267108520069595,24.135875701904297,27.40001569224177,26.88045758856809,15.470907211303711,27.43477912878517,27.43713933902101,27.74054856612339,26.059478759765625,1.2655636072158813,29.12237751029502,28.395681381225586,28.54838599684652,0.27049753069877625
2039-12-16 12:00:00,23.30575942993164,24.82745933532715,25.925329208374023,28.56297543612145,24.2350862708106,23.247339248657227,26.44194431173574,25.77538152891221,17.3557071685791,26.434262650789986,28.098670794493735,26.593713675111182,26.65513801574707,-0.39567968249320984,29.07771993191577,28.711929321289062,29.001477985954168,-0.3992586135864258
2040-01-16 12:00:00,24.500558853149414,25.27486801147461,25.930940628051758,28.545600629625604,23.360586629101483,22.380353927612305,25.557546786555807,24.712081378488037,19.49645233154297,25.718847817807305,28.446511752237967,25.763914147005103,27.11398696899414,-1.939784049987793,28.972633942377353,28.864654541015625,29.29158223307114,-0.4494979977607727
2040-02-15 00:00:00,25.366455078125,25.894668579101562,25.94687843322754,28.577510831356687,22.715329878188033,21.255441665649414,25.166095565433135,24.102570628728635,20.617807388305664,25.24156903214557,28.672076589242042,25.335360142525392,27.29218292236328,-2.6572635173797607,28.967667248291495,29.157190322875977,29.37886002439438,-0.34667518734931946
2040-03-16 12:00:00,25.722936630249023,27.015155792236328,26.39015769958496,28.624667080537204,22.67185600893355,21.57664680480957,25.378171698883786,24.476957176142943,19.77528953552246,25.27783415462305,28.787328946634013,25.505715239683106,27.694326400756836,-3.689258575439453,29.53347137761782,29.219655990600586,29.798676289436177,-0.2946939170360565
2040-04-16 00:00:00,24.77352523803711,26.923744201660156,26.938074111938477,28.631624836640682,22.89970075368297,21.727651596069336,25.566295371933784,24.890528260524015,17.88494873046875,25.53207923361835,28.777062721222375,25.80679935290756,27.745380401611328,-2.7942304611206055,30.190135912755945,29.542421340942383,30.09382819197706,0.23309572041034698
2040-05-16 12:00:00,24.65631866455078,26.72235679626465,27.241043090820312,28.64870382470967,23.778258384520473,22.268674850463867,26.09360723354889,25.1192360446743,16.192209243774414,25.96137739964778,28.291910261516616,26.09403138240596,27.404191970825195,-1.8400205373764038,30.143039408195346,29.562776565551758,29.723153089836277,-0.07626450061798096
2040-06-16 00:00:00,23.01303482055664,26.193998336791992,27.25800323486328,28.733913415094868,25.052733239675558,23.318153381347656,26.309816455548052,25.56689724761726,13.920475006103516,26.326469109565704,27.511129919358282,26.40117897537104,26.78079605102539,-0.8084011673927307,29.360885579020643,29.50264549255371,28.751279839257524,-0.9715912342071533
2040-07-16 12:00:00,22.10175895690918,25.73600959777832,26.780014038085938,28.72826990807463,25.858925353210303,23.916858673095703,26.85777771649141,26.365825449923356,12.779783248901367,26.92888407423873,26.826408939614947,27.034058372834902,26.022533416748047,0.7177745699882507,28.51073785029195,28.967863082885742,28.082194510530112,-1.149839997291565
2040-08-16 12:00:00,21.186511993408203,25.450830459594727,26.458459854125977,28.728955110589112,26.529403625224447,24.78683090209961,27.645573468137226,27.112422425709976,11.939739227294922,27.69499046043944,26.548617034948137,27.750026659055454,25.513763427734375,1.8985707759857178,28.221935338469702,28.259641647338867,27.9560365317005,-1.220484972000122
2040-09-16 00:00:00,20.30511474609375,24.82322883605957,26.293807983398438,28.659413663660068,26.84245266759614,25.39809799194336,28.546668757730007,27.685200612937084,12.095688819885254,28.38280718039538,26.55237577058724,28.75690321448703,25.420167922973633,2.444793224334717,28.662885413786906,28.091413497924805,28.175653291228667,-0.28444012999534607
2040-10-16 12:00:00,20.184030532836914,24.85483169555664,26.202425003051758,28.719536481777062,26.53690331682014,25.44795036315918,28.400777408490764,27.57403238663613,13.510936737060547,28.34776445327895,26.8975078724677,28.721171934351915,25.51293182373047,2.209120988845825,29.379975556891548,28.25636100769043,28.632652178561447,-0.3740541338920593
2040-11-16 00:00:00,21.47848129272461,24.60192108154297,26.28146743774414,28.738498925000187,25.5112037086104,24.758970260620117,27.209544525997416,26.742459062931673,15.078203201293945,27.327227930244565,27.43359540180834,27.59599469796695,26.04361915588379,1.1414453983306885,29.65674453926893,28.304153442382812,29.15197352710664,-0.1768549382686615
2040-12-16 12:00:00,23.44258689880371,24.82745933532715,25.925329208374023,28.70952925199702,24.422915542701755,23.31756019592285,26.29380933071034,25.53384346443159,17.82464027404785,26.326252737574862,28.03966107182668,26.421423700763874,26.65606689453125,-0.18870136141777039,29.144014349437118,28.581825256347656,29.238384927438435,-0.26629844307899475
2041-01-16 12:00:00,24.619903564453125,25.191076278686523,25.930940628051758,28.65080991821275,23.41802380659394,22.386198043823242,25.393669212686888,24.419992103688376,19.60944366455078,25.48627851361852,28.404931055836872,25.5299717562293,26.967191696166992,-1.3218084573745728,29.172514825192042,28.995389938354492,29.484529820738807,-0.3074702024459839
2041-02-15 00:00:00,25.849885940551758,25.622512817382812,25.94687843322754,28.64570729541297,22.84448333521332,21.52672004699707,24.87307881405686,23.783705679565507,19.84909439086914,24.958115181485255,28.648639803709862,24.93057613229481,27.29218292236328,-2.8821206092834473,29.019666054531054,28.88578224182129,29.24225589357113,-0.5883427858352661
2041-03-16 12:00:00,25.722936630249023,27.095094680786133,26.493806838989258,28.58048301929093,22.826169907990817,21.51901626586914,25.06384136104689,24.094856843272858,19.219812393188477,25.067058214074027,28.69919671897566,25.0826118695364,27.694326400756836,-3.3801286220550537,29.476645534833477,29.219655990600586,29.647892556784296,-0.1409793496131897
2041-04-16 00:00:00,25.285430908203125,27.34832000732422,27.21503257751465,28.548510603564157,23.005125716994048,21.563507080078125,25.07454182124109,24.153724951858635,17.5223445892334,24.99528822996138,28.52456921550618,25.096122583876202,27.745380401611328,-2.8005175590515137,30.124878753693448,29.542421340942383,30.081718592304263,0.3377772867679596
2041-05-16 12:00:00,24.679821014404297,27.10417366027832,27.22214126586914,28.617008452598576,23.781158195912642,22.327054977416992,25.46261119533387,24.643391086118132,15.934615135192871,25.445717962663018,28.061875950726737,25.501071642575326,27.479909896850586,-1.8808375597000122,30.358664642546923,29.562776565551758,29.91079180206934,-0.05741390958428383
2041-06-16 00:00:00,24.914936065673828,26.893613815307617,27.228225708007812,28.70969502992565,24.925194629443393,23.181367874145508,26.149056243254968,25.33956924047055,13.431426048278809,26.14100453909073,27.38058477436006,26.242136358191885,26.78079605102539,-0.7406473159790039,29.453786049339815,29.50264549255371,28.991299366473886,-0.9830780029296875
2041-07-16 12:00:00,22.177135467529297,25.842931747436523,27.12806510925293,28.677312619149603,26.13457515891237,24.109338760375977,26.85081193572772,26.395150777914523,12.513458251953125,26.91072686778619,26.70024927162057,26.989923120899576,25.926483154296875,0.7169148325920105,28.302624657821955,28.793529510498047,28.029813807871,-1.3067920207977295
2041-08-16 12:00:00,21.410194396972656,25.146970748901367,26.804187774658203,28.66868228816488,26.967489828114847,25.05270767211914,27.71646930228834,27.23260520853193,11.850977897644043,27.628114091971323,26.413304740391222,27.69424037553896,25.44840431213379,1.9347879886627197,28.14828072173847,28.425277709960938,28.025566277169297,-1.0155726671218872
2041-09-16 00:00:00,20.654491424560547,25.151748657226562,27.02206039428711,28.600511335862453,27.264376671654013,25.604618072509766,28.353031016026872,27.60707022921386,12.569413185119629,28.09106452638027,26.462122776249707,28.217312499800926,25.14637565612793,2.4114794731140137,28.43771352178521,27.985576629638672,28.19485332236553,-0.15683266520500183
2041-10-16 12:00:00,20.386592864990234,24.88018226623535,26.202425003051758,28.655525573328692,26.823931508548707,25.543203353881836,28.165222684114298,27.415489046445934,13.47941780090332,28.115521415033733,26.810770596497093,28.279781004294104,25.46172523498535,2.2941815853118896,29.17528905520128,28.244970321655273,28.70176484619742,-0.06858109682798386
2041-11-16 00:00:00,21.959157943725586,24.345684051513672,26.28146743774414,28.76051239922949,25.485572738333918,24.375736236572266,27.069588970471187,26.406063749431496,15.461406707763672,27.013376235753576,27.37089637548995,27.094799369464752,25.93923568725586,1.2655636072158813,28.892237184076595,28.840435028076172,28.897643824216132,-0.32229140400886536
2041-12-16 12:00:00,23.81350326538086,24.82745933532715,25.925329208374023,28.701992465165272,24.1615217567288,23.216556549072266,26.294195376612652,25.42832155430069,17.3557071685791,26.251518239678933,27.936612993970286,26.379122738175813,26.376314163208008,-0.41280636191368103,28.597347940757334,29.074264526367188,28.852677842788935,-0.6713072657585144
2042-01-16 12:00:00,24.216093063354492,25.27486801147461,25.891307830810547,28.586455509413405,23.186523042604257,22.125385284423828,25.654577580623197,24.82191993541725,19.360111236572266,25.717076695850903,28.309962799283205,25.8410107677658,26.822734832763672,-1.6864368915557861,28.850111056539486,28.5748291015625,29.234445079778954,-0.38129469752311707
2042-02-15 00:00:00,25.366455078125,25.740140914916992,25.907245635986328,28.570889969617745,22.689434017004007,21.255441665649414,25.378705271892695,24.38577268590257,19.84909439086914,25.275119090417707,28.614149931949218,25.42792042704021,27.56444549560547,-2.709650754928589,28.912035373302256,29.090219497680664,29.22689457813893,-0.5535186529159546
2042-03-16 12:00:00,25.722936630249023,26.57237434387207,26.409059524536133,28.62680696920242,22.75191838377817,21.474016189575195,25.46313574493446,24.691550354542585,19.219812393188477,25.45895656464935,28.715340673923325,25.59612924683711,27.694326400756836,-3.488460063934326,29.067504959342333,29.219655990600586,29.298962325302462,-0.023527387529611588
2042-04-16 00:00:00,24.77352523803711,26.923744201660156,26.95697593688965,28.699085758442386,23.32128550604685,22.072521209716797,25.881310818651805,25.038724740436795,18.072778701782227,25.8156003729264,28.733188461799354,25.953065225052036,27.745380401611328,-2.7625911235809326,29.919483292435114,29.542421340942383,29.834174596354952,0.21360467374324799
2042-05-16 12:00:00,24.920400619506836,26.72235679626465,27.241043090820312,28.818030994246115,23.92483318639524,22.846710205078125,26.17387963130286,25.44044335694244,16.605430603027344,26.140922725403808,28.191161051313912,26.307619391390173,27.68307876586914,-1.77262544631958,30.19415011650825,29.562776565551758,29.660774524850297,-0.09379689395427704
2042-06-16 00:00:00,23.58651351928711,26.193998336791992,27.25800323486328,28.91228001476483,24.852241762008525,23.3958683013916,26.515513207506316,25.913348955758607,14.152185440063477,26.46892033406332,27.522881596149748,26.622850266733778,26.768997192382812,-0.6122916340827942,29.361947377375056,29.414154052734375,28.939862553317194,-0.873629093170166
2042-07-16 12:00:00,21.59733009338379,25.846107482910156,26.809791564941406,28.945465315359193,25.76297714406116,24.048908233642578,27.068936834968326,26.553876788310784,12.811001777648926,26.98938840366084,26.916895253414317,27.107207704174513,26.031763076782227,0.8435936570167542,28.38703923884565,28.95009422302246,28.072329479417593,-1.2566394805908203
2042-08-16 12:00:00,20.745929718017578,25.383705139160156,26.488237380981445,28.919249423215586,26.902532164171,25.05270767211914,28.009913422727262,27.410689724508543,12.097488403320312,27.99020968524792,26.575307510462714,28.198268656643084,25.462848663330078,1.9347879886627197,28.226948336548748,28.275691986083984,27.90941457453381,-0.9014438986778259
2042-09-16 00:00:00,20.330841064453125,24.7872371673584,26.323585510253906,28.903496502819408,27.17084135349353,25.604618072509766,28.690730810552704,27.802571552037765,12.886300086975098,28.517977850092564,26.607397513994485,28.82209815703234,25.420167922973633,2.444793224334717,28.65060271245932,27.637855529785156,28.12436713551008,-0.5961721539497375
2042-10-16 12:00:00,21.088634490966797,24.565214157104492,26.2529354095459,28.90658200402368,26.51511481472252,25.44795036315918,28.42282020891204,27.612022001425032,14.082039833068848,28.291138538688926,26.854300475519604,28.633095077833712,25.711336135864258,2.209120988845825,29.21543830832319,28.059612274169922,28.5318828849841,0.6149129271507263
2042-11-16 00:00:00,21.380598068237305,24.439359664916992,26.28146743774414,28.926758499165686,25.29431764361518,24.375736236572266,27.351871409714978,26.821281774974153,15.461305618286133,27.289624009857704,27.496530196787997,27.523367879973318,26.053478240966797,1.1776388883590698,29.581738150117427,28.304153442382812,29.173780863525863,-0.1768549382686615
2042-12-16 12:00:00,23.444355010986328,24.885345458984375,25.925329208374023,28.831312614056042,24.06995125085007,23.08724021911621,26.406377264226343,25.613571876643107,17.06352424621582,26.325720614909336,28.053563707904893,26.451407510467046,26.65606689453125,-0.13843366503715515,29.48421870336858,28.704618453979492,29.61276588189811,-0.2087109535932541
2043-01-16 12:00:00,24.510826110839844,25.133764266967773,25.891307830810547,28.656586124031662,23.09657469905727,21.82138442993164,25.411599994612864,24.33939051537021,19.421510696411133,25.44519703680262,28.407155221503352,25.454956738140844,27.150136947631836,-1.3218084573745728,29.189164526568025,29.090595245361328,29.502034809271244,-0.639208197593689
2043-02-15 00:00:00,25.64093780517578,26.001548767089844,26.598573684692383,28.476601998487226,22.57978938229025,21.115394592285156,24.878771593858964,23.712085105973273,19.84909439086914,24.814714487707434,28.574734278882598,24.792342450359875,27.29218292236328,-2.430978536605835,29.366264374366207,29.157190322875977,29.681311530150815,-0.23093281686306
2043-03-16 12:00:00,25.722936630249023,27.095094680786133,26.86269187927246,28.41131038478572,22.44065825831641,20.94138526916504,24.87920966706244,23.818071604574804,19.219812393188477,24.770974967747048,28.735985878197546,24.83469514496728,27.694326400756836,-3.466501474380493,29.75012374897607,29.219655990600586,30.008395430681638,0.019125571474432945
2043-04-16 00:00:00,25.039703369140625,26.8855037689209,26.938074111938477,28.477806570626,22.688940176370416,21.320695877075195,25.259445169971613,24.357383429549426,18.231046676635742,25.0775001632178,28.65932572764716,25.342562977535497,27.745380401611328,-2.7888150215148926,30.44143928190685,29.542421340942383,30.28528604989721,0.2510010302066803
2043-05-16 12:00:00,24.67206382751465,26.72235679626465,27.241043090820312,28.651286246817854,23.338130497783396,22.07901954650879,25.648644439263006,24.925763389934456,16.605430603027344,25.526237006876276,28.193795177576128,25.798296186021624,27.23345947265625,-2.17655611038208,30.5739928212564,29.562776565551758,30.097279729816403,-0.0778791606426239
2043-06-16 00:00:00,23.01303482055664,26.407503128051758,27.25800323486328,28.678423167845597,24.39282877217906,23.022127151489258,26.179539475292565,25.39080131581599,14.185821533203125,26.124277298603314,27.457236444148986,26.27876670883476,26.721477508544922,-0.8705815076828003,29.563726616111676,29.50264549255371,29.032170857134957,-0.9715912342071533
2043-07-16 12:00:00,22.08438491821289,25.697826385498047,26.780014038085938,28.726290046300015,25.679392849510787,23.796279907226562,26.644121525050423,26.068894454087193,13.806639671325684,26.74773890125569,26.825258008452035,26.74838651897308,25.902416229248047,0.7666221857070923,28.623351824787232,28.87417984008789,28.215667938638887,-1.1608952283859253
2043-08-16 12:00:00,21.04863929748535,25.322776794433594,26.458459854125977,28.76370740849235,26.73171734042302,25.05270767211914,27.644248964678223,27.081886198192393,12.718693733215332,27.802060792061898,26.55179116177697,27.816952889263142,25.251567840576172,1.8985707759857178,28.442786205985247,28.184200286865234,28.081559566176175,-0.5996494293212891
2043-09-16 00:00:00,20.685495376586914,25.166046142578125,26.323585510253906,28.831780396304644,27.3258156953201,25.604618072509766,28.575569571691805,27.69765053448546,12.517411231994629,28.584515791983584,26.56518085979241,28.78150791443475,25.225391387939453,2.4586334228515625,28.62041038830478,28.110048294067383,28.107283027034413,-0.3160409927368164
2043-10-16 12:00:00,20.634273529052734,24.479686737060547,26.2529354095459,28.832826172406147,26.89927877632533,25.738941192626953,28.85104518460219,27.896869622743534,14.493510246276855,28.673365144436826,26.90246845751628,29.017102462138986,25.49201011657715,2.6777749061584473,28.937435439978056,28.29096794128418,28.272646269496356,-0.4946781098842621
2043-11-16 00:00:00,22.427310943603516,24.66229248046875,26.28146743774414,28.873531829172485,25.398520944810617,24.135875701904297,27.28282075252225,26.699669424074795,15.677107810974121,27.23363676379095,27.478121126130702,27.305485737749233,25.917198181152344,1.280441403388977,29.284461550195562,28.63587188720703,28.63496586892391,-0.11468619108200073
2043-12-16 12:00:00,23.6767520904541,24.82745933532715,25.925329208374023,28.803037220834256,23.99917084255401,23.216556549072266,26.412559555146608,25.59972007440338,18.083688735961914,26.324796101452492,28.04362708967983,26.43274199640414,26.599468231201172,-0.13843366503715515,29.26248836017123,28.63112449645996,29.13003418695986,-0.2721641957759857
2044-01-16 12:00:00,24.627605438232422,25.27486801147461,25.930940628051758,28.71532569212303,22.90954512929618,21.99859619140625,25.62421685746073,24.672934731298863,19.04511833190918,25.60473667940896,28.414223468458932,25.652439460379803,27.11398696899414,-1.8921416997909546,29.1204917421372,28.563730239868164,29.347247934042187,-0.37364470958709717
2044-02-15 00:00:00,25.64093780517578,26.438077926635742,25.907245635986328,28.669934821282958,22.501331810305885,21.32528305053711,25.260575167452814,24.265566259054346,19.84909439086914,25.238703151134853,28.539203273047207,25.345130480300995,27.29218292236328,-3.2693164348602295,29.222379012780973,28.9604549407959,29.492856320588974,-0.1375003159046173
2044-03-16 12:00:00,25.722936630249023,26.89624786376953,26.952274322509766,28.594232123221765,22.46522860630679,21.348081588745117,25.2126832415147,24.32209317512139,19.65499496459961,25.167165196459326,28.726676607647352,25.35219768330204,27.694326400756836,-3.3737590312957764,29.731563863746306,29.143144607543945,30.043727043516547,-0.007855597883462906
2044-04-16 00:00:00,25.248647689819336,27.16170883178711,27.515451431274414,28.505392215072842,22.872218851897063,21.711292266845703,25.410841292430312,24.630380004786655,17.966373443603516,25.2765765065437,28.704706757949,25.506729471720163,27.745380401611328,-3.0358505249023438,30.573626506012364,29.542421340942383,30.419923467019622,0.2612875699996948
2044-05-16 12:00:00,24.39130401611328,26.95393180847168,27.15703582763672,28.555686279715502,23.687288005306385,22.336977005004883,26.03427133376818,25.11236566479267,16.668336868286133,25.79098710891929,28.07928452502887,25.955693835582373,27.40155029296875,-1.9910430908203125,30.511489074998163,29.562776565551758,29.879037348126882,0.10008099675178528
2044-06-16 00:00:00,23.01303482055664,26.694589614868164,27.830575942993164,28.568642731238878,24.651406395906076,23.022127151489258,26.308026926925432,25.631841535700623,14.901311874389648,26.235784416869183,27.381006074552417,26.402229344405722,26.49121856689453,-0.611155092716217,29.41456312851867,29.50264549255371,28.935270342451386,-0.8647747039794922
2044-07-16 12:00:00,22.1118221282959,25.842931747436523,27.23081398010254,28.609572306723575,25.776175418285263,23.7463321685791,26.90044743121487,26.44195226631867,14.122506141662598,26.913728217947494,26.78017584060442,27.04583607415998,26.025405883789062,0.72245192527771,28.27617612804522,29.093948364257812,28.01136691874436,-1.2757890224456787
2044-08-16 12:00:00,20.483232498168945,25.133039474487305,26.7939453125,28.569215085476984,26.88254267962139,24.97591209411621,27.841494401613133,27.286624814632333,13.352307319641113,27.814394825367234,26.463750835843573,27.912382077759567,25.440725326538086,1.9347879886627197,27.87884384629307,28.526519775390625,27.67925101430069,-1.2951667308807373
2044-09-16 00:00:00,21.03158950805664,25.22852897644043,26.91182518005371,28.531830887597653,27.314367957762396,25.604618072509766,28.8077639630969,27.904531053840536,13.199451446533203,28.568581780695578,26.475767106254544,28.94612395397975,25.193923950195312,2.792356491088867,28.098955781183196,27.953060150146484,27.7876020926069,-0.6466376781463623
2044-10-16 12:00:00,20.386592864990234,24.938358306884766,26.659013748168945,28.518321582042084,26.82668232856836,25.543203353881836,28.70404440578315,27.65851951926949,14.821104049682617,28.45754689196635,26.84458263064023,28.61597832197181,25.46172523498535,2.6777749061584473,28.81302102752542,28.419219970703125,28.191090210469792,-0.25578823685646057
2044-11-16 00:00:00,21.89337921142578,24.965002059936523,26.49062728881836,28.53126650286439,25.496115501493694,24.658824920654297,27.834279561688934,27.19617389517367,16.66015625,27.81073230812905,27.428846352624195,28.10953220513593,25.93923568725586,1.7880748510360718,29.255632059692662,28.775571823120117,28.903691251155134,-0.31885257363319397
2044-12-16 12:00:00,22.653030395507812,25.0264892578125,25.803035736083984,28.47056512396022,24.117268253873743,23.31756019592285,26.686121717248426,26.307839764365646,18.70800018310547,26.66446636487181,27.933950755555163,27.023580060149182,26.382043838500977,0.4715293049812317,28.650379865708583,28.88010597229004,28.809158950830007,-0.44396722316741943
2045-01-16 12:00:00,24.489850997924805,25.30707550048828,25.84770393371582,28.452610989383697,23.04051738447123,22.111671447753906,25.879924162522396,24.9657886869367,19.492616653442383,25.780087597934536,28.276113301124425,26.04651103491361,26.84252166748047,-1.4833601713180542,28.36447928880145,29.00975227355957,28.81382343008139,-0.5793784260749817
2045-02-15 00:00:00,25.366455078125,25.99073028564453,25.907245635986328,28.51914133240951,22.670121725867894,21.571718215942383,25.445598525060614,24.464605169549884,19.84909439086914,25.29273791191877,28.56081904655431,25.47271734800711,27.318553924560547,-2.621919870376587,29.0178306323732,29.157190322875977,29.580738764922017,-0.2374991625547409
2045-03-16 12:00:00,25.722936630249023,26.57237434387207,26.409059524536133,28.596696177919622,22.610010084487076,21.300151824951172,25.25951481395197,24.21778287520273,19.219812393188477,25.171500948949262,28.846800127403082,25.16660059863394,27.703821182250977,-3.553035020828247,29.524635503433917,29.219655990600586,29.76505469255896,-0.1409793496131897
2045-04-16 00:00:00,24.77352523803711,26.923744201660156,26.95697593688965,28.734817986573354,22.769832285059753,21.25471305847168,25.377957786807446,24.435490421981864,18.072778701782227,25.24162380727687,28.852336278699536,25.367739370515302,27.685096740722656,-2.8938796520233154,29.962204419257322,29.542421340942383,29.690422570610508,-0.18872122466564178
2045-05-16 12:00:00,24.048892974853516,26.72235679626465,27.241043090820312,28.788246775110665,23.684673818804217,22.335947036743164,25.888803456286865,24.97116631712766,16.584346771240234,25.722300711623387,28.499635611223127,25.884165888718126,27.172073364257812,-1.744286060333252,30.165624291173184,29.562776565551758,29.533675098330814,-0.075820192694664
2045-06-16 00:00:00,24.129735946655273,26.193998336791992,27.25800323486328,28.905882129459126,25.065645244825436,23.318153381347656,26.34920886986236,25.57307328535846,14.948673248291016,26.32476933747315,27.862274921983133,26.398560635383703,26.49034309387207,-0.46452975273132324,29.379881435227862,29.50264549255371,28.595237692063655,-0.8860453367233276
2045-07-16 12:00:00,22.928865432739258,25.529138565063477,26.809791564941406,28.990272117946397,26.132482209279573,24.109338760375977,26.998247533168204,26.432743107596302,13.806639671325684,26.96775508393961,27.23924843244294,27.03471402728292,25.747589111328125,0.8700542449951172,28.587412915044904,28.69566535949707,27.831975722757065,-1.0370309352874756
2045-08-16 12:00:00,22.203351974487305,25.074853897094727,26.488237380981445,29.047067963280686,27.26561926602802,25.241985321044922,28.114178794596043,27.416735387091993,12.807534217834473,28.071206222768936,26.90379530694093,28.133270466743355,25.273672103881836,2.2935256958007812,28.255964857741414,27.933246612548828,27.668175052469383,-0.8848464488983154
2045-09-16 00:00:00,22.1248779296875,24.904178619384766,26.323585510253906,29.100044641459785,27.532321528121066,25.604618072509766,29.15655941704979,28.073916636865736,12.886300086975098,28.857440404612813,26.904155134288853,29.060880611264068,25.14637565612793,2.792356491088867,28.560048435329197,27.31211280822754,27.88240150212939,0.19716985523700714
2045-10-16 12:00:00,22.605566024780273,24.609228134155273,26.2529354095459,29.14378037151641,26.860369686562002,25.738941192626953,29.121623321093868,28.124623528934325,14.06031322479248,28.95617545741028,27.264384959929163,29.499555596238217,25.529756546020508,2.656116008758545,29.17371798265936,27.939983367919922,28.334673899580107,0.6149129271507263
2045-11-16 00:00:00,22.711589813232422,24.66229248046875,26.28146743774414,29.114073436131882,25.87467717354259,25.161609649658203,27.835682312381728,27.202942719862595,15.472245216369629,27.914609701578836,27.956137206948895,28.141527073794787,26.07915496826172,1.151233196258545,29.361902761583163,28.229469299316406,28.86308232952895,0.11527857929468155
2045-12-16 12:00:00,23.535499572753906,24.82745933532715,25.925329208374023,29.016145206017242,24.59924538002319,23.226966857910156,26.516484237988916,25.818039193088993,17.2979679107666,26.463826913631895,28.555179439327112,26.496350543479014,26.723552703857422,-0.5252997279167175,29.472422022448047,29.04349708557129,29.277532609254457,-0.3313141465187073
2046-01-16 12:00:00,24.216093063354492,25.27486801147461,25.930940628051758,28.816335476367705,23.53627562157495,22.361055374145508,26.14667583874375,25.196647323301477,19.247556686401367,26.093527737351216,28.927143677617607,26.10291590654161,26.967191696166992,-2.159482955932617,29.721145733559023,29.090595245361328,29.950021041283428,-0.3865699768066406
2046-02-15 00:00:00,25.366455078125,25.740140914916992,25.94687843322754,28.67639908275096,22.93039437419696,21.73514747619629,25.98050549798908,24.962670576330275,19.513086318969727,25.77358132884973,29.101773550027005,25.802252285198715,27.29218292236328,-2.7345950603485107,29.93476424267922,29.157190322875977,30.251776398156608,-0.36607030034065247
2046-03-16 12:00:00,25.722936630249023,26.57237434387207,26.409059524536133,28.550547653861464,22.735367764402373,21.474016189575195,25.91766381077352,25.057894205766843,19.730453491210938,25.680856274413998,29.148434007824495,25.901716352239383,27.694326400756836,-3.5005578994750977,29.942481467247088,29.219655990600586,30.15248854321063,-0.18900440633296967
2046-04-16 00:00:00,24.77352523803711,26.923744201660156,26.95697593688965,28.52095334192741,23.0137225990211,21.788137435913086,25.910996039130442,24.967862936486995,17.980022430419922,25.63866489992405,29.055164249467925,25.7999333670796,27.745380401611328,-3.110276460647583,30.572678086739987,29.542421340942383,30.47619154103301,0.1820005476474762
2046-05-16 12:00:00,24.51137351989746,26.72235679626465,27.241043090820312,28.62547333820336,23.877579885461323,22.764413833618164,26.236020490635457,25.47576267567413,16.668336868286133,26.108208260971672,28.523624413377846,26.242404860061434,27.221765518188477,-1.8004837036132812,30.907640149342438,29.562776565551758,30.467490873518038,0.043583061546087265
2046-06-16 00:00:00,24.142662048339844,26.415184020996094,27.25800323486328,28.72289251614726,24.970859522631528,23.605575561523438,26.529437022107285,25.943630152823275,14.152185440063477,26.460411215647017,27.733833850714525,26.596326442398055,26.78079605102539,-0.4563981294631958,29.623349761974833,29.50264549255371,29.112864071478498,-0.8860453367233276
2046-07-16 12:00:00,21.66394805908203,25.697826385498047,26.780014038085938,28.780148734176453,25.778129833434004,23.916858673095703,27.072387648023664,26.625449567750522,13.521295547485352,26.987120102715643,27.04361283907474,27.101846460946028,25.99132537841797,0.7891005277633667,28.742543806730826,29.023494720458984,28.45981037097431,-1.3421649932861328
2046-08-16 12:00:00,21.07964324951172,25.852327346801758,27.295440673828125,28.734368031087335,26.89324061642041,25.028671264648438,28.38149038040863,27.68484393168492,12.534882545471191,28.215322116134693,26.67117040879799,28.558259846278073,25.411359786987305,1.991989254951477,28.4103671022896,28.57522964477539,28.23317794344806,-1.020116925239563
2046-09-16 00:00:00,20.06624412536621,25.775634765625,26.8610897064209,28.595709960050375,27.109670690779776,25.604618072509766,29.244732083207275,28.150618219175108,12.591007232666016,28.79132833142819,26.641224300656518,29.26548922845263,25.4145450592041,2.6279568672180176,28.641997009050602,28.306337356567383,28.392626787077837,-0.4812837839126587
2046-10-16 12:00:00,21.06119728088379,25.065513610839844,26.881452560424805,28.53015877765457,26.65311425984856,25.547653198242188,28.975749910040122,28.01055702363666,13.805224418640137,28.69251037673835,27.024898271232136,29.312816437779187,25.711336135864258,2.6045010089874268,29.36712975106192,28.594661712646484,28.854213313185348,-0.3868200182914734
2046-11-16 00:00:00,21.40632438659668,24.938081741333008,27.046728134155273,28.516268383652434,25.385826502362555,24.15149688720703,27.692852726194147,27.16507794649365,15.790112495422363,27.62305981571286,27.564715125248807,28.10126758958348,26.04361915588379,1.2655636072158813,29.65730227351303,28.75860023498535,29.302301958576745,-0.1987863928079605
2046-12-16 12:00:00,23.251567840576172,25.42959976196289,26.71559715270996,28.406168683346543,24.130295470362963,23.139307022094727,26.452093608657332,25.786432212268657,18.05503273010254,26.41646738468201,28.02810399853797,26.49632410473168,26.65606689453125,-0.25632429122924805,29.284813844286116,29.132848739624023,29.332188346485086,-0.5297138690948486
2047-01-16 12:00:00,24.365886688232422,25.41907501220703,26.2110538482666,28.267098315891893,23.14548216005109,22.111671447753906,25.74462300831791,24.77794032335197,18.95260238647461,25.76691479135864,28.297262576170585,25.797480118949117,26.95418357849121,-1.8921416997909546,28.922872902101627,29.090595245361328,29.218703299975687,-0.7636486887931824
2047-02-15 00:00:00,25.991762161254883,26.533340454101562,26.765600204467773,28.251177982603934,22.418038932345805,21.357309341430664,25.260642002228575,24.247626555776563,19.84909439086914,25.226294480340584,28.412540334956493,25.338204595714853,27.29218292236328,-2.6572635173797607,29.15684436809867,29.157190322875977,29.429400230439946,-0.5887496471405029
2047-03-16 12:00:00,25.722936630249023,26.946741104125977,27.238277435302734,28.271280648523508,22.467109880708605,21.348329544067383,25.081168199694517,24.067368327434615,19.219812393188477,24.98290421006278,28.55920294746672,25.06290456302822,27.694326400756836,-3.3801286220550537,29.69894829803761,29.219655990600586,29.814132402850834,-0.0673205554485321
2047-04-16 00:00:00,25.039703369140625,27.45027732849121,27.48159408569336,28.312481175945727,22.849894638172064,21.788137435913086,25.378504538064874,24.492902092946892,18.502399444580078,25.249930384154474,28.535540082356718,25.369492119488257,27.745380401611328,-3.170093536376953,30.351056518717893,29.542421340942383,30.074375995022635,0.21360467374324799
2047-05-16 12:00:00,24.495040893554688,26.95393180847168,27.94911003112793,28.426803811836777,23.717141545052762,22.764413833618164,25.92305286214979,25.05602717291402,16.668336868286133,25.71932267192862,28.0422482324796,25.805974369211818,27.72750473022461,-2.17655611038208,29.907432416114563,29.562776565551758,29.374266622309147,-0.1625405102968216
2047-06-16 00:00:00,23.076122283935547,26.415184020996094,27.228225708007812,28.50868617580889,25.007893683051698,23.694725036621094,26.437473362628957,25.734508165026487,14.9456148147583,26.324508282763915,27.38379062220725,26.399182689026752,26.495454788208008,-0.46359413862228394,28.751787345418567,29.50264549255371,28.24570186904486,-0.8165987133979797
2047-07-16 12:00:00,21.447256088256836,25.867313385009766,26.739891052246094,28.5290585320029,26.480654949935712,24.492582321166992,27.13765584890159,26.669729668523885,14.122506141662598,27.15630470229535,26.790903577898188,27.061179524335536,25.747589111328125,1.0328515768051147,28.068469035744815,29.198766708374023,27.733171051956106,-1.194740653038025
2047-08-16 12:00:00,20.51412010192871,25.373445510864258,26.83436393737793,28.527559933205627,27.290689569325277,25.241985321044922,28.870536583125368,28.008665358888585,12.807534217834473,28.563083768181933,26.42166122733273,28.78484917103428,25.440725326538086,2.273174285888672,28.009004922178367,28.405704498291016,27.64946113821703,-1.1353117227554321
2047-09-16 00:00:00,20.487720489501953,25.000673294067383,27.034976959228516,28.51881112153088,27.710183690100916,25.604618072509766,29.852032383405703,28.721808721974384,12.542160034179688,29.420421875128262,26.29726965696559,29.98117053418249,25.4145450592041,2.792356491088867,28.302212992506686,28.107938766479492,27.79662070086152,-0.5921801328659058
2047-10-16 12:00:00,20.954328536987305,25.062971115112305,26.651769638061523,28.492999130074367,27.06106235778347,25.738941192626953,29.64467174115178,28.406318745723237,13.923301696777344,29.283204947431614,26.722839007988686,29.721075852289342,25.711336135864258,2.656116008758545,28.872534380782856,28.25636100769043,28.195744619871316,-0.06858109682798386
2047-11-16 00:00:00,21.345380783081055,24.60443878173828,26.348846435546875,28.51505964331355,25.61112455286908,25.086807250976562,27.955535315972337,27.135968380814237,16.397216796875,27.83007153094207,27.401565798752657,27.94355716339118,26.053478240966797,1.2315336465835571,29.054996476393004,28.50710105895996,28.614511287333222,-0.17042450606822968
2047-12-16 12:00:00,23.709903717041016,24.475669860839844,25.90822982788086,28.50449915883489,24.25339427933882,23.31756019592285,26.582799078398484,25.888034371369976,18.230331420898438,26.470041918835356,27.989792967670983,26.604158325171614,26.65606689453125,-0.25632429122924805,29.060351198002,28.71512794494629,28.911789612758373,-0.41552984714508057
2048-01-16 12:00:00,24.640151977539062,25.191076278686523,25.915708541870117,28.388455474458087,23.21954786350014,22.371461868286133,25.912474285526308,24.999375990106913,19.449975967407227,25.920240159060562,28.416818993203936,25.974480559705214,26.967191696166992,-1.8921416997909546,29.216343615362522,29.001243591308594,29.539768930206005,-0.36601293087005615
2048-02-15 00:00:00,25.366455078125,25.99073028564453,26.208005905151367,28.416498879895578,22.494599695819673,21.255441665649414,25.285911401695603,24.321278172486537,19.84909439086914,25.260575019412936,28.57123456379299,25.371389657809324,27.29218292236328,-2.6572635173797607,28.944712089333184,29.157190322875977,29.290389420518263,-0.35813814401626587
2048-03-16 12:00:00,25.722936630249023,26.934587478637695,26.88691520690918,28.46962194344878,22.381097383332758,21.2011661529541,25.22818336561343,24.23403369259204,19.219812393188477,25.14082997126331,28.678767585099706,25.28797408725983,27.694326400756836,-3.466501474380493,29.353509924494407,29.219655990600586,29.671677569192468,-0.2320227026939392
2048-04-16 00:00:00,24.77352523803711,26.923744201660156,26.938074111938477,28.533041465839442,22.816237844879925,21.727651596069336,25.37870236469734,24.44914776813613,18.16001319885254,25.248901705405558,28.697635975654872,25.364151983871004,27.745380401611328,-3.0700199604034424,30.529770607342126,29.542421340942383,30.431393972266747,0.21338436007499695
2048-05-16 12:00:00,24.325050354003906,26.72235679626465,27.241043090820312,28.638961739563076,23.731619042443736,22.764413833618164,25.982206421506607,25.070442960558093,16.629804611206055,25.783421242501976,28.332640663479474,25.807171007515706,27.404191970825195,-2.0733773708343506,30.704233896705144,29.562776565551758,30.121628153546578,-0.05154814198613167
2048-06-16 00:00:00,24.621458053588867,26.193998336791992,27.25800323486328,28.76490519418228,24.79398334703771,23.55034065246582,26.378986943530943,25.643823614118975,14.901311874389648,26.302037151984464,27.587598729667526,26.382975536419167,26.54717445373535,-0.6791313886642456,29.644198553128977,29.50264549255371,29.03376113153206,-0.969498872756958
2048-07-16 12:00:00,22.344207763671875,25.529138565063477,26.809791564941406,28.851538050338497,25.911016275133907,24.133121490478516,27.02862626475616,26.478590677418886,14.122506141662598,26.962139695963327,26.975138964506563,27.03273879447543,26.044519424438477,0.8516600131988525,28.575754914270068,29.158483505249023,28.05112221168276,-1.0358418226242065
2048-08-16 12:00:00,20.806184768676758,25.41812515258789,26.488237380981445,28.933063638134847,27.025849185734042,25.241985321044922,28.323952427660362,27.64319114219675,12.687616348266602,28.270089373140365,26.65854757195632,28.543182732434115,25.513763427734375,1.9618277549743652,28.30691378261896,28.35695457458496,27.78462475201796,-1.0155726671218872
2048-09-16 00:00:00,20.06624412536621,25.061031341552734,26.323585510253906,28.950441246701807,27.372232000446044,25.604618072509766,29.27393743387154,28.193096931650306,13.156274795532227,28.994286284572652,26.59408238338484,29.423039787955535,25.54078483581543,2.436145305633545,28.566398995362245,27.808624267578125,27.9390448689644,-0.6705024242401123
2048-10-16 12:00:00,20.184030532836914,24.548856735229492,26.2529354095459,28.991939406050054,27.035854983702247,25.738941192626953,29.261084215967962,28.18494891557425,14.543096542358398,29.074297763981754,26.911438218688495,29.623051801040017,25.853439331054688,2.6045010089874268,29.166500154977616,27.624950408935547,28.329644163757056,0.6149129271507263
2048-11-16 00:00:00,22.427310943603516,24.66229248046875,26.28146743774414,28.971703373758437,25.99257803533485,24.985523223876953,28.228191229601325,27.64665999003548,15.83435344696045,28.207905575411385,27.546417642257076,28.81422115503179,26.059478759765625,1.7880748510360718,29.654015866836556,28.398672103881836,28.943487311919206,0.20082958042621613
2048-12-16 12:00:00,23.2216854095459,24.82745933532715,25.925329208374023,28.90557079926705,24.591187227773464,23.519634246826172,26.744059901480004,26.341684260942117,18.808950424194336,26.81191545496005,28.03694312798147,27.033872885934056,26.611148834228516,0.22429971396923065,29.76474855661935,28.61583137512207,29.466695949983603,-0.33480921387672424
2049-01-16 12:00:00,24.510826110839844,25.27486801147461,25.930940628051758,28.784956033264777,23.521372952054385,22.40970802307129,25.87741557513857,24.791519343538656,19.60944366455078,25.836855808844135,28.351202096082407,25.8043249834588,26.95418357849121,-1.8921416997909546,29.231244109469326,29.017894744873047,29.379993557338047,-0.36601293087005615
2049-02-15 00:00:00,25.366455078125,25.622512817382812,25.907245635986328,28.66293870051109,23.13774053503308,21.82643699645996,25.39182868004252,24.33061838972443,19.84909439086914,25.30321390698757,28.677963009787796,25.355185057064094,27.29218292236328,-2.7805497646331787,29.432081230451455,29.090219497680664,29.73254835742407,-0.15405316650867462
2049-03-16 12:00:00,25.722936630249023,26.934587478637695,26.81441307067871,28.54137836983051,23.113388510633182,21.86918067932129,25.413306474708623,24.425427058263278,19.219812393188477,25.318271939678155,28.759086948869317,25.376408513869343,27.694326400756836,-3.213005781173706,29.81173118244784,29.219655990600586,30.047786520969417,-0.07488783448934555
2049-04-16 00:00:00,25.248647689819336,27.084880828857422,27.40564727783203,28.435577403812378,23.376539693336447,22.072521209716797,25.59038897085332,24.570027598432592,18.105995178222656,25.472978862655708,28.656853899910846,25.45367658592195,27.745380401611328,-3.068465232849121,30.305658271497247,29.542421340942383,30.194510335837105,0.20852114260196686
2049-05-16 12:00:00,23.809322357177734,27.320913314819336,27.781400680541992,28.453187577817996,24.109079066335113,22.764413833618164,25.977313171521338,24.75295417420523,17.053558349609375,25.774453915886312,28.080754081634275,25.530298004642805,27.21438980102539,-1.817777156829834,30.027197599339548,29.562776565551758,29.567622617871034,-0.0684206634759903
2049-06-16 00:00:00,23.337169647216797,26.045427322387695,27.565614700317383,28.51849250504997,25.024880331240162,23.3958683013916,26.237247244604113,25.30010879874576,14.930352210998535,26.18784636875283,27.3191837035733,26.17577157820962,26.421566009521484,-0.42769014835357666,29.150793994124104,29.50264549255371,28.714578314220528,-0.8647747039794922
2049-07-16 12:00:00,22.8693904876709,25.481998443603516,27.2064266204834,28.55231337208821,26.28999135132138,24.075302124023438,26.857783793734605,26.21329569970672,14.122506141662598,26.9096468547976,26.80666875079784,26.77134619823585,25.625049591064453,0.7891005277633667,28.311808915626894,29.094200134277344,28.069561560965564,-1.2757890224456787
2049-08-16 12:00:00,20.747148513793945,24.619787216186523,26.64972686767578,28.456463937565463,26.920866400219943,25.028671264648438,27.991451477418305,27.296809822262013,12.807596206665039,27.811767054037514,26.41573855901815,27.74563547700115,25.273672103881836,2.098134994506836,28.186553183155834,28.401512145996094,27.92438988365016,-1.1414285898208618
2049-09-16 00:00:00,21.67695426940918,24.864646911621094,27.242469787597656,28.418082140373528,27.350297216852557,25.604618072509766,29.109100421830046,28.170725628096765,13.43120288848877,28.641847295455886,26.47685477390524,28.994961430837865,25.193923950195312,2.792356491088867,28.238218944038028,28.03619956970215,27.95804125309651,-0.6327704787254333
2049-10-16 12:00:00,23.018529891967773,24.956893920898438,26.381994247436523,28.414251254323894,26.918596473716658,25.738941192626953,28.761710764754675,27.795974187642212,14.866318702697754,28.574039922598306,26.787718256616497,28.8606609567008,25.467348098754883,2.629283905029297,28.84546984762809,28.222036361694336,28.458034956071508,-0.3462294042110443
2049-11-16 00:00:00,21.91075325012207,24.94482421875,26.79149627685547,28.46506774524551,25.775912861642034,24.71865463256836,27.608651332821754,26.877232770842994,16.399410247802734,27.62545578685942,27.29653046116292,27.652018356688828,25.917198181152344,1.2655636072158813,28.997226194966093,28.6737060546875,28.721851011398293,-0.37302273511886597
2049-12-16 12:00:00,22.653030395507812,25.43034553527832,26.648916244506836,28.43106432354342,24.510694459890935,23.31756019592285,26.438880461412417,25.525711459364192,18.230331420898438,26.363742457128925,27.73862151433796,26.402015626285635,26.435405731201172,-0.24721188843250275,28.94730972903761,28.887897491455078,29.092163585888876,-0.5128862857818604
2050-01-16 12:00:00,24.365886688232422,25.79764175415039,26.572498321533203,28.308402515137843,23.552497948177873,22.528213500976562,25.389519926915025,24.300323673848602,19.383195877075195,25.459543277530923,28.12126710823712,25.41106015863224,26.941457748413086,-1.9773802757263184,28.65157814828962,29.00975227355957,28.90115789736954,-0.7246260643005371
2050-02-15 00:00:00,25.366455078125,26.251039505004883,26.523273468017578,28.31662248399386,22.869531777353853,21.8101749420166,25.068170640204844,24.15412188242724,19.84909439086914,25.20069380317682,28.43449758427029,25.15621539511438,27.29218292236328,-2.8520214557647705,28.8935615376809,28.899211883544922,29.217376306585283,-0.5883427858352661
2050-03-16 12:00:00,25.722936630249023,27.015155792236328,27.435834884643555,28.39677376911407,22.635987397314953,21.642587661743164,25.21456472761693,24.444874028389734,19.219812393188477,25.249478106130688,28.58080642421554,25.40498077932151,27.694326400756836,-3.423431396484375,29.592323915867507,29.219655990600586,29.660873826860243,-0.07488783448934555
2050-04-16 00:00:00,25.570585250854492,27.292875289916992,27.02022361755371,28.472329836211046,22.95551441317452,21.788137435913086,25.36146657770572,24.559749274232903,17.971609115600586,25.269716899460168,28.48486542880251,25.48830933665112,28.04340362548828,-2.7942304611206055,30.316859872886344,29.542421340942383,29.913841941247842,0.32174062728881836
2050-05-16 12:00:00,24.51833724975586,26.660303115844727,27.22214126586914,28.518345775628223,23.883181969194396,22.764413833618164,25.647687044195944,24.8729208697449,16.629804611206055,25.758347852589957,28.022981691170834,25.798433358522217,27.334339141845703,-1.817777156829834,29.863041590594936,29.562776565551758,29.266932473118445,-0.40964680910110474
2050-06-16 00:00:00,24.35417938232422,26.13194465637207,27.25800323486328,28.578632738722977,25.380728846834636,23.6721248626709,26.362594572725914,25.748476220817903,14.948673248291016,26.419239088602506,27.403791002607477,26.44729364361184,26.4963436126709,-0.3662463426589966,28.91266144119248,29.50264549255371,28.43766805791278,-1.0720216035842896
2050-07-16 12:00:00,21.713428497314453,25.855770111083984,26.780014038085938,28.608692440533908,26.338615872637124,24.33753204345703,27.069919178565833,26.600549712247986,13.499985694885254,27.058590536123674,26.86832724118879,27.033963360818515,25.69219207763672,1.3342610597610474,28.072345348731137,29.166372299194336,27.8010133460654,-0.985522985458374
2050-08-16 12:00:00,21.27782440185547,25.222320556640625,26.458459854125977,28.67507290414317,27.27098171733942,25.241985321044922,28.397155748528718,27.716081958232696,12.77637767791748,28.171144564929506,26.563557511025728,28.212868783605575,25.161453247070312,2.294833183288574,27.85728833768525,28.536527633666992,27.619105502922277,-1.072520136833191
2050-09-16 00:00:00,20.397459030151367,25.01679229736328,26.293807983398438,28.697193549382508,27.357342075034126,25.604618072509766,29.161958190637815,28.178926671203758,13.187431335449219,28.740024974723347,26.551048022816392,29.040132664823023,25.14637565612793,2.792356491088867,28.365426903598138,28.107160568237305,27.948942627273283,-0.5080966949462891
2050-10-16 12:00:00,20.184030532836914,24.39069938659668,26.2529354095459,28.757318325081314,26.834661188667138,25.738941192626953,28.95578135481304,27.9560233391037,14.830705642700195,28.666359795786427,26.94039073817883,28.984223815594447,25.452909469604492,2.6749520301818848,28.849221704400076,28.387287139892578,28.314586367677144,-0.250318318605423
2050-11-16 00:00:00,21.47848129272461,24.742034912109375,26.28146743774414,28.79045671741909,25.606026269855164,24.644672393798828,27.835180060256086,27.18422469041009,16.502315521240234,27.809856701039923,27.46756117982981,28.03722295117361,25.90053367614746,1.3058735132217407,29.3216718412276,28.64168930053711,28.78630942084897,-0.17042450606822968
2050-12-16 12:00:00,23.80338478088379,24.82745933532715,25.925329208374023,28.731250841136216,24.105136557490052,23.247339248657227,26.58104521930436,26.002816743959936,18.37215232849121,26.463323840979708,28.0583715961933,26.627176959625334,26.46521759033203,-0.20350536704063416,29.188532009078525,28.856719970703125,29.230331982213055,-0.45421701669692993
