time,nino12,nino3,nino34,nino4,norte,norteleste,centro,centroleste,cbm,tna,tsa,nat,sat,tasi,wtio,setio,swio,dmi
1854-01-16 12:00:00,24.26517677307129,25.246896743774414,26.1916446685791,28.431558358568335,22.393821716308594,21.390352249145508,23.424933279765046,24.485612869262695,19.653810501098633,24.739261627197266,27.341833114624023,24.586666107177734,26.444446563720703,-1.7186036109924316,27.741289138793945,27.839747586184355,28.223834991455078,-0.5035147070884705
1854-02-15 00:00:00,26.00143051147461,25.79889488220215,26.372743606567383,28.42535426028155,21.83191680908203,20.75403594970703,23.37484844878102,23.61042594909668,20.003738403320312,24.39542007446289,27.862722396850586,24.60594940185547,27.147680282592773,-2.8663105964660645,27.979778289794922,27.826178922383175,28.346281051635742,-0.1971532553434372
1854-03-16 12:00:00,26.263357162475586,26.85940933227539,27.0135498046875,28.41459237399373,21.790538787841797,20.711498260498047,23.365201015259373,23.765247344970703,19.533489227294922,24.450803756713867,27.939632415771484,24.667356491088867,27.661401748657227,-2.973259449005127,28.741331100463867,28.5023469709683,28.875349044799805,-0.24859718978405
1854-04-16 00:00:00,25.054616928100586,27.428701400756836,27.404003143310547,28.397909661489315,22.08200454711914,20.970548629760742,23.40615354934642,23.767959594726562,17.60543441772461,24.709205627441406,27.90107536315918,24.814632415771484,27.353574752807617,-3.1306169033050537,28.960105895996094,28.694866812186678,29.499317169189453,0.4146725535392761
1854-05-16 12:00:00,24.655864715576172,26.95564079284668,27.386770248413086,28.38096050560487,22.8239803314209,21.901273727416992,23.510218270764813,24.04082679748535,15.695747375488281,25.027385711669922,27.31728172302246,25.178882598876953,27.02280616760254,-2.1005859375,28.865829467773438,29.118383638256333,28.218793869018555,-0.037237998098134995
1854-06-16 00:00:00,23.036659240722656,26.224348068237305,27.3294677734375,28.373089099606588,24.048337936401367,22.908329010009766,24.010679162919878,24.27286148071289,13.298718452453613,25.98161506652832,26.51264762878418,25.86886215209961,26.136106491088867,-0.5648133754730225,27.730512619018555,28.949433246764954,27.357662200927734,-0.8036655187606812
1854-07-16 12:00:00,21.610431671142578,25.361169815063477,27.315725326538086,28.372243959316926,25.151123046875,24.033388137817383,25.03325262880847,25.163127899169922,12.300649642944336,25.87604331970215,25.94344139099121,25.87904167175293,25.1711368560791,0.7924243807792664,27.06257438659668,28.79560074568226,26.884170532226562,-1.4648504257202148
1854-08-16 12:00:00,20.857234954833984,25.132722854614258,26.60630989074707,28.38329801307393,26.167190551757812,24.803071975708008,26.13084531663824,25.778886795043945,12.145679473876953,26.512615203857422,25.449922561645508,26.530019760131836,24.7762508392334,1.9532099962234497,26.893484115600586,28.67794806298979,26.668903350830078,-1.1808853149414062
1854-09-16 00:00:00,20.631959915161133,24.762134552001953,26.820465087890625,28.39615311266842,26.7520809173584,25.365055084228516,26.383966933188628,26.369140625,12.173145294189453,26.890195846557617,25.46265411376953,26.841049194335938,24.743972778320312,2.409162759780884,27.228351593017578,28.26783406173235,26.96816635131836,-0.5526731610298157
1854-10-16 12:00:00,20.950597763061523,24.63484764099121,26.70032501220703,28.393718765913757,26.004104614257812,24.980552673339844,26.379330517856925,26.534805297851562,13.065359115600586,26.99379539489746,26.011009216308594,27.022294998168945,25.151634216308594,2.400379180908203,27.783761978149414,28.23880970878412,27.506263732910156,-0.5217637419700623
1854-11-16 00:00:00,23.22689437866211,25.118629455566406,26.487457275390625,28.39725102844987,25.185518264770508,24.26551628112793,25.931802520911628,26.013927459716797,15.4630708694458,26.49423599243164,26.52472686767578,26.56436538696289,25.5411319732666,1.2152022123336792,27.780292510986328,28.17039231493996,27.742156982421875,-0.333944171667099
1854-12-16 12:00:00,23.31757926940918,25.3819637298584,26.413972854614258,28.39672701220189,23.23267936706543,22.88039779663086,25.05963126182986,24.870332717895508,17.094764709472656,25.441741943359375,27.049293518066406,25.58654022216797,26.127424240112305,-0.24645788967609406,27.7302188873291,28.17386247126418,28.145519256591797,-0.4835807979106903
1855-01-16 12:00:00,24.32508087158203,25.06588363647461,25.996850967407227,28.408489149110938,22.537832260131836,21.598838806152344,23.69495140193375,24.485612869262695,19.202482223510742,24.59638023376465,27.537612915039062,24.82222557067871,26.725460052490234,-1.8417775630950928,27.728103637695312,27.92531594662296,28.16231346130371,-0.4816126823425293
1855-02-15 00:00:00,25.437162399291992,26.14518165588379,26.234622955322266,28.400720030184413,21.83191680908203,20.75403594970703,23.37684107708795,23.61042594909668,19.689863204956055,24.39542007446289,27.667997360229492,24.60594940185547,27.264144897460938,-2.6987099647521973,27.92251968383789,27.84009287956728,28.338184356689453,-0.7163274884223938
1855-03-16 12:00:00,26.405441284179688,27.292510986328125,27.10912322998047,28.389390104103683,21.790538787841797,20.711498260498047,23.368918923608028,23.765247344970703,19.134185791015625,24.450803756713867,27.95991325378418,24.667356491088867,27.842025756835938,-2.3501181602478027,28.62847328186035,28.002888696637342,28.87689781188965,-0.18765181303024292
1855-04-16 00:00:00,25.67299461364746,27.630895614624023,27.76382064819336,28.372309109975458,22.10772705078125,21.32029914855957,23.416711576128748,23.767959594726562,17.4847354888916,24.709205627441406,28.08465576171875,24.814632415771484,27.598508834838867,-1.9766119718551636,28.91872787475586,28.59762949075649,29.27016258239746,0.4332527816295624
1855-05-16 12:00:00,24.2200927734375,27.583189010620117,27.41452407836914,28.345926161984625,22.982547760009766,21.955461502075195,24.104183203501158,23.547258377075195,15.695747375488281,25.306522369384766,27.331058502197266,24.721572875976562,26.982994079589844,-2.0962116718292236,28.82801055908203,28.870373978282277,28.40940284729004,-0.1746133714914322
1855-06-16 00:00:00,23.122766494750977,26.2844295501709,27.441003799438477,28.336252255594985,24.137248992919922,23.038026809692383,24.89594291421363,24.94481086730957,13.448976516723633,25.70834732055664,26.68608856201172,25.651559829711914,26.29579734802246,-0.5648133754730225,27.816129684448242,28.597688815615957,27.48850440979004,-0.9387989044189453
1855-07-16 12:00:00,23.01740264892578,25.60062026977539,27.01348114013672,28.343456371781908,25.08733558654785,23.800851821899414,25.67068818169846,25.37904167175293,12.08914852142334,26.20311164855957,26.139617919921875,25.996179580688477,25.4251651763916,0.8394245505332947,26.978944778442383,28.201955872775713,26.667118072509766,-1.2560361623764038
1855-08-16 12:00:00,20.76243782043457,25.017274856567383,27.041091918945312,28.349022857162396,26.07979965209961,24.787813186645508,26.50101790989509,26.06147575378418,12.103340148925781,26.769622802734375,25.878284454345703,26.59654998779297,24.859146118164062,1.9093551635742188,27.024782180786133,28.020937113638272,26.833391189575195,-1.0966814756393433
1855-09-16 00:00:00,20.56364631652832,24.607711791992188,26.75201416015625,28.36153451483374,26.427034378051758,25.170682907104492,26.764510226492764,26.69779396057129,12.288595199584961,27.013629913330078,25.613101959228516,26.986539840698242,24.760456085205078,2.525458335876465,27.124555587768555,27.913546221351353,27.016185760498047,-0.38192546367645264
1855-10-16 12:00:00,21.208274841308594,24.750463485717773,26.52243423461914,28.354068693847125,26.02739143371582,24.881118774414062,26.50098411359288,26.534805297851562,13.434350967407227,27.090225219726562,26.065349578857422,26.990123748779297,24.919824600219727,2.4112813472747803,27.90793800354004,28.080569225999323,27.60330581665039,-0.17481397092342377
1855-11-16 00:00:00,21.376628875732422,24.69055938720703,26.66938591003418,28.362552254209877,24.86727523803711,24.054285049438477,26.237769713491865,25.91046142578125,15.197513580322266,26.601816177368164,26.590503692626953,26.640050888061523,25.574050903320312,1.1133605241775513,28.002233505249023,28.246567333051075,28.067607879638672,-0.19162990152835846
1855-12-16 12:00:00,22.833738327026367,24.757076263427734,25.77206039428711,28.377059870170946,23.627187728881836,22.599939346313477,25.418477375183972,24.940820693969727,17.191619873046875,25.785402297973633,27.029813766479492,25.4942626953125,26.084819793701172,-0.28591933846473694,27.957590103149414,28.296679859863083,28.16704559326172,-0.4908269941806793
1856-01-16 12:00:00,24.29737091064453,25.293560028076172,26.105239868164062,28.39470001656142,22.312820434570312,21.50282859802246,24.40701017841605,24.248458862304688,19.136693954467773,24.757450103759766,27.500709533691406,24.848670959472656,26.86944007873535,-1.7795813083648682,27.757946014404297,28.221443915096668,28.045021057128906,-0.9529450535774231
1856-02-15 00:00:00,25.430391311645508,25.79889488220215,26.48656463623047,28.393433010974945,21.79340171813965,20.881269454956055,23.933812988090242,23.59171485900879,19.65857696533203,24.547388076782227,27.633888244628906,24.177392959594727,26.94872283935547,-3.002487897872925,28.06433868408203,27.912868533654144,28.231204986572266,-0.5853400826454163
1856-03-16 12:00:00,26.261568069458008,26.703792572021484,26.815858840942383,28.370396862439346,21.788835525512695,20.850862503051758,24.203094395679233,23.360759735107422,19.267372131347656,24.28534698486328,27.939632415771484,24.41059112548828,27.92889976501465,-3.168667793273926,28.541488647460938,28.12392827532381,28.85004234313965,0.12493294477462769
1856-04-16 00:00:00,25.647245407104492,27.122682571411133,28.482540130615234,28.364197275838997,22.090770721435547,21.204818725585938,24.325413246160647,23.297401428222656,17.284452438354492,24.62381362915039,27.886306762695312,24.67047119140625,27.598508834838867,-2.943356513977051,28.60638427734375,28.349869388657506,29.27768898010254,0.4332527816295624
1856-05-16 12:00:00,24.6391544342041,27.035690307617188,27.721406936645508,28.350083380144397,22.91646957397461,21.927745819091797,24.550702829676233,23.831968307495117,15.603062629699707,25.37830352783203,27.48438262939453,25.176254272460938,26.982994079589844,-2.1806640625,29.271726608276367,28.717757659983487,28.884902954101562,0.011196971870958805
1856-06-16 00:00:00,23.151769638061523,25.93021583557129,27.500539779663086,28.352065759443963,24.169857025146484,22.908329010009766,25.020437718854883,24.94697380065918,12.804662704467773,25.664249420166016,26.705354690551758,25.793140411376953,26.238256454467773,-0.32496243715286255,27.855880737304688,28.717449523485115,27.69959259033203,-1.0213747024536133
1856-07-16 12:00:00,21.584314346313477,25.73838233947754,27.008819580078125,28.350930459948593,25.301856994628906,24.044387817382812,25.759652132215173,25.321874618530273,12.181427001953125,26.171180725097656,25.97665786743164,26.13968849182129,25.48320960998535,0.7924243807792664,27.160009384155273,28.328612957235766,26.96646499633789,-1.4709326028823853
1856-08-16 12:00:00,20.948650360107422,25.017274856567383,27.041091918945312,28.356476749969165,26.248197555541992,25.09842872619629,26.450661969383383,26.026121139526367,11.559839248657227,26.62797737121582,25.449922561645508,26.643905639648438,24.95079231262207,2.0667877197265625,26.847904205322266,27.94196709612166,26.754074096679688,-1.0061191320419312
1856-09-16 00:00:00,20.544281005859375,24.87887954711914,26.797651290893555,28.36784538019572,26.7520809173584,25.76523780822754,26.760177102804562,26.70894432067871,11.982195854187012,26.999765396118164,25.462587356567383,27.014205932617188,24.931583404541016,2.4681289196014404,27.277267456054688,27.862872503164887,27.012420654296875,-0.38192546367645264
1856-10-16 12:00:00,20.89638328552246,24.96099090576172,26.457366943359375,28.37233062210638,26.214841842651367,25.565561294555664,26.457680383332672,26.534805297851562,13.250874519348145,27.153154373168945,25.922080993652344,27.029560089111328,24.946969985961914,2.421494245529175,27.626731872558594,28.019028636081394,27.430103302001953,-0.29602697491645813
1856-11-16 00:00:00,21.670513153076172,24.928855895996094,26.406997680664062,28.36791618912183,25.185518264770508,24.18437385559082,26.11425211303891,25.97247314453125,15.080300331115723,26.471817016601562,26.535594940185547,26.70265007019043,25.596242904663086,1.1133605241775513,28.038311004638672,28.090502528627706,27.95830535888672,-0.15425990521907806
1856-12-16 12:00:00,22.895479202270508,24.7098388671875,26.142595291137695,28.377939672592515,23.317127227783203,22.689611434936523,25.078408384320547,24.90460968017578,17.0786075592041,25.476991653442383,26.998876571655273,25.495216369628906,26.14589500427246,0.009142562747001648,27.836528778076172,28.197919834476586,28.335596084594727,-0.4431789815425873
1857-01-16 12:00:00,24.26517677307129,25.259979248046875,25.996850967407227,28.393362100306074,22.549152374267578,21.54909896850586,24.12577369981332,24.419601440429688,19.125019073486328,24.98658561706543,27.437944412231445,25.061532974243164,26.748613357543945,-1.8417775630950928,27.67369270324707,27.88500815861774,28.172048568725586,-0.6919173002243042
1857-02-15 00:00:00,26.060909271240234,26.359586715698242,26.555816650390625,28.397624698017875,21.83176612854004,20.949539184570312,23.696495529027253,23.9213924407959,19.570215225219727,24.019790649414062,27.633888244628906,24.52031135559082,27.410242080688477,-3.0830130577087402,27.96629524230957,27.841685667244683,28.28479766845703,-0.4539165198802948
1857-03-16 12:00:00,26.413454055786133,26.898874282836914,26.378393173217773,28.393487862922143,21.739946365356445,20.842039108276367,23.704492349513597,23.902528762817383,19.185028076171875,24.03857421875,27.96102523803711,24.425249099731445,27.609155654907227,-3.1683223247528076,28.664867401123047,28.170157525068472,29.005931854248047,0.021020593121647835
1857-04-16 00:00:00,25.34765625,27.262279510498047,27.6088924407959,28.380224743299134,22.0736141204834,21.341426849365234,23.909418210063706,24.103830337524414,17.31456756591797,24.376346588134766,27.877864837646484,24.802471160888672,27.686429977416992,-2.9729795455932617,29.115148544311523,28.765638514111128,29.188669204711914,0.4039381444454193
1857-05-16 12:00:00,24.139604568481445,26.74516487121582,27.694456100463867,28.36223978436812,22.852312088012695,22.058841705322266,24.1866177180028,23.547258377075195,14.935322761535645,25.30963134765625,27.48438262939453,24.894466400146484,27.083921432495117,-2.024786949157715,28.82801055908203,28.898363162975343,28.40940284729004,-0.1746133714914322
1857-06-16 00:00:00,22.809627532958984,26.363540649414062,27.374710083007812,28.37081385299546,24.384538650512695,22.842021942138672,24.859049293398613,24.788246154785156,13.1851224899292,25.599689483642578,26.63873291015625,25.952434539794922,26.29579734802246,-0.5648133754730225,27.990192413330078,28.86943385193787,27.569751739501953,-0.7348363399505615
1857-07-16 12:00:00,21.70716667175293,25.41500473022461,26.801189422607422,28.384815035625717,24.97901725769043,24.176843643188477,25.516453864407595,25.069679260253906,11.9909029006958,26.149368286132812,26.120174407958984,26.028091430664062,25.453508377075195,0.7924243807792664,27.160009384155273,28.23807613630338,26.968286514282227,-1.6128015518188477
1857-08-16 12:00:00,20.523202896118164,25.20995330810547,26.58965492248535,28.398552557279007,26.23863983154297,24.790388107299805,26.558606480174788,26.06147575378418,11.559839248657227,26.635438919067383,25.53183937072754,26.634716033935547,24.7762508392334,1.9532099962234497,26.837860107421875,28.02552595487171,26.74523162841797,-1.0101391077041626
1857-09-16 00:00:00,20.275362014770508,25.00615119934082,26.6251277923584,28.40689942922668,26.62013053894043,25.76523780822754,26.760275659814102,26.70894432067871,12.010077476501465,26.91112518310547,25.563261032104492,26.991004943847656,24.743972778320312,2.525458335876465,27.359647750854492,28.007061443129526,27.12714195251465,-0.5610113739967346
1857-10-16 12:00:00,20.79187774658203,25.1238956451416,26.342105865478516,28.410091291408886,26.292247772216797,25.157657623291016,26.558467995601106,26.534805297851562,13.284117698669434,27.153154373168945,25.807405471801758,27.013748168945312,24.852602005004883,2.421494245529175,27.641145706176758,27.911864188796763,27.501317977905273,-0.16101907193660736
1857-11-16 00:00:00,21.936050415039062,24.767045974731445,26.62779426574707,28.407586161639326,25.074466705322266,24.41482162475586,26.11856723154042,25.92893409729004,14.33316707611084,26.57351303100586,26.613679885864258,26.56436538696289,25.522239685058594,1.1133605241775513,28.034751892089844,28.205912983038264,27.856225967407227,-0.28245213627815247
1857-12-16 12:00:00,22.954504013061523,25.48090171813965,26.332773208618164,28.412176637495207,23.317127227783203,22.88039779663086,25.059386997528687,24.852876663208008,16.450334548950195,25.441741943359375,27.04995346069336,25.53803825378418,26.17387580871582,-0.34068921208381653,27.81366729736328,28.239764366137923,28.095809936523438,-0.4568781554698944
1858-01-16 12:00:00,24.29737091064453,25.28839874267578,26.3243350982666,28.4209883432216,22.417564392089844,21.6209774017334,24.12285175611882,24.416980743408203,18.57057762145996,24.982704162597656,27.341833114624023,24.732807159423828,26.748613357543945,-1.8417775630950928,27.741289138793945,27.870183620924177,28.049270629882812,-0.8259648084640503
1858-02-15 00:00:00,26.00143051147461,25.853687286376953,26.489051818847656,28.424293086261557,21.925334930419922,21.079837799072266,23.64350227682928,23.9213924407959,19.373422622680664,24.04430389404297,27.589365005493164,24.30909538269043,27.270559310913086,-2.89567232131958,27.992128372192383,27.822883517156637,28.425800323486328,-0.5818272829055786
1858-03-16 12:00:00,25.98946189880371,26.91343116760254,26.86632537841797,28.41474698512285,21.790538787841797,20.620075225830078,23.425128752611855,23.765247344970703,19.134206771850586,24.450803756713867,27.946048736572266,24.667356491088867,27.502750396728516,-2.872777223587036,28.412607192993164,28.034616033952968,28.58635711669922,-0.24256031215190887
1858-04-16 00:00:00,25.34765625,26.902263641357422,27.41705322265625,28.39792896460305,22.08200454711914,20.970548629760742,23.610633467459877,23.767959594726562,17.4847354888916,24.709205627441406,27.886306762695312,24.814632415771484,27.59785270690918,-2.594362497329712,28.91872787475586,28.61730148754337,29.043123245239258,0.4332527816295624
1858-05-16 12:00:00,24.27069664001465,27.027435302734375,27.536211013793945,28.385299852441186,22.96307945251465,22.115455627441406,23.70516039239012,24.04082679748535,15.493819236755371,25.027385711669922,27.45870590209961,25.178882598876953,26.995561599731445,-2.0962116718292236,28.9260196685791,28.547782296245302,28.85291290283203,0.08259444683790207
1858-06-16 00:00:00,23.266759872436523,26.30145263671875,27.431886672973633,28.3800697474506,24.11073112487793,23.04119300842285,24.123947528855265,25.080219268798828,13.19716739654541,25.388994216918945,26.577239990234375,25.22804832458496,26.287193298339844,-0.931736409664154,27.715171813964844,28.037948340120273,27.562917709350586,-0.7738296985626221
1858-07-16 12:00:00,21.610431671142578,25.384267807006836,26.749473571777344,28.375319188771687,24.832996368408203,24.154006958007812,24.82001759792188,25.11872100830078,11.86377239227295,25.881704330444336,26.06124496459961,26.176719665527344,25.16676139831543,0.950348973274231,27.01691436767578,27.826864323812682,26.721973419189453,-0.7939404845237732
1858-08-16 12:00:00,20.9252986907959,25.003976821899414,26.8870849609375,28.378762542964168,26.13793182373047,24.30872917175293,25.767723154061347,25.7497501373291,11.567047119140625,26.40083122253418,25.511892318725586,26.24873161315918,24.7762508392334,2.1221630573272705,26.845760345458984,27.79977222508845,26.74523162841797,-0.9096666574478149
1858-09-16 00:00:00,20.247419357299805,24.67473602294922,26.434709548950195,28.377205028045193,26.702333450317383,25.691640853881836,26.17534984640844,26.078882217407227,12.010077476501465,26.847192764282227,25.536375045776367,26.77117347717285,24.760456085205078,2.581761360168457,27.180627822875977,27.83330200097877,27.020401000976562,-0.5252386331558228
1858-10-16 12:00:00,21.232370376586914,24.9195556640625,26.357406616210938,28.37236092840969,26.275901794433594,25.580747604370117,26.10645709617004,26.33576202392578,13.519634246826172,26.891529083251953,26.133665084838867,26.82198143005371,25.125276565551758,2.0430140495300293,27.573726654052734,28.001285371451132,27.506404876708984,-0.2237095832824707
1858-11-16 00:00:00,21.829004287719727,25.008087158203125,25.904279708862305,28.365691044326464,25.18503189086914,24.25543975830078,25.553799409650058,25.632102966308594,14.470061302185059,26.298189163208008,26.539146423339844,26.21717643737793,25.529245376586914,1.1133605241775513,27.665498733520508,28.25926725963923,27.87543487548828,-0.2409275621175766
1858-12-16 12:00:00,22.54376983642578,24.695648193359375,25.539505004882812,28.367377667989107,23.363121032714844,22.578596115112305,24.368856003271844,24.685564041137695,17.19000244140625,25.216875076293945,27.049293518066406,25.30707550048828,26.212688446044922,-0.28591933846473694,27.7907772064209,28.221389865944438,28.027753829956055,-0.5734086632728577
1859-01-16 12:00:00,24.29737091064453,25.02491569519043,26.241548538208008,28.376293993927423,22.4367733001709,21.68709373474121,23.42180364023356,24.129772186279297,17.973342895507812,24.739261627197266,27.46992301940918,24.99315643310547,26.41062355041504,-1.8417775630950928,27.690948486328125,27.91511135867761,28.203113555908203,-0.6528130769729614
1859-02-15 00:00:00,25.742826461791992,26.07866859436035,26.399932861328125,28.377027624109825,21.83191680908203,20.75403594970703,23.404894816655467,23.61042594909668,19.6080379486084,24.39542007446289,27.64438819885254,24.60594940185547,27.19038200378418,-2.872225046157837,28.022293090820312,27.82524308765659,28.22157859802246,-0.44615456461906433
1859-03-16 12:00:00,26.413454055786133,26.824462890625,26.789052963256836,28.361492492472443,21.739946365356445,20.959489822387695,23.42356782033557,23.942401885986328,19.15461540222168,24.230592727661133,27.939632415771484,24.156177520751953,27.647031784057617,-3.343539237976074,28.477264404296875,28.084834066084422,28.749292373657227,-0.24256031215190887
1859-04-16 00:00:00,25.318683624267578,27.964208602905273,27.38920021057129,28.350654189082288,22.17366600036621,21.403791427612305,23.525885876313605,23.0833740234375,17.31456756591797,24.488994598388672,27.87611198425293,24.3232364654541,27.69028091430664,-3.2190065383911133,28.632444381713867,28.494975916547983,28.486051559448242,0.16871485114097595
1859-05-16 12:00:00,24.28023910522461,27.18695831298828,27.948253631591797,28.338681558115272,22.92660140991211,21.686931610107422,23.966349273726404,23.547258377075195,15.33051586151123,24.90363121032715,27.31728172302246,25.056875228881836,26.588300704956055,-1.900713562965393,29.23673439025879,28.489934225145166,28.884902954101562,0.023379603400826454
1859-06-16 00:00:00,23.238069534301758,26.937198638916016,27.770891189575195,28.334009150335927,24.19927215576172,23.03169822692871,24.876784764803283,24.94481086730957,13.19716739654541,25.564640045166016,26.68341827392578,26.06317901611328,26.153512954711914,-0.5792609453201294,28.06024932861328,28.311546446497697,27.71152687072754,-0.8604246377944946
1859-07-16 12:00:00,21.839500427246094,26.227197647094727,27.19220733642578,28.331295162522967,25.17268943786621,23.682819366455078,25.78026902873833,25.602252960205078,12.205907821655273,26.171180725097656,26.131511688232422,26.234018325805664,25.453508377075195,0.7608163356781006,27.20317840576172,28.200309699369033,27.03598403930664,-1.1545664072036743
1859-08-16 12:00:00,20.747657775878906,25.0421199798584,26.991594314575195,28.33877838787315,25.92976188659668,24.648502349853516,26.657108908947436,26.307998657226562,11.559839248657227,26.710556030273438,25.888368606567383,26.639482498168945,24.868860244750977,1.8411316871643066,26.90761947631836,27.894935867323166,26.603315353393555,-0.9185681939125061
1859-09-16 00:00:00,20.55208396911621,24.884990692138672,26.932817459106445,28.34136458516385,26.103208541870117,25.441999435424805,27.067762892772315,26.86345100402832,12.25585651397705,27.03449058532715,25.819894790649414,27.04738426208496,24.760456085205078,2.517042636871338,27.238927841186523,27.838211115203777,27.142553329467773,-0.16719847917556763
1859-10-16 12:00:00,20.858585357666016,25.11712074279785,26.70377540588379,28.33792349026164,25.97541618347168,24.942461013793945,26.568093454473953,26.59432601928711,13.375301361083984,27.01045036315918,26.014314651489258,27.09136962890625,25.0832576751709,2.308924436569214,27.791160583496094,27.93182701326199,27.771709442138672,-0.0917152687907219
1859-11-16 00:00:00,21.96852684020996,25.037094116210938,26.42905616760254,28.336196948343687,24.936763763427734,23.654321670532227,26.173485074419048,25.97247314453125,15.173530578613281,26.44944190979004,26.840721130371094,26.70265007019043,25.51287269592285,1.1601033210754395,27.99127197265625,28.22238696932697,27.77580451965332,-0.2055421620607376
1859-12-16 12:00:00,22.84797477722168,25.468708038330078,26.172439575195312,28.344393604280867,23.629281997680664,22.5478458404541,25.02239865421517,24.870332717895508,17.0786075592041,25.441741943359375,27.121206283569336,25.53803825378418,26.138137817382812,-0.27916622161865234,27.88260269165039,28.23891779188257,28.109994888305664,-0.4908269941806793
1860-01-16 12:00:00,24.26517677307129,25.52113914489746,26.489437103271484,28.351805911466617,22.73629379272461,21.562969207763672,23.835979718582198,23.667203903198242,18.97768783569336,24.611486434936523,27.329687118530273,25.17511749267578,26.725460052490234,-1.8417775630950928,27.757946014404297,27.847098557221834,28.228944778442383,-0.7468734979629517
1860-02-15 00:00:00,25.742826461791992,26.463720321655273,26.569820404052734,28.358291555809917,21.925334930419922,21.04814338684082,23.415087215203204,23.61042594909668,19.9768009185791,24.39542007446289,27.725862503051758,24.60594940185547,27.377344131469727,-2.8663105964660645,27.900768280029297,27.93105904164027,28.198759078979492,-0.6088725924491882
1860-03-16 12:00:00,25.689926147460938,27.607629776000977,27.167552947998047,28.3462471814952,21.89060401916504,20.99920082092285,23.40941155102622,23.765247344970703,19.323843002319336,24.450803756713867,27.94182014465332,24.667356491088867,27.677043914794922,-3.2097747325897217,28.787158966064453,28.26897497171626,29.09070587158203,-0.02590409852564335
1860-04-16 00:00:00,24.924367904663086,27.8792724609375,27.342815399169922,28.328965151504946,22.109268188476562,21.30510902404785,23.672845241814105,24.103830337524414,17.60175323486328,24.376346588134766,28.069377899169922,24.3232364654541,27.353574752807617,-2.8541738986968994,29.327468872070312,28.87712256197119,29.31153678894043,0.4332527816295624
1860-05-16 12:00:00,24.738981246948242,27.309450149536133,28.06238555908203,28.32864297107311,22.937795639038086,21.907123565673828,24.194704786177823,24.109722137451172,15.603062629699707,25.089290618896484,27.324867248535156,24.836875915527344,26.995561599731445,-2.062591791152954,29.04099464416504,28.640165743383996,29.123502731323242,0.10784360021352768
1860-06-16 00:00:00,25.059528350830078,26.937198638916016,27.509967803955078,28.3241732053249,24.19927215576172,22.908329010009766,24.806024143719238,25.106853485107422,13.252946853637695,25.780048370361328,26.68341827392578,26.06317901611328,26.276479721069336,-0.5648133754730225,28.0197696685791,28.221436358078517,27.506563186645508,-1.0026724338531494
1860-07-16 12:00:00,21.629796981811523,25.73838233947754,27.111642837524414,28.32407496847462,25.138864517211914,24.02288246154785,25.650977531188985,25.37904167175293,12.181427001953125,26.20311164855957,26.020158767700195,26.06949234008789,25.4251651763916,0.8396852612495422,27.125520706176758,27.805564135708384,26.862966537475586,-0.8051284551620483
1860-08-16 12:00:00,20.67778778076172,24.543760299682617,26.524089813232422,28.33821915278299,26.07979965209961,24.738361358642578,26.409189011700327,26.026121139526367,11.559839248657227,26.635438919067383,25.60043716430664,26.75154685974121,24.7762508392334,1.9532099962234497,26.989826202392578,27.601704251804627,26.625341415405273,-0.6152770519256592
1860-09-16 00:00:00,20.49718475341797,24.869352340698242,26.596172332763672,28.347689545587173,26.103208541870117,25.05767822265625,26.76136176074487,26.69779396057129,12.102516174316406,27.03025245666504,25.613101959228516,26.861103057861328,24.556188583374023,2.7159361839294434,27.322938919067383,27.62882243134296,27.18888282775879,-0.11151164025068283
1860-10-16 12:00:00,20.6751708984375,24.8388671875,26.848373413085938,28.345896375216796,25.959882736206055,24.9688777923584,26.66343189836295,26.76116371154785,13.558455467224121,27.307384490966797,26.065349578857422,26.990123748779297,25.03877067565918,2.308924436569214,27.842504501342773,27.71669483696106,27.506792068481445,0.05530306696891785
1860-11-16 00:00:00,21.488187789916992,24.626310348510742,26.45513343811035,28.344188004986716,24.625198364257812,23.856075286865234,26.240998690263584,25.946924209594727,15.173530578613281,26.741756439208984,26.58162498474121,26.679359436035156,25.5411319732666,1.1601033210754395,28.035463333129883,27.836174016356587,28.089719772338867,-0.14702458679676056
1860-12-16 12:00:00,22.833738327026367,24.768165588378906,26.32106590270996,28.349276143181616,23.463665008544922,22.766868591308594,25.207286987535753,24.888906478881836,17.279247283935547,25.400951385498047,27.029813766479492,25.554214477539062,26.14674186706543,-0.2762777805328369,27.96571922302246,28.00427333681799,28.346622467041016,-0.3162594735622406
1861-01-16 12:00:00,24.413257598876953,25.593528747558594,26.572301864624023,28.36777277698063,22.312820434570312,21.537221908569336,23.966440324675556,23.54588508605957,19.435672760009766,25.02694320678711,27.674415588378906,25.2614803314209,26.725460052490234,-1.8417775630950928,27.772756576538086,27.94053772246603,28.11627960205078,-0.6902707815170288
1861-02-15 00:00:00,26.060909271240234,26.170757293701172,26.424875259399414,28.378247580766594,21.827852249145508,21.010513305664062,23.42060544344438,23.61042594909668,19.47197151184082,24.175209045410156,27.75852394104004,24.60594940185547,27.033424377441406,-2.8747613430023193,28.022293090820312,27.84397815927654,28.275590896606445,-0.4686087667942047
1861-03-16 12:00:00,26.047788619995117,26.481060028076172,27.152942657470703,28.36353362782198,21.867084503173828,20.99920082092285,23.590149135767838,22.9576473236084,19.323843002319336,24.04053497314453,28.02159881591797,24.156177520751953,27.609155654907227,-3.450777292251587,28.477264404296875,28.029648189914475,28.843355178833008,-0.3385634124279022
1861-04-16 00:00:00,25.76939582824707,27.351259231567383,27.69330406188965,28.366073989010392,22.09772300720215,20.970483779907227,23.97264270035456,23.274381637573242,17.52743911743164,24.36380958557129,27.966035842895508,24.492660522460938,27.725337982177734,-2.9729795455932617,28.903644561767578,28.3304448468077,29.206958770751953,0.4039381444454193
1861-05-16 12:00:00,24.298791885375977,26.95564079284668,27.45522689819336,28.36013673001933,22.899967193603516,21.970226287841797,24.41630055953895,24.834632873535156,15.815719604492188,25.006162643432617,27.31728172302246,24.836875915527344,27.083921432495117,-1.9229168891906738,29.603046417236328,28.44457527255167,29.09100341796875,0.08012345433235168
1861-06-16 00:00:00,23.036659240722656,26.18027114868164,28.314964294433594,28.355451928384923,24.463354110717773,23.12769317626953,24.889147473069652,24.894453048706055,13.995793342590332,25.760770797729492,26.63873291015625,25.677154541015625,26.136106491088867,-0.5473718047142029,28.178913116455078,28.175242780914775,27.607526779174805,-0.8137323260307312
1861-07-16 12:00:00,21.295513153076172,25.361169815063477,27.180030822753906,28.349080997940618,24.832996368408203,24.143461227416992,25.46733808322467,25.121631622314453,12.333808898925781,26.105388641357422,25.899015426635742,25.84173011779785,25.16676139831543,0.8396852612495422,27.160009384155273,27.818938519653617,26.968286514282227,-0.6789249777793884
1861-08-16 12:00:00,20.857234954833984,24.846763610839844,26.763294219970703,28.35297258392607,26.206274032592773,24.308271408081055,26.24831000572271,25.786108016967773,11.905110359191895,26.512615203857422,25.511892318725586,26.530019760131836,24.759765625,1.9532099962234497,26.875015258789062,27.52490235473209,26.74523162841797,-0.5437501668930054
1861-09-16 00:00:00,20.740840911865234,24.440969467163086,26.675687789916992,28.351874166396527,26.66053009033203,25.68828582763672,26.50416722331566,26.407712936401367,11.954975128173828,26.882734298706055,25.536375045776367,26.841049194335938,24.556188583374023,2.4633822441101074,27.182767868041992,27.51808769166506,26.99954605102539,-0.08544590324163437
1861-10-16 12:00:00,21.068147659301758,24.96670913696289,26.75237464904785,28.344386643311942,26.25960922241211,25.552183151245117,26.40233840985529,26.49407196044922,13.558455467224121,26.980655670166016,25.90163230895996,26.896419525146484,25.14995002746582,2.33662486076355,27.791160583496094,27.64136178675143,27.621809005737305,0.19458456337451935
1861-11-16 00:00:00,21.354324340820312,25.280075073242188,26.42905616760254,28.340298757963314,25.185518264770508,24.268871307373047,26.141192020192467,25.946924209594727,14.470061302185059,26.471817016601562,26.52168083190918,26.70265007019043,25.522239685058594,1.1133605241775513,28.045103073120117,27.77206822220755,28.089719772338867,-0.10697326809167862
1861-12-16 12:00:00,22.862655639648438,25.133710861206055,27.066322326660156,28.332214495197007,23.50537109375,22.751026153564453,25.37763000892123,24.941801071166992,17.0786075592041,25.568769454956055,27.024667739868164,25.673831939697266,26.150636672973633,-0.24856896698474884,27.95047950744629,27.974592381033297,28.273340225219727,-0.35839349031448364
1862-01-16 12:00:00,24.594043731689453,25.522918701171875,26.36332893371582,28.339447282549703,22.39668083190918,21.60576820373535,24.204693160902774,24.78110694885254,19.004180908203125,24.98658561706543,27.329687118530273,25.145917892456055,26.704586029052734,-1.785021424293518,27.71833038330078,27.9278216307709,28.000633239746094,-0.6974131464958191
1862-02-15 00:00:00,25.488454818725586,26.626855850219727,26.364213943481445,28.346646243474044,21.925334930419922,21.079837799072266,24.03218089872318,23.22566795349121,19.667875289916992,24.143339157104492,27.755817413330078,24.1738224029541,27.38947868347168,-2.8641302585601807,27.92251968383789,27.838854300360126,28.40508270263672,-0.45045554637908936
1862-03-16 12:00:00,25.98946189880371,26.782419204711914,26.83985710144043,28.348520416343124,21.739946365356445,20.99920082092285,24.1050111357426,23.116592407226562,19.168834686279297,24.10984230041504,27.954849243164062,24.350345611572266,27.64750862121582,-3.0291125774383545,28.36969757080078,27.83216671806392,28.77027702331543,-0.018275359645485878
1862-04-16 00:00:00,24.924367904663086,27.630895614624023,28.09838104248047,28.332621986332292,22.109268188476562,21.192554473876953,24.75087823313044,23.69014549255371,17.63090705871582,24.79024314880371,27.839387893676758,24.797760009765625,27.353574752807617,-2.9739694595336914,28.97585678100586,28.25888877100893,29.27016258239746,0.4039381444454193
1862-05-16 12:00:00,24.297082901000977,27.18695831298828,27.99825668334961,28.31372708921927,22.885581970214844,21.865467071533203,25.211403329402998,23.969379425048828,15.603062629699707,25.03067398071289,27.31728172302246,25.01938819885254,27.04595947265625,-1.8874030113220215,28.82801055908203,28.348981733953053,28.4023494720459,0.0922270193696022
1862-06-16 00:00:00,24.561843872070312,26.37203598022461,27.35320281982422,28.317748349125434,24.13512420654297,23.048765182495117,25.6539935138888,24.748605728149414,13.19716739654541,25.658721923828125,26.69121742248535,25.670520782470703,26.287193298339844,-0.6620756387710571,28.05780792236328,27.91946090016064,27.63631820678711,-0.8149089217185974
1862-07-16 12:00:00,21.199153900146484,25.955385208129883,27.19220733642578,28.324489495731328,25.049482345581055,23.586212158203125,26.25442782446008,25.567325592041016,12.197397232055664,26.216325759887695,26.030916213989258,26.474950790405273,25.25957489013672,1.0028058290481567,27.181968688964844,27.648045177157613,26.983978271484375,-1.1177552938461304
1862-08-16 12:00:00,20.76243782043457,25.044715881347656,27.028594970703125,28.33732479398318,25.92976188659668,24.739248275756836,27.1954629510313,26.500215530395508,11.559839248657227,26.89213752746582,25.449922561645508,26.808992385864258,24.7762508392334,1.8721200227737427,26.96165657043457,26.77435458262816,26.87232780456543,-0.887785792350769
1862-09-16 00:00:00,20.518163681030273,24.620512008666992,26.812896728515625,28.338716936549062,26.183399200439453,25.016645431518555,27.377503028574978,26.865854263305664,11.982195854187012,27.074308395385742,25.462587356567383,27.155887603759766,24.760456085205078,2.4943597316741943,27.393619537353516,26.681994428087343,27.041568756103516,-0.4373561441898346
1862-10-16 12:00:00,21.028438568115234,24.792448043823242,26.75237464904785,28.334304119252366,25.850040435791016,24.79442024230957,27.095012334865764,27.004291534423828,12.964118003845215,27.264259338378906,26.011009216308594,27.405559539794922,25.153419494628906,2.2867472171783447,28.000276565551758,26.74817764556358,27.77947425842285,0.07475708425045013
1862-11-16 00:00:00,21.41343879699707,25.280075073242188,26.42905616760254,28.32839023188422,24.809463500976562,24.048707962036133,26.6099641897518,26.446596145629883,14.618851661682129,26.763256072998047,26.571212768554688,26.787160873413086,25.5411319732666,1.2920693159103394,28.398447036743164,27.526503011047275,28.105464935302734,-0.20741985738277435
1862-12-16 12:00:00,22.982322692871094,25.893386840820312,27.843374252319336,28.32720256590023,23.46335792541504,22.7900447845459,25.788993878676205,25.515487670898438,16.757835388183594,25.776248931884766,27.112197875976562,25.973125457763672,26.119935989379883,-0.30149295926094055,28.21857261657715,27.81010999996995,28.405492782592773,-0.10335277765989304
1863-01-16 12:00:00,24.413257598876953,25.36703872680664,26.36332893371582,28.337084841984964,22.371841430664062,21.593652725219727,24.73988396049988,24.066347122192383,17.973342895507812,25.196353912353516,27.48766326904297,25.152807235717773,26.786575317382812,-1.8662174940109253,27.829330444335938,28.19094250625781,28.275049209594727,-0.2576897144317627
1863-02-15 00:00:00,25.437162399291992,26.626855850219727,26.3157901763916,28.348582049245756,21.925334930419922,20.714916229248047,24.12264996777328,23.662378311157227,19.6080379486084,24.006446838378906,27.674009323120117,24.1738224029541,27.212926864624023,-2.877311944961548,28.030086517333984,28.64096049865988,28.606050491333008,-0.41209617257118225
1863-03-16 12:00:00,25.98946189880371,27.20183563232422,27.167552947998047,28.354793097991358,21.790538787841797,20.711498260498047,23.92900255876972,23.902528762817383,18.98230743408203,24.03425407409668,27.90715217590332,24.425249099731445,27.394899368286133,-3.4857633113861084,28.787158966064453,29.01308480255529,29.093528747558594,-0.2163192182779312
1863-04-16 00:00:00,24.877859115600586,27.93433380126953,27.650726318359375,28.3558407136722,22.03677749633789,20.879121780395508,23.951620437016075,24.103830337524414,16.669946670532227,24.36380958557129,28.08465576171875,24.64006233215332,27.630090713500977,-2.772214651107788,28.960105895996094,29.198109764370763,29.386423110961914,0.260520875453949
1863-05-16 12:00:00,23.719507217407227,27.20240592956543,27.99054527282715,28.34859333507042,22.970285415649414,22.070531845092773,24.129500290048732,23.547258377075195,15.351971626281738,24.7241153717041,27.31728172302246,24.968318939208984,27.04595947265625,-2.0969693660736084,29.38981819152832,29.011460710912836,28.83649253845215,0.11169660091400146
1863-06-16 00:00:00,22.83168601989746,26.079036712646484,27.00480079650879,28.347630984149617,24.061717987060547,23.01074981689453,24.48453232757726,25.044635772705078,13.19716739654541,25.699321746826172,26.892282485961914,25.553884506225586,26.22842025756836,-0.5174791216850281,28.08432388305664,28.849790646247033,27.466089248657227,-0.9004814028739929
1863-07-16 12:00:00,21.814668655395508,25.4716796875,27.10516929626465,28.363038987045023,24.97901725769043,24.08985710144043,25.262627001903688,25.217409133911133,11.86377239227295,25.9783935546875,25.912660598754883,25.795143127441406,25.447368621826172,0.950348973274231,26.96715545654297,28.221542827981438,26.923786163330078,-1.2639744281768799
1863-08-16 12:00:00,20.844701766967773,25.034278869628906,26.726327896118164,28.381026436368003,26.18951416015625,25.095073699951172,26.13971682657029,25.80443572998047,12.085731506347656,26.512615203857422,25.511892318725586,26.70439338684082,24.95079231262207,2.13958477973938,26.845760345458984,28.193886284440232,26.866058349609375,-1.1636890172958374
1863-09-16 00:00:00,20.422664642333984,24.762134552001953,26.544803619384766,28.39819684311883,26.66053009033203,25.275190353393555,26.562691382449987,26.576921463012695,12.25585651397705,27.062694549560547,25.46265411376953,26.81817054748535,24.931583404541016,2.4903061389923096,27.20140266418457,28.080028563855365,27.016389846801758,-0.5943582653999329
1863-10-16 12:00:00,20.87664794921875,24.96819305419922,26.436473846435547,28.40737424275248,26.214841842651367,25.167367935180664,26.384617071391038,26.49407196044922,13.250874519348145,26.973194122314453,26.206472396850586,27.022294998168945,25.075300216674805,2.4778764247894287,27.605276107788086,28.07666107163897,27.476505279541016,-0.28878065943717957
1863-11-16 00:00:00,21.96041488647461,25.090320587158203,26.65992546081543,28.40986948702992,25.253250122070312,23.94024085998535,25.994470150476147,25.97247314453125,14.470061302185059,26.58378028869629,26.566009521484375,26.679359436035156,25.522239685058594,1.1133605241775513,27.97490692138672,28.170179991973143,27.856225967407227,-0.27641525864601135
1863-12-16 12:00:00,22.832258224487305,25.426774978637695,26.485122680664062,28.4083774729531,23.550395965576172,22.739744186401367,25.237811858889895,24.941801071166992,17.19000244140625,25.400951385498047,26.99343490600586,25.545530319213867,26.187606811523438,-0.27916622161865234,27.88260269165039,28.203064716586606,28.108901977539062,-0.4360121786594391
1864-01-16 12:00:00,24.4715518951416,25.074010848999023,26.351543426513672,28.426585357341512,22.554018020629883,21.489192962646484,24.25383304348063,24.289993286132812,18.866008758544922,24.45314598083496,27.352943420410156,24.77144432067871,26.786575317382812,-1.8981740474700928,27.757946014404297,28.12377909863078,28.228944778442383,-0.4816126823425293
1864-02-15 00:00:00,25.742826461791992,25.91036033630371,26.489051818847656,28.432373730156545,21.78132438659668,20.933073043823242,23.76860307783298,23.662378311157227,19.47197151184082,24.0283260345459,27.729419708251953,24.154666900634766,27.344804763793945,-3.3496973514556885,28.06433868408203,27.867460360523605,28.37401580810547,-0.597065269947052
1864-03-16 12:00:00,26.500844955444336,26.631479263305664,26.677473068237305,28.42248146467593,21.790538787841797,20.672382354736328,23.675915946392916,22.769149780273438,19.18463134765625,24.03857421875,27.789031982421875,24.211856842041016,27.542678833007812,-3.522691249847412,28.36969757080078,28.034990089376734,28.663188934326172,-0.38603082299232483
1864-04-16 00:00:00,25.34765625,26.74694061279297,27.41705322265625,28.398283058033556,22.15834617614746,21.191251754760742,24.0918925803318,23.571699142456055,17.546899795532227,25.07308006286621,27.955049514770508,24.718502044677734,27.659143447875977,-2.979409694671631,28.706357955932617,28.45717169732446,28.6185359954834,0.05257426202297211
1864-05-16 12:00:00,24.323060989379883,27.093427658081055,27.536211013793945,28.38580823706927,22.89503288269043,22.196388244628906,24.368136156663805,24.174028396606445,15.33051586151123,24.803390502929688,27.433921813964844,25.09498405456543,27.02280616760254,-2.0946948528289795,28.56340980529785,28.472115702049603,28.395238876342773,-0.0049712988547980785
1864-06-16 00:00:00,22.812807083129883,26.30145263671875,26.962465286254883,28.38415826298585,24.19927215576172,23.04044532775879,25.037618359391388,24.6573543548584,13.1328763961792,25.509613037109375,26.579370498657227,25.5729923248291,26.342601776123047,-0.5983408093452454,27.835289001464844,28.455426864793903,27.314781188964844,-0.888288140296936
1864-07-16 12:00:00,21.610431671142578,25.361169815063477,27.243858337402344,28.388127239505028,25.305585861206055,23.95963478088379,26.113877761835003,25.567325592041016,12.14981746673584,26.35206413269043,25.903017044067383,26.236387252807617,25.271610260009766,1.0028058290481567,27.042804718017578,28.165691024434448,26.968286514282227,-1.548348307609558
1864-08-16 12:00:00,20.4704532623291,25.02525520324707,26.886863708496094,28.394703744538965,26.194311141967773,24.596790313720703,26.854071705131464,26.459383010864258,12.044499397277832,26.70523452758789,25.511892318725586,26.99857521057129,24.859146118164062,1.9466238021850586,26.86653709411621,28.010532370522395,26.74523162841797,-1.335243821144104
1864-09-16 00:00:00,20.247419357299805,24.869352340698242,26.641557693481445,28.395360100763124,26.30768585205078,25.441999435424805,27.280354991820797,26.98546600341797,12.137618064880371,27.055522918701172,25.536375045776367,27.22040367126465,24.760456085205078,2.4528346061706543,27.359647750854492,27.99152645897377,26.99954605102539,-0.4904293119907379
1864-10-16 12:00:00,21.013051986694336,24.9195556640625,26.488920211791992,28.39474464348188,26.055416107177734,25.053266525268555,27.195012097751857,27.079235076904297,13.421645164489746,27.17597770690918,25.95722198486328,27.308765411376953,25.168413162231445,2.2510805130004883,27.778440475463867,28.028384058638522,27.43675422668457,-0.2555534243583679
1864-11-16 00:00:00,21.670513153076172,24.777734756469727,26.375444412231445,28.390550460131227,24.936763763427734,23.856075286865234,26.523599998772298,26.446596145629883,14.968718528747559,26.63325309753418,26.539146423339844,26.78406524658203,25.648176193237305,1.2105848789215088,27.840364456176758,28.11445484577275,27.83449935913086,-0.433453232049942
1864-12-16 12:00:00,22.833738327026367,24.529361724853516,26.6290283203125,28.39452156558977,23.70216941833496,22.641063690185547,25.57657523683808,25.432645797729492,17.117361068725586,25.707216262817383,27.049293518066406,26.020633697509766,26.150636672973633,-0.2533327043056488,27.86238670349121,28.165553709915397,28.14897346496582,-0.45811736583709717
1865-01-16 12:00:00,24.381183624267578,25.189027786254883,26.49873924255371,28.40905897272547,22.74185562133789,21.537221908569336,24.409810626488476,24.08901596069336,19.19010353088379,24.466060638427734,27.500709533691406,24.703088760375977,26.636959075927734,-1.7186036109924316,27.815509796142578,28.08975228038992,28.221885681152344,-0.5276486873626709
1865-02-15 00:00:00,25.742826461791992,25.869173049926758,25.904354095458984,28.401086675636627,21.810379028320312,21.079837799072266,23.739259897571472,22.83931541442871,19.591777801513672,24.03232765197754,27.825424194335938,24.816503524780273,27.274442672729492,-3.1485164165496826,28.022293090820312,28.08013964469184,28.426101684570312,-0.5118727087974548
1865-03-16 12:00:00,25.861764907836914,26.810283660888672,26.85361099243164,28.39053049060181,21.769001007080078,20.912960052490234,23.98026764577848,23.53104591369629,19.23184585571289,24.42701530456543,27.96102523803711,24.256071090698242,27.92889976501465,-3.450777292251587,28.412607192993164,28.1707007337066,28.719785690307617,-0.27715250849723816
1865-04-16 00:00:00,25.109352111816406,27.251008987426758,27.48358154296875,28.377562401962596,22.03677749633789,21.383846282958984,24.109611158753108,23.31745147705078,17.4847354888916,24.372344970703125,27.99778938293457,24.67047119140625,27.770160675048828,-3.002073287963867,28.660215377807617,28.640143980629492,28.486051559448242,0.24437381327152252
1865-05-16 12:00:00,24.35095977783203,26.95564079284668,27.721406936645508,28.36346318992197,22.976947784423828,22.03278160095215,24.194647250336985,24.08621597290039,15.493819236755371,25.35076141357422,27.31728172302246,24.97902488708496,26.995561599731445,-2.024786949157715,28.469139099121094,28.859583042731447,28.4023494720459,0.14260779321193695
1865-06-16 00:00:00,23.258100509643555,26.17461585998535,27.47952651977539,28.355721743924178,24.428678512573242,23.022035598754883,24.67309355463475,24.951616287231445,13.277902603149414,25.61685562133789,26.68608856201172,25.860193252563477,26.18726921081543,-0.5648133754730225,27.7758731842041,28.67842432732082,27.607526779174805,-0.7348363399505615
1865-07-16 12:00:00,21.618602752685547,25.629390716552734,27.111642837524414,28.34624673130647,24.898143768310547,24.08985710144043,25.415362308164248,25.121631622314453,12.166253089904785,26.105388641357422,25.948049545288086,25.971847534179688,25.43320655822754,0.7924243807792664,27.218852996826172,28.22142187725179,27.01240348815918,-1.5247982740402222
1865-08-16 12:00:00,20.809534072875977,25.05109405517578,26.68685531616211,28.34615854558615,26.18951416015625,25.176904678344727,26.356661900404227,26.026121139526367,12.103340148925781,26.4902400970459,25.888368606567383,26.75154685974121,24.921024322509766,2.0446650981903076,26.837860107421875,27.84149176802677,26.83353042602539,-1.0726343393325806
1865-09-16 00:00:00,20.556354522705078,25.14996337890625,26.812896728515625,28.34444478000267,26.702333450317383,25.76523780822754,26.63726954074295,26.70894432067871,12.16018009185791,27.062694549560547,25.641597747802734,27.043100357055664,24.760456085205078,2.469074249267578,27.439361572265625,27.840014302745725,27.008466720581055,-0.38192546367645264
1865-10-16 12:00:00,21.34893035888672,24.990007400512695,26.525379180908203,28.336170887064526,26.25688362121582,25.487632751464844,26.489803947060636,26.534805297851562,13.529657363891602,26.973194122314453,26.20046615600586,27.013748168945312,25.156496047973633,2.400379180908203,27.842504501342773,28.011179125226047,27.481266021728516,-0.09075343608856201
1865-11-16 00:00:00,23.01879119873047,24.974397659301758,26.481342315673828,28.32899027528759,25.18503189086914,24.212425231933594,26.185462756359946,25.981470108032227,15.108895301818848,26.43545913696289,26.603206634521484,26.62449836730957,25.604965209960938,1.1601033210754395,28.008989334106445,28.221420924653476,27.95830535888672,-0.20247088372707367
1865-12-16 12:00:00,22.55256462097168,25.63695526123047,26.622398376464844,28.325646391132526,23.292625427246094,22.79163360595703,25.377232849641192,25.553817749023438,17.0786075592041,25.400951385498047,27.114038467407227,25.829845428466797,26.187606811523438,-0.25931596755981445,27.987232208251953,28.33171203550386,28.339946746826172,-0.38718459010124207
1866-01-16 12:00:00,24.381183624267578,26.033376693725586,27.00773811340332,28.331603965208526,22.389965057373047,21.634784698486328,24.15098303875906,24.37370491027832,19.301288604736328,24.851091384887695,27.48766326904297,24.77144432067871,26.725460052490234,-1.9823741912841797,27.757946014404297,28.249058810259577,28.045021057128906,-0.39649292826652527
1866-02-15 00:00:00,25.437162399291992,27.337697982788086,26.656705856323242,28.33447821305965,21.925334930419922,21.06808853149414,23.706504583295352,23.543001174926758,19.96177864074707,24.0283260345459,27.710315704345703,24.540143966674805,27.377344131469727,-2.9126291275024414,27.862146377563477,28.23001697136799,28.44057846069336,-0.5463012456893921
1866-03-16 12:00:00,26.413454055786133,26.90738296508789,27.08824920654297,28.324888427323092,21.769001007080078,20.959489822387695,23.695724156185662,23.33916664123535,19.443944931030273,24.03425407409668,27.94961166381836,24.52882957458496,27.544904708862305,-3.630075454711914,28.882413864135742,28.42656042367285,29.074974060058594,-0.018275359645485878
1866-04-16 00:00:00,25.67299461364746,27.80576515197754,27.917016983032227,28.316779316247498,22.065832138061523,21.19706153869629,23.69466702799133,24.074790954589844,17.546899795532227,24.352306365966797,27.994125366210938,24.839582443237305,27.659143447875977,-3.091524124145508,29.593055725097656,29.250637802187935,29.31443977355957,0.11358771473169327
1866-05-16 12:00:00,24.60980224609375,27.058319091796875,27.574352264404297,28.307625426810457,22.92660140991211,21.92843246459961,24.36585162655282,24.08621597290039,15.493819236755371,25.006162643432617,27.58662986755371,25.026535034179688,27.02280616760254,-2.1644821166992188,29.04099464416504,29.071617704112924,28.877376556396484,0.02484239637851715
1866-06-16 00:00:00,23.03880500793457,26.478824615478516,27.725976943969727,28.308493314313136,24.431503295898438,23.116580963134766,24.986741046264562,25.178085327148438,13.1328763961792,25.655941009521484,26.7691650390625,25.80999183654785,26.276479721069336,-0.5939998030662537,28.039793014526367,28.718768108588414,27.575275421142578,-0.7967223525047302
1866-07-16 12:00:00,21.215240478515625,25.96833038330078,26.940168380737305,28.315843278885065,25.02484893798828,24.176843643188477,25.670264580551994,25.39653205871582,12.070320129394531,26.108646392822266,26.131511688232422,26.23636817932129,25.16676139831543,0.7989293336868286,27.011198043823242,28.290349681607385,26.860149383544922,-1.2738940715789795
1866-08-16 12:00:00,20.783416748046875,25.0421199798584,26.613582611083984,28.322725981674516,26.18951416015625,24.82913589477539,26.25664405557843,25.7633113861084,11.692780494689941,26.4902400970459,25.630786895751953,26.530019760131836,24.7762508392334,1.9583479166030884,26.989826202392578,27.843392350574938,26.78760528564453,-0.9036297798156738
1866-09-16 00:00:00,20.8719539642334,24.921871185302734,26.912338256835938,28.3318094824113,26.66053009033203,25.68828582763672,26.626260724088404,26.576921463012695,12.398287773132324,27.062694549560547,25.593233108520508,26.80887794494629,24.743972778320312,2.469074249267578,27.21746063232422,27.827781856131217,27.20781707763672,-0.3110748827457428
1866-10-16 12:00:00,21.22492790222168,24.72920799255371,26.70377540588379,28.33408303574305,26.33634376525879,25.167367935180664,26.410418180097885,26.49407196044922,13.54468059539795,26.973194122314453,26.17886734008789,27.006879806518555,25.151634216308594,2.400379180908203,27.931642532348633,27.895014992633037,27.59202003479004,-0.17038902640342712
1866-11-16 00:00:00,21.493797302246094,25.179044723510742,27.047792434692383,28.325578295252964,25.185518264770508,24.268871307373047,26.03427716165093,25.92893409729004,15.182718276977539,26.471817016601562,26.603206634521484,26.70265007019043,25.522239685058594,1.1133605241775513,28.008989334106445,28.084963220555508,28.045705795288086,-0.03458748012781143
1866-12-16 12:00:00,22.70543098449707,25.263389587402344,26.910484313964844,28.321882774028232,23.629281997680664,22.56808853149414,25.173778725622814,24.941801071166992,17.542970657348633,25.568769454956055,27.13277244567871,25.484607696533203,26.150636672973633,-0.3245011866092682,27.962636947631836,28.238972470280153,28.28278923034668,-0.5028941631317139
1867-01-16 12:00:00,24.5924015045166,26.09024429321289,26.652584075927734,28.31015346819675,22.41536521911621,21.60576820373535,24.00876300014011,23.667203903198242,19.435672760009766,24.459932327270508,27.49982261657715,24.62449073791504,26.725460052490234,-1.7186036109924316,27.675933837890625,28.23853562556798,28.24028968811035,-0.65287846326828
1867-02-15 00:00:00,25.437162399291992,26.196950912475586,27.124691009521484,28.317331265244576,21.78132438659668,20.662609100341797,23.419028895494534,23.61042594909668,19.9768009185791,24.39542007446289,27.811656951904297,24.60594940185547,27.377344131469727,-2.542581081390381,27.950084686279297,28.22152704018041,28.457286834716797,-0.4723653197288513
1867-03-16 12:00:00,26.4671573638916,27.31442642211914,27.28144073486328,28.310027705225874,21.769001007080078,20.842039108276367,23.760595254341737,23.902528762817383,18.82487678527832,24.03857421875,28.1082820892334,24.21478843688965,27.661401748657227,-3.3696820735931396,28.615339279174805,28.319476887647795,28.86464500427246,-0.19308869540691376
1867-04-16 00:00:00,25.76325798034668,27.326627731323242,27.465824127197266,28.307700943117126,22.15834617614746,21.19706153869629,24.103050708448365,24.103830337524414,17.53736686706543,24.372344970703125,28.052072525024414,24.492660522460938,27.700016021728516,-3.4204657077789307,28.960105895996094,28.877127685918104,29.42858123779297,0.07837929576635361
1867-05-16 12:00:00,24.655864715576172,26.974040985107422,27.59420394897461,28.295905653866708,22.937795639038086,21.923410415649414,24.58530624598103,24.834632873535156,15.733305931091309,24.74688720703125,27.49454689025879,25.2570743560791,27.02280616760254,-1.900713562965393,29.603046417236328,28.869170659192502,28.823823928833008,0.055335819721221924
1867-06-16 00:00:00,23.035629272460938,26.578454971313477,27.633649826049805,28.29583223351317,24.233705520629883,23.086456298828125,25.1893330197996,25.104610443115234,13.749955177307129,25.509613037109375,26.90033531188965,25.7095947265625,26.277978897094727,-0.5792609453201294,28.08819007873535,28.673525803777842,27.518827438354492,-0.7954024076461792
1867-07-16 12:00:00,21.837549209594727,25.47066879272461,26.948930740356445,28.303985998360396,25.169097900390625,24.02288246154785,25.7833818593817,25.410947799682617,12.172664642333984,26.222599029541016,26.04964828491211,26.13968849182129,25.446853637695312,0.7924243807792664,27.25452423095703,28.171641140830484,26.878021240234375,-0.8898867964744568
1867-08-16 12:00:00,22.814638137817383,25.34897232055664,26.653156280517578,28.314922726350325,25.917232513427734,24.787813186645508,26.380050025196475,25.786108016967773,12.085731506347656,26.635438919067383,25.6815242767334,26.530019760131836,24.67789649963379,2.13958477973938,27.065393447875977,27.822489602383314,26.960792541503906,-0.5283174514770508
1867-09-16 00:00:00,22.51727294921875,24.739046096801758,25.87651252746582,28.306110906613196,26.38017463684082,25.021739959716797,26.700951596706822,26.628328323364258,12.398287773132324,27.00661849975586,25.89813995361328,26.861103057861328,24.928857803344727,2.4954440593719482,27.42680549621582,27.7188906239454,27.380624771118164,-0.20217594504356384
1867-10-16 12:00:00,20.674301147460938,23.97676658630371,25.566322326660156,28.29992214505717,25.937747955322266,25.05320930480957,26.581402566962574,26.59432601928711,13.165145874023438,27.090225219726562,26.104694366455078,27.029560089111328,25.24762535095215,2.167262554168701,28.08038330078125,27.718926865489546,27.79771614074707,0.11722888797521591
1867-11-16 00:00:00,21.792316436767578,26.092700958251953,25.803647994995117,28.290773551638736,24.90965461730957,24.196496963500977,26.354454541188346,25.981470108032227,14.248127937316895,26.601816177368164,26.69761085510254,26.640050888061523,25.76238250732422,1.1133605241775513,28.398447036743164,27.797365501167505,28.105464935302734,-0.06820789724588394
1867-12-16 12:00:00,22.557575225830078,24.706138610839844,25.510648727416992,28.298694118161766,23.596845626831055,22.7855224609375,25.512928970809003,25.125213623046875,15.85315227508545,25.741422653198242,27.114038467407227,25.545530319213867,26.084819793701172,-0.28591933846473694,28.18492317199707,27.97203982292529,28.545333862304688,-0.2490597516298294
1868-01-16 12:00:00,24.381183624267578,25.283479690551758,25.854677200317383,28.302634581822694,22.56280517578125,21.531410217285156,24.76763358631089,24.08901596069336,17.973342895507812,24.88393783569336,27.478578567504883,24.8182373046875,26.636959075927734,-1.7190368175506592,27.85050392150879,28.67892778384961,28.292383193969727,-0.5035147070884705
1868-02-15 00:00:00,25.771799087524414,26.017166137695312,25.912452697753906,28.306970339893724,21.79340171813965,20.834415435791016,24.20933963598302,23.346540451049805,19.229007720947266,24.29186248779297,27.73069190979004,24.43477439880371,27.2813663482666,-2.744030237197876,28.079870223999023,29.131398392110224,28.75792694091797,-0.7520409226417542
1868-03-16 12:00:00,26.68736457824707,26.75640296936035,26.37261962890625,28.304450340158436,21.834915161132812,20.850862503051758,24.411667787564983,23.12242317199707,18.847412109375,24.00710678100586,28.094701766967773,24.350345611572266,27.842025756835938,-3.3311023712158203,28.86840057373047,29.26489037689458,29.030324935913086,0.10149506479501724
1868-04-16 00:00:00,25.882408142089844,27.474933624267578,27.825469970703125,28.309373493853563,22.19915771484375,21.165422439575195,24.825778565035414,23.644834518432617,16.669946670532227,24.544178009033203,28.002666473388672,24.67047119140625,27.79669952392578,-3.1306169033050537,29.139820098876953,29.386201211120206,29.34385871887207,0.19252586364746094
1868-05-16 12:00:00,24.038711547851562,26.84608268737793,27.721406936645508,28.327467265662392,22.87497901916504,21.918628692626953,25.172516914076994,24.122692108154297,15.351971626281738,25.025676727294922,27.31728172302246,25.09498405456543,27.23231315612793,-2.024786949157715,29.432886123657227,29.262563772150198,28.947582244873047,0.12184592336416245
1868-06-16 00:00:00,22.77092170715332,26.177032470703125,27.20718765258789,28.353746329753083,24.048337936401367,23.051761627197266,25.58839075826561,24.750452041625977,13.601643562316895,25.7738094329834,26.892282485961914,25.763700485229492,26.22842025756836,-0.636827290058136,28.103965759277344,28.9631694413387,27.521286010742188,-0.8445753455162048
1868-07-16 12:00:00,21.70716667175293,25.445581436157227,26.85893440246582,28.388561301329688,25.283246994018555,24.003143310546875,26.24018905093712,25.592350006103516,12.369160652160645,26.42799186706543,25.94344139099121,26.281888961791992,25.44735336303711,0.8396852612495422,27.266265869140625,28.450434745539418,27.027862548828125,-1.344795823097229
1868-08-16 12:00:00,20.39389419555664,25.05678939819336,27.21957778930664,28.430040077931686,26.167190551757812,24.772850036621094,26.944617951535925,26.488407135009766,11.905110359191895,26.94977378845215,25.511892318725586,26.907915115356445,24.705041885375977,1.9532099962234497,27.084692001342773,27.992050952678166,26.792577743530273,-0.742070734500885
1868-09-16 00:00:00,20.57650375366211,24.912342071533203,27.315330505371094,28.455516099114575,26.674936294555664,25.76523780822754,27.26910590265236,26.771026611328125,12.410477638244629,27.259065628051758,25.563261032104492,27.13583755493164,24.94618797302246,2.432462215423584,27.36663818359375,28.026949468107833,27.07440185546875,-0.5172797441482544
1868-10-16 12:00:00,20.744781494140625,25.049514770507812,27.400287628173828,28.46659577678849,26.23212432861328,25.565561294555664,26.942039764953442,27.10811424255371,13.205355644226074,27.348628997802734,25.807405471801758,27.47806167602539,25.245698928833008,2.400379180908203,27.911853790283203,28.245147877734535,27.621809005737305,-0.17534711956977844
1868-11-16 00:00:00,21.58612632751465,25.35498809814453,27.508089065551758,28.47492407158334,24.883630752563477,24.212425231933594,26.25282216322263,25.981470108032227,14.968718528747559,26.741756439208984,26.518882751464844,26.860742568969727,25.76238250732422,1.1133605241775513,27.879594802856445,28.33033400877697,27.948467254638672,-0.39557644724845886
1868-12-16 12:00:00,22.895479202270508,25.403545379638672,27.3316707611084,28.487357588474183,23.26342010498047,22.678300857543945,25.37815406761523,24.940820693969727,17.32664680480957,25.400951385498047,26.940237045288086,25.484607696533203,26.14589500427246,-0.28591933846473694,27.81366729736328,28.221577087255945,28.227174758911133,-0.48554831743240356
1869-01-16 12:00:00,24.765615463256836,25.25409507751465,26.907197952270508,28.490555629640774,22.453079223632812,21.682058334350586,24.133994017962888,23.667203903198242,18.994646072387695,24.982704162597656,27.234519958496094,24.732807159423828,26.80271339416504,-1.906542420387268,27.693565368652344,28.011204476288636,27.995689392089844,-0.9528235793113708
1869-02-15 00:00:00,25.771799087524414,25.67820930480957,26.797330856323242,28.47684836851201,21.83191680908203,20.75403594970703,23.415771726640116,23.61042594909668,19.621057510375977,24.39542007446289,27.662960052490234,24.60594940185547,27.41652488708496,-2.815229892730713,27.94440460205078,27.91284315690958,28.493295669555664,-0.8469653129577637
1869-03-16 12:00:00,26.261568069458008,26.554786682128906,27.11775779724121,28.46034160691867,21.790538787841797,20.711498260498047,23.40631351300048,23.765247344970703,18.806039810180664,24.450803756713867,27.981508255004883,24.667356491088867,27.453645706176758,-3.450777292251587,28.51687240600586,28.169917119838196,28.621137619018555,-0.251128226518631
1869-04-16 00:00:00,25.06613540649414,26.79267120361328,27.416032791137695,28.454672726383684,22.08200454711914,20.879121780395508,23.424450104687292,24.103830337524414,17.129009246826172,24.709205627441406,27.824871063232422,24.814632415771484,27.44788360595703,-3.3243677616119385,28.706357955932617,28.65175165965075,28.549806594848633,-0.17284393310546875
1869-05-16 12:00:00,24.57431411743164,26.307191848754883,27.32124900817871,28.440504058847687,23.19420051574707,21.825063705444336,23.833758080040237,23.68594741821289,15.006706237792969,24.91927146911621,27.03534698486328,24.894466400146484,27.083921432495117,-2.024786949157715,28.488569259643555,28.77180395112818,28.31405258178711,-0.32150158286094666
1869-06-16 00:00:00,23.113134384155273,25.598915100097656,27.14446258544922,28.434944599523647,24.366056442260742,23.07772445678711,24.490828124709324,25.021900177001953,12.75648307800293,26.154109954833984,26.63521385192871,26.02808952331543,26.136106491088867,-0.5503128170967102,27.62822914123535,28.516475303722178,27.320653915405273,-1.0170824527740479
1869-07-16 12:00:00,21.395347595214844,25.43871307373047,26.79938316345215,28.439484244341116,24.97901725769043,24.176843643188477,25.545977963690483,25.764324188232422,11.671504974365234,26.141254425048828,25.76605796813965,26.277250289916992,25.407251358032227,0.870465874671936,27.03525733947754,28.21259220574947,26.884170532226562,-1.322108507156372
1869-08-16 12:00:00,20.457483291625977,24.763505935668945,26.71123695373535,28.444076883911578,26.23863983154297,25.09842872619629,26.386209976052914,26.26102066040039,11.567047119140625,26.770097732543945,25.53183937072754,26.59654998779297,24.564119338989258,1.944987177848816,26.893484115600586,28.04087179489279,26.668903350830078,-1.156773567199707
1869-09-16 00:00:00,20.275362014770508,24.942832946777344,26.6251277923584,28.444996183638477,26.674936294555664,25.365055084228516,26.745107312030992,26.86345100402832,12.010077476501465,26.94612693786621,25.563261032104492,27.01091957092285,24.598146438598633,2.4940671920776367,27.228351593017578,28.1157853661615,26.96816635131836,-0.6333768367767334
1869-10-16 12:00:00,20.79187774658203,25.00556182861328,26.546585083007812,28.438522383673334,26.25444793701172,25.125930786132812,26.557559150963108,26.81740951538086,13.061820030212402,26.973194122314453,25.80747413635254,27.205467224121094,24.97218894958496,2.3457233905792236,27.6138858795166,28.424549835444658,27.538928985595703,-0.30559012293815613
1869-11-16 00:00:00,21.794326782226562,24.767045974731445,26.598325729370117,28.438280793474828,24.883630752563477,24.26551628112793,26.240604751033356,26.264848709106445,14.33316707611084,26.44944190979004,26.399717330932617,26.871906280517578,25.549053192138672,1.2547677755355835,27.761672973632812,28.298354980176047,27.805908203125,-0.3688521385192871
1869-12-16 12:00:00,22.94217300415039,25.45508575439453,26.655677795410156,28.441308823980833,23.23267936706543,22.779766082763672,25.364691046067982,25.553817749023438,17.238117218017578,25.47056770324707,26.944215774536133,25.715713500976562,26.14674186706543,-0.2753794491291046,27.84604263305664,28.080246320720047,28.176992416381836,-0.3254368305206299
1870-01-16 12:00:00,24.36228370666504,25.727941513061523,26.453508377075195,28.438417786235753,22.422876358032227,21.572120666503906,23.918471753174444,24.78110694885254,17.824108123779297,24.583843231201172,27.24595832824707,25.145917892456055,26.421768188476562,-1.8662174940109253,27.741289138793945,27.84118996767064,28.277585983276367,-0.9528235793113708
1870-02-15 00:00:00,25.771799087524414,25.633665084838867,26.489051818847656,28.437159174497783,21.83191680908203,20.75403594970703,23.41468521106199,23.9213924407959,19.23268699645996,24.39542007446289,27.517263412475586,24.603639602661133,27.233264923095703,-2.8694875240325928,27.992128372192383,27.79280877219023,28.48478889465332,-0.7073817849159241
1870-03-16 12:00:00,26.85408592224121,27.119272232055664,27.044557571411133,28.422561648092454,21.790538787841797,20.711498260498047,23.40945472279027,22.9576473236084,19.134206771850586,24.450803756713867,27.825408935546875,24.156177520751953,27.577106475830078,-3.522691249847412,28.521358489990234,27.92972872254238,28.820575714111328,0.021020593121647835
1870-04-16 00:00:00,25.67299461364746,27.352840423583984,27.57312774658203,28.395187075934615,22.08200454711914,20.970483779907227,23.61084514803862,24.103830337524414,17.31456756591797,24.709205627441406,27.8912410736084,24.3232364654541,27.374740600585938,-3.091524124145508,28.91872787475586,28.7664737937761,29.27016258239746,0.07837929576635361
1870-05-16 12:00:00,24.632579803466797,27.06153678894043,28.076444625854492,28.37924321777163,22.92660140991211,22.058841705322266,24.201689612953356,24.26751136779785,15.493819236755371,25.470111846923828,27.514896392822266,25.723302841186523,26.572616577148438,-1.9089374542236328,28.620866775512695,28.900252620956536,28.388681411743164,0.14260779321193695
1870-06-16 00:00:00,24.965232849121094,26.115005493164062,27.455839157104492,28.37301604329809,24.366056442260742,22.865802764892578,24.878842937022885,25.04502296447754,13.19716739654541,25.561460494995117,26.572519302368164,25.651968002319336,26.136106491088867,-0.5473718047142029,27.667278289794922,28.64632645299099,27.602014541625977,-0.802202045917511
1870-07-16 12:00:00,21.735692977905273,25.60062026977539,26.98472785949707,28.368296050092752,24.898143768310547,23.977550506591797,25.569294711456294,25.410947799682617,12.110201835632324,26.12346649169922,25.8787784576416,26.13968849182129,25.25957489013672,0.7608163356781006,27.03525733947754,28.41053212100472,26.884170532226562,-1.4648504257202148
1870-08-16 12:00:00,20.783416748046875,25.033048629760742,26.553157806396484,28.372171632392405,26.23863983154297,25.095073699951172,26.39170384464339,26.063636779785156,11.567047119140625,26.75975799560547,25.449989318847656,26.635358810424805,24.7762508392334,1.9444578886032104,26.893484115600586,28.066479469281834,26.668903350830078,-1.1304506063461304
1870-09-16 00:00:00,20.77593421936035,24.873323440551758,26.95905876159668,28.370982703826233,26.62013053894043,25.275190353393555,26.746156341386964,26.984416961669922,11.982195854187012,26.999765396118164,25.462587356567383,27.010889053344727,24.743972778320312,2.517042636871338,27.228351593017578,27.981927389539536,26.96816635131836,-0.5943582653999329
1870-10-16 12:00:00,20.829463958740234,25.094120025634766,26.838666915893555,28.348473048278734,26.292247772216797,25.075414657592773,26.621745899416396,27.12525749206543,13.27242374420166,27.090225219726562,26.065349578857422,27.185396194458008,25.156496047973633,2.3062191009521484,27.573726654052734,28.036666714920596,27.428152084350586,-0.029981816187500954
1870-11-16 00:00:00,21.426136016845703,25.152976989746094,26.728500366210938,28.346694008443368,25.24650001525879,24.26551628112793,26.235924270475245,26.264848709106445,14.235941886901855,26.66394805908203,26.65117073059082,26.860742568969727,25.51228141784668,1.2065730094909668,27.840364456176758,28.20407506356714,27.778196334838867,-0.328665554523468
1870-12-16 12:00:00,22.55256462097168,25.507518768310547,26.725255966186523,28.343763606360987,23.317127227783203,22.56808853149414,25.380567991143074,25.45119857788086,16.139986038208008,25.400951385498047,27.121206283569336,25.659828186035156,26.138137817382812,-0.2753794491291046,27.80574607849121,28.124785482472973,28.109994888305664,-0.4472167193889618
1871-01-16 12:00:00,24.381183624267578,25.630918502807617,26.684471130371094,28.34669073361435,22.39869499206543,21.531410217285156,24.29202967853288,24.222415924072266,18.19671058654785,24.74529457092285,27.327062606811523,25.152807235717773,26.725460052490234,-1.8850867748260498,27.757946014404297,28.0448940828758,28.000633239746094,-0.6528130769729614
1871-02-15 00:00:00,26.00143051147461,26.506969451904297,27.197669982910156,28.343926655358338,21.83191680908203,21.079837799072266,23.798452114412513,23.662378311157227,19.05682945251465,24.03232765197754,27.722230911254883,24.1738224029541,27.264144897460938,-3.3568947315216064,28.036855697631836,28.00329316463257,28.346281051635742,-0.46669867634773254
1871-03-16 12:00:00,26.14141845703125,26.999874114990234,27.09221839904785,28.336721517570787,21.769001007080078,20.979434967041016,23.733424044851873,23.15877914428711,18.98230743408203,24.03857421875,27.947336196899414,24.797258377075195,27.502750396728516,-3.3170175552368164,28.882413864135742,28.716650496913733,29.093528747558594,-0.17168699204921722
1871-04-16 00:00:00,25.21373176574707,27.630895614624023,27.829580307006836,28.331361541910198,22.088912963867188,21.403791427612305,23.66564095352777,23.0833740234375,17.10408592224121,24.488994598388672,27.913394927978516,24.3232364654541,27.75634765625,-3.1306169033050537,28.949195861816406,28.962909864988948,29.27016258239746,0.05257426202297211
1871-05-16 12:00:00,24.198896408081055,27.376441955566406,27.90740966796875,28.315154734324917,22.89503288269043,21.970226287841797,24.100725351512214,24.530963897705078,15.394755363464355,24.90363121032715,27.57895851135254,24.8909969329834,26.891321182250977,-2.0572969913482666,28.869388580322266,28.972557942137026,28.877376556396484,-0.1746133714914322
1871-06-16 00:00:00,23.078262329101562,26.25718116760254,27.880952835083008,28.31121252888661,24.35405731201172,23.03169822692871,24.874261427850076,25.069990158081055,13.1328763961792,25.780048370361328,26.79387855529785,25.69906997680664,26.29579734802246,-0.5648133754730225,28.0555362701416,28.769719278188866,27.65811538696289,-1.0013444423675537
1871-07-16 12:00:00,21.65948486328125,26.28653335571289,27.4423828125,28.31333552571249,25.206377029418945,23.526384353637695,25.672738300343646,25.321874618530273,11.9909029006958,26.222599029541016,26.03289031982422,25.91668128967285,25.271610260009766,0.8779987692832947,27.268999099731445,28.31873431745433,26.622234344482422,-1.0738567113876343
1871-08-16 12:00:00,20.82212257385254,25.0421199798584,27.299327850341797,28.32057087085714,25.891828536987305,24.466035842895508,26.501593767521634,26.063636779785156,11.559839248657227,26.66555404663086,25.632518768310547,26.547727584838867,24.868860244750977,1.9532099962234497,27.024782180786133,27.85887708640023,26.579608917236328,-0.8153582215309143
1871-09-16 00:00:00,20.556869506835938,25.14996337890625,26.922683715820312,28.33021449588329,26.158374786376953,24.988414764404297,26.85777644829607,26.70894432067871,12.398287773132324,27.029277801513672,25.819894790649414,27.043100357055664,24.743972778320312,2.5154061317443848,27.387065887451172,27.838553601257193,27.20781707763672,-0.15934056043624878
1871-10-16 12:00:00,21.19051742553711,24.798826217651367,26.838666915893555,28.32215050572764,25.95693016052246,25.053266525268555,26.857776562729335,26.81740951538086,13.434350967407227,27.348628997802734,26.014314651489258,27.195451736450195,25.125276565551758,2.3812358379364014,27.930124282836914,27.89354847075454,27.79323387145996,-0.09759388118982315
1871-11-16 00:00:00,21.555742263793945,25.13141632080078,27.10140609741211,28.316941366227443,24.839746475219727,24.04442596435547,26.48938804414161,26.264848709106445,14.975388526916504,26.747426986694336,26.61464500427246,26.773469924926758,25.52713394165039,1.2105848789215088,28.2060489654541,28.152585488769745,28.081233978271484,-0.2912544012069702
1871-12-16 12:00:00,23.097028732299805,25.582088470458984,27.463035583496094,28.33056308819511,23.52008056640625,22.65391731262207,25.661908064948538,25.45119857788086,17.19000244140625,25.825092315673828,27.270483016967773,25.750457763671875,26.119935989379883,-0.2533327043056488,28.050893783569336,28.22152484927668,28.280399322509766,-0.15460450947284698
1872-01-16 12:00:00,24.381183624267578,25.523422241210938,26.28592872619629,28.35250250775519,22.312820434570312,21.720056533813477,24.32706789135137,23.838863372802734,18.994646072387695,24.74529457092285,27.471586227416992,24.957090377807617,26.725460052490234,-1.7186036109924316,27.661867141723633,28.20496224329256,28.137521743774414,-0.65287846326828
1872-02-15 00:00:00,25.437162399291992,25.976743698120117,26.570737838745117,28.35963924846779,21.827852249145508,20.983186721801758,23.958148115733522,23.24808692932129,19.53469467163086,24.0283260345459,27.720928192138672,24.52031135559082,27.264144897460938,-2.744030237197876,28.02654266357422,28.311695210046704,28.45575714111328,-0.5853400826454163
1872-03-16 12:00:00,26.85408592224121,27.074222564697266,26.67677116394043,28.358401994018347,21.774917602539062,20.827566146850586,24.11151037942932,22.769149780273438,18.806039810180664,24.220474243164062,28.023662567138672,24.797258377075195,27.650432586669922,-3.346792459487915,28.615339279174805,28.614301748290327,28.726436614990234,-0.2498732954263687
1872-04-16 00:00:00,25.028181076049805,27.262279510498047,27.663454055786133,28.35430502557676,22.10772705078125,21.383846282958984,23.914693938945113,24.103830337524414,17.26576805114746,24.352306365966797,28.16476058959961,24.3232364654541,27.6738224029541,-3.0034773349761963,29.15969467163086,28.76563296257111,29.454710006713867,0.4039381444454193
1872-05-16 12:00:00,24.258384704589844,26.899599075317383,27.381717681884766,28.34801329901169,22.903547286987305,21.864927291870117,24.205232954642195,24.519424438476562,15.211731910705566,25.35076141357422,27.31728172302246,24.9948673248291,27.100059509277344,-2.1806640625,29.411874771118164,28.93491039565225,29.238832473754883,0.055335819721221924
1872-06-16 00:00:00,22.797039031982422,26.363540649414062,27.279783248901367,28.341461114294262,24.048337936401367,23.02675437927246,25.0235387643882,25.04502296447754,13.225238800048828,25.68183135986328,26.69121742248535,25.651968002319336,26.29579734802246,-0.5033288598060608,28.06024932861328,28.59798676071664,27.691051483154297,-0.809820294380188
1872-07-16 12:00:00,21.70716667175293,25.31364631652832,27.29392433166504,28.347097617797107,25.362133026123047,24.044387817382812,25.66508264088996,25.321874618530273,12.14981746673584,26.108646392822266,25.94344139099121,25.996179580688477,25.16676139831543,0.7608163356781006,27.103361129760742,28.16997854909597,26.860149383544922,-1.344795823097229
1872-08-16 12:00:00,20.45574188232422,25.030548095703125,26.29261589050293,28.3656137726953,26.194311141967773,24.64728546142578,26.395749017779664,26.279664993286133,11.559839248657227,26.770097732543945,25.449922561645508,26.475849151611328,24.759765625,2.019474506378174,26.942401885986328,27.841105190765614,26.60173797607422,-0.9036297798156738
1872-09-16 00:00:00,20.953718185424805,24.869352340698242,26.64575958251953,28.376139500775206,26.0954532623291,25.31553840637207,26.685274702203525,26.628328323364258,11.982195854187012,26.999765396118164,25.462587356567383,26.81817054748535,24.598146438598633,2.7159361839294434,27.322938919067383,27.838067452506273,26.930824279785156,-0.4558982253074646
1872-10-16 12:00:00,21.232370376586914,24.625137329101562,26.492568969726562,28.36789557364107,26.02153968811035,25.137296676635742,26.560650971661765,26.59432601928711,13.205355644226074,27.001585006713867,25.90163230895996,27.044029235839844,25.0832576751709,2.308924436569214,27.74730110168457,27.870106337005534,27.3929500579834,-0.0917152687907219
1872-11-16 00:00:00,21.670740127563477,24.55512237548828,26.66938591003418,28.35457761572239,24.839746475219727,23.864559173583984,26.222723294799884,25.981470108032227,15.080300331115723,26.741756439208984,26.535594940185547,26.679359436035156,25.648176193237305,1.2387118339538574,27.97995376586914,28.048323031335798,27.75604820251465,-0.3573865294456482
1872-12-16 12:00:00,22.833738327026367,24.757076263427734,26.32107925415039,28.355052603812087,23.627187728881836,22.512279510498047,25.21905879353337,24.828487396240234,17.191619873046875,25.536468505859375,27.049293518066406,25.57703971862793,26.1453857421875,-0.24645788967609406,27.734785079956055,28.17003382978432,28.076181411743164,-0.4908269941806793
1873-01-16 12:00:00,24.413257598876953,25.593528747558594,26.572301864624023,28.365540232190238,22.466894149780273,21.537221908569336,24.20515501804929,24.094087600708008,18.994646072387695,24.74529457092285,27.500709533691406,25.031526565551758,26.786575317382812,-1.935211420059204,27.67369270324707,27.924098383136194,28.13621711730957,-0.6893846392631531
1873-02-15 00:00:00,26.060909271240234,26.23765754699707,26.488739013671875,28.362543469594428,21.77756118774414,20.834415435791016,23.889898305731894,23.24808692932129,19.42173194885254,24.0283260345459,27.743453979492188,24.52031135559082,27.033424377441406,-2.744030237197876,27.92251968383789,27.834271103725182,28.37401580810547,-0.45045554637908936
1873-03-16 12:00:00,25.885082244873047,27.531143188476562,27.049278259277344,28.346845658644536,21.84441375732422,21.015174865722656,23.99444736379491,23.899974822998047,19.134185791015625,24.06409454345703,27.937734603881836,24.425249099731445,27.631479263305664,-3.338569164276123,28.53206443786621,28.010633940260114,28.888765335083008,-0.018275359645485878
1873-04-16 00:00:00,25.804611206054688,27.47169303894043,27.702550888061523,28.33249321236126,22.015300750732422,21.139957427978516,24.26804764432671,23.803190231323242,17.10408592224121,24.62381362915039,27.94890785217285,24.44124984741211,27.353574752807617,-3.2190065383911133,28.710453033447266,28.4503325285942,29.461841583251953,0.07837929576635361
1873-05-16 12:00:00,24.6400146484375,27.065340042114258,28.038908004760742,28.311462101803194,23.006460189819336,21.71304702758789,25.02683437781273,24.08367919921875,15.493819236755371,25.033985137939453,27.324867248535156,25.41197395324707,27.065380096435547,-1.900713562965393,28.865829467773438,28.519100264806415,28.537303924560547,0.13027682900428772
1873-06-16 00:00:00,23.14070701599121,27.197824478149414,27.880952835083008,28.30630841054399,24.137248992919922,22.879182815551758,25.64753404715527,24.613399505615234,13.252946853637695,25.658721923828125,26.68608856201172,25.61538314819336,26.277978897094727,-0.5327686071395874,27.625431060791016,28.01041793175802,27.420848846435547,-0.8252161145210266
1873-07-16 12:00:00,23.48890495300293,25.847951889038086,27.4183349609375,28.31087722809698,25.206377029418945,23.65983772277832,26.241253717356106,25.592350006103516,12.12631607055664,26.208864212036133,25.97665786743164,26.321197509765625,25.4427547454834,0.7989293336868286,26.96715545654297,27.651574131241137,27.01240348815918,-0.8904371857643127
1873-08-16 12:00:00,22.814638137817383,25.29694175720215,26.893922805786133,28.319679552694325,25.78579330444336,24.29045867919922,26.989689936181257,26.58034896850586,11.567047119140625,26.679733276367188,25.449922561645508,26.77411460876465,24.91740608215332,1.9532099962234497,27.024782180786133,26.654644537054892,26.754074096679688,-1.08506441116333
1873-09-16 00:00:00,20.74690055847168,24.767112731933594,26.255266189575195,28.330620212268695,26.509756088256836,25.148338317871094,27.636978906573397,26.98546600341797,12.010077476501465,27.292335510253906,25.462587356567383,27.22040367126465,24.94342613220215,2.7159361839294434,27.387065887451172,25.733802728362164,27.051097869873047,-0.4376574754714966
1873-10-16 12:00:00,20.294912338256836,25.134458541870117,26.918014526367188,28.322235455348125,25.873546600341797,25.182706832885742,27.336273505742525,27.1138916015625,12.819453239440918,27.427820205688477,26.003812789916992,27.308765411376953,25.075300216674805,2.297872543334961,27.871604919433594,26.662192566514793,27.484643936157227,0.40542134642601013
1873-11-16 00:00:00,21.550281524658203,25.236047744750977,27.272642135620117,28.314521513111906,24.85310173034668,24.07978630065918,26.880695865918103,26.479875564575195,14.33316707611084,26.700214385986328,26.598649978637695,26.895246505737305,25.567277908325195,1.1716536283493042,28.232440948486328,27.409275897513968,28.080650329589844,-0.20741985738277435
1873-12-16 12:00:00,22.70543098449707,25.65397071838379,27.199674606323242,28.313512440481453,23.716711044311523,22.757984161376953,26.022137030986777,25.49496078491211,16.288999557495117,25.92226219177246,27.121206283569336,26.021846771240234,26.15000343322754,-0.2533327043056488,28.129785537719727,27.734194063752163,28.280399322509766,-0.10335277765989304
1874-01-16 12:00:00,24.5924015045166,25.44624900817871,27.205354690551758,28.319733895708918,22.68198013305664,21.509666442871094,25.030936289869977,24.154924392700195,18.866008758544922,24.74189567565918,27.487459182739258,25.137964248657227,26.693950653076172,-1.9823741912841797,27.85050392150879,27.92957365474396,28.316539764404297,-0.3833700120449066
1874-02-15 00:00:00,26.00143051147461,26.296396255493164,27.124691009521484,28.33579188642644,21.929035186767578,20.71685218811035,24.976379226385657,23.460472106933594,19.25152587890625,24.188962936401367,27.674009323120117,24.357013702392578,27.122587203979492,-2.8749277591705322,28.045631408691406,28.201741284832828,28.333681106567383,-0.44615456461906433
1874-03-16 12:00:00,26.00208282470703,27.14109230041504,26.867149353027344,28.33891635205236,21.9283447265625,20.870546340942383,24.941830451076545,23.375965118408203,18.62025260925293,24.163528442382812,28.017292022705078,24.483055114746094,27.425804138183594,-3.414564371109009,28.834680557250977,28.617324950789772,29.434749603271484,0.03043494187295437
1874-04-16 00:00:00,25.800403594970703,27.47530746459961,27.71394157409668,28.339559068828706,22.118484497070312,21.222200393676758,25.172442374549526,23.521818161010742,17.31456756591797,24.472719192504883,27.92030143737793,24.648174285888672,27.6738224029541,-2.9739694595336914,29.252382278442383,28.86725517144397,29.43275260925293,0.4827828109264374
1874-05-16 12:00:00,24.038711547851562,26.639158248901367,27.59403419494629,28.33865665800772,22.96718406677246,21.72861099243164,25.68171094206207,24.367412567138672,15.351971626281738,25.04868507385254,27.3099308013916,25.19392967224121,27.04595947265625,-1.0075055360794067,29.169389724731445,28.73087560330976,28.877376556396484,0.10928315669298172
1874-06-16 00:00:00,22.809627532958984,25.955400466918945,27.296302795410156,28.3515839397569,24.13512420654297,23.052467346191406,26.10969965517153,24.795955657958984,13.298718452453613,25.662395477294922,26.63384246826172,25.871448516845703,26.153512954711914,-0.3081665337085724,28.156143188476562,28.39277999666447,27.58570098876953,-0.8831992745399475
1874-07-16 12:00:00,21.395347595214844,25.18938446044922,26.93730354309082,28.376512645882425,24.792476654052734,23.632041931152344,26.489461725410976,25.616764068603516,12.300649642944336,26.247325897216797,25.912660598754883,26.28520965576172,25.271610260009766,0.9413184523582458,27.111284255981445,27.994907842249468,26.705400466918945,-0.9381648302078247
1874-08-16 12:00:00,20.523202896118164,25.013248443603516,27.14063835144043,28.417098797503176,26.03348731994629,24.69034194946289,27.108840328528927,26.43494415283203,12.085731506347656,26.89213752746582,25.53183937072754,26.921977996826172,24.7762508392334,2.0091779232025146,26.939306259155273,27.800026387095773,26.754074096679688,-0.5283174514770508
1874-09-16 00:00:00,20.57650375366211,24.912342071533203,27.029464721679688,28.424271571540476,26.309572219848633,25.17219352722168,27.455564624069314,26.89017677307129,12.102516174316406,27.245107650756836,25.563261032104492,27.13583755493164,24.556188583374023,2.465668201446533,27.246370315551758,27.802020890804354,26.99954605102539,-0.3441506624221802
1874-10-16 12:00:00,20.957889556884766,25.202678680419922,27.096025466918945,28.432075200055916,25.850170135498047,24.854236602783203,27.196698540684796,26.988779067993164,13.434350967407227,27.34772300720215,26.19952392578125,27.308765411376953,25.14995002746582,2.3879427909851074,27.778440475463867,27.826599278709008,27.59015464782715,-0.17038902640342712
1874-11-16 00:00:00,21.936050415039062,25.35498809814453,27.186161041259766,28.436463414601572,24.883543014526367,23.92715835571289,26.860795017269535,26.479875564575195,14.470061302185059,26.623003005981445,26.613679885864258,26.94920539855957,25.549680709838867,1.4554367065429688,27.912242889404297,28.127829006070233,27.742156982421875,-0.1938292533159256
1874-12-16 12:00:00,22.85942268371582,25.403545379638672,26.903602600097656,28.444423815433716,23.321584701538086,22.766868591308594,26.17346482128795,25.40996742248535,17.062776565551758,25.759145736694336,26.994220733642578,26.155399322509766,26.212688446044922,0.1286146491765976,27.7847843170166,28.221577583441572,28.044631958007812,-0.27100101113319397
1875-01-16 12:00:00,24.26517677307129,24.982877731323242,26.616151809692383,28.45792246620521,22.601829528808594,21.610305786132812,25.08168471749605,24.0733642578125,19.523530960083008,24.710844039916992,27.34697914123535,24.8970890045166,26.786575317382812,-0.9344367384910583,27.741289138793945,28.18865402916049,28.223834991455078,-0.6338457465171814
1875-02-15 00:00:00,26.060909271240234,25.817447662353516,26.47216033935547,28.462162142379235,21.925334930419922,20.983186721801758,24.36034797943854,23.461231231689453,19.503496170043945,24.112533569335938,27.74444580078125,24.191925048828125,27.377344131469727,-2.8694875240325928,27.992128372192383,27.83757929109891,28.251237869262695,-0.44145917892456055
1875-03-16 12:00:00,26.413454055786133,26.481060028076172,26.57626724243164,28.4461029975448,21.89060401916504,20.910341262817383,24.351126173176084,23.532634735107422,19.1513729095459,24.483444213867188,27.791656494140625,24.326004028320312,27.677043914794922,-3.152667760848999,28.431087493896484,27.826410617514,28.552967071533203,-0.305321604013443
1875-04-16 00:00:00,24.882780075073242,27.34902000427246,27.379301071166992,28.414956395566257,22.0919246673584,21.204818725585938,24.490203425714476,23.56673812866211,17.53736686706543,24.354679107666016,27.955049514770508,24.40289878845215,27.353574752807617,-2.979409694671631,28.308650970458984,28.31479625858474,28.569774627685547,-0.17284393310546875
1875-05-16 12:00:00,24.87485694885254,27.093427658081055,27.69527816772461,28.39541137459921,22.839868545532227,21.876070022583008,24.95807747911752,23.9408016204834,15.33051586151123,24.9902286529541,27.41161346435547,24.977134704589844,27.02280616760254,-1.88667893409729,28.536447525024414,28.551518030477915,28.166793823242188,0.1033317968249321
1875-06-16 00:00:00,23.322526931762695,25.983051300048828,27.595062255859375,28.385074688534168,24.19927215576172,23.076738357543945,25.418281342794913,24.613399505615234,13.19716739654541,25.53791618347168,26.633012771606445,25.61538314819336,26.086626052856445,-0.25494277477264404,27.730512619018555,28.350103965504438,27.57460594177246,-0.7210734486579895
1875-07-16 12:00:00,21.91631507873535,25.361169815063477,26.95892906188965,28.384661938312007,25.362133026123047,23.95963478088379,26.151768561080967,25.566801071166992,11.9909029006958,26.193492889404297,25.903017044067383,26.281888961791992,25.335432052612305,0.7745410799980164,27.032636642456055,28.196148067042426,26.968286514282227,-1.4709326028823853
1875-08-16 12:00:00,20.809534072875977,25.003976821899414,26.90205192565918,28.392738638891633,26.062360763549805,24.698062896728516,26.854374844393316,26.29684829711914,11.559839248657227,26.710556030273438,25.511892318725586,26.765687942504883,24.599889755249023,1.9496551752090454,26.893484115600586,27.922781338652232,26.668903350830078,-1.2052953243255615
1875-09-16 00:00:00,20.49718475341797,24.91069221496582,26.820465087890625,28.40606126460256,26.845687866210938,25.351430892944336,27.155633283772247,26.7828311920166,12.25585651397705,27.052379608154297,25.536375045776367,27.285585403442383,24.598146438598633,2.448481798171997,27.228351593017578,28.02701694017483,26.96816635131836,-0.5722436904907227
1875-10-16 12:00:00,22.626386642456055,24.77625846862793,26.70032501220703,28.405226627607725,26.17935562133789,24.854236602783203,26.943794342809966,26.978872299194336,13.558455467224121,27.124950408935547,26.206472396850586,27.47806167602539,24.97218894958496,2.308417320251465,27.571584701538086,28.247282322157687,27.36907196044922,-0.30559012293815613
1875-11-16 00:00:00,21.332168579101562,25.008087158203125,26.375444412231445,28.3989154529127,25.148681640625,23.954200744628906,26.419363240165666,26.513992309570312,15.182718276977539,26.5943546295166,26.539146423339844,26.78406524658203,25.36528778076172,1.4656497240066528,27.72443962097168,28.447353066954623,27.829105377197266,-0.638126015663147
1875-12-16 12:00:00,23.31757926940918,24.622392654418945,26.69584083557129,28.40786890712703,23.292625427246094,22.7855224609375,25.41732774836141,25.196041107177734,17.191619873046875,25.400951385498047,26.998876571655273,25.659828186035156,25.954654693603516,0.0019828355871140957,27.68872833251953,28.221463304866962,28.235597610473633,-0.2428307682275772
1876-01-16 12:00:00,24.381183624267578,25.184797286987305,25.996850967407227,28.415889286884262,22.41536521911621,21.558443069458008,24.185049441522622,24.116647720336914,19.56020736694336,24.98658561706543,27.333574295043945,25.117000579833984,26.443864822387695,-1.7622624635696411,27.741289138793945,27.81955605764555,28.32782554626465,-0.6919173002243042
1876-02-15 00:00:00,25.437162399291992,25.869173049926758,25.904354095458984,28.399486742342866,21.810379028320312,20.714916229248047,23.61592686222576,23.9213924407959,19.61481475830078,24.175209045410156,27.589365005493164,24.30909538269043,27.233264923095703,-2.8694875240325928,28.06433868408203,27.819978852898227,28.22157859802246,-0.45699551701545715
1876-03-16 12:00:00,26.405441284179688,26.679014205932617,26.829713821411133,28.382594457879314,21.790538787841797,20.711498260498047,23.420495423436307,23.765247344970703,19.437374114990234,24.450803756713867,27.953765869140625,24.667356491088867,27.383201599121094,-3.185399293899536,28.57902717590332,27.94456631391734,28.749292373657227,0.03043494187295437
1876-04-16 00:00:00,25.76939582824707,27.31519889831543,27.482521057128906,28.37135206492626,22.0919246673584,21.347625732421875,23.68652201304019,23.767959594726562,17.53736686706543,24.488994598388672,27.880130767822266,24.814632415771484,27.36998176574707,-3.488435745239258,28.77634620666504,28.52726455344593,28.8111572265625,0.16150426864624023
1876-05-16 12:00:00,24.30455207824707,27.787111282348633,27.381717681884766,28.354185290171596,22.937795639038086,21.950008392333984,24.15066826093162,24.362367630004883,15.679947853088379,25.35076141357422,27.48438262939453,24.8909969329834,26.58376121520996,-1.7683312892913818,28.865829467773438,28.856010020998884,28.388681411743164,0.12145310640335083
1876-06-16 00:00:00,23.26312828063965,26.329267501831055,27.415267944335938,28.349306258334465,24.19927215576172,22.92348289489746,24.873771929748617,24.828794479370117,13.558602333068848,25.780048370361328,26.63873291015625,25.651559829711914,26.086626052856445,-0.5655266046524048,27.855880737304688,28.318558079971737,27.57460594177246,-0.9303274154663086
1876-07-16 12:00:00,21.858278274536133,25.619518280029297,26.579479217529297,28.348431282182553,25.301856994628906,24.127941131591797,25.643515606558125,25.121631622314453,12.138688087463379,26.141254425048828,25.938583374023438,25.84173011779785,25.457809448242188,0.7608163356781006,27.160009384155273,28.07060414737775,26.968286514282227,-1.2639744281768799
1876-08-16 12:00:00,20.800989151000977,25.044715881347656,27.1610107421875,28.35142816859718,26.248197555541992,25.172025680541992,26.448269137578684,26.063636779785156,11.559839248657227,26.75975799560547,25.60043716430664,26.75154685974121,24.7762508392334,1.9532099962234497,26.845760345458984,27.923131515381243,26.668903350830078,-1.335243821144104
1876-09-16 00:00:00,20.518163681030273,24.607711791992188,26.520418167114258,28.356774287704603,26.066120147705078,25.273006439208984,26.716268551485836,26.611021041870117,11.982195854187012,26.94612693786621,25.613101959228516,26.80887794494629,24.743972778320312,2.432462215423584,27.180627822875977,27.98046303292404,27.016389846801758,-0.48866820335388184
1876-10-16 12:00:00,21.1873836517334,24.8388671875,26.28714942932129,28.342864097598692,25.933557510375977,25.137296676635742,26.663601361197696,26.76116371154785,13.067761421203613,27.120712280273438,26.02547264099121,26.990123748779297,25.121549606323242,2.3140623569488525,27.715499877929688,28.075217868172864,27.506263732910156,0.05501631274819374
1876-11-16 00:00:00,21.555742263793945,24.6430721282959,26.807722091674805,28.34562038218569,24.99431610107422,23.93625259399414,26.219893226013028,25.981470108032227,15.080300331115723,26.66394805908203,26.840721130371094,26.679359436035156,25.51287269592285,1.2065730094909668,27.770702362060547,28.221444105400447,27.79804039001465,-0.29132935404777527
1876-12-16 12:00:00,23.021926879882812,25.633512496948242,25.8622989654541,28.348094009735544,23.50537109375,22.779766082763672,25.171363451902533,25.083003997802734,17.238117218017578,25.476991653442383,27.112197875976562,25.554214477539062,26.138137817382812,-0.24645788967609406,27.892614364624023,28.291570679484384,28.18021583557129,-0.1755681335926056
1877-01-16 12:00:00,24.594043731689453,25.36703872680664,26.489437103271484,28.362486907857054,22.41536521911621,21.48628807067871,23.966257699356735,23.667203903198242,18.57057762145996,24.627792358398438,27.329687118530273,24.728313446044922,26.383371353149414,-1.6267904043197632,27.693565368652344,28.021524362729362,27.963401794433594,-0.9223929643630981
1877-02-15 00:00:00,25.437162399291992,26.44931983947754,26.814207077026367,28.35905744844108,21.78132438659668,20.61768913269043,23.423871773218835,23.61042594909668,19.70340347290039,24.175209045410156,27.725862503051758,24.60594940185547,27.212926864624023,-2.569960355758667,27.92521095275879,27.86724775268439,28.255735397338867,-0.5308268070220947
1877-03-16 12:00:00,26.06067657470703,26.888198852539062,26.99905776977539,28.3491019118872,21.739946365356445,20.842039108276367,23.919821242345886,23.902528762817383,19.168834686279297,24.03857421875,28.023662567138672,24.156177520751953,27.62135887145996,-3.8315341472625732,28.523815155029297,28.221448267583018,28.726436614990234,-0.12339390814304352
1877-04-16 00:00:00,25.26143455505371,27.80576515197754,27.601505279541016,28.333285089619494,22.042861938476562,21.13783073425293,24.355684715182782,23.123022079467773,17.546899795532227,24.914567947387695,28.02644920349121,24.905542373657227,27.69028091430664,-3.0026133060455322,28.91872787475586,28.851326580302352,29.310415267944336,0.07837929576635361
1877-05-16 12:00:00,24.35095977783203,27.20610237121582,27.948246002197266,28.32763168479103,22.852312088012695,21.893735885620117,24.870018040170248,24.834632873535156,15.323007583618164,24.74688720703125,27.511838912963867,24.836875915527344,27.11217498779297,-2.1644821166992188,29.603046417236328,28.727354727253882,28.775400161743164,0.10784360021352768
1877-06-16 00:00:00,25.059528350830078,26.695362091064453,27.92401123046875,28.326143451897664,24.13512420654297,23.052467346191406,25.2337652664063,24.94697380065918,13.225238800048828,25.745948791503906,26.68341827392578,26.08138084411621,26.222063064575195,-0.5327686071395874,28.156143188476562,28.238371907493867,27.506563186645508,-0.9743886590003967
1877-07-16 12:00:00,21.858278274536133,25.60881805419922,26.882448196411133,28.3356556828853,25.120960235595703,23.682819366455078,25.868563551181133,25.121631622314453,12.108485221862793,26.244972229003906,26.030916213989258,25.84173011779785,25.407251358032227,0.7608163356781006,27.295839309692383,27.84399502800953,26.6581974029541,-0.8543624877929688
1877-08-16 12:00:00,20.828899383544922,25.008455276489258,27.1610107421875,28.340488991333856,25.858617782592773,24.69034194946289,26.56208402011142,26.026121139526367,11.948559761047363,26.66555404663086,25.878284454345703,26.65553855895996,24.7762508392334,1.9532099962234497,27.024782180786133,27.78232626039273,26.634464263916016,-0.8269774317741394
1877-09-16 00:00:00,20.556869506835938,24.607711791992188,26.53426742553711,28.35109274491361,26.241405487060547,25.246896743774414,26.944304889328993,26.69779396057129,12.173145294189453,27.029277801513672,25.882617950439453,26.861103057861328,24.743972778320312,2.469782829284668,27.238927841186523,27.658055490788428,27.13431739807129,-0.26950180530548096
1877-10-16 12:00:00,21.20294761657715,24.798826217651367,26.957229614257812,28.35084471562163,26.01163101196289,25.04195785522461,26.787325389800706,26.70975685119629,13.250874519348145,27.097078323364258,26.10800552368164,26.990123748779297,25.168413162231445,2.400379180908203,27.847551345825195,27.716579820184236,27.662033081054688,0.01305045560002327
1877-11-16 00:00:00,21.34293556213379,24.84234619140625,26.520898818969727,28.34286699939462,25.148681640625,24.268871307373047,26.39428630689201,25.91046142578125,14.968718528747559,26.601816177368164,26.57651138305664,26.679359436035156,25.522239685058594,1.1133605241775513,28.002233505249023,27.821282991703555,28.080650329589844,-0.16929440200328827
1877-12-16 12:00:00,22.96600914001465,25.33024024963379,25.89373779296875,28.35069779783215,23.317127227783203,22.7855224609375,25.51990481977102,25.125213623046875,17.17246437072754,25.741422653198242,27.121206283569336,25.545530319213867,26.14589500427246,-0.28591933846473694,27.88260269165039,28.008685940882774,28.27585220336914,-0.36923444271087646
1878-01-16 12:00:00,24.23222541809082,25.641935348510742,26.54129409790039,28.365643628031883,22.39668083190918,21.571842193603516,24.204814039393124,24.353425979614258,18.92987060546875,24.851091384887695,27.329687118530273,25.061532974243164,26.68659019470215,-1.8417775630950928,27.595806121826172,28.09535864570647,28.08075523376465,-0.6963961720466614
1878-02-15 00:00:00,25.437162399291992,26.130399703979492,26.842872619628906,28.36773197688568,21.83191680908203,20.75403594970703,23.423171245862942,23.61042594909668,19.6080379486084,24.39542007446289,27.743453979492188,24.60594940185547,27.122587203979492,-2.881762742996216,27.979745864868164,27.89339989895454,28.18544578552246,-0.5247899293899536
1878-03-16 12:00:00,26.85408592224121,26.839801788330078,27.152942657470703,28.360887046132042,21.790538787841797,20.711498260498047,23.410336418321705,23.765247344970703,18.802358627319336,24.450803756713867,27.968488693237305,24.667356491088867,27.650432586669922,-3.0684263706207275,28.615339279174805,28.543753424831166,28.90460777282715,-0.11110804229974747
1878-04-16 00:00:00,25.25641441345215,27.588096618652344,27.587600708007812,28.347487464669523,22.086191177368164,20.879121780395508,23.700062312449802,24.13060760498047,17.4847354888916,24.488994598388672,27.96901512145996,24.814632415771484,27.601736068725586,-2.9893925189971924,28.91872787475586,28.773950765273398,29.286956787109375,0.2434697300195694
1878-05-16 12:00:00,24.27069664001465,27.630298614501953,27.972301483154297,28.339481888597167,22.91646957397461,21.89592170715332,24.21119908112095,24.26751136779785,15.603062629699707,25.30963134765625,27.31728172302246,25.233489990234375,27.04595947265625,-2.088423728942871,29.603046417236328,28.76907483826499,28.775400161743164,0.08259444683790207
1878-06-16 00:00:00,24.561843872070312,26.2844295501709,27.304229736328125,28.338117503344467,24.46320915222168,23.010725021362305,24.872247463363305,24.934309005737305,13.225238800048828,25.61685562133789,26.69121742248535,26.06317901611328,26.342601776123047,-0.5033288598060608,28.08735466003418,28.221424196468465,27.673940658569336,-0.7534788846969604
1878-07-16 12:00:00,21.749547958374023,25.321693420410156,26.62790298461914,28.343214658325408,25.322690963745117,23.977550506591797,25.525371352591065,25.10689353942871,11.9909029006958,26.141254425048828,25.954994201660156,25.94198989868164,25.442127227783203,0.7924243807792664,27.103361129760742,27.76965562961726,26.862966537475586,-0.912731945514679
1878-08-16 12:00:00,20.844701766967773,25.003976821899414,26.940425872802734,28.353120982949875,26.224262237548828,24.738361358642578,26.399353743610664,26.063636779785156,11.559839248657227,26.62797737121582,25.511892318725586,26.643905639648438,24.868860244750977,1.9532099962234497,27.024782180786133,26.719857241597353,26.570688247680664,-0.8317260146141052
1878-09-16 00:00:00,20.247419357299805,24.95450782775879,26.5756893157959,28.355406859084923,26.2966365814209,25.273006439208984,26.854195714850395,26.984416961669922,11.982195854187012,27.055675506591797,25.536375045776367,27.062637329101562,24.760456085205078,2.517042636871338,27.2460994720459,26.613457628746843,27.017553329467773,-0.5060933828353882
1878-10-16 12:00:00,21.373287200927734,24.825040817260742,26.258081436157227,28.344041375419287,26.380645751953125,25.075414657592773,26.656637413415645,26.730636596679688,13.174610137939453,27.151996612548828,25.90163230895996,27.16297721862793,25.084468841552734,2.308924436569214,27.92543601989746,27.344138835251727,27.402576446533203,0.3724164664745331
1878-11-16 00:00:00,21.670513153076172,24.71242904663086,26.807722091674805,28.34298389158937,25.148681640625,24.209875106811523,26.244983868446184,25.93134880065918,15.173530578613281,26.741756439208984,26.52168083190918,26.640050888061523,25.522239685058594,1.1133605241775513,28.37519073486328,27.64220881722707,28.09396743774414,0.019357483834028244
1878-12-16 12:00:00,22.833738327026367,25.33024024963379,26.440122604370117,28.346203075113706,23.629281997680664,22.673324584960938,25.55431695054094,25.212093353271484,17.0786075592041,25.72814178466797,27.06494903564453,25.869356155395508,26.187606811523438,-0.27916622161865234,28.025632858276367,27.8294872092077,28.313091278076172,-0.2681993842124939
1879-01-16 12:00:00,24.413257598876953,25.402175903320312,26.18767547607422,28.360736345269807,22.401124954223633,21.618858337402344,24.34929709697563,24.116647720336914,19.125019073486328,24.74529457092285,27.329687118530273,24.957090377807617,26.748613357543945,-1.8417775630950928,27.691862106323242,28.170159472961974,28.07474708557129,-0.6963961720466614
1879-02-15 00:00:00,25.998699188232422,26.44931983947754,26.424875259399414,28.381806831486628,21.8405818939209,21.079837799072266,24.10342426433914,23.22566795349121,19.563432693481445,23.986957550048828,27.743453979492188,24.1738224029541,27.393281936645508,-2.9126291275024414,27.92251968383789,28.01085369105429,28.386634826660156,-0.22848664224147797
1879-03-16 12:00:00,26.85408592224121,26.898874282836914,26.85361099243164,28.393299558966604,21.790538787841797,20.620075225830078,24.03523753906587,23.259382247924805,19.23184585571289,24.42701530456543,27.939632415771484,23.994136810302734,27.590354919433594,-3.461477041244507,28.39837074279785,28.000450444733666,28.643333435058594,-0.24859718978405
1879-04-16 00:00:00,25.089418411254883,27.48988914489746,27.139896392822266,28.38495995645468,22.10072135925293,21.32029914855957,24.609458016171565,23.681921005249023,17.53736686706543,24.357986450195312,27.90107536315918,24.41682243347168,27.442737579345703,-3.1225147247314453,28.790128707885742,28.72773759833063,28.738189697265625,0.29975348711013794
1879-05-16 12:00:00,23.659168243408203,26.742116928100586,27.594188690185547,28.374312467743643,22.87497901916504,21.94896125793457,24.886095362396937,24.491701126098633,15.697486877441406,24.97306251525879,27.55379295349121,25.41197395324707,26.995561599731445,-1.8902803659439087,28.865829467773438,28.86987608878825,28.218793869018555,0.05310188978910446
1879-06-16 00:00:00,23.113134384155273,26.259687423706055,27.166858673095703,28.37713571420859,24.384538650512695,23.014535903930664,25.169180648255395,25.065235137939453,13.305598258972168,25.68183135986328,26.572519302368164,25.80999183654785,26.29579734802246,-0.5655266046524048,27.849836349487305,28.455977075572957,27.521846771240234,-0.9988494515419006
1879-07-16 12:00:00,21.70716667175293,25.392038345336914,27.0745906829834,28.39038498992739,25.362133026123047,23.977550506591797,25.656076026961212,25.12092399597168,12.081942558288574,26.054338455200195,25.90924835205078,26.13968849182129,25.453508377075195,0.8396852612495422,27.160009384155273,28.215202870368476,26.977128982543945,-1.4534239768981934
1879-08-16 12:00:00,20.56123924255371,25.13117027282715,26.71123695373535,28.41445128996409,26.18951416015625,24.803071975708008,26.44109974048273,26.063636779785156,11.567047119140625,26.635438919067383,25.53183937072754,26.643905639648438,24.7762508392334,1.9254415035247803,27.041488647460938,27.920654570950305,26.755277633666992,-1.0609090328216553
1879-09-16 00:00:00,20.358922958374023,24.912342071533203,27.029464721679688,28.436121692852613,26.78304100036621,25.275190353393555,26.849920586438685,26.984416961669922,12.010077476501465,26.999765396118164,25.563261032104492,26.992549896240234,24.689651489257812,2.548985242843628,27.277267456054688,28.024995063509284,27.012420654296875,-0.5610113739967346
1879-10-16 12:00:00,20.834293365478516,25.049514770507812,27.400287628173828,28.439805046007272,26.292247772216797,25.167367935180664,26.56435146033139,26.76116371154785,13.211853981018066,27.10103416442871,25.807405471801758,27.224346160888672,25.156496047973633,2.308924436569214,27.794719696044922,28.24710258151838,27.501317977905273,0.05501631274819374
1879-11-16 00:00:00,22.13865852355957,25.35498809814453,27.508089065551758,28.44854019319487,24.907115936279297,23.813335418701172,26.025365805240998,25.97247314453125,14.618851661682129,26.49423599243164,26.499584197998047,26.75772476196289,25.574050903320312,1.1133605241775513,27.97871971130371,28.32911469918065,27.71770477294922,-0.32669785618782043
1879-12-16 12:00:00,22.85942268371582,25.12893295288086,27.3316707611084,28.465846419010862,23.26342010498047,22.712154388427734,24.96733211311818,24.828487396240234,15.876778602600098,25.450050354003906,26.96440315246582,25.622529983520508,26.12763786315918,-0.27916622161865234,27.85643768310547,28.413846946307828,28.272945404052734,-0.2636006772518158
1880-01-16 12:00:00,24.621313095092773,25.76991844177246,26.907197952270508,28.469165630373787,22.44814682006836,21.60576820373535,23.9661626756835,23.838863372802734,18.92987060546875,24.459932327270508,27.23719024658203,24.757732391357422,26.383371353149414,-1.8981740474700928,27.741289138793945,27.928639696285412,28.29132652282715,-0.5868164300918579
1880-02-15 00:00:00,26.214628219604492,26.344552993774414,26.75162696838379,28.457562745683543,21.83191680908203,20.662609100341797,23.41965852798368,23.9213924407959,19.9768009185791,24.175209045410156,27.517263412475586,24.52031135559082,27.233264923095703,-2.8694875240325928,27.94440460205078,27.86426211324547,28.397825241088867,-0.22848664224147797
1880-03-16 12:00:00,26.452844619750977,26.745624542236328,27.186838150024414,28.445650196739606,21.790538787841797,20.620075225830078,23.425425141688493,23.899974822998047,19.155746459960938,24.230592727661133,28.010343551635742,24.797258377075195,27.394899368286133,-3.7549667358398438,28.5252742767334,28.075328788298556,28.79768943786621,-0.14221051335334778
1880-04-16 00:00:00,25.821645736694336,26.943538665771484,27.213531494140625,28.433668892927184,22.09772300720215,21.191251754760742,23.926294966610595,23.644834518432617,17.03228759765625,24.372344970703125,27.68680763244629,24.882972717285156,27.421403884887695,-2.952132225036621,28.60638427734375,28.597442815383783,29.480295181274414,-0.019248243421316147
1880-05-16 12:00:00,24.297082901000977,26.704992294311523,27.513113021850586,28.411703746026816,22.903547286987305,21.88242530822754,24.372424881185093,24.174028396606445,14.94188117980957,24.843669891357422,27.276065826416016,25.41197395324707,26.588300704956055,-1.938204050064087,28.515268325805664,28.833355762622404,28.39632225036621,0.10567639023065567
1880-06-16 00:00:00,22.956920623779297,26.00978660583496,27.31103515625,28.402219120791273,24.169857025146484,22.908329010009766,24.958824687556408,25.13619041442871,13.19875431060791,25.655941009521484,26.562694549560547,25.627944946289062,26.342601776123047,-0.5327686071395874,27.835289001464844,28.45820550340152,27.521846771240234,-0.7180070281028748
1880-07-16 12:00:00,21.629796981811523,25.352144241333008,26.821327209472656,28.40199994078284,25.364482879638672,23.999601364135742,25.72720796055019,25.551477432250977,11.86377239227295,26.171180725097656,26.110090255737305,26.277250289916992,25.25957489013672,0.816021203994751,27.06257438659668,28.063432635798577,26.884170532226562,-1.4095157384872437
1880-08-16 12:00:00,20.4704532623291,25.05754280090332,26.79488182067871,28.405442466084708,26.206274032592773,24.803071975708008,26.37875703969083,26.06147575378418,11.567047119140625,26.770097732543945,25.53183937072754,26.635358810424805,24.7762508392334,2.019474506378174,26.893484115600586,27.843436597860816,26.668903350830078,-1.335243821144104
1880-09-16 00:00:00,20.953718185424805,24.709579467773438,26.641557693481445,28.408931305897205,26.62013053894043,25.68828582763672,26.67345104390397,26.984416961669922,12.010077476501465,26.94612693786621,25.563261032104492,27.010889053344727,24.556188583374023,2.433025360107422,27.228351593017578,27.875660808635132,26.96816635131836,-0.735995352268219
1880-10-16 12:00:00,20.916765213012695,25.04851722717285,26.457366943359375,28.399632509358327,26.25960922241211,25.565561294555664,26.58130437258206,26.81740951538086,13.120349884033203,27.03658676147461,26.201194763183594,27.195451736450195,24.988676071166992,2.2876925468444824,27.573726654052734,28.010948116387276,27.506404876708984,0.05547065660357475
1880-11-16 00:00:00,21.364013671875,24.777734756469727,26.406997680664062,28.39309004990227,25.18503189086914,24.369930267333984,26.136161525744093,25.981470108032227,15.160283088684082,26.471817016601562,26.559682846069336,26.679359436035156,25.5411319732666,1.1601033210754395,27.862533569335938,28.25545812605151,27.721891403198242,-0.5825838446617126
1880-12-16 12:00:00,22.85942268371582,24.798242568969727,26.142595291137695,28.392628003278528,23.22702407836914,22.710813522338867,25.028133209122057,25.113405227661133,17.117361068725586,25.478111267089844,27.0022029876709,25.554214477539062,26.127424240112305,-0.24645788967609406,27.7907772064209,28.169692119067722,28.17255973815918,-0.7086142897605896
1881-01-16 12:00:00,24.29737091064453,25.189027786254883,26.05679702758789,28.39276555075769,22.453079223632812,21.572120666503906,23.922469283921682,24.377378463745117,19.523530960083008,24.580739974975586,27.341833114624023,25.145917892456055,26.85687828063965,-1.8118280172348022,27.741289138793945,27.834425231333917,28.223834991455078,-0.5289595723152161
1881-02-15 00:00:00,26.00372314453125,25.79889488220215,26.7034969329834,28.39098175677844,21.83191680908203,20.75403594970703,23.441250308123102,23.9213924407959,19.9768009185791,24.175209045410156,27.729419708251953,24.52031135559082,27.212926864624023,-2.8749277591705322,27.992128372192383,27.791208895290048,28.493295669555664,-0.4582820236682892
1881-03-16 12:00:00,25.861764907836914,27.25402069091797,27.152942657470703,28.381322348617953,21.790538787841797,20.620075225830078,23.817611343734093,23.128646850585938,18.91999626159668,24.03857421875,27.936418533325195,24.211856842041016,27.394899368286133,-3.152667760848999,28.548555374145508,27.948419521165153,28.85004234313965,0.021020593121647835
1881-04-16 00:00:00,25.76939582824707,27.47530746459961,27.696887969970703,28.366658266019684,22.08200454711914,20.978906631469727,23.931842739413018,23.123022079467773,17.53736686706543,24.376346588134766,27.886306762695312,24.44124984741211,27.44788360595703,-2.8351879119873047,28.928836822509766,28.44959196055678,29.27016258239746,0.37414249777793884
1881-05-16 12:00:00,24.34197998046875,27.787111282348633,27.476314544677734,28.352402577815678,22.92660140991211,21.823816299438477,24.373959420167452,24.109722137451172,15.371138572692871,25.036190032958984,27.48438262939453,25.233566284179688,26.572616577148438,-1.885166049003601,28.82801055908203,28.719634517346588,28.40940284729004,0.09654711931943893
1881-06-16 00:00:00,23.647064208984375,26.531631469726562,27.581104278564453,28.351042189835795,24.431446075439453,23.12769317626953,24.890369130856435,24.929241180419922,13.1328763961792,25.71841049194336,26.63873291015625,25.860193252563477,26.153512954711914,-0.5473718047142029,27.841724395751953,28.501904247310343,27.57460594177246,-0.9918382167816162
1881-07-16 12:00:00,21.735692977905273,25.658185958862305,26.62790298461914,28.351091933430663,25.301856994628906,24.033388137817383,25.514391508169773,25.062353134155273,11.9909029006958,26.141254425048828,25.8787784576416,25.84173011779785,25.25957489013672,0.8371105790138245,27.160009384155273,28.024913124945158,26.96646499633789,-1.3278573751449585
1881-08-16 12:00:00,20.76243782043457,25.05109405517578,26.68685531616211,28.352623230276706,26.102760314941406,25.09842872619629,26.239046785044867,25.778886795043945,11.559839248657227,26.65367317199707,25.449989318847656,26.56932830810547,24.7762508392334,2.0446650981903076,26.847904205322266,27.842957550296255,26.754074096679688,-1.1442784070968628
1881-09-16 00:00:00,20.594127655029297,24.93370819091797,26.53426742553711,28.35224417089409,26.78304100036621,25.76523780822754,26.581192088317565,26.576921463012695,12.102516174316406,27.050195693969727,25.462587356567383,26.84831428527832,24.689651489257812,2.432462215423584,27.124555587768555,27.84480806472227,27.039623260498047,-0.5233166217803955
1881-10-16 12:00:00,21.34893035888672,24.792448043823242,26.837308883666992,28.350384172130184,26.306392669677734,25.15644645690918,26.5608222352606,26.534805297851562,13.228862762451172,27.03658676147461,25.98854637145996,27.006879806518555,25.097387313842773,2.400379180908203,27.91629981994629,28.02668491010926,27.47932243347168,-0.24920077621936798
1881-11-16 00:00:00,21.670740127563477,25.149059295654297,26.724475860595703,28.35458895046321,25.24302864074707,24.227489471435547,26.13120169032436,25.85759735107422,14.646413803100586,26.58378028869629,26.51787567138672,26.56436538696289,25.549053192138672,1.1601033210754395,27.910842895507812,28.20338785652936,27.742156982421875,-0.3730138838291168
1881-12-16 12:00:00,22.90445899963379,25.390281677246094,26.42587661743164,28.361298275936694,23.28202247619629,22.689611434936523,25.199362266021986,24.940820693969727,17.19000244140625,25.476991653442383,27.029813766479492,25.7176456451416,26.12763786315918,-0.27916622161865234,27.909469604492188,28.029687437658925,28.077983856201172,-0.6002172827720642
1882-01-16 12:00:00,24.284318923950195,25.205429077148438,26.16197967529297,28.364416997267263,22.39668083190918,21.558443069458008,24.295980850269377,24.399673461914062,19.301288604736328,24.74529457092285,27.500709533691406,24.848670959472656,26.725460052490234,-1.6267904043197632,27.728103637695312,28.010964071751033,28.221885681152344,-0.7324418425559998
1882-02-15 00:00:00,25.80039405822754,26.44931983947754,26.488739013671875,28.355700952951622,21.810379028320312,21.079837799072266,23.975517123640863,23.22566795349121,20.003738403320312,24.0283260345459,27.825424194335938,25.272857666015625,27.41652488708496,-2.872225046157837,27.92251968383789,27.917665083293304,28.426101684570312,-0.5719365477561951
1882-03-16 12:00:00,26.786319732666016,26.945499420166016,27.167552947998047,28.347056556302004,21.769001007080078,20.663959503173828,23.843988498988924,23.461519241333008,19.134206771850586,24.03857421875,27.96102523803711,24.425249099731445,27.64750862121582,-3.346792459487915,28.477264404296875,27.995942047572893,28.812124252319336,-0.163300022482872
1882-04-16 00:00:00,25.821645736694336,27.630895614624023,27.601505279541016,28.32866286466076,22.15834617614746,21.377639770507812,23.920449503872913,24.103830337524414,17.10408592224121,24.376346588134766,27.887609481811523,24.3232364654541,27.442737579345703,-3.194437265396118,28.60638427734375,28.392021322706228,29.203224182128906,0.4248219430446625
1882-05-16 12:00:00,24.708995819091797,27.309450149536133,27.98898696899414,28.31088113585429,22.91646957397461,21.923410415649414,24.398140456880938,24.371963500976562,15.493819236755371,25.128625869750977,27.31728172302246,24.836875915527344,27.083921432495117,-1.9229168891906738,28.82801055908203,28.555669208795145,28.40940284729004,0.11169660091400146
1882-06-16 00:00:00,23.673587799072266,27.197824478149414,27.880952835083008,28.31154475124677,24.14737319946289,22.842021942138672,24.995309333574642,25.065235137939453,13.19716739654541,25.69640350341797,26.68608856201172,25.860193252563477,26.136106491088867,-0.5672745704650879,28.11846351623535,28.067852928192664,27.417451858520508,-0.7534788846969604
1882-07-16 12:00:00,21.839500427246094,25.966257095336914,27.49442481994629,28.314295173316005,25.02484893798828,24.176843643188477,25.64739754687269,25.37904167175293,12.15616512298584,26.141254425048828,25.97665786743164,26.06949234008789,25.0723934173584,0.7608163356781006,27.152502059936523,27.64964133321055,26.860149383544922,-1.1954046487808228
1882-08-16 12:00:00,20.783416748046875,25.314043045043945,26.893922805786133,28.31961478817782,26.248197555541992,25.09842872619629,26.24362643722923,25.74242401123047,11.559839248657227,26.702659606933594,25.449922561645508,26.520824432373047,24.7762508392334,1.9583479166030884,26.93063735961914,26.719527842462494,26.60173797607422,-1.08506441116333
1882-09-16 00:00:00,20.739763259887695,25.205232620239258,27.180419921875,28.32779898400742,26.379362106323242,25.275190353393555,26.55996076410675,26.461490631103516,11.982195854187012,26.94612693786621,25.613101959228516,26.81817054748535,24.743972778320312,2.469074249267578,27.38047218322754,26.69809277061514,27.20781707763672,-0.4373561441898346
1882-10-16 12:00:00,22.006759643554688,25.11967658996582,26.610275268554688,28.31789533849688,26.01163101196289,25.000717163085938,26.557147828554527,26.70975685119629,13.061820030212402,27.001585006713867,26.065349578857422,26.99941635131836,25.168413162231445,2.400379180908203,28.000276565551758,27.328294697155904,27.75596046447754,0.7067065834999084
1882-11-16 00:00:00,21.521535873413086,25.385330200195312,27.384435653686523,28.314814053831686,24.936763763427734,24.209875106811523,26.22305035895132,26.55706787109375,14.33316707611084,26.741756439208984,26.65117073059082,26.625967025756836,25.568035125732422,1.2065730094909668,28.249832153320312,27.607425101265417,28.105464935302734,-0.19596147537231445
1882-12-16 12:00:00,22.557575225830078,25.406841278076172,27.761062622070312,28.31729528285521,23.513059616088867,22.7226505279541,25.182721677389516,24.941801071166992,17.19000244140625,25.536468505859375,27.177064895629883,25.545530319213867,26.138137817382812,-0.2533327043056488,28.221315383911133,27.758881300249133,28.545333862304688,-0.2514241635799408
1883-01-16 12:00:00,24.381553649902344,25.298704147338867,27.71192169189453,28.314826575468928,22.41536521911621,21.60576820373535,24.127781975713763,24.353425979614258,19.42855453491211,25.02694320678711,27.49982261657715,25.117000579833984,26.786575317382812,-1.935211420059204,27.94978141784668,27.87016973923965,28.237821578979492,-0.3519761860370636
1883-02-15 00:00:00,26.012908935546875,26.368696212768555,27.5478572845459,28.319118764899933,21.836103439331055,20.75403594970703,23.57759118771807,23.9213924407959,19.9768009185791,23.978803634643555,27.72146987915039,24.52031135559082,27.147680282592773,-2.9126291275024414,28.15835952758789,28.31370661607689,28.401531219482422,-0.5247899293899536
1883-03-16 12:00:00,26.44136619567871,26.75640296936035,26.563230514526367,28.322540173289518,21.790538787841797,20.711498260498047,23.48310795028125,23.942401885986328,19.172008514404297,24.230592727661133,28.035606384277344,24.534896850585938,27.590354919433594,-3.5925796031951904,28.627941131591797,28.79515961799331,29.010303497314453,-0.018275359645485878
1883-04-16 00:00:00,25.021753311157227,27.326627731323242,27.550357818603516,28.311294054782156,22.15834617614746,21.403791427612305,24.123726883906,23.58128547668457,17.31456756591797,24.355745315551758,28.018041610717773,24.788028717041016,27.59785270690918,-2.9729795455932617,29.593055725097656,28.85855594052024,29.39266586303711,0.38479846715927124
1883-05-16 12:00:00,24.437837600708008,27.001773834228516,27.59420394897461,28.30686489246258,23.08802032470703,21.923410415649414,24.484971711985356,24.174028396606445,15.371138572692871,24.74688720703125,27.574539184570312,25.343950271606445,27.100059509277344,-1.9229168891906738,29.425098419189453,28.67841515625831,28.790102005004883,-0.3193965256214142
1883-06-16 00:00:00,24.965232849121094,26.516971588134766,27.51191520690918,28.307102648270256,24.228025436401367,22.865802764892578,25.172998077128817,24.966453552246094,13.749955177307129,25.817155838012695,26.79132080078125,25.591657638549805,26.153512954711914,-0.5327686071395874,28.37178611755371,28.16560524839575,27.78374671936035,-1.1707162857055664
1883-07-16 12:00:00,22.082130432128906,25.70257568359375,27.111642837524414,28.318929243646643,25.08733558654785,23.95963478088379,25.952771050177176,25.632137298583984,11.86377239227295,26.22985076904297,25.95708656311035,26.2600040435791,25.453508377075195,0.7989293336868286,27.173181533813477,27.757033319902433,26.990894317626953,-1.2107056379318237
1883-08-16 12:00:00,20.800989151000977,24.89609146118164,26.763294219970703,28.33906728361034,25.828441619873047,24.698062896728516,26.635391321136503,26.230493545532227,11.559839248657227,26.710556030273438,25.878284454345703,26.73512840270996,24.94593048095703,1.9532099962234497,27.157087326049805,27.525008940134104,26.86860466003418,-0.7321226000785828
1883-09-16 00:00:00,20.739763259887695,24.607711791992188,26.675687789916992,28.348365898562175,26.427034378051758,25.351430892944336,27.06104964973479,26.86345100402832,11.982195854187012,27.0035457611084,25.462587356567383,27.23225975036621,24.94342613220215,2.409162759780884,27.316404342651367,26.74815651302078,27.442874908447266,-0.4373561441898346
1883-10-16 12:00:00,21.34893035888672,24.825040817260742,26.457500457763672,28.35851429150208,26.01163101196289,25.075414657592773,26.704188810664903,26.81740951538086,13.174610137939453,27.151996612548828,26.12729263305664,27.16297721862793,25.075300216674805,2.4112813472747803,28.17238998413086,26.68009897638341,27.621809005737305,0.07475708425045013
1883-11-16 00:00:00,21.358558654785156,24.781208038330078,26.059894561767578,28.360796382204047,24.936763763427734,24.30908203125,26.240902673764907,25.981470108032227,15.208340644836426,26.728347778320312,26.516916275024414,26.640050888061523,25.51228141784668,1.1601033210754395,28.142410278320312,27.39327423120222,28.104928970336914,-0.022570965811610222
1883-12-16 12:00:00,22.90445899963379,25.27338218688965,26.195730209350586,28.37581066792938,23.553218841552734,22.7855224609375,25.24364733407843,24.940820693969727,17.17246437072754,25.476991653442383,26.99343490600586,25.554214477539062,26.127424240112305,-0.24645788967609406,27.86238670349121,27.807507729729128,28.15420913696289,-0.3082618713378906
1884-01-16 12:00:00,24.173437118530273,25.293560028076172,26.105239868164062,28.4031990167432,22.73629379272461,21.558443069458008,24.203499375459824,24.116647720336914,18.19671058654785,24.98658561706543,27.438518524169922,25.061532974243164,26.725460052490234,-1.7186036109924316,27.67369270324707,27.827048216078527,28.228944778442383,-0.6260409355163574
1884-02-15 00:00:00,25.430391311645508,26.359586715698242,26.54062843322754,28.41883093972612,21.83191680908203,20.75403594970703,23.535076571681202,23.961265563964844,19.570215225219727,24.175209045410156,27.616323471069336,24.60594940185547,27.220823287963867,-3.3568947315216064,27.94440460205078,27.820817703211247,28.37259292602539,-0.5865201950073242
1884-03-16 12:00:00,26.06539535522461,26.508018493652344,26.81342887878418,28.412967039573278,21.790538787841797,20.620075225830078,23.705776090918995,23.91641616821289,19.52845001220703,23.97503662109375,27.747133255004883,24.534896850585938,27.544904708862305,-3.0574140548706055,28.409204483032227,27.85994304762291,28.746662139892578,-0.25757482647895813
1884-04-16 00:00:00,24.970714569091797,26.74694061279297,27.728782653808594,28.39791244653383,22.08200454711914,20.970483779907227,23.94277639644455,23.803190231323242,17.53736686706543,24.352306365966797,27.713769912719727,24.905542373657227,27.353574752807617,-2.855041742324829,28.287870407104492,28.238431532116564,28.298337936401367,-0.09593372046947479
1884-05-16 12:00:00,24.57431411743164,26.7760066986084,27.328628540039062,28.388111695506637,23.035144805908203,21.867612838745117,24.204989225707674,24.109722137451172,15.679947853088379,24.7241153717041,27.276065826416016,24.945192337036133,27.02280616760254,-1.8902803659439087,28.580066680908203,28.247315736407643,28.39632225036621,-0.14632955193519592
1884-06-16 00:00:00,22.97416877746582,26.07925033569336,27.462846755981445,28.39263098399822,24.3705997467041,23.233232498168945,24.820002163035277,24.94481086730957,13.161093711853027,25.84650230407715,26.476831436157227,26.08138084411621,26.136106491088867,-0.5655266046524048,27.744749069213867,28.22242051896269,27.61009979248047,-0.9695234298706055
1884-07-16 12:00:00,21.333499908447266,25.18938446044922,26.998937606811523,28.407883396068968,24.898143768310547,24.037172317504883,25.42614835172295,25.10689353942871,12.215005874633789,26.149368286132812,25.814678192138672,25.94198989868164,25.407251358032227,0.7989293336868286,27.06257438659668,28.068720866864723,26.884170532226562,-1.414415717124939
1884-08-16 12:00:00,20.56123924255371,25.05678939819336,27.106338500976562,28.43185954104676,26.28337287902832,24.30872917175293,26.225618300770137,25.786108016967773,11.567047119140625,26.512615203857422,25.53183937072754,26.56932830810547,24.599889755249023,1.9070345163345337,26.893484115600586,27.915598625702952,26.668903350830078,-1.1808853149414062
1884-09-16 00:00:00,20.234670639038086,24.912342071533203,27.315330505371094,28.445297752544256,26.67415428161621,25.633089065551758,26.56724238577742,26.628328323364258,11.982195854187012,26.882734298706055,25.563261032104492,26.81817054748535,24.598146438598633,2.525740623474121,27.228351593017578,27.89622978370991,26.96816635131836,-0.5722436904907227
1884-10-16 12:00:00,20.89422607421875,25.00597381591797,27.400287628173828,28.44623151796222,26.202869415283203,25.46527671813965,26.490062643101062,26.70975685119629,13.061820030212402,26.980655670166016,25.888891220092773,26.99941635131836,24.97218894958496,2.2510805130004883,27.619308471679688,27.962475559321486,27.435611724853516,-0.48377925157546997
1884-11-16 00:00:00,22.099958419799805,25.35498809814453,27.186161041259766,28.448332820028096,24.614604949951172,23.777618408203125,26.037603650185513,25.97247314453125,14.300030708312988,26.42146110534668,26.581008911132812,26.70265007019043,25.26910400390625,1.192090630531311,27.761672973632812,28.034635667918614,27.805908203125,-0.30366843938827515
1884-12-16 12:00:00,22.934682846069336,25.422378540039062,27.3316707611084,28.462277073512205,23.216548919677734,22.591442108154297,24.88546361048744,24.852876663208008,17.187156677246094,25.942964553833008,26.884258270263672,25.676532745361328,25.961427688598633,-0.2533327043056488,27.84604263305664,27.85945320567657,28.176992416381836,-0.4345490634441376
1885-01-16 12:00:00,24.1652889251709,25.75240707397461,26.907197952270508,28.463875934915144,22.422876358032227,21.390352249145508,23.619761226401113,24.44573974609375,19.004180908203125,24.739261627197266,27.268606185913086,24.772686004638672,26.41062355041504,-1.7408069372177124,27.741289138793945,27.78027143203943,28.203258514404297,-0.4816126823425293
1885-02-15 00:00:00,26.090648651123047,25.907367706298828,26.47216033935547,28.448436868420682,21.83191680908203,20.75403594970703,23.389905993955242,23.61042594909668,19.40895652770996,24.39542007446289,27.280555725097656,24.60594940185547,27.233264923095703,-3.2607967853546143,27.992128372192383,27.71583834988077,28.48225212097168,-0.46669867634773254
1885-03-16 12:00:00,26.44365882873535,26.498615264892578,26.862016677856445,28.43848100740986,21.790538787841797,20.711498260498047,23.376760498265888,23.765247344970703,18.98230743408203,24.450803756713867,27.65770721435547,24.667356491088867,27.647031784057617,-3.450777292251587,28.47588539123535,27.81905802712068,28.81369972229004,0.0465819276869297
1885-04-16 00:00:00,25.021753311157227,26.601322174072266,27.14781951904297,28.423784759747104,22.08200454711914,20.970548629760742,23.39762374556452,23.767959594726562,17.4847354888916,24.709205627441406,27.758411407470703,24.814632415771484,27.630090713500977,-3.0118298530578613,28.706357955932617,28.19520033124235,28.804561614990234,0.07837929576635361
1885-05-16 12:00:00,24.11383628845215,26.42363929748535,27.57570457458496,28.411519630724477,22.976947784423828,22.03278160095215,23.57105448746353,24.04082679748535,15.493819236755371,25.144573211669922,27.03801727294922,25.178882598876953,26.572616577148438,-2.0951457023620605,28.23689842224121,28.315208432669742,28.17942237854004,-0.037237998098134995
1885-06-16 00:00:00,22.230363845825195,26.132654190063477,26.78921890258789,28.414124019376633,24.431503295898438,23.233232498168945,24.12046532726762,25.053442001342773,13.298718452453613,25.388994216918945,26.480539321899414,25.22804832458496,26.124547958374023,-0.32496243715286255,27.848642349243164,28.326601764579486,27.523401260375977,-0.8329429030418396
1885-07-16 12:00:00,22.044029235839844,25.220558166503906,26.93730354309082,28.415662301614912,24.898143768310547,24.007883071899414,25.025696352462443,25.3327693939209,11.9909029006958,26.01262855529785,25.814678192138672,26.11688804626465,25.16676139831543,0.7924243807792664,27.06257438659668,28.11194428245202,26.884170532226562,-1.414415717124939
1885-08-16 12:00:00,20.601055145263672,24.763505935668945,26.77837562561035,28.422726038684004,25.838254928588867,24.265182495117188,25.994830116010814,25.731639862060547,11.559839248657227,26.446565628051758,25.53183937072754,26.482616424560547,24.7762508392334,2.0667877197265625,26.893484115600586,28.00557352686946,26.668903350830078,-1.1108797788619995
1885-09-16 00:00:00,20.67913818359375,24.94941520690918,26.751129150390625,28.421380636116247,26.719249725341797,24.86360740661621,26.287630146243472,26.67987060546875,11.982195854187012,26.74457550048828,25.563261032104492,26.689138412475586,24.743972778320312,2.562617540359497,27.228351593017578,27.92299669301017,26.96816635131836,-0.5396711230278015
1885-10-16 12:00:00,20.916765213012695,24.96099090576172,26.406274795532227,28.41543174511173,26.305566787719727,25.24176597595215,26.21880951977705,26.49407196044922,13.300797462463379,26.83503532409668,25.85820198059082,27.109567642211914,25.14995002746582,2.400379180908203,27.600839614868164,27.921147837166586,27.438152313232422,0.05501631274819374
1885-11-16 00:00:00,22.9905948638916,25.008087158203125,26.52266502380371,28.41360203512411,24.810956954956055,23.88092613220215,25.536530314144894,26.09351348876953,14.248127937316895,26.31517791748047,26.695220947265625,26.536922454833984,25.549053192138672,1.2389724254608154,27.809255599975586,28.170125578853376,27.77741050720215,-0.476185142993927
1885-12-16 12:00:00,22.875715255737305,24.622392654418945,26.6290283203125,28.414633573621735,23.451404571533203,22.591442108154297,24.37237348197795,24.914541244506836,16.27078628540039,25.300947189331055,26.994220733642578,25.794200897216797,26.212688446044922,-0.3245011866092682,27.810462951660156,28.154713888797687,28.272945404052734,-0.43637457489967346
1886-01-16 12:00:00,24.589567184448242,25.184797286987305,25.996850967407227,28.423061898688577,22.444414138793945,21.481779098510742,23.41179636578115,24.129772186279297,17.973342895507812,24.856449127197266,27.30487060546875,24.99315643310547,26.444446563720703,-1.8417775630950928,27.741289138793945,27.844229461037333,28.277585983276367,-0.8259648084640503
1886-02-15 00:00:00,26.090648651123047,25.633665084838867,26.14226722717285,28.419987923497708,21.83191680908203,20.75403594970703,23.343069550362046,23.61042594909668,19.244361877441406,24.39542007446289,27.641277313232422,24.60594940185547,27.220823287963867,-2.6987099647521973,27.94440460205078,27.82037674673201,28.493295669555664,-0.597065269947052
1886-03-16 12:00:00,26.261568069458008,26.545150756835938,26.76071548461914,28.40037681453304,21.790538787841797,20.711498260498047,23.341533095539745,23.765247344970703,18.82487678527832,24.450803756713867,27.789031982421875,24.667356491088867,27.453645706176758,-2.3501181602478027,28.521358489990234,28.04602680307662,28.858564376831055,-0.14060078561306
1886-04-16 00:00:00,24.956562042236328,26.736099243164062,27.728782653808594,28.39601636684765,22.08200454711914,20.970548629760742,23.370971814814883,23.767959594726562,17.03228759765625,24.709205627441406,27.76508331298828,24.814632415771484,27.725337982177734,-2.4412131309509277,28.660215377807617,28.411200666682593,28.70405387878418,0.11358771473169327
1886-05-16 12:00:00,23.6712589263916,26.825071334838867,27.594188690185547,28.38494284665421,23.054426193237305,21.797067642211914,23.402743180618433,24.04082679748535,14.935322761535645,25.144573211669922,27.270919799804688,25.178882598876953,27.083921432495117,-2.0962116718292236,28.67608642578125,28.532256096849686,28.278417587280273,0.05310188978910446
1886-06-16 00:00:00,22.85548210144043,26.30145263671875,27.374710083007812,28.381088332931167,24.11785888671875,23.11742401123047,23.63195970500015,24.77977180480957,12.967984199523926,25.61225700378418,26.580780029296875,25.68535804748535,26.129966735839844,-0.931736409664154,28.024700164794922,28.29690718037262,27.374235153198242,-0.7348363399505615
1886-07-16 12:00:00,22.092485427856445,25.352144241333008,26.929523468017578,28.378113310510813,25.068788528442383,24.094301223754883,24.40482660825195,25.339628219604492,11.671504974365234,25.83811378479004,26.120174407958984,26.176719665527344,25.16676139831543,0.950348973274231,27.03525733947754,28.170565895785334,26.884170532226562,-1.2709487676620483
1886-08-16 12:00:00,20.601055145263672,25.003976821899414,26.8870849609375,28.382823083327217,25.513431549072266,24.26734733581543,25.418387092708635,25.337146759033203,11.567047119140625,25.974031448364258,25.511892318725586,26.17853546142578,24.859146118164062,1.644919514656067,26.845760345458984,27.92073527391486,26.668903350830078,-1.3998186588287354
1886-09-16 00:00:00,20.247419357299805,25.057334899902344,26.797651290893555,28.386044174706218,26.22263526916504,24.84611701965332,25.89175268751048,26.2180118560791,11.982195854187012,26.622751235961914,25.536375045776367,26.63697624206543,24.760456085205078,2.5926637649536133,27.439361572265625,27.860634336001542,27.109867095947266,-0.5307871699333191
1886-10-16 12:00:00,21.068147659301758,24.8388671875,26.71532440185547,28.382643216770283,25.815811157226562,24.556962966918945,25.769171212054538,26.33576202392578,13.061820030212402,26.71808433532715,25.958953857421875,26.804025650024414,25.27356719970703,1.9127837419509888,27.77984046936035,27.917980554087176,27.614309310913086,-0.15372446179389954
1886-11-16 00:00:00,21.65953254699707,24.92736053466797,26.50260353088379,28.37065561145355,24.50262451171875,23.771888732910156,25.394582049243528,25.694442749023438,14.968718528747559,25.975360870361328,26.533754348754883,26.267854690551758,25.522239685058594,1.2842719554901123,27.885780334472656,28.113989829840897,27.888391494750977,-0.333944171667099
1886-12-16 12:00:00,22.875715255737305,24.990880966186523,26.352169036865234,28.363613906875024,23.156938552856445,22.692218780517578,24.35886954406556,24.88166046142578,16.757835388183594,25.200862884521484,26.998876571655273,25.353551864624023,26.146617889404297,0.009142562747001648,27.892614364624023,28.077013764633172,28.035005569458008,-0.27100101113319397
1887-01-16 12:00:00,24.29737091064453,25.593528747558594,25.998491287231445,28.372472428702775,22.444414138793945,21.481779098510742,23.410876485902655,23.531238555908203,18.92987060546875,24.856449127197266,27.46992301940918,24.99315643310547,26.725460052490234,-1.785021424293518,27.693565368652344,27.839135439474305,28.170625686645508,-0.6893846392631531
1887-02-15 00:00:00,25.680557250976562,25.976743698120117,26.488739013671875,28.372563282005938,21.83191680908203,20.75403594970703,23.367523725192306,23.61042594909668,19.229007720947266,24.39542007446289,27.64438819885254,24.60594940185547,27.410242080688477,-2.6987099647521973,28.022293090820312,27.820567561378027,28.275590896606445,-0.41923749446868896
1887-03-16 12:00:00,26.472043991088867,27.119272232055664,27.17694854736328,28.36141358165478,21.790538787841797,20.711498260498047,23.37022751653977,23.765247344970703,18.802358627319336,24.450803756713867,27.954849243164062,24.667356491088867,27.609155654907227,-3.0684263706207275,28.486013412475586,28.169827304147613,28.855758666992188,-0.163300022482872
1887-04-16 00:00:00,25.76325798034668,27.964208602905273,27.650726318359375,28.352641693881914,22.08200454711914,20.970548629760742,23.390508337810594,23.767959594726562,16.669946670532227,24.709205627441406,27.90107536315918,24.814632415771484,27.75634765625,-2.4412131309509277,28.710453033447266,28.59760632211909,29.17281723022461,0.21563953161239624
1887-05-16 12:00:00,24.323060989379883,27.583189010620117,27.616111755371094,28.346036002074406,22.988487243652344,22.115455627441406,23.420839576707127,24.04082679748535,15.33051586151123,25.144573211669922,27.48438262939453,25.178882598876953,27.029510498046875,-2.2191476821899414,28.87876319885254,28.678421687316856,28.30771255493164,-0.0049712988547980785
1887-06-16 00:00:00,24.561843872070312,26.623022079467773,27.787841796875,28.33674837993739,24.428678512573242,23.072166442871094,24.190188773679214,24.36446762084961,13.225238800048828,25.757347106933594,26.892282485961914,25.544170379638672,26.342601776123047,-0.32496243715286255,28.016252517700195,28.258178191201274,27.57160758972168,-0.7583156228065491
1887-07-16 12:00:00,21.541955947875977,25.940603256225586,27.19220733642578,28.333055434044425,24.81051254272461,24.007883071899414,25.054248343982305,25.29861831665039,11.86377239227295,26.03851890563965,25.920978546142578,25.7668399810791,25.271610260009766,0.7924243807792664,27.145875930786133,27.85571906209651,26.721973419189453,-0.8898867964744568
1887-08-16 12:00:00,20.76243782043457,25.08159637451172,26.991594314575195,28.335864437896426,25.83357810974121,24.30872917175293,25.930228585299535,25.954431533813477,11.567047119140625,26.446565628051758,25.449922561645508,26.482616424560547,24.868860244750977,2.1221630573272705,26.875015258789062,27.821857070463047,26.754074096679688,-0.7760616540908813
1887-09-16 00:00:00,20.427692413330078,24.91988182067871,26.932817459106445,28.342397978062913,26.702333450317383,25.391332626342773,26.378327929904263,26.369140625,12.010077476501465,27.00110626220703,25.46265411376953,26.689138412475586,24.760456085205078,2.4903061389923096,27.182767868041992,27.79724567399896,27.046749114990234,-0.3361225724220276
1887-10-16 12:00:00,21.068147659301758,24.64186668395996,26.28714942932129,28.34584748421125,26.25960922241211,25.182723999023438,26.319812692749036,26.767690658569336,12.964118003845215,27.1049747467041,26.011009216308594,26.864158630371094,25.097387313842773,2.4112813472747803,27.88945960998535,27.838288696660054,27.583223342895508,0.06001899391412735
1887-11-16 00:00:00,21.96852684020996,24.75190544128418,26.807722091674805,28.342432122953706,24.822467803955078,23.860794067382812,26.038771271623567,25.92893409729004,14.33316707611084,26.49423599243164,26.530515670776367,26.56436538696289,25.549053192138672,1.1601033210754395,27.758228302001953,27.975490290358465,27.83449935913086,-0.28245213627815247
1887-12-16 12:00:00,22.54376983642578,24.986209869384766,26.48419189453125,28.347984927259635,23.173215866088867,22.651348114013672,24.858475562851755,24.88166046142578,16.27078628540039,25.457468032836914,27.029813766479492,25.794200897216797,26.212688446044922,-0.3245011866092682,27.836528778076172,28.194351738589823,28.31144142150879,-0.4431789815425873
1888-01-16 12:00:00,24.534502029418945,25.205429077148438,26.517757415771484,28.355155345213316,22.422876358032227,21.481779098510742,23.450111803888035,24.129772186279297,18.57057762145996,24.856449127197266,27.38030433654785,24.99315643310547,26.383371353149414,-1.8417775630950928,27.728816986083984,28.115899180261046,28.172048568725586,-0.9529450535774231
1888-02-15 00:00:00,26.197593688964844,26.229829788208008,26.798831939697266,28.351745067775713,21.83191680908203,20.75403594970703,23.403348854176937,23.61042594909668,19.667875289916992,24.39542007446289,27.825424194335938,24.60594940185547,27.147680282592773,-2.720184326171875,27.93009376525879,27.93158780771936,28.37401580810547,-0.374620258808136
1888-03-16 12:00:00,26.662338256835938,27.292510986328125,28.04642105102539,28.34724806794649,21.790538787841797,20.711498260498047,23.419194066208565,23.765247344970703,18.802358627319336,24.450803756713867,27.939632415771484,24.667356491088867,27.331226348876953,-3.3311023712158203,28.640989303588867,28.010680607678214,28.621137619018555,-0.38603082299232483
1888-04-16 00:00:00,25.882408142089844,27.630895614624023,27.997303009033203,28.326741612109714,22.17366600036621,21.286651611328125,23.83594653413961,24.13060760498047,16.669946670532227,24.352306365966797,27.839387893676758,24.814632415771484,27.579240798950195,-2.966402769088745,28.660215377807617,28.420179465391747,29.284067153930664,-0.019248243421316147
1888-05-16 12:00:00,24.323060989379883,27.309450149536133,27.99825668334961,28.325451168998992,22.92660140991211,22.144874572753906,24.245141109725367,24.05489158630371,15.33051586151123,25.35076141357422,27.48438262939453,24.894466400146484,27.02280616760254,-2.062591791152954,28.835695266723633,28.330747062460347,28.40940284729004,0.10256927460432053
1888-06-16 00:00:00,22.794029235839844,26.602039337158203,27.465295791625977,28.321459795368607,24.228025436401367,23.06029510498047,25.02135352203958,24.894453048706055,12.842241287231445,25.655941009521484,26.63873291015625,26.06317901611328,26.287193298339844,-0.636827290058136,28.007225036621094,27.838495566516425,27.497875213623047,-0.789237916469574
1888-07-16 12:00:00,21.735692977905273,25.602432250976562,27.052106857299805,28.320743072960273,25.169097900390625,23.95963478088379,25.874461193535826,25.424692153930664,12.070320129394531,26.244972229003906,25.94344139099121,26.23636817932129,25.472253799438477,0.7924243807792664,27.295839309692383,27.718353837770177,26.862966537475586,-0.7903317809104919
1888-08-16 12:00:00,21.037128448486328,25.0421199798584,26.991594314575195,28.329906214416948,26.218442916870117,24.787813186645508,26.554709155076175,26.063636779785156,11.559839248657227,26.66555404663086,25.449922561645508,26.626693725585938,24.70941734313965,2.0657811164855957,27.104496002197266,27.613800570383358,26.570688247680664,-0.5437501668930054
1888-09-16 00:00:00,20.663053512573242,24.758769989013672,26.912338256835938,28.334294850321196,26.180320739746094,25.272367477416992,26.952403637402984,26.912494659423828,12.010077476501465,27.03449058532715,25.462587356567383,27.04738426208496,24.70897674560547,2.4903061389923096,27.520565032958984,27.52248411049839,27.26827049255371,0.02693699486553669
1888-10-16 12:00:00,22.626386642456055,24.798826217651367,26.70377540588379,28.334902089478295,25.97541618347168,24.879268646240234,26.944920921802982,27.086496353149414,13.300797462463379,27.077659606933594,25.90163230895996,27.181346893310547,25.24762535095215,2.4225008487701416,27.897369384765625,27.56161641109809,27.621809005737305,0.1215774342417717
1888-11-16 00:00:00,21.6444149017334,25.15592384338379,26.85672378540039,28.333813604039182,25.004316329956055,23.967361450195312,26.49201198414738,26.26268768310547,14.618851661682129,26.774314880371094,26.52472686767578,26.842544555664062,25.82832908630371,1.1133605241775513,28.008989334106445,27.716591748944296,28.038673400878906,-0.020343774929642677
1888-12-16 12:00:00,22.895479202270508,25.633512496948242,26.172439575195312,28.33580147199493,23.70216941833496,22.512279510498047,25.516826879021632,25.125213623046875,17.238117218017578,25.741422653198242,27.016408920288086,25.545530319213867,26.112071990966797,-0.34068921208381653,27.96478843688965,27.840966527258466,28.183202743530273,-0.3250223994255066
1889-01-16 12:00:00,24.589567184448242,25.587358474731445,26.55843734741211,28.353903135339625,22.601829528808594,21.537221908569336,24.30031748367601,24.094087600708008,18.994646072387695,24.57430076599121,27.60425567626953,24.957090377807617,26.635168075561523,-1.8417775630950928,27.618009567260742,28.111557974595744,28.275476455688477,-0.7157093286514282
1889-02-15 00:00:00,26.214628219604492,26.13814353942871,26.75059700012207,28.36096450348721,21.83176612854004,20.89723777770996,23.92381660918929,23.662378311157227,19.621057510375977,24.0283260345459,27.83092498779297,24.52031135559082,27.28139877319336,-3.1485164165496826,27.92521095275879,28.12382218253317,28.198759078979492,-0.5853400826454163
1889-03-16 12:00:00,25.885082244873047,26.943803787231445,26.88350486755371,28.361178753357173,21.89060401916504,20.827566146850586,23.974782200969706,23.35489845275879,19.222545623779297,24.220474243164062,27.95991325378418,25.21184730529785,27.557737350463867,-3.246288537979126,28.62847328186035,28.338440510346647,28.947072982788086,-0.24256031215190887
1889-04-16 00:00:00,26.391632080078125,27.352840423583984,27.696887969970703,28.357125315236175,22.09772300720215,21.191251754760742,24.286890756440997,23.579021453857422,17.53736686706543,24.710609436035156,27.880130767822266,24.549335479736328,27.67434310913086,-2.9739694595336914,28.960105895996094,28.734110680710184,29.433177947998047,0.4332527816295624
1889-05-16 12:00:00,23.37981414794922,26.84608268737793,27.64084243774414,28.347675859135013,22.818347930908203,21.907123565673828,24.783897015686,24.205402374267578,15.493819236755371,24.829200744628906,27.384475708007812,25.208688735961914,27.02280616760254,-2.0946948528289795,29.603046417236328,28.844045436067837,28.93657112121582,0.08259444683790207
1889-06-16 00:00:00,22.215919494628906,26.112613677978516,27.374710083007812,28.35624815913416,24.09541893005371,23.017841339111328,25.083691221535656,24.6573543548584,13.225238800048828,25.745948791503906,26.611352920532227,25.749059677124023,26.275117874145508,-0.5792609453201294,28.11846351623535,28.524276148507916,27.679054260253906,-0.6418946385383606
1889-07-16 12:00:00,21.70716667175293,25.4716796875,26.84181022644043,28.373444708704053,25.362133026123047,24.02288246154785,25.985963600826835,25.576810836791992,12.15616512298584,26.334516525268555,26.06124496459961,26.49639129638672,25.52519989013672,0.8394245505332947,26.897838592529297,28.0966092337833,26.622234344482422,-1.2899224758148193
1889-08-16 12:00:00,20.56123924255371,25.013248443603516,26.58965492248535,28.395801637753465,26.248197555541992,25.142309188842773,26.660947126651152,26.29684829711914,11.559839248657227,26.66555404663086,25.53183937072754,26.78567886352539,24.94593048095703,1.9532099962234497,26.86653709411621,27.856571040837885,26.755277633666992,-0.9958631992340088
1889-09-16 00:00:00,20.275362014770508,24.86880111694336,26.6251277923584,28.40047277867751,26.78304100036621,25.316909790039062,26.87757775937199,26.967273712158203,12.010077476501465,27.06153678894043,25.563261032104492,27.031536102294922,24.845487594604492,2.469074249267578,27.172725677490234,27.923552331863434,27.063322067260742,-0.5249747037887573
1889-10-16 12:00:00,21.20131492614746,25.202678680419922,26.342105865478516,28.395574532094123,26.25960922241211,25.565561294555664,26.562757757989758,26.70975685119629,13.274070739746094,27.153154373168945,25.807405471801758,26.99941635131836,24.919824600219727,2.4112813472747803,27.64615821838379,28.010898052818014,27.568214416503906,-0.24806945025920868
1889-11-16 00:00:00,21.731393814086914,25.119224548339844,26.404054641723633,28.39323241481422,24.822467803955078,24.212425231933594,26.14729047598257,25.91046142578125,14.490877151489258,26.471817016601562,26.518882751464844,26.704734802246094,25.648176193237305,1.2387118339538574,27.86252212524414,28.01100956435499,27.937881469726562,-0.28245213627815247
1889-12-16 12:00:00,23.01704216003418,25.46686363220215,26.460529327392578,28.412714032408616,23.17889976501465,22.516244888305664,25.043713856509182,24.888906478881836,16.139986038208008,25.478111267089844,26.967838287353516,25.531503677368164,26.119935989379883,-0.3245011866092682,27.854961395263672,28.035140785314518,28.227174758911133,-0.4908269941806793
1890-01-16 12:00:00,24.26517677307129,25.074010848999023,26.453508377075195,28.425562732310127,22.422876358032227,21.71375274658203,24.12333996236211,24.122478485107422,18.994646072387695,24.627792358398438,27.352943420410156,24.957090377807617,26.786575317382812,-1.935211420059204,27.693565368652344,27.865318983005963,28.16231346130371,-0.5035147070884705
1890-02-15 00:00:00,25.749879837036133,25.868804931640625,26.489051818847656,28.4324151810255,21.83191680908203,20.75403594970703,23.412910203563527,23.61042594909668,19.47197151184082,24.39542007446289,27.662960052490234,24.173582077026367,27.344804763793945,-3.0480520725250244,27.992128372192383,27.792875245557234,28.448375701904297,-0.4582820236682892
1890-03-16 12:00:00,25.861764907836914,26.898874282836914,26.72890281677246,28.409254138022444,21.790538787841797,20.711498260498047,23.404153034322917,23.765247344970703,19.52845001220703,24.450803756713867,27.801799774169922,24.667356491088867,27.676815032958984,-3.346792459487915,28.476177215576172,27.859353747211756,28.663188934326172,-0.17168699204921722
1890-04-16 00:00:00,25.054616928100586,27.352840423583984,27.404003143310547,28.382973479835588,22.08200454711914,20.970548629760742,23.422628097690136,23.0833740234375,17.60543441772461,24.709205627441406,27.886306762695312,24.814632415771484,27.725337982177734,-3.2575883865356445,28.632444381713867,28.638613653778243,29.488910675048828,0.31575289368629456
1890-05-16 12:00:00,24.34197998046875,27.20240592956543,27.467817306518555,28.371149161785727,23.02538299560547,22.067853927612305,23.80969748727793,24.362367630004883,15.33051586151123,24.89025115966797,27.433921813964844,24.955116271972656,27.02280616760254,-2.024786949157715,28.552143096923828,28.597630503262685,28.39447784423828,0.12145310640335083
1890-06-16 00:00:00,22.812807083129883,25.983051300048828,27.477510452270508,28.370304863676658,24.169857025146484,23.02675437927246,24.420294419515596,24.78241539001465,13.008230209350586,25.84650230407715,26.572519302368164,25.656774520874023,26.124547958374023,-0.5792609453201294,27.847278594970703,28.377001499483598,27.57236099243164,-0.9757677316665649
1890-07-16 12:00:00,21.610431671142578,25.384267807006836,26.95892906188965,28.374533079408963,25.02484893798828,23.999601364135742,25.515860819453746,25.321874618530273,11.933588981628418,26.112003326416016,25.912660598754883,25.971847534179688,25.16676139831543,0.8396852612495422,27.03525733947754,28.198526102760148,26.884170532226562,-1.414415717124939
1890-08-16 12:00:00,20.64569854736328,24.918546676635742,26.81617546081543,28.38593230275053,26.167190551757812,25.09842872619629,26.211339450445717,25.7633113861084,11.567047119140625,26.4902400970459,25.511892318725586,26.520824432373047,24.7762508392334,1.9583479166030884,26.893484115600586,28.291358727160087,26.668903350830078,-1.1808853149414062
1890-09-16 00:00:00,20.953718185424805,24.91435432434082,27.070512771606445,28.397555935229157,26.702333450317383,25.691640853881836,26.44110452271009,26.409873962402344,11.982195854187012,26.890195846557617,25.536375045776367,26.910123825073242,24.689651489257812,2.4466490745544434,27.228351593017578,28.204932779092566,26.96816635131836,-0.6085156798362732
1890-10-16 12:00:00,21.373287200927734,24.999238967895508,26.457366943359375,28.385427487759507,26.224163055419922,25.50227165222168,26.378373467498257,26.534805297851562,13.209526062011719,26.980655670166016,26.19952392578125,27.09136962890625,25.0832576751709,2.308924436569214,27.715499877929688,28.23835898391562,27.506404876708984,-0.5569524765014648
1890-11-16 00:00:00,22.0251522064209,25.088428497314453,26.375444412231445,28.38254702903828,24.756685256958008,23.777618408203125,25.678391962606067,25.937732696533203,15.208340644836426,26.298189163208008,26.559682846069336,26.536922454833984,25.542444229125977,1.2152022123336792,27.754112243652344,28.194921414370196,27.80028533935547,-0.29132935404777527
1890-12-16 12:00:00,22.85942268371582,25.3819637298584,26.6290283203125,28.39147689601276,23.20636749267578,22.60136604309082,24.829414456188278,24.98094940185547,17.0786075592041,25.899629592895508,27.04995346069336,25.534175872802734,26.14674186706543,-0.3245011866092682,27.892614364624023,28.01110350973083,28.18021583557129,-0.4835807979106903
1891-01-16 12:00:00,24.173437118530273,25.17742156982422,26.49873924255371,28.40591909480096,22.444414138793945,21.481779098510742,23.67008880331531,23.531238555908203,19.56020736694336,24.739261627197266,27.348365783691406,24.586666107177734,26.786575317382812,-1.8417775630950928,27.728103637695312,27.895287917644698,28.16231346130371,-0.6448748111724854
1891-02-15 00:00:00,25.742826461791992,25.633665084838867,26.246431350708008,28.401637853795727,21.83191680908203,20.75403594970703,23.418293947946058,23.61042594909668,19.96177864074707,24.39542007446289,27.729419708251953,24.60594940185547,27.147680282592773,-3.0830130577087402,27.967248916625977,27.84119664598508,28.375410079956055,-0.5853400826454163
1891-03-16 12:00:00,26.263357162475586,26.89861297607422,27.0135498046875,28.391089449501685,21.790538787841797,20.711498260498047,23.417029727829473,23.765247344970703,19.15461540222168,24.450803756713867,27.801799774169922,24.667356491088867,27.610849380493164,-3.2097747325897217,28.477264404296875,27.865880661285047,28.824857711791992,-0.018275359645485878
1891-04-16 00:00:00,25.688438415527344,26.99812889099121,27.69330406188965,28.36989851135925,22.08200454711914,20.970548629760742,23.613050042208158,23.767959594726562,17.546899795532227,24.709205627441406,27.89628791809082,24.814632415771484,27.700016021728516,-3.2575883865356445,28.660215377807617,28.466241903293454,28.70405387878418,-0.03582695499062538
1891-05-16 12:00:00,24.298791885375977,27.035690307617188,27.555570602416992,28.354825710595833,22.923479080200195,21.793405532836914,24.128749002401655,24.389144897460938,15.33051586151123,24.91927146911621,27.41161346435547,24.721572875976562,27.02280616760254,-2.1005859375,28.620866775512695,28.616753242343563,28.395238876342773,-0.14632955193519592
1891-06-16 00:00:00,23.063762664794922,26.2844295501709,27.500539779663086,28.35011896963723,24.10479736328125,22.912403106689453,24.61046064166529,25.078418731689453,13.1328763961792,25.474143981933594,26.633012771606445,25.41272735595703,26.29579734802246,-0.32496243715286255,27.835289001464844,28.535976615575187,27.374235153198242,-0.7808724641799927
1891-07-16 12:00:00,21.215240478515625,25.60881805419922,27.01348114013672,28.354025383536566,25.02484893798828,24.007883071899414,25.2338369951825,25.163127899169922,12.15616512298584,25.90544891357422,25.912660598754883,25.87904167175293,25.507186889648438,0.7924243807792664,27.042804718017578,28.034592175663185,26.884170532226562,-1.1198928356170654
1891-08-16 12:00:00,20.948650360107422,25.075735092163086,26.841449737548828,28.359384482040575,26.23863983154297,24.30872917175293,25.930283012319066,25.954431533813477,11.559839248657227,26.446565628051758,25.511892318725586,26.482616424560547,24.868860244750977,2.1221630573272705,26.893484115600586,27.81976488636256,26.668903350830078,-1.0609090328216553
1891-09-16 00:00:00,20.544281005859375,25.057334899902344,26.797651290893555,28.36715263216397,26.62013053894043,25.68828582763672,26.260458308233076,26.087879180908203,11.982195854187012,26.722200393676758,25.536375045776367,26.644163131713867,24.689651489257812,2.4792542457580566,27.228351593017578,27.818847133961945,26.96816635131836,-0.5307871699333191
1891-10-16 12:00:00,21.1873836517334,24.96670913696289,26.545656204223633,28.356318704594077,26.174442291259766,25.15644645690918,26.254292404729895,26.379009246826172,13.188647270202637,27.1049747467041,26.011009216308594,26.864158630371094,25.156496047973633,2.421494245529175,27.627002716064453,27.854403740619013,27.26835060119629,-0.188135027885437
1891-11-16 00:00:00,21.636445999145508,25.15592384338379,26.331148147583008,28.349356320582448,24.883630752563477,24.19974136352539,26.034169488293642,25.92893409729004,14.646413803100586,26.49423599243164,26.52472686767578,26.56436538696289,25.5411319732666,1.2389724254608154,27.966794967651367,28.007276407402458,27.856225967407227,-0.15425990521907806
1891-12-16 12:00:00,22.97586441040039,25.28313636779785,26.42587661743164,28.353395962972733,23.26342010498047,22.88039779663086,25.0737149661041,24.81737518310547,17.0786075592041,25.441741943359375,27.035778045654297,25.554214477539062,26.1453857421875,-0.27916622161865234,27.940006256103516,28.114211647353194,28.027753829956055,-0.28886687755584717
1892-01-16 12:00:00,24.381183624267578,25.52113914489746,26.62076187133789,28.36864885201095,22.462064743041992,21.60576820373535,24.122632680273004,24.122478485107422,18.994646072387695,24.627792358398438,27.500709533691406,25.061532974243164,26.748613357543945,-1.8417775630950928,27.67369270324707,27.872315966562024,28.184667587280273,-0.65287846326828
1892-02-15 00:00:00,26.00372314453125,26.463720321655273,26.29543113708496,28.375506983976425,21.83191680908203,20.75403594970703,23.63000810349583,23.645936965942383,19.667875289916992,24.175209045410156,27.825424194335938,24.591093063354492,27.033424377441406,-2.744030237197876,27.967248916625977,27.830560147811177,28.37259292602539,-0.5840850472450256
1892-03-16 12:00:00,26.261568069458008,26.782419204711914,27.04868507385254,28.371511386362542,21.790538787841797,20.711498260498047,23.62852094170294,23.461519241333008,19.003568649291992,24.230592727661133,28.12641143798828,24.425249099731445,27.605831146240234,-3.346792459487915,28.53206443786621,27.95091160489299,28.87689781188965,0.021020593121647835
1892-04-16 00:00:00,25.6994571685791,27.630895614624023,27.633180618286133,28.358097281769684,22.065832138061523,20.879121780395508,23.911907156693953,23.6362361907959,17.53736686706543,24.286806106567383,28.08465576171875,24.802471160888672,27.6738224029541,-2.943356513977051,28.645282745361328,28.537229115951284,29.27016258239746,0.14340144395828247
1892-05-16 12:00:00,24.281461715698242,26.622385025024414,27.995023727416992,28.34292559646463,22.930194854736328,21.971973419189453,24.126411972126352,24.519424438476562,15.351971626281738,24.906734466552734,27.31728172302246,24.894466400146484,27.180246353149414,-2.2191476821899414,28.875070571899414,28.70175554868515,29.114887237548828,0.13027682900428772
1892-06-16 00:00:00,22.230363845825195,26.091285705566406,27.2878360748291,28.333437731162253,24.21006965637207,23.142637252807617,24.289009794552275,24.750822067260742,13.252946853637695,25.7180118560791,26.892282485961914,25.847509384155273,26.201906204223633,-0.5174791216850281,27.877132415771484,28.221574341075915,27.58570098876953,-0.809820294380188
1892-07-16 12:00:00,22.044029235839844,25.568910598754883,26.943378448486328,28.345042340869142,24.99319839477539,24.03799819946289,25.051565670281807,25.29861831665039,12.180001258850098,26.03851890563965,25.912660598754883,25.87904167175293,25.435518264770508,0.7776721119880676,27.03525733947754,27.85482668393641,26.884170532226562,-0.9034916162490845
1892-08-16 12:00:00,20.601055145263672,25.045196533203125,26.80669593811035,28.358954449984783,25.699052810668945,24.208494186401367,25.977203604850672,25.70764923095703,11.559839248657227,26.52568817138672,25.511892318725586,26.70439338684082,24.94593048095703,2.1221630573272705,26.893484115600586,27.782261876685386,26.668903350830078,-0.7844783067703247
1892-09-16 00:00:00,20.57650375366211,24.951261520385742,27.070512771606445,28.373604839422875,26.57774543762207,24.86360740661621,26.34390239194792,26.369140625,12.010077476501465,26.93670654296875,25.536375045776367,26.841049194335938,24.91518783569336,2.581761360168457,27.180627822875977,27.789706772585827,27.016389846801758,-0.5233166217803955
1892-10-16 12:00:00,20.744781494140625,25.043554306030273,26.610410690307617,28.383890587612704,25.881223678588867,24.784610748291016,26.204652482615842,26.212810516357422,13.067761421203613,26.798677444458008,25.957921981811523,27.109567642211914,25.256546020507812,1.9551814794540405,27.715499877929688,27.895656769677036,27.278764724731445,-0.29602697491645813
1892-11-16 00:00:00,21.71636390686035,24.767045974731445,26.65992546081543,28.38707409319607,24.863449096679688,23.91889762878418,25.64467828431766,25.937732696533203,14.618851661682129,26.283157348632812,26.46170425415039,26.536922454833984,25.82832908630371,0.8147179484367371,27.912242889404297,28.03082327963869,27.882089614868164,-0.28245213627815247
1892-12-16 12:00:00,22.954504013061523,25.45508575439453,26.266258239746094,28.40816545598976,23.274091720581055,22.692218780517578,24.50064275666398,24.88166046142578,17.0786075592041,25.202526092529297,26.96678352355957,25.534175872802734,26.14589500427246,-0.13131742179393768,27.892614364624023,28.01074362000539,28.213438034057617,-0.5061069130897522
1893-01-16 12:00:00,24.355825424194336,25.727941513061523,26.71874237060547,28.431638111537758,22.444414138793945,21.481779098510742,23.41570686137974,24.129772186279297,19.125019073486328,24.856449127197266,27.234519958496094,24.99315643310547,26.704586029052734,-2.24541974067688,27.7746524810791,28.04560462179682,28.228944778442383,-0.5035147070884705
1893-02-15 00:00:00,25.294464111328125,26.01545524597168,26.726404190063477,28.436816502421504,21.83191680908203,20.75403594970703,23.361044182616133,23.61042594909668,19.750743865966797,24.39542007446289,27.517263412475586,24.60594940185547,27.28139877319336,-2.4489314556121826,27.94440460205078,27.833251392588302,28.493295669555664,-0.5719365477561951
1893-03-16 12:00:00,26.685983657836914,26.45586395263672,26.57626724243164,28.42481554570722,21.790538787841797,20.711498260498047,23.35330933223639,23.765247344970703,18.806039810180664,24.450803756713867,27.88812255859375,24.667356491088867,27.657913208007812,-2.3501181602478027,28.446104049682617,28.01117069339964,28.637325286865234,-0.24859718978405
1893-04-16 00:00:00,25.871631622314453,26.73311996459961,27.2857723236084,28.407461931025455,22.08200454711914,20.970548629760742,23.38560995270342,23.767959594726562,16.669946670532227,24.709205627441406,27.824871063232422,24.814632415771484,27.6738224029541,-2.4412131309509277,28.91872787475586,28.37405247629959,29.499317169189453,0.38479846715927124
1893-05-16 12:00:00,23.483036041259766,26.02793312072754,27.45466423034668,28.40201870990399,23.18956756591797,22.03278160095215,23.436690835915787,24.04082679748535,15.211731910705566,25.144573211669922,27.276065826416016,25.178882598876953,27.04595947265625,-2.1078717708587646,29.04099464416504,28.701084054280273,28.730907440185547,0.08259444683790207
1893-06-16 00:00:00,22.56395149230957,26.02849769592285,27.05076789855957,28.406078990685074,24.1213321685791,23.05064582824707,24.127563556501297,24.750822067260742,13.225238800048828,25.7180118560791,26.5510196685791,25.659435272216797,26.153512954711914,-0.5648133754730225,27.847278594970703,28.337805949804828,27.788158416748047,-0.9806069135665894
1893-07-16 12:00:00,21.526824951171875,25.392038345336914,26.93730354309082,28.413828692833267,25.02484893798828,24.037172317504883,25.172662787762047,25.191261291503906,11.9909029006958,25.87604331970215,25.76605796813965,25.84173011779785,25.16676139831543,0.8394245505332947,27.03525733947754,28.124300394781358,26.884170532226562,-1.4095157384872437
1893-08-16 12:00:00,20.45574188232422,24.763505935668945,26.527002334594727,28.42359443452512,26.23863983154297,24.811391830444336,26.210499050075455,26.026121139526367,11.559839248657227,26.4902400970459,25.53183937072754,26.53839874267578,24.759765625,1.9254415035247803,26.893484115600586,27.85450267512407,26.668903350830078,-1.4177820682525635
1893-09-16 00:00:00,20.57650375366211,24.706880569458008,26.44919776916504,28.431511215874725,26.67415428161621,25.633089065551758,26.63863593568454,26.984416961669922,11.982195854187012,26.94612693786621,25.563261032104492,27.04738426208496,24.556188583374023,2.4943597316741943,27.209880828857422,27.863194673102313,27.109867095947266,-0.5539998412132263
1893-10-16 12:00:00,20.79187774658203,25.202678680419922,26.77479362487793,28.4296639787584,26.25444793701172,25.50227165222168,26.561619348721678,26.730636596679688,13.244462966918945,27.153154373168945,25.80747413635254,27.195451736450195,25.0832576751709,2.21356201171875,27.707962036132812,28.034074398184508,27.583223342895508,-0.2644549012184143
1893-11-16 00:00:00,21.95608139038086,25.29650115966797,26.837839126586914,28.425466284100047,24.822467803955078,24.106706619262695,26.04555426081081,25.946924209594727,15.080300331115723,26.49423599243164,26.42218017578125,26.704734802246094,25.549053192138672,1.2358548641204834,27.758228302001953,28.20217192609178,27.888391494750977,-0.328665554523468
1893-12-16 12:00:00,23.238569259643555,25.426774978637695,26.712562561035156,28.436525455761455,23.17889976501465,22.60136604309082,24.478583741421357,24.96712303161621,17.062776565551758,25.202526092529297,26.949607849121094,25.534175872802734,26.127424240112305,-0.34068921208381653,27.940006256103516,28.19914295438091,28.195703506469727,-0.7390449047088623
1894-01-16 12:00:00,23.903947830200195,25.75240707397461,26.71874237060547,28.450868440140386,22.44860076904297,21.481779098510742,23.39853694377693,24.129772186279297,19.143857955932617,24.856449127197266,27.24595832824707,24.99315643310547,26.716915130615234,-1.8010096549987793,27.741289138793945,28.002539555070083,28.203258514404297,-0.6338457465171814
1894-02-15 00:00:00,25.294464111328125,26.01545524597168,26.65452766418457,28.449940038249245,21.83191680908203,20.75403594970703,23.359538027453194,23.61042594909668,19.954002380371094,24.39542007446289,27.521944046020508,24.60594940185547,27.266801834106445,-1.9063498973846436,27.992128372192383,27.841926351511955,28.48225212097168,-0.6865282654762268
1894-03-16 12:00:00,26.00208282470703,26.461139678955078,26.708091735839844,28.430690612526302,21.790538787841797,20.711498260498047,23.359670615333453,23.765247344970703,19.003568649291992,24.450803756713867,27.880674362182617,24.667356491088867,27.59537696838379,-2.3501181602478027,28.508338928222656,28.061808625298244,28.68202781677246,-0.18224777281284332
1894-04-16 00:00:00,25.080001831054688,26.943538665771484,27.14781951904297,28.41808690773744,22.08200454711914,20.970548629760742,23.396257032096276,23.767959594726562,17.4847354888916,24.709205627441406,27.73133087158203,24.814632415771484,27.601736068725586,-2.594362497329712,28.928836822509766,28.639334264469017,29.203224182128906,0.4614897668361664
1894-05-16 12:00:00,24.077171325683594,26.756898880004883,27.606475830078125,28.41268103957375,22.981481552124023,22.070531845092773,23.612358338513307,24.389144897460938,15.371138572692871,25.144573211669922,27.276065826416016,25.178882598876953,27.02280616760254,-2.1005859375,28.53641128540039,29.13922969624606,28.39447784423828,-0.12218482792377472
1894-06-16 00:00:00,22.77092170715332,26.15334701538086,27.493854522705078,28.40865707985354,24.057138442993164,23.01074981689453,24.101563587103925,24.750822067260742,13.19716739654541,25.388994216918945,26.568086624145508,25.544170379638672,26.153512954711914,-0.5648133754730225,27.841724395751953,28.850578396830187,27.521846771240234,-1.152985692024231
1894-07-16 12:00:00,21.70716667175293,25.220558166503906,26.968854904174805,28.414323063856322,24.81051254272461,24.143461227416992,24.891457604731134,25.2871150970459,11.9909029006958,26.020936965942383,26.110090255737305,25.859954833984375,25.457809448242188,0.7924243807792664,27.032636642456055,28.519067797488123,26.968286514282227,-1.4648504257202148
1894-08-16 12:00:00,20.56123924255371,24.945606231689453,26.731138229370117,28.42319005177467,26.2496395111084,24.233579635620117,25.9058926556795,25.731639862060547,11.82192325592041,26.46734046936035,25.53183937072754,26.482616424560547,24.599889755249023,1.9532099962234497,26.893484115600586,28.221558756361382,26.668903350830078,-1.1108797788619995
1894-09-16 00:00:00,20.275362014770508,24.942832946777344,26.6251277923584,28.430150234965986,26.67415428161621,24.863149642944336,26.25675024763072,26.369140625,12.398287773132324,26.722200393676758,25.563261032104492,26.831859588623047,24.556188583374023,2.4466490745544434,27.228351593017578,28.193481435646778,26.96816635131836,-0.5999763607978821
1894-10-16 12:00:00,20.930994033813477,24.940895080566406,26.546585083007812,28.4293043506474,26.289602279663086,25.224815368652344,26.277963380184087,26.534805297851562,13.244462966918945,27.1049747467041,25.807405471801758,27.044029235839844,25.092971801757812,2.308924436569214,27.573726654052734,28.170729926816247,27.506404876708984,-0.698127269744873
1894-11-16 00:00:00,23.37240982055664,25.137760162353516,26.883543014526367,28.429512535430884,24.691537857055664,23.777618408203125,25.86671275785195,25.85759735107422,14.763446807861328,26.364212036132812,26.595317840576172,26.56436538696289,25.5411319732666,1.2152022123336792,27.862533569335938,28.315786405470064,27.531755447387695,-0.49640804529190063
1894-12-16 12:00:00,22.847881317138672,25.46686363220215,26.460529327392578,28.431072246306073,23.17972755432129,22.671422958374023,24.912754117073163,24.870332717895508,17.191619873046875,25.4456787109375,26.979768753051758,25.531503677368164,26.119935989379883,-0.3245011866092682,27.795700073242188,28.313706006407465,27.965335845947266,-0.4414646029472351
1895-01-16 12:00:00,24.36228370666504,25.341432571411133,26.51633644104004,28.425705482083803,22.444414138793945,21.390352249145508,23.424322375672034,24.485612869262695,19.513389587402344,24.856449127197266,27.234519958496094,24.586666107177734,26.636959075927734,-1.4749497175216675,27.741289138793945,27.971865756205347,28.280122756958008,-0.5077326893806458
1895-02-15 00:00:00,25.42396354675293,25.810932159423828,26.602195739746094,28.419665541223555,21.83191680908203,20.75403594970703,23.380311686908676,23.61042594909668,19.373422622680664,24.39542007446289,27.662960052490234,24.60594940185547,27.585344314575195,-1.9063498973846436,27.992128372192383,27.840465560806823,28.493295669555664,-0.5118727087974548
1895-03-16 12:00:00,26.263357162475586,27.0433292388916,26.336833953857422,28.411282844613588,21.790538787841797,20.711498260498047,23.38090334276245,23.765247344970703,18.95332908630371,24.450803756713867,27.791656494140625,24.667356491088867,27.632776260375977,-2.3501181602478027,28.36969757080078,27.935214365732964,28.663188934326172,-0.24256031215190887
1895-04-16 00:00:00,25.76325798034668,27.261995315551758,27.6805477142334,28.396084862099215,22.08200454711914,20.970548629760742,23.404819036753118,23.767959594726562,17.53736686706543,24.709205627441406,27.76508331298828,24.814632415771484,27.494089126586914,-2.4412131309509277,28.710453033447266,28.617164592314108,28.70405387878418,0.21563953161239624
1895-05-16 12:00:00,24.28023910522461,26.899599075317383,27.094728469848633,28.381186733474827,22.978483200073242,22.115455627441406,23.424384067102835,24.04082679748535,15.493819236755371,25.144573211669922,27.270919799804688,25.178882598876953,27.100059509277344,-2.2191476821899414,28.488569259643555,28.638563187647232,28.24368667602539,0.14260779321193695
1895-06-16 00:00:00,23.167869567871094,26.30145263671875,27.57097816467285,28.373226700457987,24.3705997467041,23.233232498168945,24.07081506500905,24.733415603637695,13.252946853637695,25.388994216918945,26.580780029296875,25.424623489379883,26.153512954711914,-0.32496243715286255,27.835289001464844,28.52612402905485,27.49870491027832,-0.5644705295562744
1895-07-16 12:00:00,21.787708282470703,25.36524772644043,26.929523468017578,28.378135579497396,24.97901725769043,24.08985710144043,25.042776451617218,25.163127899169922,12.205907821655273,26.03851890563965,26.10841941833496,25.87904167175293,25.271610260009766,0.7924243807792664,27.069793701171875,28.20163352992054,26.884170532226562,-1.2709487676620483
1895-08-16 12:00:00,20.45574188232422,25.045196533203125,26.81617546081543,28.385582736186084,26.2496395111084,24.30872917175293,26.043844322364464,25.80443572998047,11.998536109924316,26.52568817138672,25.53183937072754,26.70439338684082,24.868860244750977,2.0667877197265625,26.893484115600586,28.170467766232914,26.668903350830078,-1.1808853149414062
1895-09-16 00:00:00,20.67913818359375,24.91435432434082,26.641557693481445,28.379349651753962,26.67415428161621,25.404287338256836,26.404399681560925,26.461490631103516,12.230652809143066,26.93670654296875,25.563261032104492,26.841049194335938,24.760456085205078,2.4903061389923096,27.228351593017578,28.073822424524217,26.96816635131836,-0.5722436904907227
1895-10-16 12:00:00,21.232370376586914,24.94634246826172,26.29218292236328,28.37305235541982,26.178150177001953,24.70062828063965,26.210745965584586,26.212810516357422,13.520881652832031,26.83503532409668,26.19952392578125,26.819183349609375,24.919824600219727,2.495298147201538,27.573726654052734,28.07676679303049,27.428152084350586,-0.29048416018486023
1895-11-16 00:00:00,21.58612632751465,24.55512237548828,26.390928268432617,28.365236608101846,24.614604949951172,23.88092613220215,25.655444099448808,25.941617965698242,15.173530578613281,26.2658748626709,26.533754348754883,26.407390594482422,25.522239685058594,1.190610647201538,27.83173179626465,28.076165216147388,27.762208938598633,-0.32221895456314087
1895-12-16 12:00:00,22.833738327026367,24.768165588378906,26.32284927368164,28.360241112613874,23.24232292175293,22.691532135009766,24.825847276652215,25.049833297729492,17.19000244140625,25.899629592895508,27.049293518066406,25.450119018554688,26.146617889404297,0.009142562747001648,27.903234481811523,28.029879438272864,28.098329544067383,-0.4484262764453888
1896-01-16 12:00:00,24.23222541809082,25.37193489074707,26.251880645751953,28.35417887235087,22.4367733001709,21.634784698486328,23.70315757769839,23.967370986938477,19.143857955932617,24.59638023376465,27.437944412231445,24.722179412841797,26.725460052490234,-1.7621656656265259,27.690948486328125,27.834251172676723,28.173442840576172,-0.6600323915481567
1896-02-15 00:00:00,26.00143051147461,26.44931983947754,26.357986450195312,28.356586547129055,21.78132438659668,20.949539184570312,23.42399125077084,23.961265563964844,19.75092124938965,24.175209045410156,27.631263732910156,24.60594940185547,27.41652488708496,-2.8663105964660645,28.151945114135742,27.818733759890655,28.255735397338867,-0.4957547187805176
1896-03-16 12:00:00,26.98291778564453,27.05279541015625,27.111879348754883,28.342365961839477,21.739946365356445,20.827566146850586,23.67311448814765,22.769149780273438,19.323843002319336,23.97503662109375,27.96102523803711,24.21478843688965,27.453645706176758,-3.5925796031951904,28.53206443786621,27.926136199366454,28.85004234313965,0.0680038332939148
1896-04-16 00:00:00,25.76325798034668,27.47169303894043,27.835439682006836,28.319126375400415,22.109268188476562,21.15951156616211,24.250101562042943,23.31745147705078,18.017608642578125,24.914567947387695,28.08465576171875,24.882972717285156,27.579240798950195,-2.72273588180542,28.91872787475586,28.579674887947444,29.31245994567871,0.37414249777793884
1896-05-16 12:00:00,24.187734603881836,27.058319091796875,27.550443649291992,28.301304697031455,22.87497901916504,21.918628692626953,24.874612287105652,24.122692108154297,15.747597694396973,25.081485748291016,27.35466766357422,25.430173873901367,27.04595947265625,-1.8089003562927246,29.603046417236328,28.693005046542027,28.877376556396484,0.10784360021352768
1896-06-16 00:00:00,23.035629272460938,27.094680786132812,27.46307945251465,28.300276489702302,24.048337936401367,23.02675437927246,25.378468948002684,24.7789363861084,13.225238800048828,25.509613037109375,26.68341827392578,25.749059677124023,26.29579734802246,-0.5489994287490845,28.13812828063965,28.011077624155284,27.629854202270508,-0.8063653707504272
1896-07-16 12:00:00,21.90296173095703,25.32837677001953,26.785669326782227,28.310190130184186,25.301856994628906,24.02288246154785,26.078490337967516,25.576810836791992,11.9909029006958,26.324249267578125,26.109912872314453,26.49639129638672,25.442127227783203,0.7989293336868286,27.160009384155273,27.820328917969942,26.96646499633789,-0.8543624877929688
1896-08-16 12:00:00,21.11712646484375,25.16713523864746,26.598588943481445,28.312928651812772,25.92976188659668,24.53693962097168,26.708284766132948,26.29684829711914,11.567047119140625,26.66555404663086,25.66706085205078,26.647953033447266,24.79778480529785,1.9254415035247803,26.875015258789062,27.767816023233546,26.74523162841797,-0.5569230318069458
1896-09-16 00:00:00,21.66800880432129,25.070255279541016,26.66590118408203,28.31795414855984,26.183399200439453,25.32219696044922,27.059819985697693,26.86345100402832,12.010077476501465,27.052379608154297,25.685096740722656,27.031536102294922,24.760456085205078,2.525458335876465,27.2460994720459,27.696777858499356,27.039623260498047,-0.22832566499710083
1896-10-16 12:00:00,20.305675506591797,24.61785888671875,26.764907836914062,28.304076667316576,25.899070739746094,24.75033187866211,26.85611083493675,26.82855987548828,13.318406105041504,27.142839431762695,26.128406524658203,27.042348861694336,25.180784225463867,2.400379180908203,27.85520362854004,27.727104375169493,27.698623657226562,0.0943773165345192
1896-11-16 00:00:00,21.550281524658203,25.492595672607422,25.719301223754883,28.29784243793118,24.809463500976562,23.922321319580078,26.33657311020999,25.981470108032227,14.33316707611084,26.5943546295166,26.603206634521484,26.679359436035156,25.522239685058594,1.1133605241775513,28.20705795288086,27.837743983591338,28.091447830200195,-0.15219973027706146
1896-12-16 12:00:00,22.65806007385254,24.706138610839844,26.24165916442871,28.307771234837645,23.716711044311523,22.76133918762207,25.59176344357749,25.17881965637207,17.187156677246094,25.825092315673828,27.122106552124023,25.545530319213867,26.152423858642578,-0.27916622161865234,28.14434814453125,28.202138084400435,28.228078842163086,-0.4970904290676117
1897-01-16 12:00:00,24.381183624267578,25.099885940551758,26.6207332611084,28.31074588746043,22.51534652709961,21.8284854888916,24.738980083850983,24.066347122192383,17.973342895507812,25.196353912353516,27.47272491455078,24.757732391357422,26.716915130615234,-1.8417775630950928,27.618009567260742,28.532018597317798,28.119449615478516,-0.9529450535774231
1897-02-15 00:00:00,25.26532554626465,25.951051712036133,26.14487648010254,28.313443600071366,21.871538162231445,20.96973419189453,24.12330335767378,23.645936965942383,19.667875289916992,24.378658294677734,27.82209587097168,24.603639602661133,27.410242080688477,-3.14359712600708,28.202884674072266,28.962993438336706,28.965408325195312,-0.5748157501220703
1897-03-16 12:00:00,25.861764907836914,26.898983001708984,26.627155303955078,28.317750461844348,22.15755844116211,20.86198616027832,24.306617644820303,23.35499382019043,18.802358627319336,24.28534698486328,28.0697021484375,24.61875343322754,27.631479263305664,-3.1550354957580566,28.826034545898438,29.245216575935604,28.992490768432617,-0.18224777281284332
1897-04-16 00:00:00,25.34765625,27.304847717285156,27.52363395690918,28.311546519338716,22.015300750732422,21.221446990966797,24.565465327227297,23.85369873046875,17.129009246826172,24.39495849609375,28.038976669311523,24.40373992919922,27.625207901000977,-2.855041742324829,29.636123657226562,29.38140623530508,29.54313850402832,0.16150426864624023
1897-05-16 12:00:00,24.34197998046875,27.268251419067383,27.696908950805664,28.304771111547566,23.023359298706055,21.955461502075195,25.208871889779736,24.174028396606445,15.006706237792969,25.025676727294922,27.58662986755371,25.026535034179688,26.995561599731445,-2.024786949157715,29.411874771118164,28.852690399523123,28.83248519897461,0.10784360021352768
1897-06-16 00:00:00,23.647064208984375,26.203371047973633,27.549726486206055,28.308044536829485,24.170249938964844,22.961193084716797,25.68492763683379,24.750452041625977,12.806022644042969,25.705318450927734,26.7691650390625,25.7960262298584,26.275117874145508,-0.636827290058136,28.087133407592773,28.349384091152356,27.71539878845215,-0.7954024076461792
1897-07-16 12:00:00,21.735692977905273,25.709440231323242,27.111642837524414,28.321495327951663,24.900463104248047,23.95963478088379,26.179829409437748,25.680830001831055,11.678712844848633,26.417062759399414,26.0775146484375,26.473642349243164,25.57328987121582,0.7924243807792664,27.22382354736328,28.16553538921891,26.878021240234375,-1.0090383291244507
1897-08-16 12:00:00,20.8593807220459,25.044715881347656,26.38593292236328,28.33242409352509,26.225271224975586,24.64728546142578,26.933936419504466,26.56320571899414,11.567047119140625,26.90852928161621,25.80722999572754,26.815540313720703,24.83687400817871,1.9583479166030884,27.035552978515625,27.77726473977089,26.90878677368164,-0.6596348881721497
1897-09-16 00:00:00,20.518163681030273,24.91988182067871,26.75201416015625,28.351667086919022,26.40520668029785,25.209335327148438,27.246706916753034,26.912704467773438,12.010077476501465,27.259065628051758,25.613101959228516,27.13583755493164,24.928857803344727,2.525458335876465,27.474655151367188,27.419174823436954,27.05242347717285,-0.09746340662240982
1897-10-16 12:00:00,20.92691421508789,24.986398696899414,26.474153518676758,28.354300738350567,25.97541618347168,25.151044845581055,27.05498505828622,27.02569580078125,13.274070739746094,27.323265075683594,26.289817810058594,27.37109375,25.054948806762695,2.3812358379364014,27.85520362854004,27.501058792815,27.621809005737305,0.3724164664745331
1897-11-16 00:00:00,23.114904403686523,25.096830368041992,26.392597198486328,28.351858041172026,24.936763763427734,23.93625259399414,26.505599275962748,26.446596145629883,14.248127937316895,26.63325309753418,26.472564697265625,26.917062759399414,25.522239685058594,1.2358548641204834,28.276676177978516,27.681214453908016,28.09525489807129,0.019357483834028244
1897-12-16 12:00:00,22.982322692871094,25.502561569213867,26.082921981811523,28.36899285977802,23.50537109375,22.604610443115234,25.473752626262762,25.17881965637207,17.0786075592041,25.785402297973633,26.99418067932129,25.634519577026367,26.112071990966797,-0.3245011866092682,28.008743286132812,27.839011262602952,28.31144142150879,-0.3082618713378906
1898-01-16 12:00:00,24.642614364624023,25.52113914489746,26.46563148498535,28.376648285778632,22.41536521911621,21.489192962646484,24.430892665012713,24.289993286132812,18.994646072387695,24.51202964782715,27.48766326904297,25.174863815307617,26.6108455657959,-1.8417775630950928,27.854063034057617,27.996299217776752,28.553281784057617,-0.4256594777107239
1898-02-15 00:00:00,25.437162399291992,26.229829788208008,26.798831939697266,28.372643294772352,21.925334930419922,20.89723777770996,24.14194745837674,23.59171485900879,19.587404251098633,24.252527236938477,27.72146987915039,24.613235473632812,27.264144897460938,-2.872225046157837,28.000797271728516,28.195169513362444,28.496009826660156,-0.4686087667942047
1898-03-16 12:00:00,26.131671905517578,27.292510986328125,27.31470489501953,28.362914118582328,21.788835525512695,20.806087493896484,24.374516671905702,23.48642349243164,19.23184585571289,23.93935203552246,27.938941955566406,24.24773406982422,27.54693031311035,-3.8315341472625732,28.523815155029297,28.311670642284795,28.764820098876953,-0.17769010365009308
1898-04-16 00:00:00,25.054616928100586,27.90569496154785,27.633180618286133,28.358791687874007,22.19915771484375,21.222200393676758,24.958402565715712,23.561983108520508,17.26576805114746,24.464332580566406,27.905000686645508,24.584016799926758,27.69614601135254,-2.979409694671631,28.77634620666504,28.76958446157373,29.217510223388672,0.21563953161239624
1898-05-16 12:00:00,24.28023910522461,27.18695831298828,27.530624389648438,28.339251694603714,22.87484359741211,21.83306312561035,25.377843465044034,24.221698760986328,15.33051586151123,25.07294273376465,27.439437866210938,24.99309539794922,26.995561599731445,-1.88667893409729,29.271726608276367,28.835127213770924,28.730907440185547,0.11169660091400146
1898-06-16 00:00:00,24.561843872070312,25.983051300048828,27.965635299682617,28.34685203724953,24.22692108154297,22.961193084716797,25.900788801420415,24.671972274780273,13.1328763961792,25.75143051147461,26.68608856201172,25.69566535949707,26.22789764404297,-0.6261948347091675,28.06024932861328,28.332373190045715,27.625871658325195,-0.9743886590003967
1898-07-16 12:00:00,21.584314346313477,25.326446533203125,27.243858337402344,28.354553772448746,25.17268943786621,23.946256637573242,26.415949867906832,25.588130950927734,12.197397232055664,26.35692024230957,25.97665786743164,26.321779251098633,25.472253799438477,0.8874179124832153,27.103361129760742,28.085774532960542,26.860149383544922,-0.9207667708396912
1898-08-16 12:00:00,21.218971252441406,24.84514045715332,26.726327896118164,28.372195788475807,26.248197555541992,24.737150192260742,27.247299740902385,26.453365325927734,11.559839248657227,26.89213752746582,25.449922561645508,26.96683120727539,24.892623901367188,2.0091779232025146,27.024782180786133,27.921211013147758,26.83353042602539,-1.0609090328216553
1898-09-16 00:00:00,20.67913818359375,24.706880569458008,26.778423309326172,28.39156101139827,26.396453857421875,25.130775451660156,27.337531647471515,26.800716400146484,11.982195854187012,27.236106872558594,25.46265411376953,27.220548629760742,24.931583404541016,2.433025360107422,27.493724822998047,27.85440004674755,27.096240997314453,-0.16719847917556763
1898-10-16 12:00:00,21.373287200927734,24.95812225341797,26.657649993896484,28.39602346156727,25.923967361450195,24.980552673339844,27.06722131959809,27.040666580200195,13.211853981018066,27.344619750976562,25.922080993652344,27.328815460205078,25.27356719970703,2.308924436569214,27.711158752441406,27.998568533388937,27.43675422668457,0.013645939528942108
1898-11-16 00:00:00,21.6444149017334,25.130407333374023,26.56185531616211,28.394739511422877,24.936763763427734,23.826101303100586,26.666649112308352,26.73237419128418,14.490877151489258,26.757394790649414,26.535594940185547,26.855396270751953,25.574050903320312,1.192090630531311,27.97995376586914,28.23942643043719,27.806516647338867,-0.3460110127925873
1898-12-16 12:00:00,23.01704216003418,25.133445739746094,26.485122680664062,28.416341550533062,23.321584701538086,22.64291763305664,25.881955919491457,25.40996742248535,17.0786075592041,25.776248931884766,27.0022029876709,25.995563507080078,26.150636672973633,-0.2753794491291046,27.75942611694336,28.134428021502277,28.227174758911133,-0.4774552285671234
1899-01-16 12:00:00,24.355825424194336,25.304874420166016,26.533910751342773,28.42779972646107,22.549152374267578,21.637163162231445,24.50233327193771,24.167787551879883,19.434040069580078,24.74723243713379,27.352943420410156,24.900136947631836,26.725460052490234,-1.8662174940109253,27.757946014404297,27.83138889212437,28.228944778442383,-0.6320778131484985
1899-02-15 00:00:00,26.090648651123047,25.862472534179688,26.489051818847656,28.42570221490917,21.810379028320312,21.079837799072266,23.701031646285124,23.24808692932129,19.750743865966797,24.03232765197754,27.616323471069336,24.52031135559082,27.344804763793945,-2.6336114406585693,27.92251968383789,27.805761637417387,28.35906410217285,-0.4403270184993744
1899-03-16 12:00:00,26.00208282470703,26.474750518798828,26.315771102905273,28.413206461272388,21.790538787841797,20.99920082092285,23.624921075503902,23.128646850585938,19.52845001220703,24.04053497314453,27.791656494140625,25.21184730529785,27.610849380493164,-3.0719830989837646,28.548555374145508,27.838355674134842,28.828176498413086,0.2136601060628891
1899-04-16 00:00:00,24.956562042236328,27.21694564819336,27.65978240966797,28.39475812593749,22.03677749633789,21.286651611328125,23.701527334911148,23.836973190307617,17.4847354888916,24.376346588134766,27.86794090270996,24.44124984741211,27.374740600585938,-2.979409694671631,28.699186325073242,28.238141315355676,29.488910675048828,0.36243313550949097
1899-05-16 12:00:00,24.297082901000977,26.982385635375977,27.143152236938477,28.379586713307035,22.971668243408203,21.825063705444336,23.93244010524345,24.26751136779785,15.679947853088379,24.90363121032715,27.270919799804688,24.836875915527344,26.572616577148438,-2.063599109649658,28.515674591064453,28.59479205715825,28.39447784423828,0.013805922120809555
1899-06-16 00:00:00,23.036659240722656,25.983051300048828,27.345956802368164,28.37509493098126,24.41832733154297,22.980224609375,24.398462304777954,24.490440368652344,13.277902603149414,25.69403076171875,26.566484451293945,26.06317901611328,26.086626052856445,-0.5473718047142029,27.708263397216797,28.40866906183135,27.420848846435547,-0.9630768299102783
1899-07-16 12:00:00,22.044029235839844,25.369400024414062,27.074161529541016,28.38188140997647,25.428922653198242,24.033388137817383,25.42606123991564,25.24713897705078,12.180001258850098,26.1688175201416,26.120174407958984,25.94198989868164,25.407251358032227,0.7989293336868286,27.176715850830078,28.011097674199796,27.01240348815918,-1.2639744281768799
1899-08-16 12:00:00,20.844701766967773,25.075397491455078,26.726327896118164,28.388870514346287,26.210968017578125,25.15568733215332,26.248329106879947,25.931690216064453,11.559839248657227,26.4902400970459,25.53183937072754,26.475849151611328,24.564119338989258,1.914315938949585,26.845760345458984,27.829469922842183,26.74523162841797,-1.0726343393325806
1899-09-16 00:00:00,20.247419357299805,24.91435432434082,27.070512771606445,28.401447575957675,26.78304100036621,25.382919311523438,26.635173985777673,26.628328323364258,11.982195854187012,26.903335571289062,25.563261032104492,26.910123825073242,24.598146438598633,2.433025360107422,27.172725677490234,27.789715528604418,27.109867095947266,-0.39417362213134766
1899-10-16 12:00:00,20.91240692138672,24.96819305419922,26.610410690307617,28.402568455028383,26.380645751953125,25.04195785522461,26.490534706807043,26.532644271850586,13.067761421203613,26.973194122314453,25.957921981811523,27.006879806518555,24.97218894958496,2.2867472171783447,27.6138858795166,27.856163870656104,27.33212661743164,-0.29074835777282715
1899-11-16 00:00:00,22.0251522064209,25.100391387939453,26.567649841308594,28.399223443794348,25.148681640625,24.26551628112793,25.967486894382336,25.92893409729004,15.080300331115723,26.49423599243164,26.46170425415039,26.56436538696289,25.26910400390625,1.2212148904800415,27.7899169921875,28.12886192271026,27.742156982421875,-0.3460110127925873
1899-12-16 12:00:00,23.199234008789062,25.605030059814453,26.513158798217773,28.40325017977265,23.317127227783203,22.739744186401367,24.875457815717578,24.928991317749023,17.238117218017578,25.424606323242188,26.99343490600586,25.676532745361328,25.909616470336914,-0.2533327043056488,27.875022888183594,28.170613862739987,28.108901977539062,-0.4472167193889618
1900-01-16 12:00:00,23.707176208496094,25.35525894165039,26.51633644104004,28.424959323095113,22.39668083190918,21.60576820373535,23.477256434740394,24.643556594848633,19.136693954467773,24.542856216430664,27.364564895629883,24.82222557067871,26.41062355041504,-1.6267904043197632,27.693565368652344,27.854496279661998,28.29132652282715,-0.6528130769729614
1900-02-15 00:00:00,25.430391311645508,25.80670166015625,26.29027557373047,28.431802839622648,21.83191680908203,20.662609100341797,23.384387640395694,23.61042594909668,19.570215225219727,24.39542007446289,27.72246742248535,24.60594940185547,27.220823287963867,-2.720184326171875,27.967248916625977,27.81906386149308,28.2277889251709,-0.539728581905365
1900-03-16 12:00:00,26.44365882873535,26.52428436279297,26.57626724243164,28.417915685087436,21.790538787841797,20.620075225830078,23.372098265003455,23.765247344970703,18.98230743408203,24.450803756713867,27.791656494140625,24.667356491088867,27.331226348876953,-2.973259449005127,28.325838088989258,27.833069570053954,28.663188934326172,0.021020593121647835
1900-04-16 00:00:00,24.924367904663086,27.351259231567383,27.41705322265625,28.3956503201362,22.09772300720215,21.32029914855957,23.416004144640958,23.767959594726562,17.53736686706543,24.709205627441406,27.955049514770508,24.814632415771484,27.686429977416992,-2.943356513977051,28.790128707885742,28.41249756973352,29.488910675048828,0.11358771473169327
1900-05-16 12:00:00,24.659494400024414,26.78023338317871,27.709327697753906,28.386020317108336,22.774206161499023,22.144874572753906,24.100099978322387,24.519424438476562,15.697486877441406,24.90363121032715,27.270919799804688,24.8909969329834,26.572616577148438,-1.9229168891906738,28.87876319885254,28.533343643605924,28.4023494720459,0.12184592336416245
1900-06-16 00:00:00,22.809627532958984,26.30145263671875,26.962465286254883,28.387931219692295,24.14737319946289,22.842021942138672,24.698442053050005,25.037918090820312,13.623119354248047,25.699321746826172,26.566484451293945,25.656774520874023,26.041223526000977,-0.5503128170967102,27.849836349487305,28.197982321944718,27.57460594177246,-0.81080561876297
1900-07-16 12:00:00,21.47075653076172,25.39308738708496,26.838184356689453,28.389773786729098,25.162689208984375,24.03340721130371,25.899055759050565,25.764324188232422,12.054232597351074,26.20311164855957,26.120174407958984,26.234018325805664,25.359594345092773,0.8291370868682861,27.032636642456055,27.89555092877717,26.884170532226562,-1.2368839979171753
1900-08-16 12:00:00,20.844701766967773,25.045196533203125,26.757883071899414,28.39427666972121,26.180166244506836,25.095073699951172,26.55970662757792,26.115253448486328,11.960182189941406,26.62797737121582,25.53183937072754,26.667482376098633,24.599889755249023,1.944987177848816,26.893484115600586,27.894234097207633,26.668903350830078,-1.1168856620788574
1900-09-16 00:00:00,20.631959915161133,24.95547103881836,26.752002716064453,28.39747221686459,26.389446258544922,25.316909790039062,26.760283021192574,26.69779396057129,12.309309959411621,26.999765396118164,25.536375045776367,26.992549896240234,24.598146438598633,2.693359613418579,27.172725677490234,27.961729160082516,27.017864227294922,-0.25514498353004456
1900-10-16 12:00:00,20.950597763061523,24.96099090576172,26.95254898071289,28.398599313417147,26.25960922241211,25.498916625976562,26.55780965892774,26.59432601928711,13.520881652832031,26.99379539489746,26.206472396850586,26.99941635131836,24.97218894958496,2.2510805130004883,27.687545776367188,28.1589541189404,27.225515365600586,0.06426087766885757
1900-11-16 00:00:00,21.58612632751465,24.955005645751953,26.621646881103516,28.400394873143153,24.883630752563477,23.860794067382812,26.11042965798854,25.97247314453125,15.080300331115723,26.537656784057617,26.516916275024414,26.70265007019043,25.36528778076172,1.2212148904800415,27.910842895507812,28.19821368764987,27.742156982421875,-0.2861727774143219
1900-12-16 12:00:00,22.85942268371582,25.545391082763672,26.357275009155273,28.405741615109505,23.22702407836914,22.835954666137695,25.029700672220123,24.998546600341797,17.0786075592041,25.490055084228516,27.00154685974121,25.53803825378418,25.983619689941406,-0.2533327043056488,27.892614364624023,28.32875501857514,28.19852066040039,-0.342684268951416
1901-01-16 12:00:00,24.1652889251709,25.259979248046875,26.49873924255371,28.414902896782362,22.453079223632812,21.390352249145508,23.682612656467903,24.485612869262695,19.125019073486328,24.608356475830078,27.341833114624023,24.586666107177734,26.383371353149414,-1.7190368175506592,27.741289138793945,27.83906703631393,28.32782554626465,-0.6448748111724854
1901-02-15 00:00:00,25.42396354675293,25.869173049926758,26.14226722717285,28.404440553324996,21.83191680908203,20.75403594970703,23.383067876750903,23.61042594909668,19.621057510375977,24.39542007446289,27.729419708251953,24.60594940185547,27.147680282592773,-2.9279701709747314,28.022293090820312,27.866292813008872,28.275590896606445,-0.5840850472450256
1901-03-16 12:00:00,26.290163040161133,26.679014205932617,26.724166870117188,28.38931370661025,21.790538787841797,20.711498260498047,23.387859725530134,23.765247344970703,18.98230743408203,24.450803756713867,27.936418533325195,24.667356491088867,27.331226348876953,-3.1181843280792236,28.59911346435547,27.924386426164105,29.1097469329834,-0.20594823360443115
1901-04-16 00:00:00,25.647245407104492,26.99812889099121,28.102201461791992,28.368592490750157,22.08200454711914,20.879121780395508,23.40315560015179,23.767959594726562,17.4847354888916,24.709205627441406,27.886306762695312,24.814632415771484,27.442737579345703,-2.594362497329712,28.959487915039062,28.247103077458817,29.647146224975586,0.3745710849761963
1901-05-16 12:00:00,24.323060989379883,27.06153678894043,27.555570602416992,28.359340880925195,22.917537689208984,21.705644607543945,23.4692520323714,24.04082679748535,15.603062629699707,25.144573211669922,27.48438262939453,25.178882598876953,27.065380096435547,-2.1423306465148926,28.82801055908203,28.62405202106868,28.877376556396484,0.13027682900428772
1901-06-16 00:00:00,23.267545700073242,26.329267501831055,27.554153442382812,28.354229361109898,24.075056076049805,23.12837028503418,23.968057429133,25.080219268798828,13.225238800048828,25.499008178710938,26.51264762878418,25.397472381591797,26.244775772094727,-1.2350294589996338,28.016252517700195,28.37788488603458,27.71017837524414,-0.8579244017601013
1901-07-16 12:00:00,21.629796981811523,25.36065673828125,26.62790298461914,28.350036018002047,24.880468368530273,24.0078125,25.020531533460307,25.2871150970459,12.12631607055664,26.04899787902832,25.94344139099121,25.935829162597656,25.44498634338379,0.950348973274231,27.160009384155273,28.238559139175727,26.977128982543945,-1.6129231452941895
1901-08-16 12:00:00,20.948650360107422,25.224430084228516,27.07421875,28.347580474053984,25.77241325378418,24.208494186401367,25.878559690697884,25.954431533813477,11.82192325592041,26.40083122253418,25.449922561645508,26.500572204589844,24.921024322509766,1.8610289096832275,26.845760345458984,27.856762900187164,26.74523162841797,-0.7539714574813843
1901-09-16 00:00:00,20.909971237182617,25.192781448364258,26.748071670532227,28.341703900683335,26.72327995300293,24.863149642944336,26.134591400120513,26.078882217407227,11.982195854187012,26.757648468017578,25.882617950439453,26.826248168945312,24.860774993896484,2.5926637649536133,27.209880828857422,27.82877480031491,27.046749114990234,-0.5260816216468811
1901-10-16 12:00:00,21.208274841308594,24.72920799255371,27.27726173400879,28.32603702504201,26.29534339904785,24.784610748291016,25.90924265526092,26.256175994873047,13.067761421203613,26.79163932800293,26.25554656982422,26.804025650024414,25.156496047973633,1.9551814794540405,27.59883689880371,27.923443540350686,27.3929500579834,-0.188135027885437
1901-11-16 00:00:00,21.332168579101562,24.980060577392578,26.767934799194336,28.312720474554325,24.756685256958008,23.777618408203125,25.656677619805315,26.010671615600586,14.470061302185059,26.364212036132812,26.598649978637695,26.504074096679688,25.604965209960938,1.1133605241775513,27.739595413208008,28.20160669831847,27.844114303588867,-0.2642388641834259
1901-12-16 12:00:00,22.864229202270508,25.263389587402344,26.622398376464844,28.319300233353104,23.22702407836914,22.645675659179688,24.917129355808452,24.90460968017578,16.596134185791016,25.563894271850586,27.024667739868164,25.531503677368164,26.1453857421875,-0.34109100699424744,27.734785079956055,28.311911747432006,28.109994888305664,-0.4284365177154541
1902-01-16 12:00:00,24.413257598876953,25.913490295410156,27.629323959350586,28.31547231780013,22.44814682006836,21.601425170898438,24.123622597580354,24.78110694885254,17.824108123779297,25.14629364013672,27.31212615966797,25.145917892456055,26.786575317382812,-1.935211420059204,27.757946014404297,28.206519022894664,28.045021057128906,-0.9529450535774231
1902-02-15 00:00:00,25.488454818725586,26.262121200561523,27.497339248657227,28.326791687081524,21.83191680908203,20.75403594970703,23.43701956202805,22.9582462310791,19.6080379486084,24.175209045410156,27.69953727722168,24.173582077026367,27.147680282592773,-2.9527857303619385,28.28469467163086,28.152828858965805,28.312503814697266,-0.5853400826454163
1902-03-16 12:00:00,25.861764907836914,26.947677612304688,27.556251525878906,28.321739761641695,21.790538787841797,20.711498260498047,23.42679678616185,23.942401885986328,18.87826156616211,24.230592727661133,27.90715217590332,24.156177520751953,27.637296676635742,-3.8315341472625732,28.74580955505371,28.64467306650568,29.434749603271484,-0.163300022482872
1902-04-16 00:00:00,25.376251220703125,27.295696258544922,27.43538475036621,28.313077661641003,22.17366600036621,21.347625732421875,24.121793281564177,24.058349609375,17.129009246826172,24.36380958557129,27.93204689025879,25.049020767211914,27.69028091430664,-3.1225147247314453,29.115148544311523,29.329795150737816,29.188669204711914,0.21563953161239624
1902-05-16 12:00:00,24.437837600708008,27.001773834228516,27.636940002441406,28.304482825377825,23.012954711914062,21.825063705444336,24.425150818918347,24.381940841674805,15.351971626281738,25.179523468017578,27.58662986755371,24.945192337036133,27.083921432495117,-1.8089003562927246,29.343482971191406,29.009822805434105,28.931154251098633,0.08259444683790207
1902-06-16 00:00:00,23.238069534301758,26.88514518737793,27.461978912353516,28.30272174781634,24.384538650512695,22.842021942138672,25.05943515898995,25.178085327148438,13.252946853637695,25.760770797729492,26.778963088989258,26.08138084411621,26.129966735839844,-0.5655266046524048,28.08819007873535,28.224832830983356,27.466089248657227,-0.6371362209320068
1902-07-16 12:00:00,22.337114334106445,25.506977081298828,27.232608795166016,28.30753495699499,25.264389038085938,23.999601364135742,25.891201618516686,25.620641708374023,12.15616512298584,26.20311164855957,26.08384132385254,26.23636817932129,25.271610260009766,0.7608163356781006,27.22382354736328,27.857833015746785,26.86967658996582,-0.7132514715194702
1902-08-16 12:00:00,20.783416748046875,25.044715881347656,26.9775447845459,28.331605358388728,26.062360763549805,25.095073699951172,26.44166526694664,26.026121139526367,11.567047119140625,26.635438919067383,25.87661361694336,26.53839874267578,24.7762508392334,1.9532099962234497,27.082061767578125,27.721941334255504,26.903392791748047,-0.6596348881721497
1902-09-16 00:00:00,20.4693660736084,24.845304489135742,26.932817459106445,28.33476530236665,26.326637268066406,25.275190353393555,26.760265837713803,26.628328323364258,11.982195854187012,26.999765396118164,25.88094711303711,26.86957359313965,24.556188583374023,2.517042636871338,27.36663818359375,27.620234469136868,27.2017879486084,0.02693699486553669
1902-10-16 12:00:00,20.8829345703125,24.64254379272461,26.215965270996094,28.333106907590402,25.953773498535156,25.04195785522461,26.711294404084292,26.70975685119629,13.284117698669434,27.120712280273438,25.987401962280273,26.990123748779297,25.010257720947266,2.3062191009521484,27.93946075439453,27.63010411128186,27.59202003479004,0.11722888797521591
1902-11-16 00:00:00,21.6444149017334,24.71242904663086,26.520898818969727,28.336574514605303,25.166385650634766,23.860794067382812,26.214108175624503,25.888769149780273,14.968718528747559,26.471817016601562,26.571212768554688,26.56436538696289,25.549680709838867,1.1601033210754395,28.249832153320312,27.722727490134915,28.183454513549805,0.019357483834028244
1902-12-16 12:00:00,22.96600914001465,24.910842895507812,26.057226181030273,28.35583918692277,23.26342010498047,22.712154388427734,25.174700681027314,25.016002655029297,17.19000244140625,25.441741943359375,27.024667739868164,25.60068130493164,26.12763786315918,-0.34068921208381653,27.96571922302246,27.838653417843545,28.27585220336914,-0.3170880675315857
1903-01-16 12:00:00,24.413257598876953,25.626319885253906,25.74816131591797,28.386325180239243,22.537832260131836,21.390352249145508,23.910285911013172,24.44573974609375,18.994646072387695,24.59638023376465,27.329687118530273,24.772686004638672,26.636959075927734,-1.7711869478225708,27.757946014404297,28.022861856249104,28.228944778442383,-0.6893846392631531
1903-02-15 00:00:00,25.771799087524414,25.810932159423828,26.16413688659668,28.391668325703055,21.83191680908203,20.75403594970703,23.41264247056953,23.61042594909668,19.563432693481445,24.39542007446289,27.64438819885254,24.60594940185547,27.033424377441406,-2.8958475589752197,27.967248916625977,27.959677682238286,28.42385482788086,-0.22848664224147797
1903-03-16 12:00:00,26.261568069458008,26.610441207885742,26.72890281677246,28.385287797393477,21.790538787841797,20.711498260498047,23.416963584818685,22.9576473236084,19.1513729095459,24.450803756713867,27.953765869140625,24.667356491088867,27.590354919433594,-3.3311023712158203,28.414255142211914,28.08018572633918,28.772323608398438,-0.2628534138202667
1903-04-16 00:00:00,24.412750244140625,26.736099243164062,26.98321533203125,28.384048234945325,22.065832138061523,21.19706153869629,23.6268343782665,23.6362361907959,17.4847354888916,24.488994598388672,27.886306762695312,24.3232364654541,27.700016021728516,-3.279590606689453,28.616182327270508,28.49617687170099,29.203224182128906,0.07837929576635361
1903-05-16 12:00:00,23.997817993164062,26.742116928100586,27.487960815429688,28.373621591195153,22.988109588623047,22.058115005493164,24.100483964023454,24.371963500976562,15.989676475524902,24.90363121032715,27.55379295349121,24.93120574951172,27.083921432495117,-1.8902803659439087,28.875070571899414,28.85283945283908,29.050670623779297,0.02484239637851715
1903-06-16 00:00:00,22.85075569152832,26.259687423706055,27.45416259765625,28.379768446213305,24.384538650512695,22.980224609375,24.437959359423733,24.929241180419922,13.298718452453613,25.400049209594727,26.572519302368164,26.08138084411621,26.153512954711914,-0.5792609453201294,27.9187068939209,28.598407886194753,27.506563186645508,-0.9242905378341675
1903-07-16 12:00:00,21.72589683532715,25.220558166503906,26.817283630371094,28.39936807917976,25.238420486450195,24.01604461669922,25.393681517610982,25.321874618530273,12.138688087463379,26.105388641357422,25.912660598754883,25.91668128967285,25.25957489013672,0.8396852612495422,27.00950813293457,28.3505260591778,26.673906326293945,-1.6128015518188477
1903-08-16 12:00:00,20.523202896118164,24.81108856201172,26.731138229370117,28.40962579842195,26.167190551757812,25.061433792114258,26.37975607481181,26.06147575378418,11.559839248657227,26.770097732543945,25.53183937072754,26.665639877319336,24.7762508392334,1.914315938949585,26.875015258789062,28.22153078289888,26.74523162841797,-1.052369475364685
1903-09-16 00:00:00,20.34361457824707,24.706880569458008,26.6251277923584,28.42488627644883,26.66053009033203,25.68828582763672,26.63528650659161,26.611021041870117,11.998170852661133,27.062694549560547,25.563261032104492,26.88703155517578,24.556188583374023,2.517042636871338,27.182767868041992,28.221538729284827,27.016389846801758,-0.5850457549095154
1903-10-16 12:00:00,21.20131492614746,25.1238956451416,26.546585083007812,28.4234790851503,26.19184112548828,25.498916625976562,26.4412656231326,26.534805297851562,13.205355644226074,26.973194122314453,25.807405471801758,27.044029235839844,25.0832576751709,2.308924436569214,27.690095901489258,28.298309571205163,27.297874450683594,-0.6155891418457031
1903-11-16 00:00:00,21.923805236816406,25.041259765625,26.598325729370117,28.41873639554013,24.756685256958008,23.86602020263672,25.904910038881066,26.013927459716797,15.080300331115723,26.442235946655273,26.613679885864258,26.56436538696289,25.540132522583008,1.1601033210754395,27.910842895507812,28.313618208447117,27.742156982421875,-0.28318020701408386
1903-12-16 12:00:00,22.91376304626465,25.45508575439453,26.712562561035156,28.432206885554912,23.277915954589844,22.572738647460938,24.75227108507995,25.123308181762695,17.191619873046875,25.46768569946289,26.868133544921875,25.450119018554688,26.127424240112305,-0.34068921208381653,27.892614364624023,28.07173226905917,28.272733688354492,-0.4284365177154541
1904-01-16 12:00:00,24.401887893676758,25.074010848999023,26.453508377075195,28.444702028825983,22.444414138793945,21.481779098510742,23.44686763192163,23.531238555908203,18.97768783569336,24.856449127197266,27.30487060546875,24.586666107177734,26.786575317382812,-1.8417775630950928,27.741289138793945,27.837927981033715,28.277585983276367,-0.8175405859947205
1904-02-15 00:00:00,25.80039405822754,25.801054000854492,26.726404190063477,28.445622166172406,21.83191680908203,20.75403594970703,23.396313720148758,23.61042594909668,19.96177864074707,24.39542007446289,27.641277313232422,24.60594940185547,27.147680282592773,-3.14359712600708,27.992128372192383,27.81876724616133,28.19765853881836,-0.5908359289169312
1904-03-16 12:00:00,25.885082244873047,26.554786682128906,26.992048263549805,28.432302407806798,21.790538787841797,20.711498260498047,23.38946425224226,23.765247344970703,19.134185791015625,24.450803756713867,27.791656494140625,24.667356491088867,27.62135887145996,-3.1683223247528076,28.53206443786621,27.89434756222306,28.79768943786621,-0.18765181303024292
1904-04-16 00:00:00,25.821645736694336,26.84213638305664,27.2857723236084,28.411360135535514,22.08200454711914,20.970548629760742,23.411775276675826,23.767959594726562,17.10408592224121,24.709205627441406,27.72870635986328,24.814632415771484,27.38853645324707,-2.8084566593170166,28.949195861816406,28.59666975724372,29.488910675048828,0.16150426864624023
1904-05-16 12:00:00,24.077171325683594,26.742116928100586,27.513113021850586,28.40232186518093,22.988109588623047,21.91061782836914,23.687231284117697,24.389144897460938,15.603062629699707,25.027385711669922,27.276065826416016,25.178882598876953,26.572616577148438,-2.024786949157715,28.82801055908203,28.747606928907494,28.4023494720459,0.14861410856246948
1904-06-16 00:00:00,22.908199310302734,26.112613677978516,27.462846755981445,28.401568300324165,24.09541893005371,22.980224609375,24.204509205276935,24.750822067260742,13.001143455505371,25.757347106933594,26.562694549560547,25.507057189941406,26.086626052856445,-0.636827290058136,27.859434127807617,28.3813497580629,27.5246639251709,-0.9988494515419006
1904-07-16 12:00:00,21.395347595214844,25.416337966918945,26.45956802368164,28.40556052193974,25.428922653198242,23.9829158782959,25.140538889078705,25.217409133911133,11.671504974365234,26.13125991821289,25.87696647644043,25.7447509765625,25.402389526367188,0.8396852612495422,27.032636642456055,28.22152808599745,26.884170532226562,-1.2709487676620483
1904-08-16 12:00:00,20.523202896118164,25.030548095703125,26.757883071899414,28.411696750913123,26.206274032592773,24.308271408081055,26.173478679677906,25.778886795043945,11.567047119140625,26.512615203857422,25.53183937072754,26.530019760131836,24.759765625,1.9532099962234497,26.893484115600586,28.121007356357975,26.668903350830078,-1.1304506063461304
1904-09-16 00:00:00,20.57650375366211,24.869352340698242,26.655517578125,28.407807727834946,26.73793601989746,25.68828582763672,26.497056668633828,26.628328323364258,12.010077476501465,26.882734298706055,25.563261032104492,26.86957359313965,24.689651489257812,2.5154061317443848,27.228351593017578,28.022214050858338,26.96816635131836,-0.6333768367767334
1904-10-16 12:00:00,20.950597763061523,24.640056610107422,26.488920211791992,28.39913694990993,26.212600708007812,25.498916625976562,26.35692281135541,26.49407196044922,13.300797462463379,27.1049747467041,26.206472396850586,26.919891357421875,25.14995002746582,2.33662486076355,27.497894287109375,28.12372833498688,27.430103302001953,-0.28878065943717957
1904-11-16 00:00:00,21.936050415039062,25.008087158203125,26.406997680664062,28.39590037154559,24.907115936279297,23.876211166381836,25.894337408954915,26.013927459716797,14.470061302185059,26.442235946655273,26.613679885864258,26.56436538696289,25.51228141784668,1.1133605241775513,27.754112243652344,28.189725296957942,27.829105377197266,-0.30124902725219727
1904-12-16 12:00:00,22.847881317138672,24.622392654418945,26.111042022705078,28.40392137921717,23.22702407836914,22.691532135009766,24.91782139305295,24.852876663208008,17.17246437072754,25.377582550048828,27.22197914123535,25.60068130493164,26.119935989379883,-0.34068921208381653,27.892614364624023,27.978514357241167,28.216047286987305,-0.5061069130897522
1905-01-16 12:00:00,24.401887893676758,25.17742156982422,25.996850967407227,28.411203628623657,22.422876358032227,21.390352249145508,23.61345293449641,23.531238555908203,18.994646072387695,24.739261627197266,27.382551193237305,24.586666107177734,26.725460052490234,-1.7795813083648682,27.728103637695312,27.84098832531467,27.963401794433594,-0.6919173002243042
1905-02-15 00:00:00,25.771799087524414,26.15973472595215,26.16413688659668,28.4117430555418,21.83191680908203,20.75403594970703,23.386129999898298,23.61042594909668,19.954002380371094,24.39542007446289,27.736867904663086,24.60594940185547,27.220823287963867,-2.8958475589752197,27.94440460205078,27.820042546387587,28.37259292602539,-0.4686087667942047
1905-03-16 12:00:00,26.413454055786133,26.703792572021484,27.044557571411133,28.405682297412376,21.790538787841797,20.672382354736328,23.39171545032951,23.765247344970703,19.168834686279297,24.450803756713867,27.928266525268555,24.667356491088867,27.661401748657227,-2.872777223587036,28.489973068237305,28.055547380388948,28.821504592895508,0.006719743832945824
1905-04-16 00:00:00,25.85482406616211,27.21694564819336,27.6805477142334,28.39355074307718,22.15834617614746,21.263614654541016,23.413423097671462,23.767959594726562,17.53736686706543,24.709205627441406,27.955049514770508,24.814632415771484,27.700016021728516,-3.0034773349761963,28.710453033447266,28.885187710206537,28.752307891845703,-0.01083616353571415
1905-05-16 12:00:00,25.432432174682617,26.46849822998047,27.143152236938477,28.38185195631314,22.87497901916504,21.876070022583008,23.958474968633563,24.362367630004883,15.679947853088379,24.91927146911621,27.270919799804688,25.178882598876953,27.11217498779297,-2.088423728942871,28.580066680908203,28.597590708570277,28.028438568115234,0.10567639023065567
1905-06-16 00:00:00,23.113134384155273,26.04340934753418,27.374710083007812,28.373356625746514,24.22692108154297,23.038026809692383,24.88873111487807,24.991533279418945,13.277902603149414,25.69640350341797,26.580780029296875,25.665998458862305,26.136106491088867,-0.5792609453201294,27.722591400146484,28.451427992399402,27.359909057617188,-0.7808724641799927
1905-07-16 12:00:00,21.70716667175293,25.340559005737305,27.24683952331543,28.376259363580996,25.17268943786621,23.756750106811523,25.782588305063552,25.764324188232422,11.9909029006958,26.171180725097656,26.06124496459961,26.234018325805664,25.16676139831543,0.7989293336868286,27.06257438659668,28.239034792273813,26.884170532226562,-1.4648504257202148
1905-08-16 12:00:00,20.45574188232422,24.892396926879883,26.649744033813477,28.379079995819804,26.218442916870117,24.69034194946289,26.559375980804152,26.26102066040039,11.559839248657227,26.648578643798828,25.511892318725586,26.587257385253906,24.7762508392334,1.8336690664291382,26.893484115600586,28.010386565218475,26.668903350830078,-1.1304506063461304
1905-09-16 00:00:00,20.745655059814453,24.903560638427734,26.523252487182617,28.374844131875882,26.234378814697266,25.231536865234375,26.857931715007222,26.967273712158203,12.010077476501465,27.03025245666504,25.536375045776367,26.992549896240234,24.743972778320312,2.6254055500030518,27.228351593017578,28.026732343352425,26.96816635131836,-0.5396711230278015
1905-10-16 12:00:00,21.068147659301758,24.557619094848633,26.669687271118164,28.3620220352376,25.850170135498047,25.114627838134766,26.635057752691164,26.76116371154785,13.27242374420166,27.01045036315918,25.90163230895996,26.99941635131836,25.14995002746582,2.308924436569214,27.732206344604492,28.01094785491277,27.26835060119629,-0.24156738817691803
1905-11-16 00:00:00,21.332168579101562,24.734437942504883,26.295133590698242,28.358470250875815,24.839746475219727,23.922321319580078,26.411233997936154,26.2241153717041,15.080300331115723,26.61495590209961,26.530515670776367,26.860742568969727,25.533430099487305,1.2065730094909668,28.062496185302734,28.171159237915223,27.69764518737793,-0.27472829818725586
1905-12-16 12:00:00,22.97586441040039,25.266517639160156,25.864669799804688,28.356369024686778,23.629281997680664,22.657146453857422,25.592741235517586,25.125213623046875,16.139986038208008,25.895009994506836,27.029813766479492,25.46186637878418,26.187606811523438,-0.27916622161865234,27.903234481811523,28.193155930324917,28.219051361083984,-0.2428307682275772
1906-01-16 12:00:00,24.26517677307129,25.790056228637695,26.18767547607422,28.354607405027593,22.43159294128418,21.8284854888916,24.37260663859274,24.094087600708008,18.19671058654785,24.4901180267334,27.500709533691406,24.957090377807617,26.725460052490234,-1.7408069372177124,27.728103637695312,27.856666162756802,28.16231346130371,-0.6963961720466614
1906-02-15 00:00:00,26.060909271240234,26.17657470703125,26.72983169555664,28.365216905342862,21.77756118774414,20.91330337524414,23.953553073773907,23.24808692932129,19.25152587890625,24.143339157104492,27.75852394104004,24.52031135559082,27.264144897460938,-2.744030237197876,27.92251968383789,27.814653971886376,28.375410079956055,-0.45699551701545715
1906-03-16 12:00:00,26.413454055786133,27.34937858581543,28.04642105102539,28.360468201212626,21.774917602539062,20.793533325195312,23.756524190267953,23.902528762817383,18.98230743408203,24.03857421875,27.954849243164062,24.156177520751953,27.42038917541504,-3.1683223247528076,28.7353458404541,28.027540335812496,28.90460777282715,-0.052140869200229645
1906-04-16 00:00:00,25.054616928100586,27.84541893005371,27.950136184692383,28.34618250717666,22.36363983154297,21.179914474487305,24.211223033792418,23.509374618530273,16.669946670532227,25.07308006286621,27.94890785217285,24.64006233215332,27.725337982177734,-3.2190065383911133,29.252382278442383,28.935335259324088,29.432065963745117,0.14340144395828247
1906-05-16 12:00:00,24.655864715576172,27.309450149536133,27.743762969970703,28.33073312809245,22.937795639038086,21.85454559326172,24.627997479162428,24.150272369384766,14.935322761535645,24.843669891357422,27.31728172302246,25.2570743560791,27.02280616760254,-1.8902803659439087,28.784969329833984,28.847856085721247,28.651872634887695,0.12145310640335083
1906-06-16 00:00:00,23.05452537536621,26.602039337158203,27.509967803955078,28.31981326896579,24.169857025146484,23.02675437927246,25.04451850739927,25.08338165283203,13.1328763961792,25.655941009521484,26.68608856201172,25.811595916748047,26.29579734802246,-0.5792609453201294,28.178913116455078,28.597684576069465,27.607526779174805,-0.9695234298706055
1906-07-16 12:00:00,22.40642738342285,25.938085556030273,27.520402908325195,28.31786945734966,25.301856994628906,23.946256637573242,25.865217341858838,25.424692153930664,11.86377239227295,26.244972229003906,26.03703498840332,26.23636817932129,25.43320655822754,0.8371105790138245,27.160009384155273,28.16553592751669,26.96646499633789,-1.3363194465637207
1906-08-16 12:00:00,20.747657775878906,25.072202682495117,26.76090431213379,28.3219713458154,26.177143096923828,24.737150192260742,26.615390765737942,26.26102066040039,11.567047119140625,26.66555404663086,25.80722999572754,26.587257385253906,24.79204750061035,1.9532099962234497,26.893484115600586,27.868008435601485,26.668903350830078,-1.2303078174591064
1906-09-16 00:00:00,20.498491287231445,25.043067932128906,26.81478500366211,28.321967700126518,26.78304100036621,25.13742446899414,27.057514478954854,26.86345100402832,12.010077476501465,27.258169174194336,25.8099365234375,27.01091957092285,24.860774993896484,2.5154061317443848,27.209880828857422,27.84368013282251,27.020401000976562,-0.4819774329662323
1906-10-16 12:00:00,21.27644920349121,24.990007400512695,26.971628189086914,28.322554344233925,26.330524444580078,24.98206329345703,26.85664483017994,27.12525749206543,13.27242374420166,27.11973762512207,26.098712921142578,27.185396194458008,25.168413162231445,2.308924436569214,27.75242042541504,27.926827283563107,27.53714942932129,-0.249516561627388
1906-11-16 00:00:00,21.711557388305664,25.176807403564453,27.10793685913086,28.32301639201589,25.125242233276367,23.972326278686523,26.354734944778333,26.2241153717041,14.618851661682129,26.741756439208984,26.840721130371094,26.625967025756836,25.54863739013672,1.2065730094909668,28.005340576171875,28.221407553828698,28.104928970336914,-0.1912214308977127
1906-12-16 12:00:00,22.576251983642578,25.494352340698242,26.35790252685547,28.326361819870066,23.513059616088867,22.739744186401367,25.398856253440364,25.083003997802734,17.10141372680664,25.400951385498047,27.121206283569336,25.484607696533203,26.12763786315918,-0.27916622161865234,27.920133590698242,28.32894089331176,28.297609329223633,-0.4908269941806793
1907-01-16 12:00:00,24.381183624267578,25.630918502807617,26.667736053466797,28.32889966089903,22.39668083190918,21.552082061767578,24.40956314276165,24.78110694885254,19.500370025634766,24.618989944458008,27.327062606811523,24.962541580200195,26.786575317382812,-1.935211420059204,27.595806121826172,28.258967348837903,28.07474708557129,-0.8096946477890015
1907-02-15 00:00:00,26.060909271240234,26.354883193969727,26.75638198852539,28.32861993064427,21.83191680908203,20.933073043823242,24.1448175029748,24.115272521972656,19.563432693481445,24.08734893798828,27.73569679260254,24.816503524780273,27.403017044067383,-2.826106071472168,27.92521095275879,28.29316602085843,28.470966339111328,-0.4330155849456787
1907-03-16 12:00:00,26.85408592224121,27.10093879699707,27.455419540405273,28.33454158678747,21.799203872680664,20.88563346862793,24.204591782222224,23.91641616821289,18.91999626159668,24.80668067932129,27.947336196899414,24.211856842041016,27.54693031311035,-3.521491289138794,28.808368682861328,28.85736164692939,29.093528747558594,-0.2638191878795624
1907-04-16 00:00:00,25.804611206054688,27.464672088623047,27.71394157409668,28.33369504718286,22.10072135925293,21.31772804260254,24.32200165646092,24.058349609375,17.53736686706543,25.07308006286621,27.905000686645508,24.905542373657227,27.6738224029541,-3.2575883865356445,28.965787887573242,28.9317935509411,29.4039306640625,-0.0009517922298982739
1907-05-16 12:00:00,23.96721649169922,27.787111282348633,27.99825668334961,28.328892472972296,22.96205711364746,21.992738723754883,24.412033664646653,24.519424438476562,15.679947853088379,25.128625869750977,27.35466766357422,25.233489990234375,26.982994079589844,-2.0572969913482666,29.072586059570312,28.93579689385899,28.93657112121582,0.13027682900428772
1907-06-16 00:00:00,22.214277267456055,26.423091888427734,27.2686767578125,28.320452007287408,24.19927215576172,23.02675437927246,24.919580319560517,24.490440368652344,13.298718452453613,25.69640350341797,26.69121742248535,25.721492767333984,26.240175247192383,-1.1611014604568481,28.08735466003418,28.57722970125585,27.697608947753906,-0.8445753455162048
1907-07-16 12:00:00,22.044029235839844,25.326446533203125,26.640121459960938,28.332771038007746,25.143508911132812,23.632041931152344,25.652176478082396,25.121631622314453,12.14981746673584,26.20311164855957,25.94344139099121,25.971847534179688,25.492393493652344,0.5631418228149414,27.20317840576172,28.04496069499257,26.923786163330078,-1.0150752067565918
1907-08-16 12:00:00,20.601055145263672,24.763505935668945,26.757883071899414,28.350781307481927,25.56792449951172,24.616647720336914,26.440619225989863,26.026121139526367,11.567047119140625,26.782121658325195,25.511892318725586,26.634716033935547,25.051137924194336,1.7367802858352661,26.989826202392578,27.733687229679763,26.60173797607422,-0.5774784088134766
1907-09-16 00:00:00,20.247419357299805,24.762134552001953,26.641557693481445,28.36519624370564,26.248292922973633,25.27863121032715,26.722379317692592,26.611021041870117,12.010077476501465,27.055675506591797,25.536375045776367,26.991004943847656,24.890972137451172,2.5180065631866455,27.124555587768555,27.65138308231221,27.13431739807129,-0.26950180530548096
1907-10-16 12:00:00,20.950597763061523,24.94634246826172,26.457366943359375,28.37499323746386,26.02153968811035,25.123828887939453,26.655674622191288,26.59432601928711,13.274070739746094,27.146135330200195,26.206472396850586,26.990123748779297,25.256546020507812,2.4778764247894287,27.777694702148438,27.781438263694536,27.3929500579834,-0.008511574007570744
1907-11-16 00:00:00,21.71636390686035,25.008087158203125,26.39883804321289,28.379503660183946,24.89144515991211,23.751405715942383,26.255227823643864,25.981470108032227,14.968718528747559,26.5943546295166,26.516916275024414,26.62449836730957,25.604841232299805,1.1133605241775513,27.860563278198242,27.86720576420803,27.84609603881836,-0.10190477967262268
1907-12-16 12:00:00,24.346281051635742,24.34129524230957,26.69584083557129,28.391357987319108,23.495935440063477,22.737274169921875,25.768217178739842,25.401168823242188,17.319950103759766,25.776248931884766,26.998876571655273,25.881038665771484,26.141469955444336,-0.24645788967609406,27.68872833251953,28.059984405949788,28.272945404052734,-0.4791017174720764
1908-01-16 12:00:00,24.173437118530273,25.481321334838867,26.13353157043457,28.41223556995615,22.467653274536133,21.525833129882812,24.538615868863026,24.399673461914062,18.994646072387695,25.243511199951172,27.341833114624023,24.826248168945312,26.725460052490234,-1.6267904043197632,27.728103637695312,27.85611754029762,28.18532371520996,-0.6963961720466614
1908-02-15 00:00:00,26.00372314453125,25.92844581604004,26.58761215209961,28.41668426438295,21.77756118774414,20.980012893676758,24.007391673830075,23.24808692932129,19.954002380371094,24.006446838378906,27.616323471069336,24.941129684448242,27.147680282592773,-2.8749277591705322,27.92251968383789,27.911795249918665,28.22157859802246,-0.5463012456893921
1908-03-16 12:00:00,25.861764907836914,26.52428436279297,26.708091735839844,28.41707867222213,21.834915161132812,20.839723587036133,24.18825030708829,23.238365173339844,19.52845001220703,24.28534698486328,27.789031982421875,24.51469612121582,27.394899368286133,-3.296889543533325,28.477264404296875,28.071294569812846,28.843355178833008,-0.24859718978405
1908-04-16 00:00:00,25.34765625,27.33401870727539,27.258541107177734,28.394908277534316,22.143390655517578,21.01779556274414,24.82523883117373,23.56673812866211,17.53736686706543,24.7147274017334,27.955049514770508,24.910717010498047,27.44788360595703,-2.952132225036621,28.662227630615234,28.56660557088475,29.488910675048828,0.16871485114097595
1908-05-16 12:00:00,24.298791885375977,26.78023338317871,27.545137405395508,28.386066226375274,22.802289962768555,21.988603591918945,25.173250357314668,24.043964385986328,15.679947853088379,25.0473690032959,27.41161346435547,25.077533721923828,26.649375915527344,-1.0075055360794067,28.848546981811523,28.645462661795563,28.30771255493164,-0.13973820209503174
1908-06-16 00:00:00,22.713197708129883,26.35853385925293,27.296302795410156,28.3838488111568,24.067054748535156,22.731229782104492,25.68800904976649,24.748605728149414,13.623119354248047,25.683027267456055,26.568086624145508,25.64091682434082,26.086626052856445,-0.25494277477264404,27.835289001464844,28.445315693714928,27.513402938842773,-0.888288140296936
1908-07-16 12:00:00,21.749547958374023,25.326446533203125,26.84181022644043,28.38626088259952,25.158864974975586,23.391836166381836,26.44070101057437,25.616764068603516,11.9909029006958,26.35692024230957,25.87696647644043,26.332717895507812,25.0723934173584,0.7643281817436218,27.218852996826172,28.17243412341484,26.968286514282227,-1.6129231452941895
1908-08-16 12:00:00,20.924171447753906,25.075397491455078,26.726327896118164,28.393619562345656,25.898258209228516,24.453760147094727,27.19349397855431,26.370342254638672,12.037660598754883,26.679733276367188,25.53183937072754,27.02545928955078,24.759765625,1.9216160774230957,26.893484115600586,28.010755419106545,26.668903350830078,-1.2143687009811401
1908-09-16 00:00:00,20.953718185424805,24.91435432434082,27.070512771606445,28.401030525496783,26.180320739746094,25.342918395996094,27.694054914495016,27.029449462890625,12.25585651397705,27.242820739746094,25.563261032104492,27.220548629760742,24.556188583374023,2.5699703693389893,27.180627822875977,27.867994628243537,27.017864227294922,-0.013066746294498444
1908-10-16 12:00:00,20.916765213012695,24.999238967895508,26.70032501220703,28.401005978544987,26.02153968811035,25.053266525268555,27.1961128554466,26.998777389526367,13.421645164489746,27.15395736694336,25.807405471801758,27.328815460205078,25.0832576751709,2.4111874103546143,27.6512508392334,27.95746751403813,27.26835060119629,-0.29980942606925964
1908-11-16 00:00:00,21.814504623413086,24.757810592651367,26.621646881103516,28.402833928399872,24.883543014526367,23.751405715942383,26.702612991461155,26.73237419128418,14.646413803100586,26.708337783813477,26.613679885864258,26.92188262939453,25.549680709838867,1.4554367065429688,27.761554718017578,27.923632909850973,27.828886032104492,-0.1938292533159256
1908-12-16 12:00:00,22.885290145874023,25.478084564208984,26.357275009155273,28.40387117396963,23.376033782958984,22.65391731262207,26.024580695166105,25.391199111938477,17.191619873046875,25.832717895507812,26.994220733642578,25.975584030151367,26.14674186706543,0.1826242059469223,27.832855224609375,28.009806287234884,27.997623443603516,-0.2901777923107147
1909-01-16 12:00:00,24.284318923950195,25.259979248046875,26.431926727294922,28.41157357000745,22.312820434570312,21.686403274536133,24.954132302867553,23.95214080810547,19.143857955932617,24.756078720092773,27.34697914123535,24.98052215576172,26.383371353149414,-0.9344367384910583,27.741289138793945,27.857484891771644,28.29132652282715,-0.6399075984954834
1909-02-15 00:00:00,25.771799087524414,25.79889488220215,26.16413688659668,28.4083386501113,21.827852249145508,20.881269454956055,24.197809795726815,23.046966552734375,19.6080379486084,24.29186248779297,27.736867904663086,24.34648895263672,27.147680282592773,-2.86908221244812,27.992128372192383,27.82588518719784,28.425800323486328,-0.5818272829055786
1909-03-16 12:00:00,26.500844955444336,27.185285568237305,27.00180435180664,28.383494438856754,21.774917602539062,20.806087493896484,24.155584782136042,23.238365173339844,19.267372131347656,24.28534698486328,27.801799774169922,24.350345611572266,27.62135887145996,-3.296889543533325,28.652175903320312,27.838088327387204,28.729507446289062,0.12493294477462769
1909-04-16 00:00:00,25.821645736694336,27.371997833251953,27.612092971801758,28.353302712637483,22.103988647460938,21.16874122619629,24.36601665011947,23.723453521728516,17.4847354888916,24.357986450195312,27.889490127563477,24.549335479736328,27.67434310913086,-2.9739694595336914,28.660215377807617,28.324968765577335,28.70405387878418,0.4614897668361664
1909-05-16 12:00:00,24.34197998046875,26.878141403198242,27.995023727416992,28.33715389340806,22.937795639038086,21.876070022583008,24.821320839603143,24.174028396606445,15.493819236755371,25.316211700439453,27.45870590209961,25.41197395324707,27.04595947265625,-1.9229168891906738,28.515674591064453,28.55739329545728,28.31405258178711,0.05310188978910446
1909-06-16 00:00:00,23.322526931762695,26.49791717529297,27.441003799438477,28.33165574992187,24.228025436401367,23.051761627197266,25.226452695444806,24.956315994262695,13.19716739654541,25.509613037109375,26.63873291015625,25.60585594177246,26.244775772094727,-0.5895657539367676,27.966842651367188,28.316731509999503,27.48850440979004,-0.939228892326355
1909-07-16 12:00:00,21.186115264892578,25.227832794189453,26.579479217529297,28.33388939703398,25.151123046875,23.95963478088379,26.034352157989517,25.764324188232422,11.671504974365234,26.22985076904297,25.94344139099121,26.277250289916992,25.472253799438477,0.8396852612495422,27.160009384155273,27.996641886855087,26.96646499633789,-1.2642871141433716
1909-08-16 12:00:00,20.948650360107422,25.15995979309082,26.825002670288086,28.346478878128437,26.102760314941406,24.69034194946289,26.653669510241844,26.26102066040039,11.567047119140625,26.721364974975586,25.50115203857422,26.587257385253906,24.823015213012695,1.9532099962234497,26.875015258789062,27.835760172312696,26.74523162841797,-1.0836117267608643
1909-09-16 00:00:00,20.518163681030273,25.15546226501465,26.596172332763672,28.35828282093871,26.180320739746094,25.139665603637695,27.064665922004664,26.86345100402832,12.010077476501465,27.03449058532715,25.46265411376953,27.04738426208496,24.860774993896484,2.525458335876465,27.359647750854492,27.824144923305738,27.012420654296875,-0.38387957215309143
1909-10-16 12:00:00,20.8829345703125,24.39087677001953,26.669687271118164,28.362536719725476,26.02153968811035,25.14706802368164,26.94707025451272,27.12525749206543,13.061820030212402,27.138776779174805,25.922080993652344,27.201963424682617,24.919824600219727,2.3140623569488525,27.794719696044922,27.86332367609151,27.453113555908203,-0.188135027885437
1909-11-16 00:00:00,21.82461166381836,24.68184471130371,26.318008422851562,28.36804836104672,24.8817195892334,23.894306182861328,26.489092921281166,26.2241153717041,14.248127937316895,26.63325309753418,26.539146423339844,26.647594451904297,25.567277908325195,1.2389724254608154,28.034751892089844,28.078335085110126,27.840087890625,-0.15425990521907806
1909-12-16 12:00:00,22.885290145874023,24.75069808959961,25.83713150024414,28.374122099987222,23.46335792541504,22.676841735839844,25.66439273864076,25.45119857788086,16.450334548950195,25.807579040527344,27.049293518066406,25.829845428466797,26.150636672973633,-0.24645788967609406,28.21842384338379,28.23014214647622,28.313091278076172,-0.36923444271087646
1910-01-16 12:00:00,24.15518569946289,25.184797286987305,26.186412811279297,28.390514641600852,22.601255416870117,21.637163162231445,24.30233038803937,24.78110694885254,18.03509521484375,24.94678497314453,27.584087371826172,25.145917892456055,26.636959075927734,-1.7621656656265259,27.7614803314209,28.029000918010908,28.275476455688477,-0.7101232409477234
1910-02-15 00:00:00,25.430391311645508,25.80670166015625,26.21839714050293,28.40496664278801,21.78132438659668,21.04814338684082,23.685385081737515,23.61042594909668,19.244361877441406,24.03232765197754,27.589365005493164,24.173582077026367,27.264144897460938,-2.7898168563842773,27.827510833740234,27.921577155668828,28.255735397338867,-0.4539165198802948
1910-03-16 12:00:00,26.786319732666016,26.91343116760254,26.57555389404297,28.40096180119285,21.867084503173828,20.851985931396484,23.60638656840315,23.765247344970703,18.98230743408203,24.230592727661133,28.000667572021484,24.667356491088867,27.544904708862305,-3.168667793273926,28.823930740356445,28.043728959243595,28.726436614990234,-0.12662926316261292
1910-04-16 00:00:00,24.776657104492188,26.755319595336914,27.6805477142334,28.38877211380481,22.340984344482422,21.377708435058594,23.75989898382683,23.767959594726562,16.669946670532227,24.376346588134766,27.955049514770508,24.814632415771484,27.725337982177734,-2.966402769088745,28.997438430786133,28.552740820397055,29.203224182128906,0.4827828109264374
1910-05-16 12:00:00,23.67794418334961,26.385128021240234,27.075716018676758,28.376358020654795,22.885581970214844,21.918628692626953,24.228185614535803,24.461271286010742,14.965508460998535,25.128625869750977,27.270919799804688,24.8909969329834,27.02280616760254,-2.0563552379608154,28.865829467773438,28.713911230761248,28.4023494720459,-0.0401797741651535
1910-06-16 00:00:00,23.113134384155273,26.085430145263672,27.217506408691406,28.378096524425352,24.26088523864746,23.02675437927246,24.877168483319924,25.06532096862793,13.225238800048828,25.76066780090332,26.580780029296875,25.651559829711914,26.342601776123047,-0.636827290058136,27.877132415771484,28.8497685536919,27.53290557861328,-0.928267776966095
1910-07-16 12:00:00,21.354061126708984,25.4716796875,26.728134155273438,28.389002360986133,25.170618057250977,23.95963478088379,25.866411318254062,25.62190055847168,12.138688087463379,26.244972229003906,26.10841941833496,26.234018325805664,25.25957489013672,0.7608163356781006,27.203340530395508,28.312550014758216,26.977128982543945,-1.5637311935424805
1910-08-16 12:00:00,20.56123924255371,25.047325134277344,26.802579879760742,28.394727401558107,26.225271224975586,24.698062896728516,26.5603304511465,26.115253448486328,11.869142532348633,26.66555404663086,25.53183937072754,26.667482376098633,24.868860244750977,1.9093551635742188,26.847904205322266,28.087858535549053,26.74523162841797,-1.2303078174591064
1910-09-16 00:00:00,20.658771514892578,24.762134552001953,26.544803619384766,28.398342787935814,26.40448570251465,25.17219352722168,27.070542559395502,26.838031768798828,12.230652809143066,27.028839111328125,25.563261032104492,27.23225975036621,24.689651489257812,2.4713172912597656,27.182767868041992,28.07814802062637,27.109867095947266,-0.28380271792411804
1910-10-16 12:00:00,20.988370895385742,24.999238967895508,26.95254898071289,28.40130972442072,26.01163101196289,25.18111801147461,26.7603017266009,27.033315658569336,13.499853134155273,27.307384490966797,25.957921981811523,27.185396194458008,25.0832576751709,2.2876925468444824,27.633119583129883,27.924172186557033,27.26835060119629,-0.29980942606925964
1910-11-16 00:00:00,23.37240982055664,24.767045974731445,26.643054962158203,28.400988253287764,24.955629348754883,23.93625259399414,26.356140016753344,26.264848709106445,15.173530578613281,26.5943546295166,26.470741271972656,26.860742568969727,25.5411319732666,1.2358548641204834,27.754112243652344,28.055143992833887,27.724708557128906,-0.328665554523468
1910-12-16 12:00:00,24.527135848999023,25.46686363220215,26.332773208618164,28.39969021170912,23.596845626831055,22.604610443115234,25.647610604338347,25.17881965637207,17.10141372680664,25.68993377685547,27.04995346069336,25.659828186035156,26.119935989379883,-0.2533327043056488,27.80574607849121,28.165536193111123,28.109994888305664,-0.5028941631317139
1911-01-16 12:00:00,24.29737091064453,25.19856071472168,26.13353157043457,28.41461016593339,22.74185562133789,21.489192962646484,24.410612566073596,23.85891342163086,19.125019073486328,24.45314598083496,27.34697914123535,24.757732391357422,26.725460052490234,-1.7408069372177124,27.728103637695312,27.88712124762081,28.025819778442383,-0.6528130769729614
1911-02-15 00:00:00,25.437162399291992,25.892974853515625,26.477109909057617,28.42522238483514,21.83191680908203,20.662609100341797,23.692727387921757,23.961265563964844,19.954002380371094,23.978803634643555,27.559816360473633,24.173582077026367,27.377344131469727,-3.0830130577087402,27.94440460205078,27.838630301904715,28.230470657348633,-0.5818272829055786
1911-03-16 12:00:00,26.4671573638916,26.45586395263672,26.57626724243164,28.416695108993988,21.790538787841797,20.711498260498047,23.42561899999646,23.765247344970703,19.168834686279297,24.450803756713867,27.946048736572266,24.667356491088867,27.453645706176758,-3.3311023712158203,28.52886199951172,27.92237748104741,28.843355178833008,-0.018275359645485878
1911-04-16 00:00:00,25.34765625,26.755319595336914,27.433061599731445,28.402555075672,22.08200454711914,20.970548629760742,23.609929344868988,23.767959594726562,17.546899795532227,24.709205627441406,27.904117584228516,24.814632415771484,27.579240798950195,-2.9909188747406006,28.965787887573242,28.51898110070217,29.599246978759766,0.4039381444454193
1911-05-16 12:00:00,24.391742706298828,26.46849822998047,27.020235061645508,28.395327071016116,22.971668243408203,21.825063705444336,24.112422658668304,24.05489158630371,15.989676475524902,24.90363121032715,27.433921813964844,25.056875228881836,27.029510498046875,-2.0951457023620605,28.865829467773438,28.70581146665186,28.40019416809082,-0.015742208808660507
1911-06-16 00:00:00,22.860239028930664,26.336700439453125,27.595062255859375,28.389608463326187,24.536100387573242,22.865802764892578,24.82457544122852,25.06532096862793,13.191605567932129,25.561460494995117,26.579370498657227,25.665998458862305,26.201906204223633,-0.32496243715286255,27.645708084106445,28.591246972608086,27.314781188964844,-1.1225550174713135
1911-07-16 12:00:00,21.295513153076172,25.369400024414062,26.921600341796875,28.374220928187903,25.322690963745117,24.044387817382812,25.654896914044965,25.410947799682617,11.671504974365234,26.181108474731445,25.912660598754883,26.06949234008789,25.44498634338379,0.7924243807792664,27.03525733947754,28.409318165417403,26.884170532226562,-1.4648504257202148
1911-08-16 12:00:00,20.9918155670166,24.543760299682617,26.798328399658203,28.372495512455636,26.248197555541992,24.772850036621094,26.561577765060136,26.26102066040039,11.567047119140625,26.782121658325195,25.449989318847656,26.630023956298828,24.921024322509766,1.9532099962234497,26.893484115600586,28.205796481831154,26.668903350830078,-1.1304506063461304
1911-09-16 00:00:00,20.544281005859375,24.845304489135742,26.60357666015625,28.367939895026407,26.066120147705078,25.13742446899414,26.861301996135108,26.967273712158203,12.010077476501465,27.06153678894043,25.462587356567383,27.031536102294922,24.860774993896484,2.4466490745544434,27.180627822875977,28.113164258319298,27.020401000976562,-0.535248339176178
1911-10-16 12:00:00,21.013938903808594,24.837434768676758,26.837308883666992,28.360691323096102,25.914133071899414,25.03413200378418,26.73998465676059,26.81740951538086,12.913345336914062,27.146135330200195,25.98854637145996,27.16297721862793,25.156496047973633,2.308924436569214,27.715499877929688,28.240180917202828,27.277271270751953,-0.6801638007164001
1911-11-16 00:00:00,21.358558654785156,25.39474868774414,26.477479934692383,28.34955842137426,24.936763763427734,23.894533157348633,26.39853403943238,26.264848709106445,14.300030708312988,26.5943546295166,26.571212768554688,26.671066284179688,25.52713394165039,1.2212148904800415,27.754112243652344,28.19536823686895,27.721891403198242,-0.30124902725219727
1911-12-16 12:00:00,22.982322692871094,25.582088470458984,27.463035583496094,28.34157581463587,23.629281997680664,22.604610443115234,25.35322938115186,24.941801071166992,16.27078628540039,25.568769454956055,27.121206283569336,25.622529983520508,26.14674186706543,-0.2533327043056488,27.881994247436523,28.289825742284307,28.16704559326172,-0.4568781554698944
1912-01-16 12:00:00,24.594043731689453,25.86823081970215,27.797964096069336,28.346391956635543,22.41536521911621,21.6209774017334,24.13664442493399,24.31499481201172,18.19671058654785,24.98658561706543,27.31212615966797,24.957090377807617,26.383371353149414,-1.8981740474700928,27.67369270324707,27.957737800444892,28.191598892211914,-0.6351027488708496
1912-02-15 00:00:00,25.998699188232422,26.433753967285156,26.656705856323242,28.343163986449316,21.78132438659668,20.933073043823242,23.678634401037097,23.9213924407959,19.23268699645996,24.04430389404297,27.755817413330078,24.603639602661133,27.152847290039062,-2.8749277591705322,28.022293090820312,27.88117803303514,28.275590896606445,-0.5836935639381409
1912-03-16 12:00:00,26.36347770690918,27.33563232421875,27.3232421875,28.33165483331432,21.867084503173828,20.912960052490234,23.91878919570814,23.461519241333008,18.63018035888672,24.03425407409668,27.938941955566406,24.425249099731445,27.62135887145996,-3.31071138381958,28.664867401123047,28.44932735922961,29.09688949584961,-0.24256031215190887
1912-04-16 00:00:00,25.741243362426758,27.395235061645508,27.968725204467773,28.31385488741475,22.36920166015625,21.20059585571289,24.19709011267684,23.509374618530273,17.31456756591797,24.844770431518555,28.018041610717773,24.44124984741211,27.579240798950195,-3.4204657077789307,28.616182327270508,28.846615778809834,29.217510223388672,0.260520875453949
1912-05-16 12:00:00,24.312795639038086,26.974040985107422,27.636940002441406,28.3030923418082,22.899967193603516,21.950008392333984,24.82191658429075,24.103891372680664,15.339486122131348,25.086776733398438,27.58662986755371,25.150362014770508,27.02280616760254,-1.9229168891906738,28.85037612915039,28.852008986269563,29.123502731323242,-0.0401797741651535
1912-06-16 00:00:00,23.861690521240234,26.540966033935547,27.55400848388672,28.30111975820831,24.14737319946289,23.020023345947266,25.024955136063774,25.06532096862793,13.225238800048828,25.655941009521484,26.785356521606445,26.08138084411621,26.287193298339844,-0.636827290058136,28.097217559814453,28.326811561313683,27.393144607543945,-0.8052794337272644
1912-07-16 12:00:00,21.55459976196289,25.667613983154297,26.95057487487793,28.312985439775446,25.17268943786621,24.02288246154785,25.87064264735095,25.37904167175293,11.86377239227295,26.18748664855957,26.06610870361328,26.13968849182129,25.44498634338379,0.7924243807792664,27.22382354736328,27.818263270957324,27.03598403930664,-0.840469241142273
1912-08-16 12:00:00,20.378799438476562,24.924928665161133,26.51222801208496,28.31301047936035,25.8181209564209,24.629592895507812,26.561409814432764,26.06147575378418,11.559839248657227,26.782121658325195,25.767383575439453,26.665639877319336,24.94593048095703,2.0446650981903076,26.9178409576416,27.609152407965496,26.836496353149414,-0.5586045980453491
1912-09-16 00:00:00,19.872684478759766,24.36906623840332,26.178363800048828,28.313141807012396,26.309572219848633,25.16278648376465,26.86040111418164,26.69779396057129,11.982195854187012,27.013629913330078,25.89813995361328,27.014205932617188,24.928857803344727,2.4903061389923096,27.486141204833984,27.396993543330893,27.150548934936523,-0.09746340662240982
1912-10-16 12:00:00,20.554494857788086,23.934309005737305,26.187936782836914,28.312692509325082,25.95319938659668,25.137296676635742,26.747017599253194,26.76116371154785,13.067761421203613,27.307384490966797,26.07561492919922,27.042348861694336,25.24762535095215,2.4778764247894287,28.050397872924805,27.351817839333304,27.935440063476562,0.7067065834999084
1912-11-16 00:00:00,21.685251235961914,24.025007247924805,26.347625732421875,28.315192891247726,24.763154983520508,24.042598724365234,26.441124835241034,26.264848709106445,14.235941886901855,26.63325309753418,26.695363998413086,26.764923095703125,25.743064880371094,1.1133605241775513,28.164264678955078,27.605250055955423,28.35597801208496,0.23109830915927887
1912-12-16 12:00:00,22.446456909179688,24.49655532836914,26.220829010009766,28.32631896527625,23.376033782958984,22.636173248291016,25.556826561773583,25.401168823242188,17.17246437072754,25.722248077392578,27.16986656188965,25.881038665771484,26.274328231811523,-0.28591933846473694,28.072351455688477,27.759506718581058,28.47606658935547,-0.1767604798078537
1913-01-16 12:00:00,24.575448989868164,25.0216121673584,26.389921188354492,28.333290360273978,22.43159294128418,21.50282859802246,24.48050629555533,24.222415924072266,17.824108123779297,24.757450103759766,27.513587951660156,24.719512939453125,26.86944007873535,-1.915088176727295,27.919273376464844,28.221570927885377,28.74518394470215,-0.2576897144317627
1913-02-15 00:00:00,25.95865821838379,25.965206146240234,26.411836624145508,28.339272453479285,21.827852249145508,20.881269454956055,24.1859182210264,23.046966552734375,19.621057510375977,24.340492248535156,27.81060791015625,24.30660057067871,27.346529006958008,-3.3568947315216064,28.079870223999023,28.932945175142674,28.696664810180664,-0.5198107361793518
1913-03-16 12:00:00,26.36347770690918,26.88939666748047,26.780330657958984,28.328779407171876,21.774917602539062,20.839723587036133,24.88879427485995,23.282489776611328,18.82487678527832,24.110933303833008,27.996362686157227,24.363773345947266,27.609155654907227,-3.296889543533325,28.836143493652344,29.57695358787745,29.005098342895508,-0.251128226518631
1913-04-16 00:00:00,25.625463485717773,27.340782165527344,27.491958618164062,28.314387873969142,22.0736141204834,21.191003799438477,25.045597410672816,23.670095443725586,17.31456756591797,24.56410789489746,27.94879150390625,24.728708267211914,27.620088577270508,-2.9739694595336914,29.566329956054688,29.54083649203396,29.54313850402832,0.23215091228485107
1913-05-16 12:00:00,24.200950622558594,27.000823974609375,27.59420394897461,28.30694987711507,22.852312088012695,21.865467071533203,25.58498421107233,24.235511779785156,15.339486122131348,24.942363739013672,27.533201217651367,25.19392967224121,27.257986068725586,-2.0946948528289795,29.550796508789062,29.769099040480448,28.985231399536133,-0.0401797741651535
1913-06-16 00:00:00,23.26312828063965,26.49791717529297,27.596376419067383,28.31486102844567,24.265548706054688,23.06008529663086,25.969028575039367,24.706857681274414,13.1851224899292,25.75143051147461,26.90033531188965,25.69566535949707,26.262271881103516,-0.5489994287490845,28.28036117553711,29.416022529617152,27.795007705688477,-0.8083037734031677
1913-07-16 12:00:00,21.199153900146484,25.007841110229492,27.04155158996582,28.36186573657153,25.049482345581055,23.69757080078125,26.357092791982108,25.554927825927734,12.501534461975098,26.208864212036133,26.02739715576172,26.474950790405273,25.57328987121582,0.7608163356781006,27.17904281616211,28.695242409299482,26.898080825805664,-1.548348307609558
1913-08-16 12:00:00,21.218971252441406,25.034278869628906,26.92481231689453,28.428168108357298,25.917232513427734,24.455610275268555,26.927023077627933,26.58034896850586,11.559839248657227,26.90852928161621,25.888368606567383,26.7435245513916,24.67789649963379,1.9532099962234497,26.847904205322266,28.29481302249093,26.579608917236328,-1.052369475364685
1913-09-16 00:00:00,20.67913818359375,24.86880111694336,27.315330505371094,28.448151076818682,26.180320739746094,25.021739959716797,27.15050360124038,26.884855270385742,11.982195854187012,27.259065628051758,25.462587356567383,27.285585403442383,24.83425521850586,2.432462215423584,27.224411010742188,28.267258268806057,27.155811309814453,-0.2187056839466095
1913-10-16 12:00:00,20.950597763061523,25.202678680419922,27.400287628173828,28.450812570592866,26.01163101196289,25.377931594848633,26.87677137117801,26.81740951538086,13.061820030212402,27.124950408935547,25.90163230895996,27.181316375732422,24.946969985961914,2.33662486076355,27.74730110168457,28.349935259161583,27.662033081054688,-0.28878065943717957
1913-11-16 00:00:00,21.420703887939453,25.35498809814453,27.508089065551758,28.462085880999773,24.99431610107422,24.039630889892578,26.391965623746795,25.981470108032227,14.248127937316895,26.5943546295166,26.533754348754883,26.62449836730957,25.522239685058594,1.2389724254608154,28.045103073120117,28.314540188132447,28.047412872314453,-0.1938292533159256
1913-12-16 12:00:00,23.01704216003418,25.422378540039062,27.3316707611084,28.483397219167276,23.70216941833496,22.6735897064209,25.65572290273895,25.45119857788086,17.0786075592041,25.825092315673828,27.04995346069336,25.829845428466797,26.150636672973633,-0.24645788967609406,28.13471221923828,28.202733692067365,28.15420913696289,-0.4835807979106903
1914-01-16 12:00:00,24.534502029418945,25.727941513061523,26.977136611938477,28.487432895486027,22.73629379272461,21.610305786132812,24.58211483711779,24.10381507873535,19.301288604736328,24.74723243713379,27.36328125,25.212007522583008,26.725460052490234,-1.935211420059204,27.728103637695312,27.936484349372424,28.174293518066406,-0.4816126823425293
1914-02-15 00:00:00,26.00372314453125,26.334428787231445,26.75162696838379,28.473060620993017,21.925334930419922,20.983186721801758,24.049942618071526,23.589094161987305,19.954002380371094,24.70589828491211,27.64832878112793,24.540143966674805,27.264144897460938,-2.872225046157837,27.967248916625977,27.846073254348628,28.37626075744629,-0.5719365477561951
1914-03-16 12:00:00,25.861764907836914,26.201173782348633,26.9605770111084,28.450210067576712,21.739946365356445,20.959489822387695,23.931319750815998,23.259382247924805,18.91999626159668,24.42701530456543,27.928266525268555,24.211856842041016,27.590354919433594,-3.3696820735931396,28.521358489990234,28.03071308815707,28.87689781188965,0.0858144462108612
1914-04-16 00:00:00,25.7405948638916,27.19305992126465,27.38449478149414,28.429569454070204,22.10772705078125,21.263614654541016,23.979809869509154,23.123022079467773,17.52743911743164,24.372344970703125,27.8912410736084,24.905542373657227,27.374740600585938,-2.979409694671631,28.91872787475586,28.489261835586927,29.499317169189453,0.3460187017917633
1914-05-16 12:00:00,24.28023910522461,26.457656860351562,27.636247634887695,28.418754342092548,23.035144805908203,21.927745819091797,24.22156071706593,24.109722137451172,15.733305931091309,25.30963134765625,27.5073184967041,25.32189178466797,26.6285400390625,-1.2843128442764282,28.875070571899414,28.77473911546254,28.464038848876953,0.14861410856246948
1914-06-16 00:00:00,23.063762664794922,26.00978660583496,27.178199768066406,28.41176020085486,24.110593795776367,23.056928634643555,24.827556504729113,25.04502296447754,13.1328763961792,25.61685562133789,26.611352920532227,25.860193252563477,26.060688018798828,-0.6620756387710571,27.82207679748535,28.61852625350674,27.61009979248047,-0.9739000201225281
1914-07-16 12:00:00,21.16986656188965,25.402421951293945,26.93730354309082,28.421434864473333,24.97901725769043,24.176843643188477,25.668894833745686,25.62190055847168,12.197397232055664,26.181108474731445,26.06124496459961,26.234018325805664,25.355724334716797,1.0028058290481567,27.03525733947754,28.257268973419073,26.884170532226562,-1.414415717124939
1914-08-16 12:00:00,21.218971252441406,24.763505935668945,26.68809700012207,28.446697791835643,26.23863983154297,25.061433792114258,26.56107759456462,26.26102066040039,11.567047119140625,26.62797737121582,25.53183937072754,26.587257385253906,24.599889755249023,1.9496551752090454,26.893484115600586,28.122182056042863,26.668903350830078,-1.1808853149414062
1914-09-16 00:00:00,20.49718475341797,24.762134552001953,26.629837036132812,28.45195224655933,26.702333450317383,25.68828582763672,26.930369237865605,26.912494659423828,12.010077476501465,27.06153678894043,25.563261032104492,27.23225975036621,24.598146438598633,2.5699703693389893,27.228351593017578,28.089659308131296,26.96816635131836,-0.5722436904907227
1914-10-16 12:00:00,20.92708969116211,25.04851722717285,26.610410690307617,28.439434529248505,26.224163055419922,25.487632751464844,26.635255452610984,26.82855987548828,13.152859687805176,27.03658676147461,26.19952392578125,27.16297721862793,25.0832576751709,2.21356201171875,27.600839614868164,28.170456895528822,27.538928985595703,-0.2119559496641159
1914-11-16 00:00:00,21.670513153076172,24.955005645751953,26.621646881103516,28.419118975680593,25.38201332092285,24.212425231933594,26.23306718698762,26.147668838500977,14.300030708312988,26.44944190979004,26.522409439086914,26.62449836730957,25.549053192138672,1.192090630531311,27.75412940979004,28.254353445806338,27.844905853271484,-0.3344091773033142
1914-12-16 12:00:00,22.875715255737305,24.34129524230957,26.413972854614258,28.42581200709722,23.363121032714844,22.768844604492188,25.178086761365734,24.940820693969727,15.85315227508545,25.47056770324707,27.0022029876709,25.71414566040039,25.983619689941406,-0.2753794491291046,27.824377059936523,27.89517360062231,27.997623443603516,-0.27100101113319397
1915-01-16 12:00:00,24.26517677307129,25.06588363647461,26.1916446685791,28.428887952708116,22.4367733001709,21.6209774017334,24.124490677617914,24.353425979614258,17.50709342956543,24.98658561706543,27.341833114624023,25.061532974243164,26.43638038635254,-1.8670783042907715,27.693565368652344,27.840421754217438,27.963401794433594,-0.678513765335083
1915-02-15 00:00:00,25.771799087524414,25.9395751953125,26.21839714050293,28.43100452527911,21.83191680908203,20.662609100341797,23.61662776793427,23.9213924407959,19.621057510375977,23.978803634643555,27.729419708251953,24.30909538269043,27.212926864624023,-2.8749277591705322,27.967248916625977,27.844629515184856,28.387292861938477,-0.5463012456893921
1915-03-16 12:00:00,26.413454055786133,27.113544464111328,26.85361099243164,28.403161409936697,21.790538787841797,20.99920082092285,23.623609379849388,23.461519241333008,19.172008514404297,24.04053497314453,27.953765869140625,24.425249099731445,27.677043914794922,-3.8315341472625732,28.5408878326416,28.01735721377886,28.855758666992188,0.01616399735212326
1915-04-16 00:00:00,25.77244758605957,27.48988914489746,27.404003143310547,28.392394357438697,22.065832138061523,21.32029914855957,23.938654803074144,23.704587936401367,17.31456756591797,24.376346588134766,27.86491584777832,24.905542373657227,27.67434310913086,-3.1225147247314453,28.903644561767578,28.713007581324554,29.27016258239746,0.11358771473169327
1915-05-16 12:00:00,24.00103187561035,27.040557861328125,27.594188690185547,28.380307998348393,23.008838653564453,21.864927291870117,24.294024091567813,24.103891372680664,15.211731910705566,25.179523468017578,27.5073184967041,25.150362014770508,26.649375915527344,-2.0946948528289795,28.82801055908203,28.860578278359434,28.651872634887695,-0.1746133714914322
1915-06-16 00:00:00,22.713197708129883,26.30145263671875,27.57097816467285,28.3737152511756,24.228025436401367,23.01815414428711,25.028280728584637,25.006216049194336,13.225238800048828,25.67540740966797,26.579370498657227,25.84724998474121,26.086626052856445,-0.6620756387710571,27.82207679748535,28.409275792849513,27.320653915405273,-0.9988494515419006
1915-07-16 12:00:00,21.749547958374023,25.550519943237305,26.72040557861328,28.376945603579674,25.143508911132812,23.632041931152344,26.14812132815651,25.567325592041016,12.12631607055664,26.207475662231445,26.054872512817383,26.281888961791992,25.407251358032227,0.9413184523582458,27.032636642456055,28.172004957337236,26.884170532226562,-1.4709326028823853
1915-08-16 12:00:00,20.844701766967773,25.030548095703125,26.90205192565918,28.388608424311386,26.102760314941406,24.629592895507812,27.05886859048109,26.4255428314209,12.044499397277832,26.753141403198242,25.511892318725586,26.763822555541992,24.564119338989258,1.9031336307525635,26.893484115600586,28.02933039763325,26.668903350830078,-1.052369475364685
1915-09-16 00:00:00,20.247419357299805,24.869352340698242,26.655517578125,28.39400499520589,26.78304100036621,25.214004516601562,27.336157576358033,26.865854263305664,12.398287773132324,27.05322265625,25.536375045776367,27.148509979248047,24.598146438598633,2.5699703693389893,27.180627822875977,28.080483818654596,26.96816635131836,-0.5396711230278015
1915-10-16 12:00:00,21.324365615844727,24.94634246826172,26.488920211791992,28.389854813863128,26.17935562133789,25.03413200378418,26.9079767956137,27.03446388244629,13.54468059539795,27.104089736938477,26.132545471191406,27.181346893310547,24.988676071166992,2.335660934448242,27.573726654052734,28.17165388968884,27.315553665161133,-0.698127269744873
1915-11-16 00:00:00,21.364013671875,25.03255271911621,26.406997680664062,28.384285605054206,25.185518264770508,24.228160858154297,26.25996333303933,26.2241153717041,15.015257835388184,26.66394805908203,26.533754348754883,26.860742568969727,25.353252410888672,1.7312626838684082,27.925865173339844,28.239292342030563,27.844114303588867,-0.2833912968635559
1915-12-16 12:00:00,22.85942268371582,24.798242568969727,26.111042022705078,28.394366749093116,23.28202247619629,22.7855224609375,25.357609479090897,25.17881965637207,17.19000244140625,25.536468505859375,26.998876571655273,25.545530319213867,25.95528793334961,-0.03640899062156677,27.892614364624023,28.17015839695648,28.195703506469727,-0.4936601221561432
1916-01-16 12:00:00,24.57704734802246,25.246896743774414,25.996850967407227,28.40343021735655,22.45206069946289,21.552082061767578,24.20471340943497,24.399673461914062,19.500370025634766,24.98658561706543,27.31134605407715,24.826248168945312,26.786575317382812,-1.8981740474700928,27.71962547302246,27.920613636136366,27.963401794433594,-0.4816126823425293
1916-02-15 00:00:00,25.771799087524414,26.036911010742188,26.555816650390625,28.409317860432505,21.83191680908203,20.662609100341797,23.704642293456,22.83931541442871,19.570215225219727,23.978803634643555,27.589365005493164,24.154666900634766,27.362144470214844,-2.512355327606201,27.992128372192383,27.842018934128433,28.493295669555664,-0.374620258808136
1916-03-16 12:00:00,26.68736457824707,26.508018493652344,27.025470733642578,28.39428443999165,21.790538787841797,20.620075225830078,23.74322175793694,23.33916664123535,19.172008514404297,24.04053497314453,27.956613540649414,24.42169761657715,27.677043914794922,-3.371074676513672,28.5252742767334,28.05139402335181,28.87689781188965,-0.12339390814304352
1916-04-16 00:00:00,25.647245407104492,27.207902908325195,27.38920021057129,28.379418836730817,22.17366600036621,21.13907814025879,24.19721172291092,23.31745147705078,17.31456756591797,25.07308006286621,27.97909164428711,24.549335479736328,27.659143447875977,-2.979409694671631,28.699186325073242,28.48874748582176,29.204952239990234,0.07837929576635361
1916-05-16 12:00:00,24.27069664001465,27.06153678894043,27.694456100463867,28.369749181073963,22.818347930908203,21.94896125793457,24.439899907538752,24.025569915771484,15.371138572692871,25.37830352783203,27.45870590209961,25.41197395324707,27.02280616760254,-2.1644821166992188,28.865829467773438,28.528894400623045,28.39447784423828,0.13027682900428772
1916-06-16 00:00:00,24.561843872070312,26.224348068237305,27.357526779174805,28.363992760847818,24.35405731201172,23.04044532775879,25.198859842472217,24.750452041625977,13.225238800048828,25.480207443237305,26.630586624145508,25.749059677124023,26.277978897094727,-0.5473718047142029,27.849836349487305,28.35107492995363,27.56326675415039,-0.9630768299102783
1916-07-16 12:00:00,21.610431671142578,25.321693420410156,26.893033981323242,28.36200369315571,25.301856994628906,24.072185516357422,26.04275781141013,25.592350006103516,12.205907821655273,26.22985076904297,25.8787784576416,26.3321533203125,25.44498634338379,0.7989293336868286,27.032636642456055,28.000753991784393,26.968286514282227,-0.9034916162490845
1916-08-16 12:00:00,20.924171447753906,24.83396339416504,26.62236785888672,28.369527464004232,25.56792449951172,24.64183235168457,26.666813941897814,26.29684829711914,11.82192325592041,26.710556030273438,25.511892318725586,26.765687942504883,24.823015213012695,1.9532099962234497,26.845760345458984,27.80464762450405,26.74523162841797,-0.9036297798156738
1916-09-16 00:00:00,20.578927993774414,25.15546226501465,26.523252487182617,28.37307569814212,26.236114501953125,25.338777542114258,27.197191976320756,26.771026611328125,12.25585651397705,27.259065628051758,25.525634765625,27.155887603759766,24.845487594604492,2.525740623474121,27.359647750854492,27.763526674109862,27.012420654296875,-0.3793591558933258
1916-10-16 12:00:00,20.92708969116211,24.547563552856445,26.42287826538086,28.36527702734122,26.01163101196289,24.854236602783203,26.874776299779192,27.12525749206543,13.053913116455078,27.348628997802734,26.011009216308594,27.217811584472656,24.852602005004883,2.308924436569214,27.707962036132812,27.81936715679955,27.583223342895508,-0.11984515935182571
1916-11-16 00:00:00,21.712678909301758,24.71242904663086,26.08896255493164,28.35718688280287,25.004316329956055,23.972326278686523,26.389658593208253,26.2241153717041,15.080300331115723,26.5943546295166,26.51787567138672,26.647594451904297,25.522239685058594,1.1601033210754395,28.002233505249023,27.99979631491548,28.09396743774414,-0.3095508813858032
1916-12-16 12:00:00,23.31757926940918,24.910842895507812,26.77239418029785,28.353052735040304,23.553218841552734,22.599939346313477,25.871810113122844,25.432645797729492,17.0786075592041,25.717151641845703,27.024667739868164,25.973125457763672,26.119935989379883,-0.29382607340812683,27.912118911743164,28.16553539740923,28.339946746826172,-0.37907466292381287
1917-01-16 12:00:00,24.413257598876953,25.78413963317871,26.16197967529297,28.366311137380524,22.41536521911621,21.531410217285156,24.881413287791098,24.08901596069336,19.20482635498047,24.7122745513916,27.329687118530273,24.805709838867188,26.748613357543945,-1.935211420059204,27.71833038330078,28.04542751639994,28.222118377685547,-0.6963961720466614
1917-02-15 00:00:00,25.42396354675293,26.17657470703125,26.570737838745117,28.36093629268693,21.910015106201172,20.949539184570312,24.202098044395118,23.662378311157227,19.563432693481445,24.378658294677734,27.743453979492188,24.1738224029541,27.410242080688477,-2.872225046157837,27.96629524230957,27.894990211747814,28.22157859802246,-0.45045554637908936
1917-03-16 12:00:00,26.737747192382812,27.218997955322266,28.04642105102539,28.35464769426465,21.799203872680664,20.842039108276367,23.95910375707642,23.942401885986328,19.185028076171875,24.053377151489258,28.02159881591797,24.156177520751953,27.54693031311035,-3.3311023712158203,28.523815155029297,28.25892406013714,28.85004234313965,-0.19308869540691376
1917-04-16 00:00:00,25.882408142089844,27.45586395263672,27.42584991455078,28.334623299167795,22.109268188476562,21.204818725585938,24.197648603280317,23.6362361907959,17.129009246826172,24.672443389892578,28.08465576171875,24.710844039916992,27.608659744262695,-2.943356513977051,29.223773956298828,28.722350863384538,29.279373168945312,0.36243313550949097
1917-05-16 12:00:00,24.34197998046875,27.16751480102539,27.75515365600586,28.326547311990737,22.917694091796875,21.81747817993164,24.859026,24.05542755126953,15.33051586151123,24.987272262573242,27.324867248535156,24.99346351623535,27.180246353149414,-2.062591791152954,29.432886123657227,28.853278294693535,28.735946655273438,0.04905054718255997
1917-06-16 00:00:00,23.24834632873535,26.4117431640625,27.2686767578125,28.33553363724744,24.228025436401367,23.03169822692871,25.24320825823325,24.750452041625977,13.252946853637695,25.480207443237305,26.68608856201172,25.78652572631836,26.22842025756836,-0.636827290058136,28.146102905273438,28.397085895423373,27.432044982910156,-0.7835006713867188
1917-07-16 12:00:00,21.215240478515625,25.116870880126953,27.194080352783203,28.343220698034646,25.143508911132812,23.682819366455078,25.967562104367527,25.764324188232422,12.070320129394531,26.22985076904297,26.23468589782715,26.473642349243164,25.44735336303711,0.7924243807792664,27.25452423095703,27.92584324751509,26.959617614746094,-0.6629255414009094
1917-08-16 12:00:00,20.924171447753906,24.761985778808594,26.29261589050293,28.364148838966855,25.902088165283203,24.447744369506836,26.662510036218357,26.26102066040039,11.567047119140625,26.741043090820312,25.449989318847656,26.78567886352539,24.705041885375977,2.0446650981903076,26.912731170654297,27.626686705884246,26.754060745239258,-0.6152770519256592
1917-09-16 00:00:00,20.953718185424805,24.91435432434082,26.820465087890625,28.378384601028642,26.30768585205078,25.31553840637207,27.09372031727795,26.884855270385742,12.010077476501465,27.259065628051758,25.536375045776367,27.303743362426758,24.931583404541016,2.525458335876465,27.237924575805664,27.347101476218313,27.096240997314453,-0.08830631524324417
1917-10-16 12:00:00,21.209375381469727,24.999238967895508,26.95254898071289,28.387326787551036,25.850170135498047,25.114627838134766,26.865348741926173,26.81740951538086,13.061820030212402,27.124950408935547,26.19952392578125,27.156967163085938,25.153419494628906,2.308924436569214,27.85520362854004,27.419305544633275,27.586414337158203,0.3724164664745331
1917-11-16 00:00:00,21.82461166381836,25.268573760986328,26.621646881103516,28.39115047141726,24.90965461730957,23.93625259399414,26.391112279240524,26.546323776245117,14.248127937316895,26.62705421447754,26.559682846069336,26.860742568969727,25.596036911010742,1.2065730094909668,28.365142822265625,27.654899141605032,28.09396743774414,0.019357483834028244
1917-12-16 12:00:00,22.54376983642578,25.28456687927246,26.513158798217773,28.405232461222724,23.398517608642578,22.646575927734375,25.606891717221284,25.17881965637207,16.757835388183594,25.722248077392578,26.998876571655273,25.715713500976562,26.119935989379883,-0.2533327043056488,27.987232208251953,27.860924561059115,28.27585220336914,-0.3926704525947571
1918-01-16 12:00:00,24.534502029418945,25.12316131591797,26.351543426513672,28.428077013205716,22.601829528808594,21.537221908569336,24.294055528923163,24.78110694885254,18.19671058654785,24.618989944458008,27.438518524169922,25.131784439086914,26.67128562927246,-1.8417775630950928,27.739990234375,28.02311387677718,28.228944778442383,-0.7189220786094666
1918-02-15 00:00:00,25.326658248901367,26.08381462097168,26.795198440551758,28.438112016765654,21.78132438659668,21.079837799072266,23.705632149333635,22.9582462310791,19.23268699645996,24.04430389404297,27.729419708251953,24.173582077026367,27.410242080688477,-2.8663105964660645,27.982677459716797,27.93845151232813,28.30694580078125,-0.597065269947052
1918-03-16 12:00:00,26.00208282470703,26.201173782348633,26.57626724243164,28.422038779642673,21.89060401916504,20.88563346862793,23.92776428344084,23.902528762817383,18.63018035888672,24.03857421875,27.936418533325195,24.156177520751953,27.542678833007812,-3.4016871452331543,28.741331100463867,28.535836718515124,29.305255889892578,-0.24256031215190887
1918-04-16 00:00:00,24.412750244140625,26.914203643798828,27.212852478027344,28.415868022412187,22.09772300720215,21.32029914855957,24.105519877678883,23.123022079467773,16.656919479370117,24.36380958557129,27.955049514770508,24.64006233215332,27.674049377441406,-2.72273588180542,28.928836822509766,28.877117555121202,29.647146224975586,0.28399088978767395
1918-05-16 12:00:00,23.659168243408203,26.601409912109375,27.339048385620117,28.4034492903495,22.92660140991211,21.940696716308594,24.325074233483022,24.366113662719727,15.394755363464355,25.35076141357422,27.45870590209961,24.93120574951172,26.572616577148438,-2.008349657058716,29.38981819152832,29.119212876984836,28.93657112121582,0.12184592336416245
1918-06-16 00:00:00,22.642789840698242,26.05218505859375,27.493854522705078,28.402499900470023,24.048337936401367,23.02675437927246,24.9747999259065,25.04502296447754,13.277902603149414,25.664249420166016,26.620027542114258,25.651968002319336,26.00647735595703,-0.6620756387710571,28.007225036621094,28.963061340528196,27.65811538696289,-0.9198158383369446
1918-07-16 12:00:00,21.526824951171875,25.220558166503906,26.93730354309082,28.41138432035804,25.138864517211914,24.019527435302734,25.851278213109385,25.410947799682617,12.054232597351074,26.18748664855957,25.912660598754883,26.23636817932129,25.272829055786133,0.9413184523582458,27.062889099121094,28.5495279613542,26.667118072509766,-1.4095157384872437
1918-08-16 12:00:00,20.45574188232422,24.763505935668945,26.77837562561035,28.422599474987983,26.102760314941406,24.737150192260742,26.634816229120172,26.115253448486328,11.869142532348633,26.66555404663086,25.511892318725586,26.626693725585938,24.599889755249023,1.9496551752090454,26.847904205322266,28.33134487532341,26.83353042602539,-1.1636890172958374
1918-09-16 00:00:00,20.745655059814453,24.9697265625,26.603710174560547,28.420562131538542,26.78304100036621,25.316909790039062,26.93040218393419,26.984416961669922,12.398287773132324,27.00661849975586,25.536375045776367,27.014968872070312,24.598146438598633,2.4940671920776367,27.359647750854492,28.165535126899215,27.012420654296875,-0.28380271792411804
1918-10-16 12:00:00,21.232370376586914,25.04851722717285,26.70032501220703,28.419978358934955,26.33634376525879,25.04195785522461,26.900319537548892,27.12525749206543,13.174610137939453,27.348628997802734,26.133665084838867,27.181346893310547,25.0832576751709,2.2884011268615723,27.75242042541504,28.140845881647188,27.614543914794922,-0.29602697491645813
1918-11-16 00:00:00,21.96852684020996,24.777734756469727,26.861928939819336,28.410204576962226,25.24650001525879,24.268871307373047,26.371619809177275,26.264848709106445,14.971141815185547,26.741756439208984,26.533754348754883,26.758054733276367,25.52967071533203,1.192090630531311,27.86252212524414,28.22155465105505,27.663467407226562,-0.328665554523468
1918-12-16 12:00:00,23.31757926940918,24.34129524230957,26.357275009155273,28.406192483036662,23.50537109375,22.779766082763672,25.51119083918868,25.553817749023438,17.0786075592041,25.741422653198242,26.998876571655273,25.829845428466797,26.197696685791016,-0.03640899062156677,27.854961395263672,28.215693195191538,28.089019775390625,-0.4284365177154541
1919-01-16 12:00:00,24.413257598876953,25.184797286987305,26.144071578979492,28.424629529150245,22.39668083190918,21.597492218017578,24.101002504880505,24.122478485107422,18.994646072387695,24.459932327270508,27.31134605407715,25.145917892456055,26.786575317382812,-1.6267904043197632,27.741289138793945,27.823843580064526,28.223834991455078,-0.6893846392631531
1919-02-15 00:00:00,26.060909271240234,26.130399703979492,26.372743606567383,28.418444920593526,21.83191680908203,20.662609100341797,23.415238115582177,22.9582462310791,19.615787506103516,24.39542007446289,27.559816360473633,24.60594940185547,27.377344131469727,-2.744030237197876,27.992128372192383,27.821617378101255,28.493295669555664,-0.5297303795814514
1919-03-16 12:00:00,26.413454055786133,26.74930191040039,26.972166061401367,28.393076948970734,21.790538787841797,20.99920082092285,23.611020537626736,23.259382247924805,19.08111000061035,23.97503662109375,28.0153751373291,24.797258377075195,27.676815032958984,-3.4016871452331543,28.440269470214844,27.867087632969067,28.908174514770508,-0.24256031215190887
1919-04-16 00:00:00,25.51017189025879,26.99812889099121,28.102201461791992,28.370820564550783,22.03677749633789,21.403791427612305,23.686674383660996,23.509374618530273,17.10408592224121,24.286806106567383,27.886306762695312,24.905542373657227,27.475994110107422,-2.8811845779418945,28.660215377807617,28.420249203550853,28.70405387878418,-0.019248243421316147
1919-05-16 12:00:00,24.616260528564453,27.347761154174805,27.58130645751953,28.360602745651864,23.217784881591797,21.823816299438477,24.11173199653918,24.371179580688477,15.371138572692871,24.908151626586914,27.48438262939453,25.3366756439209,26.891321182250977,-2.088423728942871,28.87876319885254,28.414941927957745,28.39632225036621,0.11169660091400146
1919-06-16 00:00:00,23.322526931762695,26.486581802368164,27.500539779663086,28.357622307860694,24.047468185424805,23.233232498168945,24.480763179867612,24.929241180419922,13.305598258972168,25.69403076171875,26.63384246826172,25.850059509277344,26.342601776123047,-0.5792609453201294,27.990192413330078,28.170314788513245,27.420848846435547,-0.8137323260307312
1919-07-16 12:00:00,21.199153900146484,25.71367073059082,26.893033981323242,28.358662961986553,24.97901725769043,23.977550506591797,25.420684325719822,25.10689353942871,12.08914852142334,26.1688175201416,25.94344139099121,25.91668128967285,25.407251358032227,0.7989293336868286,27.160009384155273,27.835843538163974,27.01240348815918,-1.0150752067565918
1919-08-16 12:00:00,20.809534072875977,25.003976821899414,26.841449737548828,28.362471914759983,26.180166244506836,24.737150192260742,26.453633457261862,26.06147575378418,11.82192325592041,26.635438919067383,25.449989318847656,26.665639877319336,24.564119338989258,1.8929630517959595,26.837860107421875,27.71575460675121,26.866058349609375,-0.6690403819084167
1919-09-16 00:00:00,20.594127655029297,24.93370819091797,26.75201416015625,28.36282645332447,26.389446258544922,25.046772003173828,26.85777204445167,26.967273712158203,12.102516174316406,27.06153678894043,25.613101959228516,27.014968872070312,24.743972778320312,2.525740623474121,27.359647750854492,27.76859637485279,27.017553329467773,-0.4672003984451294
1919-10-16 12:00:00,22.626386642456055,24.750463485717773,26.52243423461914,28.360242415550644,25.953773498535156,25.261505126953125,26.562148515146475,26.76116371154785,13.558455467224121,27.03658676147461,25.98854637145996,26.990123748779297,25.156496047973633,2.33662486076355,27.77984046936035,27.832015090416718,27.43675422668457,-0.2399337887763977
1919-11-16 00:00:00,23.22689437866211,24.85900115966797,26.331239700317383,28.347880075183305,25.004316329956055,23.954200744628906,26.13082421822514,25.97247314453125,15.173530578613281,26.471817016601562,26.571212768554688,26.70265007019043,25.522239685058594,1.1133605241775513,27.99127197265625,28.050312810833358,28.06694221496582,-0.13540737330913544
1919-12-16 12:00:00,24.346281051635742,25.390281677246094,26.082921981811523,28.35768382333854,23.398517608642578,22.766868591308594,25.20407576366839,25.083003997802734,17.0786075592041,25.47056770324707,27.024667739868164,25.554214477539062,26.1453857421875,-0.27916622161865234,27.853410720825195,28.112575390421892,28.28508186340332,-0.4431789815425873
1920-01-16 12:00:00,24.29737091064453,25.436996459960938,26.18767547607422,28.369285513237593,22.395450592041016,21.50282859802246,24.06773711761836,24.416980743408203,18.994646072387695,25.02694320678711,27.631160736083984,24.732807159423828,26.786575317382812,-1.7186036109924316,27.635608673095703,28.247149172238753,28.07474708557129,-0.6893846392631531
1920-02-15 00:00:00,26.012908935546875,26.221412658691406,26.452438354492188,28.368005116968998,21.825468063354492,21.02729606628418,23.673328478851726,23.645936965942383,19.6080379486084,24.019790649414062,27.743453979492188,24.816503524780273,27.393281936645508,-2.856062173843384,27.871366500854492,28.07917966004931,28.18544578552246,-0.6113643646240234
1920-03-16 12:00:00,25.861764907836914,27.185285568237305,27.221166610717773,28.34211533323859,21.772533416748047,20.838598251342773,24.194334184834727,22.92997932434082,19.134206771850586,24.547191619873047,28.0866641998291,24.41059112548828,27.542678833007812,-3.4173319339752197,28.486013412475586,28.313999525381746,28.85004234313965,-0.12519137561321259
1920-04-16 00:00:00,25.318683624267578,27.904634475708008,27.974184036254883,28.33522509143626,21.999412536621094,21.107013702392578,24.650843102256225,23.68457794189453,17.31456756591797,24.42336082458496,28.069377899169922,24.592981338500977,27.725337982177734,-2.9692885875701904,28.903644561767578,28.868284891127157,29.499317169189453,0.21563953161239624
1920-05-16 12:00:00,24.28023910522461,27.153488159179688,28.06238555908203,28.318844624007482,22.885581970214844,21.81747817993164,25.02617834330106,24.025390625,15.351971626281738,25.1120662689209,27.5643310546875,24.88363265991211,27.029510498046875,-2.0627384185791016,28.869388580322266,28.933312011402247,28.775400161743164,-0.0401797741651535
1920-06-16 00:00:00,23.224727630615234,26.439472198486328,27.596376419067383,28.310452576525496,24.22692108154297,22.975391387939453,25.67023946382208,24.706857681274414,13.623119354248047,25.704626083374023,26.7691650390625,25.683517456054688,26.287193298339844,-0.6261948347091675,28.0555362701416,28.849230558201604,27.698692321777344,-0.9303274154663086
1920-07-16 12:00:00,23.790340423583984,25.506977081298828,27.024694442749023,28.309931364752366,24.900463104248047,23.619403839111328,26.357044256200172,25.839792251586914,12.300649642944336,26.208864212036133,26.03289031982422,26.332565307617188,25.453508377075195,1.0028058290481567,27.00673484802246,28.310572667672048,26.959617614746094,-1.2639744281768799
1920-08-16 12:00:00,20.747657775878906,25.57701301574707,27.277029037475586,28.309919679072635,26.07979965209961,24.455610275268555,26.87550717424229,26.58034896850586,11.559839248657227,26.74728012084961,25.575197219848633,26.753467559814453,24.859146118164062,1.8336690664291382,27.024782180786133,27.895674604841357,26.60173797607422,-1.0836117267608643
1920-09-16 00:00:00,20.77593421936035,24.878747940063477,26.643327713012695,28.315575421782217,26.243555068969727,25.27863121032715,27.186898621217644,26.899826049804688,11.982195854187012,27.259065628051758,25.685096740722656,27.285585403442383,24.860774993896484,2.6254055500030518,27.21746063232422,27.82100624265756,27.13825225830078,-0.27177897095680237
1920-10-16 12:00:00,20.829463958740234,25.111024856567383,27.503232955932617,28.302128233085714,25.850170135498047,25.123828887939453,26.992994093072173,27.053335189819336,13.211853981018066,27.138776779174805,26.102388381958008,27.216527938842773,25.075300216674805,2.3140623569488525,27.871604919433594,27.88737953022653,27.78229522705078,-0.1351805180311203
1920-11-16 00:00:00,21.54129981994629,25.189197540283203,27.735126495361328,28.299649093386186,24.839746475219727,23.856075286865234,26.449143422366685,26.422035217285156,14.763446807861328,26.63325309753418,26.605876922607422,26.750591278076172,25.82832908630371,1.2387118339538574,28.142410278320312,28.074989139541934,28.038673400878906,-0.18497411906719208
1920-12-16 12:00:00,22.65806007385254,25.165210723876953,27.999971389770508,28.299786609434108,23.52008056640625,22.64291763305664,25.656388264500947,25.45119857788086,17.19000244140625,25.807579040527344,27.110939025878906,25.829845428466797,26.289892196655273,0.009142562747001648,28.008743286132812,28.265766922095793,28.262826919555664,-0.4492158591747284
1921-01-16 12:00:00,24.381183624267578,27.083154678344727,27.71192169189453,28.301909593580067,22.467653274536133,21.8284854888916,24.948473989721585,24.154924392700195,18.994646072387695,24.869064331054688,27.487459182739258,25.155498504638672,26.783523559570312,-1.7795813083648682,27.806934356689453,28.258693931209876,28.07474708557129,-0.6448748111724854
1921-02-15 00:00:00,26.00143051147461,25.938722610473633,27.389318466186523,28.30860540779351,22.001195907592773,20.91330337524414,24.428293685674536,23.046966552734375,19.9768009185791,24.10253143310547,27.710315704345703,24.30660057067871,27.122587203979492,-2.826106071472168,27.948501586914062,28.59790539453396,28.42311668395996,-0.8469653129577637
1921-03-16 12:00:00,25.861764907836914,26.785184860229492,26.396528244018555,28.3067804102949,21.834915161132812,20.838598251342773,24.43278496583645,23.174114227294922,19.323843002319336,23.9958553314209,28.017292022705078,24.350345611572266,27.590354919433594,-3.522691249847412,28.787158966064453,29.178138522071997,29.03651237487793,-0.1818908154964447
1921-04-16 00:00:00,25.021753311157227,27.307851791381836,27.513877868652344,28.305063631312798,22.109268188476562,21.191251754760742,24.52337364998827,23.575454711914062,17.53736686706543,24.354679107666016,27.92030143737793,24.67047119140625,27.475994110107422,-2.935796022415161,28.91872787475586,28.678359929264076,29.310415267944336,0.4827828109264374
1921-05-16 12:00:00,25.516016006469727,27.052642822265625,27.673419952392578,28.297751298550892,22.972322463989258,21.950008392333984,24.904146995861495,24.201107025146484,15.371138572692871,24.987272262573242,27.58662986755371,25.430173873901367,26.995561599731445,-1.900713562965393,29.38981819152832,28.718124562801645,28.719682693481445,0.21585218608379364
1921-06-16 00:00:00,23.543548583984375,26.439472198486328,27.46307945251465,28.29864135236254,24.431446075439453,23.020023345947266,25.21299299566277,25.03572654724121,13.252946853637695,25.509613037109375,26.7691650390625,25.591657638549805,26.18726921081543,-0.5792609453201294,28.076250076293945,27.976424801446424,27.71539878845215,-1.1707162857055664
1921-07-16 12:00:00,22.293140411376953,25.709440231323242,26.866710662841797,28.311027083656807,25.322690963745117,24.06810188293457,25.764916640674038,25.10689353942871,11.9909029006958,26.18748664855957,26.030916213989258,26.13968849182129,25.502607345581055,0.7924243807792664,27.215709686279297,27.617147384554876,26.923786163330078,-1.1974573135375977
1921-08-16 12:00:00,20.828899383544922,25.02525520324707,26.798328399658203,28.326899849786617,26.248197555541992,25.095073699951172,26.389567893303916,25.786108016967773,12.037660598754883,26.62797737121582,25.449922561645508,26.53839874267578,25.013721466064453,2.1221630573272705,26.91934585571289,26.702406249223195,26.87457275390625,-1.281833529472351
1921-09-16 00:00:00,20.594390869140625,24.95450782775879,26.523252487182617,28.33900430329065,26.586044311523438,25.36626625061035,26.606442892994032,26.461490631103516,12.398287773132324,26.91999053955078,25.536375045776367,26.80887794494629,24.83425521850586,2.4954440593719482,27.444202423095703,26.38009764867863,27.20781707763672,-0.4376574754714966
1921-10-16 12:00:00,21.27644920349121,24.8388671875,26.669687271118164,28.341714546066953,26.01163101196289,25.03413200378418,26.561730145720112,26.534805297851562,13.54468059539795,27.090225219726562,26.133665084838867,27.013748168945312,25.084468841552734,2.4112813472747803,28.116872787475586,26.673453080813296,27.553119659423828,-0.45831742882728577
1921-11-16 00:00:00,21.555742263793945,24.84234619140625,26.724475860595703,28.346003642020094,24.936763763427734,23.97707176208496,26.13041750122112,25.92893409729004,14.968718528747559,26.44944190979004,26.535594940185547,26.56436538696289,25.648176193237305,1.1133605241775513,28.236665725708008,27.390408017030328,28.349328994750977,0.23109830915927887
1921-12-16 12:00:00,22.96600914001465,25.468708038330078,26.352169036865234,28.362407320284873,23.321584701538086,22.599939346313477,25.24445205497616,24.888906478881836,17.19000244140625,25.400951385498047,27.029813766479492,25.58654022216797,26.119935989379883,-0.3245011866092682,28.164796829223633,27.72230077577073,28.30571746826172,-0.10335277765989304
1922-01-16 12:00:00,24.603271484375,25.710451126098633,26.168628692626953,28.382586133212964,22.554018020629883,21.499116897583008,24.10247049143287,24.643556594848633,19.19010353088379,25.02694320678711,27.329687118530273,25.2614803314209,26.786575317382812,-1.7186036109924316,27.745529174804688,28.010518894126413,28.295400619506836,-0.2736891210079193
1922-02-15 00:00:00,25.437162399291992,26.229829788208008,26.842872619628906,28.38707685507659,21.925334930419922,20.70649528503418,23.419803951047037,23.61042594909668,19.954002380371094,24.175209045410156,27.725862503051758,24.60594940185547,27.147680282592773,-3.0830130577087402,28.151945114135742,28.10248199918447,28.312503814697266,-0.597065269947052
1922-03-16 12:00:00,25.861764907836914,26.839801788330078,27.152942657470703,28.381609141168482,21.739946365356445,20.663959503173828,23.417180285130517,23.765247344970703,19.5556583404541,24.450803756713867,27.937734603881836,24.667356491088867,27.637296676635742,-3.0574140548706055,28.591005325317383,28.53897442092752,28.86464500427246,-0.11952472478151321
1922-04-16 00:00:00,25.080001831054688,27.261995315551758,27.482521057128906,28.37123842283145,22.042861938476562,21.263614654541016,23.686142631182292,23.767959594726562,17.10408592224121,24.488994598388672,27.839387893676758,24.814632415771484,27.67434310913086,-3.2575883865356445,28.616182327270508,28.87262752556563,29.263755798339844,-0.04791316017508507
1922-05-16 12:00:00,23.69933319091797,26.733163833618164,27.64084243774414,28.364133968903328,22.8239803314209,22.0552978515625,24.127627330233974,24.389144897460938,15.679947853088379,24.90363121032715,27.48438262939453,25.178882598876953,27.02280616760254,-2.0951457023620605,28.82801055908203,28.847213048660524,28.877376556396484,-0.015742208808660507
1922-06-16 00:00:00,22.63091278076172,26.15334701538086,27.46333885192871,28.358867338391967,24.110593795776367,23.160396575927734,24.373801210806093,24.27286148071289,13.749955177307129,25.757347106933594,26.630586624145508,25.5250244140625,26.13471221923828,-0.32496243715286255,28.13812828063965,28.525601217012827,27.65811538696289,-0.8226583003997803
1922-07-16 12:00:00,21.333499908447266,25.4716796875,26.700054168701172,28.376740724827446,25.393686294555664,24.037172317504883,25.08523479009604,25.311540603637695,12.300649642944336,26.092058181762695,25.912660598754883,25.91368293762207,25.47018051147461,0.7924243807792664,27.00673484802246,28.1529191734646,26.97858428955078,-1.344795823097229
1922-08-16 12:00:00,20.523202896118164,25.019704818725586,27.054800033569336,28.393128859307676,26.23863983154297,24.308271408081055,26.17366588704403,25.771804809570312,12.085731506347656,26.512615203857422,25.511892318725586,26.70439338684082,24.7054443359375,1.9532099962234497,26.942401885986328,27.89676250873346,26.625341415405273,-1.0741240978240967
1922-09-16 00:00:00,20.234670639038086,24.86880111694336,26.774961471557617,28.41651489309364,26.65702247619629,25.748559951782227,26.528932707789462,26.409873962402344,12.242631912231445,26.882734298706055,25.563261032104492,26.910123825073242,24.598146438598633,2.525740623474121,27.21746063232422,27.89665340032199,27.026094436645508,-0.5172797441482544
1922-10-16 12:00:00,20.91911506652832,25.00597381591797,26.987695693969727,28.423848340122806,26.25960922241211,25.50227165222168,26.375350084924385,26.379009246826172,13.54468059539795,26.980655670166016,25.807405471801758,26.896419525146484,25.092971801757812,2.308924436569214,27.74730110168457,28.292322755698603,27.428409576416016,-0.29074835777282715
1922-11-16 00:00:00,21.48836898803711,25.35498809814453,27.09732437133789,28.419590033997313,24.822467803955078,23.86602020263672,25.883560402665488,26.09351348876953,15.160283088684082,26.442235946655273,26.695220947265625,26.56436538696289,25.51228141784668,1.1133605241775513,27.97490692138672,28.3777142902529,27.75604820251465,-0.27472829818725586
1922-12-16 12:00:00,23.15546989440918,25.422378540039062,26.903602600097656,28.439714401666393,23.26342010498047,22.86273956298828,24.83064396807912,24.985431671142578,17.19000244140625,25.428512573242188,26.96678352355957,25.7650089263916,26.119935989379883,-0.34068921208381653,27.7302188873291,28.59762820243756,28.035005569458008,-0.342684268951416
1923-01-16 12:00:00,24.36228370666504,25.461864471435547,26.87874984741211,28.45785522495389,22.537832260131836,21.71375274658203,23.673235330469453,23.54588508605957,18.92987060546875,24.608356475830078,27.234519958496094,24.905553817749023,26.786575317382812,-1.8417775630950928,27.690948486328125,28.007366515333107,28.016651153564453,-0.4816126823425293
1923-02-15 00:00:00,25.42396354675293,25.907367706298828,26.65452766418457,28.458725471545456,21.83191680908203,20.75403594970703,23.403455498978836,23.61042594909668,19.70340347290039,24.39542007446289,27.509004592895508,24.60594940185547,27.377344131469727,-2.674269676208496,27.93009376525879,27.870101544463598,28.35906410217285,-0.5818272829055786
1923-03-16 12:00:00,26.06539535522461,26.745624542236328,26.862016677856445,28.438897290037108,21.790538787841797,20.672382354736328,23.42567566014226,23.899974822998047,19.155746459960938,24.230592727661133,27.747133255004883,24.534896850585938,27.590354919433594,-3.5925796031951904,28.409971237182617,28.010903224588468,28.843355178833008,0.12493294477462769
1923-04-16 00:00:00,25.882408142089844,26.57638931274414,27.213531494140625,28.423613165614356,22.17366600036621,21.31772804260254,24.124561916978916,23.571699142456055,17.4847354888916,24.372344970703125,27.68680763244629,24.882972717285156,27.725337982177734,-3.1225147247314453,28.77634620666504,28.46772259345878,29.488910675048828,0.4827828109264374
1923-05-16 12:00:00,23.67794418334961,26.454872131347656,27.321828842163086,28.420682887140806,22.96205711364746,21.992738723754883,24.44799074548551,24.0799617767334,15.493819236755371,24.81464195251465,27.184648513793945,25.430173873901367,26.58376121520996,-1.2843128442764282,28.469139099121094,28.84840030865926,28.388681411743164,0.1033317968249321
1923-06-16 00:00:00,22.642789840698242,25.955400466918945,27.454498291015625,28.421098933798714,24.26088523864746,23.01119041442871,25.01711340506164,24.890338897705078,13.252946853637695,25.68183135986328,26.63521385192871,25.656986236572266,26.041223526000977,-0.6261948347091675,27.70262336730957,28.736905970586914,27.57236099243164,-0.9739000201225281
1923-07-16 12:00:00,21.443796157836914,25.271018981933594,27.01087760925293,28.427760424244365,25.17268943786621,24.02288246154785,25.6903988931133,25.606138229370117,11.9909029006958,26.171180725097656,25.814678192138672,26.29520606994629,25.272829055786133,0.7745410799980164,27.032636642456055,28.243668259771706,26.884170532226562,-1.2709487676620483
1923-08-16 12:00:00,20.56123924255371,25.20995330810547,26.92481231689453,28.437848401990713,26.167190551757812,25.095073699951172,26.441472325298598,26.06147575378418,11.567047119140625,26.75975799560547,25.53183937072754,26.643905639648438,24.599889755249023,1.9496551752090454,26.845760345458984,27.99816365628754,26.668903350830078,-1.4177820682525635
1923-09-16 00:00:00,20.234670639038086,24.912342071533203,27.029464721679688,28.444855170632064,26.62013053894043,25.391332626342773,26.928650895552753,26.839012145996094,12.010077476501465,26.999765396118164,25.563261032104492,27.04738426208496,24.598146438598633,2.448481798171997,27.180627822875977,28.12211827951305,27.017864227294922,-0.5089302062988281
1923-10-16 12:00:00,20.98843765258789,25.00597381591797,27.096025466918945,28.44632281001173,26.25960922241211,25.565561294555664,26.651127448226866,26.81740951538086,12.964118003845215,27.03658676147461,25.86894416809082,27.181316375732422,24.91786766052246,2.280951738357544,27.626731872558594,28.221358216385745,27.278764724731445,0.05501631274819374
1923-11-16 00:00:00,21.731393814086914,25.27620506286621,27.09732437133789,28.443915249188215,24.883630752563477,24.21977996826172,26.21521348717559,26.2241153717041,14.300030708312988,26.43545913696289,26.399717330932617,26.860742568969727,25.26910400390625,1.7312626838684082,27.879703521728516,28.24047954117229,27.742156982421875,-0.3277148902416229
1923-12-16 12:00:00,23.199234008789062,25.156108856201172,26.903602600097656,28.45286135568505,23.26342010498047,22.7226505279541,25.247580051907857,25.17881965637207,16.24062156677246,25.476991653442383,26.956565856933594,25.545530319213867,25.961427688598633,0.009160146117210388,27.84880828857422,28.31198817464973,28.272733688354492,-0.5466734766960144
1924-01-16 12:00:00,24.534502029418945,25.19856071472168,26.453508377075195,28.45785563505751,22.453079223632812,21.682058334350586,23.9292628406383,24.353425979614258,18.994646072387695,24.583843231201172,27.234519958496094,25.061532974243164,26.421768188476562,-1.8981740474700928,27.693565368652344,28.19670308072119,28.280122756958008,-0.699438750743866
1924-02-15 00:00:00,25.42396354675293,25.868804931640625,26.79548454284668,28.44949753667293,21.83191680908203,20.75403594970703,23.411174854333716,22.9582462310791,19.47197151184082,24.39542007446289,27.517263412475586,24.60594940185547,27.033424377441406,-2.8935294151306152,27.94440460205078,27.930113253113273,28.48225212097168,-0.879021167755127
1924-03-16 12:00:00,26.786319732666016,26.201173782348633,26.57626724243164,28.434159244202363,21.790538787841797,20.711498260498047,23.388179311757643,23.765247344970703,19.12740135192871,24.450803756713867,27.88812255859375,24.667356491088867,27.590354919433594,-2.973259449005127,28.764711380004883,28.080366930542592,28.774232864379883,-0.2628534138202667
1924-04-16 00:00:00,25.080001831054688,26.989253997802734,27.374929428100586,28.419929205588012,22.08200454711914,20.978906631469727,23.42284582518115,24.13060760498047,17.31456756591797,24.709205627441406,27.824871063232422,24.814632415771484,27.725337982177734,-3.044005870819092,28.577083587646484,28.595906793763486,28.650894165039062,-0.17284393310546875
1924-05-16 12:00:00,24.09811019897461,26.476877212524414,27.075716018676758,28.40247874308297,22.976947784423828,21.823816299438477,24.14309932486115,24.834632873535156,15.493819236755371,24.906734466552734,27.280746459960938,25.233489990234375,27.02280616760254,-2.024786949157715,28.598081588745117,28.851432182587196,28.31405258178711,-0.12218482792377472
1924-06-16 00:00:00,22.85548210144043,26.31411361694336,27.391571044921875,28.39782754158558,24.35673713684082,23.16847038269043,24.85854691307175,25.021900177001953,13.225238800048828,26.12532615661621,26.624723434448242,25.811595916748047,26.342601776123047,-0.5792609453201294,27.80098533630371,28.731366972136556,27.358306884765625,-0.9067712426185608
1924-07-16 12:00:00,21.749229431152344,25.555084228515625,26.45956802368164,28.40492176351946,25.02484893798828,23.977550506591797,25.682093962988926,25.681482315063477,12.035909652709961,26.181108474731445,25.76605796813965,26.277250289916992,25.0723934173584,0.766460120677948,27.07678985595703,28.348781022613764,26.968286514282227,-1.322108507156372
1924-08-16 12:00:00,20.490432739257812,25.045196533203125,27.136632919311523,28.41890017468105,26.17737579345703,24.82913589477539,26.489512398248028,26.26102066040039,11.567047119140625,26.75975799560547,25.53183937072754,26.59654998779297,24.7762508392334,1.8336690664291382,26.893484115600586,28.25988800210073,26.668903350830078,-1.1108797788619995
1924-09-16 00:00:00,20.247419357299805,24.951261520385742,26.44919776916504,28.427946130528802,26.66514015197754,25.751859664916992,26.86150297664857,26.912494659423828,12.288595199584961,26.94612693786621,25.563261032104492,27.047073364257812,24.598146438598633,2.4528346061706543,27.228351593017578,28.29067488132584,26.96816635131836,-0.5526731610298157
1924-10-16 12:00:00,21.068147659301758,24.806377410888672,26.71232795715332,28.432141160461068,26.174442291259766,25.217994689941406,26.635552736131327,26.81740951538086,13.499853134155273,27.090225219726562,25.807405471801758,27.185396194458008,25.092971801757812,2.344076633453369,27.573726654052734,28.412321499369938,27.506404876708984,-0.30559012293815613
1924-11-16 00:00:00,22.13422393798828,25.175777435302734,27.186161041259766,28.439954409648845,25.253250122070312,24.268871307373047,26.208191842844275,26.264848709106445,15.182718276977539,26.44944190979004,26.499584197998047,26.647594451904297,25.55154037475586,1.2920693159103394,28.062496185302734,28.2647259540692,27.844114303588867,-0.11391482502222061
1924-12-16 12:00:00,22.875715255737305,25.156108856201172,26.998849868774414,28.44765189325966,23.22702407836914,22.704219818115234,25.0820850419188,24.941801071166992,17.435646057128906,25.476991653442383,26.96678352355957,25.46186637878418,25.909616470336914,0.009160146117210388,27.84880828857422,28.264488331488483,28.272945404052734,-0.7391663789749146
1925-01-16 12:00:00,24.26517677307129,25.481321334838867,26.47810173034668,28.457253163150757,22.537832260131836,21.71375274658203,23.95895248756796,24.419601440429688,19.143857955932617,24.580739974975586,27.30487060546875,25.061532974243164,26.430862426757812,-1.7622624635696411,27.741289138793945,28.028350701804687,28.277585983276367,-0.5834107995033264
1925-02-15 00:00:00,25.742826461791992,25.84442710876465,26.621742248535156,28.449477816352093,21.83191680908203,20.75403594970703,23.418840395630536,23.61042594909668,19.96177864074707,24.39542007446289,27.662960052490234,24.60594940185547,27.212926864624023,-2.856062173843384,27.94440460205078,27.831331791581448,28.251237869262695,-0.5917866230010986
1925-03-16 12:00:00,26.44136619567871,26.69103240966797,26.57626724243164,28.436459421954275,21.790538787841797,20.711498260498047,23.630867247961532,23.128646850585938,19.323843002319336,24.230592727661133,27.981508255004883,24.61875343322754,27.291841506958008,-3.296889543533325,28.451210021972656,27.836708243511406,28.73387908935547,-0.22252698242664337
1925-04-16 00:00:00,25.26143455505371,27.758323669433594,27.404003143310547,28.40830857053465,22.08200454711914,21.377639770507812,23.981828691359667,23.297401428222656,17.60543441772461,24.372344970703125,27.76508331298828,24.67047119140625,27.44788360595703,-2.9739694595336914,28.92641258239746,28.247197874636953,29.27016258239746,0.37929514050483704
1925-05-16 12:00:00,24.298791885375977,26.46849822998047,27.545137405395508,28.394856061552353,22.988109588623047,22.0552978515625,24.245557774562762,24.444849014282227,15.731766700744629,25.35076141357422,27.24869155883789,25.026535034179688,27.02280616760254,-1.9229168891906738,28.784969329833984,28.55913389054051,28.387346267700195,0.12184592336416245
1925-06-16 00:00:00,24.561843872070312,26.330787658691406,27.29381561279297,28.394445116964768,24.366056442260742,23.06159019470215,24.87286740526633,25.03572654724121,13.298718452453613,25.61685562133789,26.577239990234375,25.80999183654785,26.29579734802246,-0.5655266046524048,28.04529571533203,28.257877878497364,27.59392738342285,-0.9303274154663086
1925-07-16 12:00:00,21.629796981811523,25.39308738708496,27.10516929626465,28.395664279616042,25.02484893798828,24.176843643188477,25.69126645458614,25.681482315063477,12.026870727539062,26.181108474731445,26.054872512817383,26.277250289916992,25.16676139831543,0.816021203994751,26.897838592529297,27.83274319645299,26.6581974029541,-0.8332729935646057
1925-08-16 12:00:00,20.9868106842041,25.013063430786133,26.81617546081543,28.402297603696045,26.18951416015625,24.803071975708008,26.644513264520224,26.29684829711914,11.559839248657227,26.62797737121582,25.511892318725586,26.647953033447266,24.759765625,1.8711878061294556,26.989826202392578,27.7691214346583,26.579608917236328,-0.70424884557724
1925-09-16 00:00:00,20.518163681030273,24.971527099609375,27.070512771606445,28.41107057906219,26.62013053894043,25.68828582763672,26.987584869267298,26.86345100402832,12.398287773132324,26.999765396118164,25.536375045776367,27.014968872070312,24.556188583374023,2.4943597316741943,27.359647750854492,27.80979417556983,27.109867095947266,-0.3758186995983124
1925-10-16 12:00:00,20.8829345703125,25.04851722717285,27.00988006591797,28.397561826010328,26.25960922241211,25.487632751464844,26.564128743728496,26.76116371154785,13.421645164489746,27.153154373168945,26.133665084838867,26.99941635131836,24.988676071166992,2.2867472171783447,27.599895477294922,27.868759909913425,27.614543914794922,-0.2555534243583679
1925-11-16 00:00:00,21.82461166381836,25.008087158203125,26.406997680664062,28.394427363009758,25.253250122070312,24.238489151000977,26.176130735519603,25.91046142578125,14.65615177154541,26.471817016601562,26.533754348754883,26.75772476196289,25.36528778076172,1.1716536283493042,27.840364456176758,28.24715034885445,27.762208938598633,-0.3492237627506256
1925-12-16 12:00:00,22.54376983642578,24.491458892822266,26.111042022705078,28.40103577830341,23.28202247619629,22.770322799682617,25.0541091250091,24.888906478881836,17.191619873046875,25.441741943359375,26.998876571655273,25.53803825378418,25.954654693603516,-0.2753794491291046,27.909320831298828,28.262044784812016,27.997623443603516,-0.5734086632728577
1926-01-16 12:00:00,24.26517677307129,24.985254287719727,26.05679702758789,28.412779830321274,22.39668083190918,21.48628807067871,23.918996245468307,24.400203704833984,19.19010353088379,24.580739974975586,27.438518524169922,25.2614803314209,26.383371353149414,-1.7408069372177124,27.693565368652344,27.933296621769703,28.223834991455078,-0.9223929643630981
1926-02-15 00:00:00,25.749879837036133,25.810932159423828,26.14226722717285,28.40522581083474,21.83191680908203,20.662609100341797,23.41174658128716,23.61042594909668,19.954002380371094,24.39542007446289,27.589365005493164,24.60594940185547,27.41652488708496,-2.7898168563842773,27.94440460205078,27.8948990634723,28.425800323486328,-0.4330155849456787
1926-03-16 12:00:00,25.885082244873047,26.69103240966797,27.051769256591797,28.382885300332077,21.790538787841797,20.672382354736328,23.42083087866818,23.942401885986328,19.52845001220703,24.450803756713867,27.96102523803711,24.667356491088867,27.557737350463867,-3.168667793273926,28.521358489990234,28.16553638023189,28.843355178833008,-0.19308869540691376
1926-04-16 00:00:00,25.773075103759766,27.21694564819336,27.57221031188965,28.37765593521924,22.109268188476562,21.13783073425293,23.905366683127617,24.074790954589844,17.53736686706543,24.376346588134766,27.880130767822266,24.492660522460938,27.475994110107422,-3.180851697921753,28.91872787475586,28.935058168515965,29.499317169189453,0.21563953161239624
1926-05-16 12:00:00,24.281461715698242,27.10602569580078,28.456787109375,28.367805985486953,22.937795639038086,21.94896125793457,24.368908542164103,24.150272369384766,15.339486122131348,25.30963134765625,27.363977432250977,25.2570743560791,27.04595947265625,-2.024786949157715,28.838119506835938,28.701858602233823,28.40940284729004,0.02484239637851715
1926-06-16 00:00:00,22.85548210144043,26.435636520385742,27.3294677734375,28.36077830611519,24.169857025146484,22.842021942138672,24.905871432678076,24.94697380065918,13.225238800048828,25.564640045166016,26.620027542114258,25.850059509277344,26.29579734802246,-0.5792609453201294,27.733829498291016,28.553271384090735,27.48850440979004,-0.8519577383995056
1926-07-16 12:00:00,21.610431671142578,25.745328903198242,27.01348114013672,28.362788775043935,25.322690963745117,24.044387817382812,25.590120896343038,25.37904167175293,12.205907821655273,26.141254425048828,25.94344139099121,26.06949234008789,25.453508377075195,0.8396852612495422,27.00673484802246,28.261806577745777,26.97858428955078,-1.3278573751449585
1926-08-16 12:00:00,21.26742935180664,25.008455276489258,27.041091918945312,28.3623307714014,26.177143096923828,25.15568733215332,26.38922364519157,26.026121139526367,11.933225631713867,26.770097732543945,25.449922561645508,26.547727584838867,24.868860244750977,1.9532099962234497,27.024782180786133,28.18886601361977,26.579608917236328,-1.2303078174591064
1926-09-16 00:00:00,20.953718185424805,24.53790283203125,26.790233612060547,28.371083135376313,26.845687866210938,25.170682907104492,26.635175691785726,26.628328323364258,12.10165023803711,26.94612693786621,25.462587356567383,27.014205932617188,24.760456085205078,2.432462215423584,27.359647750854492,27.963493648835104,26.99954605102539,-0.5160648226737976
1926-10-16 12:00:00,20.92708969116211,24.557619094848633,26.70790672302246,28.36536033274838,26.306392669677734,24.823150634765625,26.440818996507485,26.534805297851562,13.533531188964844,27.153154373168945,26.011009216308594,27.029560089111328,25.097387313842773,2.3140623569488525,27.594369888305664,28.080747737787934,27.59015464782715,-0.24920077621936798
1926-11-16 00:00:00,22.13422393798828,24.55091094970703,26.638378143310547,28.367168459932014,24.99431610107422,23.972326278686523,26.11386322486994,25.91046142578125,15.182718276977539,26.44944190979004,26.546104431152344,26.640050888061523,25.51287269592285,1.2065730094909668,27.768726348876953,28.32119730101849,27.722814559936523,-0.0456053651869297
1926-12-16 12:00:00,22.56650161743164,24.728689193725586,26.32284927368164,28.36099189436281,23.70216941833496,22.673324584960938,25.41650561144637,25.125213623046875,17.0786075592041,25.741422653198242,27.01646614074707,25.545530319213867,26.14674186706543,-0.2753794491291046,27.762008666992188,28.275176008528327,28.028474807739258,-0.47656920552253723
1927-01-16 12:00:00,24.29737091064453,25.790056228637695,26.29188346862793,28.368813843106036,22.560964584350586,21.537221908569336,24.201475602920397,24.353425979614258,19.125019073486328,24.74529457092285,27.47593879699707,25.061532974243164,26.383371353149414,-1.8564794063568115,27.728816986083984,28.04164627041336,28.228944778442383,-0.8096946477890015
1927-02-15 00:00:00,26.00143051147461,26.463720321655273,26.452438354492188,28.362718693912583,21.827852249145508,20.983186721801758,23.726258081222564,23.9213924407959,20.003738403320312,24.019790649414062,27.825424194335938,24.30909538269043,27.220823287963867,-2.569960355758667,28.034015655517578,27.894712072387517,28.275590896606445,-0.7163274884223938
1927-03-16 12:00:00,26.14141845703125,26.888198852539062,27.137020111083984,28.339590460935934,21.774917602539062,20.827566146850586,23.743088083782624,23.942401885986328,19.3911075592041,24.03857421875,27.99610710144043,24.156177520751953,27.609155654907227,-3.3311023712158203,28.882413864135742,28.323770843681803,29.030324935913086,0.0680038332939148
1927-04-16 00:00:00,25.76939582824707,27.515228271484375,27.71394157409668,28.317767435977753,22.090770721435547,21.204818725585938,24.029738131102324,23.6362361907959,17.4847354888916,24.372344970703125,28.02644920349121,24.64006233215332,27.475994110107422,-3.002073287963867,29.327468872070312,28.645372839801457,29.42858123779297,0.38479846715927124
1927-05-16 12:00:00,24.603500366210938,27.058319091796875,27.635143280029297,28.3085006550217,22.937795639038086,22.058841705322266,24.484243055821477,24.109722137451172,15.989676475524902,24.843669891357422,27.548124313354492,25.2570743560791,27.04595947265625,-2.024786949157715,29.411874771118164,28.718221385333862,28.719682693481445,0.04905054718255997
1927-06-16 00:00:00,23.033432006835938,26.82086944580078,27.879013061523438,28.305735375430913,24.22692108154297,23.052467346191406,25.054258551545306,25.021900177001953,13.277902603149414,25.745948791503906,26.7691650390625,26.023223876953125,26.201906204223633,-0.5648133754730225,28.05780792236328,28.54694329080346,27.71152687072754,-0.7256883382797241
1927-07-16 12:00:00,22.372652053833008,26.022197723388672,27.232608795166016,28.31121190468784,24.94086265563965,23.800851821899414,25.940649409359867,25.681482315063477,12.205907821655273,26.22985076904297,26.104623794555664,26.29520606994629,25.446853637695312,0.7924243807792664,27.125520706176758,28.25798219068499,26.84520149230957,-1.2642871141433716
1927-08-16 12:00:00,22.814638137817383,25.594158172607422,27.37810707092285,28.31090950118561,25.8181209564209,24.5517520904541,26.91359145286607,26.488407135009766,11.559839248657227,26.720882415771484,25.575197219848633,26.71509552001953,24.70941734313965,1.9583479166030884,26.912731170654297,27.835656127492246,26.60173797607422,-0.665438711643219
1927-09-16 00:00:00,21.108800888061523,24.90570640563965,26.58437728881836,28.315124156069125,26.25528335571289,25.338857650756836,27.195009565107384,26.899826049804688,11.982195854187012,27.259065628051758,25.593233108520508,27.285585403442383,24.890972137451172,2.4608473777770996,27.266145706176758,27.794228333388265,27.26827049255371,-0.27601057291030884
1927-10-16 12:00:00,20.86224937438965,25.111024856567383,27.101661682128906,28.307502277521895,25.80035972595215,25.123828887939453,26.94353534060614,26.81740951538086,13.421645164489746,27.099956512451172,26.102388381958008,27.181316375732422,25.075300216674805,2.400379180908203,27.872276306152344,27.840643993217583,27.553119659423828,-0.09729757159948349
1927-11-16 00:00:00,21.555742263793945,25.385330200195312,27.272642135620117,28.310980502650164,24.839746475219727,23.986286163330078,26.491663049950965,26.2241153717041,15.160283088684082,26.63325309753418,26.603206634521484,26.647594451904297,25.574050903320312,1.2152022123336792,28.185848236083984,28.064868503921776,28.238388061523438,-0.12603095173835754
1927-12-16 12:00:00,23.072765350341797,25.678955078125,27.096729278564453,28.314964198353007,23.398517608642578,22.641063690185547,25.65062207618746,25.17881965637207,17.19000244140625,25.722248077392578,27.001903533935547,25.659828186035156,26.112071990966797,-0.3245011866092682,27.867542266845703,28.31270888918117,28.333484649658203,-0.36923444271087646
1928-01-16 12:00:00,24.381183624267578,25.51971435546875,27.605186462402344,28.321319891628793,22.4381046295166,21.746841430664062,24.426326313664568,24.030031204223633,19.2209529876709,24.51202964782715,27.457509994506836,24.757732391357422,26.67128562927246,-1.8417775630950928,27.745529174804688,28.446264553708417,28.31220245361328,-0.65287846326828
1928-02-15 00:00:00,25.437162399291992,26.046688079833984,27.633508682250977,28.328808458886392,21.825468063354492,20.983186721801758,24.210701149629006,23.53376007080078,19.9768009185791,24.29186248779297,27.82793426513672,24.652917861938477,27.410242080688477,-2.9839115142822266,28.15835952758789,28.777043338212497,28.430789947509766,-0.5198107361793518
1928-03-16 12:00:00,26.263357162475586,27.09576416015625,27.53634262084961,28.323713529348318,21.867084503173828,20.99920082092285,24.20993133111355,23.12242317199707,19.18463134765625,24.404190063476562,28.059633255004883,24.350345611572266,27.56916618347168,-3.3696820735931396,28.725961685180664,29.171397001313597,28.97524070739746,-0.11110804229974747
1928-04-16 00:00:00,25.773075103759766,27.630895614624023,27.71394157409668,28.322146405750782,22.10072135925293,21.32029914855957,24.194902149840505,24.058349609375,17.53736686706543,24.355745315551758,28.052072525024414,24.40373992919922,27.75634765625,-2.966402769088745,29.252382278442383,29.10105254085115,29.454710006713867,0.23215091228485107
1928-05-16 12:00:00,24.246706008911133,27.052021026611328,27.98898696899414,28.31973888473079,22.9957218170166,21.928936004638672,25.04311088381093,24.023693084716797,15.697486877441406,25.025676727294922,27.57895851135254,25.09498405456543,26.891321182250977,-1.900713562965393,29.338205337524414,29.07171943797412,28.947582244873047,0.0922270193696022
1928-06-16 00:00:00,22.749942779541016,26.100311279296875,27.441003799438477,28.325188599946898,24.35405731201172,23.00197982788086,25.620807451311563,24.6573543548584,13.623119354248047,25.72283172607422,26.68341827392578,25.595733642578125,26.277978897094727,-0.5672745704650879,28.03078842163086,28.77214864908832,27.691051483154297,-0.8534170389175415
1928-07-16 12:00:00,21.70716667175293,25.552541732788086,27.10516929626465,28.342469503406758,25.301856994628906,24.02288246154785,26.136638874609993,25.764324188232422,11.86377239227295,26.193492889404297,25.920978546142578,26.277250289916992,25.442127227783203,0.7608163356781006,27.00673484802246,28.293417597964144,26.923786163330078,-1.2506916522979736
1928-08-16 12:00:00,20.45574188232422,25.047325134277344,27.054800033569336,28.373909962801992,26.180166244506836,24.738361358642578,26.916770966440847,26.29684829711914,11.559839248657227,26.753141403198242,25.449989318847656,26.73512840270996,24.868860244750977,1.8711878061294556,26.939306259155273,28.010825750391625,26.762372970581055,-1.0609090328216553
1928-09-16 00:00:00,20.275362014770508,25.00615119934082,26.603710174560547,28.385795188063376,26.326637268066406,25.170682907104492,27.433285835099678,26.865854263305664,12.398287773132324,27.259065628051758,25.536375045776367,27.233036041259766,24.743972778320312,2.4943597316741943,27.277267456054688,28.010258417998422,26.930824279785156,-0.4904293119907379
1928-10-16 12:00:00,20.79187774658203,25.1238956451416,26.436473846435547,28.3939322340547,25.999101638793945,24.866260528564453,27.2480718536686,26.978872299194336,13.053913116455078,27.344619750976562,26.133665084838867,27.406335830688477,25.125276565551758,2.344076633453369,27.594369888305664,28.123841548912246,27.614309310913086,-0.3158678710460663
1928-11-16 00:00:00,22.590227127075195,24.767045974731445,26.643054962158203,28.393463890425753,24.99431610107422,24.209875106811523,26.506823219627766,26.264848709106445,15.080300331115723,26.774314880371094,26.533754348754883,26.842544555664062,25.568035125732422,1.2212148904800415,27.97995376586914,28.206978912295003,27.84609603881836,-0.2204209417104721
1928-12-16 12:00:00,22.858121871948242,25.46686363220215,26.428159713745117,28.4068724167681,23.50537109375,22.689611434936523,25.421424804189186,24.940820693969727,17.19000244140625,25.400951385498047,26.99343490600586,25.545530319213867,26.187606811523438,-0.27916622161865234,27.734785079956055,28.132520328547493,28.15420913696289,-0.4845975935459137
1929-01-16 12:00:00,24.621313095092773,25.19856071472168,26.61440658569336,28.422082058842612,22.44814682006836,21.601425170898438,23.98717927300191,23.967370986938477,19.125019073486328,24.580739974975586,27.333574295043945,25.17511749267578,26.654611587524414,-1.7414566278457642,27.71833038330078,27.89149298631033,28.04694175720215,-0.7468734979629517
1929-02-15 00:00:00,25.80039405822754,25.687789916992188,26.477109909057617,28.418489774682694,21.83191680908203,20.75403594970703,23.405536758551037,23.61042594909668,19.45295524597168,24.39542007446289,27.887943267822266,24.60594940185547,27.386554718017578,-2.4489314556121826,28.022293090820312,27.827517243597715,28.22157859802246,-0.5308268070220947
1929-03-16 12:00:00,26.263357162475586,26.474750518798828,26.646039962768555,28.393640121767028,21.790538787841797,20.620075225830078,23.41771832550041,23.765247344970703,19.561229705810547,24.450803756713867,28.006343841552734,24.667356491088867,27.543498992919922,-2.8492276668548584,28.444372177124023,28.010281457836026,28.90460777282715,-0.10219170153141022
1929-04-16 00:00:00,25.318683624267578,27.451396942138672,27.6805477142334,28.384925070261687,22.09772300720215,21.265674591064453,23.91702754221882,24.13060760498047,17.53736686706543,24.376346588134766,27.8912410736084,24.814632415771484,27.625207901000977,-3.0118298530578613,28.928836822509766,28.498608207798696,29.10475730895996,0.37414249777793884
1929-05-16 12:00:00,24.28023910522461,26.982385635375977,27.69527816772461,28.380671209846877,22.937795639038086,21.81747817993164,24.427928452953935,24.381940841674805,15.697486877441406,25.37830352783203,27.48438262939453,24.93120574951172,27.02280616760254,-2.024786949157715,28.875070571899414,28.867158365269486,29.123502731323242,-0.0401797741651535
1929-06-16 00:00:00,22.836824417114258,26.30145263671875,26.962465286254883,28.37730342182931,24.228025436401367,23.052467346191406,25.22046410184415,25.05001449584961,13.305598258972168,25.67540740966797,26.63384246826172,26.02808952331543,26.086626052856445,-0.5983408093452454,27.625431060791016,28.67355754046623,27.43047523498535,-0.9748020172119141
1929-07-16 12:00:00,21.584314346313477,25.340559005737305,26.95892906188965,28.379654795768282,25.462656021118164,24.02288246154785,25.99537594019202,25.764324188232422,12.08914852142334,26.244972229003906,25.8787784576416,26.277250289916992,25.402389526367188,0.8874179124832153,27.149869918823242,28.17463231247305,27.01240348815918,-1.3348687887191772
1929-08-16 12:00:00,21.26742935180664,25.045196533203125,26.726327896118164,28.391193790877853,26.210968017578125,24.772850036621094,26.58970492653962,26.115253448486328,11.998922348022461,26.66555404663086,25.511892318725586,26.587257385253906,24.599889755249023,2.0091779232025146,27.104496002197266,27.84218725821218,26.866058349609375,-1.0358763933181763
1929-09-16 00:00:00,20.631959915161133,24.762134552001953,26.6221923828125,28.395581582934895,26.586044311523438,25.130775451660156,26.904161161127455,26.69779396057129,12.618070602416992,27.06153678894043,25.536375045776367,26.992549896240234,24.598146438598633,2.5699703693389893,27.238927841186523,27.845518127530745,27.051097869873047,-0.4558982253074646
1929-10-16 12:00:00,20.950597763061523,24.999238967895508,26.95254898071289,28.392940390667906,26.33634376525879,25.06658172607422,26.736860573445547,26.76116371154785,13.433001518249512,27.120712280273438,26.19952392578125,27.172250747680664,24.97218894958496,2.3457233905792236,27.77984046936035,28.043098131645053,27.614309310913086,-0.249516561627388
1929-11-16 00:00:00,21.420703887939453,25.008087158203125,26.375444412231445,28.3931756272364,24.883630752563477,23.923797607421875,26.23976881241879,25.946924209594727,15.182718276977539,26.44944190979004,26.522409439086914,26.679359436035156,25.26910400390625,1.2547677755355835,27.97490692138672,28.291535760823933,27.69764518737793,-0.3277148902416229
1929-12-16 12:00:00,22.821495056152344,24.566858291625977,26.111042022705078,28.40451695558122,23.250974655151367,22.72620391845703,25.084598307985893,24.888906478881836,17.0786075592041,25.441741943359375,27.0022029876709,25.53803825378418,25.961427688598633,-0.2533327043056488,27.909469604492188,28.243571691644426,28.34469985961914,-0.44629424810409546
1930-01-16 12:00:00,24.1652889251709,25.224964141845703,25.996850967407227,28.412006915203932,22.422876358032227,21.390352249145508,23.70692272169319,23.54588508605957,19.500370025634766,24.608356475830078,27.341833114624023,24.82222557067871,26.85687828063965,-1.7186036109924316,27.741289138793945,28.079940559687,28.203258514404297,-0.6925232410430908
1930-02-15 00:00:00,25.294464111328125,25.80670166015625,26.45890998840332,28.412350209249272,21.83191680908203,20.75403594970703,23.38998390088555,23.61042594909668,19.75092124938965,24.39542007446289,27.699384689331055,24.60594940185547,27.161476135253906,-2.9590115547180176,27.992128372192383,27.865863960455464,28.48225212097168,-0.7744497060775757
1930-03-16 12:00:00,25.86615753173828,26.631479263305664,26.72890281677246,28.39829070822294,21.790538787841797,20.711498260498047,23.380491094171546,23.765247344970703,19.437374114990234,24.450803756713867,27.789031982421875,24.667356491088867,27.542678833007812,-2.872777223587036,28.451210021972656,28.080358657723515,28.637325286865234,-0.24256031215190887
1930-04-16 00:00:00,25.049814224243164,26.948627471923828,27.258541107177734,28.387358529962505,22.08200454711914,20.970548629760742,23.377837493126325,23.767959594726562,17.624271392822266,24.709205627441406,27.889490127563477,24.814632415771484,27.659143447875977,-2.594362497329712,28.997438430786133,28.84835799903951,29.27768898010254,0.21563953161239624
1930-05-16 12:00:00,23.569204330444336,26.83543586730957,27.536211013793945,28.37178161253286,23.18956756591797,22.058115005493164,23.415392022151213,24.04082679748535,15.679947853088379,25.144573211669922,27.45870590209961,25.178882598876953,27.083921432495117,-2.027566909790039,28.82801055908203,28.902824917452328,28.464038848876953,0.12145310640335083
1930-06-16 00:00:00,22.797039031982422,26.423091888427734,27.431886672973633,28.367292031350008,24.19927215576172,22.96546745300293,24.029629793693914,24.733415603637695,13.252946853637695,25.757347106933594,26.630586624145508,25.7810115814209,26.153512954711914,-0.32496243715286255,27.701236724853516,28.732445886940084,27.607526779174805,-0.7808724641799927
1930-07-16 12:00:00,21.761106491088867,25.36524772644043,26.749473571777344,28.363970045437743,25.362133026123047,24.127941131591797,25.08604755970648,25.069679260253906,12.054232597351074,25.87604331970215,25.94344139099121,25.936477661132812,25.1711368560791,0.7924243807792664,27.069793701171875,28.444131705662887,26.968286514282227,-1.394844889640808
1930-08-16 12:00:00,20.39389419555664,24.747066497802734,26.629261016845703,28.368438552579555,26.167190551757812,25.09842872619629,26.258297640035273,26.063636779785156,12.01917552947998,26.702659606933594,25.449989318847656,26.665639877319336,24.759765625,1.8336690664291382,26.893484115600586,28.239772764511773,26.74523162841797,-1.1108797788619995
1930-09-16 00:00:00,20.638521194458008,24.709579467773438,26.434709548950195,28.373158240803537,26.66053009033203,25.3759765625,26.618564640956375,26.69779396057129,12.306171417236328,26.94612693786621,25.462587356567383,27.014205932617188,24.556188583374023,2.525740623474121,27.228351593017578,28.247279552120418,27.017864227294922,-0.5526731610298157
1930-10-16 12:00:00,20.945890426635742,24.39087677001953,26.389965057373047,28.371739336726986,26.292247772216797,25.217994689941406,26.5625787658122,26.76116371154785,13.555645942687988,27.03658676147461,26.011009216308594,27.042348861694336,25.14995002746582,2.3062191009521484,27.633119583129883,28.31473179990308,27.453113555908203,-0.4690309762954712
1930-11-16 00:00:00,21.58612632751465,24.72162437438965,26.66938591003418,28.36514343358679,25.185518264770508,24.26551628112793,26.173664172670232,25.97247314453125,15.015257835388184,26.43545913696289,26.52168083190918,26.70265007019043,25.5411319732666,1.1601033210754395,27.72443962097168,28.289549092279465,27.83449935913086,-0.08263256400823593
1930-12-16 12:00:00,22.84797477722168,24.728689193725586,26.14282989501953,28.36022182318251,23.317127227783203,22.7855224609375,25.084892152147397,24.870332717895508,17.0786075592041,25.476991653442383,27.029813766479492,25.53803825378418,26.14674186706543,-0.24645788967609406,27.903234481811523,28.326870624935918,28.235597610473633,-0.5466734766960144
1931-01-16 12:00:00,24.413257598876953,25.205429077148438,26.517757415771484,28.36312632415385,22.462064743041992,21.60576820373535,24.088410777166892,24.416980743408203,19.143857955932617,24.627792358398438,27.500709533691406,24.747468948364258,26.444446563720703,-1.935211420059204,27.728103637695312,28.07204276170163,28.16231346130371,-0.9528235793113708
1931-02-15 00:00:00,26.032108306884766,26.506969451904297,27.35396385192871,28.34353971743007,21.810379028320312,21.04814338684082,23.853561244556758,22.83931541442871,19.750743865966797,24.019790649414062,27.755817413330078,24.816503524780273,27.18996238708496,-2.8694875240325928,27.96629524230957,27.962401938925364,28.53116226196289,-0.6395334005355835
1931-03-16 12:00:00,26.53424644470215,27.14109230041504,27.671714782714844,28.326557791321022,21.774917602539062,20.793533325195312,24.12950117763182,23.33916664123535,19.168834686279297,24.404190063476562,28.17657470703125,23.994136810302734,27.544904708862305,-3.461477041244507,28.615339279174805,28.202174185390952,28.947072982788086,-0.018275359645485878
1931-04-16 00:00:00,25.765933990478516,27.39422607421875,27.43538475036621,28.303068115927815,22.096330642700195,21.117918014526367,25.026631547641855,23.664398193359375,17.53736686706543,24.56410789489746,28.018041610717773,24.386474609375,27.6738224029541,-3.1225147247314453,28.960105895996094,28.712445804003387,29.10475730895996,0.4146725535392761
1931-05-16 12:00:00,24.481895446777344,27.000823974609375,27.644420623779297,28.294331208617077,23.048582077026367,21.81747817993164,25.421378516870387,24.066402435302734,15.733305931091309,24.79379653930664,27.574216842651367,25.010616302490234,27.257986068725586,-2.024786949157715,29.08490562438965,28.60696691348098,28.973711013793945,-0.22644609212875366
1931-06-16 00:00:00,22.39105796813965,26.472902297973633,27.55400848388672,28.3003370919046,24.13512420654297,23.038026809692383,25.8978494346935,24.598661422729492,13.161093711853027,25.683027267456055,26.889135360717773,25.71828269958496,26.278905868530273,-0.636827290058136,28.007349014282227,27.919533449184236,27.560733795166016,-0.7999123334884644
1931-07-16 12:00:00,21.84185791015625,25.4367618560791,26.92251205444336,28.30555671108497,25.001087188720703,23.704870223999023,26.246300388505695,25.764324188232422,12.14981746673584,26.216325759887695,26.135801315307617,26.473642349243164,25.535619735717773,0.8566877841949463,27.133201599121094,27.76563193137242,26.923786163330078,-0.840469241142273
1931-08-16 12:00:00,20.79203987121582,24.870630264282227,26.510860443115234,28.31783793215731,25.91790199279785,24.608882904052734,26.856347955080064,26.26102066040039,11.559839248657227,26.94977378845215,25.8131160736084,26.769384384155273,24.98133087158203,1.7367802858352661,27.024782180786133,27.64460282678003,26.625341415405273,-0.4534846246242523
1931-09-16 00:00:00,20.373109817504883,24.431432723999023,26.200429916381836,28.323448265742496,26.27794075012207,25.11127471923828,27.107957542095118,26.945655822753906,12.010077476501465,27.380741119384766,25.821094512939453,27.047073364257812,24.998565673828125,2.6038832664489746,27.316404342651367,27.35673138118049,27.244632720947266,-0.1833040416240692
1931-10-16 12:00:00,21.143898010253906,23.996572494506836,26.19598960876465,28.310669131115304,25.873546600341797,24.987796783447266,27.070892126486182,26.81740951538086,13.141237258911133,27.482410430908203,26.4150390625,27.201963424682617,25.165557861328125,2.4778764247894287,28.00420570373535,27.52549138206386,27.755739212036133,0.3724164664745331
1931-11-16 00:00:00,21.79450798034668,24.06328010559082,26.35567855834961,28.30766687685584,24.818462371826172,24.146900177001953,26.66544105516594,26.457204818725586,14.968718528747559,26.72103500366211,26.78235626220703,26.787160873413086,25.76102638244629,1.1133605241775513,28.236665725708008,27.716980073026395,28.105464935302734,0.019357483834028244
1931-12-16 12:00:00,22.21539306640625,24.491596221923828,26.2288818359375,28.30970078030882,23.594655990600586,22.714618682861328,26.241124656215497,25.4451847076416,16.007301330566406,25.8410701751709,27.004680633544922,26.069089889526367,26.274328231811523,-0.27916622161865234,28.29621124267578,27.848291191066295,28.754154205322266,-0.1813245415687561
1932-01-16 12:00:00,24.53281593322754,25.0216121673584,26.389921188354492,28.336358324331798,22.66811752319336,21.54950714111328,25.775029328544782,24.468181610107422,17.50519561767578,24.899574279785156,27.441936492919922,25.17656707763672,26.907773971557617,-1.8981740474700928,28.04430389404297,28.597619328957197,28.373682022094727,-0.6320778131484985
1932-02-15 00:00:00,25.95865821838379,25.965206146240234,26.433902740478516,28.349694491062063,21.917926788330078,21.007930755615234,25.68172490489573,23.8547306060791,19.6080379486084,24.44915199279785,27.76840591430664,24.95751953125,27.278846740722656,-2.953463315963745,28.145231246948242,29.34738535890263,28.740074157714844,-0.8788996934890747
1932-03-16 12:00:00,26.36347770690918,26.88939666748047,26.621932983398438,28.368808228341052,21.72455406188965,20.811511993408203,25.77432007877902,23.814334869384766,18.806039810180664,24.4354248046875,27.930986404418945,24.910829544067383,27.578569412231445,-3.7549667358398438,28.86644172668457,29.266291568634855,29.062259674072266,0.006719743832945824
1932-04-16 00:00:00,25.59516716003418,27.340782165527344,27.482995986938477,28.359017486891823,21.973804473876953,21.17746353149414,26.226415147014265,24.151887893676758,17.03228759765625,24.803281784057617,27.94879150390625,25.329500198364258,27.79669952392578,-2.952132225036621,29.69932746887207,29.418006952363097,29.33224105834961,0.4332527816295624
1932-05-16 12:00:00,24.737041473388672,27.04800033569336,27.59420394897461,28.34449862717943,23.031494140625,22.011573791503906,26.563890667330966,24.41434669494629,15.394755363464355,25.22678565979004,27.534761428833008,25.35434913635254,27.018150329589844,-1.0075055360794067,29.542442321777344,29.34483437149605,28.92352294921875,0.08012345433235168
1932-06-16 00:00:00,23.02642822265625,26.564058303833008,27.55400848388672,28.326631639653073,24.29134178161621,22.5396671295166,27.081013136371507,24.788761138916016,13.673910140991211,26.08443832397461,26.891775131225586,25.836942672729492,26.64846420288086,-0.25494277477264404,28.218046188354492,29.11400766387742,27.850648880004883,-0.7194049954414368
1932-07-16 12:00:00,21.886545181274414,25.955385208129883,27.29392433166504,28.350121820549262,25.269746780395508,23.897254943847656,27.468804310838358,25.959503173828125,12.300649642944336,26.443279266357422,26.127655029296875,26.47981071472168,25.503952026367188,0.9413184523582458,27.291257858276367,28.38057498175366,27.008575439453125,-1.0150752067565918
1932-08-16 12:00:00,21.11712646484375,24.96044921875,26.802579879760742,28.401371964132917,26.220867156982422,25.20081901550293,28.14855803072022,26.876708984375,12.38986873626709,27.056884765625,25.65986442565918,26.9713191986084,24.85722541809082,2.0091779232025146,27.121540069580078,28.189786337982643,26.792577743530273,-0.8153582215309143
1932-09-16 00:00:00,22.51727294921875,24.93370819091797,26.778423309326172,28.445812471450857,26.38613510131836,25.006441116333008,28.156678969923448,27.225669860839844,12.288595199584961,27.682226181030273,25.593233108520508,27.70099639892578,24.83425521850586,2.5699703693389893,27.389448165893555,28.20555569824927,27.20781707763672,-0.6665314435958862
1932-10-16 12:00:00,21.752458572387695,24.94634246826172,26.342105865478516,28.450158917418857,26.13100814819336,24.927833557128906,28.11916332605235,27.20386505126953,13.209526062011719,27.759281158447266,26.25554656982422,27.635704040527344,24.946969985961914,2.3314597606658936,27.778440475463867,28.316466368253362,27.5736083984375,-0.2452630251646042
1932-11-16 00:00:00,21.358558654785156,25.008087158203125,26.643054962158203,28.435104876731845,24.88567543029785,24.359848022460938,27.54143834309076,26.859846115112305,15.080300331115723,27.0170841217041,26.472564697265625,27.17072105407715,25.567277908325195,1.4656497240066528,28.002233505249023,28.495752783799407,27.95830535888672,-0.2204209417104721
1932-12-16 12:00:00,22.90445899963379,25.133445739746094,26.453014373779297,28.445310262802902,23.660465240478516,22.6335391998291,26.659079642302796,25.860855102539062,17.17246437072754,26.118438720703125,27.029813766479492,26.193336486816406,26.12321662902832,0.1826242059469223,27.86238670349121,28.766665458939183,28.109994888305664,-0.6345949172973633
1933-01-16 12:00:00,24.26517677307129,25.481321334838867,26.533910751342773,28.468577879856216,22.42986297607422,21.557655334472656,25.68489926035176,24.048084259033203,18.994646072387695,24.946170806884766,27.537612915039062,25.087085723876953,26.635168075561523,-1.2112444639205933,27.815509796142578,28.291678591017448,28.228944778442383,-0.5077326893806458
1933-02-15 00:00:00,26.060909271240234,25.799327850341797,26.726404190063477,28.460458815416793,22.038423538208008,20.96973419189453,25.17195952307889,23.57119369506836,19.9768009185791,24.215017318725586,27.633888244628906,24.330366134643555,27.362144470214844,-2.86908221244812,28.06433868408203,28.114573851768473,28.393566131591797,-0.4330155849456787
1933-03-16 12:00:00,26.131671905517578,26.508018493652344,27.017908096313477,28.44795585215845,21.834915161132812,20.80555534362793,25.01975224225751,23.29125213623047,19.52845001220703,24.19662857055664,27.96102523803711,24.483055114746094,27.542678833007812,-3.3047139644622803,28.787158966064453,28.532654019411723,28.90358543395996,-0.3385634124279022
1933-04-16 00:00:00,26.242460250854492,26.829994201660156,27.2857723236084,28.42563370613559,22.212369918823242,21.377708435058594,25.028388811113306,23.69014549255371,17.4847354888916,24.464332580566406,27.880130767822266,24.78900146484375,27.630090713500977,-2.800236940383911,29.202322006225586,28.850626223319917,29.31153678894043,0.3460187017917633
1933-05-16 12:00:00,24.298791885375977,27.019357681274414,27.417844772338867,28.414374799285312,22.87484359741211,21.876070022583008,25.423731813835897,23.969379425048828,15.989676475524902,24.79379653930664,27.48438262939453,25.157690048217773,27.083921432495117,-1.0075055360794067,29.603046417236328,28.93790523396472,28.877376556396484,0.08345960825681686
1933-06-16 00:00:00,22.77092170715332,26.05218505859375,27.43931007385254,28.41503388863746,24.18422508239746,23.014663696289062,25.662657251552194,24.61269187927246,13.252946853637695,25.704626083374023,26.63873291015625,25.66950798034668,26.086626052856445,-0.25494277477264404,27.847278594970703,28.848299302833716,27.48850440979004,-0.9076018333435059
1933-07-16 12:00:00,21.693042755126953,25.220558166503906,26.93730354309082,28.417969075322247,25.15559959411621,23.651222229003906,26.37479542693406,25.567325592041016,12.026870727539062,26.22946548461914,25.94344139099121,26.378942489624023,25.407251358032227,0.9413184523582458,26.978944778442383,28.22140359482445,26.673906326293945,-1.0694741010665894
1933-08-16 12:00:00,20.601055145263672,25.012392044067383,26.58965492248535,28.437421659392157,25.88044548034668,24.46466636657715,27.105311489789905,26.48078727722168,11.559839248657227,26.730775833129883,25.511892318725586,26.763822555541992,24.599889755249023,1.9031336307525635,26.837860107421875,27.933779932686324,26.74523162841797,-1.0150154829025269
1933-09-16 00:00:00,20.745655059814453,24.9697265625,26.6251277923584,28.44067402293483,26.158374786376953,24.970882415771484,27.83696056552306,27.035364151000977,11.982195854187012,27.311397552490234,25.536375045776367,27.249038696289062,24.598146438598633,2.448481798171997,27.182767868041992,27.937207811567273,27.016389846801758,-0.49975645542144775
1933-10-16 12:00:00,21.232370376586914,24.63484764099121,26.831802368164062,28.438691215520123,26.004287719726562,24.75033187866211,27.41997160048633,27.30247688293457,13.284117698669434,27.284563064575195,25.958953857421875,27.49362564086914,25.092971801757812,2.2899346351623535,27.604869842529297,28.170470034461246,27.614309310913086,-0.29074835777282715
1933-11-16 00:00:00,21.731393814086914,25.100391387939453,26.6229190826416,28.436542134215728,24.792675018310547,23.778287887573242,26.700812880571885,26.7495174407959,15.080300331115723,26.708337783813477,26.516916275024414,26.94920539855957,25.542444229125977,1.4554367065429688,27.7899169921875,28.329132264286976,27.689300537109375,-0.2833912968635559
1933-12-16 12:00:00,22.847881317138672,25.133445739746094,26.266258239746094,28.444575692762882,23.495935440063477,22.627853393554688,25.78264205688094,25.383302688598633,17.062776565551758,25.776248931884766,27.0022029876709,25.973125457763672,26.138137817382812,0.009160146117210388,27.86300277709961,28.246094607752404,28.25396156311035,-0.5709131360054016
1934-01-16 12:00:00,24.284318923950195,25.259979248046875,26.51633644104004,28.444107994698378,22.50670051574707,21.746841430664062,24.41263663967857,24.22105598449707,19.301288604736328,24.51202964782715,27.31134605407715,24.826248168945312,26.725460052490234,-1.935211420059204,27.757946014404297,28.12400743700361,28.184667587280273,-0.4445853531360626
1934-02-15 00:00:00,25.771799087524414,25.687789916992188,26.602195739746094,28.44134213350347,21.827852249145508,20.949539184570312,23.911429106665217,23.24808692932129,19.9768009185791,24.0283260345459,27.559816360473633,24.816503524780273,27.377344131469727,-2.6336114406585693,28.28469467163086,27.997794742812808,28.275590896606445,-0.46669867634773254
1934-03-16 12:00:00,25.861764907836914,26.481060028076172,26.986858367919922,28.42888552247485,21.788835525512695,20.88563346862793,23.83556607330419,23.902528762817383,19.1513729095459,24.053377151489258,27.953765869140625,24.425249099731445,27.661401748657227,-3.786036252975464,28.787158966064453,28.256921103173877,28.848848342895508,0.021020593121647835
1934-04-16 00:00:00,25.25641441345215,27.37000274658203,27.287609100341797,28.41370552234063,22.340984344482422,21.13907814025879,24.154583554373808,23.509374618530273,17.4847354888916,24.672443389892578,27.886306762695312,24.40373992919922,27.353574752807617,-3.3243677616119385,29.252382278442383,28.84733686440692,29.27016258239746,0.4332527816295624
1934-05-16 12:00:00,24.00103187561035,27.040557861328125,27.094728469848633,28.388508772733466,22.917694091796875,21.91147804260254,24.876282458745504,24.025569915771484,14.965508460998535,25.181758880615234,27.48438262939453,25.41197395324707,27.02280616760254,-2.1317315101623535,28.552143096923828,29.12604641295243,28.297771453857422,-0.1278514266014099
1934-06-16 00:00:00,22.713197708129883,26.435636520385742,27.431886672973633,28.38458400705224,24.35405731201172,23.04044532775879,25.39382296808944,24.750452041625977,13.008230209350586,25.7738094329834,26.633012771606445,25.749059677124023,26.136106491088867,-0.6620756387710571,27.835289001464844,28.639931166843994,27.358306884765625,-1.1210510730743408
1934-07-16 12:00:00,21.295513153076172,25.340559005737305,26.838184356689453,28.387608526885764,24.94086265563965,23.632041931152344,26.126902022113498,25.576810836791992,12.197397232055664,26.207475662231445,25.903017044067383,26.49639129638672,25.407251358032227,1.0028058290481567,27.042804718017578,28.456478085271915,26.968286514282227,-1.414415717124939
1934-08-16 12:00:00,20.844701766967773,25.030548095703125,26.757883071899414,28.399370426017814,25.917232513427734,24.597570419311523,26.995917084787365,26.459383010864258,12.085731506347656,26.70523452758789,25.511892318725586,26.71509552001953,24.599889755249023,1.9031336307525635,26.893484115600586,28.221458885038302,26.668903350830078,-1.1108797788619995
1934-09-16 00:00:00,20.67913818359375,24.73495864868164,26.820465087890625,28.40583786253488,26.30459213256836,25.318546295166016,27.426087846839,26.98546600341797,12.173145294189453,27.259065628051758,25.536375045776367,27.148509979248047,24.598146438598633,2.448481798171997,27.228351593017578,28.31842438294161,26.96816635131836,-0.6085156798362732
1934-10-16 12:00:00,20.87664794921875,24.95812225341797,26.406274795532227,28.398883052427507,26.01163101196289,25.06403160095215,27.068792828017667,27.004291534423828,13.053913116455078,27.077659606933594,26.206472396850586,27.405559539794922,24.783321380615234,2.2899346351623535,27.573726654052734,28.557237626975407,27.33212661743164,-0.286019504070282
1934-11-16 00:00:00,21.82461166381836,24.777734756469727,26.861928939819336,28.400465011280836,24.810134887695312,23.654321670532227,26.400346055473353,26.264848709106445,15.208340644836426,26.5943546295166,26.533754348754883,26.625967025756836,25.241958618164062,1.604170799255371,27.7846736907959,28.640262349267935,27.762208938598633,-0.46370550990104675
1934-12-16 12:00:00,22.833738327026367,24.58576202392578,26.6290283203125,28.40933126995397,23.398517608642578,22.673324584960938,25.42111980826809,24.940820693969727,17.0786075592041,25.513214111328125,26.998876571655273,25.622529983520508,25.909616470336914,0.009160146117210388,27.7907772064209,28.33975574233564,28.195703506469727,-0.4345490634441376
1935-01-16 12:00:00,24.589567184448242,25.189027786254883,25.996850967407227,28.410431927551034,22.560964584350586,21.499116897583008,24.137445382260502,23.967370986938477,19.590330123901367,25.02694320678711,27.31134605407715,25.2614803314209,26.443864822387695,-1.8670783042907715,27.728103637695312,28.021135065269032,28.032697677612305,-0.8259648084640503
1935-02-15 00:00:00,26.197593688964844,25.79889488220215,26.16413688659668,28.39937237864521,21.84177017211914,21.010513305664062,23.616992735662635,23.61042594909668,19.78858757019043,24.175209045410156,27.633888244628906,24.60594940185547,27.121566772460938,-3.3568947315216064,28.034015655517578,27.86104935312486,28.37701988220215,-0.46669867634773254
1935-03-16 12:00:00,26.44365882873535,27.119272232055664,26.815858840942383,28.390577531399988,21.788835525512695,20.851985931396484,23.63161957071262,22.9576473236084,19.5556583404541,23.97503662109375,27.939632415771484,24.667356491088867,27.542678833007812,-3.1683223247528076,28.409971237182617,28.01045403545076,28.749292373657227,0.0858144462108612
1935-04-16 00:00:00,25.028181076049805,27.980384826660156,27.696887969970703,28.372071934417015,22.109268188476562,21.13783073425293,23.965069340907846,23.123022079467773,17.617107391357422,24.36380958557129,27.839387893676758,24.492660522460938,27.725337982177734,-2.9729795455932617,28.60638427734375,28.677660970504665,29.284067153930664,0.28399088978767395
1935-05-16 12:00:00,24.28023910522461,27.347761154174805,27.476314544677734,28.356250449462646,22.852312088012695,22.058841705322266,24.446843213932027,24.237972259521484,15.339486122131348,25.036190032958984,27.31728172302246,25.150362014770508,27.083921432495117,-2.1317315101623535,28.85037612915039,28.844517619473024,28.4023494720459,0.0229627825319767
1935-06-16 00:00:00,23.150861740112305,26.937198638916016,27.770891189575195,28.344525710958216,24.048337936401367,23.01119041442871,24.95663139890465,25.065235137939453,13.19716739654541,25.655941009521484,26.68608856201172,25.860193252563477,26.153512954711914,-0.5655266046524048,27.885631561279297,28.720498434747565,27.358306884765625,-1.1210510730743408
1935-07-16 12:00:00,22.473176956176758,25.506977081298828,27.052106857299805,28.338966699086697,24.94086265563965,24.072185516357422,25.85666903817762,25.602252960205078,11.9909029006958,26.171180725097656,25.948049545288086,26.234018325805664,25.16676139831543,0.7989293336868286,27.069793701171875,28.29969364434165,26.884170532226562,-1.322108507156372
1935-08-16 12:00:00,20.849449157714844,25.056171417236328,27.299327850341797,28.33364661167536,25.92976188659668,24.579256057739258,26.56357043360446,26.230684280395508,11.559839248657227,26.782121658325195,25.800857543945312,26.626693725585938,24.7762508392334,1.9254415035247803,26.845760345458984,28.034442512626914,26.74523162841797,-1.311693787574768
1935-09-16 00:00:00,22.51727294921875,24.656150817871094,26.30368995666504,28.335213853663078,26.32187271118164,25.2635555267334,27.058506809216624,26.912494659423828,11.982195854187012,27.05322265625,25.63986587524414,27.22446060180664,24.760456085205078,2.7159361839294434,27.238927841186523,27.930859606961626,27.096240997314453,-0.421222060918808
1935-10-16 12:00:00,22.006759643554688,24.860136032104492,26.971628189086914,28.329559728499603,25.850040435791016,25.081296920776367,26.94677617776526,27.12525749206543,13.061820030212402,27.323265075683594,26.146469116210938,27.217811584472656,25.180784225463867,2.308924436569214,27.90793800354004,28.02291818428047,27.516122817993164,0.06001899391412735
1935-11-16 00:00:00,21.387575149536133,25.152976989746094,27.10793685913086,28.326986047104835,24.89144515991211,23.864559173583984,26.578182556196687,26.324369430541992,15.080300331115723,26.723426818847656,26.605876922607422,26.842544555664062,25.648176193237305,1.2358548641204834,28.098365783691406,28.206027290774337,27.84081268310547,0.014664053916931152
1935-12-16 12:00:00,23.072765350341797,25.582088470458984,27.843374252319336,28.335370852999112,23.376033782958984,22.641063690185547,25.67938802995704,25.553817749023438,17.0786075592041,25.825092315673828,27.237655639648438,25.829845428466797,26.187606811523438,-0.25931596755981445,27.830888748168945,28.293904932939814,28.028474807739258,-0.484542578458786
1936-01-16 12:00:00,24.594043731689453,25.338062286376953,26.23767852783203,28.35187781947263,22.371841430664062,21.537221908569336,24.407426784254874,24.248458862304688,18.994646072387695,24.454809188842773,27.471586227416992,24.77144432067871,26.716915130615234,-1.7190368175506592,27.661867141723633,28.090057604386068,28.11627960205078,-0.7416406273841858
1936-02-15 00:00:00,25.437162399291992,26.229829788208008,26.357986450195312,28.357353530678864,21.819055557250977,20.949539184570312,23.927551952119007,23.662378311157227,19.57023811340332,24.143339157104492,27.722230911254883,24.1738224029541,27.274442672729492,-2.720184326171875,27.971473693847656,27.93172299430675,28.233537673950195,-0.46669867634773254
1936-03-16 12:00:00,26.98291778564453,26.898874282836914,27.000886917114258,28.347151342466454,21.75537872314453,20.873979568481445,24.204750862547712,22.92997932434082,18.98230743408203,24.11042022705078,28.023662567138672,24.29595947265625,27.84918212890625,-3.3311023712158203,28.7353458404541,28.2594626551394,28.875349044799805,0.0465819276869297
1936-04-16 00:00:00,25.821645736694336,26.99812889099121,27.643274307250977,28.34368181591759,22.109268188476562,21.192554473876953,24.409710482724883,23.951122283935547,17.31456756591797,24.365930557250977,28.08465576171875,24.873573303222656,27.60505485534668,-2.943356513977051,28.91872787475586,28.563146362077095,29.346139907836914,0.37414249777793884
1936-05-16 12:00:00,24.466066360473633,27.6610050201416,27.642717361450195,28.330753451387118,22.87484359741211,21.865467071533203,24.90817296962487,24.0799617767334,15.323007583618164,25.016950607299805,27.439437866210938,25.09498405456543,27.282461166381836,-2.0951457023620605,29.432886123657227,28.69425920525134,28.8914794921875,0.08012345433235168
1936-06-16 00:00:00,22.853286743164062,26.329267501831055,27.2686767578125,28.333866504043613,24.13512420654297,23.038026809692383,25.518911465775812,24.709630966186523,13.161093711853027,25.714967727661133,26.68341827392578,25.79261016845703,26.23350715637207,-0.5939998030662537,28.103965759277344,28.203497899311216,27.518827438354492,-0.8149089217185974
1936-07-16 12:00:00,21.749547958374023,25.36065673828125,26.910507202148438,28.33816888529856,25.170618057250977,23.714580535888672,26.042817829316572,25.681482315063477,12.490405082702637,26.207475662231445,26.23468589782715,26.277250289916992,25.472253799438477,0.8396852612495422,27.292030334472656,27.72787440208912,27.073423385620117,-1.1954046487808228
1936-08-16 12:00:00,20.948650360107422,24.89609146118164,27.1610107421875,28.346657191235472,26.091785430908203,24.738361358642578,26.656893472330054,26.24692153930664,11.875083923339844,26.710556030273438,25.449922561645508,26.78567886352539,24.94593048095703,1.9532099962234497,27.057710647583008,26.73413133581187,26.91840171813965,-0.887785792350769
1936-09-16 00:00:00,20.518163681030273,24.73419761657715,26.53426742553711,28.35118383794341,26.326637268066406,25.214004516601562,26.94560265081732,26.984416961669922,12.257988929748535,27.03449058532715,25.462587356567383,27.01091957092285,24.845487594604492,2.469782829284668,27.32343101501465,26.708151249704095,27.128400802612305,-0.4373561441898346
1936-10-16 12:00:00,21.20294761657715,24.792448043823242,26.497758865356445,28.338354456830054,25.97541618347168,25.05320930480957,26.744356552596905,26.76116371154785,13.408405303955078,27.146135330200195,25.98854637145996,27.042348861694336,25.151634216308594,2.308924436569214,28.050397872924805,26.84797974862442,27.755739212036133,-0.45831742882728577
1936-11-16 00:00:00,21.332168579101562,25.13141632080078,26.842674255371094,28.341631610027694,24.970491409301758,24.26551628112793,26.24619274733133,25.97247314453125,15.441615104675293,26.741756439208984,26.52472686767578,26.704734802246094,25.51287269592285,1.2065730094909668,28.231952667236328,27.613570048086437,28.183454513549805,-0.19596147537231445
1936-12-16 12:00:00,22.576251983642578,25.133710861206055,26.787782669067383,28.341472367292397,23.627187728881836,22.604610443115234,25.415339314040256,24.862932205200195,17.124691009521484,25.741422653198242,27.024667739868164,25.484607696533203,26.12763786315918,-0.27916622161865234,28.164682388305664,27.775185253705047,28.65912437438965,-0.1767604798078537
1937-01-16 12:00:00,24.26517677307129,25.36703872680664,26.742572784423828,28.349442286238535,22.560964584350586,21.558443069458008,24.205634506204692,24.353425979614258,19.301288604736328,24.62751007080078,27.327062606811523,24.957090377807617,26.725460052490234,-1.7408069372177124,28.029741287231445,27.98239984028674,28.530048370361328,-0.35477060079574585
1937-02-15 00:00:00,26.060909271240234,26.527910232543945,26.452438354492188,28.361225030007983,21.925334930419922,20.662609100341797,23.752147763018453,23.9213924407959,19.517141342163086,24.019790649414062,27.69953727722168,24.30909538269043,27.377344131469727,-2.8961167335510254,28.15835952758789,28.075878715047047,28.30433464050293,-0.2915031909942627
1937-03-16 12:00:00,26.263357162475586,27.25402069091797,27.067615509033203,28.35591552087027,21.89060401916504,20.99920082092285,23.93098190066769,23.902528762817383,19.098665237426758,24.121736526489258,28.0866641998291,24.21478843688965,27.544904708862305,-3.0574140548706055,28.704437255859375,28.65070081879736,29.305255889892578,-0.11952472478151321
1937-04-16 00:00:00,25.85482406616211,27.080528259277344,27.586875915527344,28.35701640142257,22.1901798248291,21.192554473876953,24.367270472683792,23.85369873046875,17.53736686706543,24.357986450195312,28.08465576171875,24.67047119140625,27.725337982177734,-3.488435745239258,28.91872787475586,28.767639790628735,29.31245994567871,0.2434697300195694
1937-05-16 12:00:00,24.57431411743164,26.95564079284668,28.024343490600586,28.353343504030054,22.885581970214844,21.876070022583008,24.95606824763702,24.179655075073242,15.747597694396973,25.181758880615234,27.31728172302246,25.14358139038086,27.083921432495117,-1.8874030113220215,28.875070571899414,28.89716931901637,28.877376556396484,-0.0401797741651535
1937-06-16 00:00:00,22.77092170715332,26.30145263671875,28.314964294433594,28.35353424908936,24.35405731201172,23.02675437927246,25.481937272381114,24.613399505615234,13.967585563659668,25.714967727661133,26.705354690551758,25.61538314819336,26.136106491088867,-0.6620756387710571,27.96125030517578,28.844614699270842,27.497875213623047,-0.9748020172119141
1937-07-16 12:00:00,21.693042755126953,25.31364631652832,27.29392433166504,28.356792161732884,25.301856994628906,24.02288246154785,26.217824292804508,25.554927825927734,12.369160652160645,26.42799186706543,25.954994201660156,26.272693634033203,25.16676139831543,0.9698269367218018,26.897838592529297,28.39085402971185,26.967483520507812,-1.3354649543762207
1937-08-16 12:00:00,20.523202896118164,25.034278869628906,26.487699508666992,28.36763722036321,26.180166244506836,24.64728546142578,27.10649798073655,26.47768783569336,11.559839248657227,26.690244674682617,25.449922561645508,26.90869140625,24.7762508392334,1.9496551752090454,27.024782180786133,28.08904513682574,26.83353042602539,-0.7539714574813843
1937-09-16 00:00:00,20.275362014770508,24.94941520690918,27.070512771606445,28.379190838208597,26.326637268066406,25.17219352722168,27.46491645575393,27.079940795898438,11.982195854187012,27.184919357299805,25.536375045776367,27.22040367126465,24.689651489257812,2.5699703693389893,27.359647750854492,28.157994040895947,26.99954605102539,-0.013066746294498444
1937-10-16 12:00:00,20.467954635620117,24.806377410888672,26.618200302124023,28.383616952862006,26.380645751953125,25.075414657592773,27.128536867022838,27.09136390686035,13.141237258911133,27.344619750976562,26.12729263305664,27.308765411376953,25.092971801757812,2.3314597606658936,27.74730110168457,28.318012860141277,27.78229522705078,-0.2843017578125
1937-11-16 00:00:00,21.586898803710938,24.767045974731445,26.643054962158203,28.39447687678438,25.185518264770508,24.18437385559082,26.489228751995313,26.422035217285156,15.080300331115723,26.61495590209961,26.522409439086914,26.74129867553711,25.549053192138672,1.604170799255371,27.860563278198242,28.443940542768267,27.84609603881836,-0.28318020701408386
1937-12-16 12:00:00,22.858121871948242,25.46686363220215,26.47951889038086,28.408124854740784,23.50537109375,22.689611434936523,25.654351565775478,25.401168823242188,17.0786075592041,25.707216262817383,27.00154685974121,26.020633697509766,25.983619689941406,0.0019828355871140957,27.854961395263672,28.558982473283326,28.077983856201172,-0.342684268951416
1938-01-16 12:00:00,24.57704734802246,25.05268669128418,26.59405517578125,28.424862256456834,22.401124954223633,21.629745483398438,24.60478404337936,24.08901596069336,18.92987060546875,24.757450103759766,27.438518524169922,24.81608009338379,26.786575317382812,-1.7159345149993896,27.67369270324707,28.16967166122614,28.184667587280273,-0.9208891987800598
1938-02-15 00:00:00,25.696168899536133,26.08381462097168,26.726404190063477,28.431611005367053,21.78132438659668,21.079837799072266,24.105646345776474,23.346540451049805,19.667875289916992,24.04498863220215,27.887943267822266,24.43477439880371,27.362144470214844,-2.9126291275024414,27.94440460205078,27.86026600261476,28.234664916992188,-0.5118727087974548
1938-03-16 12:00:00,26.44136619567871,26.827346801757812,26.971670150756836,28.418808117466277,21.790538787841797,20.672382354736328,23.913959725102355,23.373245239257812,19.1513729095459,24.053377151489258,28.0153751373291,23.994136810302734,27.42038917541504,-3.7354366779327393,28.446104049682617,27.927118080089095,28.637325286865234,-0.18224777281284332
1938-04-16 00:00:00,25.028181076049805,26.989253997802734,27.287609100341797,28.397137104433735,22.042861938476562,21.33319854736328,24.323370939585022,23.587982177734375,17.4847354888916,24.50191879272461,27.8912410736084,24.851516723632812,27.725337982177734,-2.979409694671631,28.790128707885742,28.57705927167813,28.674795150756836,0.21563953161239624
1938-05-16 12:00:00,24.246706008911133,27.027435302734375,27.143152236938477,28.381148027282837,22.903547286987305,21.907123565673828,24.577621013131644,24.194677352905273,15.697486877441406,24.829200744628906,27.55379295349121,25.14358139038086,27.02280616760254,-2.0946948528289795,28.865829467773438,28.902930693330525,28.39447784423828,0.05310188978910446
1938-06-16 00:00:00,22.860239028930664,25.990734100341797,27.345956802368164,28.38177509495597,24.19927215576172,22.96546745300293,25.069573516800972,24.750452041625977,13.305598258972168,25.690895080566406,26.630586624145508,25.736234664916992,26.32761001586914,-0.5489994287490845,27.82207679748535,28.81661192686287,27.57460594177246,-0.9772242903709412
1938-07-16 12:00:00,21.610431671142578,25.321693420410156,27.29392433166504,28.376053776742626,25.362133026123047,24.044387817382812,25.960551428495247,25.576810836791992,12.14981746673584,26.288393020629883,25.94344139099121,26.281888961791992,25.435518264770508,0.8112351894378662,27.069793701171875,28.33568587415012,26.968286514282227,-1.414415717124939
1938-08-16 12:00:00,20.924171447753906,24.64069366455078,26.684406280517578,28.379046566893557,26.224262237548828,24.698062896728516,26.711620131726857,26.29684829711914,12.085731506347656,26.710556030273438,25.449922561645508,26.71509552001953,24.868860244750977,1.8929630517959595,26.845760345458984,28.067154073128243,26.668903350830078,-1.052369475364685
1938-09-16 00:00:00,20.68339729309082,24.961214065551758,26.797651290893555,28.372339879877316,26.389446258544922,25.246896743774414,27.12861827086491,26.80893325805664,11.982195854187012,26.997915267944336,25.613101959228516,27.155887603759766,24.760456085205078,2.4528346061706543,27.209880828857422,28.064393205925498,27.109867095947266,-0.8771701455116272
1938-10-16 12:00:00,22.626386642456055,24.547563552856445,26.821060180664062,28.366566470127605,25.937747955322266,24.854236602783203,26.983973974739648,27.053335189819336,13.205355644226074,27.138776779174805,26.02547264099121,27.47806167602539,25.125276565551758,2.2510805130004883,27.730119705200195,28.22155247533035,27.614309310913086,-0.29602697491645813
1938-11-16 00:00:00,21.332168579101562,24.740816116333008,26.980363845825195,28.359917212849343,24.936763763427734,24.228160858154297,26.402432332608196,26.264848709106445,14.763446807861328,26.5943546295166,26.598649978637695,26.773469924926758,25.51228141784668,1.2212148904800415,28.034751892089844,28.497665177838154,27.95830535888672,-0.32221895456314087
1938-12-16 12:00:00,23.31757926940918,24.910842895507812,26.48567008972168,28.370231405795796,23.629281997680664,22.7855224609375,25.398314432794542,25.212324142456055,16.139986038208008,25.400951385498047,27.016408920288086,25.869356155395508,26.187606811523438,-0.24645788967609406,27.827903747558594,28.56541185172225,28.109994888305664,-0.6121861338615417
1939-01-16 12:00:00,24.594043731689453,25.205429077148438,26.54129409790039,28.380970800752323,22.389965057373047,21.572120666503906,24.195789457057725,24.31499481201172,19.136693954467773,24.70595932006836,27.6367244720459,24.757732391357422,26.725460052490234,-1.6267904043197632,27.728816986083984,28.04371956011787,28.1694393157959,-0.8096946477890015
1939-02-15 00:00:00,25.437162399291992,26.170757293701172,26.818706512451172,28.384465454295395,21.83191680908203,20.75403594970703,23.620246992773026,22.9582462310791,19.9768009185791,24.175209045410156,27.83092498779297,24.173582077026367,27.41652488708496,-2.835825204849243,27.94440460205078,28.01095157921876,28.448375701904297,-0.8788996934890747
1939-03-16 12:00:00,25.861764907836914,27.25402069091797,26.628347396850586,28.36697335566653,21.790538787841797,20.711498260498047,23.423524541117896,23.765247344970703,19.168834686279297,24.450803756713867,27.94182014465332,24.667356491088867,27.522886276245117,-3.0684263706207275,28.515064239501953,28.338640697773606,28.85004234313965,-0.24859718978405
1939-04-16 00:00:00,24.924367904663086,27.45586395263672,27.633180618286133,28.3414499177075,22.088912963867188,21.377639770507812,24.023128229241564,24.26848602294922,17.10408592224121,24.36380958557129,27.905000686645508,24.802471160888672,27.598508834838867,-2.8268392086029053,29.78981590270996,28.932486653592644,29.4039306640625,0.37414249777793884
1939-05-16 12:00:00,24.35095977783203,27.376388549804688,28.024343490600586,28.333977786549998,22.899967193603516,21.950008392333984,24.412126220429005,24.26751136779785,15.603062629699707,25.036190032958984,27.490915298461914,24.968318939208984,27.240436553955078,-2.1989293098449707,29.072586059570312,29.124496356938064,29.123502731323242,-0.0401797741651535
1939-06-16 00:00:00,24.965232849121094,26.37203598022461,27.198165893554688,28.328005095054948,24.170249938964844,23.00197982788086,25.06897833377353,24.991533279418945,13.277902603149414,25.68183135986328,26.68341827392578,25.799068450927734,26.262271881103516,-0.32496243715286255,27.816129684448242,28.528491990882372,27.53290557861328,-0.8051390051841736
1939-07-16 12:00:00,22.178150177001953,26.107242584228516,26.926027297973633,28.320790715775175,25.001087188720703,23.632041931152344,26.088546022900317,25.764324188232422,12.054232597351074,26.207475662231445,26.131511688232422,26.277250289916992,25.44735336303711,0.7924243807792664,26.897838592529297,28.205803743403695,26.667118072509766,-1.0694741010665894
1939-08-16 12:00:00,20.82160758972168,25.364957809448242,27.299327850341797,28.326203359620145,26.07979965209961,24.807756423950195,26.758693880979756,26.26102066040039,11.960182189941406,26.74728012084961,25.800857543945312,26.73512840270996,25.00135040283203,1.9532099962234497,27.024782180786133,27.854380291689065,26.83353042602539,-1.1227223873138428
1939-09-16 00:00:00,21.01582908630371,25.205232620239258,26.30368995666504,28.33006946645466,26.30459213256836,25.152236938476562,27.083449094410977,26.884855270385742,11.954975128173828,27.259065628051758,25.685096740722656,27.148509979248047,24.91518783569336,2.5154061317443848,27.237924575805664,27.840179221882615,27.26827049255371,-0.3110748827457428
1939-10-16 12:00:00,20.674301147460938,24.860136032104492,26.918014526367188,28.314554562963757,26.01163101196289,25.078393936157227,26.861209823614782,26.81740951538086,13.205355644226074,27.124950408935547,26.102388381958008,27.217500686645508,25.24762535095215,2.4112813472747803,27.923843383789062,28.024087354187586,27.59202003479004,-0.052419308573007584
1939-11-16 00:00:00,21.426136016845703,24.974397659301758,26.71748924255371,28.308600079671617,24.936763763427734,23.894533157348633,26.405247134054797,26.324369430541992,14.248127937316895,26.774314880371094,26.69761085510254,26.74129867553711,25.743064880371094,1.1133605241775513,28.2060489654541,28.444256206623095,28.02564811706543,-0.3573865294456482
1939-12-16 12:00:00,22.557575225830078,25.146934509277344,26.622398376464844,28.313147478578273,23.629281997680664,22.512279510498047,25.466598677829722,25.432645797729492,16.596134185791016,25.68993377685547,27.114038467407227,25.973125457763672,26.274328231811523,-0.28591933846473694,27.96571922302246,28.576928592222053,28.04158592224121,-0.47656920552253723
1940-01-16 12:00:00,24.381553649902344,26.09024429321289,26.947593688964844,28.31997491071868,22.579639434814453,21.537221908569336,24.372689040122783,24.08901596069336,19.125019073486328,24.469158172607422,27.47272491455078,24.81608009338379,26.901491165161133,-1.7640283107757568,27.8566837310791,28.224456532466885,28.275476455688477,-0.8040869235992432
1940-02-15 00:00:00,26.032108306884766,27.337697982788086,26.832117080688477,28.319311558550435,21.925334930419922,20.983186721801758,24.12271997393778,23.340709686279297,19.63158416748047,24.547388076782227,27.754940032958984,24.483346939086914,27.38947868347168,-2.720184326171875,28.030086517333984,28.24728273732052,28.42311668395996,-0.7073817849159241
1940-03-16 12:00:00,26.44136619567871,27.14109230041504,26.987245559692383,28.31395311010657,21.799203872680664,20.88563346862793,24.15321766292152,23.397624969482422,19.134185791015625,24.404190063476562,28.088048934936523,24.398914337158203,27.477712631225586,-3.5682973861694336,28.86840057373047,28.33411676509069,29.305255889892578,-0.02590409852564335
1940-04-16 00:00:00,24.970714569091797,27.464672088623047,27.49617576599121,28.306195142347125,22.03614616394043,21.15951156616211,24.484314458105825,23.587982177734375,17.129009246826172,24.42336082458496,27.93204689025879,24.592981338500977,27.609708786010742,-3.2190065383911133,28.965787887573242,28.611642407895708,29.647146224975586,0.37414249777793884
1940-05-16 12:00:00,24.35095977783203,26.94828224182129,27.654932022094727,28.292977140810585,23.006460189819336,21.928936004638672,25.251784544246576,24.066402435302734,14.965508460998535,25.11749267578125,27.560304641723633,24.88363265991211,27.282461166381836,-2.024786949157715,29.11521339416504,28.519183711703885,29.050670623779297,0.023379603400826454
1940-06-16 00:00:00,23.149154663085938,26.78165626525879,27.603670120239258,28.295061154265127,24.175106048583984,23.04044532775879,25.592611315058576,24.568700790405273,13.19875431060791,25.714967727661133,26.785356521606445,25.5729923248291,26.262271881103516,-0.636827290058136,28.186363220214844,27.824989300220082,27.65811538696289,-1.0928221940994263
1940-07-16 12:00:00,22.24801254272461,26.180906295776367,26.948930740356445,28.299867788415966,25.17870330810547,23.619403839111328,26.24665616731933,25.592350006103516,11.86377239227295,26.208864212036133,26.053415298461914,26.281888961791992,25.599689483642578,0.8396852612495422,27.25936508178711,27.606855548634925,26.834217071533203,-1.1974573135375977
1940-08-16 12:00:00,21.16931915283203,24.727378845214844,26.45793342590332,28.307485435201293,25.677709579467773,24.608882904052734,26.883311534966246,26.29684829711914,11.567047119140625,26.74398422241211,25.66706085205078,26.73512840270996,24.83687400817871,2.0446650981903076,26.91488265991211,26.6907284688805,26.960792541503906,-1.5731861591339111
1940-09-16 00:00:00,20.8719539642334,25.070255279541016,25.687305450439453,28.31097530227152,26.0954532623291,25.148082733154297,27.125447875339795,26.86345100402832,12.010077476501465,27.184919357299805,25.685096740722656,27.188766479492188,24.890972137451172,2.409162759780884,27.42680549621582,26.7032282920583,27.128400802612305,-0.4373561441898346
1940-10-16 12:00:00,20.966833114624023,24.63884162902832,25.875070571899414,28.299245144123116,25.808115005493164,25.137296676635742,26.94540743493661,26.81740951538086,13.27242374420166,27.323265075683594,26.128406524658203,27.233064651489258,25.075300216674805,2.33662486076355,28.000276565551758,27.395552806246286,27.812286376953125,-0.03430350869894028
1940-11-16 00:00:00,21.426136016845703,23.96649932861328,26.325559616088867,28.30054009537001,24.8817195892334,23.826101303100586,26.563055194352184,26.324369430541992,14.490877151489258,26.723426818847656,26.69761085510254,26.74129867553711,25.522239685058594,1.2065730094909668,28.266651153564453,27.61812962039025,28.191848754882812,-0.022570965811610222
1940-12-16 12:00:00,22.557575225830078,24.402101516723633,26.220829010009766,28.30592101996588,23.52008056640625,22.65391731262207,26.08397591536324,25.391199111938477,16.757835388183594,25.91199493408203,27.114038467407227,25.995563507080078,26.119935989379883,-0.03640899062156677,28.19447135925293,27.775256118922943,28.42090606689453,-0.10335277765989304
1941-01-16 12:00:00,24.381553649902344,24.973011016845703,26.389921188354492,28.307917440852407,22.43364715576172,21.62030029296875,25.211614812004857,24.107641220092773,18.19671058654785,24.74189567565918,27.53464126586914,24.826974868774414,26.725460052490234,-1.5313022136688232,28.13711929321289,28.165535326474163,28.783077239990234,-0.3494202196598053
1941-02-15 00:00:00,25.998699188232422,25.965206146240234,26.433902740478516,28.310679805767542,21.77756118774414,20.946346282958984,24.876077572027295,23.287973403930664,19.570215225219727,24.11259651184082,27.79803466796875,24.26340675354004,27.362144470214844,-2.864806652069092,28.310768127441406,28.90248598569499,28.944772720336914,-0.5728805065155029
1941-03-16 12:00:00,26.164230346679688,26.88939666748047,26.82218360900879,28.306250723940163,21.739215850830078,20.793533325195312,25.020820100895225,23.308486938476562,19.185028076171875,24.163528442382812,27.991308212280273,24.483055114746094,27.609155654907227,-3.4119818210601807,28.826034545898438,29.418218201999842,28.83380699157715,-0.11952472478151321
1941-04-16 00:00:00,25.7405948638916,27.340782165527344,27.491958618164062,28.304839329775607,22.220260620117188,20.96393394470215,25.262507431970615,23.575639724731445,17.31456756591797,24.472719192504883,27.99186897277832,24.719436645507812,27.616195678710938,-2.8351879119873047,29.636123657226562,29.633620296253397,29.54313850402832,0.29975348711013794
1941-05-16 12:00:00,24.460575103759766,27.376441955566406,27.636940002441406,28.30014474699389,22.917694091796875,21.85454559326172,25.624281026121118,23.945903778076172,14.872304916381836,24.984516143798828,27.708616256713867,25.13776397705078,27.282461166381836,-2.1317315101623535,29.550796508789062,29.558037030453896,28.985231399536133,0.13027682900428772
1941-06-16 00:00:00,23.538816452026367,26.20633888244629,27.200504302978516,28.311795891691673,24.22692108154297,23.04044532775879,25.967386049696223,24.74620819091797,13.191605567932129,25.796131134033203,26.74280548095703,25.69566535949707,26.217830657958984,-0.5473718047142029,28.250179290771484,29.131849508900423,27.839500427246094,-0.8052794337272644
1941-07-16 12:00:00,21.186115264892578,25.361169815063477,27.29392433166504,28.346291847059764,25.170618057250977,23.95963478088379,26.49040701574247,25.654279708862305,12.070320129394531,26.215858459472656,26.049863815307617,26.28520965576172,25.44735336303711,0.7989293336868286,27.266921997070312,28.717712630078992,27.32965850830078,-1.3108216524124146
1941-08-16 12:00:00,20.844701766967773,25.075397491455078,27.054800033569336,28.386415267138727,26.218442916870117,24.69034194946289,27.095363706902184,26.48078727722168,11.559839248657227,26.67546844482422,25.806110382080078,26.99857521057129,24.70941734313965,1.9254415035247803,26.9178409576416,28.293287810453357,26.90878677368164,-1.0150154829025269
1941-09-16 00:00:00,20.247419357299805,24.9697265625,26.54356575012207,28.41052190296984,26.180320739746094,25.021739959716797,27.427254148997037,26.878047943115234,11.982195854187012,27.27704620361328,25.88094711303711,27.13583755493164,24.931583404541016,2.525740623474121,27.316543579101562,28.328443347774087,27.150197982788086,-0.6896958947181702
1941-10-16 12:00:00,20.804466247558594,24.74153709411621,26.657649993896484,28.412623764976047,26.02153968811035,25.377931594848633,27.071880482853757,27.033315658569336,13.558455467224121,27.264259338378906,25.98854637145996,27.405559539794922,24.946969985961914,2.308924436569214,27.777694702148438,28.451796435754616,27.43675422668457,0.05501631274819374
1941-11-16 00:00:00,23.37240982055664,24.767045974731445,26.598325729370117,28.421344515276893,24.883543014526367,23.864559173583984,26.524092190979783,26.26268768310547,14.65615177154541,26.723426818847656,26.546104431152344,26.78073501586914,25.522239685058594,1.2065730094909668,27.910842895507812,28.40938109541655,27.75604820251465,-0.29132935404777527
1941-12-16 12:00:00,22.97586441040039,25.45508575439453,26.96634864807129,28.440198604698114,23.52008056640625,22.646575927734375,25.766209224287735,25.36359214782715,17.062776565551758,25.786691665649414,26.998876571655273,25.973125457763672,26.152423858642578,-0.2533327043056488,27.807903289794922,28.40869697816357,28.070465087890625,-0.5466734766960144
1942-01-16 12:00:00,24.57704734802246,25.727941513061523,26.673038482666016,28.449544743974503,22.43364715576172,21.610305786132812,24.5415348503741,24.088245391845703,18.994646072387695,25.243511199951172,27.333574295043945,25.212007522583008,26.895112991333008,-1.7621656656265259,27.757946014404297,28.171066461315768,28.228944778442383,-0.7324418425559998
1942-02-15 00:00:00,26.197593688964844,26.344552993774414,26.584333419799805,28.449540923768268,21.827852249145508,20.983186721801758,23.987169419730595,23.59171485900879,19.47197151184082,24.70589828491211,27.616323471069336,24.613235473632812,27.38947868347168,-2.9279701709747314,27.987218856811523,28.037309068948918,28.231204986572266,-0.5378493666648865
1942-03-16 12:00:00,26.500844955444336,26.45586395263672,26.992048263549805,28.437454061119144,21.788835525512695,20.88563346862793,23.962138301496424,23.12242317199707,19.533489227294922,24.14838409423828,27.928266525268555,24.52882957458496,27.609155654907227,-3.4178507328033447,28.704437255859375,28.12383595528832,29.005931854248047,-0.09142078459262848
1942-04-16 00:00:00,25.34765625,26.989253997802734,27.570419311523438,28.41910258510441,22.109268188476562,21.15951156616211,24.256501129404107,23.69014549255371,17.4847354888916,24.50191879272461,27.955049514770508,24.634620666503906,27.601736068725586,-3.0026133060455322,29.139820098876953,28.638045249960232,29.173017501831055,0.36243313550949097
1942-05-16 12:00:00,24.297082901000977,26.42363929748535,27.417844772338867,28.40657878860336,22.842639923095703,21.72693634033203,24.490403262312693,24.129789352416992,15.211731910705566,25.081485748291016,27.433921813964844,25.32362174987793,26.95807647705078,-1.8089003562927246,29.072586059570312,28.76707035366384,29.123502731323242,0.12170892208814621
1942-06-16 00:00:00,22.214277267456055,26.14432144165039,26.822509765625,28.40152237000046,24.19927215576172,22.92348289489746,25.024811728250096,24.750452041625977,13.225238800048828,25.68183135986328,26.577239990234375,25.595733642578125,26.29579734802246,-0.5489994287490845,27.922443389892578,28.53049973470934,27.562917709350586,-0.9303274154663086
1942-07-16 12:00:00,21.749229431152344,25.402421951293945,26.968854904174805,28.414715239217113,25.17268943786621,24.033388137817383,25.785005928492357,25.632137298583984,11.9909029006958,26.244972229003906,25.912660598754883,26.473642349243164,25.25957489013672,0.766460120677948,27.00969123840332,28.21372549545864,26.707395553588867,-1.2558352947235107
1942-08-16 12:00:00,20.844701766967773,25.034278869628906,26.77837562561035,28.429337555861636,26.248197555541992,25.061433792114258,26.564242861951065,26.307998657226562,11.559839248657227,26.782121658325195,25.511892318725586,26.765687942504883,24.564119338989258,2.1014297008514404,27.024782180786133,28.010699813732682,26.866058349609375,-1.0966814756393433
1942-09-16 00:00:00,20.57650375366211,25.00615119934082,26.89268684387207,28.444095629661856,26.702333450317383,25.691640853881836,26.859742468178087,26.839012145996094,12.398287773132324,26.999765396118164,25.563261032104492,27.23225975036621,24.598146438598633,2.4940671920776367,27.216049194335938,27.959479670750188,27.008466720581055,-0.6086077094078064
1942-10-16 12:00:00,20.744781494140625,25.1238956451416,27.096025466918945,28.44580135655992,26.25960922241211,25.487632751464844,26.635868791560725,26.81740951538086,13.421645164489746,27.090225219726562,25.957921981811523,27.217500686645508,24.97218894958496,2.4111874103546143,27.778440475463867,28.040330342524587,27.3929500579834,-0.2555534243583679
1942-11-16 00:00:00,21.829004287719727,24.739870071411133,26.837839126586914,28.435750344902605,24.756685256958008,23.813335418701172,26.10188516406935,25.91046142578125,15.015257835388184,26.537656784057617,26.566009521484375,26.640050888061523,25.241958618164062,1.309021234512329,27.910842895507812,28.27859293043872,27.888391494750977,-0.32221895456314087
1942-12-16 12:00:00,22.954504013061523,25.28456687927246,26.460529327392578,28.442119516970234,23.128128051757812,22.645675659179688,25.017569562284205,24.831369400024414,17.17246437072754,25.567459106445312,27.04995346069336,25.554214477539062,25.983619689941406,-0.2533327043056488,27.810462951660156,28.221432237595046,28.195703506469727,-0.28886687755584717
1943-01-16 12:00:00,24.589567184448242,25.35525894165039,26.351543426513672,28.450442420536,22.393821716308594,21.430639266967773,23.701485048142054,23.967370986938477,18.994646072387695,24.59638023376465,27.30487060546875,25.17511749267578,26.383371353149414,-1.6267904043197632,27.741289138793945,27.86365278516278,28.277585983276367,-0.7324418425559998
1943-02-15 00:00:00,25.430391311645508,25.890892028808594,26.621742248535156,28.43815637624479,21.83191680908203,20.75403594970703,23.39560615297191,23.61042594909668,19.25240135192871,24.39542007446289,27.680307388305664,24.60594940185547,27.147680282592773,-3.3568947315216064,28.022293090820312,27.839475850208885,28.37701988220215,-0.5247899293899536
1943-03-16 12:00:00,25.898351669311523,26.69103240966797,26.677473068237305,28.42586392420951,21.790538787841797,20.711498260498047,23.39099235571122,23.765247344970703,19.52845001220703,24.450803756713867,27.97974395751953,24.667356491088867,27.62135887145996,-3.0879669189453125,28.41884422302246,28.02270023613214,28.828176498413086,0.12493294477462769
1943-04-16 00:00:00,24.79939842224121,26.86820411682129,27.297863006591797,28.409768986806476,22.03677749633789,21.347625732421875,23.616359512024925,23.123022079467773,17.53736686706543,24.488994598388672,27.889490127563477,24.3232364654541,27.579240798950195,-2.725708484649658,28.928836822509766,28.597613898560866,29.27016258239746,0.4332527816295624
1943-05-16 12:00:00,24.281461715698242,27.027435302734375,27.545137405395508,28.398245184834835,22.903547286987305,22.196388244628906,24.122160801024343,24.109722137451172,15.371138572692871,25.306522369384766,27.45870590209961,24.945192337036133,27.02280616760254,-1.900713562965393,28.56340980529785,29.07443185026317,28.395238876342773,-0.24133627116680145
1943-06-16 00:00:00,23.036659240722656,26.30145263671875,27.64329719543457,28.387063066373514,24.536100387573242,22.96546745300293,25.011901490008167,24.966453552246094,12.842241287231445,25.655941009521484,26.620027542114258,25.627944946289062,26.32761001586914,-0.5473718047142029,27.659366607666016,28.846513617511935,27.64693832397461,-0.883578896522522
1943-07-16 12:00:00,21.610431671142578,25.361169815063477,26.921600341796875,28.394290179835046,24.97901725769043,23.9829158782959,25.881138249440344,25.680830001831055,12.197397232055664,26.171180725097656,25.94344139099121,26.473642349243164,25.442127227783203,0.7989293336868286,27.06257438659668,28.530697155268523,26.884170532226562,-1.4648504257202148
1943-08-16 12:00:00,21.26742935180664,25.146133422851562,26.841449737548828,28.39182012332665,26.23863983154297,25.061433792114258,26.634680681985756,26.29684829711914,11.567047119140625,26.782121658325195,25.449922561645508,26.73512840270996,24.79778480529785,1.8336690664291382,26.893484115600586,28.326830285898858,26.668903350830078,-1.1808853149414062
1943-09-16 00:00:00,20.953718185424805,24.440969467163086,26.523252487182617,28.395525191882655,26.782032012939453,25.275190353393555,26.986886204954207,26.884855270385742,11.982195854187012,27.06153678894043,25.462587356567383,27.23225975036621,24.79474639892578,2.433025360107422,27.180627822875977,28.291979891193535,27.017864227294922,-0.5722436904907227
1943-10-16 12:00:00,20.950597763061523,24.941938400268555,26.26011085510254,28.387582621126327,26.306392669677734,25.06658172607422,26.76095710525063,27.10811424255371,13.244462966918945,27.151996612548828,25.95722198486328,27.216527938842773,25.097387313842773,2.21356201171875,27.563684463500977,28.495137389363308,27.435611724853516,-0.286019504070282
1943-11-16 00:00:00,22.01828956604004,25.008087158203125,26.416057586669922,28.384399203017807,24.883630752563477,24.434839248657227,26.406449117370233,26.422035217285156,15.173530578613281,26.601816177368164,26.535594940185547,26.74129867553711,25.51228141784668,1.2547677755355835,27.862533569335938,28.477001691398694,27.52134132385254,-0.4567899703979492
1943-12-16 12:00:00,22.875715255737305,24.58576202392578,26.027931213378906,28.38587066763867,23.22702407836914,22.88039779663086,25.53076694194277,25.401168823242188,17.0786075592041,25.513214111328125,26.998876571655273,25.829845428466797,26.14674186706543,-0.03640899062156677,27.892614364624023,28.337397587751713,28.19852066040039,-0.342684268951416
1944-01-16 12:00:00,24.26517677307129,24.985254287719727,26.186412811279297,28.38766472672408,22.462064743041992,21.60576820373535,24.52770999813544,24.222415924072266,19.143857955932617,24.454809188842773,27.45257568359375,25.212007522583008,26.41062355041504,-1.5313022136688232,27.741289138793945,28.02536080886885,28.277585983276367,-0.5834107995033264
1944-02-15 00:00:00,26.012908935546875,26.359586715698242,26.7034969329834,28.39348979993549,21.810379028320312,21.079837799072266,24.294036920186933,23.287935256958008,19.750743865966797,24.29186248779297,27.633888244628906,24.59941291809082,27.147680282592773,-2.86908221244812,27.992128372192383,27.840016215302636,28.48225212097168,-0.6490798592567444
1944-03-16 12:00:00,26.366662979125977,26.927818298339844,27.152942657470703,28.383499538429817,21.739946365356445,20.912960052490234,24.422627003026168,23.197437286376953,19.15461540222168,23.9771671295166,28.008132934570312,24.020235061645508,27.331226348876953,-3.152667760848999,28.52886199951172,28.107478768935874,28.858564376831055,-0.17168699204921722
1944-04-16 00:00:00,25.67299461364746,27.84541893005371,27.643274307250977,28.373649665949046,22.03614616394043,21.20079231262207,24.830039010768985,23.672712326049805,17.129009246826172,24.544178009033203,28.08465576171875,24.86119842529297,27.579240798950195,-2.9817938804626465,28.60638427734375,28.84444250919309,29.263755798339844,0.17634359002113342
1944-05-16 12:00:00,24.6400146484375,27.55782699584961,27.948253631591797,28.35447863631501,22.937795639038086,21.864927291870117,24.957547820738487,24.122692108154297,15.33051586151123,24.987272262573242,27.31728172302246,25.215383529663086,27.100059509277344,-2.0530002117156982,28.620866775512695,29.067141663518967,28.485570907592773,-0.11835417151451111
1944-06-16 00:00:00,23.238069534301758,26.2844295501709,27.415267944335938,28.351915595095228,24.048337936401367,23.02675437927246,25.462605954431368,24.568700790405273,13.19716739654541,25.733043670654297,26.69121742248535,25.722110748291016,26.18726921081543,-0.5503128170967102,27.849836349487305,28.864429442977602,27.57236099243164,-0.9772242903709412
1944-07-16 12:00:00,22.178150177001953,25.321693420410156,27.01348114013672,28.345824643766704,25.301856994628906,24.127941131591797,26.100658216172963,25.536645889282227,12.14932632446289,26.193492889404297,25.954994201660156,26.3321533203125,25.442127227783203,0.816021203994751,27.032636642456055,28.61115673750977,26.968286514282227,-1.4648504257202148
1944-08-16 12:00:00,20.4704532623291,24.761985778808594,26.576826095581055,28.358755856335485,26.062360763549805,25.175994873046875,26.691540469847507,26.230493545532227,11.567047119140625,26.710556030273438,25.449922561645508,26.769384384155273,24.7762508392334,1.8711878061294556,26.845760345458984,28.295565709745905,26.668903350830078,-1.1808853149414062
1944-09-16 00:00:00,20.247419357299805,24.762134552001953,26.820465087890625,28.380004278115635,26.845687866210938,25.3759765625,26.99606530596448,26.865997314453125,11.982195854187012,27.2169246673584,25.525634765625,27.01091957092285,24.689651489257812,2.4943597316741943,27.209880828857422,28.204064801526805,27.109867095947266,-0.5396711230278015
1944-10-16 12:00:00,21.013051986694336,24.999238967895508,26.70032501220703,28.381925303971514,26.330524444580078,25.06658172607422,26.75930798363044,26.81740951538086,13.067761421203613,27.146135330200195,25.90163230895996,27.16297721862793,25.010257720947266,2.21356201171875,27.707962036132812,28.330056986450042,27.43675422668457,-0.2237095832824707
1944-11-16 00:00:00,22.9905948638916,24.928855895996094,26.375444412231445,28.382500937571773,25.253250122070312,23.860794067382812,26.241300432422065,25.91046142578125,15.080300331115723,26.44944190979004,26.539146423339844,26.640050888061523,25.540132522583008,1.2212148904800415,28.038816452026367,28.331090022737314,27.77580451965332,-0.333944171667099
1944-12-16 12:00:00,23.27810287475586,25.3819637298584,26.345333099365234,28.390419679820372,23.22702407836914,22.645675659179688,24.991803295842516,24.998044967651367,16.596134185791016,25.567459106445312,26.998876571655273,25.60068130493164,25.983619689941406,-0.24645788967609406,27.81366729736328,28.274153473032978,28.145519256591797,-0.4835807979106903
1945-01-16 12:00:00,24.401887893676758,25.28839874267578,26.13353157043457,28.407531026113684,22.45206069946289,21.601425170898438,23.99940044205348,24.353425979614258,18.866008758544922,24.627792358398438,27.341833114624023,25.061532974243164,26.383371353149414,-1.8118280172348022,27.728103637695312,28.239427394594895,28.18532371520996,-0.6925232410430908
1945-02-15 00:00:00,25.771799087524414,26.144119262695312,26.21839714050293,28.412648815177263,21.83191680908203,20.662609100341797,23.622710404513708,23.24808692932129,19.70340347290039,24.04430389404297,27.589365005493164,24.591093063354492,27.147680282592773,-2.8749277591705322,27.982677459716797,28.040763838104034,28.275590896606445,-0.5818272829055786
1945-03-16 12:00:00,26.68736457824707,26.870702743530273,27.044557571411133,28.398397872806335,21.790538787841797,20.99920082092285,23.930670703697235,23.12242317199707,19.134185791015625,24.053377151489258,28.0153751373291,24.52882957458496,27.637296676635742,-3.296889543533325,28.411357879638672,28.171051934947638,28.843355178833008,-0.24256031215190887
1945-04-16 00:00:00,24.2878360748291,27.48988914489746,27.69330406188965,28.382173737500736,22.15834617614746,21.32029914855957,24.120817426248394,23.575454711914062,17.4847354888916,24.297714233398438,27.904117584228516,24.549335479736328,27.67434310913086,-2.9739694595336914,28.710453033447266,28.866082541622745,29.488910675048828,0.07621269673109055
1945-05-16 12:00:00,24.27069664001465,27.027435302734375,27.7271785736084,28.362524209133717,22.903547286987305,21.893735885620117,24.429406657918683,24.174028396606445,15.339486122131348,25.086776733398438,27.5073184967041,25.14358139038086,27.02280616760254,-2.0946948528289795,28.459341049194336,28.900239555603427,28.372634887695312,-0.039545025676488876
1945-06-16 00:00:00,23.036659240722656,26.224348068237305,27.965635299682617,28.357352526206224,24.169857025146484,23.087284088134766,25.364395465041046,24.73870086669922,13.273926734924316,25.82901382446289,26.892282485961914,25.680450439453125,26.277978897094727,-0.5983408093452454,27.98798942565918,28.75310463404927,27.562917709350586,-0.9686254262924194
1945-07-16 12:00:00,21.563335418701172,25.60881805419922,27.01348114013672,28.36570734947388,25.428922653198242,24.03340721130371,26.134619254027786,25.567325592041016,12.15616512298584,26.193492889404297,26.030916213989258,26.22705841064453,25.507186889648438,0.8816738724708557,27.295839309692383,28.25762197877298,26.81374740600586,-1.0694741010665894
1945-08-16 12:00:00,21.218971252441406,24.89609146118164,26.64666748046875,28.375902951446076,26.177143096923828,25.09842872619629,26.714165102570128,26.56320571899414,11.567047119140625,26.66555404663086,25.60043716430664,26.77593994140625,24.868860244750977,1.8711878061294556,26.847904205322266,27.863491074810355,26.83353042602539,-1.0673556327819824
1945-09-16 00:00:00,20.631959915161133,24.731201171875,26.737741470336914,28.380889189860998,26.389446258544922,25.275190353393555,27.0144179412652,26.86345100402832,11.982195854187012,27.2169246673584,25.462587356567383,27.23225975036621,24.79474639892578,2.433025360107422,27.182767868041992,27.860013990559622,27.046749114990234,-0.5369638204574585
1945-10-16 12:00:00,20.945890426635742,24.941938400268555,26.4628849029541,28.37694145029431,25.953773498535156,25.075414657592773,26.745508903563447,26.81740951538086,13.188647270202637,27.146135330200195,26.011009216308594,27.16297721862793,25.156496047973633,2.308924436569214,27.605276107788086,28.004841690619315,27.476505279541016,-0.29602697491645813
1945-11-16 00:00:00,21.58612632751465,24.988420486450195,25.904279708862305,28.367309457248098,24.90965461730957,23.972326278686523,26.394021294002012,26.264848709106445,15.160283088684082,26.62705421447754,26.52168083190918,26.860742568969727,25.549680709838867,1.192090630531311,27.879703521728516,28.204216162956165,27.937881469726562,-0.3730138838291168
1945-12-16 12:00:00,23.01704216003418,24.58576202392578,25.869356155395508,28.37017704468416,23.398517608642578,22.641063690185547,25.643683085130426,25.432645797729492,17.191619873046875,25.722248077392578,27.049293518066406,25.829845428466797,25.983619689941406,0.009160146117210388,27.7847843170166,28.221468723856276,28.089019775390625,-0.4284365177154541
1946-01-16 12:00:00,24.29737091064453,25.184797286987305,26.241548538208008,28.372918337554015,22.516965866088867,21.50282859802246,24.73465619634285,24.236671447753906,19.301288604736328,25.196353912353516,27.48900032043457,24.8182373046875,26.42571449279785,-0.9344367384910583,27.757946014404297,28.01114233895405,27.99100685119629,-0.6351027488708496
1946-02-15 00:00:00,26.214628219604492,26.17657470703125,26.72983169555664,28.367404123285187,21.819055557250977,20.983186721801758,24.099871067204838,23.565311431884766,19.47197151184082,24.547388076782227,27.667997360229492,24.647275924682617,27.210111618041992,-2.86908221244812,28.022293090820312,27.921842360167197,28.231204986572266,-0.597065269947052
1946-03-16 12:00:00,25.73321533203125,27.218997955322266,28.04642105102539,28.355945549022085,21.75537872314453,20.827566146850586,24.12111715639589,23.238365173339844,19.1513729095459,24.24601173400879,28.12641143798828,24.350345611572266,27.62135887145996,-3.296889543533325,28.523815155029297,28.157956475123473,28.872560501098633,-0.018275359645485878
1946-04-16 00:00:00,25.7405948638916,27.80576515197754,27.646177291870117,28.332285691099276,22.103988647460938,21.13907814025879,24.202995699720958,23.644834518432617,17.546899795532227,24.62381362915039,28.02644920349121,24.549335479736328,27.374740600585938,-3.027967691421509,29.252382278442383,28.677975476337537,29.279373168945312,0.3460187017917633
1946-05-16 12:00:00,24.27263641357422,27.228166580200195,28.06238555908203,28.320538963557215,22.937795639038086,21.686931610107422,24.874670289929526,24.122692108154297,15.323007583618164,24.987272262573242,27.548124313354492,25.314863204956055,27.11217498779297,-1.2843128442764282,29.271726608276367,28.611348390610498,28.85291290283203,0.08259444683790207
1946-06-16 00:00:00,24.339641571044922,26.94391441345215,27.725976943969727,28.310179040983314,24.169857025146484,23.020023345947266,25.374731830386718,24.613399505615234,13.19875431060791,25.827871322631836,26.706560134887695,25.663097381591797,26.153512954711914,-0.6620756387710571,27.990192413330078,28.165535497875766,27.48850440979004,-0.8137323260307312
1946-07-16 12:00:00,22.07463836669922,25.82113265991211,27.13678741455078,28.314694053381213,25.362133026123047,24.06810188293457,26.116203204676438,25.592350006103516,12.257345199584961,26.22985076904297,26.0775146484375,26.281888961791992,25.405946731567383,0.7989293336868286,27.01691436767578,27.784165824482763,27.01240348815918,-0.8452625274658203
1946-08-16 12:00:00,21.11712646484375,25.3466854095459,27.277029037475586,28.318293275897208,26.062360763549805,25.142309188842773,26.760008333124148,26.58034896850586,11.559839248657227,26.710556030273438,25.630786895751953,26.77593994140625,25.013721466064453,1.9532099962234497,26.847904205322266,27.616147577130285,26.83353042602539,-0.5906135439872742
1946-09-16 00:00:00,20.937698364257812,25.40218162536621,26.58437728881836,28.316756655240958,26.45534896850586,25.18415069580078,27.084228063548185,26.78901481628418,12.010077476501465,27.014402389526367,25.593233108520508,27.233036041259766,24.83425521850586,2.4633822441101074,27.272418975830078,27.59552388687161,27.026094436645508,-0.08544590324163437
1946-10-16 12:00:00,20.674301147460938,25.111024856567383,27.503232955932617,28.3106808403188,25.941020965576172,25.377931594848633,26.92697565827101,27.12525749206543,13.061820030212402,27.138776779174805,26.123014450073242,27.217811584472656,25.075300216674805,2.33662486076355,27.92543601989746,27.720508593025034,27.586414337158203,0.10967829078435898
1946-11-16 00:00:00,21.189590454101562,25.175790786743164,27.818775177001953,28.300835641512577,24.810134887695312,23.826101303100586,26.492372150322268,26.264848709106445,14.33316707611084,26.63325309753418,26.603206634521484,26.795204162597656,25.596242904663086,1.2389724254608154,28.2060489654541,27.83112074300869,28.238388061523438,-0.15219973027706146
1946-12-16 12:00:00,23.072765350341797,25.165210723876953,27.999971389770508,28.307100861410984,23.321584701538086,22.673324584960938,25.515579894400304,25.212093353271484,16.450334548950195,25.707216262817383,27.114038467407227,25.869356155395508,26.14589500427246,-0.34068921208381653,28.101158142089844,28.05676903044985,28.760469436645508,-0.32110247015953064
1947-01-16 12:00:00,24.642614364624023,25.764921188354492,27.432397842407227,28.320085345404475,22.74185562133789,21.499116897583008,24.36221504470341,23.85891342163086,18.866008758544922,24.45314598083496,27.383499145507812,24.826248168945312,26.704586029052734,-1.7621656656265259,27.854419708251953,28.413228048429975,28.237821578979492,-0.7036424875259399
1947-02-15 00:00:00,26.032108306884766,26.154172897338867,27.232454299926758,28.328293427630673,21.84177017211914,20.89723777770996,24.19419224161088,23.340709686279297,19.75092124938965,24.252527236938477,27.754940032958984,24.43477439880371,27.346529006958008,-2.835825204849243,28.02281951904297,29.016105824463235,28.4650936126709,-0.5236717462539673
1947-03-16 12:00:00,26.68736457824707,27.028053283691406,27.342317581176758,28.323907345590577,21.774917602539062,20.920930862426758,24.204920245129376,23.4606990814209,19.23184585571289,24.11042022705078,28.1082820892334,24.350345611572266,27.78544044494629,-3.3170175552368164,28.7353458404541,29.029050594673148,29.09688949584961,-0.1818908154964447
1947-04-16 00:00:00,25.049814224243164,27.277294158935547,27.43538475036621,28.317728504120392,22.103988647460938,21.160579681396484,24.79753647117583,23.587982177734375,17.4847354888916,24.79024314880371,27.93204689025879,24.845996856689453,27.601736068725586,-3.1225147247314453,28.91872787475586,29.36398858314473,29.31245994567871,-0.10193684697151184
1947-05-16 12:00:00,24.297082901000977,27.257665634155273,27.636940002441406,28.304240373900495,22.87484359741211,21.865467071533203,25.03206716846692,24.141292572021484,15.603062629699707,25.0473690032959,27.560304641723633,25.077533721923828,27.216266632080078,-2.024786949157715,29.411874771118164,29.339357141458322,28.81758689880371,-0.0401797741651535
1947-06-16 00:00:00,22.956920623779297,25.93021583557129,27.816823959350586,28.30351533016493,24.158771514892578,22.99834632873535,25.7683379995572,24.762418746948242,13.749955177307129,25.75143051147461,26.7691650390625,25.670520782470703,26.240175247192383,-0.5655266046524048,28.007349014282227,29.07159881778549,27.78095245361328,-0.9303274154663086
1947-07-16 12:00:00,21.563335418701172,25.618879318237305,27.01348114013672,28.326663279580178,25.158864974975586,23.69757080078125,26.395137254415967,25.567325592041016,12.355385780334473,26.215858459472656,25.948049545288086,26.332565307617188,25.57328987121582,0.7989293336868286,27.268999099731445,28.754678206582277,26.961862564086914,-1.4095157384872437
1947-08-16 12:00:00,21.218971252441406,24.747066497802734,26.29261589050293,28.350545766286153,25.78365707397461,24.695892333984375,27.05605188527325,26.541587829589844,12.01917552947998,26.679733276367188,25.87661361694336,26.900115966796875,24.67789649963379,1.9532099962234497,27.024782180786133,28.313927745036512,26.78551483154297,-1.2523531913757324
1947-09-16 00:00:00,20.556354522705078,24.731201171875,26.641557693481445,28.373989229068812,26.183399200439453,25.31553840637207,27.337085086199988,26.7828311920166,12.309309959411621,27.27704620361328,25.88094711303711,27.13583755493164,24.94342613220215,2.525458335876465,27.272418975830078,28.170592150522957,27.18888282775879,-0.25514498353004456
1947-10-16 12:00:00,20.8829345703125,24.640056610107422,26.480756759643555,28.374911294028042,25.850040435791016,24.78404998779297,27.127015686349143,27.02569580078125,13.499853134155273,27.34772300720215,26.02547264099121,27.406335830688477,24.946969985961914,2.2867472171783447,27.842504501342773,28.295832619284777,27.4514102935791,-0.29602697491645813
1947-11-16 00:00:00,21.96852684020996,25.008087158203125,26.406997680664062,28.37223254135614,24.89144515991211,23.751405715942383,26.746475755044184,26.479875564575195,15.197513580322266,26.908679962158203,26.598649978637695,26.895246505737305,25.596242904663086,1.2065730094909668,27.99127197265625,28.597597969573272,28.04409408569336,-0.27472829818725586
1947-12-16 12:00:00,22.954504013061523,24.34129524230957,26.6290283203125,28.388684963295095,23.376033782958984,22.646575927734375,26.114777867723337,25.391199111938477,17.542970657348633,25.92226219177246,27.035778045654297,26.155399322509766,26.15000343322754,-0.2753794491291046,27.86300277709961,28.495699508229233,28.044631958007812,-0.342684268951416
1948-01-16 12:00:00,24.29737091064453,25.12316131591797,26.61440658569336,28.412090958732794,22.377473831176758,21.593652725219727,25.05367112759131,24.091938018798828,19.19010353088379,24.710844039916992,27.537612915039062,24.929414749145508,26.725460052490234,-1.7384164333343506,27.690948486328125,28.24366714800181,28.13621711730957,-0.6925232410430908
1948-02-15 00:00:00,25.30861473083496,26.12653923034668,26.158451080322266,28.419691743885775,21.83176612854004,20.983186721801758,24.20979257027997,23.046966552734375,19.750743865966797,24.29186248779297,27.76666259765625,24.1798095703125,27.377344131469727,-2.8694875240325928,28.022293090820312,27.953741578569716,28.275590896606445,-0.5853400826454163
1948-03-16 12:00:00,26.98291778564453,26.66817283630371,26.858112335205078,28.398499767998146,21.867084503173828,20.910341262817383,24.19386223798646,23.48642349243164,19.5556583404541,24.393396377563477,28.0866641998291,24.24773406982422,27.609155654907227,-3.3807222843170166,28.904983520507812,28.465517945864878,29.093528747558594,-0.12339390814304352
1948-04-16 00:00:00,25.76325798034668,27.3664608001709,27.48358154296875,28.37943900050441,22.10072135925293,21.341426849365234,24.20826514761726,23.681921005249023,17.4847354888916,24.844770431518555,28.075834274291992,24.562007904052734,27.625207901000977,-2.889677047729492,29.139820098876953,28.77271963797301,29.34385871887207,0.4332527816295624
1948-05-16 12:00:00,24.323060989379883,27.035690307617188,27.555570602416992,28.368896323286194,22.774206161499023,21.875638961791992,24.73908017462852,24.122692108154297,15.394755363464355,24.74688720703125,27.324867248535156,25.14358139038086,27.029510498046875,-2.1317315101623535,29.072586059570312,29.01046034773906,28.877376556396484,0.1699071228504181
1948-06-16 00:00:00,23.189786911010742,25.968061447143555,27.965635299682617,28.361177327430262,24.09541893005371,23.01119041442871,25.40229566990281,24.73870086669922,13.225238800048828,25.52692413330078,26.68341827392578,25.66622543334961,26.287193298339844,-0.5983408093452454,28.11846351623535,28.695812617078186,27.497875213623047,-0.9242905378341675
1948-07-16 12:00:00,21.541955947875977,25.80954933166504,27.11302947998047,28.368275012058,25.162689208984375,23.756750106811523,26.14476380170207,25.566801071166992,12.081942558288574,26.207475662231445,26.273792266845703,26.227718353271484,25.442127227783203,0.766460120677948,27.295839309692383,28.20394056954313,26.6581974029541,-1.3348687887191772
1948-08-16 12:00:00,20.76243782043457,24.94034767150879,26.64666748046875,28.378439007314295,25.875185012817383,24.64183235168457,26.760274096147764,26.29684829711914,11.567047119140625,26.710556030273438,25.87661361694336,26.73512840270996,24.7762508392334,1.9550395011901855,26.847904205322266,28.007423854527776,26.755277633666992,-0.7509050965309143
1948-09-16 00:00:00,20.8719539642334,24.758769989013672,26.59224510192871,28.379983561525822,26.355043411254883,25.31553840637207,27.203313646174585,26.7828311920166,11.982195854187012,27.259065628051758,25.892702102661133,27.233036041259766,24.760456085205078,2.4943597316741943,27.234785079956055,28.018227070144142,27.04244041442871,-0.5369638204574585
1948-10-16 12:00:00,20.76137351989746,24.798826217651367,26.44288444519043,28.36431649523731,25.80035972595215,25.08692169189453,26.943110468123102,27.006837844848633,13.27242374420166,27.5030574798584,26.083005905151367,27.39776039123535,25.084468841552734,2.3812358379364014,27.852645874023438,28.193293223482776,27.4514102935791,-0.17534711956977844
1948-11-16 00:00:00,21.488187789916992,24.75190544128418,26.980363845825195,28.358517100142752,24.792675018310547,23.751405715942383,26.56048726730512,26.479875564575195,14.248127937316895,26.763256072998047,26.598649978637695,26.895246505737305,25.574050903320312,1.2358548641204834,28.034751892089844,28.243644600084107,27.840087890625,-0.20791254937648773
1948-12-16 12:00:00,22.54376983642578,25.266517639160156,26.32284927368164,28.371253287169115,23.646358489990234,22.676841735839844,25.8665231707129,25.35103416442871,17.191619873046875,25.776248931884766,27.029813766479492,25.995563507080078,26.187606811523438,-0.2753794491291046,27.967731475830078,28.170888264882713,28.22873306274414,-0.45811736583709717
1949-01-16 12:00:00,24.29737091064453,25.205429077148438,26.777111053466797,28.37161289916491,22.42986297607422,21.8284854888916,24.9149162885178,24.16122055053711,19.143857955932617,24.756078720092773,27.500709533691406,24.950796127319336,26.725460052490234,-1.8662174940109253,27.781696319580078,28.01056207917272,28.275476455688477,-0.5654029846191406
1949-02-15 00:00:00,26.00143051147461,26.40427017211914,26.488739013671875,28.35814369427225,21.86960792541504,20.91330337524414,24.697956356257972,23.527238845825195,19.63158416748047,24.318084716796875,27.725862503051758,24.27295684814453,27.033424377441406,-2.8749277591705322,28.05259895324707,28.16553638486093,28.457286834716797,-0.45699551701545715
1949-03-16 12:00:00,25.861764907836914,27.759592056274414,27.137020111083984,28.341520771178683,21.732500076293945,20.792285919189453,24.40442093790016,23.238365173339844,19.168834686279297,24.118940353393555,27.95424461364746,24.41059112548828,27.609155654907227,-3.7354366779327393,28.770557403564453,28.501103791934202,28.996383666992188,-0.02590409852564335
1949-04-16 00:00:00,25.804611206054688,27.464672088623047,27.702550888061523,28.336182550010722,22.224889755249023,20.96393394470215,24.86824289461609,23.563451766967773,17.31456756591797,24.55439567565918,27.93204689025879,24.562007904052734,27.700016021728516,-2.9739694595336914,29.327468872070312,28.962267619740917,29.42858123779297,0.4614897668361664
1949-05-16 12:00:00,24.437837600708008,27.309450149536133,28.06238555908203,28.323264528811794,23.023359298706055,21.72861099243164,25.513224261186302,23.90120506286621,15.006706237792969,24.79379653930664,27.54347801208496,24.88363265991211,26.572616577148438,-1.0075055360794067,29.04099464416504,29.071603472513868,28.836637496948242,0.0229627825319767
1949-06-16 00:00:00,23.243562698364258,26.506038665771484,27.822933197021484,28.320051917987804,24.18422508239746,22.99834632873535,25.865668921455953,24.748605728149414,13.191605567932129,25.604413986206055,26.68341827392578,25.722110748291016,26.086626052856445,-0.25494277477264404,28.08432388305664,28.67745580046317,27.65811538696289,-0.8445753455162048
1949-07-16 12:00:00,23.790340423583984,25.602432250976562,27.111642837524414,28.329524201161743,24.94086265563965,23.800851821899414,26.385033692760434,25.567325592041016,12.197397232055664,26.24156379699707,26.131511688232422,26.22705841064453,25.1711368560791,0.9413184523582458,27.22382354736328,27.974121932555406,26.993593215942383,-0.7697770595550537
1949-08-16 12:00:00,20.734619140625,25.292789459228516,27.041091918945312,28.350007488108034,25.56792449951172,24.596790313720703,27.075240070034674,26.459383010864258,11.567047119140625,26.730775833129883,25.888368606567383,26.923648834228516,24.759765625,1.9496551752090454,26.96165657043457,27.71439711232518,26.87232780456543,-0.5906135439872742
1949-09-16 00:00:00,20.518163681030273,24.944316864013672,26.523252487182617,28.360616766142954,26.355043411254883,25.325387954711914,27.64258042755561,27.053926467895508,12.010077476501465,27.287954330444336,25.613101959228516,27.249038696289062,24.689651489257812,2.448481798171997,27.450944900512695,27.4535676345553,27.16606903076172,-0.1833040416240692
1949-10-16 12:00:00,21.1873836517334,24.825040817260742,26.512645721435547,28.358420798931544,25.80035972595215,25.250289916992188,27.336670359003715,26.942712783813477,12.964118003845215,27.237062454223633,26.10800552368164,27.411970138549805,25.121549606323242,2.3879427909851074,28.06356430053711,27.621683738860852,27.77828598022461,0.3724164664745331
1949-11-16 00:00:00,21.96852684020996,24.734437942504883,26.430776596069336,28.36957894199085,24.839746475219727,23.92715835571289,26.745015259016277,26.446596145629883,14.618851661682129,26.708337783813477,26.571212768554688,26.940263748168945,25.51287269592285,1.604170799255371,28.398447036743164,27.72157654220433,28.105464935302734,0.019357483834028244
1949-12-16 12:00:00,22.54376983642578,25.27016830444336,25.56056785583496,28.39233721823567,23.463665008544922,22.646575927734375,25.929891584037243,25.319862365722656,16.757835388183594,25.832717895507812,26.99418067932129,25.975584030151367,26.127424240112305,0.0019828355871140957,28.155729293823242,27.97566294589297,28.760469436645508,-0.27509114146232605
1950-01-16 12:00:00,24.4715518951416,25.09827423095703,26.05679702758789,28.408946195964006,22.466894149780273,21.537221908569336,24.865165446991398,23.95214080810547,18.866008758544922,24.74362564086914,27.329687118530273,24.826974868774414,26.725460052490234,-1.7622624635696411,27.8566837310791,28.26476273416404,28.275476455688477,-0.7157093286514282
1950-02-15 00:00:00,25.340810775756836,26.130399703979492,26.234622955322266,28.40722231658928,21.910015106201172,20.949539184570312,24.194640296935976,23.3450984954834,19.570215225219727,24.29186248779297,27.743453979492188,24.155189514160156,27.362144470214844,-2.877311944961548,28.000797271728516,28.268643228504235,28.45575714111328,-0.597065269947052
1950-03-16 12:00:00,26.44136619567871,26.461139678955078,26.72890281677246,28.392157149985508,21.89060401916504,20.851985931396484,24.36137314791132,23.22977066040039,19.15461540222168,24.28534698486328,27.99610710144043,24.22663116455078,27.331226348876953,-3.296889543533325,28.842824935913086,28.717949896535778,29.040876388549805,-0.12339390814304352
1950-04-16 00:00:00,25.655790328979492,26.84213638305664,27.379301071166992,28.38575695848761,22.0736141204834,21.32029914855957,24.418660654975582,23.600727081298828,17.027315139770508,24.916484832763672,27.877864837646484,24.592981338500977,27.686429977416992,-2.9739694595336914,28.91872787475586,28.962801203743414,29.31245994567871,0.28399088978767395
1950-05-16 12:00:00,23.561267852783203,26.742116928100586,27.328628540039062,28.3859340496811,22.852312088012695,21.992738723754883,24.876736903342657,24.129789352416992,15.339486122131348,24.9902286529541,27.31728172302246,25.077533721923828,27.083921432495117,-1.2843128442764282,29.405811309814453,29.21606104496505,28.931154251098633,0.1699071228504181
1950-06-16 00:00:00,22.383609771728516,26.02849769592285,27.493854522705078,28.395119785926152,24.21799087524414,23.02675437927246,25.29598760773453,24.7789363861084,13.277902603149414,25.52692413330078,26.892282485961914,25.61538314819336,26.195663452148438,-0.25494277477264404,28.007349014282227,28.87458782535331,27.518827438354492,-0.8137323260307312
1950-07-16 12:00:00,21.443796157836914,25.446414947509766,27.047748565673828,28.406150573683973,25.138864517211914,24.02288246154785,25.92955736484545,25.764324188232422,12.180001258850098,26.334516525268555,25.8787784576416,26.473642349243164,25.402389526367188,1.0028058290481567,27.05962371826172,28.639903641793442,27.024913787841797,-1.3354649543762207
1950-08-16 12:00:00,20.39389419555664,24.81108856201172,26.71123695373535,28.41991320086401,26.180166244506836,25.142309188842773,26.639259527835492,26.26102066040039,12.103340148925781,26.66555404663086,25.511892318725586,26.769384384155273,24.7054443359375,1.9466238021850586,26.875015258789062,28.420093314422342,26.74523162841797,-1.158183217048645
1950-09-16 00:00:00,20.57650375366211,24.942832946777344,26.774961471557617,28.42880855546174,26.379362106323242,25.316909790039062,26.988503807942525,26.945655822753906,12.10165023803711,27.2169246673584,25.536375045776367,27.01091957092285,24.598146438598633,2.693359613418579,27.172725677490234,28.328814680386394,27.121177673339844,-0.5722436904907227
1950-10-16 12:00:00,20.744781494140625,25.1238956451416,26.71232795715332,28.431276108176178,26.306392669677734,25.182723999023438,26.744285466854294,26.81740951538086,13.053913116455078,27.151996612548828,26.19952392578125,27.217811584472656,24.988676071166992,2.335660934448242,27.599895477294922,28.455878311430983,27.501317977905273,-0.4690309762954712
1950-11-16 00:00:00,21.868709564208984,25.195863723754883,26.404054641723633,28.41860236418602,25.148681640625,24.212425231933594,26.241361067416832,26.546323776245117,15.208340644836426,26.741756439208984,26.522409439086914,26.647594451904297,25.353252410888672,1.7312626838684082,28.008989334106445,28.455007239585377,27.77580451965332,-0.371942400932312
1950-12-16 12:00:00,22.847881317138672,25.46686363220215,26.266258239746094,28.42839083994708,23.553218841552734,22.7226505279541,25.411887938663973,25.17881965637207,17.10141372680664,25.513214111328125,27.0022029876709,25.750457763671875,25.983619689941406,0.009160146117210388,27.68872833251953,28.22147843794002,28.272733688354492,-0.2428307682275772
1951-01-16 12:00:00,24.621313095092773,25.12316131591797,26.49346160888672,28.438061569475344,22.41536521911621,21.552082061767578,24.14962167273141,23.85891342163086,19.125019073486328,24.70595932006836,27.348365783691406,24.77144432067871,26.786575317382812,-1.8981740474700928,27.690948486328125,27.90469498507241,28.29132652282715,-0.662732720375061
1951-02-15 00:00:00,26.00372314453125,25.662324905395508,26.477109909057617,28.42834354068744,21.810379028320312,20.714916229248047,23.70053390267867,22.83931541442871,19.373422622680664,24.03232765197754,27.616323471069336,24.1738224029541,27.393281936645508,-3.228057861328125,27.87761116027832,27.912951151268643,28.341909408569336,-0.4582820236682892
1951-03-16 12:00:00,25.861764907836914,26.481060028076172,26.76071548461914,28.410148015288296,21.739946365356445,20.959489822387695,23.7580891863366,23.366621017456055,19.28251838684082,24.03425407409668,27.970012664794922,24.102453231811523,27.542678833007812,-3.3807222843170166,28.808368682861328,28.155557746644604,28.99854278564453,-0.12662926316261292
1951-04-16 00:00:00,25.318683624267578,27.3664608001709,27.404003143310547,28.391109866536276,22.15834617614746,21.265674591064453,24.103383688998328,23.575454711914062,17.53736686706543,24.475435256958008,27.880130767822266,24.67047119140625,27.725337982177734,-3.3667962551116943,29.252382278442383,28.723589575518282,29.647146224975586,0.41225913166999817
1951-05-16 12:00:00,24.437837600708008,27.078977584838867,27.7271785736084,28.372395888551075,23.008838653564453,21.907123565673828,24.673740571069775,24.122692108154297,15.815719604492188,25.37830352783203,27.31728172302246,25.430173873901367,27.02280616760254,-2.0946948528289795,29.603046417236328,28.902991406438815,28.884902954101562,0.08345960825681686
1951-06-16 00:00:00,25.059528350830078,26.35154914855957,27.57097816467285,28.37075943759147,24.431503295898438,22.96546745300293,25.069050463963038,24.750452041625977,13.225238800048828,25.655941009521484,26.69121742248535,25.591657638549805,26.153512954711914,-0.5327686071395874,28.007225036621094,28.678321976568494,27.575275421142578,-0.81080561876297
1951-07-16 12:00:00,21.90936279296875,25.70257568359375,27.38472557067871,28.372378717554245,25.238420486450195,24.02288246154785,25.868901754246835,25.681482315063477,11.9909029006958,26.18748664855957,26.23468589782715,26.277250289916992,25.271610260009766,0.7989293336868286,27.011198043823242,28.339540640792677,26.83675765991211,-0.9034916162490845
1951-08-16 12:00:00,20.734619140625,25.224430084228516,26.688886642456055,28.37545416055644,26.062360763549805,24.737150192260742,26.559706041172362,26.115253448486328,11.559839248657227,26.782121658325195,25.888368606567383,26.587257385253906,24.868860244750977,1.9254415035247803,27.024782180786133,28.010910517404263,26.83353042602539,-1.0896700620651245
1951-09-16 00:00:00,20.739763259887695,24.827836990356445,26.675687789916992,28.376771086021005,26.78304100036621,25.275190353393555,26.943695033555052,26.967273712158203,11.982195854187012,27.029277801513672,25.63645362854004,27.046100616455078,24.760456085205078,2.728912591934204,27.322938919067383,27.91768882400972,27.017553329467773,-0.5568046569824219
1951-10-16 12:00:00,20.966833114624023,24.780780792236328,26.44288444519043,28.3731711314549,26.214841842651367,25.15644645690918,26.635787738741246,26.76116371154785,12.964118003845215,27.090225219726562,26.20046615600586,27.195451736450195,25.084468841552734,2.3140623569488525,27.77984046936035,28.025966935037516,27.3929500579834,-0.2555534243583679
1951-11-16 00:00:00,21.387575149536133,24.781208038330078,26.590076446533203,28.360634973444043,25.253250122070312,24.238489151000977,26.21191707924764,25.981470108032227,14.618851661682129,26.44944190979004,26.65117073059082,26.57952308654785,25.522239685058594,1.2387118339538574,28.05477523803711,28.221476429672702,27.84609603881836,-0.28245213627815247
1951-12-16 12:00:00,22.833738327026367,25.468708038330078,26.42587661743164,28.364447348718592,23.587833404541016,22.512279510498047,25.517993192604724,25.432645797729492,17.0786075592041,25.707216262817383,27.121206283569336,26.020633697509766,26.187606811523438,-0.2533327043056488,27.752384185791016,28.33517819042896,28.098329544067383,-0.2428307682275772
1952-01-16 12:00:00,24.26517677307129,25.522918701171875,26.18767547607422,28.37817576355802,22.41536521911621,21.634784698486328,24.100169597421342,24.78110694885254,19.20482635498047,25.02694320678711,27.329687118530273,24.957090377807617,26.725460052490234,-1.5862213373184204,27.693565368652344,28.203344277421515,28.049270629882812,-0.5860946178436279
1952-02-15 00:00:00,25.437162399291992,26.17657470703125,26.357986450195312,28.371665697321983,21.83191680908203,20.662609100341797,23.42951732678547,23.961265563964844,19.667875289916992,24.175209045410156,27.720928192138672,24.603639602661133,27.393281936645508,-2.826106071472168,27.987218856811523,28.009894375449573,28.30694580078125,-0.5917866230010986
1952-03-16 12:00:00,26.85408592224121,27.198013305664062,27.111879348754883,28.357144788130185,21.790538787841797,20.620075225830078,23.629935183751428,23.128646850585938,18.91999626159668,23.97503662109375,27.971023559570312,24.102453231811523,27.331226348876953,-3.7354366779327393,28.92898178100586,28.3862143567293,28.99854278564453,-0.018275359645485878
1952-04-16 00:00:00,25.34765625,27.371997833251953,27.974184036254883,28.34508486510613,22.09772300720215,21.361957550048828,23.927173740997606,23.81901741027832,17.617107391357422,24.36380958557129,27.92030143737793,24.882972717285156,27.601736068725586,-3.279590606689453,29.309541702270508,28.75465707416485,29.4039306640625,0.4039381444454193
1952-05-16 12:00:00,26.015182495117188,27.55782699584961,27.99825668334961,28.335688761529095,22.87497901916504,21.8599796295166,24.67312133492563,24.174028396606445,15.493819236755371,25.081485748291016,27.54347801208496,25.430173873901367,26.891321182250977,-2.024786949157715,29.11521339416504,28.718276117829227,28.884902954101562,0.10784360021352768
1952-06-16 00:00:00,23.543548583984375,26.1837158203125,27.787841796875,28.333713885249306,24.22692108154297,23.038026809692383,25.069365076090882,25.038511276245117,13.623119354248047,25.509613037109375,26.7691650390625,25.80999183654785,26.18726921081543,-0.636827290058136,27.894189834594727,28.597636203924804,27.57236099243164,-1.0213747024536133
1952-07-16 12:00:00,21.858278274536133,25.949174880981445,27.19220733642578,28.33139892360237,25.151123046875,23.938385009765625,25.77587962754011,25.410947799682617,12.14981746673584,26.244972229003906,26.03289031982422,26.234018325805664,25.446853637695312,0.7924243807792664,27.160009384155273,28.44394671386466,26.968286514282227,-1.2709487676620483
1952-08-16 12:00:00,20.82212257385254,25.0421199798584,26.354202270507812,28.329683267109825,26.248197555541992,25.09842872619629,26.409727976247762,26.026121139526367,11.559839248657227,26.62797737121582,25.575197219848633,26.665639877319336,24.610673904418945,2.0657811164855957,26.847904205322266,28.25849900417098,26.74523162841797,-1.052369475364685
1952-09-16 00:00:00,20.518163681030273,24.884990692138672,26.932817459106445,28.3385396106143,26.782032012939453,25.68828582763672,26.665285798107007,26.628328323364258,12.3294038772583,26.999765396118164,25.593233108520508,26.992549896240234,24.94342613220215,2.4903061389923096,27.277267456054688,28.349954297726153,27.012420654296875,-0.535248339176178
1952-10-16 12:00:00,22.626386642456055,24.780780792236328,26.000539779663086,28.33550421587395,26.306392669677734,25.498916625976562,26.561820725093266,26.532644271850586,13.507023811340332,27.10103416442871,26.146469116210938,27.03289031982422,25.256546020507812,2.4778764247894287,27.75710105895996,28.350396328988687,27.3929500579834,-0.23164770007133484
1952-11-16 00:00:00,21.58612632751465,24.75190544128418,25.870349884033203,28.33042248753079,25.125242233276367,24.41482162475586,26.24764584947898,25.981470108032227,15.080300331115723,26.601816177368164,26.61464500427246,26.860742568969727,25.76238250732422,1.1133605241775513,27.860563278198242,28.41910097675724,27.84609603881836,-0.32221895456314087
1952-12-16 12:00:00,22.54376983642578,25.27338218688965,26.42587661743164,28.3353347869358,23.629281997680664,22.779766082763672,25.425344476437512,25.17881965637207,17.0786075592041,25.707216262817383,27.121206283569336,25.829845428466797,26.350589752197266,-0.28591933846473694,27.88260269165039,28.240516599129997,28.14897346496582,-0.4908269941806793
1953-01-16 12:00:00,25.351282119750977,25.205429077148438,26.18767547607422,28.353646112865537,22.556209564208984,21.558443069458008,24.2074132145307,24.22105598449707,19.143857955932617,24.574644088745117,27.4451904296875,25.174863815307617,26.773296356201172,-1.7034080028533936,27.661867141723633,27.976491202827884,28.07474708557129,-0.6260409355163574
1953-02-15 00:00:00,25.80039405822754,26.155420303344727,26.75059700012207,28.365544267249373,21.910015106201172,20.714916229248047,23.683811823393064,23.24808692932129,19.9768009185791,24.03232765197754,27.720928192138672,24.816503524780273,27.36111068725586,-2.4489314556121826,27.871366500854492,27.919416285956746,28.249727249145508,-0.5308268070220947
1953-03-16 12:00:00,25.861764907836914,26.679014205932617,27.047428131103516,28.365387584554366,21.769001007080078,20.711498260498047,23.48153337940294,23.902528762817383,19.52845001220703,24.230592727661133,27.99610710144043,24.425249099731445,27.92889976501465,-2.8492276668548584,28.664867401123047,28.16553593279938,28.90460777282715,0.021020593121647835
1953-04-16 00:00:00,24.943510055541992,27.122682571411133,27.643274307250977,28.35784690626463,22.109268188476562,21.32029914855957,23.913561399194826,23.6362361907959,17.53736686706543,24.36380958557129,28.02644920349121,25.049020767211914,27.656036376953125,-3.0034773349761963,28.91872787475586,28.860009407516724,29.217510223388672,0.11358771473169327
1953-05-16 12:00:00,23.67794418334961,27.10602569580078,27.381717681884766,28.347294125555038,22.937795639038086,21.825063705444336,24.29445836467338,24.381940841674805,15.679947853088379,25.128625869750977,27.31728172302246,25.35080909729004,27.04595947265625,-2.024786949157715,28.875070571899414,28.933560478897288,28.4023494720459,-0.14632955193519592
1953-06-16 00:00:00,23.113134384155273,26.423091888427734,27.279783248901367,28.348741591051926,24.495058059692383,23.233232498168945,24.835150598333474,24.894453048706055,13.298718452453613,25.780048370361328,26.69121742248535,25.793140411376953,26.22789764404297,-0.5648133754730225,27.98798942565918,28.67828320253345,27.53290557861328,-0.9622558355331421
1953-07-16 12:00:00,21.395347595214844,25.369400024414062,26.640121459960938,28.35418062859515,25.02484893798828,24.111190795898438,25.571829830989024,25.321874618530273,12.081942558288574,26.192623138427734,25.97665786743164,26.234018325805664,25.48320960998535,0.7924243807792664,27.011198043823242,28.252561567520086,26.673906326293945,-1.2368839979171753
1953-08-16 12:00:00,20.56123924255371,25.075397491455078,26.487699508666992,28.36738027440321,26.23863983154297,24.429046630859375,26.431341817497685,26.063636779785156,11.567047119140625,26.635438919067383,25.449989318847656,26.626693725585938,25.013721466064453,2.055568218231201,26.989826202392578,27.86854635754401,26.579608917236328,-0.8153582215309143
1953-09-16 00:00:00,20.34361457824707,24.91435432434082,26.64575958251953,28.370213600840188,26.674936294555664,25.404287338256836,26.561503443589217,26.576921463012695,12.010077476501465,27.073434829711914,25.46265411376953,26.85164451599121,24.887298583984375,2.4903061389923096,27.277267456054688,27.827256671992696,26.930824279785156,-0.16719847917556763
1953-10-16 12:00:00,20.82652473449707,24.999238967895508,26.26011085510254,28.367191972984212,26.214841842651367,25.552183151245117,26.491028169647045,26.59432601928711,12.819453239440918,27.03658676147461,25.90163230895996,26.990123748779297,25.075300216674805,2.421494245529175,27.852645874023438,27.983219340671567,27.43675422668457,-0.21725037693977356
1953-11-16 00:00:00,22.0251522064209,25.182668685913086,26.385543823242188,28.36403988692467,24.883630752563477,23.98661231994629,26.03447546339023,25.97247314453125,14.248127937316895,26.48893165588379,26.52168083190918,26.75772476196289,25.604841232299805,1.0986082553863525,28.002233505249023,28.296169649668002,27.827701568603516,-0.21154527366161346
1953-12-16 12:00:00,22.895479202270508,24.75069808959961,25.539505004882812,28.375057316934857,23.363121032714844,22.770322799682617,25.211262524089555,24.940820693969727,16.757835388183594,25.47056770324707,27.029813766479492,25.484607696533203,26.112071990966797,-0.28591933846473694,27.875022888183594,28.528830506516144,28.103986740112305,-0.28886687755584717
1954-01-16 12:00:00,24.29737091064453,25.17742156982422,26.05679702758789,28.386156732527144,22.44814682006836,21.71375274658203,24.1366278454824,24.78110694885254,18.866008758544922,25.14629364013672,27.500709533691406,24.957090377807617,26.67128562927246,-1.8417775630950928,27.815509796142578,28.27792899743747,28.13621711730957,-0.5868164300918579
1954-02-15 00:00:00,25.680557250976562,25.79889488220215,25.904354095458984,28.397433416148314,21.83191680908203,20.75403594970703,23.625244504900607,22.972379684448242,19.70340347290039,24.175209045410156,27.64438819885254,24.591093063354492,27.15584373474121,-2.8663105964660645,27.87761116027832,27.893302125231017,28.323497772216797,-0.46669867634773254
1954-03-16 12:00:00,26.98291778564453,27.119272232055664,27.10912322998047,28.382836765491035,21.790538787841797,20.711498260498047,23.623207268925803,23.902528762817383,19.52845001220703,24.230592727661133,27.95991325378418,24.21478843688965,27.522886276245117,-3.168667793273926,28.591005325317383,28.316741566792725,28.90460777282715,-0.18224777281284332
1954-04-16 00:00:00,25.34765625,27.352840423583984,27.482521057128906,28.373953945642878,22.086191177368164,20.879121780395508,23.824340331557607,24.13060760498047,17.4847354888916,24.488994598388672,27.877864837646484,24.3232364654541,27.625207901000977,-2.943356513977051,28.965787887573242,28.852991880915372,29.599246978759766,0.16150426864624023
1954-05-16 12:00:00,24.297082901000977,27.035690307617188,27.555570602416992,28.36531542199792,22.988109588623047,22.0552978515625,24.179532982695303,24.48904800415039,15.394755363464355,24.913314819335938,27.31728172302246,25.233489990234375,27.04595947265625,-2.062591791152954,28.875070571899414,29.122669226581007,27.966712951660156,0.013805922120809555
1954-06-16 00:00:00,22.713197708129883,25.983051300048828,27.3294677734375,28.360381669901912,24.228025436401367,23.087284088134766,24.82490292835893,25.31372833251953,13.623119354248047,25.780048370361328,26.892282485961914,25.651968002319336,26.277978897094727,-0.5648133754730225,27.94036865234375,28.90140274456589,27.607526779174805,-0.9407186508178711
1954-07-16 12:00:00,21.295513153076172,25.384267807006836,27.38472557067871,28.35788306501666,25.305585861206055,24.005640029907227,25.512360935321254,25.121631622314453,12.054232597351074,26.192623138427734,25.97665786743164,25.996179580688477,25.472253799438477,0.7924243807792664,27.01691436767578,28.499559549503978,27.01240348815918,-1.2709487676620483
1954-08-16 12:00:00,20.857234954833984,25.061819076538086,26.841449737548828,28.371591793163336,26.180166244506836,25.09842872619629,26.228642940387687,25.778886795043945,12.044499397277832,26.770097732543945,25.60043716430664,26.530019760131836,24.95079231262207,2.1221630573272705,26.989826202392578,28.238939973612563,26.634464263916016,-1.2303078174591064
1954-09-16 00:00:00,20.422664642333984,24.95450782775879,26.737741470336914,28.379534534915724,26.845687866210938,25.76523780822754,26.49115348770708,26.409873962402344,11.998170852661133,27.062694549560547,25.88094711303711,26.862783432006836,24.887298583984375,2.5180065631866455,27.266145706176758,28.281797663037096,27.096240997314453,-0.49975645542144775
1954-10-16 12:00:00,21.232370376586914,24.625137329101562,26.480756759643555,28.376770537250323,26.306392669677734,25.487632751464844,26.34972352935885,26.212810516357422,13.174610137939453,26.980655670166016,26.011009216308594,26.864158630371094,25.075300216674805,1.9551814794540405,27.92543601989746,28.239370771151485,27.698623657226562,-0.249516561627388
1954-11-16 00:00:00,21.420703887939453,24.777734756469727,26.406997680664062,28.374831158163403,25.125242233276367,24.268871307373047,25.9272529342792,26.013927459716797,15.080300331115723,26.49423599243164,26.52168083190918,26.56436538696289,25.560626983642578,1.1133605241775513,27.860563278198242,28.26845119996154,27.84609603881836,-0.2204209417104721
1954-12-16 12:00:00,22.821495056152344,24.34129524230957,26.111042022705078,28.384783296483718,23.513059616088867,22.88039779663086,24.901466530840324,25.060352325439453,17.0786075592041,25.450050354003906,26.998876571655273,25.60068130493164,26.150636672973633,-0.28591933846473694,27.95047950744629,28.170482137066312,28.103986740112305,-0.6002172827720642
1955-01-16 12:00:00,23.847463607788086,25.04041862487793,26.08483123779297,28.39205833497273,22.422401428222656,21.71375274658203,23.619194663636776,23.531238555908203,18.97768783569336,24.542856216430664,27.45257568359375,24.586666107177734,26.68659019470215,-1.7414566278457642,27.7746524810791,28.02769605837489,27.99100685119629,-0.6448748111724854
1955-02-15 00:00:00,25.217483520507812,25.869173049926758,25.925416946411133,28.39170045229807,21.83191680908203,20.75403594970703,23.40551421082545,23.61042594909668,19.53469467163086,24.39542007446289,27.633888244628906,24.60594940185547,27.033424377441406,-2.8747613430023193,28.117107391357422,27.92195134738288,28.323497772216797,-0.7073817849159241
1955-03-16 12:00:00,26.685983657836914,26.839801788330078,27.093374252319336,28.37697595806585,21.769001007080078,20.99920082092285,23.423798054550343,23.899974822998047,19.172008514404297,24.230592727661133,27.959415435791016,24.425249099731445,27.425804138183594,-3.450777292251587,28.7353458404541,27.96113161568021,28.86464500427246,0.2136601060628891
1955-04-16 00:00:00,25.049814224243164,27.37000274658203,27.696887969970703,28.35635833698335,22.053531646728516,21.165422439575195,24.100917755193606,23.297401428222656,17.129009246826172,24.914567947387695,27.880130767822266,24.868839263916016,27.770160675048828,-3.2575883865356445,28.965787887573242,28.566721037802935,29.27016258239746,0.3460187017917633
1955-05-16 12:00:00,24.27069664001465,27.20240592956543,27.721406936645508,28.350284354182133,23.006460189819336,21.955461502075195,24.82465652374432,24.205402374267578,15.493819236755371,24.97306251525879,27.31728172302246,25.09498405456543,26.891321182250977,-1.900713562965393,29.411874771118164,28.65138633597837,29.114887237548828,0.023379603400826454
1955-06-16 00:00:00,24.561843872070312,26.18027114868164,27.965635299682617,28.35457237532144,24.19241714477539,22.99834632873535,25.411322938926304,24.598661422729492,13.298718452453613,25.721580505371094,26.892282485961914,25.61538314819336,26.287193298339844,-0.5489994287490845,28.0197696685791,28.353607173553254,27.575275421142578,-0.809820294380188
1955-07-16 12:00:00,22.044029235839844,25.618879318237305,27.29392433166504,28.361956379423226,25.206377029418945,23.551647186279297,26.227335754740228,25.567325592041016,11.9909029006958,26.208864212036133,25.94344139099121,26.378942489624023,25.43320655822754,0.766460120677948,26.96715545654297,28.062906152121233,26.6581974029541,-1.3108216524124146
1955-08-16 12:00:00,20.95220375061035,25.075397491455078,26.29261589050293,28.371516013360807,25.858617782592773,24.64183235168457,27.083757355634276,26.37652587890625,11.559839248657227,26.730775833129883,25.50115203857422,26.99857521057129,24.7762508392334,1.898295521736145,26.893335342407227,27.821085119533304,26.634464263916016,-0.5569230318069458
1955-09-16 00:00:00,20.247419357299805,24.869352340698242,26.640695571899414,28.381115708901017,26.248292922973633,25.17219352722168,27.448156152991416,26.865854263305664,12.102516174316406,27.236106872558594,25.536375045776367,27.13583755493164,24.598146438598633,2.5699703693389893,27.352401733398438,27.648201820360647,27.026094436645508,-0.08544590324163437
1955-10-16 12:00:00,20.957889556884766,24.94634246826172,26.488920211791992,28.38496207091764,25.850170135498047,24.98206329345703,27.151377944158146,27.02569580078125,13.434350967407227,27.344619750976562,26.206472396850586,27.3620662689209,24.988676071166992,2.280951738357544,27.897369384765625,27.690918877993738,27.662033081054688,0.19458456337451935
1955-11-16 00:00:00,21.829004287719727,24.55512237548828,26.51760482788086,28.388866514193484,24.810134887695312,23.954200744628906,26.495491249841965,26.264848709106445,14.968718528747559,26.63325309753418,26.539146423339844,26.773469924926758,25.36528778076172,1.7312626838684082,27.918596267700195,27.89557648921368,28.045705795288086,-0.12603095173835754
1955-12-16 12:00:00,22.934682846069336,24.508037567138672,26.111042022705078,28.395738071813796,23.70216941833496,22.604610443115234,25.42268905245797,24.941801071166992,17.0786075592041,25.741422653198242,27.01646614074707,25.46186637878418,26.127424240112305,-0.2533327043056488,27.912118911743164,28.37301093324384,28.335596084594727,-0.5340580940246582
1956-01-16 12:00:00,23.86744499206543,25.266855239868164,26.13353157043457,28.410386536560807,22.74185562133789,21.552082061767578,24.10524311902706,24.369827270507812,19.28610610961914,24.462671279907227,27.438518524169922,25.17511749267578,26.786575317382812,-1.7190368175506592,27.778606414794922,28.27885724492295,28.000633239746094,-0.8259648084640503
1956-02-15 00:00:00,25.810930252075195,25.98450469970703,26.158451080322266,28.414296214894733,21.83191680908203,20.75403594970703,23.412648232149667,23.61042594909668,19.59064483642578,24.39542007446289,27.859088897705078,24.60594940185547,27.377344131469727,-2.719434976577759,27.950172424316406,28.109000471945475,28.53116226196289,-0.5463012456893921
1956-03-16 12:00:00,26.68736457824707,26.45586395263672,26.971670150756836,28.399215427361113,21.790538787841797,20.672382354736328,23.404081063774438,23.765247344970703,19.222545623779297,24.450803756713867,28.0153751373291,24.667356491088867,27.453645706176758,-3.450777292251587,28.59911346435547,28.02259562321947,28.87689781188965,0.021020593121647835
1956-04-16 00:00:00,24.456573486328125,27.04512596130371,27.633947372436523,28.390462899077963,22.03677749633789,21.377639770507812,23.42222135865548,23.767959594726562,17.31456756591797,24.709205627441406,27.88951873779297,24.814632415771484,27.725337982177734,-2.943356513977051,28.98450469970703,28.489766575502497,29.263755798339844,0.4146725535392761
1956-05-16 12:00:00,23.659168243408203,26.551551818847656,27.487960815429688,28.38033747579474,22.937795639038086,21.864927291870117,24.01128522643025,24.362367630004883,15.371138572692871,24.90363121032715,27.451269149780273,24.721572875976562,27.02280616760254,-2.0951457023620605,29.072586059570312,28.651107692106997,28.730907440185547,0.10784360021352768
1956-06-16 00:00:00,22.215919494628906,26.330787658691406,27.431886672973633,28.37979053556507,24.384538650512695,22.842021942138672,24.451944240484085,25.060462951660156,13.252946853637695,25.69403076171875,26.572519302368164,25.789125442504883,26.29579734802246,-0.32496243715286255,27.990192413330078,28.678422438579638,27.506563186645508,-0.9988494515419006
1956-07-16 12:00:00,21.395347595214844,25.4395809173584,26.879379272460938,28.381802077732598,25.02484893798828,23.977550506591797,25.58374787044123,25.321874618530273,12.15616512298584,26.12346649169922,26.054872512817383,25.91668128967285,25.43320655822754,0.7924243807792664,27.032636642456055,28.243633523467466,26.977128982543945,-1.4095157384872437
1956-08-16 12:00:00,20.39389419555664,25.075397491455078,26.757883071899414,28.38373715203576,26.167190551757812,25.09842872619629,26.490460786105885,26.06147575378418,11.559839248657227,26.635438919067383,25.511892318725586,26.667482376098633,24.921024322509766,1.9532099962234497,26.893484115600586,28.122183505053535,26.668903350830078,-1.1808853149414062
1956-09-16 00:00:00,20.67913818359375,24.91435432434082,26.641557693481445,28.380907474462695,26.78304100036621,25.36626625061035,26.70904324200602,26.628328323364258,12.398287773132324,26.94612693786621,25.536375045776367,26.861103057861328,24.860774993896484,2.409162759780884,27.228351593017578,28.09109931220863,26.96816635131836,-0.5722436904907227
1956-10-16 12:00:00,20.744781494140625,24.999238967895508,26.457366943359375,28.381975980026148,26.330524444580078,25.108301162719727,26.53723243934131,26.534805297851562,13.421645164489746,27.153154373168945,26.133665084838867,27.022294998168945,25.084468841552734,2.4112813472747803,27.715499877929688,28.190934530254502,27.277271270751953,-0.3012639582157135
1956-11-16 00:00:00,21.731393814086914,25.008087158203125,26.51760482788086,28.382292871724513,25.185518264770508,24.268871307373047,26.077798560430647,25.97247314453125,15.080300331115723,26.57351303100586,26.522409439086914,26.70265007019043,25.596036911010742,1.2152022123336792,27.784574508666992,28.245080000877667,27.762208938598633,-0.3484918773174286
1956-12-16 12:00:00,22.885290145874023,24.58576202392578,26.01000213623047,28.379363601055545,23.553218841552734,22.779766082763672,25.172257132791973,24.940820693969727,17.191619873046875,25.47056770324707,26.998876571655273,25.622529983520508,26.12763786315918,-0.27916622161865234,28.001962661743164,28.126311081769877,28.227174758911133,-0.4791017174720764
1957-01-16 12:00:00,24.29737091064453,25.231779098510742,26.39962387084961,28.38535595236499,22.556209564208984,21.531410217285156,23.965714597624817,24.78110694885254,19.004180908203125,24.982704162597656,27.537612915039062,25.061532974243164,26.748613357543945,-1.8417775630950928,27.757946014404297,28.05894221076349,28.069089889526367,-0.648910403251648
1957-02-15 00:00:00,25.488454818725586,26.130399703979492,25.904354095458984,28.388230387023906,21.925334930419922,21.079837799072266,23.414755475895927,23.61042594909668,19.75092124938965,24.175209045410156,27.75852394104004,24.60594940185547,27.377344131469727,-2.720184326171875,27.827510833740234,27.91246343728481,28.198759078979492,-0.6088725924491882
1957-03-16 12:00:00,26.263357162475586,27.119272232055664,27.093374252319336,28.377288258229413,21.739946365356445,20.663959503173828,23.409741400706455,23.765247344970703,19.172008514404297,24.450803756713867,28.008132934570312,24.667356491088867,27.542678833007812,-3.3170175552368164,28.411357879638672,28.170873094252354,28.58635711669922,-0.24256031215190887
1957-04-16 00:00:00,25.32573699951172,27.315532684326172,27.38920021057129,28.36492785172307,22.17366600036621,20.978906631469727,23.415630047945406,23.767959594726562,17.129009246826172,24.709205627441406,27.877864837646484,24.814632415771484,27.700016021728516,-3.194437265396118,28.616182327270508,28.85836440451965,29.24168586730957,0.31575289368629456
1957-05-16 12:00:00,24.21040916442871,26.76055145263672,27.43415069580078,28.34879026326248,22.971668243408203,21.967899322509766,23.773601366081557,24.389144897460938,15.371138572692871,24.825197219848633,27.31728172302246,24.721572875976562,27.04595947265625,-2.1005859375,28.620866775512695,28.860511960404565,28.39632225036621,0.013805922120809555
1957-06-16 00:00:00,23.543548583984375,26.506038665771484,27.2686767578125,28.34085312052811,24.463354110717773,22.911020278930664,24.372417673135306,25.067052841186523,12.986863136291504,25.456552505493164,26.68608856201172,25.789125442504883,26.277978897094727,-0.5174791216850281,27.94036865234375,28.519159311598127,27.536529541015625,-0.9748020172119141
1957-07-16 12:00:00,22.178150177001953,26.28653335571289,27.19220733642578,28.3334759342598,24.97901725769043,24.007883071899414,25.271358897880212,25.069679260253906,11.671504974365234,25.87604331970215,26.03703498840332,25.772401809692383,25.4427547454834,0.7924243807792664,27.203340530395508,27.89704807892491,27.01240348815918,-1.2857975959777832
1957-08-16 12:00:00,20.8593807220459,25.021862030029297,26.476240158081055,28.331377189232306,26.206274032592773,24.811391830444336,26.084203884856358,25.731639862060547,11.559839248657227,26.615232467651367,25.888368606567383,26.64931869506836,24.94593048095703,2.13958477973938,26.837860107421875,27.818352614419517,26.755277633666992,-0.8422480225563049
1957-09-16 00:00:00,20.663053512573242,25.209463119506836,26.699127197265625,28.33157868330507,26.66514015197754,25.691640853881836,26.379197450557967,26.254077911376953,11.982195854187012,26.890195846557617,25.88094711303711,26.721399307250977,24.931583404541016,2.581761360168457,27.182767868041992,27.805416941911446,27.063322067260742,-0.39417362213134766
1957-10-16 12:00:00,21.34893035888672,25.094120025634766,26.83274269104004,28.319623907822734,26.25960922241211,25.50227165222168,26.186256309294976,26.203813552856445,13.421645164489746,26.812660217285156,26.02547264099121,26.997385025024414,25.075300216674805,1.892504334449768,27.604869842529297,27.830799863142534,27.53714942932129,-0.09934400767087936
1957-11-16 00:00:00,21.332168579101562,25.624826431274414,26.767934799194336,28.319120408702226,25.11081886291504,23.923797607421875,25.76764171735252,25.937732696533203,15.208340644836426,26.42146110534668,26.57651138305664,26.504074096679688,25.604841232299805,0.8234961032867432,27.98357582092285,27.998886034085064,28.09064483642578,-0.1865011602640152
1957-12-16 12:00:00,23.31757926940918,25.30123519897461,26.622398376464844,28.31442545213008,23.513059616088867,22.7855224609375,25.055918231293756,24.870332717895508,17.117361068725586,25.476991653442383,27.121206283569336,25.554214477539062,26.150636672973633,-0.34068921208381653,28.21842384338379,28.296267953508647,28.313091278076172,-0.4492158591747284
1958-01-16 12:00:00,24.26517677307129,25.892507553100586,27.17316246032715,28.3206694703667,22.41536521911621,21.58487319946289,24.1259139783918,24.36164665222168,19.121339797973633,24.98658561706543,27.329687118530273,25.061532974243164,26.725460052490234,-1.7190368175506592,27.635608673095703,28.29186603417691,28.08075523376465,-0.6448748111724854
1958-02-15 00:00:00,26.197593688964844,26.356016159057617,27.497339248657227,28.319825674020077,21.925334930419922,21.04814338684082,23.836176310742744,23.24808692932129,19.885725021362305,24.019790649414062,27.720928192138672,24.52031135559082,27.033424377441406,-2.674269676208496,27.871366500854492,28.769500401903077,28.294429779052734,-0.6185993552207947
1958-03-16 12:00:00,26.452844619750977,27.14109230041504,27.61605453491211,28.314432396217594,21.739946365356445,20.959489822387695,23.83538186933974,23.15877914428711,19.286026000976562,24.03857421875,28.16764259338379,24.311626434326172,27.557737350463867,-3.3311023712158203,28.801721572875977,29.263811192024743,29.305255889892578,-0.33825623989105225
1958-04-16 00:00:00,25.688438415527344,27.47169303894043,27.411476135253906,28.304934781225374,22.03614616394043,21.31772804260254,24.20312830590535,23.509374618530273,17.31456756591797,24.297714233398438,27.913394927978516,25.049020767211914,27.442737579345703,-2.8573386669158936,29.6151123046875,29.26450108299323,29.536489486694336,0.11358771473169327
1958-05-16 12:00:00,24.60980224609375,27.257665634155273,27.76946258544922,28.299523499818775,22.852312088012695,21.950008392333984,24.931941022242015,24.169034957885742,15.697486877441406,24.97306251525879,27.5643310546875,25.150362014770508,27.02280616760254,-1.900713562965393,29.3547420501709,29.213707769961434,28.947582244873047,0.08345960825681686
1958-06-16 00:00:00,23.063762664794922,26.57619285583496,27.807554244995117,28.3004886200118,24.228025436401367,23.045730590820312,25.590590997254246,24.750452041625977,13.305598258972168,25.7738094329834,26.706560134887695,25.60585594177246,26.276479721069336,-0.5473718047142029,28.103965759277344,28.549631514538873,27.526124954223633,-0.7534788846969604
1958-07-16 12:00:00,21.62302017211914,25.60881805419922,27.19220733642578,28.321780871775072,25.151123046875,24.02288246154785,26.19893374445527,25.517541885375977,12.08849811553955,26.343366622924805,26.05274200439453,26.473642349243164,25.4427547454834,0.7608163356781006,27.31850242614746,28.169905893812643,27.253103256225586,-0.7939404845237732
1958-08-16 12:00:00,20.82212257385254,25.071556091308594,27.041091918945312,28.339054095386746,26.194311141967773,24.698062896728516,26.859978416349588,26.29684829711914,11.559839248657227,26.74728012084961,25.87661361694336,26.77593994140625,24.94593048095703,1.914315938949585,27.121540069580078,27.786037922755664,26.960792541503906,-0.5616077780723572
1958-09-16 00:00:00,20.49718475341797,24.709579467773438,26.596172332763672,28.35574078654314,26.396453857421875,25.273006439208984,27.082337178405886,26.884855270385742,11.982195854187012,27.05322265625,25.462587356567383,27.285585403442383,24.760456085205078,2.433025360107422,27.491193771362305,27.37406531597518,27.18590545654297,-0.1833040416240692
1958-10-16 12:00:00,21.013051986694336,24.935321807861328,26.4628849029541,28.360310836859313,26.01163101196289,25.05320930480957,26.94488276058498,27.033315658569336,13.141237258911133,27.099956512451172,25.90163230895996,27.405559539794922,25.156496047973633,2.279465675354004,28.048770904541016,27.202101381741983,27.88050651550293,-0.45831742882728577
1958-11-16 00:00:00,21.82461166381836,24.576446533203125,25.883216857910156,28.3665265738028,25.004316329956055,24.006990432739258,26.39481607381866,26.2241153717041,14.618851661682129,26.5943546295166,26.546104431152344,26.758054733276367,25.596036911010742,1.2065730094909668,28.37945556640625,27.646561955771222,28.20928955078125,0.6178087592124939
1958-12-16 12:00:00,22.85942268371582,24.622392654418945,26.064125061035156,28.376676823249895,23.321584701538086,22.641063690185547,25.66543683400368,25.401168823242188,17.191619873046875,25.807579040527344,27.049293518066406,26.020633697509766,26.119935989379883,-0.2753794491291046,28.158811569213867,27.84189404978868,28.280399322509766,-0.27509114146232605
1959-01-16 12:00:00,24.36228370666504,25.17742156982422,25.996850967407227,28.402625838351046,22.63266372680664,21.62030029296875,24.484394937313958,24.088245391845703,19.143857955932617,25.243511199951172,27.48900032043457,25.212007522583008,26.85687828063965,-1.7622624635696411,27.661867141723633,28.165536593161452,28.124969482421875,-0.6983638405799866
1959-02-15 00:00:00,25.326658248901367,26.036911010742188,26.21839714050293,28.413460260369668,21.827852249145508,20.983186721801758,23.931101175002762,23.24808692932129,19.55624008178711,23.986957550048828,27.729419708251953,24.816503524780273,27.212926864624023,-2.8694875240325928,27.871366500854492,28.02451208216082,28.249727249145508,-0.45045554637908936
1959-03-16 12:00:00,26.662338256835938,26.94036865234375,26.695098876953125,28.398870415969938,21.89060401916504,20.99920082092285,23.928410202227845,23.15877914428711,19.52845001220703,24.053377151489258,27.936418533325195,24.425249099731445,27.637296676635742,-3.1295881271362305,28.541488647460938,28.420127324069554,28.87689781188965,-0.27715250849723816
1959-04-16 00:00:00,24.456573486328125,26.917600631713867,27.57312774658203,28.387919747514132,22.0736141204834,21.32029914855957,24.122644930683105,23.123022079467773,17.4847354888916,24.297714233398438,27.955049514770508,24.44124984741211,27.38853645324707,-2.979409694671631,28.92641258239746,28.85025891822216,29.217510223388672,-0.03582695499062538
1959-05-16 12:00:00,23.559246063232422,26.39668083190918,27.590761184692383,28.379061450520982,22.852312088012695,21.907123565673828,24.441487171734163,24.109722137451172,15.33051586151123,24.803390502929688,27.433921813964844,25.3366756439209,26.649375915527344,-2.0946948528289795,28.835695266723633,28.933115867763753,29.050670623779297,0.05310188978910446
1959-06-16 00:00:00,22.689746856689453,26.132654190063477,27.392112731933594,28.3777318101498,24.19927215576172,22.842021942138672,25.069349101556508,25.0788631439209,13.623119354248047,25.67540740966797,26.577239990234375,25.80999183654785,26.153512954711914,-0.5327686071395874,27.877132415771484,28.85811407724365,27.562917709350586,-0.9539030194282532
1959-07-16 12:00:00,21.333499908447266,25.552541732788086,26.93730354309082,28.395431880111328,25.362133026123047,23.977550506591797,25.90424608794219,25.681482315063477,12.054232597351074,26.244972229003906,26.10841941833496,26.277250289916992,25.271610260009766,0.7989293336868286,27.218852996826172,28.44431451040558,26.968286514282227,-1.322108507156372
1959-08-16 12:00:00,20.523202896118164,25.20995330810547,26.490938186645508,28.414929585797136,26.248197555541992,25.176904678344727,26.563233165786517,26.26102066040039,11.742012023925781,26.648578643798828,25.53183937072754,26.587257385253906,24.7054443359375,1.9550395011901855,26.893484115600586,28.222050645500744,26.668903350830078,-1.1808853149414062
1959-09-16 00:00:00,20.34361457824707,24.86880111694336,27.029464721679688,28.430284327676514,26.7520809173584,25.68828582763672,26.942688868000836,26.89362335205078,12.482813835144043,27.06153678894043,25.563261032104492,27.062637329101562,24.598146438598633,2.4528346061706543,27.180627822875977,28.07094723424429,27.017864227294922,-0.5396711230278015
1959-10-16 12:00:00,20.804466247558594,25.202678680419922,26.987695693969727,28.428611799205637,26.292247772216797,25.498916625976562,26.618982612865715,26.730636596679688,13.682978630065918,27.03658676147461,25.957921981811523,27.042348861694336,25.092971801757812,2.21356201171875,27.715499877929688,28.12736971223189,27.26835060119629,-0.029981816187500954
1959-11-16 00:00:00,21.829004287719727,24.84868049621582,26.6229190826416,28.42435982675592,25.185518264770508,24.227489471435547,26.219861850487796,25.981470108032227,15.337157249450684,26.44944190979004,26.613679885864258,26.640050888061523,25.51287269592285,1.2065730094909668,27.7846736907959,28.119634306429003,27.828886032104492,-0.3492237627506256
1959-12-16 12:00:00,22.56650161743164,25.133445739746094,26.266258239746094,28.429872337218672,23.363121032714844,22.578596115112305,25.401012273814324,25.125213623046875,17.081737518310547,25.400951385498047,27.22197914123535,25.545530319213867,26.127424240112305,-0.2533327043056488,27.795700073242188,28.092669976720302,28.195703506469727,-0.7391663789749146
1960-01-16 12:00:00,24.381183624267578,25.04041862487793,26.585416793823242,28.430365168523807,22.41536521911621,21.6209774017334,24.31024712069468,24.222415924072266,19.434040069580078,24.591564178466797,27.333574295043945,25.212007522583008,26.786575317382812,-1.8662174940109253,27.741289138793945,28.153755259769984,28.29132652282715,-0.6111434102058411
1960-02-15 00:00:00,25.742826461791992,25.84442710876465,26.619083404541016,28.419681123451117,21.810379028320312,20.714916229248047,23.64207921390573,22.83931541442871,19.615787506103516,24.03232765197754,27.74444580078125,24.1738224029541,27.377344131469727,-2.9527857303619385,27.992128372192383,27.83742490672634,28.40792465209961,-0.6185993552207947
1960-03-16 12:00:00,26.886938095092773,26.481060028076172,26.315771102905273,28.40233717563183,21.790538787841797,20.620075225830078,23.742833206349104,23.12242317199707,19.42611312866211,24.03857421875,27.936418533325195,24.52882957458496,27.331226348876953,-3.3807222843170166,28.451210021972656,28.1221697628386,28.843355178833008,-0.12519137561321259
1960-04-16 00:00:00,25.7405948638916,27.352840423583984,27.57221031188965,28.390878006586583,22.17366600036621,21.377639770507812,24.041503086163438,23.81901741027832,17.63090705871582,24.36380958557129,27.887609481811523,24.766490936279297,27.579240798950195,-2.72273588180542,28.928836822509766,28.90403419434441,29.27016258239746,0.21563953161239624
1960-05-16 12:00:00,24.35095977783203,27.078977584838867,27.39482307434082,28.37955516255701,22.903547286987305,21.923410415649414,24.37238282268995,24.169034957885742,15.695747375488281,25.128625869750977,27.48438262939453,24.97902488708496,27.02280616760254,-2.1317315101623535,28.620866775512695,29.118606492678047,28.39447784423828,-0.24737314879894257
1960-06-16 00:00:00,22.836824417114258,25.983051300048828,27.00480079650879,28.37105930071615,24.169857025146484,22.842021942138672,24.95531325441217,25.038511276245117,13.277902603149414,25.655941009521484,26.63873291015625,25.839717864990234,26.153512954711914,-0.5503128170967102,27.87769889831543,29.030167989504925,27.474863052368164,-1.0170824527740479
1960-07-16 12:00:00,21.629796981811523,25.358522415161133,27.29392433166504,28.376438289587284,25.301856994628906,24.033388137817383,25.723935933882306,25.602252960205078,12.340895652770996,26.171180725097656,25.94344139099121,26.277250289916992,25.139616012573242,0.8053911328315735,27.042804718017578,28.597661108698308,26.977128982543945,-1.4648504257202148
1960-08-16 12:00:00,20.844181060791016,24.747066497802734,26.79488182067871,28.388480521636755,26.062360763549805,25.095073699951172,26.441586182963643,26.063636779785156,11.948559761047363,26.62797737121582,25.449922561645508,26.635358810424805,24.564119338989258,1.8711878061294556,26.845760345458984,28.312557363737962,26.74523162841797,-1.1108797788619995
1960-09-16 00:00:00,20.518163681030273,24.95547103881836,26.641557693481445,28.389464159434084,26.66053009033203,25.68828582763672,26.873751146450804,26.967273712158203,12.230652809143066,27.03025245666504,25.462587356567383,27.062637329101562,24.598146438598633,2.4528346061706543,27.22292709350586,28.29103623461709,27.121177673339844,-0.6333768367767334
1960-10-16 12:00:00,21.373287200927734,25.04851722717285,26.589189529418945,28.39131399716466,26.292247772216797,25.498916625976562,26.71462736879093,26.76116371154785,13.499853134155273,27.120712280273438,26.011009216308594,27.16297721862793,25.010257720947266,2.21356201171875,27.842504501342773,28.34271759248171,27.481266021728516,-0.2843017578125
1960-11-16 00:00:00,21.96852684020996,24.988420486450195,26.406997680664062,28.385995197787448,25.24650001525879,23.860794067382812,26.35333118347574,25.981470108032227,15.080300331115723,26.741756439208984,26.590503692626953,26.860742568969727,25.54863739013672,1.2065730094909668,28.045103073120117,28.531575621053292,28.047412872314453,-0.328665554523468
1960-12-16 12:00:00,22.96600914001465,24.491458892822266,26.111042022705078,28.391155576850604,23.23267936706543,22.712154388427734,25.263156546854812,25.083003997802734,17.0786075592041,25.476991653442383,27.053329467773438,25.622529983520508,26.187606811523438,-0.3245011866092682,27.7847843170166,28.2715169717805,28.044631958007812,-0.28886687755584717
1961-01-16 12:00:00,24.413257598876953,25.503055572509766,26.08483123779297,28.402039971191133,22.462064743041992,21.682058334350586,24.207621279439877,24.266584396362305,19.136693954467773,24.74529457092285,27.46992301940918,24.757732391357422,26.64905548095703,-1.8417775630950928,27.757946014404297,28.035022943676744,27.99100685119629,-0.6448748111724854
1961-02-15 00:00:00,26.197593688964844,25.976743698120117,26.399932861328125,28.392755843371006,21.83191680908203,20.662609100341797,23.69215470444563,23.24808692932129,19.9768009185791,24.03232765197754,27.631263732910156,24.816503524780273,27.2813663482666,-2.815229892730713,27.92251968383789,27.86269010380891,28.489479064941406,-0.597065269947052
1961-03-16 12:00:00,26.452844619750977,26.66817283630371,27.047428131103516,28.369224900016476,21.790538787841797,20.711498260498047,23.509097215630025,23.902528762817383,19.23184585571289,24.230592727661133,27.954849243164062,24.496030807495117,27.605831146240234,-3.252310037612915,28.409971237182617,27.94580308350188,28.810714721679688,-0.018275359645485878
1961-04-16 00:00:00,24.924367904663086,27.207902908325195,27.696887969970703,28.35405457280709,22.065832138061523,20.879121780395508,23.706198395244122,24.058349609375,17.26576805114746,24.352306365966797,27.881948471069336,24.905542373657227,27.442737579345703,-2.8811845779418945,28.710453033447266,28.42394971653553,29.488910675048828,0.07837929576635361
1961-05-16 12:00:00,24.34197998046875,27.376388549804688,27.43415069580078,28.340008026684526,22.774206161499023,21.864927291870117,24.258970137533602,24.491701126098633,15.679947853088379,24.820981979370117,27.331058502197266,24.881349563598633,27.065380096435547,-1.8902803659439087,28.865829467773438,28.87010121437908,28.485570907592773,0.05310188978910446
1961-06-16 00:00:00,23.26312828063965,26.1837158203125,27.82477378845215,28.335220363692695,24.26088523864746,23.087284088134766,25.020996285036684,25.084941864013672,13.225238800048828,25.745948791503906,26.68341827392578,25.763700485229492,26.32761001586914,-0.5327686071395874,27.723922729492188,28.574655639035395,27.667980194091797,-0.9622558355331421
1961-07-16 12:00:00,21.858278274536133,25.847951889038086,27.19220733642578,28.334388550303014,25.305585861206055,24.127941131591797,25.914883652931334,25.517541885375977,11.86377239227295,26.22985076904297,26.08384132385254,26.3321533203125,25.43320655822754,0.7989293336868286,27.069454193115234,28.249336840209995,26.721973419189453,-1.2921836376190186
1961-08-16 12:00:00,21.037128448486328,25.12864875793457,27.299327850341797,28.326897504461165,26.062360763549805,25.15568733215332,26.719835757713813,26.58034896850586,11.567047119140625,26.710556030273438,25.575197219848633,26.763822555541992,24.94593048095703,1.9070345163345337,26.847904205322266,28.001639582198727,26.83353042602539,-1.0150154829025269
1961-09-16 00:00:00,20.663053512573242,24.767112731933594,26.600814819335938,28.329357771842297,26.782032012939453,25.3759765625,27.071695371542567,26.82889747619629,12.010077476501465,27.03449058532715,25.63986587524414,27.188766479492188,24.845487594604492,2.728912591934204,27.359647750854492,27.84466654245099,26.99954605102539,-0.606092095375061
1961-10-16 12:00:00,22.006759643554688,25.071922302246094,26.971628189086914,28.317191823806468,26.174442291259766,25.552183151245117,26.69415616594026,26.81740951538086,13.061820030212402,27.090225219726562,26.20046615600586,27.16297721862793,25.054948806762695,2.400379180908203,27.715883255004883,28.011955171426457,27.59015464782715,-0.249516561627388
1961-11-16 00:00:00,21.521535873413086,25.179044723510742,26.37761688232422,28.32070993295131,25.253250122070312,24.220745086669922,26.241511961389964,26.147668838500977,15.173530578613281,26.66394805908203,26.61464500427246,26.764734268188477,25.567277908325195,1.2152022123336792,28.038311004638672,28.28177456333039,27.95830535888672,-0.20791254937648773
1961-12-16 12:00:00,22.686983108520508,25.59190559387207,27.096729278564453,28.32082972587492,23.292625427246094,22.578596115112305,25.420636185312222,24.941801071166992,17.0786075592041,25.400951385498047,27.270483016967773,25.545530319213867,26.150636672973633,-0.34109100699424744,27.987232208251953,28.35020217530236,28.262826919555664,-0.6002172827720642
1962-01-16 12:00:00,24.33464813232422,25.44624900817871,27.17316246032715,28.320578822212124,22.41536521911621,21.549110412597656,24.40844839875843,24.094087600708008,18.994646072387695,24.57430076599121,27.491270065307617,24.757732391357422,26.748613357543945,-1.7186036109924316,27.714981079101562,28.221397858835456,28.197935104370117,-0.5035147070884705
1962-02-15 00:00:00,26.45648956298828,26.613801956176758,27.166982650756836,28.32502770554385,21.925334930419922,21.079837799072266,24.181780341360653,22.83931541442871,19.59064483642578,24.547388076782227,27.754222869873047,24.069076538085938,27.274442672729492,-2.835825204849243,27.98111343383789,28.328847470537774,28.437259674072266,-0.5818272829055786
1962-03-16 12:00:00,26.393775939941406,26.75640296936035,26.457319259643555,28.31702328099412,21.739946365356445,20.88563346862793,24.690022785957176,23.236875534057617,19.185028076171875,23.9958553314209,28.0697021484375,24.22663116455078,27.842025756835938,-3.5682973861694336,28.818435668945312,28.96074805141461,29.093528747558594,-0.31595662236213684
1962-04-16 00:00:00,25.67299461364746,27.320314407348633,27.526485443115234,28.302312171139036,22.0919246673584,21.263614654541016,24.425186818440483,23.644834518432617,17.03228759765625,24.471050262451172,28.306854248046875,24.428937911987305,27.858400344848633,-2.943356513977051,29.6151123046875,29.024010316728507,29.536489486694336,0.4146725535392761
1962-05-16 12:00:00,24.6400146484375,27.000823974609375,27.59420394897461,28.290036225215697,22.903547286987305,22.196388244628906,25.029081423151933,24.205402374267578,15.006706237792969,25.146276473999023,27.708616256713867,25.387060165405273,27.23231315612793,-2.024786949157715,29.556291580200195,28.651785189879643,29.097753524780273,-0.22644609212875366
1962-06-16 00:00:00,22.83184242248535,26.943138122558594,27.55400848388672,28.285323930362086,24.343835830688477,23.04044532775879,25.673668733191157,24.61269187927246,13.001143455505371,25.714967727661133,26.74280548095703,25.61538314819336,26.22842025756836,-0.5792609453201294,28.103965759277344,27.831077257945527,27.518827438354492,-1.279147744178772
1962-07-16 12:00:00,22.06329917907715,25.732650756835938,26.80957794189453,28.29695205060807,25.143508911132812,23.714580535888672,26.356722605822206,25.554927825927734,12.212885856628418,26.206520080566406,26.041685104370117,26.272693634033203,25.57328987121582,0.7608163356781006,27.373607635498047,27.631247754270937,26.996902465820312,-1.1974573135375977
1962-08-16 12:00:00,20.849449157714844,25.3466854095459,26.683462142944336,28.303837490483897,25.91790199279785,24.466035842895508,27.083548800030485,26.459383010864258,11.559839248657227,26.89213752746582,25.64459800720215,26.980417251586914,24.705041885375977,1.9532099962234497,27.178714752197266,27.232251205274807,26.83708953857422,-0.887785792350769
1962-09-16 00:00:00,21.01582908630371,25.090328216552734,26.664447784423828,28.307960512108686,26.210189819335938,25.441999435424805,27.460417692640807,26.865854263305664,12.102516174316406,27.204883575439453,25.670223236083984,27.22040367126465,25.003507614135742,2.432462215423584,27.450944900512695,26.711166152767973,27.16006088256836,-0.41137969493865967
1962-10-16 12:00:00,20.450931549072266,25.04747772216797,27.171836853027344,28.308771365976774,25.962610244750977,24.985361099243164,27.108235840286792,27.004291534423828,13.174610137939453,27.34772300720215,26.102388381958008,27.37109375,25.256546020507812,2.3140623569488525,28.06356430053711,27.145624296822337,27.820003509521484,0.07475708425045013
1962-11-16 00:00:00,21.426136016845703,24.443403244018555,26.457355499267578,28.293756725384743,24.89144515991211,23.92715835571289,26.57303914696705,26.264848709106445,15.108895301818848,26.723426818847656,26.603206634521484,26.78073501586914,25.604841232299805,1.2387118339538574,28.266651153564453,27.518427936449648,28.008268356323242,-0.25129005312919617
1962-12-16 12:00:00,22.351661682128906,24.8125,25.60238265991211,28.293222379004032,23.463665008544922,22.646575927734375,25.929792052863636,25.401168823242188,17.0786075592041,25.832717895507812,27.096982955932617,26.020633697509766,26.146617889404297,-0.2762777805328369,28.07963752746582,27.789192091864358,28.49125099182129,-0.1724119335412979
1963-01-16 12:00:00,24.33464813232422,25.099885940551758,25.924776077270508,28.297253013959736,22.51534652709961,21.587909698486328,24.885206473881226,24.399673461914062,19.125019073486328,24.74362564086914,27.5434627532959,25.174863815307617,26.725460052490234,-1.9823741912841797,28.05097198486328,28.2214941854326,28.418195724487305,-0.307953417301178
1963-02-15 00:00:00,25.437162399291992,26.30522346496582,27.348482131958008,28.313285319053257,22.188337326049805,20.95861053466797,24.499142886785656,23.046966552734375,19.667875289916992,24.259796142578125,27.820049285888672,24.30660057067871,27.41652488708496,-2.7478067874908447,28.0555362701416,28.694423923133883,28.758663177490234,-0.5908359289169312
1963-03-16 12:00:00,25.861764907836914,26.966581344604492,26.891965866088867,28.321520362821886,21.732500076293945,20.850862503051758,25.02939802890113,23.21060562133789,19.172008514404297,24.163528442382812,28.164588928222656,24.291467666625977,27.609155654907227,-3.287759780883789,28.627941131591797,29.182183432974814,28.939516067504883,-0.11110804229974747
1963-04-16 00:00:00,25.021753311157227,27.277294158935547,27.825469970703125,28.327297959159573,22.224889755249023,21.377708435058594,25.386342680432385,23.474367141723633,17.10408592224121,24.472719192504883,28.038976669311523,24.68746566772461,27.69614601135254,-3.036513328552246,29.6151123046875,29.285375255716705,29.544282913208008,0.11358771473169327
1963-05-16 12:00:00,24.298791885375977,27.38589859008789,27.687389373779297,28.3247925450187,22.87484359741211,21.865467071533203,25.649820957692544,23.90120506286621,15.33051586151123,24.986343383789062,27.66732406616211,24.99309539794922,26.995561599731445,-1.88667893409729,29.45048713684082,29.37781477549834,28.916521072387695,0.13027682900428772
1963-06-16 00:00:00,22.214277267456055,26.36962890625,27.357526779174805,28.33095652538863,24.13512420654297,22.99834632873535,26.027167203632516,24.76235008239746,12.842241287231445,25.662395477294922,26.68341827392578,25.72298240661621,26.275117874145508,-0.5489994287490845,28.163570404052734,28.962880643471703,27.521286010742188,-0.8137323260307312
1963-07-16 12:00:00,21.70716667175293,25.468914031982422,26.968854904174805,28.372956797447944,25.158864974975586,23.800851821899414,26.491271531651932,25.839792251586914,12.501534461975098,26.215858459472656,25.94344139099121,26.332717895507812,25.472253799438477,0.8291370868682861,26.96715545654297,28.39106855438547,26.959617614746094,-1.6129231452941895
1963-08-16 12:00:00,20.45574188232422,24.945606231689453,26.68809700012207,28.41480089957563,25.932519912719727,24.53693962097168,27.248279527383183,26.358537673950195,11.567047119140625,26.89213752746582,25.511892318725586,26.864421844482422,24.921024322509766,1.9550395011901855,27.024782180786133,28.169763478743576,26.579608917236328,-1.0101391077041626
1963-09-16 00:00:00,20.34361457824707,24.86880111694336,27.029464721679688,28.442089429683822,26.30459213256836,25.13742446899414,27.77304548200327,27.029449462890625,12.010077476501465,27.242820739746094,25.563261032104492,27.257282257080078,24.760456085205078,2.693359613418579,27.322938919067383,28.103421102143688,27.039623260498047,-0.49975645542144775
1963-10-16 12:00:00,20.467954635620117,25.00597381591797,27.400287628173828,28.46309448168917,25.785348892211914,24.991775512695312,27.150427071684657,27.040666580200195,13.318406105041504,27.344619750976562,25.86894416809082,27.32143783569336,25.121549606323242,2.344076633453369,27.59883689880371,28.203394313130893,27.5736083984375,-0.2843017578125
1963-11-16 00:00:00,21.923805236816406,25.27620506286621,27.508089065551758,28.467089524080336,25.125242233276367,24.26551628112793,26.440490279835828,26.2241153717041,14.65615177154541,26.5943546295166,26.499584197998047,26.758054733276367,25.51287269592285,1.2547677755355835,27.974994659423828,28.34952019794471,27.882089614868164,-0.328665554523468
1963-12-16 12:00:00,22.847881317138672,25.480228424072266,27.3316707611084,28.473026748898608,23.550395965576172,22.7855224609375,25.59175623603802,25.17881965637207,17.0786075592041,25.785402297973633,26.940237045288086,25.715713500976562,25.9480037689209,0.0019828355871140957,27.88260269165039,28.262060706365624,28.16704559326172,-0.48554831743240356
1964-01-16 12:00:00,24.173437118530273,25.777088165283203,26.977136611938477,28.48345406380553,22.713638305664062,21.54909896850586,24.423095523243756,24.10381507873535,19.19010353088379,24.454809188842773,27.234519958496094,25.212007522583008,26.467832565307617,-0.9344367384910583,27.693565368652344,27.975584113163347,28.025819778442383,-0.7324418425559998
1964-02-15 00:00:00,25.771799087524414,25.892974853515625,26.584333419799805,28.47202515419013,21.78132438659668,20.933073043823242,24.07535290349665,23.346540451049805,19.59064483642578,24.04498863220215,27.64832878112793,24.43477439880371,27.210111618041992,-2.7367632389068604,27.92251968383789,28.02272271381993,28.338184356689453,-0.41209617257118225
1964-03-16 12:00:00,25.861764907836914,26.498615264892578,27.01309585571289,28.455166850172986,21.790538787841797,20.620075225830078,24.099793176388058,23.356090545654297,18.802358627319336,24.06409454345703,27.791656494140625,24.24773406982422,27.309234619140625,-3.13474702835083,28.412607192993164,28.170418735440197,28.643333435058594,-0.27715250849723816
1964-04-16 00:00:00,24.970714569091797,26.976673126220703,27.117895126342773,28.424812242186697,22.10772705078125,21.361957550048828,24.42508135267701,23.68457794189453,17.129009246826172,24.357986450195312,27.72870635986328,24.797760009765625,27.441133499145508,-2.9795215129852295,28.670372009277344,28.51899901841857,28.8111572265625,0.21563953161239624
1964-05-16 12:00:00,24.246706008911133,26.7760066986084,27.606475830078125,28.411539529358272,22.852312088012695,21.992738723754883,25.02127383019052,24.025390625,14.965508460998535,25.070911407470703,27.270919799804688,25.102937698364258,26.58376121520996,-1.2184951305389404,28.536447525024414,28.96131679033443,27.968399047851562,-0.4979389011859894
1964-06-16 00:00:00,22.584781646728516,26.35853385925293,27.210012435913086,28.410969539342794,24.048337936401367,23.02675437927246,25.477536527344984,24.762418746948242,13.191605567932129,25.721580505371094,26.568086624145508,25.66950798034668,26.195663452148438,-0.25867676734924316,27.667278289794922,28.639888963291998,27.356510162353516,-0.9790980815887451
1964-07-16 12:00:00,22.044029235839844,25.326446533203125,27.042051315307617,28.417404329099288,25.16868782043457,24.02288246154785,26.244037456873876,25.567325592041016,11.671504974365234,26.417062759399414,25.87696647644043,26.323375701904297,25.402389526367188,0.7643281817436218,27.03525733947754,28.221557007537953,26.884170532226562,-1.322108507156372
1964-08-16 12:00:00,20.9252986907959,25.075397491455078,26.527002334594727,28.423598007424996,26.102760314941406,25.142309188842773,26.918938242968053,26.461929321289062,11.567047119140625,26.710556030273438,25.53183937072754,26.73512840270996,24.599889755249023,1.9031336307525635,26.893484115600586,27.892696828111966,26.668903350830078,-1.2303078174591064
1964-09-16 00:00:00,20.953718185424805,24.869352340698242,26.820465087890625,28.428176796395086,26.389446258544922,25.317974090576172,27.345677442971876,26.865854263305664,12.010077476501465,27.014402389526367,25.563261032104492,27.155887603759766,24.598146438598633,2.448481798171997,27.172725677490234,27.844050239398953,27.121177673339844,-0.5316851735115051
1964-10-16 12:00:00,21.232370376586914,24.931747436523438,26.480756759643555,28.41003124465554,26.17935562133789,25.075414657592773,27.056015110526722,27.02569580078125,13.067761421203613,27.124950408935547,25.957921981811523,27.496219635009766,24.988676071166992,2.2547760009765625,27.497894287109375,27.946349442647797,27.26835060119629,-0.2592739760875702
1964-11-16 00:00:00,21.58612632751465,24.38838005065918,26.375444412231445,28.412211456008556,25.166385650634766,24.369930267333984,26.424991931152256,26.264848709106445,14.968718528747559,26.601816177368164,26.566009521484375,26.773469924926758,25.549053192138672,1.3032772541046143,27.912242889404297,28.255964937139087,27.888391494750977,-0.32221895456314087
1964-12-16 12:00:00,22.54376983642578,24.566858291625977,26.6290283203125,28.423454515514095,23.26342010498047,22.72620391845703,25.08249932549234,25.064525604248047,17.19000244140625,25.441741943359375,27.0022029876709,25.610248565673828,26.138137817382812,-0.27916622161865234,27.7907772064209,28.32392388387109,28.187257766723633,-0.4345490634441376
1965-01-16 12:00:00,24.331117630004883,25.184797286987305,25.996850967407227,28.430212130736955,22.462064743041992,21.71375274658203,23.71020198608456,24.485612869262695,19.136693954467773,24.59638023376465,27.36328125,24.586666107177734,26.42571449279785,-1.6267904043197632,27.741289138793945,27.95672550349076,28.203258514404297,-0.5834107995033264
1965-02-15 00:00:00,25.294464111328125,26.359586715698242,26.14226722717285,28.431066915336224,21.83191680908203,20.75403594970703,23.392502236244624,23.61042594909668,19.70340347290039,24.39542007446289,27.662960052490234,24.60594940185547,27.210111618041992,-2.872225046157837,27.992128372192383,27.837086298179937,28.40792465209961,-0.7744497060775757
1965-03-16 12:00:00,26.261568069458008,26.839801788330078,27.051769256591797,28.417093082277642,21.790538787841797,20.711498260498047,23.399682579400277,23.765247344970703,19.172008514404297,24.450803756713867,27.789031982421875,24.667356491088867,27.317955017089844,-3.4016871452331543,28.35974884033203,28.049795943860637,28.672395706176758,-0.11110804229974747
1965-04-16 00:00:00,25.018648147583008,27.19305992126465,27.728782653808594,28.401415322521295,22.088912963867188,20.978906631469727,23.40791257472559,23.767959594726562,17.4847354888916,24.709205627441406,27.909687042236328,24.814632415771484,27.417022705078125,-3.2190065383911133,28.710453033447266,28.851972681465107,29.17281723022461,0.05257426202297211
1965-05-16 12:00:00,24.258384704589844,26.623821258544922,27.709327697753906,28.387345471451745,23.02538299560547,22.03072166442871,23.623785792331688,24.04082679748535,15.747597694396973,25.027385711669922,27.24869155883789,25.178882598876953,26.58184242248535,-1.900713562965393,28.515674591064453,28.8998955737221,28.278417587280273,-0.24737314879894257
1965-06-16 00:00:00,22.584781646728516,26.330787658691406,27.431886672973633,28.376875811210326,24.047468185424805,23.04119300842285,24.208965624263225,24.946035385131836,13.277902603149414,25.757347106933594,26.566484451293945,25.41272735595703,26.086626052856445,-0.5792609453201294,27.870506286621094,28.644922938708337,27.60099220275879,-0.883578896522522
1965-07-16 12:00:00,22.092485427856445,25.618879318237305,26.921600341796875,28.38208730995613,25.02484893798828,24.037172317504883,25.354823352152305,25.191261291503906,12.300649642944336,25.9783935546875,26.054872512817383,25.84173011779785,25.407251358032227,0.7608163356781006,27.06257438659668,28.294185091199893,26.884170532226562,-1.4648504257202148
1965-08-16 12:00:00,20.844701766967773,25.030548095703125,26.60630989074707,28.39079554813433,26.18951416015625,24.81813621520996,26.248011989680826,25.786108016967773,11.869142532348633,26.4902400970459,25.511892318725586,26.75154685974121,24.7054443359375,1.8336690664291382,26.893484115600586,28.07504913510581,26.668903350830078,-1.153804063796997
1965-09-16 00:00:00,20.422664642333984,24.91435432434082,26.820465087890625,28.403224240566324,26.62013053894043,25.68828582763672,26.635051111521246,26.611021041870117,12.230547904968262,27.062694549560547,25.536375045776367,27.014205932617188,24.598146438598633,2.4528346061706543,27.228351593017578,28.02852886074503,26.96816635131836,-0.6333768367767334
1965-10-16 12:00:00,20.744781494140625,24.98702621459961,26.610410690307617,28.402177437748385,26.214841842651367,25.565561294555664,26.491079642090018,26.59432601928711,13.542320251464844,27.153154373168945,26.19952392578125,26.990123748779297,24.783321380615234,2.344076633453369,27.592361450195312,28.01092377151918,27.435611724853516,-0.6801638007164001
1965-11-16 00:00:00,21.731393814086914,24.767045974731445,26.391679763793945,28.402986518866932,25.166385650634766,24.220745086669922,26.14213580475727,25.97247314453125,15.4630708694458,26.471817016601562,26.522409439086914,26.679359436035156,25.36528778076172,1.192090630531311,27.822917938232422,28.074898230566873,27.478506088256836,-0.2642388641834259
1965-12-16 12:00:00,22.56650161743164,25.133445739746094,26.332773208618164,28.404630562449817,23.49150848388672,22.578596115112305,25.069754645919065,24.831369400024414,17.74142837524414,25.476991653442383,26.998876571655273,25.554214477539062,25.954654693603516,-0.03640899062156677,27.777341842651367,28.044040328751326,28.077983856201172,-0.4908269941806793
1966-01-16 12:00:00,24.26517677307129,25.481321334838867,26.1916446685791,28.401956219897862,22.422401428222656,21.682058334350586,23.92101280943262,23.54588508605957,19.56020736694336,24.580739974975586,27.31134605407715,25.2614803314209,26.443864822387695,-1.8564794063568115,27.757946014404297,27.836249095655184,28.045021057128906,-0.6260409355163574
1966-02-15 00:00:00,25.437162399291992,26.07866859436035,26.21839714050293,28.391978516853907,21.83191680908203,20.75403594970703,23.415186370607287,23.61042594909668,19.954002380371094,24.39542007446289,27.633888244628906,24.173582077026367,27.210111618041992,-2.8694875240325928,27.871366500854492,27.844325183847523,28.312503814697266,-0.4004208445549011
1966-03-16 12:00:00,26.131671905517578,26.687395095825195,26.862865447998047,28.38044463789891,21.790538787841797,20.711498260498047,23.419103856170594,22.9576473236084,19.15461540222168,24.450803756713867,27.96102523803711,24.156177520751953,27.383201599121094,-3.287759780883789,28.62847328186035,28.011007209549543,28.821081161499023,0.01616399735212326
1966-04-16 00:00:00,25.054616928100586,27.850936889648438,27.4368896484375,28.36138150133992,22.09772300720215,21.383846282958984,23.63294744998418,24.103830337524414,17.26576805114746,24.376346588134766,27.966035842895508,24.64006233215332,27.476211547851562,-2.9739694595336914,28.91872787475586,28.840592544640142,29.499317169189453,0.11358771473169327
1966-05-16 12:00:00,24.616260528564453,27.052021026611328,27.41228675842285,28.34951531803393,22.885581970214844,22.196388244628906,24.194714891329106,24.366113662719727,15.697486877441406,25.036190032958984,27.616764068603516,25.35080909729004,26.57669448852539,-1.8874030113220215,28.82801055908203,28.93165911444862,28.40940284729004,0.12145310640335083
1966-06-16 00:00:00,23.122766494750977,26.17461585998535,27.581104278564453,28.34530048372342,24.265548706054688,23.02675437927246,24.915162677997778,25.08338165283203,13.305598258972168,25.68183135986328,26.69121742248535,25.94784164428711,26.136106491088867,-0.5327686071395874,27.894189834594727,28.686409948520165,27.607526779174805,-0.896226167678833
1966-07-16 12:00:00,23.790340423583984,25.955385208129883,26.882448196411133,28.342618544941825,25.32529640197754,24.168832778930664,25.7781776277256,25.681482315063477,12.300649642944336,26.18748664855957,26.23468589782715,26.277250289916992,25.25957489013672,0.8112351894378662,27.203340530395508,28.257889680715124,27.01240348815918,-1.548348307609558
1966-08-16 12:00:00,20.82160758972168,25.292789459228516,27.041091918945312,28.349026936553006,26.218442916870117,24.787813186645508,26.562140659335974,26.26102066040039,11.998536109924316,26.782121658325195,25.60043716430664,26.59654998779297,24.7762508392334,1.8336690664291382,26.837860107421875,27.874594311333635,26.754074096679688,-1.0966814756393433
1966-09-16 00:00:00,20.739763259887695,25.14996337890625,26.53426742553711,28.35470850580444,26.45534896850586,25.021739959716797,27.06540853333346,26.838031768798828,12.10165023803711,27.258169174194336,25.892702102661133,27.23225975036621,24.689651489257812,2.4713172912597656,27.359647750854492,27.866965902291298,26.99954605102539,-0.547941267490387
1966-10-16 12:00:00,21.27644920349121,24.789852142333984,26.474153518676758,28.34492201828819,25.953773498535156,25.03413200378418,26.711329988487048,26.81740951538086,13.389581680297852,27.151996612548828,26.20046615600586,27.168554306030273,25.156496047973633,2.308924436569214,27.71254539489746,28.022872528165315,27.60330581665039,-0.11676296591758728
1966-11-16 00:00:00,23.114904403686523,25.53641128540039,26.756559371948242,28.332022651250387,24.936763763427734,24.006990432739258,26.338808542071437,25.981470108032227,15.208340644836426,26.741756439208984,26.61464500427246,26.640050888061523,25.522239685058594,1.2152022123336792,28.063077926635742,28.221491942905196,28.06694221496582,-0.12825040519237518
1966-12-16 12:00:00,22.982322692871094,25.472318649291992,26.444942474365234,28.337611355414996,23.587833404541016,22.739744186401367,25.17692708123399,24.831369400024414,17.17246437072754,25.476991653442383,27.121206283569336,25.509414672851562,26.187606811523438,-0.34068921208381653,27.88260269165039,28.19910572459962,28.28278923034668,-0.4472167193889618
1967-01-16 12:00:00,24.594043731689453,25.710912704467773,26.742572784423828,28.34560974741308,22.41536521911621,21.68709373474121,23.973225378037988,23.967370986938477,18.92987060546875,24.580739974975586,27.36379623413086,25.2614803314209,26.786575317382812,-1.7190368175506592,27.815509796142578,28.006864033556408,28.026466369628906,-0.6351027488708496
1967-02-15 00:00:00,26.00143051147461,26.643407821655273,26.94119644165039,28.340146231200382,21.83191680908203,20.75403594970703,23.458122952438508,23.61042594909668,19.6080379486084,24.175209045410156,27.710315704345703,24.60594940185547,27.344804763793945,-3.14359712600708,28.004337310791016,27.997627919178804,28.307106018066406,-0.5853400826454163
1967-03-16 12:00:00,26.182764053344727,27.14109230041504,27.53634262084961,28.320056101810508,21.79472541809082,20.711498260498047,23.479041584902223,23.765247344970703,18.63018035888672,24.230592727661133,27.94961166381836,24.667356491088867,27.661401748657227,-3.338569164276123,28.767648696899414,28.616988439203723,29.09688949584961,-0.13413967192173004
1967-04-16 00:00:00,25.021753311157227,27.295696258544922,27.62569808959961,28.307535620342346,22.042861938476562,21.377639770507812,23.837471403759224,24.13060760498047,17.4847354888916,24.352306365966797,28.018041610717773,24.3232364654541,27.579240798950195,-3.002073287963867,28.960105895996094,28.9627048913865,29.31153678894043,-0.019248243421316147
1967-05-16 12:00:00,24.6400146484375,27.001773834228516,27.646696090698242,28.29724070881962,22.87497901916504,21.970226287841797,24.207302857853588,24.519424438476562,15.697486877441406,25.306522369384766,27.568363189697266,24.894466400146484,26.891321182250977,-2.1005859375,29.338205337524414,28.866663279152256,28.86778450012207,0.023379603400826454
1967-06-16 00:00:00,23.035629272460938,26.945215225219727,27.564453125,28.301325738922955,24.18422508239746,23.01119041442871,24.91715188060364,24.929241180419922,13.673910140991211,25.664249420166016,26.780210494995117,26.08138084411621,26.275117874145508,-0.32496243715286255,28.101228713989258,28.011123308874247,27.518827438354492,-1.1707162857055664
1967-07-16 12:00:00,21.78426170349121,25.592670440673828,26.815269470214844,28.309701191331584,24.792476654052734,23.699140548706055,25.601662285971006,25.10689353942871,12.490405082702637,26.054338455200195,26.049863815307617,25.971847534179688,25.57328987121582,0.950348973274231,27.292030334472656,27.72032373947795,26.964561462402344,-1.2107056379318237
1967-08-16 12:00:00,21.271495819091797,24.340227127075195,26.55586051940918,28.31162750078798,25.891828536987305,24.46466636657715,26.559426552629304,26.115253448486328,11.869142532348633,26.66555404663086,25.66706085205078,26.59654998779297,24.705041885375977,2.055568218231201,27.10528564453125,27.296776366611333,26.903173446655273,-1.08506441116333
1967-09-16 00:00:00,20.519834518432617,25.34243392944336,26.510196685791016,28.30933973077006,26.342844009399414,25.441999435424805,27.08265235349621,26.86345100402832,12.398287773132324,27.259065628051758,25.593233108520508,27.285585403442383,24.917034149169922,2.432462215423584,27.558286666870117,26.622663859613066,27.442874908447266,-0.4376574754714966
1967-10-16 12:00:00,20.294912338256836,24.751407623291016,27.00865936279297,28.31089801648547,25.959882736206055,24.987796783447266,27.0702641308844,27.006837844848633,13.209526062011719,27.17597770690918,26.152795791625977,27.47806167602539,24.919824600219727,2.3812358379364014,28.08038330078125,26.679171321766038,27.797077178955078,-0.45831742882728577
1967-11-16 00:00:00,21.792316436767578,24.273296356201172,25.673137664794922,28.302195677187125,24.821474075317383,24.045820236206055,26.65268168171865,26.324369430541992,14.763446807861328,26.708337783813477,26.603206634521484,26.750591278076172,25.648176193237305,1.2212148904800415,28.238561630249023,27.524609388711475,28.12618064880371,0.23109830915927887
1967-12-16 12:00:00,22.557575225830078,24.39508056640625,25.96466636657715,28.30332572100594,23.495935440063477,22.670867919921875,25.6545176106932,25.06255531311035,17.32664680480957,25.825092315673828,27.096982955932617,25.545530319213867,26.146617889404297,-0.3245011866092682,28.15605354309082,27.775056810344093,28.760469436645508,-0.1767604798078537
1968-01-16 12:00:00,24.381553649902344,24.922107696533203,26.210941314697266,28.306228889172477,22.50670051574707,21.720056533813477,24.48207896405319,24.094087600708008,18.994646072387695,24.74723243713379,27.5434627532959,24.962541580200195,26.716915130615234,-1.8417775630950928,28.075382232666016,28.193400233021734,28.25615119934082,-0.307953417301178
1968-02-15 00:00:00,25.848600387573242,25.932275772094727,26.20502281188965,28.3164414563338,21.845869064331055,20.95380401611328,24.208412274269577,23.589094161987305,19.570215225219727,24.538463592529297,27.882490158081055,24.540143966674805,27.41652488708496,-2.856062173843384,28.34735107421875,28.96259246481594,28.693828582763672,-0.5917866230010986
1968-03-16 12:00:00,26.413454055786133,26.8781681060791,26.61370086669922,28.315071784327714,21.995376586914062,21.015174865722656,24.42606702407631,22.950029373168945,19.172008514404297,24.211584091186523,28.286928176879883,24.256071090698242,27.590354919433594,-3.31071138381958,28.852886199951172,29.342754257625028,29.010303497314453,-0.10328156501054764
1968-04-16 00:00:00,25.821645736694336,27.304847717285156,27.526485443115234,28.309441153350186,22.009361267089844,21.065784454345703,24.917344491859435,23.54854393005371,16.656919479370117,24.527912139892578,28.071542739868164,24.910717010498047,27.6738224029541,-2.935796022415161,29.60904884338379,29.178461055170896,29.662220001220703,0.4332527816295624
1968-05-16 12:00:00,26.015182495117188,27.52397346496582,27.553194046020508,28.30456101461831,22.86300277709961,21.87476348876953,25.378323243565085,24.223297119140625,15.33051586151123,24.79379653930664,27.49454689025879,25.094680786132812,26.981040954589844,-2.0704293251037598,29.08490562438965,28.90622580492706,29.097753524780273,0.061284370720386505
1968-06-16 00:00:00,22.860239028930664,26.191328048706055,27.215377807617188,28.330548455661322,24.50114631652832,22.959239959716797,25.787227762992394,24.598661422729492,13.225238800048828,25.75143051147461,26.68341827392578,25.722110748291016,26.277978897094727,-0.5489994287490845,28.640846252441406,28.05735208676873,27.941476821899414,-1.0642346143722534
1968-07-16 12:00:00,21.295513153076172,25.4716796875,27.282630920410156,28.37585344435506,25.08380699157715,23.86444854736328,26.403661138722427,25.554927825927734,11.9909029006958,26.23651695251465,25.954994201660156,26.22705841064453,25.447368621826172,0.8112351894378662,27.64929962158203,27.71869357350369,27.28041648864746,-1.3261728286743164
1968-08-16 12:00:00,20.39389419555664,25.13117027282715,26.89622688293457,28.406960582050036,25.97319221496582,24.68962860107422,27.07325290967518,26.56320571899414,11.82192325592041,26.688623428344727,25.511892318725586,26.907915115356445,24.95079231262207,1.914315938949585,27.234437942504883,27.26781218080507,26.943971633911133,-1.329221248626709
1968-09-16 00:00:00,20.9752140045166,24.75983238220215,26.629837036132812,28.43253787848975,26.38613510131836,25.148338317871094,27.433149855732864,26.82889747619629,11.982195854187012,27.292335510253906,25.563261032104492,27.13583755493164,24.887298583984375,2.7159361839294434,27.476709365844727,26.673819721205593,27.16606903076172,0.2545100152492523
1968-10-16 12:00:00,20.957889556884766,24.806377410888672,26.71232795715332,28.43688202015965,26.13100814819336,25.08214569091797,27.336260707137612,27.004291534423828,13.174610137939453,27.388032913208008,25.807405471801758,27.328815460205078,25.180784225463867,2.21356201171875,28.000276565551758,26.72853232629334,27.77947425842285,0.07475708425045013
1968-11-16 00:00:00,21.420703887939453,25.100391387939453,27.09732437133789,28.451744922039815,24.889249801635742,23.65874671936035,26.67256254638047,26.422035217285156,14.763446807861328,26.71569061279297,26.542240142822266,26.787160873413086,25.57204246520996,1.1601033210754395,28.276676177978516,27.62798521970768,28.081233978271484,0.6178087592124939
1968-12-16 12:00:00,22.54376983642578,25.237743377685547,27.3316707611084,28.464928018498064,23.594655990600586,22.737274169921875,25.96380742078027,25.49496078491211,16.450334548950195,25.82741355895996,26.96678352355957,26.021846771240234,26.150636672973633,-0.2533327043056488,27.965362548828125,27.821522579359677,28.262826919555664,-0.3531462252140045
1969-01-16 12:00:00,24.26517677307129,24.885944366455078,26.87874984741211,28.47362879311836,22.516267776489258,21.56941795349121,24.75178912147321,24.088245391845703,18.57057762145996,24.74362564086914,27.30487060546875,25.212007522583008,26.725460052490234,-1.8118280172348022,27.806934356689453,28.165536607520732,28.137521743774414,-0.6983638405799866
1969-02-15 00:00:00,25.680557250976562,26.07866859436035,26.726404190063477,28.47027089970307,21.860109329223633,20.891193389892578,24.101823393101213,23.420881271362305,19.621057510375977,24.378658294677734,27.736867904663086,24.177392959594727,27.41652488708496,-2.512355327606201,27.92521095275879,28.16991901924628,28.243518829345703,-0.6043531894683838
1969-03-16 12:00:00,26.44136619567871,26.631479263305664,26.57626724243164,28.449332965755048,21.774917602539062,20.910341262817383,23.914672363886307,23.91641616821289,19.185028076171875,24.220474243164062,27.789031982421875,24.61875343322754,27.56916618347168,-3.1683223247528076,28.548555374145508,28.24568244895796,28.99880599975586,-0.24256031215190887
1969-04-16 00:00:00,25.804611206054688,26.961048126220703,27.213531494140625,28.436229360966724,22.212369918823242,21.160579681396484,24.184615215603,23.58128547668457,17.4847354888916,24.914567947387695,27.904117584228516,24.766490936279297,27.725337982177734,-2.72273588180542,29.15969467163086,29.17859320017964,29.43275260925293,-0.0009517922298982739
1969-05-16 12:00:00,24.57431411743164,26.112106323242188,27.586008071899414,28.42495738532224,22.937795639038086,21.876070022583008,24.45439728245006,24.444849014282227,14.94188117980957,25.37830352783203,27.41161346435547,24.97902488708496,27.083921432495117,-2.1317315101623535,29.04099464416504,29.120809680235634,29.09100341796875,-0.0049712988547980785
1969-06-16 00:00:00,22.549827575683594,25.998197555541992,27.14446258544922,28.42627779818732,24.048337936401367,23.04044532775879,25.022630263861096,25.038511276245117,12.997645378112793,25.68183135986328,26.568086624145508,25.80999183654785,26.153512954711914,-0.5503128170967102,27.715171813964844,28.867946174819757,27.497875213623047,-0.9061458110809326
1969-07-16 12:00:00,21.481834411621094,25.473201751708984,26.918357849121094,28.441186402677417,25.151123046875,23.756750106811523,25.943218476321036,25.680830001831055,12.197397232055664,26.288393020629883,25.76605796813965,26.277250289916992,25.16676139831543,0.766460120677948,26.897838592529297,28.356793147177015,26.705400466918945,-1.5063211917877197
1969-08-16 12:00:00,20.56123924255371,25.05678939819336,27.21957778930664,28.460368325521394,25.8181209564209,24.616647720336914,26.99346843227561,26.459383010864258,11.559839248657227,26.74728012084961,25.53183937072754,26.77411460876465,24.564119338989258,1.9496551752090454,26.847904205322266,28.33301845941104,26.866058349609375,-1.156773567199707
1969-09-16 00:00:00,20.358922958374023,24.912342071533203,27.315330505371094,28.47446536684765,26.360206604003906,25.021739959716797,27.434061627809875,27.095989227294922,12.137618064880371,27.259065628051758,25.563261032104492,27.13583755493164,24.598146438598633,2.448481798171997,27.439361572265625,28.173725580416217,27.109867095947266,-0.7946320176124573
1969-10-16 12:00:00,20.467954635620117,25.049514770507812,27.400287628173828,28.475797192764126,25.97805404663086,24.98206329345703,27.083527539007736,26.930908203125,13.555645942687988,27.099956512451172,25.86894416809082,27.308765411376953,24.988676071166992,2.2899346351623535,27.647855758666992,28.295412412494034,27.462976455688477,-0.20455725491046906
1969-11-16 00:00:00,21.923805236816406,25.201824188232422,27.508089065551758,28.480191363242113,24.99431610107422,23.972326278686523,26.407939648017095,26.26268768310547,15.441615104675293,26.5943546295166,26.399717330932617,26.78073501586914,25.36528778076172,1.604170799255371,27.860563278198242,28.614448588178217,27.75604820251465,-0.11391482502222061
1969-12-16 12:00:00,22.847881317138672,25.6009521484375,27.3316707611084,28.490006119396853,23.550395965576172,22.7855224609375,25.41236609864145,25.17881965637207,17.435646057128906,25.400951385498047,26.956565856933594,25.715713500976562,26.197696685791016,-0.03640899062156677,27.86300277709961,28.86488512734301,28.216047286987305,-0.3142277002334595
1970-01-16 12:00:00,24.23222541809082,25.727941513061523,27.2990665435791,28.494321340209833,22.41536521911621,21.54909896850586,24.20711539029279,24.253128051757812,19.56020736694336,24.74529457092285,27.234519958496094,24.826248168945312,26.725460052490234,-1.935211420059204,27.693565368652344,28.63994360150501,28.29132652282715,-0.6338457465171814
1970-02-15 00:00:00,25.30861473083496,25.942272186279297,26.931947708129883,28.49014760559275,21.83191680908203,20.714916229248047,23.62544270152795,22.972379684448242,19.920578002929688,24.04430389404297,27.48677635192871,24.591093063354492,27.393281936645508,-2.569960355758667,27.967248916625977,28.305326297981033,28.19765853881836,-0.5236717462539673
1970-03-16 12:00:00,26.85408592224121,26.51568031311035,26.961519241333008,28.4760018923452,21.790538787841797,20.620075225830078,23.497636965188818,23.902528762817383,19.437374114990234,24.230592727661133,27.791656494140625,24.156177520751953,27.677043914794922,-3.461477041244507,28.622982025146484,28.597648347892008,28.87689781188965,-0.2498732954263687
1970-04-16 00:00:00,25.318683624267578,26.79267120361328,27.317474365234375,28.46181278955159,22.042861938476562,21.30510902404785,24.07001778221725,24.058349609375,17.4847354888916,24.372344970703125,27.72870635986328,24.64006233215332,27.630090713500977,-2.72273588180542,28.94109344482422,29.102373131686985,29.206958770751953,0.17634359002113342
1970-05-16 12:00:00,24.00103187561035,26.790855407714844,27.24805450439453,28.447515940321242,22.998275756835938,21.72861099243164,24.37242574941527,24.834632873535156,15.493819236755371,25.37830352783203,27.270919799804688,25.28342628479004,26.649375915527344,-1.9089374542236328,28.87876319885254,29.179179403283854,28.537303924560547,-0.17046302556991577
1970-06-16 00:00:00,23.113134384155273,26.21578598022461,27.488740921020508,28.44437154420084,24.13512420654297,22.975391387939453,25.03094407228904,25.104610443115234,13.623119354248047,25.68183135986328,26.619434356689453,25.860193252563477,26.041223526000977,-0.6620756387710571,27.691890716552734,29.114730376653934,27.49870491027832,-0.864008367061615
1970-07-16 12:00:00,21.481834411621094,25.473201751708984,26.918357849121094,28.447859584808576,24.94086265563965,23.714580535888672,26.082493198929257,25.517541885375977,12.15616512298584,26.22985076904297,25.76605796813965,26.277250289916992,25.36543846130371,0.7745410799980164,27.03525733947754,28.734570018119335,26.884170532226562,-1.4648504257202148
1970-08-16 12:00:00,20.56123924255371,25.05678939819336,27.106338500976562,28.45329033331888,25.56792449951172,24.723798751831055,26.9130752317292,26.56320571899414,11.559839248657227,26.741043090820312,25.53183937072754,26.756784439086914,24.599889755249023,1.9031336307525635,26.893484115600586,28.59757260447187,26.668903350830078,-1.1808853149414062
1970-09-16 00:00:00,20.358922958374023,24.912342071533203,27.315330505371094,28.463283283572526,26.25528335571289,25.021739959716797,27.216915424635555,26.7828311920166,12.398287773132324,26.99210548400879,25.563261032104492,27.285585403442383,24.598146438598633,2.448481798171997,27.228351593017578,28.624088890741135,26.96816635131836,-0.6085156798362732
1970-10-16 12:00:00,20.89422607421875,25.00597381591797,27.096025466918945,28.456857689524853,25.850170135498047,24.942461013793945,26.868249042171236,26.81740951538086,13.053913116455078,27.142839431762695,25.86894416809082,27.217811584472656,24.91786766052246,2.3314597606658936,27.600839614868164,28.640114942800498,27.435611724853516,-0.3560251295566559
1970-11-16 00:00:00,22.029983520507812,25.27620506286621,27.09732437133789,28.45080799459399,24.810134887695312,23.826101303100586,26.37650275034706,26.264848709106445,14.999551773071289,26.601816177368164,26.433732986450195,26.671066284179688,25.273479461669922,1.604170799255371,27.862533569335938,28.694322490308018,27.568544387817383,-0.39658480882644653
1970-12-16 12:00:00,22.880273818969727,25.605030059814453,26.655677795410156,28.45743902793906,23.463665008544922,22.64291763305664,25.228986521349572,24.941801071166992,17.117361068725586,25.400951385498047,26.949607849121094,25.46186637878418,25.954654693603516,-0.03640899062156677,27.79831886291504,28.238518649938015,28.253856658935547,-0.2527977228164673
1971-01-16 12:00:00,24.57704734802246,24.885944366455078,26.673038482666016,28.450398619400367,22.395450592041016,21.686403274536133,24.20178436242063,24.253128051757812,19.56020736694336,24.45314598083496,27.24595832824707,24.826248168945312,26.444446563720703,-1.7622624635696411,27.741289138793945,27.862796067013736,28.203258514404297,-0.8175405859947205
1971-02-15 00:00:00,26.00143051147461,25.810932159423828,26.795198440551758,28.432101993091035,21.83176612854004,20.980012893676758,23.66973944429005,23.24808692932129,19.373422622680664,24.019790649414062,27.641277313232422,24.1738224029541,27.033424377441406,-3.0830130577087402,27.96796226501465,27.85918172360779,28.2277889251709,-0.5853400826454163
1971-03-16 12:00:00,26.85408592224121,26.812564849853516,26.57330894470215,28.421077460227462,21.790538787841797,20.979434967041016,23.42166113844571,23.942401885986328,19.52845001220703,24.230592727661133,27.928266525268555,24.156177520751953,27.557737350463867,-3.3311023712158203,28.741331100463867,28.26164755008243,28.848848342895508,-0.018275359645485878
1971-04-16 00:00:00,25.709917068481445,27.21694564819336,27.287609100341797,28.40585609254788,22.09772300720215,21.31772804260254,23.71148265949389,24.103830337524414,17.53736686706543,24.352306365966797,27.889490127563477,24.3232364654541,27.601736068725586,-3.0072169303894043,28.94109344482422,29.13194756344228,29.488910675048828,0.24437381327152252
1971-05-16 12:00:00,24.460575103759766,26.728641510009766,27.328628540039062,28.392602427217025,22.899967193603516,22.058841705322266,24.353406060329775,24.366113662719727,15.211731910705566,25.179523468017578,27.433921813964844,25.233489990234375,26.891321182250977,-2.0951457023620605,28.85297203063965,28.9627333743624,28.53960418701172,0.14260779321193695
1971-06-16 00:00:00,23.063762664794922,26.363540649414062,27.595062255859375,28.390795805548713,24.303077697753906,23.03169822692871,25.02918504665584,25.021900177001953,13.1328763961792,25.68183135986328,26.620027542114258,25.860193252563477,26.29579734802246,-0.5792609453201294,27.841724395751953,28.775865630807655,27.56326675415039,-1.1210510730743408
1971-07-16 12:00:00,21.541955947875977,25.352144241333008,26.879379272460938,28.390425443858263,25.17268943786621,24.019527435302734,25.790841291878465,25.602252960205078,12.205907821655273,26.244972229003906,25.94344139099121,26.234018325805664,25.25957489013672,0.7989293336868286,27.069793701171875,28.557107333608794,26.968286514282227,-1.4648504257202148
1971-08-16 12:00:00,21.218971252441406,25.035446166992188,26.629281997680664,28.38834540432933,25.693082809448242,24.723798751831055,26.636152695935614,26.26102066040039,12.085731506347656,26.66555404663086,25.449922561645508,26.626693725585938,24.8105411529541,1.8336690664291382,26.893484115600586,28.355780018279575,26.668903350830078,-1.1808853149414062
1971-09-16 00:00:00,20.68339729309082,24.869352340698242,26.641557693481445,28.393843252963926,26.318645477294922,25.021739959716797,27.069563452937878,26.86345100402832,12.3294038772583,27.052379608154297,25.462587356567383,27.01091957092285,24.598146438598633,2.4528346061706543,27.209880828857422,28.26159189613317,27.017864227294922,-0.5092625617980957
1971-10-16 12:00:00,20.94586753845215,24.894874572753906,26.43372917175293,28.38264845951195,25.937747955322266,24.879268646240234,26.760275688928548,26.81740951538086,13.507023811340332,27.104089736938477,26.011009216308594,27.16297721862793,25.0832576751709,2.21356201171875,27.641145706176758,28.296109311257727,27.614309310913086,-0.24156738817691803
1971-11-16 00:00:00,21.670513153076172,24.38838005065918,25.883216857910156,28.377943144085453,24.970491409301758,24.006990432739258,26.250996731059995,26.519956588745117,14.999551773071289,26.741756439208984,26.52168083190918,26.625967025756836,25.549680709838867,1.192090630531311,27.762693405151367,28.31853113503579,27.813159942626953,-0.11391482502222061
1971-12-16 12:00:00,22.84797477722168,24.932449340820312,25.77206039428711,28.376855776466787,23.70216941833496,22.599939346313477,25.41324509061752,24.941801071166992,17.71713638305664,25.400951385498047,27.049293518066406,25.71414566040039,26.127424240112305,-0.2533327043056488,27.892614364624023,28.29862802844679,28.228666305541992,-0.44725340604782104
1972-01-16 12:00:00,24.784013748168945,25.503055572509766,25.769224166870117,28.382549286670283,22.601255416870117,21.629745483398438,24.197565159023778,24.36164665222168,19.116455078125,24.70595932006836,27.45257568359375,25.061532974243164,26.85687828063965,-1.935211420059204,27.693565368652344,27.920182888415876,28.00077247619629,-0.9529450535774231
1972-02-15 00:00:00,25.488454818725586,26.23765754699707,26.75059700012207,28.376635207902435,21.925334930419922,20.662609100341797,23.54705919875464,23.61042594909668,19.885725021362305,24.175209045410156,27.75852394104004,24.173582077026367,27.121566772460938,-2.826106071472168,27.982677459716797,27.842196666491695,28.52057647705078,-0.5247899293899536
1972-03-16 12:00:00,26.131671905517578,27.607629776000977,27.66608238220215,28.357193827671438,21.799203872680664,20.620075225830078,23.6166945587998,23.765247344970703,19.525712966918945,24.230592727661133,27.99610710144043,24.667356491088867,27.647031784057617,-3.3696820735931396,28.787158966064453,28.04849844235979,29.074974060058594,0.2136601060628891
1972-04-16 00:00:00,25.67299461364746,27.47169303894043,27.559703826904297,28.33784143263174,22.1901798248291,21.20079231262207,24.0778981983666,24.103830337524414,17.624271392822266,24.475435256958008,28.16476058959961,24.492660522460938,27.725337982177734,-3.279590606689453,28.91872787475586,28.656449222482394,29.173017501831055,0.4248219430446625
1972-05-16 12:00:00,24.312795639038086,27.065340042114258,28.038908004760742,28.314560502331588,22.97127914428711,21.907123565673828,24.371917503459184,24.26751136779785,15.33051586151123,25.37830352783203,27.58662986755371,24.836875915527344,27.02280616760254,-1.8902803659439087,29.072586059570312,28.553758136708954,28.85291290283203,0.023379603400826454
1972-06-16 00:00:00,22.776033401489258,26.91806983947754,27.807554244995117,28.31381656597633,24.22692108154297,23.087284088134766,25.027243616673218,24.991533279418945,13.141219139099121,25.67540740966797,26.785356521606445,26.091527938842773,26.276479721069336,-0.5792609453201294,28.03078842163086,28.221422500915907,27.5753116607666,-0.7138486504554749
1972-07-16 12:00:00,23.47991371154785,25.77947998046875,27.11018180847168,28.316002339479653,25.049482345581055,24.019527435302734,25.91000885497985,25.602252960205078,11.671504974365234,26.334516525268555,26.048023223876953,26.29520606994629,25.405946731567383,0.8779987692832947,27.20317840576172,27.7939196282922,26.81374740600586,-0.840469241142273
1972-08-16 12:00:00,21.271495819091797,25.732006072998047,26.76090431213379,28.313422056675357,25.92976188659668,24.64728546142578,26.672350206520292,26.230493545532227,11.567047119140625,26.621915817260742,25.66706085205078,26.587257385253906,24.94593048095703,1.9583479166030884,27.212980270385742,27.314049733827478,26.754060745239258,-0.8317260146141052
1972-09-16 00:00:00,21.66800880432129,25.410526275634766,27.52789306640625,28.306066675034966,26.38017463684082,25.18415069580078,27.069926891298177,26.86345100402832,12.010077476501465,26.99210548400879,25.685096740722656,27.22446060180664,24.77248764038086,2.432462215423584,27.486141204833984,26.679299408383283,27.041568756103516,-0.4373561441898346
1972-10-16 12:00:00,20.450931549072266,24.64140510559082,27.065532684326172,28.309758266459284,25.937747955322266,24.98206329345703,26.860643545508893,26.81740951538086,13.141237258911133,27.307384490966797,26.123014450073242,27.16297721862793,25.180784225463867,2.3140623569488525,28.104036331176758,27.337506414153367,27.820003509521484,0.7067065834999084
1972-11-16 00:00:00,21.589632034301758,24.25689697265625,25.737258911132812,28.296831554474302,24.839746475219727,23.941810607910156,26.44345536482452,26.2241153717041,14.65615177154541,26.774314880371094,26.69761085510254,26.773469924926758,25.596242904663086,1.2152022123336792,28.164264678955078,27.6321153578487,28.29746437072754,-0.20741985738277435
1972-12-16 12:00:00,22.452329635620117,24.472043991088867,25.907962799072266,28.300564557670665,23.376033782958984,22.673324584960938,25.670146301067916,25.553817749023438,17.0786075592041,25.825092315673828,27.133716583251953,25.829845428466797,26.14589500427246,-0.3245011866092682,28.072351455688477,27.82106109607186,28.65912437438965,-0.10335277765989304
1973-01-16 12:00:00,24.06520652770996,24.922107696533203,26.134315490722656,28.30464711145544,22.377473831176758,21.562969207763672,24.364394681600544,24.122478485107422,19.125019073486328,24.45314598083496,27.513587951660156,24.957090377807617,26.704586029052734,-1.7795813083648682,28.121461868286133,28.259010945343285,28.52252197265625,-0.3363867998123169
1973-02-15 00:00:00,25.7270450592041,25.951051712036133,26.178298950195312,28.313687796416648,21.77756118774414,20.983186721801758,24.03465838694742,23.645936965942383,19.59064483642578,24.006446838378906,27.79803466796875,24.816503524780273,27.346529006958008,-3.079244613647461,28.145231246948242,28.898017131020335,28.693828582763672,-0.5917866230010986
1973-03-16 12:00:00,26.366662979125977,26.880207061767578,26.780330657958984,28.309469070321352,21.834915161132812,20.883323669433594,24.199497811934197,23.35489845275879,18.98230743408203,24.28534698486328,27.991308212280273,23.994136810302734,27.651947021484375,-2.872777223587036,28.863178253173828,29.262380286583507,29.061349868774414,-0.25749871134757996
1973-04-16 00:00:00,25.21373176574707,27.314716339111328,27.482995986938477,28.30443388507721,22.212369918823242,21.13907814025879,24.60854370682948,23.638893127441406,16.668046951293945,24.42336082458496,27.912246704101562,24.851516723632812,27.609724044799805,-3.1306169033050537,29.78981590270996,29.414111489382307,29.31443977355957,0.16871485114097595
1973-05-16 12:00:00,24.655864715576172,27.00971031188965,27.603166580200195,28.294467340602232,23.006460189819336,21.89857292175293,25.286358005874227,23.969379425048828,14.600751876831055,25.0473690032959,27.52263832092285,24.861543655395508,27.178428649902344,-2.062591791152954,29.08490562438965,29.12756696399474,28.631866455078125,0.023379603400826454
1973-06-16 00:00:00,23.25766944885254,27.069318771362305,27.624422073364258,28.296017246862675,24.170249938964844,23.04044532775879,25.765774924003217,24.762418746948242,13.191605567932129,25.705318450927734,26.807397842407227,25.663097381591797,26.56304931640625,-0.5648133754730225,28.640846252441406,28.228834303759765,27.941476821899414,-1.1707162857055664
1973-07-16 12:00:00,22.46373176574707,25.582441329956055,27.260061264038086,28.3012212546543,25.308210372924805,23.551647186279297,26.356879082625966,25.566801071166992,12.15616512298584,26.208864212036133,26.135801315307617,26.227718353271484,25.71303939819336,0.7924243807792664,27.42388916015625,27.819889196881157,27.337404251098633,-0.8525325059890747
1973-08-16 12:00:00,20.849449157714844,25.29694175720215,27.352275848388672,28.31163712401095,25.91080093383789,24.588356018066406,27.062487809315552,26.29684829711914,11.559839248657227,26.679733276367188,25.921295166015625,26.71509552001953,24.960224151611328,2.1221630573272705,27.215848922729492,27.646614964898195,27.023109436035156,-0.5586045980453491
1973-09-16 00:00:00,20.814088821411133,25.217466354370117,26.671674728393555,28.31364241647332,26.38613510131836,25.635940551757812,27.343687833754476,26.884855270385742,11.982195854187012,27.15073013305664,25.89813995361328,27.188766479492188,24.838191986083984,2.4903061389923096,27.503183364868164,27.64716517573516,27.392223358154297,-0.1645984947681427
1973-10-16 12:00:00,20.40432357788086,25.111024856567383,27.639402389526367,28.309850503840185,26.026914596557617,25.4089298248291,27.45836923734415,26.988779067993164,13.250874519348145,27.40471076965332,26.088918685913086,27.308765411376953,25.158700942993164,2.400379180908203,28.104036331176758,27.81026877155676,28.0463809967041,0.15559998154640198
1973-11-16 00:00:00,21.212324142456055,25.21720314025879,27.70282554626465,28.314412223912385,24.797306060791016,23.886838912963867,26.74839497603335,26.446596145629883,14.975388526916504,26.72103500366211,26.695363998413086,26.917062759399414,25.7537784576416,1.2389724254608154,28.276676177978516,28.07366702965663,28.12618064880371,-0.1446111649274826
1973-12-16 12:00:00,23.481849670410156,25.3874454498291,27.306737899780273,28.32269946556369,23.52008056640625,22.615169525146484,26.040803353857996,25.49496078491211,17.0786075592041,25.87613868713379,27.114038467407227,25.995563507080078,26.350589752197266,-0.27916622161865234,28.050893783569336,28.351444881604262,28.416513442993164,-0.3723057508468628
1974-01-16 12:00:00,24.413257598876953,25.692068099975586,26.810842514038086,28.333752275452966,22.46111488342285,21.50282859802246,24.877423898838927,24.04442596435547,19.500370025634766,24.905715942382812,27.514862060546875,24.900136947631836,26.636959075927734,-1.7408069372177124,27.675933837890625,28.701797459842282,28.243608474731445,-0.8175405859947205
1974-02-15 00:00:00,25.771799087524414,26.506969451904297,26.94119644165039,28.339149036205654,22.001195907592773,20.91330337524414,24.448607615191886,23.3450984954834,19.954002380371094,24.530427932739258,27.969276428222656,24.301870346069336,27.346529006958008,-2.856062173843384,27.892847061157227,28.378852021286058,28.42452621459961,-0.22848664224147797
1974-03-16 12:00:00,25.73321533203125,27.292510986328125,27.190261840820312,28.334647895573095,22.172258377075195,20.86198616027832,24.58524863889956,23.22977066040039,19.23184585571289,24.13102912902832,28.074953079223633,24.483055114746094,27.522886276245117,-3.630075454711914,28.824155807495117,28.844982904483317,28.726436614990234,-0.2628534138202667
1974-04-16 00:00:00,24.956562042236328,27.904634475708008,27.992427825927734,28.336342610700143,22.08883285522461,21.137706756591797,25.012881988695888,23.569355010986328,17.26576805114746,24.527912139892578,28.052072525024414,24.668081283569336,27.6738224029541,-2.979409694671631,28.960105895996094,29.1316247715217,29.31245994567871,0.16871485114097595
1974-05-16 12:00:00,23.94430923461914,26.878141403198242,27.530624389648438,28.325981579178375,22.899967193603516,21.940078735351562,25.379779408920275,23.969379425048828,15.371138572692871,25.0311279296875,27.560304641723633,25.160320281982422,26.891321182250977,-2.0946948528289795,29.603046417236328,29.11481790719664,29.238832473754883,0.14861410856246948
1974-06-16 00:00:00,22.885963439941406,26.224348068237305,27.304229736328125,28.32965341754221,24.169857025146484,23.01119041442871,25.678922444340696,24.762418746948242,13.448976516723633,25.705318450927734,26.778963088989258,25.680450439453125,26.18726921081543,-0.5489994287490845,28.097217559814453,28.84705265520452,27.659076690673828,-0.8051390051841736
1974-07-16 12:00:00,21.806991577148438,25.37359046936035,27.012359619140625,28.354278403618586,25.143508911132812,23.682819366455078,26.254482300427235,25.566801071166992,12.14981746673584,26.206520080566406,26.0775146484375,26.378942489624023,25.516271591186523,0.7608163356781006,27.111284255981445,28.453992818640913,26.846620559692383,-1.0738567113876343
1974-08-16 12:00:00,20.9252986907959,25.075397491455078,26.79488182067871,28.378965104711153,25.92976188659668,24.628173828125,27.09006726100203,26.48078727722168,12.037660598754883,26.679733276367188,25.87661361694336,26.980417251586914,24.9473934173584,1.914315938949585,26.915061950683594,28.497483751747566,26.550065994262695,-1.126198172569275
1974-09-16 00:00:00,20.745655059814453,24.706880569458008,26.544803619384766,28.38339988406548,26.236114501953125,25.27863121032715,27.622394100377495,27.087390899658203,11.954975128173828,27.204883575439453,25.88094711303711,27.275232315063477,24.94342613220215,2.548985242843628,27.288816452026367,28.490496597250786,27.1723575592041,-0.49944794178009033
1974-10-16 12:00:00,20.847360610961914,24.999238967895508,26.95254898071289,28.381682209988377,25.850170135498047,25.14706802368164,27.082788726984845,27.004291534423828,13.205355644226074,27.264259338378906,26.155643463134766,27.41962242126465,25.075300216674805,2.308924436569214,28.133764266967773,28.54246650525425,27.586414337158203,-0.34403693675994873
1974-11-16 00:00:00,22.13422393798828,25.057233810424805,26.375444412231445,28.388551810229874,24.828771591186523,23.826101303100586,26.490154610411484,26.264848709106445,14.968718528747559,26.63325309753418,26.598649978637695,26.842544555664062,25.522239685058594,1.2065730094909668,28.365142822265625,28.534680609418224,28.089719772338867,-0.27641525864601135
1974-12-16 12:00:00,22.84797477722168,24.529361724853516,26.6290283203125,28.403606710990758,23.463665008544922,22.646575927734375,25.65925545823775,25.45119857788086,16.757835388183594,25.807579040527344,27.029813766479492,25.829845428466797,26.127424240112305,-0.2753794491291046,27.957590103149414,28.33404117260058,28.06737518310547,-0.48554831743240356
1975-01-16 12:00:00,24.173437118530273,25.224964141845703,26.1916446685791,28.4145537338098,22.43364715576172,21.50282859802246,24.486889228271412,24.04442596435547,18.866008758544922,24.74723243713379,27.48900032043457,24.719512939453125,26.444446563720703,-1.7384164333343506,27.71962547302246,27.885872232553254,28.025819778442383,-0.5035147070884705
1975-02-15 00:00:00,26.012908935546875,26.170757293701172,26.372743606567383,28.395980576741547,21.79340171813965,20.91996955871582,24.124421205943538,23.53376007080078,19.885725021362305,24.507030487060547,27.83092498779297,24.647275924682617,27.175077438354492,-2.86908221244812,27.92251968383789,27.844150357998757,28.338184356689453,-0.6395334005355835
1975-03-16 12:00:00,25.98946189880371,27.185285568237305,27.000886917114258,28.3803590756729,21.788835525512695,20.88563346862793,24.037119000567444,23.259382247924805,19.003568649291992,24.06409454345703,27.937734603881836,23.994136810302734,27.62135887145996,-3.4119818210601807,28.796689987182617,28.240178131013764,28.855758666992188,-0.19308869540691376
1975-04-16 00:00:00,25.028181076049805,27.758323669433594,27.482521057128906,28.37444239813866,22.220260620117188,21.13783073425293,24.186590787431854,23.825607299804688,17.4847354888916,24.914567947387695,27.839387893676758,24.766490936279297,27.67434310913086,-3.0000102519989014,28.91872787475586,28.58168005370307,29.27016258239746,0.4332527816295624
1975-05-16 12:00:00,24.00103187561035,27.06153678894043,28.076444625854492,28.366480749645884,22.87484359741211,21.940078735351562,24.82082052385628,24.444849014282227,15.493819236755371,25.58957290649414,27.65808868408203,24.99346351623535,27.02280616760254,-2.008349657058716,28.842679977416992,28.748271804961064,28.39632225036621,0.0733116939663887
1975-06-16 00:00:00,22.794029235839844,26.365398406982422,27.64329719543457,28.36757142887345,24.22692108154297,23.048765182495117,25.20714623716464,24.956315994262695,13.688114166259766,25.509613037109375,26.63873291015625,25.656986236572266,26.201906204223633,-0.5792609453201294,27.87769889831543,28.25757509352508,27.607526779174805,-0.81080561876297
1975-07-16 12:00:00,21.806991577148438,25.36585807800293,26.84181022644043,28.37513912726074,25.096498489379883,23.704870223999023,26.170226087089492,25.592350006103516,12.369160652160645,26.397396087646484,25.94344139099121,26.281888961791992,25.447368621826172,0.7608163356781006,27.069454193115234,27.925751806938326,26.6581974029541,-1.1545664072036743
1975-08-16 12:00:00,21.26742935180664,25.045196533203125,26.757883071899414,28.390713715874227,26.06180191040039,24.447744369506836,26.98846483960468,26.488407135009766,12.085731506347656,26.678804397583008,25.449989318847656,26.900115966796875,24.896350860595703,1.9077999591827393,26.837860107421875,27.827050630956094,26.755277633666992,-0.7760616540908813
1975-09-16 00:00:00,20.953718185424805,24.95547103881836,26.820465087890625,28.396838600167825,26.373764038085938,25.338777542114258,27.191732382939804,26.884855270385742,11.954975128173828,27.17119789123535,25.46265411376953,27.188766479492188,24.845487594604492,2.7159361839294434,27.172725677490234,27.839983294605975,27.016389846801758,-0.5369638204574585
1975-10-16 12:00:00,22.626386642456055,24.941938400268555,26.488920211791992,28.387088919961723,26.004287719726562,24.78404998779297,27.054303662530355,27.10811424255371,13.54468059539795,27.344619750976562,26.011009216308594,27.216527938842773,25.180784225463867,2.3062191009521484,27.794719696044922,28.11249814628651,27.297874450683594,-0.29074835777282715
1975-11-16 00:00:00,21.711557388305664,24.69055938720703,26.385543823242188,28.378662380935314,24.89144515991211,24.053041458129883,26.55970675670636,26.324369430541992,14.975388526916504,26.723426818847656,26.571212768554688,26.750591278076172,25.5411319732666,1.2547677755355835,27.879594802856445,28.32691081982123,27.908491134643555,-0.3460110127925873
1975-12-16 12:00:00,22.833738327026367,25.266517639160156,26.047216415405273,28.38404109937022,23.52008056640625,22.646575927734375,25.674794597537108,25.401168823242188,17.0786075592041,25.717151641845703,27.029813766479492,26.020633697509766,26.127424240112305,-0.03640899062156677,27.903234481811523,28.239157604682834,28.25396156311035,-0.6121861338615417
1976-01-16 12:00:00,24.284318923950195,25.205429077148438,26.572301864624023,28.38986020947722,22.395450592041016,21.562969207763672,24.831039158339614,24.04442596435547,19.45221710205078,24.729440689086914,27.500709533691406,24.81608009338379,26.41062355041504,-1.2112444639205933,27.693565368652344,28.03508262009027,28.032697677612305,-0.7795559763908386
1976-02-15 00:00:00,25.771799087524414,26.17657470703125,26.75059700012207,28.39002658440168,21.827852249145508,20.949539184570312,24.194602954842402,23.291101455688477,19.763612747192383,24.29186248779297,27.667997360229492,24.30660057067871,27.344804763793945,-2.877311944961548,27.992128372192383,27.842152861990844,28.53249168395996,-0.4330155849456787
1976-03-16 12:00:00,26.413454055786133,27.20183563232422,27.203876495361328,28.365975064832462,21.739215850830078,20.910341262817383,24.402893633102156,23.532634735107422,19.52845001220703,24.483444213867188,27.937734603881836,24.056970596313477,27.542678833007812,-3.3174896240234375,28.4169979095459,27.86751648772297,28.810714721679688,0.0680038332939148
1976-04-16 00:00:00,25.34765625,27.630895614624023,27.538583755493164,28.35511343172454,22.26935386657715,21.179914474487305,24.953963821112467,23.600727081298828,17.53736686706543,24.346473693847656,27.877864837646484,24.592981338500977,27.729753494262695,-2.8351879119873047,28.928836822509766,28.63964401660597,29.27768898010254,0.4827828109264374
1976-05-16 12:00:00,24.437837600708008,27.309450149536133,27.687389373779297,28.34251328678723,22.97127914428711,21.81747817993164,25.329052023044913,23.9408016204834,15.697486877441406,25.05156707763672,27.31728172302246,24.977134704589844,27.065380096435547,-2.0530002117156982,29.271726608276367,28.580767252383293,28.771869659423828,0.10784360021352768
1976-06-16 00:00:00,23.543548583984375,26.656869888305664,27.2686767578125,28.335418278068385,24.13512420654297,22.99834632873535,25.870435045628344,24.762418746948242,13.298718452453613,25.683027267456055,26.68341827392578,25.66950798034668,26.18726921081543,-0.5489994287490845,28.0197696685791,28.205094797222717,27.393144607543945,-0.9677972197532654
1976-07-16 12:00:00,21.735692977905273,25.658185958862305,26.62790298461914,28.33819143946848,25.206377029418945,23.651222229003906,26.39414371004306,25.567325592041016,11.9909029006958,26.35692024230957,26.03703498840332,26.323375701904297,25.447368621826172,0.816021203994751,27.22382354736328,27.829976806675823,27.03598403930664,-0.8344869613647461
1976-08-16 12:00:00,20.8593807220459,24.96044921875,26.825002670288086,28.345976750516744,25.97319221496582,24.68962860107422,27.14816911519526,26.48078727722168,11.567047119140625,26.85942268371582,25.878284454345703,26.808992385864258,25.00135040283203,1.9077999591827393,26.9178409576416,27.52949161973929,26.87232780456543,-0.5586045980453491
1976-09-16 00:00:00,20.498491287231445,24.93370819091797,26.675687789916992,28.354399148936192,26.38613510131836,25.006441116333008,27.64548931056221,26.865854263305664,12.010077476501465,27.318450927734375,25.882617950439453,27.275232315063477,24.860774993896484,2.4528346061706543,27.491193771362305,26.837470137585452,27.18590545654297,-0.5060933828353882
1976-10-16 12:00:00,20.8829345703125,24.547563552856445,26.837308883666992,28.340980035209334,26.13100814819336,24.927833557128906,27.353568636809808,26.93800926208496,13.141237258911133,27.40471076965332,26.065349578857422,27.308765411376953,25.156496047973633,2.344076633453369,28.04402732849121,27.35833048685563,27.680788040161133,0.07475708425045013
1976-11-16 00:00:00,21.488187789916992,25.037094116210938,26.85487174987793,28.33381046821209,24.751388549804688,23.702835083007812,26.76009406341909,26.41606903076172,14.968718528747559,26.623003005981445,26.57651138305664,26.940263748168945,25.5411319732666,1.7312626838684082,28.28002166748047,27.647268446547702,28.207138061523438,-0.20741985738277435
1976-12-16 12:00:00,22.864229202270508,25.633512496948242,26.25836944580078,28.345451863784632,23.716711044311523,22.737274169921875,26.078170434686843,25.515487670898438,17.19000244140625,25.92226219177246,27.270483016967773,26.021846771240234,26.187606811523438,-0.2753794491291046,28.070751190185547,27.838150559317935,28.40774154663086,-0.11487380415201187
1977-01-16 12:00:00,24.26517677307129,25.627382278442383,26.368940353393555,28.367871001511595,22.420190811157227,21.557655334472656,25.04734090440603,24.167787551879883,19.653810501098633,24.710844039916992,27.49037742614746,25.155498504638672,26.725460052490234,-1.8981740474700928,27.7124080657959,28.295146111367632,28.244874954223633,-0.5654029846191406
1977-02-15 00:00:00,26.060909271240234,26.221412658691406,26.444978713989258,28.392457685787683,22.010652542114258,20.773088455200195,24.546488581271742,23.461231231689453,19.818008422851562,24.530427932739258,27.722230911254883,24.191925048828125,27.344804763793945,-2.864806652069092,28.000797271728516,28.498306992229665,28.42311668395996,-0.36537569761276245
1977-03-16 12:00:00,26.290163040161133,27.789464950561523,27.18622398376465,28.381176826737285,22.15755844116211,20.878639221191406,24.509438010693987,23.360759735107422,19.267372131347656,24.28915786743164,28.077842712402344,24.24773406982422,27.677043914794922,-3.152667760848999,28.538909912109375,28.53271004312323,28.99880599975586,-0.13413967192173004
1977-04-16 00:00:00,25.089418411254883,27.34902000427246,27.397253036499023,28.367858505031645,21.958913803100586,21.350278854370117,24.91891054871308,23.600727081298828,17.53736686706543,24.390522003173828,28.044055938720703,24.589399337768555,27.67434310913086,-3.027967691421509,29.78981590270996,29.240767487694665,29.310415267944336,-0.03582695499062538
1977-05-16 12:00:00,23.659168243408203,26.709667205810547,27.64084243774414,28.349638729699155,22.9957218170166,21.775732040405273,25.39404811212762,23.969379425048828,15.733305931091309,25.0311279296875,27.324867248535156,24.912673950195312,27.083921432495117,-1.2843128442764282,29.343482971191406,29.192930779420152,28.931154251098633,0.11169660091400146
1977-06-16 00:00:00,23.113134384155273,25.92974853515625,27.42108154296875,28.35662578255749,24.268075942993164,22.765029907226562,25.89598978475351,24.81341552734375,13.448976516723633,25.683027267456055,26.68608856201172,25.66950798034668,26.141462326049805,-0.6421502828598022,27.990192413330078,29.005576515259797,27.487743377685547,-1.1210510730743408
1977-07-16 12:00:00,21.395347595214844,25.437387466430664,27.10516929626465,28.368649737755945,25.308210372924805,23.745365142822266,26.653845812196735,25.69989585876465,12.355385780334473,26.24506187438965,26.030916213989258,26.321779251098633,25.407251358032227,0.7401068806648254,27.160009384155273,28.8390273300568,27.01240348815918,-1.4648504257202148
1977-08-16 12:00:00,20.523202896118164,24.945606231689453,26.731138229370117,28.391287169720254,25.987634658813477,24.67070960998535,27.678247517465547,26.69854736328125,11.972468376159668,26.765045166015625,25.449922561645508,26.79631996154785,24.564119338989258,1.9472891092300415,26.837860107421875,28.67816008324084,26.74523162841797,-1.1808853149414062
1977-09-16 00:00:00,20.33807945251465,24.86880111694336,26.629837036132812,28.409124614530246,26.38613510131836,25.747819900512695,28.008884008079526,27.350141525268555,12.22307300567627,27.31723403930664,25.46265411376953,27.480335235595703,24.598146438598633,2.448481798171997,27.272418975830078,28.616310184253173,26.930824279785156,-0.5092625617980957
1977-10-16 12:00:00,21.20131492614746,25.00597381591797,26.987695693969727,28.41687155220621,26.13100814819336,25.08214569091797,27.642213602771797,27.067041397094727,13.555645942687988,27.43235206604004,25.958953857421875,27.423213958740234,24.988676071166992,2.328293561935425,27.74730110168457,28.53259195971873,27.60330581665039,0.05501631274819374
1977-11-16 00:00:00,21.95608139038086,25.158283233642578,27.186161041259766,28.42721797038488,24.957590103149414,23.702835083007812,27.075664281257573,26.690608978271484,15.441615104675293,26.7354679107666,26.59208106994629,27.079038619995117,25.540132522583008,1.4333150386810303,28.034751892089844,28.4446461501307,28.04409408569336,-0.328665554523468
1977-12-16 12:00:00,22.91376304626465,25.4990177154541,26.87044906616211,28.42673200974635,23.71697425842285,22.714618682861328,26.24728896824921,25.395063400268555,17.41080093383789,25.8410701751709,27.0022029876709,26.124088287353516,26.212688446044922,0.08089043945074081,28.007755279541016,28.331081665184296,28.262826919555664,-0.4908269941806793
1978-01-16 12:00:00,24.36228370666504,25.074010848999023,26.453508377075195,28.430936730950314,22.51534652709961,21.546733856201172,25.085812244741096,24.091938018798828,19.653810501098633,24.74189567565918,27.31134605407715,24.826974868774414,26.786575317382812,-1.2112444639205933,28.032176971435547,28.1243794456331,28.023540496826172,-0.6983638405799866
1978-02-15 00:00:00,25.771799087524414,25.869173049926758,26.644943237304688,28.424638473808802,21.845869064331055,21.01324462890625,24.87112784239263,23.460472106933594,19.78858757019043,24.156644821166992,27.667997360229492,24.599990844726562,27.410242080688477,-2.864806652069092,28.28469467163086,28.01081126917807,28.254358291625977,-0.4686087667942047
1978-03-16 12:00:00,26.85408592224121,26.66817283630371,26.827625274658203,28.399969573553136,21.772533416748047,20.873979568481445,24.791305317588634,23.308486938476562,19.533489227294922,24.211584091186523,28.0866641998291,24.00381088256836,27.609155654907227,-3.1295881271362305,28.787158966064453,28.32389378751427,29.09688949584961,-0.018275359645485878
1978-04-16 00:00:00,25.054616928100586,27.34902000427246,27.57221031188965,28.384492271425906,22.052011489868164,21.222200393676758,25.020248850121337,23.68457794189453,17.53736686706543,24.547903060913086,28.08465576171875,24.800838470458984,27.620088577270508,-3.091524124145508,29.252382278442383,28.99377371291991,29.346139907836914,0.11358771473169327
1978-05-16 12:00:00,24.6400146484375,27.38589859008789,27.64084243774414,28.362293348343172,22.86300277709961,21.988603591918945,25.419933598626905,23.90120506286621,15.394755363464355,25.15755271911621,27.3099308013916,24.964523315429688,27.180246353149414,-2.008349657058716,28.835695266723633,29.172455474737163,28.485570907592773,-0.11076998710632324
1978-06-16 00:00:00,23.149154663085938,26.115005493164062,27.3294677734375,28.364642378293187,24.268075942993164,22.731224060058594,25.96383952689373,24.70863151550293,13.225238800048828,25.59652328491211,26.68341827392578,25.69566535949707,26.275117874145508,-0.6709765791893005,27.849836349487305,28.90226016384083,27.61009979248047,-1.0170824527740479
1978-07-16 12:00:00,22.24801254272461,25.36065673828125,27.01348114013672,28.360482678259228,25.120960235595703,23.87291145324707,26.441312393551534,25.839792251586914,12.138688087463379,26.158308029174805,26.01772689819336,26.315353393554688,25.52519989013672,0.816021203994751,27.042804718017578,28.72066258041438,26.968286514282227,-1.4648504257202148
1978-08-16 12:00:00,21.073299407958984,25.0421199798584,27.1610107421875,28.36686298079585,25.742900848388672,24.67070960998535,27.437996996383408,26.453365325927734,11.559839248657227,26.9376220703125,25.575197219848633,26.88786506652832,24.83687400817871,1.8336690664291382,26.837860107421875,28.489042614666594,26.754074096679688,-1.1108797788619995
1978-09-16 00:00:00,20.58279037475586,24.882394790649414,26.594818115234375,28.36838772241966,26.38613510131836,25.006441116333008,27.98511627328351,27.350141525268555,12.010077476501465,27.31723403930664,25.685096740722656,27.480335235595703,24.887298583984375,2.4713172912597656,27.359647750854492,28.410721339441913,27.008466720581055,-0.5396711230278015
1978-10-16 12:00:00,20.76137351989746,24.792448043823242,26.669687271118164,28.366631835436138,25.874866485595703,25.08214569091797,27.806921795832913,27.270830154418945,13.061820030212402,27.396881103515625,26.107881546020508,27.761852264404297,25.36406898498535,2.2876925468444824,27.75242042541504,28.559935952288054,27.501317977905273,-0.4690309762954712
1978-11-16 00:00:00,21.387575149536133,24.75190544128418,26.50260353088379,28.352684508163293,24.818462371826172,24.07978630065918,27.095151570322734,26.77254295349121,14.975388526916504,26.7354679107666,26.603206634521484,27.13060188293457,25.813337326049805,1.1716536283493042,27.94056510925293,28.639601724003946,27.84609603881836,-0.0456053651869297
1978-12-16 12:00:00,22.875715255737305,25.390281677246094,26.352169036865234,28.35806886597693,23.713502883911133,22.68410301208496,26.247900793573294,25.36318588256836,17.19000244140625,25.8410701751709,27.230077743530273,26.069089889526367,26.4208927154541,-0.2533327043056488,27.88260269165039,28.639460390576176,28.15346908569336,-0.7071105241775513
1979-01-16 12:00:00,24.26517677307129,25.522918701171875,26.517757415771484,28.3697333058053,22.51534652709961,21.686403274536133,24.860557049365514,24.427297592163086,17.824108123779297,24.74362564086914,27.48766326904297,25.212007522583008,26.86944007873535,-1.7621656656265259,27.67369270324707,28.22153341774567,28.1694393157959,-0.682073175907135
1979-02-15 00:00:00,25.437162399291992,26.23765754699707,26.80015754699707,28.368765377207183,21.860109329223633,20.900209426879883,23.96945413865389,24.115272521972656,19.517141342163086,24.006446838378906,27.72146987915039,24.816503524780273,27.346529006958008,-2.9279701709747314,27.948501586914062,28.169068179681744,28.368310928344727,-0.7163274884223938
1979-03-16 12:00:00,25.861764907836914,27.285799026489258,27.09221839904785,28.348153420229703,21.732500076293945,20.827566146850586,24.107068939060216,23.36217498779297,19.185028076171875,24.626712799072266,28.017292022705078,24.522205352783203,27.605831146240234,-3.4016871452331543,28.949731826782227,28.45242594695249,29.09070587158203,-0.124826580286026
1979-04-16 00:00:00,24.924367904663086,27.515228271484375,27.926286697387695,28.330503331844422,22.17984390258789,21.15951156616211,24.22081376102288,23.951122283935547,17.4847354888916,24.62381362915039,28.09429168701172,24.428937911987305,27.620088577270508,-3.3243677616119385,29.636123657226562,29.044342961907514,29.39266586303711,0.4039381444454193
1979-05-16 12:00:00,24.294475555419922,27.309450149536133,27.912303924560547,28.318183496950407,22.82477378845215,21.72861099243164,24.891378973377908,24.136518478393555,15.323007583618164,25.070911407470703,27.560304641723633,25.387060165405273,26.891321182250977,-1.9229168891906738,29.45048713684082,29.037357443972194,28.823823928833008,0.10784360021352768
1979-06-16 00:00:00,23.243562698364258,26.516971588134766,27.549726486206055,28.31359440901025,24.39239501953125,22.703214645385742,25.58454970320142,24.598661422729492,13.161093711853027,25.683027267456055,26.785356521606445,25.66622543334961,26.22842025756836,-0.5655266046524048,28.0555362701416,28.716551362315634,27.63631820678711,-0.8503403067588806
1979-07-16 12:00:00,21.839500427246094,25.847951889038086,26.926027297973633,28.322340844024875,25.14634895324707,23.989337921142578,26.252501843873418,25.566801071166992,12.257345199584961,26.215858459472656,26.048023223876953,26.20543098449707,25.57328987121582,0.7608163356781006,27.125520706176758,28.24622742985612,27.024913787841797,-1.2990963459014893
1979-08-16 12:00:00,20.8593807220459,25.0421199798584,26.960498809814453,28.33347747791379,25.987634658813477,24.522823333740234,26.99376152162709,26.58034896850586,12.085731506347656,26.89213752746582,25.66706085205078,26.763822555541992,24.94593048095703,1.914315938949585,27.006826400756836,27.922063887236508,26.617891311645508,-1.0664576292037964
1979-09-16 00:00:00,20.880680084228516,24.93370819091797,26.53426742553711,28.341787866164278,26.424665451049805,24.950315475463867,27.461742099720773,26.878047943115234,12.398287773132324,27.278766632080078,25.685096740722656,27.22040367126465,24.76675033569336,2.4068496227264404,27.237924575805664,27.89350180654816,27.155811309814453,-0.4027649462223053
1979-10-16 12:00:00,21.102636337280273,24.825040817260742,26.52243423461914,28.346482713708482,25.899070739746094,25.08692169189453,27.06205904991212,26.81740951538086,13.54468059539795,27.344619750976562,26.107881546020508,27.181346893310547,25.256546020507812,2.400379180908203,27.91512680053711,28.12225109605841,27.75596046447754,-0.005436026956886053
1979-11-16 00:00:00,21.6444149017334,25.179738998413086,26.532793045043945,28.355324634620903,24.792675018310547,23.864559173583984,26.564800188205723,26.264848709106445,15.197513580322266,26.731971740722656,26.61464500427246,26.842544555664062,25.757959365844727,1.1133605241775513,28.292198181152344,28.427966204084836,28.238388061523438,0.0541047640144825
1979-12-16 12:00:00,22.833738327026367,24.875261306762695,25.972822189331055,28.36241473358047,23.495935440063477,22.635208129882812,25.898384378928426,25.36359214782715,17.0786075592041,25.832717895507812,27.230077743530273,25.973125457763672,26.350589752197266,-0.3245011866092682,28.164796829223633,28.639878599448476,28.280399322509766,-0.36059287190437317
1980-01-16 12:00:00,24.534502029418945,24.985254287719727,26.279090881347656,28.38354931972913,22.51534652709961,21.8284854888916,24.619400304805996,24.10381507873535,19.500370025634766,24.7122745513916,27.340187072753906,24.703088760375977,26.636959075927734,-1.7190368175506592,27.613544464111328,28.412308562200092,28.143150329589844,-0.5276486873626709
1980-02-15 00:00:00,25.80039405822754,26.229829788208008,26.7034969329834,28.39606215869888,21.854829788208008,20.946346282958984,24.124760118803266,24.005168914794922,19.9768009185791,24.29186248779297,27.720928192138672,24.43477439880371,27.033424377441406,-2.872225046157837,27.948501586914062,28.330562173010605,28.45575714111328,-0.5748157501220703
1980-03-16 12:00:00,25.98946189880371,27.02170753479004,26.972166061401367,28.384672553753006,21.75537872314453,20.827566146850586,23.74243692859279,23.461519241333008,19.18463134765625,24.053377151489258,28.17657470703125,24.61875343322754,27.477712631225586,-3.450777292251587,28.741331100463867,28.598006371531838,28.86464500427246,-0.24256031215190887
1980-04-16 00:00:00,24.956562042236328,27.37000274658203,28.102201461791992,28.359686380415425,22.08883285522461,21.377708435058594,24.153045964887845,23.527645111083984,17.53736686706543,24.510438919067383,28.16476058959961,24.6192684173584,27.79669952392578,-2.9893925189971924,28.965787887573242,28.93592830002619,29.647146224975586,-0.0009517922298982739
1980-05-16 12:00:00,24.11383628845215,27.08251953125,27.58130645751953,28.352385626128594,23.023359298706055,21.865467071533203,24.826595358487538,24.205402374267578,15.679947853088379,25.162378311157227,27.439437866210938,25.387060165405273,27.018150329589844,-2.0951457023620605,29.23673439025879,28.962761488138966,28.877376556396484,0.1699071228504181
1980-06-16 00:00:00,22.63698959350586,26.115005493164062,27.554153442382812,28.34880027300776,24.341909408569336,23.03169822692871,25.24423889923498,24.603145599365234,13.631580352783203,25.783891677856445,26.68341827392578,25.61538314819336,26.22842025756836,-0.5792609453201294,28.08735466003418,28.645441779868076,27.65811538696289,-0.7583156228065491
1980-07-16 12:00:00,21.787708282470703,25.227832794189453,26.62790298461914,28.34978917218049,25.162689208984375,24.019527435302734,25.96990915230787,25.576810836791992,12.333808898925781,26.193492889404297,26.01772689819336,26.281888961791992,25.44735336303711,0.7924243807792664,27.125520706176758,28.221578502121996,26.959617614746094,-1.3055429458618164
1980-08-16 12:00:00,21.006093978881836,24.98943519592285,26.763294219970703,28.360564807485375,26.07979965209961,24.807756423950195,26.91398576855141,26.459383010864258,12.037660598754883,26.72609519958496,25.806110382080078,26.90869140625,24.85722541809082,1.9532099962234497,26.939306259155273,28.040974101708336,26.777070999145508,-1.0517351627349854
1980-09-16 00:00:00,20.556869506835938,24.440969467163086,26.582456588745117,28.361271400741632,26.103208541870117,25.338857650756836,27.246906275779303,26.878047943115234,12.25585651397705,27.27704620361328,25.641597747802734,27.22040367126465,24.73381233215332,2.432462215423584,27.520565032958984,28.076418576828143,27.16542625427246,-0.547941267490387
1980-10-16 12:00:00,20.92708969116211,25.12957000732422,26.71532440185547,28.36084351908071,26.02153968811035,25.137296676635742,26.942432500572995,27.004291534423828,13.421645164489746,27.250537872314453,26.20046615600586,27.406335830688477,25.36406898498535,2.308924436569214,27.930124282836914,28.315179441709333,27.586414337158203,-0.2555534243583679
1980-11-16 00:00:00,21.82461166381836,24.55512237548828,26.390928268432617,28.366815504147034,24.90965461730957,24.054285049438477,26.397425138746556,26.422035217285156,15.197513580322266,26.63325309753418,26.598649978637695,26.78406524658203,25.813337326049805,1.2389724254608154,28.002233505249023,28.337730455133237,27.827701568603516,-0.27641525864601135
1980-12-16 12:00:00,22.56650161743164,24.695648193359375,26.170005798339844,28.374257167411905,23.70216941833496,22.599939346313477,25.421864132639335,25.17881965637207,17.542970657348633,25.707216262817383,27.029813766479492,25.829845428466797,26.274328231811523,-0.28591933846473694,27.81366729736328,28.33268882344939,28.109994888305664,-0.4284365177154541
1981-01-16 12:00:00,24.173437118530273,25.189027786254883,26.08483123779297,28.390594284016167,22.601829528808594,21.489192962646484,24.057454357470778,24.377378463745117,19.121339797973633,24.851091384887695,27.674415588378906,24.957090377807617,26.613018035888672,-1.4749497175216675,27.693565368652344,28.15177996148143,28.00077247619629,-0.6925232410430908
1981-02-15 00:00:00,25.771799087524414,25.810932159423828,26.364898681640625,28.401149610534652,21.8405818939209,20.933073043823242,23.41649507551094,23.61042594909668,19.750743865966797,24.175209045410156,27.81654930114746,24.173582077026367,26.87938690185547,-2.4683024883270264,27.94440460205078,28.035859024143992,28.230470657348633,-0.5128925442695618
1981-03-16 12:00:00,26.290163040161133,27.0433292388916,27.04152488708496,28.390478839855955,21.89060401916504,20.99920082092285,23.41213,23.765247344970703,19.41870880126953,24.450803756713867,28.12641143798828,24.667356491088867,27.478818893432617,-2.3501181602478027,28.808368682861328,28.42138066321843,28.99854278564453,-0.1095934584736824
1981-04-16 00:00:00,25.647245407104492,27.34902000427246,27.69330406188965,28.38010664665156,22.10772705078125,21.32029914855957,23.42649712252368,24.13060760498047,17.10408592224121,24.709205627441406,28.075834274291992,24.814632415771484,27.494089126586914,-2.463808536529541,29.593055725097656,29.041366830006965,29.42858123779297,0.4332527816295624
1981-05-16 12:00:00,23.6712589263916,26.728641510009766,28.076444625854492,28.367849142873606,22.87497901916504,21.876070022583008,23.992787702860348,24.48904800415039,15.733305931091309,25.15761375427246,27.616764068603516,24.8909969329834,26.891321182250977,-1.868278980255127,28.865829467773438,28.911373200242114,28.4023494720459,0.00617718230932951
1981-06-16 00:00:00,22.85075569152832,26.31411361694336,27.57097816467285,28.35995185483963,24.265548706054688,23.086456298828125,24.727067326630827,25.06532096862793,13.305598258972168,25.561460494995117,26.892282485961914,25.651559829711914,26.18726921081543,-0.32496243715286255,27.7758731842041,28.76427944282979,27.569751739501953,-1.0124675035476685
1981-07-16 12:00:00,21.502845764160156,25.340476989746094,27.35223960876465,28.363046568205007,25.362133026123047,24.02288246154785,25.588572545670775,25.44422149658203,12.044821739196777,26.181108474731445,26.273792266845703,26.13968849182129,25.44735336303711,0.8566877841949463,27.142053604125977,28.280590226400868,26.705400466918945,-1.5247982740402222
1981-08-16 12:00:00,20.9918155670166,24.64069366455078,26.535737991333008,28.36179385412131,26.225271224975586,24.596664428710938,26.566119901511517,26.26102066040039,11.927672386169434,26.66555404663086,25.878284454345703,26.647953033447266,24.610673904418945,2.0446650981903076,26.837860107421875,28.138473651922684,26.755277633666992,-1.2052953243255615
1981-09-16 00:00:00,20.57650375366211,24.75735092163086,26.293659210205078,28.368072824968408,26.318645477294922,25.338857650756836,27.083243923731857,26.78901481628418,12.309309959411621,27.05322265625,25.613101959228516,27.188766479492188,24.76675033569336,2.5271050930023193,27.277267456054688,28.093216109942816,27.025650024414062,-0.5418091416358948
1981-10-16 12:00:00,20.76576042175293,24.941938400268555,26.71532440185547,28.35880312379635,25.953773498535156,25.081575393676758,26.857243352269506,26.81740951538086,13.433001518249512,27.307384490966797,26.066129684448242,27.185396194458008,24.946969985961914,2.3140623569488525,27.718185424804688,28.36955210103203,27.502670288085938,-0.29074835777282715
1981-11-16 00:00:00,22.01828956604004,24.645214080810547,26.461612701416016,28.3576010559377,24.936763763427734,23.954200744628906,26.442749835060244,26.264848709106445,15.478639602661133,26.774314880371094,26.57651138305664,26.764923095703125,25.57204246520996,1.2389724254608154,28.045103073120117,28.33272707511314,27.84609603881836,-0.433453232049942
1981-12-16 12:00:00,22.875715255737305,25.066295623779297,26.32106590270996,28.35348267616774,23.629281997680664,22.599939346313477,25.768721805797743,25.401168823242188,17.74142837524414,25.807579040527344,27.13277244567871,26.020633697509766,26.12321662902832,-0.24645788967609406,27.965362548828125,28.269564759680268,28.262826919555664,-0.45811736583709717
1982-01-16 12:00:00,24.23222541809082,25.627382278442383,26.74335479736328,28.35966434857456,22.4381046295166,21.573030471801758,24.792237743151126,24.08901596069336,19.116455078125,24.7122745513916,27.4451904296875,24.93881607055664,26.68659019470215,-1.6267904043197632,27.684419631958008,27.99571040570547,27.995683670043945,-0.6600323915481567
1982-02-15 00:00:00,25.488454818725586,26.1756649017334,26.449350357055664,28.360855445551202,21.83176612854004,20.949539184570312,24.12489640398102,23.346540451049805,19.29820442199707,24.547388076782227,27.674009323120117,24.30660057067871,27.033424377441406,-2.569960355758667,27.862146377563477,27.845603324686703,28.312503814697266,-0.1520940661430359
1982-03-16 12:00:00,26.06067657470703,26.6971492767334,26.9198055267334,28.353200642533825,21.867084503173828,20.88563346862793,23.978179060703614,23.259382247924805,19.655498504638672,24.121736526489258,28.010175704956055,24.51469612121582,27.522886276245117,-3.081502914428711,28.882413864135742,28.377318246579744,29.093528747558594,0.021020593121647835
1982-04-16 00:00:00,25.25641441345215,27.616724014282227,27.685041427612305,28.337292413689422,22.212369918823242,21.080341339111328,24.375046192177777,23.68659019470215,17.8076114654541,24.536075592041016,28.068313598632812,24.428937911987305,27.775936126708984,-2.879586935043335,29.593055725097656,28.844161426505035,29.454710006713867,0.3745710849761963
1982-05-16 12:00:00,24.27069664001465,26.995555877685547,27.48544692993164,28.32729807894845,22.741884231567383,21.72861099243164,25.01525744546862,24.136518478393555,15.989676475524902,25.1120662689209,27.58662986755371,25.14358139038086,26.798572540283203,-1.8902803659439087,29.45048713684082,28.972314665031615,28.904041290283203,0.21585218608379364
1982-06-16 00:00:00,23.151769638061523,26.623022079467773,27.822933197021484,28.329841458017263,24.29134178161621,22.731224060058594,25.574461287010806,24.598661422729492,13.749955177307129,25.705318450927734,26.79132080078125,25.61538314819336,26.23350715637207,-0.5473718047142029,28.11486053466797,28.718569210937815,27.841663360595703,-0.7256883382797241
1982-07-16 12:00:00,21.806991577148438,25.955385208129883,27.19220733642578,28.332001791075932,25.120960235595703,23.526384353637695,26.236263578054864,25.592350006103516,11.996844291687012,26.208864212036133,26.03289031982422,26.227718353271484,25.405946731567383,0.8112351894378662,27.216400146484375,28.05153422881393,27.000524520874023,-0.9381648302078247
1982-08-16 12:00:00,21.26742935180664,25.017274856567383,27.060047149658203,28.338738461902253,25.809127807617188,24.5218563079834,26.8727690788316,26.29684829711914,11.82192325592041,26.720443725585938,25.80722999572754,26.77593994140625,24.823015213012695,1.9070345163345337,26.917200088500977,27.751414751777403,26.78760528564453,-0.6147504448890686
1982-09-16 00:00:00,20.68339729309082,25.14996337890625,26.978635787963867,28.33949914727795,26.185747146606445,24.970882415771484,27.1321311384494,26.839012145996094,12.183944702148438,27.074308395385742,25.819894790649414,27.303743362426758,24.77248764038086,2.5154061317443848,27.504776000976562,27.58358987294789,27.233192443847656,-0.08830631524324417
1982-10-16 12:00:00,21.373287200927734,25.277263641357422,26.760587692260742,28.331827537524575,25.874866485595703,24.95546531677246,27.02937733719349,26.81740951538086,13.533531188964844,27.126201629638672,26.098712921142578,27.181346893310547,24.919824600219727,2.308924436569214,28.050397872924805,27.604785415680684,27.88719367980957,-0.03430350869894028
1982-11-16 00:00:00,21.96852684020996,25.53641128540039,27.10140609741211,28.323652497099776,24.84440803527832,23.776437759399414,26.492476554296505,26.2241153717041,15.057489395141602,26.598251342773438,26.61464500427246,26.647594451904297,25.57852554321289,1.2152022123336792,28.154422760009766,27.76328600379103,28.35597801208496,0.023706035688519478
1982-12-16 12:00:00,23.31757926940918,26.132930755615234,27.843374252319336,28.33288584526425,23.495935440063477,22.65391731262207,25.717018395751396,25.196041107177734,17.0786075592041,25.616798400878906,27.270483016967773,25.634519577026367,26.145313262939453,-0.3558298647403717,28.183874130249023,28.08442276560635,28.46673011779785,-0.3531462252140045
1983-01-16 12:00:00,24.784013748168945,26.215940475463867,27.797964096069336,28.330744110093136,22.420190811157227,21.359033584594727,24.86732310017419,24.08901596069336,19.500370025634766,24.85957145690918,27.59619903564453,24.8182373046875,26.654611587524414,-1.8417775630950928,27.816722869873047,28.629783242889683,28.295400619506836,-0.6963961720466614
1983-02-15 00:00:00,26.060909271240234,26.994958877563477,27.04627227783203,28.3367709035963,22.016233444213867,20.875438690185547,24.04755817650702,23.618160247802734,19.867834091186523,24.53766441345215,27.808753967285156,24.154666900634766,27.17076873779297,-2.89567232131958,28.048452377319336,28.29696718582622,28.470966339111328,-0.663167417049408
1983-03-16 12:00:00,26.98291778564453,27.789464950561523,27.702478408813477,28.324111901205995,21.829635620117188,20.838598251342773,24.122206445553264,23.899974822998047,18.95332908630371,24.626712799072266,28.087646484375,24.797258377075195,27.651947021484375,-2.8492276668548584,28.770427703857422,28.790379992706043,29.386850357055664,-0.14060078561306
1983-04-16 00:00:00,25.97513771057129,27.90569496154785,27.9539737701416,28.313813296466183,22.08883285522461,21.160579681396484,24.34460008251895,24.306196212768555,17.4847354888916,24.672443389892578,28.054773330688477,24.741973876953125,27.616195678710938,-2.943356513977051,29.585630416870117,29.283021231477395,29.536489486694336,-0.03582695499062538
1983-05-16 12:00:00,26.015182495117188,27.342857360839844,27.76946258544922,28.304091434866407,22.750335693359375,21.71304702758789,24.899732206205577,24.166027069091797,15.697486877441406,25.1120662689209,27.574539184570312,25.41197395324707,26.891321182250977,-1.8902803659439087,29.343482971191406,29.26051750762097,28.973711013793945,0.13027682900428772
1983-06-16 00:00:00,25.059528350830078,26.943138122558594,27.633068084716797,28.291754235960894,24.093597412109375,22.744216918945312,25.59203979055742,24.730806350708008,13.305598258972168,25.704626083374023,26.889135360717773,25.624305725097656,26.201906204223633,-0.5473718047142029,28.640846252441406,28.847656564526826,28.290098190307617,-0.7194049954414368
1983-07-16 12:00:00,23.01740264892578,26.230817794799805,26.969633102416992,28.29660390437985,25.117767333984375,23.487483978271484,26.460728345844387,25.547252655029297,12.054232597351074,26.24506187438965,26.130081176757812,26.332717895507812,25.447368621826172,0.766460120677948,27.631263732910156,28.468236361674105,27.375953674316406,-0.7939404845237732
1983-08-16 12:00:00,22.814638137817383,25.34897232055664,26.685701370239258,28.298616736713402,25.8625545501709,24.347360610961914,27.211893975633828,26.370342254638672,11.905110359191895,26.688623428344727,25.75165367126465,26.864421844482422,24.95079231262207,1.8336690664291382,27.234437942504883,28.06875356065028,27.095598220825195,-0.5306033492088318
1983-09-16 00:00:00,20.756563186645508,25.37110710144043,26.542205810546875,28.302028737712714,26.210189819335938,24.950315475463867,27.45586329438711,26.89017677307129,12.10165023803711,27.15073013305664,25.89813995361328,27.13583755493164,24.94342613220215,2.5154061317443848,27.558286666870117,27.837837112842955,27.304847717285156,-0.31135132908821106
1983-10-16 12:00:00,20.829463958740234,25.319656372070312,25.827869415283203,28.28778978984287,25.84725570678711,24.86795997619629,27.209902840333434,27.02569580078125,13.434350967407227,27.203798294067383,26.088918685913086,27.3620662689209,25.151695251464844,2.359527111053467,28.060888290405273,27.92339788771171,27.755739212036133,-0.012255238369107246
1983-11-16 00:00:00,21.493797302246094,24.70613670349121,25.737258911132812,28.28915512918263,24.983531951904297,24.048707962036133,26.689936177075833,26.446596145629883,15.080300331115723,26.72391128540039,26.690217971801758,26.913366317749023,25.743064880371094,1.2387118339538574,28.268796920776367,28.22149688227883,28.20928955078125,-0.12705692648887634
1983-12-16 12:00:00,22.557575225830078,24.498685836791992,25.60238265991211,28.29247380085834,23.619375228881836,22.757984161376953,25.947809510607218,25.49496078491211,17.32664680480957,25.759145736694336,27.155975341796875,25.995563507080078,26.350589752197266,-0.27916622161865234,28.202390670776367,28.597404129284048,28.228078842163086,-0.4215109944343567
1984-01-16 12:00:00,24.381553649902344,24.927221298217773,25.854677200317383,28.29785071169641,22.53905487060547,21.557655334472656,25.171593357170426,24.125247955322266,19.20482635498047,24.817956924438477,27.64209747314453,24.790687561035156,26.885377883911133,-1.7408069372177124,27.911630630493164,28.87729909187432,28.1815185546875,-0.6893846392631531
1984-02-15 00:00:00,25.30861473083496,26.27562141418457,26.472900390625,28.307107187655646,21.901567459106445,20.978729248046875,25.02659006199192,23.460472106933594,19.885725021362305,24.188962936401367,27.882490158081055,24.37183380126953,27.38404083251953,-2.9527857303619385,27.9959716796875,29.21377469712268,28.056053161621094,-0.6185993552207947
1984-03-16 12:00:00,25.689926147460938,26.86301040649414,26.585453033447266,28.299678379807126,21.70657730102539,20.602367401123047,25.06993447663835,23.375965118408203,19.08111000061035,24.214374542236328,28.020694732666016,24.420011520385742,27.92889976501465,-3.4016871452331543,28.6279354095459,29.54406342466337,28.96384048461914,-0.17211851477622986
1984-04-16 00:00:00,25.028181076049805,27.30581283569336,27.482995986938477,28.29810283781521,21.993680953979492,21.05486297607422,25.415533840851534,23.596403121948242,17.4847354888916,24.324920654296875,28.025632858276367,24.564624786376953,27.630321502685547,-3.3667962551116943,29.584598541259766,29.565221813096848,29.519590377807617,0.4614897668361664
1984-05-16 12:00:00,24.00103187561035,27.065340042114258,27.620622634887695,28.29376897867048,22.86300277709961,21.85968017578125,25.87525841584155,24.221698760986328,15.323007583618164,25.112672805786133,27.546327590942383,25.204872131347656,27.216266632080078,-2.0946948528289795,29.08490562438965,29.431922252741117,28.631866455078125,0.11169660091400146
1984-06-16 00:00:00,22.476661682128906,25.919374465942383,27.549726486206055,28.299328068145684,24.159286499023438,22.593250274658203,26.23953524238408,24.691076278686523,13.558602333068848,25.60051155090332,26.74280548095703,25.68880844116211,26.262271881103516,-0.6620756387710571,27.989904403686523,28.90435001813502,27.424190521240234,-0.8831992745399475
1984-07-16 12:00:00,21.6602783203125,25.358522415161133,26.882448196411133,28.312500653462607,24.79175567626953,23.376977920532227,26.79982664959854,25.669368743896484,12.059979438781738,26.125444412231445,26.049863815307617,26.353530883789062,25.57328987121582,0.8874179124832153,27.173181533813477,28.415901371451497,26.99785041809082,-1.023976445198059
1984-08-16 12:00:00,20.4704532623291,25.030548095703125,26.757883071899414,28.349237555658057,25.677709579467773,24.29045867919922,27.833326773633313,26.52239227294922,11.869142532348633,26.739484786987305,25.575197219848633,26.849111557006836,24.70941734313965,1.9466238021850586,26.9178409576416,28.201379727500495,26.836496353149414,-1.0517351627349854
1984-09-16 00:00:00,20.518163681030273,24.91435432434082,26.674762725830078,28.381679793462343,26.158374786376953,24.950315475463867,28.01587323300177,26.94925308227539,12.10759162902832,27.219078063964844,25.641597747802734,27.46286392211914,24.73381233215332,2.4068496227264404,27.234785079956055,28.29826040748273,27.04244041442871,-0.7946320176124573
1984-10-16 12:00:00,20.94586753845215,24.716482162475586,26.496618270874023,28.38395428051765,25.95693016052246,24.955379486083984,27.644038888279336,27.001903533935547,13.499853134155273,27.274089813232422,26.065349578857422,27.480499267578125,25.16619300842285,2.2650694847106934,27.784658432006836,28.313710116562827,27.484643936157227,-0.29074835777282715
1984-11-16 00:00:00,21.82461166381836,25.088428497314453,26.391679763793945,28.38703137434394,24.792675018310547,23.751405715942383,26.764619259365496,26.479875564575195,15.218043327331543,26.681909561157227,26.571212768554688,26.858041763305664,25.813337326049805,1.1601033210754395,28.06850814819336,28.32153276530197,28.038673400878906,-0.19162990152835846
1984-12-16 12:00:00,22.54376983642578,24.34129524230957,26.332773208618164,28.417337739533817,23.495935440063477,22.635208129882812,25.970485567494237,25.319862365722656,17.094764709472656,25.82741355895996,27.024667739868164,25.975584030151367,26.084819793701172,-0.2762777805328369,27.95488166809082,28.474455559482408,28.335609436035156,-0.36059287190437317
1985-01-16 12:00:00,24.23222541809082,25.02491569519043,26.1916446685791,28.437222021043546,22.516267776489258,21.546733856201172,24.9155606226122,24.236928939819336,19.38257598876953,24.710844039916992,27.31212615966797,24.883878707885742,26.636959075927734,-1.8850867748260498,27.683855056762695,28.222504559931277,28.160099029541016,-0.6983638405799866
1985-02-15 00:00:00,25.488454818725586,25.662324905395508,26.158451080322266,28.433997435957203,21.845869064331055,20.946346282958984,24.193686873201987,23.0670166015625,19.763612747192383,24.112533569335938,27.725862503051758,24.319272994995117,27.270559310913086,-3.3568947315216064,27.823043823242188,28.090882002635574,28.19793128967285,-0.5840850472450256
1985-03-16 12:00:00,25.73321533203125,26.31419563293457,26.57626724243164,28.424299932811095,21.732500076293945,20.792285919189453,24.21125248980485,23.29125213623047,19.443944931030273,23.9771671295166,27.937734603881836,24.16681671142578,27.425804138183594,-3.786036252975464,28.486013412475586,28.492396863932697,28.848848342895508,-0.2566767632961273
1985-04-16 00:00:00,25.091495513916016,26.976673126220703,27.212852478027344,28.42060241825387,22.202608108520508,21.15951156616211,24.42741122000414,23.569355010986328,17.8076114654541,24.298175811767578,27.966035842895508,24.539539337158203,27.608659744262695,-3.488435745239258,28.997438430786133,29.002192271394595,29.27016258239746,0.05114159360527992
1985-05-16 12:00:00,23.719507217407227,26.39668083190918,27.41535758972168,28.40940938903576,22.917694091796875,21.876070022583008,24.88411840941159,23.9408016204834,15.747597694396973,24.904991149902344,27.285741806030273,24.912673950195312,26.995561599731445,-2.0658650398254395,29.14078140258789,29.023027561915054,28.674312591552734,-0.0049712988547980785
1985-06-16 00:00:00,22.549827575683594,25.992952346801758,27.07305335998535,28.402780382561254,24.35405731201172,23.03169822692871,25.293923199054046,24.54244041442871,13.298718452453613,25.56386375427246,26.51264762878418,25.61538314819336,26.29579734802246,-0.5983408093452454,27.625431060791016,28.80256283201801,27.393144607543945,-1.0213747024536133
1985-07-16 12:00:00,21.354061126708984,25.36585807800293,26.728134155273438,28.410356381867178,25.096498489379883,23.756750106811523,26.136557349381484,25.592350006103516,12.369160652160645,26.343366622924805,25.920978546142578,26.227718353271484,25.435518264770508,0.8053911328315735,26.979490280151367,28.614736861444868,26.81374740600586,-1.4095157384872437
1985-08-16 12:00:00,20.39389419555664,24.763505935668945,26.586549758911133,28.416661282141302,25.892108917236328,24.460968017578125,27.08415371148974,26.4255428314209,12.044499397277832,26.67546844482422,25.449922561645508,26.808992385864258,24.94593048095703,1.8993637561798096,26.847904205322266,28.32293222299816,26.754074096679688,-1.153804063796997
1985-09-16 00:00:00,20.19700050354004,24.706880569458008,26.44919776916504,28.421329085018566,26.236114501953125,25.021739959716797,27.610303551100575,27.087390899658203,12.410477638244629,27.15073013305664,25.46265411376953,27.21640968322754,24.76675033569336,2.4528346061706543,27.182767868041992,28.2282223239636,27.016389846801758,-0.5943582653999329
1985-10-16 12:00:00,20.804466247558594,24.63484764099121,26.436473846435547,28.41530205923827,25.93805694580078,24.977558135986328,27.24684405223564,26.93800926208496,13.434350967407227,27.196361541748047,25.90163230895996,27.423213958740234,25.245223999023438,2.21356201171875,27.621143341064453,28.563760298688265,27.278764724731445,-0.31735771894454956
1985-11-16 00:00:00,21.71636390686035,25.118629455566406,26.861928939819336,28.408514186026135,24.99431610107422,24.26551628112793,26.50382197942023,26.264848709106445,15.218043327331543,26.63325309753418,26.568832397460938,26.750591278076172,25.674575805664062,1.2065730094909668,27.951194763183594,28.520000641918042,27.856225967407227,-0.3196863830089569
1985-12-16 12:00:00,22.833738327026367,24.438228607177734,26.69584083557129,28.41135938316625,23.5400447845459,22.7226505279541,25.625035003819118,25.212324142456055,17.71713638305664,25.707216262817383,27.029813766479492,25.634519577026367,26.119935989379883,-0.2533327043056488,27.853410720825195,28.29300655951345,28.109994888305664,-0.48554831743240356
1986-01-16 12:00:00,24.5924015045166,24.985254287719727,25.996850967407227,28.409629472594595,22.417564392089844,21.49694061279297,24.42321962015614,24.093313217163086,19.590330123901367,24.51202964782715,27.38030433654785,24.719512939453125,26.725460052490234,-1.8981740474700928,27.637296676635742,27.973645364681385,28.000633239746094,-0.5434547662734985
1986-02-15 00:00:00,25.79804039001465,25.79354476928711,26.246431350708008,28.39957897450299,21.8405818939209,20.70649528503418,23.897705496139228,23.24808692932129,19.856252670288086,24.0283260345459,27.69953727722168,24.1738224029541,27.377344131469727,-3.3496973514556885,27.98111343383789,28.218170289692395,28.213071823120117,-0.5908359289169312
1986-03-16 12:00:00,26.36347770690918,26.6971492767334,26.85361099243164,28.385415717478224,21.739946365356445,20.620075225830078,23.592425036403565,22.9576473236084,19.003568649291992,23.97503662109375,27.94961166381836,24.21478843688965,27.676815032958984,-3.338569164276123,28.61814308166504,28.903933422179335,28.86246681213379,-0.12339390814304352
1986-04-16 00:00:00,25.43831443786621,27.371997833251953,27.729610443115234,28.376754498622727,22.15834617614746,20.83420181274414,23.737737261451347,23.0833740234375,17.53736686706543,24.352306365966797,27.913394927978516,24.3232364654541,27.601736068725586,-3.0497522354125977,29.327468872070312,29.162428066084043,29.499317169189453,0.23215091228485107
1986-05-16 12:00:00,24.200950622558594,26.995555877685547,27.58130645751953,28.364574669786396,22.774206161499023,21.825063705444336,24.194474370431536,23.547258377075195,15.695747375488281,24.71955108642578,27.55687713623047,24.894466400146484,26.982994079589844,-2.1872775554656982,28.87876319885254,29.37764472759645,28.40992546081543,-0.11376814544200897
1986-06-16 00:00:00,23.46143913269043,26.49791717529297,27.415267944335938,28.354719036621436,24.048337936401367,22.865802764892578,24.87821851805457,24.490440368652344,13.688114166259766,25.586334228515625,26.778963088989258,25.495880126953125,26.233108520507812,-0.931736409664154,27.74091911315918,29.09302424678506,27.43047523498535,-1.026126742362976
1986-07-16 12:00:00,21.735889434814453,25.863182067871094,26.62790298461914,28.354826776435004,25.138864517211914,23.938385009765625,25.76785110727287,25.39653205871582,12.070320129394531,26.171180725097656,26.053415298461914,26.06949234008789,25.44735336303711,0.8566877841949463,26.95753288269043,28.73291573738625,26.6581974029541,-1.343510627746582
1986-08-16 12:00:00,20.747657775878906,25.07282066345215,26.9775447845459,28.349608653511893,25.828441619873047,24.64728546142578,26.63450387242619,26.230684280395508,11.567047119140625,26.710556030273438,25.64345359802246,26.630023956298828,25.00135040283203,1.9809106588363647,26.88860511779785,28.31828334514959,26.60173797607422,-1.2052953243255615
1986-09-16 00:00:00,20.535736083984375,25.08160400390625,26.6547908782959,28.353568568714074,26.427034378051758,25.273006439208984,26.942052711158922,26.69779396057129,12.010077476501465,27.052379608154297,25.701723098754883,27.047073364257812,24.887298583984375,2.409162759780884,27.21746063232422,28.27288017098725,27.13207244873047,-0.2187056839466095
1986-10-16 12:00:00,20.961246490478516,24.798826217651367,26.957229614257812,28.349772776944114,25.933557510375977,25.000717163085938,26.681853672203843,26.70975685119629,13.297685623168945,27.11973762512207,26.128406524658203,27.195451736450195,25.256546020507812,2.421494245529175,27.813867568969727,28.33615249538881,27.75596046447754,-0.188135027885437
1986-11-16 00:00:00,21.332168579101562,25.19181251525879,26.724475860595703,28.350992106071,24.883543014526367,23.654321670532227,26.35839472296104,26.2241153717041,14.763446807861328,26.63325309753418,26.603206634521484,26.795204162597656,25.76238250732422,1.1133605241775513,28.2060489654541,28.46700053499768,28.11856460571289,-0.21154527366161346
1986-12-16 12:00:00,22.90445899963379,25.28313636779785,26.71218490600586,28.363510228747845,23.321584701538086,22.512279510498047,25.177367075538058,24.862932205200195,16.596134185791016,25.400951385498047,27.08616828918457,25.46186637878418,26.350589752197266,-0.28591933846473694,28.008743286132812,28.53176910992035,28.31144142150879,-0.4774552285671234
1987-01-16 12:00:00,24.284318923950195,25.78413963317871,26.46563148498535,28.371450805356865,22.46111488342285,21.57139015197754,24.203743368752725,24.030031204223633,18.92987060546875,24.454809188842773,27.48766326904297,24.79762077331543,26.636959075927734,-1.8417775630950928,27.675933837890625,28.417619573357204,28.12529754638672,-0.5276486873626709
1987-02-15 00:00:00,25.488454818725586,26.42724609375,26.766345977783203,28.374672858960146,22.001195907592773,20.881269454956055,23.844449350197387,23.22566795349121,19.615787506103516,24.542308807373047,27.755172729492188,24.177392959594727,27.28139877319336,-2.835825204849243,28.0689754486084,28.171452544470416,28.42681884765625,-0.5247899293899536
1987-03-16 12:00:00,26.4671573638916,27.25402069091797,27.66608238220215,28.358031836623258,21.834915161132812,21.02527618408203,23.74925532983406,23.91641616821289,19.371980667114258,24.053377151489258,28.1082820892334,24.211856842041016,27.657913208007812,-3.2097747325897217,28.863178253173828,28.679343322716115,28.9415283203125,-0.20594823360443115
1987-04-16 00:00:00,25.77244758605957,27.964208602905273,27.663454055786133,28.354149791011267,22.053531646728516,21.165422439575195,24.119009019371298,23.82619857788086,17.52743911743164,24.844770431518555,28.021272659301758,24.888614654541016,27.620088577270508,-2.8084566593170166,29.561052322387695,29.072654885819592,29.529876708984375,0.3648236393928528
1987-05-16 12:00:00,24.297082901000977,27.787111282348633,27.972301483154297,28.343866186588535,22.86300277709961,21.928936004638672,24.637712972047684,24.082733154296875,15.733305931091309,24.9902286529541,27.560304641723633,25.430173873901367,27.100059509277344,-1.9229168891906738,29.45048713684082,29.06822078190997,28.93657112121582,0.10784360021352768
1987-06-16 00:00:00,22.956920623779297,26.419818878173828,27.304229736328125,28.344788460316156,24.268075942993164,23.052467346191406,25.21672077812216,25.006216049194336,13.298718452453613,25.995468139648438,26.785356521606445,25.902002334594727,26.22789764404297,-0.5473718047142029,28.05780792236328,28.85400425769171,27.78095245361328,-0.8579244017601013
1987-07-16 12:00:00,21.610431671142578,25.658185958862305,27.899477005004883,28.34602321521547,25.29975700378418,23.675559997558594,25.996250844795878,25.632137298583984,12.205907821655273,26.343366622924805,26.053415298461914,26.473642349243164,25.46036720275879,0.7608163356781006,27.16612434387207,28.669333130618583,26.834217071533203,-1.5637311935424805
1987-08-16 12:00:00,21.218971252441406,25.039369583129883,27.1610107421875,28.35709639776262,25.954063415527344,24.660871505737305,26.86421901840034,26.58034896850586,11.905110359191895,26.690244674682617,25.66706085205078,26.815540313720703,24.986356735229492,1.9444578886032104,27.104496002197266,28.43030620680611,26.83353042602539,-1.0594813823699951
1987-09-16 00:00:00,20.556869506835938,25.15546226501465,26.95905876159668,28.356389320550395,26.384279251098633,25.377376556396484,27.36014176177262,26.878047943115234,12.313857078552246,27.260099411010742,25.685096740722656,27.13583755493164,24.937179565429688,2.432462215423584,27.316543579101562,28.42901079303362,27.13825225830078,-0.2708659768104553
1987-10-16 12:00:00,21.15566062927246,24.9195556640625,26.71532440185547,28.34641754775277,26.082462310791016,25.14706802368164,27.09396784470429,27.004291534423828,13.375301361083984,27.194576263427734,26.146469116210938,27.41962242126465,25.259973526000977,2.33662486076355,27.911853790283203,28.64073243521399,27.662033081054688,0.06426087766885757
1987-11-16 00:00:00,22.00884437561035,24.843868255615234,26.980363845825195,28.343533811602995,24.898273468017578,23.785341262817383,26.65214735916864,26.446596145629883,15.208340644836426,26.757394790649414,26.605876922607422,26.969158172607422,25.82832908630371,1.1601033210754395,28.24863624572754,28.748883867025008,28.080650329589844,-0.333944171667099
1987-12-16 12:00:00,22.875715255737305,25.266517639160156,26.825395584106445,28.350110486620444,23.52008056640625,22.65391731262207,25.951601118906922,25.49496078491211,17.542970657348633,25.832717895507812,27.13277244567871,26.021846771240234,26.14589500427246,-0.24645788967609406,27.960657119750977,28.33232886131879,28.404829025268555,-0.4492158591747284
1988-01-16 12:00:00,24.413257598876953,25.641935348510742,26.368940353393555,28.360080345369447,22.602754592895508,21.62030029296875,25.0196713416904,24.05893325805664,19.495590209960938,24.719152450561523,27.48766326904297,24.96794319152832,26.68659019470215,-1.8564794063568115,27.8566837310791,28.122104348903548,28.328407287597656,-0.612587034702301
1988-02-15 00:00:00,25.998699188232422,26.510196685791016,26.463205337524414,28.367115441867366,21.860109329223633,20.944459915161133,24.402705172552313,23.29414176940918,19.25240135192871,24.059659957885742,27.72146987915039,24.26340675354004,27.403017044067383,-2.953463315963745,28.276426315307617,28.1726966320016,28.554317474365234,-0.4004208445549011
1988-03-16 12:00:00,26.393775939941406,27.196678161621094,27.17694854736328,28.35608988871434,21.774917602539062,20.80780601501465,24.659170793280794,23.375965118408203,19.645368576049805,24.35938835144043,28.020231246948242,24.402864456176758,27.661401748657227,-3.3724935054779053,28.871498107910156,28.76549228278332,29.030324935913086,0.0858144462108612
1988-04-16 00:00:00,25.021753311157227,27.43604278564453,27.342815399169922,28.347557518970234,22.224889755249023,21.17070770263672,25.021127263503622,23.61884117126465,17.60543441772461,24.56400489807129,28.018041610717773,24.486074447631836,27.725337982177734,-2.952132225036621,29.636123657226562,29.192733204502204,29.454710006713867,0.4332527816295624
1988-05-16 12:00:00,24.454280853271484,26.76055145263672,27.41452407836914,28.337227906743102,22.97127914428711,21.940078735351562,25.235704484767428,24.025390625,15.493819236755371,25.0473690032959,27.54347801208496,25.042213439941406,27.100059509277344,-1.8874030113220215,29.23673439025879,29.11621000139083,29.096433639526367,-0.14632955193519592
1988-06-16 00:00:00,22.476661682128906,26.17461585998535,27.198165893554688,28.33444779329416,24.18422508239746,23.04044532775879,25.712810222442357,24.81341552734375,13.277902603149414,25.72905731201172,26.778963088989258,25.72298240661621,26.275117874145508,-0.5983408093452454,28.0197696685791,28.876744176219123,27.417451858520508,-1.0087753534317017
1988-07-16 12:00:00,21.186115264892578,25.116870880126953,26.77334213256836,28.330144708488444,25.049482345581055,23.69586753845215,26.453694989349643,25.654279708862305,11.996844291687012,26.215858459472656,26.02164077758789,26.318683624267578,25.472253799438477,0.870465874671936,27.045833587646484,28.522865064121,26.84520149230957,-1.4534239768981934
1988-08-16 12:00:00,20.4704532623291,24.96044921875,26.38593292236328,28.34152948119799,25.68546485900879,24.466035842895508,27.381046455885112,26.453365325927734,11.559839248657227,26.688623428344727,25.591644287109375,26.79631996154785,24.79778480529785,2.0091779232025146,26.921363830566406,27.985821887999535,26.903392791748047,-1.0358763933181763
1988-09-16 00:00:00,20.49718475341797,24.620512008666992,26.520418167114258,28.354382448789774,26.185747146606445,24.988414764404297,27.942288013387472,27.035364151000977,12.392963409423828,27.312135696411133,25.593233108520508,27.45760726928711,24.743972778320312,2.448481798171997,27.387065887451172,27.869667815157662,27.20781707763672,-0.5914129018783569
1988-10-16 12:00:00,21.752458572387695,24.547563552856445,26.13030433654785,28.350289353489746,25.873546600341797,24.996126174926758,27.513234644469087,27.270830154418945,13.065359115600586,27.388032913208008,26.102388381958008,27.497940063476562,25.151634216308594,2.280951738357544,27.842592239379883,28.108491985934606,27.650691986083984,-0.3304877281188965
1988-11-16 00:00:00,21.354324340820312,24.72277069091797,26.08896255493164,28.345300318361502,24.818462371826172,24.00312042236328,26.873537772516777,26.66413116455078,14.999551773071289,26.644906997680664,26.603206634521484,27.079038619995117,25.549680709838867,1.4333150386810303,28.01171112060547,28.292803999867147,28.02564811706543,-0.20247088372707367
1988-12-16 12:00:00,22.576251983642578,25.1737060546875,25.864669799804688,28.340879055038627,23.716711044311523,22.705242156982422,26.17019468328721,25.4451847076416,17.094764709472656,25.725183486938477,27.01862144470215,25.98807144165039,26.127424240112305,0.06613815575838089,27.949478149414062,28.2634113847057,28.31144142150879,-0.4360121786594391
1989-01-16 12:00:00,24.26517677307129,25.436996459960938,25.621065139770508,28.34073940077994,22.420190811157227,21.552167892456055,25.17911877251711,24.034400939941406,19.42855453491211,24.72565460205078,27.49982261657715,24.91991424560547,26.748613357543945,-1.7384164333343506,27.645233154296875,28.121710049179853,28.227556228637695,-0.8130326271057129
1989-02-15 00:00:00,25.742826461791992,26.485986709594727,26.3157901763916,28.341593653783843,22.005897521972656,20.986387252807617,24.67303816760726,23.316444396972656,19.79888153076172,24.11259651184082,27.754222869873047,24.26258659362793,27.274442672729492,-3.228057861328125,27.974742889404297,27.89327782841988,28.410091400146484,-0.2073259800672531
1989-03-16 12:00:00,26.85408592224121,26.92335319519043,26.867149353027344,28.325709213755648,21.75917625427246,20.75905418395996,24.885607928913178,23.22977066040039,19.134185791015625,24.210895538330078,28.0697021484375,24.22663116455078,27.34290313720703,-3.4178507328033447,28.734766006469727,28.457553838228662,29.073551177978516,-0.19420687854290009
1989-04-16 00:00:00,25.054616928100586,27.304847717285156,27.411476135253906,28.309554743417543,22.009361267089844,21.03853988647461,25.379063711094638,23.521818161010742,17.53736686706543,24.209835052490234,27.912246704101562,24.420745849609375,27.656036376953125,-3.488435745239258,29.115148544311523,29.243818736008954,29.34385871887207,0.21563953161239624
1989-05-16 12:00:00,24.312795639038086,26.94828224182129,27.646696090698242,28.293109153931546,22.802289962768555,21.71304702758789,25.668855111114347,23.93116569519043,15.695747375488281,24.984516143798828,27.52387046813965,24.941781997680664,27.23231315612793,-2.1317315101623535,29.314010620117188,28.984417617421578,28.83248519897461,0.0922270193696022
1989-06-16 00:00:00,22.842613220214844,26.578454971313477,27.564453125,28.29031210371452,24.268075942993164,22.975391387939453,26.1144938315931,24.74620819091797,13.673910140991211,25.59652328491211,26.829307556152344,25.683517456054688,26.278905868530273,-0.5655266046524048,28.15196418762207,28.0118193276547,27.465778350830078,-1.0928221940994263
1989-07-16 12:00:00,21.78426170349121,25.32837677001953,27.114839553833008,28.293831754499028,25.09416389465332,23.788711547851562,26.554917158097854,25.567325592041016,12.097217559814453,26.23651695251465,26.009714126586914,26.332717895507812,25.503952026367188,0.7608163356781006,27.417903900146484,27.643582878813092,26.926610946655273,-1.2970608472824097
1989-08-16 12:00:00,21.20582389831543,25.3466854095459,26.561016082763672,28.300109409713997,25.891828536987305,24.628173828125,27.242546789944925,26.508426666259766,12.037660598754883,26.891361236572266,25.64695930480957,26.861780166625977,25.141639709472656,1.9532099962234497,26.996713638305664,27.098932052084457,26.7487735748291,-1.5731861591339111
1989-09-16 00:00:00,20.675188064575195,25.208171844482422,26.603734970092773,28.293898738378964,26.210189819335938,25.016645431518555,27.46946298134972,26.78901481628418,12.3294038772583,27.287954330444336,25.664875030517578,27.13583755493164,24.717798233032227,2.432462215423584,27.452402114868164,26.73324169936632,27.061298370361328,-0.5060933828353882
1989-10-16 12:00:00,20.294912338256836,25.00242805480957,26.89704704284668,28.29173685832554,25.874866485595703,25.08214569091797,27.395230463703808,26.978872299194336,13.421645164489746,27.43235206604004,26.07561492919922,27.411970138549805,25.245223999023438,2.21356201171875,28.000276565551758,27.356782499791795,27.553119659423828,-0.03430350869894028
1989-11-16 00:00:00,21.651208877563477,24.727596282958984,25.97576904296875,28.28768331892948,24.751388549804688,23.87729263305664,26.938284712246986,26.479875564575195,15.173530578613281,26.7354679107666,26.653888702392578,26.89057731628418,25.56791114807129,1.192090630531311,28.146230697631836,27.614958755151658,28.105464935302734,-0.25129005312919617
1989-12-16 12:00:00,22.44608497619629,24.406253814697266,25.96466636657715,28.290353251467977,23.660465240478516,22.641170501708984,26.174060214765767,25.384418487548828,17.319950103759766,25.8410701751709,27.035030364990234,26.124088287353516,26.15000343322754,-0.30149295926094055,28.148557662963867,27.818157291061297,28.365556716918945,-0.1767604798078537
1990-01-16 12:00:00,24.06520652770996,25.033889770507812,26.166423797607422,28.297985226398378,22.741867065429688,21.5343074798584,25.55256922086618,24.30238914489746,19.143857955932617,24.946170806884766,27.376392364501953,25.005891799926758,26.73216438293457,-1.2112444639205933,28.042190551757812,28.44189847014443,28.257564544677734,-0.307953417301178
1990-02-15 00:00:00,25.79804039001465,25.944738388061523,26.433902740478516,28.29626271133487,21.967239379882812,20.910364151000977,25.167811019546026,23.464933395385742,19.51618003845215,24.208593368530273,27.721933364868164,24.558391571044922,27.371334075927734,-2.7041268348693848,28.292953491210938,28.908840233223653,28.73786735534668,-0.4686087667942047
1990-03-16 12:00:00,26.366662979125977,26.88939666748047,26.82218360900879,28.300106162782605,21.847105026245117,20.744670867919922,25.40017030249157,23.436311721801758,19.15461540222168,24.150375366210938,27.927541732788086,24.33089828491211,27.605831146240234,-3.296851873397827,28.826034545898438,29.776150771321632,29.005098342895508,-0.24195437133312225
1990-04-16 00:00:00,25.272056579589844,27.340782165527344,27.482995986938477,28.308213519661063,22.236913681030273,21.03338050842285,25.648744157728082,23.79186248779297,17.4847354888916,24.552608489990234,27.94534683227539,24.671049118041992,27.647354125976562,-2.9739694595336914,29.561052322387695,30.287678,29.500391006469727,-0.047490738332271576
1990-05-16 12:00:00,24.27263641357422,27.228166580200195,27.635143280029297,28.311724249553848,23.01769256591797,21.863170623779297,25.978196750460185,24.390817642211914,15.679947853088379,25.112672805786133,27.533201217651367,25.311614990234375,27.257986068725586,-1.885166049003601,29.423744201660156,29.613438841209692,29.0051326751709,-0.1746133714914322
1990-06-16 00:00:00,23.150861740112305,26.35154914855957,27.36713409423828,28.31787012518409,24.220928192138672,22.843196868896484,26.30691387677605,24.71982765197754,13.277902603149414,25.637943267822266,26.754192352294922,25.668376922607422,26.278905868530273,-0.5983408093452454,28.117738723754883,29.44231456911943,27.78374671936035,-1.0013444423675537
1990-07-16 12:00:00,21.675975799560547,25.709440231323242,27.29392433166504,28.351044104658037,25.14634895324707,23.732995986938477,26.730885017269205,25.54509162902832,12.08914852142334,26.121917724609375,26.009714126586914,26.44798469543457,25.52702522277832,0.7989293336868286,27.31850242614746,28.959478053853307,26.996902465820312,-1.4534239768981934
1990-08-16 12:00:00,21.073299407958984,25.071556091308594,26.81617546081543,28.37359516702837,25.97319221496582,24.68962860107422,27.546888323849736,26.465559005737305,11.933225631713867,26.900541305541992,25.80678939819336,26.79631996154785,25.0194149017334,1.9532099962234497,27.121540069580078,28.575460815019635,26.914081573486328,-0.956544816493988
1990-09-16 00:00:00,20.55208396911621,25.057334899902344,26.655517578125,28.384521963286605,26.509756088256836,25.389299392700195,27.996448313307006,27.029449462890625,12.10165023803711,27.339405059814453,25.736793518066406,27.480335235595703,24.838191986083984,2.525458335876465,27.464513778686523,28.506332885498946,27.204408645629883,-0.5517287850379944
1990-10-16 12:00:00,20.76137351989746,24.792448043823242,26.4628849029541,28.381861504758966,25.959882736206055,24.9688777923584,27.59654232537816,27.1138916015625,13.530275344848633,27.462556838989258,26.171701431274414,27.470592498779297,25.15240478515625,2.3140623569488525,27.940567016601562,28.746587912646064,27.77828598022461,-0.3461150825023651
1990-11-16 00:00:00,21.54129981994629,24.75190544128418,26.385543823242188,28.3802327534779,24.91168785095215,24.07267189025879,26.744339652935228,26.457204818725586,14.999551773071289,26.681909561157227,26.676116943359375,26.917062759399414,25.7537784576416,1.2389724254608154,28.249832153320312,28.755356760879565,28.098413467407227,-0.2055421620607376
1990-12-16 12:00:00,22.65806007385254,25.227415084838867,26.170005798339844,28.379536071530673,23.63300132751465,22.757984161376953,26.11159660217312,25.391199111938477,17.124691009521484,25.725183486938477,27.155975341796875,25.995563507080078,26.137828826904297,-0.24645788967609406,28.209810256958008,28.962197870467772,28.280399322509766,-0.48554831743240356
1991-01-16 12:00:00,24.326873779296875,25.4612979888916,26.384435653686523,28.39291471038247,22.420190811157227,21.55887222290039,25.183291599045855,24.0733642578125,19.513389587402344,24.819976806640625,27.478900909423828,24.8970890045166,26.6108455657959,-1.8118280172348022,27.820667266845703,28.357027200298056,28.036651611328125,-0.6351027488708496
1991-02-15 00:00:00,25.696168899536133,26.020048141479492,26.48656463623047,28.3915129322732,22.001195907592773,20.95380401611328,24.274381270564426,23.53376007080078,19.503496170043945,24.056562423706055,27.864925384521484,24.43477439880371,27.194093704223633,-2.872225046157837,28.02654266357422,28.187338420433154,28.368310928344727,-0.4686087667942047
1991-03-16 12:00:00,26.261568069458008,26.943803787231445,27.093374252319336,28.37237761586331,21.820674896240234,20.792285919189453,24.26396436987868,22.92997932434082,19.168834686279297,23.9958553314209,28.019338607788086,24.04485511779785,27.502750396728516,-3.3696820735931396,28.823930740356445,28.489073747310368,28.947072982788086,-0.24859718978405
1991-04-16 00:00:00,24.924367904663086,27.4453067779541,27.76382064819336,28.353214089308064,22.118484497070312,21.062664031982422,24.82142133058074,23.52007293701172,17.4847354888916,24.404706954956055,28.058725357055664,24.386474609375,27.620088577270508,-2.935796022415161,29.78981590270996,28.934234737032348,29.49959945678711,0.4146725535392761
1991-05-16 12:00:00,24.41578483581543,27.347761154174805,27.972301483154297,28.347470820430765,22.82477378845215,21.76215171813965,25.216115828730384,24.02320098876953,15.339486122131348,24.764392852783203,27.58662986755371,24.861543655395508,26.891321182250977,-2.0704293251037598,29.277055740356445,28.95666722693538,29.096433639526367,0.1690027117729187
1991-06-16 00:00:00,23.189786911010742,26.66314125061035,27.770891189575195,28.33487095758131,24.13512420654297,22.935752868652344,25.62096447864786,24.598661422729492,13.225238800048828,25.683027267456055,26.79132080078125,25.66950798034668,26.233108520507812,-0.5655266046524048,27.877132415771484,28.638107368522554,27.608478546142578,-0.8519577383995056
1991-07-16 12:00:00,21.541955947875977,26.10410499572754,27.19220733642578,28.333968389798866,24.937524795532227,23.619403839111328,26.254690631033455,25.554927825927734,12.172664642333984,26.22946548461914,26.053415298461914,26.20543098449707,25.44735336303711,0.7608163356781006,26.979490280151367,28.30051269709518,26.622234344482422,-1.227808952331543
1991-08-16 12:00:00,20.859643936157227,25.274744033813477,27.222248077392578,28.336946958852227,25.88044548034668,24.573925018310547,27.109041912439682,26.495758056640625,11.960182189941406,26.785512924194336,25.65986442565918,26.861780166625977,24.705041885375977,1.914315938949585,27.024782180786133,27.915889985451486,26.550065994262695,-1.120644211769104
1991-09-16 00:00:00,20.8719539642334,25.175025939941406,26.868398666381836,28.336612503376656,26.188608169555664,25.2635555267334,27.505027589719063,26.865854263305664,12.41589641571045,27.278766632080078,25.761083602905273,27.271448135375977,24.72943687438965,2.4633822441101074,27.410171508789062,27.854368620716567,27.1723575592041,-0.38387957215309143
1991-10-16 12:00:00,21.098468780517578,24.996240615844727,26.918014526367188,28.329590027913536,26.082462310791016,25.12284278869629,27.207615528188978,26.93800926208496,13.174610137939453,27.196361541748047,26.104694366455078,27.308765411376953,25.13755226135254,2.33662486076355,27.911853790283203,28.033733261185795,27.586414337158203,-0.12211208045482635
1991-11-16 00:00:00,21.550281524658203,25.385330200195312,27.704666137695312,28.315996515642397,24.763154983520508,23.776437759399414,26.65106213430986,26.41606903076172,15.014183044433594,26.708337783813477,26.707643508911133,26.895246505737305,25.76238250732422,1.1601033210754395,28.034751892089844,28.256687954693422,27.95830535888672,-0.1938292533159256
1991-12-16 12:00:00,22.538433074951172,25.406841278076172,27.6729793548584,28.323406226060886,23.52008056640625,22.627853393554688,25.892291266132553,25.319862365722656,17.19000244140625,25.80501365661621,27.16986656188965,25.995563507080078,26.350589752197266,-0.3245011866092682,27.96478843688965,28.316632370626657,28.31880760192871,-0.4492158591747284
1992-01-16 12:00:00,24.392215728759766,26.323196411132812,27.24406623840332,28.33230293263144,22.33273696899414,21.62030029296875,24.768322031640707,24.21092414855957,18.994646072387695,24.729440689086914,27.478578567504883,25.14311408996582,26.704586029052734,-1.7190368175506592,27.684490203857422,28.14991636745158,28.08075523376465,-0.648910403251648
1992-02-15 00:00:00,26.45648956298828,26.667499542236328,27.633508682250977,28.326650203737355,21.77756118774414,20.95380401611328,24.215164217367104,23.346540451049805,19.9768009185791,24.165742874145508,27.839603424072266,24.483346939086914,27.274442672729492,-3.0480520725250244,27.827510833740234,28.15864996971834,28.42681884765625,-0.597065269947052
1992-03-16 12:00:00,26.53424644470215,27.028053283691406,27.680740356445312,28.321777648576557,21.732500076293945,20.850862503051758,24.57999168985594,23.25965118408203,19.52845001220703,23.9958553314209,28.059633255004883,24.420969009399414,27.59537696838379,-3.0574140548706055,28.770557403564453,28.82307291617196,28.843753814697266,-0.3385634124279022
1992-04-16 00:00:00,26.1464786529541,27.395235061645508,27.62569808959961,28.309074811416036,21.958913803100586,21.137706756591797,24.953932371379665,23.600727081298828,17.26576805114746,24.346473693847656,28.071542739868164,24.386474609375,27.237308502197266,-2.725708484649658,29.223773956298828,29.00787182437965,29.42858123779297,0.07837929576635361
1992-05-16 12:00:00,24.603500366210938,27.052642822265625,27.673419952392578,28.29644752992264,22.741884231567383,21.90410614013672,25.560061148234187,23.945903778076172,15.371138572692871,24.877727508544922,27.58836555480957,25.01938819885254,27.216266632080078,-1.900713562965393,29.411874771118164,28.831204282761316,28.83248519897461,0.04905054718255997
1992-06-16 00:00:00,23.251052856445312,26.915287017822266,27.624422073364258,28.30086183402498,24.067054748535156,22.55458641052246,26.046546914220357,24.706857681274414,13.225238800048828,25.59652328491211,26.785356521606445,25.683517456054688,26.217830657958984,-0.5792609453201294,28.15347671508789,28.24270392726242,27.65811538696289,-1.0026724338531494
1992-07-16 12:00:00,21.839500427246094,25.679353713989258,27.48724937438965,28.306679381622917,25.11458969116211,23.712121963500977,26.448624392160163,25.616764068603516,12.166253089904785,26.23651695251465,26.03289031982422,26.315353393554688,25.497812271118164,0.7608163356781006,27.163604736328125,27.713174673804204,26.878021240234375,-1.2107056379318237
1992-08-16 12:00:00,20.763744354248047,25.072202682495117,26.561016082763672,28.30791777618196,25.745685577392578,24.347360610961914,27.33673972596851,26.39644432067871,12.085731506347656,26.765045166015625,25.595645904541016,26.818490982055664,24.923484802246094,1.9532099962234497,26.99810028076172,27.18880934416857,26.83708953857422,-1.474804401397705
1992-09-16 00:00:00,20.739763259887695,24.88134002685547,26.559778213500977,28.31657806976623,26.22037696838379,25.148338317871094,27.742150119174198,27.053926467895508,12.102516174316406,27.31723403930664,25.818775177001953,27.21640968322754,24.890972137451172,2.6254055500030518,27.422584533691406,26.607022075426322,27.09577751159668,-1.0404796600341797
1992-10-16 12:00:00,20.6751708984375,24.78095817565918,26.474651336669922,28.319896236776415,26.026914596557617,24.927833557128906,27.358530890943147,26.930908203125,13.284117698669434,27.265377044677734,26.018095016479492,27.470592498779297,25.054948806762695,2.2876925468444824,28.08038330078125,26.582642,27.77828598022461,-0.45831742882728577
1992-11-16 00:00:00,21.358558654785156,25.012243270874023,26.74583625793457,28.318604227089708,24.745594024658203,23.65874671936035,26.71445523420019,26.446596145629883,15.108895301818848,26.619476318359375,26.61464500427246,26.895246505737305,25.522239685058594,1.215391755104065,28.227294921875,27.497796364332498,28.12273597717285,0.23109830915927887
1992-12-16 12:00:00,22.862655639648438,25.488658905029297,27.096729278564453,28.317006346427497,23.55830192565918,22.705242156982422,26.088787486947243,25.319862365722656,17.17246437072754,25.711200714111328,27.05254364013672,25.958337783813477,26.112071990966797,-0.2533327043056488,28.13036346435547,27.780047540209107,28.202571868896484,-0.345117449760437
1993-01-16 12:00:00,24.381183624267578,25.724761962890625,26.624237060546875,28.325384488214606,22.53905487060547,21.509666442871094,25.08217188041121,24.0733642578125,19.004180908203125,24.72565460205078,27.38933563232422,24.8970890045166,26.53254508972168,-1.7124152183532715,27.949031829833984,28.16613125601215,28.19730567932129,-0.38155514001846313
1993-02-15 00:00:00,25.742826461791992,26.393030166625977,26.75638198852539,28.32811493531801,21.865026473999023,20.873538970947266,24.600633565181518,23.316444396972656,19.59064483642578,24.11259651184082,27.794252395629883,24.26258659362793,27.033424377441406,-2.8749277591705322,28.28804588317871,28.934911152747908,28.483577728271484,-0.5247899293899536
1993-03-16 12:00:00,26.182764053344727,27.20183563232422,27.113306045532227,28.330405427799285,21.700944900512695,20.811092376708984,24.920562690557542,23.334321975708008,19.134185791015625,24.163528442382812,28.082304000854492,24.484243392944336,27.609155654907227,-3.3174896240234375,28.852886199951172,29.07397223381452,28.951560974121094,-0.19308869540691376
1993-04-16 00:00:00,25.080001831054688,27.47530746459961,27.990415573120117,28.327165872036716,22.088586807250977,21.03338050842285,25.07194309365244,23.644804000854492,17.647531509399414,24.476917266845703,28.018041610717773,24.65093421936035,27.608659744262695,-3.0000102519989014,29.202322006225586,29.285666715574845,29.31443977355957,0.21563953161239624
1993-05-16 12:00:00,24.07454490661621,27.093427658081055,27.616111755371094,28.32220665229095,22.957416534423828,21.71304702758789,25.459047037976887,23.935649871826172,15.351971626281738,24.986343383789062,27.55687713623047,24.964523315429688,26.891321182250977,-1.885166049003601,29.405811309814453,29.21223538007936,28.86778450012207,0.1699071228504181
1993-06-16 00:00:00,22.83168601989746,26.361669540405273,27.455839157104492,28.33641203579764,24.244518280029297,22.99834632873535,25.97599217154826,24.756372451782227,12.846231460571289,25.662395477294922,26.68608856201172,25.69566535949707,26.22842025756836,-0.6186537146568298,27.99755096435547,28.717425404314138,27.518827438354492,-0.8052794337272644
1993-07-16 12:00:00,21.443796157836914,25.47536849975586,27.282630920410156,28.36892622613987,24.900463104248047,23.526384353637695,26.518456231885025,25.54509162902832,12.215005874633789,26.158308029174805,25.912660598754883,26.275917053222656,25.466318130493164,0.8816738724708557,27.111284255981445,28.1780587235891,26.983978271484375,-1.3117873668670654
1993-08-16 12:00:00,20.56123924255371,25.05678939819336,26.83097267150879,28.398006515728518,25.79844093322754,24.628173828125,27.336219579797195,26.465559005737305,11.559839248657227,26.79923439025879,25.53183937072754,26.808992385864258,24.921024322509766,1.9466238021850586,26.942401885986328,28.020817683102013,26.603315353393555,-1.0176479816436768
1993-09-16 00:00:00,20.31659507751465,24.912342071533203,26.89268684387207,28.41494449184587,26.180320739746094,25.32219696044922,27.586642734675536,26.98546600341797,12.3294038772583,27.260099411010742,25.563261032104492,27.13583755493164,24.743972778320312,2.4940671920776367,27.256202697753906,27.847404853082537,27.096240997314453,-0.5233166217803955
1993-10-16 12:00:00,20.98843765258789,25.136350631713867,26.959247589111328,28.42517762553174,25.97541618347168,24.934043884277344,27.068653524975034,27.006837844848633,13.499853134155273,27.323265075683594,25.957921981811523,27.39776039123535,25.066301345825195,2.2884011268615723,27.73019027709961,28.008793425621715,27.660690307617188,-0.012673767283558846
1993-11-16 00:00:00,22.111141204833984,25.27620506286621,27.048568725585938,28.43640610608624,24.86264419555664,23.822288513183594,26.528720078668396,26.324369430541992,15.015257835388184,26.613290786743164,26.531383514404297,26.74129867553711,25.648176193237305,1.1716536283493042,28.04545783996582,28.156989221656275,27.95830535888672,-0.19162990152835846
1993-12-16 12:00:00,22.847881317138672,25.403545379638672,26.998849868774414,28.449082636743267,23.376033782958984,22.47686767578125,25.778822425237614,25.337444305419922,17.279247283935547,25.616798400878906,27.04995346069336,25.982629776000977,26.17387580871582,-0.30149295926094055,27.827903747558594,28.231616656695344,28.0977783203125,-0.48554831743240356
1994-01-16 12:00:00,24.534502029418945,25.727941513061523,26.87874984741211,28.470017155828206,22.377473831176758,21.35283851623535,24.502850729579105,24.067771911621094,19.136693954467773,24.74723243713379,27.36328125,24.81608009338379,26.775068283081055,-1.9823741912841797,27.728103637695312,28.08025067106075,28.195858001708984,-0.760452151298523
1994-02-15 00:00:00,25.771799087524414,25.819957733154297,26.60892677307129,28.465507406017206,21.79340171813965,20.834415435791016,23.924194628101787,22.83931541442871,19.843294143676758,24.143339157104492,27.64832878112793,24.154666900634766,27.24100685119629,-3.2607967853546143,27.958770751953125,27.890934203529547,28.165369033813477,-0.374620258808136
1994-03-16 12:00:00,26.263357162475586,26.461139678955078,27.01309585571289,28.4439059249586,21.76612091064453,20.920930862426758,24.04248559417126,23.12242317199707,19.525712966918945,24.06409454345703,27.936418533325195,23.994136810302734,27.590354919433594,-3.786036252975464,28.761695861816406,28.444634261880363,28.90460777282715,-0.17769010365009308
1994-04-16 00:00:00,25.318683624267578,26.976673126220703,27.34189796447754,28.431800302268545,22.340984344482422,21.15951156616211,24.3314303471436,23.297401428222656,17.52743911743164,24.5844783782959,27.880130767822266,24.99127197265625,27.475994110107422,-2.9596877098083496,29.6151123046875,29.206638595817566,29.40397834777832,0.4614897668361664
1994-05-16 12:00:00,24.1108341217041,26.771451950073242,27.637483596801758,28.41534492545542,22.903547286987305,21.686931610107422,24.79427107291719,24.039857864379883,15.815719604492188,24.74688720703125,27.48438262939453,24.881349563598633,27.11217498779297,-2.0627384185791016,29.271726608276367,29.356480822519526,28.877376556396484,0.11350452899932861
1994-06-16 00:00:00,22.423250198364258,26.130556106567383,27.277603149414062,28.41694491678281,24.265548706054688,23.00197982788086,25.39258734708983,24.54244041442871,13.995793342590332,25.511642456054688,26.579370498657227,25.749059677124023,26.195663452148438,-0.6421502828598022,27.982341766357422,28.968863579657157,27.506563186645508,-0.896226167678833
1994-07-16 12:00:00,21.395347595214844,25.438268661499023,27.050758361816406,28.426880664828552,24.94086265563965,23.632041931152344,26.35442789136516,25.567325592041016,12.494545936584473,26.206520080566406,25.914392471313477,26.20543098449707,25.402389526367188,0.7643281817436218,27.011198043823242,28.610477070580348,26.707395553588867,-1.040991187095642
1994-08-16 12:00:00,20.56123924255371,25.013248443603516,26.89622688293457,28.444705224105018,25.693082809448242,24.619264602661133,27.17054544800756,26.358537673950195,11.869142532348633,26.679733276367188,25.511892318725586,26.808992385864258,24.564119338989258,1.9472891092300415,26.893335342407227,28.240634935842305,26.579608917236328,-1.065054178237915
1994-09-16 00:00:00,20.33807945251465,24.86880111694336,26.89268684387207,28.448892640200143,26.28437614440918,25.18415069580078,27.825844150757717,26.93255043029785,12.306171417236328,27.133121490478516,25.536375045776367,27.17645263671875,24.598146438598633,2.448481798171997,27.266145706176758,28.238021450931846,27.026094436645508,-0.4819774329662323
1994-10-16 12:00:00,20.89422607421875,25.202678680419922,27.096025466918945,28.4581417540181,26.01163101196289,25.03413200378418,27.196440376524652,26.942712783813477,13.530275344848633,27.315446853637695,26.19952392578125,27.330936431884766,24.988676071166992,2.308417320251465,27.77984046936035,28.461746849329288,27.583223342895508,0.2866252362728119
1994-11-16 00:00:00,21.775548934936523,25.35498809814453,27.508089065551758,28.46306253780948,24.970491409301758,23.958803176879883,26.49512340167526,26.457204818725586,15.182718276977539,26.63325309753418,26.5867919921875,26.787160873413086,25.549680709838867,1.604170799255371,28.098365783691406,28.628009822462477,27.827701568603516,-0.28318020701408386
1994-12-16 12:00:00,23.032014846801758,25.4990177154541,27.3316707611084,28.468528816755736,23.57678985595703,22.49712562561035,25.643970860998543,25.36359214782715,17.238117218017578,25.722248077392578,27.04995346069336,26.020633697509766,26.128507614135742,-0.2753794491291046,27.82950210571289,28.453847481110557,28.31144142150879,-0.4791017174720764
1995-01-16 12:00:00,24.401887893676758,25.799470901489258,26.87874984741211,28.477445821214463,22.41536521911621,21.499116897583008,24.369968939307853,24.10381507873535,19.125019073486328,24.454809188842773,27.364564895629883,24.719512939453125,26.725460052490234,-1.8564794063568115,27.757946014404297,28.19050671873895,28.175052642822266,-0.7324418425559998
1995-02-15 00:00:00,26.166057586669922,25.633665084838867,26.79548454284668,28.467147185281064,21.836103439331055,20.933073043823242,23.712059103643536,23.420881271362305,19.750743865966797,24.0283260345459,27.887943267822266,24.540143966674805,27.28139877319336,-3.14359712600708,28.038999557495117,28.12328856111791,28.387292861938477,-0.4330155849456787
1995-03-16 12:00:00,25.861764907836914,26.554786682128906,27.186552047729492,28.456061572839683,21.790538787841797,20.672382354736328,23.702069118552675,23.35499382019043,19.07326316833496,24.03857421875,27.970012664794922,24.230640411376953,27.64750862121582,-3.246288537979126,28.59911346435547,28.38332684708649,28.812124252319336,-0.10328156501054764
1995-04-16 00:00:00,25.27202606201172,26.943538665771484,27.213531494140625,28.44094611371648,22.065832138061523,21.377639770507812,24.076188326068355,23.85369873046875,17.284452438354492,24.36380958557129,27.8912410736084,24.766490936279297,27.69028091430664,-2.979409694671631,29.139820098876953,29.255282416396806,29.217510223388672,0.31575289368629456
1995-05-16 12:00:00,23.659168243408203,26.601409912109375,27.45466423034668,28.419935688886596,23.212223052978516,22.09259033203125,24.295952948116074,24.08621597290039,15.679947853088379,25.470111846923828,27.5073184967041,25.176254272460938,27.11217498779297,-2.0946948528289795,29.271726608276367,29.459937571134912,28.85291290283203,0.10567639023065567
1995-06-16 00:00:00,22.58268165588379,26.153827667236328,27.43931007385254,28.422410228348284,24.536100387573242,23.16847038269043,24.89258517978654,24.97028923034668,13.631580352783203,25.760770797729492,26.572519302368164,25.94784164428711,26.086626052856445,-0.5983408093452454,27.90338706970215,29.21652303009433,27.61009979248047,-0.864008367061615
1995-07-16 12:00:00,21.395347595214844,25.43871307373047,27.290245056152344,28.42724642623355,25.55768585205078,24.247032165527344,25.86353511303355,25.681482315063477,12.473884582519531,26.20311164855957,25.899015426635742,26.277250289916992,25.335432052612305,0.8874179124832153,27.07678985595703,28.860046193753053,26.968286514282227,-1.4648504257202148
1995-08-16 12:00:00,20.434144973754883,24.81108856201172,26.71123695373535,28.43654404157338,26.210968017578125,25.176904678344727,26.672896195598682,26.29684829711914,11.875083923339844,26.792861938476562,25.449989318847656,26.6654109954834,24.564119338989258,2.1014297008514404,26.875015258789062,28.583746755240664,26.668903350830078,-1.1808853149414062
1995-09-16 00:00:00,20.34361457824707,24.75983238220215,26.706432342529297,28.444038954926505,26.40448570251465,25.273006439208984,27.086515357122043,26.899826049804688,12.22307300567627,27.2169246673584,25.525634765625,27.285585403442383,24.598146438598633,2.5699703693389893,27.359647750854492,28.59771271947384,27.016389846801758,-0.5722436904907227
1995-10-16 12:00:00,20.744781494140625,24.74153709411621,26.71232795715332,28.441323817409465,25.914133071899414,25.203340530395508,26.932040776867403,27.12525749206543,13.744619369506836,27.348628997802734,25.922080993652344,27.405559539794922,24.988676071166992,2.3983561992645264,27.64615821838379,28.899359103310694,27.568214416503906,-0.30559012293815613
1995-11-16 00:00:00,22.076505661010742,24.739870071411133,26.598325729370117,28.440334524058724,25.128971099853516,24.268871307373047,26.374988777631906,26.55706787109375,15.724241256713867,26.741756439208984,26.533754348754883,26.871906280517578,25.36528778076172,1.7312626838684082,27.925865173339844,28.77599505046057,27.828886032104492,-0.46370550990104675
1995-12-16 12:00:00,22.821495056152344,25.133445739746094,26.266258239746094,28.442143183176597,23.553218841552734,22.739744186401367,25.42662448639575,25.125213623046875,17.435646057128906,25.513214111328125,26.99343490600586,25.869356155395508,25.954654693603516,0.0019828355871140957,27.845901489257812,28.34865698306671,28.195703506469727,-0.2527977228164673
1996-01-16 12:00:00,24.331117630004883,25.04041862487793,26.179702758789062,28.4370377333659,22.454469680786133,21.68709373474121,24.195197387717847,24.419601440429688,19.500370025634766,24.98658561706543,27.341833114624023,25.131784439086914,26.421768188476562,-1.6612826585769653,27.741289138793945,27.955051395551124,28.203258514404297,-0.6131345629692078
1996-02-15 00:00:00,25.771799087524414,26.036911010742188,26.14226722717285,28.42261142106599,21.83191680908203,20.75403594970703,23.645707512047558,23.9213924407959,20.003738403320312,24.04430389404297,27.589365005493164,24.52031135559082,27.220823287963867,-2.9527857303619385,27.992128372192383,27.843938271126323,28.48225212097168,-0.41209617257118225
1996-03-16 12:00:00,26.131671905517578,26.870702743530273,26.768383026123047,28.40385642535146,21.769001007080078,20.672382354736328,23.492139119844122,23.902528762817383,19.326183319091797,24.230592727661133,27.954849243164062,24.311626434326172,27.677043914794922,-3.343539237976074,28.62847328186035,27.89813431149526,28.85784912109375,-0.07024384289979935
1996-04-16 00:00:00,24.882780075073242,27.020347595214844,27.67925453186035,28.38863677102958,22.090770721435547,21.31772804260254,23.783750253061967,23.6362361907959,17.86591148376465,24.376346588134766,27.87611198425293,24.802471160888672,27.67434310913086,-2.935796022415161,29.327468872070312,28.600610644673417,29.173017501831055,0.3745710849761963
1996-05-16 12:00:00,24.294475555419922,26.746938705444336,27.555570602416992,28.368899733303127,23.057594299316406,21.928936004638672,24.315184435057137,24.381940841674805,15.747597694396973,25.01406478881836,27.31728172302246,25.28342628479004,27.02280616760254,-1.8902803659439087,29.169389724731445,29.029170147851598,28.4023494720459,-0.13973820209503174
1996-06-16 00:00:00,23.24834632873535,25.93021583557129,27.30504035949707,28.364709119502002,24.149137496948242,22.99834632873535,25.044250848550313,25.104610443115234,13.673910140991211,25.67540740966797,26.68341827392578,26.03116798400879,26.106094360351562,-0.5489994287490845,27.894189834594727,29.042282687344105,27.433259963989258,-1.0170824527740479
1996-07-16 12:00:00,21.215240478515625,25.60881805419922,27.061731338500977,28.362838910561774,25.17268943786621,23.682147979736328,26.19846214850447,25.567325592041016,12.330310821533203,26.293109893798828,26.0775146484375,26.378942489624023,25.407251358032227,0.9413184523582458,26.897838592529297,28.69462679518675,26.721973419189453,-1.4170993566513062
1996-08-16 12:00:00,20.809534072875977,24.89609146118164,26.940425872802734,28.37118154727573,25.56792449951172,24.57170867919922,26.923716871982908,26.508426666259766,12.037660598754883,26.698223114013672,25.632518768310547,26.799976348876953,24.8105411529541,1.985933542251587,26.78594970703125,28.326513321960007,26.570688247680664,-1.3998186588287354
1996-09-16 00:00:00,20.518163681030273,24.607711791992188,26.60357666015625,28.371800848888917,26.180320739746094,25.021739959716797,27.28183525814987,26.80893325805664,12.242631912231445,27.259065628051758,25.61368179321289,27.20218276977539,24.689651489257812,2.4940671920776367,27.25614356994629,28.557912539159847,27.03932762145996,-0.6825284957885742
1996-10-16 12:00:00,20.8829345703125,24.825040817260742,26.512645721435547,28.365569326788926,25.933557510375977,24.881118774414062,27.070736486538323,27.004291534423828,13.496438980102539,27.344619750976562,26.107881546020508,27.41962242126465,25.0832576751709,2.5087692737579346,27.74730110168457,28.724281785327562,27.4514102935791,-0.698127269744873
1996-11-16 00:00:00,21.670513153076172,24.626310348510742,26.590076446533203,28.353639927962288,24.86264419555664,24.006990432739258,26.44807402727059,26.264848709106445,15.080300331115723,26.61495590209961,26.603206634521484,26.758054733276367,25.52713394165039,1.2105848789215088,28.008989334106445,28.62186691803405,28.047412872314453,-0.3492237627506256
1996-12-16 12:00:00,22.54376983642578,24.728689193725586,26.195730209350586,28.36034786193281,23.463665008544922,22.49712562561035,25.530284965073097,25.212324142456055,17.32664680480957,25.72814178466797,27.096403121948242,25.715713500976562,26.150636672973633,-0.3401884138584137,27.762008666992188,28.518794878482787,28.076181411743164,-0.6121861338615417
1997-01-16 12:00:00,24.784013748168945,25.402175903320312,26.16197967529297,28.364110816619995,22.395450592041016,21.637163162231445,24.613662273572267,24.13206672668457,19.28610610961914,24.74723243713379,27.327062606811523,24.941434860229492,26.748613357543945,-1.8850867748260498,27.684490203857422,28.259374263542256,28.222118377685547,-0.8259648084640503
1997-02-15 00:00:00,26.00143051147461,26.369991302490234,26.500688552856445,28.358581823584817,21.79340171813965,20.834415435791016,24.154564288216374,23.524690628051758,19.53469467163086,24.378658294677734,27.715633392333984,24.540117263793945,27.033424377441406,-2.512355327606201,27.900768280029297,28.08078101956629,28.255735397338867,-0.45045554637908936
1997-03-16 12:00:00,26.263357162475586,26.945499420166016,27.167552947998047,28.344608954700657,21.788835525512695,20.910341262817383,24.144509792413714,23.360759735107422,19.134185791015625,24.404190063476562,27.94961166381836,24.326004028320312,27.425804138183594,-3.0291125774383545,28.688257217407227,28.19909344278926,28.86464500427246,0.028384706005454063
1997-04-16 00:00:00,25.804611206054688,27.515228271484375,27.601505279541016,28.32923983057262,22.10072135925293,21.263614654541016,24.17824515487528,23.68659019470215,17.4847354888916,24.844770431518555,27.994125366210938,24.851516723632812,27.59785270690918,-2.9596877098083496,29.6151123046875,29.138130812701664,29.43275260925293,0.4248219430446625
1997-05-16 12:00:00,25.516016006469727,27.065340042114258,28.038908004760742,28.311755064121687,22.925350189208984,21.95816993713379,24.674540560912053,24.174028396606445,15.989676475524902,25.281965255737305,27.608945846557617,25.082456588745117,26.961597442626953,-1.7683312892913818,29.38981819152832,29.184299934785876,29.09100341796875,-0.0401797741651535
1997-06-16 00:00:00,23.673587799072266,27.127172470092773,27.877225875854492,28.305512489543606,24.26088523864746,23.087284088134766,25.19174549002068,25.066425323486328,13.673910140991211,25.509613037109375,26.875532150268555,25.749059677124023,26.22842025756836,-0.5033288598060608,28.163570404052734,29.11890409292674,27.78095245361328,-0.8534170389175415
1997-07-16 12:00:00,22.589113235473633,26.284095764160156,27.475711822509766,28.307709846807185,25.162689208984375,24.019527435302734,25.9173807388076,25.681482315063477,12.355385780334473,26.288393020629883,26.117095947265625,26.277250289916992,25.57328987121582,0.7924243807792664,27.561567306518555,28.011155480006025,27.12142562866211,-0.8426805734634399
1997-08-16 12:00:00,21.426334381103516,25.855098724365234,27.352275848388672,28.311650779500688,25.82366180419922,24.46466636657715,26.699567391294977,26.26102066040039,11.875083923339844,26.753141403198242,25.75165367126465,26.766799926757812,24.67789649963379,1.9809106588363647,27.215848922729492,27.65882560381076,26.98362159729004,-0.5894667506217957
1997-09-16 00:00:00,22.51727294921875,25.410526275634766,27.372325897216797,28.30829315339456,26.342844009399414,25.44582748413086,27.120966580401504,26.86345100402832,12.230652809143066,27.259065628051758,25.885910034179688,27.24799346923828,24.928857803344727,2.409162759780884,27.64512825012207,27.524491096461922,27.414608001708984,-0.22522136569023132
1997-10-16 12:00:00,22.282695770263672,25.319656372070312,27.235816955566406,28.297804806225678,25.959882736206055,24.955379486083984,27.00837376866926,27.10811424255371,13.555645942687988,27.264259338378906,26.194473266601562,27.39776039123535,25.256546020507812,2.33662486076355,28.12743377685547,27.625965199412676,28.025997161865234,0.7067065834999084
1997-11-16 00:00:00,23.01879119873047,26.012161254882812,27.65131950378418,28.296496674010154,24.833171844482422,23.763429641723633,26.436024261180236,26.264848709106445,15.441615104675293,26.734235763549805,26.690217971801758,26.842544555664062,25.574050903320312,1.1601033210754395,28.450084686279297,27.778323618087136,28.373207092285156,0.6178087592124939
1997-12-16 12:00:00,24.06751251220703,26.875110626220703,27.89375877380371,28.295839874744903,23.646358489990234,22.657146453857422,25.51963491078454,25.401168823242188,17.199813842773438,25.807579040527344,27.226076126098633,25.973125457763672,26.350589752197266,-0.34068921208381653,28.21857261657715,28.203286092232233,28.554332733154297,-0.3082618713378906
1998-01-16 12:00:00,24.921245574951172,27.13002586364746,27.597026824951172,28.30267021076488,22.477519989013672,21.587909698486328,24.81890044147369,24.31014633178711,18.992918014526367,24.78536033630371,27.64209747314453,25.14311408996582,26.907773971557617,-1.915088176727295,27.911630630493164,28.62606422082624,28.718114852905273,-0.648827850818634
1998-02-15 00:00:00,26.17528533935547,27.35387420654297,27.633508682250977,28.310666759917243,22.016233444213867,20.96739387512207,24.142133862794097,23.589094161987305,19.45295524597168,24.29186248779297,27.882490158081055,24.613235473632812,27.494661331176758,-2.8958475589752197,28.392099380493164,28.870526358173713,28.944772720336914,-0.6501683592796326
1998-03-16 12:00:00,26.819496154785156,27.505781173706055,27.606422424316406,28.312445735542042,21.834915161132812,21.02527618408203,24.094647014115797,23.899974822998047,19.408395767211914,24.794038772583008,28.286928176879883,24.496030807495117,27.867904663085938,-3.168667793273926,28.879547119140625,29.339636072800566,29.073551177978516,-0.13413967192173004
1998-04-16 00:00:00,25.882408142089844,27.80576515197754,27.929515838623047,28.302050642712913,22.08883285522461,21.15951156616211,24.36127236640891,23.644834518432617,17.842071533203125,24.510438919067383,28.32440948486328,24.882972717285156,27.77764129638672,-3.194437265396118,29.691240310668945,29.515991994750117,29.662220001220703,0.2434697300195694
1998-05-16 12:00:00,24.6391544342041,27.583189010620117,27.93233299255371,28.296108729323652,23.006460189819336,21.865467071533203,24.936347892730723,24.205402374267578,16.286884307861328,25.1624813079834,27.67711639404297,25.208688735961914,27.240436553955078,-2.024786949157715,29.559844970703125,29.57443253461831,29.10257911682129,0.13027682900428772
1998-06-16 00:00:00,23.266759872436523,26.656869888305664,27.56111717224121,28.305023560931932,24.170249938964844,23.051761627197266,25.352401875560407,24.750452041625977,13.932775497436523,26.06045913696289,26.90033531188965,25.902002334594727,26.238256454467773,-0.636827290058136,28.250179290771484,29.364653019436567,28.02397918701172,-0.8083037734031677
1998-07-16 12:00:00,22.044029235839844,25.760446548461914,27.026371002197266,28.316339653916607,25.08212661743164,23.44762420654297,26.13895972193383,25.592350006103516,12.606592178344727,26.42799186706543,26.052440643310547,26.3321533203125,25.502607345581055,0.7608163356781006,27.31850242614746,28.697022838399054,26.99785041809082,-1.3348687887191772
1998-08-16 12:00:00,21.046173095703125,25.07050895690918,26.170507431030273,28.324034089789915,25.8258113861084,24.46466636657715,27.00207714107474,26.508426666259766,12.07768440246582,26.730775833129883,25.73147201538086,26.907915115356445,24.95079231262207,1.8411316871643066,27.057710647583008,28.13429521217598,26.792577743530273,-1.183161973953247
1998-09-16 00:00:00,20.68339729309082,24.87887954711914,26.5756893157959,28.346666490405287,26.357006072998047,25.229110717773438,27.426039762035863,26.865854263305664,12.559552192687988,27.133121490478516,25.701723098754883,27.22040367126465,24.931583404541016,2.4068496227264404,27.486141204833984,28.05479233507011,27.204408645629883,-0.5914129018783569
1998-10-16 12:00:00,21.31317901611328,24.625137329101562,26.26011085510254,28.3525421418012,26.02153968811035,25.114627838134766,27.05644393583976,27.033315658569336,14.202451705932617,27.344619750976562,26.123014450073242,27.47806167602539,25.054948806762695,2.308924436569214,28.081586837768555,28.311092054755544,27.798002243041992,-0.17481397092342377
1998-11-16 00:00:00,21.829004287719727,24.988420486450195,26.208070755004883,28.35879931436623,24.8817195892334,24.054285049438477,26.44094435913536,26.546323776245117,15.337157249450684,26.63325309753418,26.61464500427246,26.758054733276367,25.57852554321289,1.2387118339538574,28.2327823638916,28.2481919954944,28.232070922851562,-0.18843616545200348
1998-12-16 12:00:00,22.858121871948242,24.491458892822266,26.000520706176758,28.37405408262286,23.627187728881836,22.779766082763672,25.463690488837283,24.940820693969727,17.542970657348633,25.785402297973633,27.112197875976562,25.554452896118164,26.15000343322754,-0.3245011866092682,27.97759246826172,28.448889493710027,28.32711410522461,-0.45729172229766846
1999-01-16 12:00:00,24.284318923950195,25.02491569519043,25.980667114257812,28.394181203333616,22.430072784423828,21.489192962646484,24.235587092761513,24.094087600708008,19.116455078125,24.57430076599121,27.327062606811523,24.757732391357422,26.716915130615234,-1.8417775630950928,27.72595977783203,28.386301752244663,28.197935104370117,-0.8175405859947205
1999-02-15 00:00:00,25.771799087524414,25.79889488220215,26.261432647705078,28.403389940961297,21.77756118774414,20.949539184570312,23.65990067900229,22.972379684448242,19.29820442199707,24.03232765197754,27.743453979492188,24.591093063354492,27.292795181274414,-2.8935294151306152,28.06433868408203,28.07680020049149,28.426101684570312,-0.41209617257118225
1999-03-16 12:00:00,26.263357162475586,26.89861297607422,26.829713821411133,28.37386668309417,21.732500076293945,20.80780601501465,23.804435184342346,22.769149780273438,19.581748962402344,24.03425407409668,28.023662567138672,24.61875343322754,27.477712631225586,-3.450777292251587,28.767648696899414,28.57028182860265,28.99854278564453,-0.12519137561321259
1999-04-16 00:00:00,24.87165641784668,27.19305992126465,27.139896392822266,28.370352502370295,22.08883285522461,21.31281089782715,24.129425719281937,23.82619857788086,17.83528709411621,24.355745315551758,27.87320899963379,24.29542350769043,27.616195678710938,-2.943356513977051,29.15969467163086,29.41471389159296,29.39266586303711,0.17634359002113342
1999-05-16 12:00:00,23.99043846130371,27.027435302734375,27.434457778930664,28.35766077499492,23.048582077026367,21.940078735351562,24.70213715587599,24.237972259521484,15.731766700744629,25.081485748291016,27.511838912963867,24.97902488708496,27.224205017089844,-2.0563552379608154,29.04099464416504,29.17706745476775,28.730907440185547,-0.1746133714914322
1999-06-16 00:00:00,22.77092170715332,25.983051300048828,26.956377029418945,28.357822813434908,24.13512420654297,23.038026809692383,25.24875136246071,24.79146385192871,13.305598258972168,25.56386375427246,26.7691650390625,25.7960262298584,26.22842025756836,-0.636827290058136,27.922443389892578,28.861053567520322,27.65811538696289,-0.9748020172119141
1999-07-16 12:00:00,21.749547958374023,25.70257568359375,26.98472785949707,28.359870549394937,25.001087188720703,23.76601219177246,26.247615944349278,25.567325592041016,12.319528579711914,26.208864212036133,26.02739715576172,26.236387252807617,25.48320960998535,0.7989293336868286,27.152502059936523,28.53302942741949,26.993593215942383,-1.1212036609649658
1999-08-16 12:00:00,20.9252986907959,24.52815818786621,26.841449737548828,28.37100809149222,25.830549240112305,24.695892333984375,27.2510362287787,26.47768783569336,11.869142532348633,26.778478622436523,25.62737464904785,26.79631996154785,24.823015213012695,1.944987177848816,26.912731170654297,28.02308779969441,26.80046272277832,-1.0924752950668335
1999-09-16 00:00:00,20.75396156311035,24.731201171875,26.513938903808594,28.37578901520607,26.27794075012207,25.206363677978516,27.672016856029238,27.053926467895508,12.482813835144043,27.278766632080078,25.641597747802734,27.266582489013672,24.760456085205078,2.465668201446533,27.255523681640625,27.938707791058775,27.13431739807129,-0.5172797441482544
1999-10-16 12:00:00,20.804466247558594,24.605213165283203,26.047409057617188,28.3689203003801,25.962610244750977,25.123828887939453,27.33444428570698,26.930908203125,13.433001518249512,27.298219680786133,26.066129684448242,27.50203514099121,25.084468841552734,2.334024429321289,27.834392547607422,28.090218422388062,27.402576446533203,-0.3304877281188965
1999-11-16 00:00:00,21.364013671875,24.38838005065918,25.883216857910156,28.37129141076475,24.809463500976562,23.822288513183594,26.58342773010762,26.41606903076172,15.441615104675293,26.757394790649414,26.61464500427246,26.913585662841797,25.648176193237305,1.2920693159103394,28.06850814819336,28.38100360749875,28.02564811706543,-0.28245213627815247
1999-12-16 12:00:00,23.01704216003418,24.562040328979492,25.77206039428711,28.375430818681412,23.684391021728516,22.636173248291016,25.91263323549802,25.391199111938477,17.69475555419922,25.832717895507812,27.096403121948242,26.155399322509766,26.150636672973633,-0.29382607340812683,27.981861114501953,28.618516692279197,28.313091278076172,-0.4908269941806793
2000-01-16 12:00:00,24.173437118530273,25.293560028076172,25.781452178955078,28.383017291308498,22.420190811157227,21.359033584594727,24.977260709651357,24.0733642578125,19.523530960083008,24.710844039916992,27.36379623413086,24.8970890045166,26.635168075561523,-1.8662174940109253,27.714981079101562,28.58067534132791,28.069089889526367,-0.6175573468208313
2000-02-15 00:00:00,25.749879837036133,26.17657470703125,26.14572525024414,28.387085311867004,21.845869064331055,21.02729606628418,24.24019510880078,23.571870803833008,19.88934898376465,24.04364776611328,27.722230911254883,24.577356338500977,27.346529006958008,-2.826106071472168,27.950172424316406,28.18515305858868,28.3056697845459,-0.5159080624580383
2000-03-16 12:00:00,25.92603302001953,27.759592056274414,26.67677116394043,28.37100165653807,21.732500076293945,20.79452133178711,24.32055901804209,23.532634735107422,19.437374114990234,24.111251831054688,28.007522583007812,24.398914337158203,27.76565170288086,-3.2238359451293945,28.734766006469727,28.678563128865406,28.996383666992188,0.10181385278701782
2000-04-16 00:00:00,25.821645736694336,27.464672088623047,27.829580307006836,28.342666280529745,22.096330642700195,21.06438446044922,24.431539680459444,23.654518127441406,17.908123016357422,24.354679107666016,28.038976669311523,24.428937911987305,27.237308502197266,-3.044005870819092,29.561052322387695,29.378241264290573,29.188669204711914,0.4827828109264374
2000-05-16 12:00:00,24.437837600708008,27.309450149536133,27.530624389648438,28.333857520500885,22.802289962768555,21.775732040405273,25.001437161908168,24.129789352416992,15.747597694396973,25.025676727294922,27.49454689025879,25.314863204956055,26.982994079589844,-1.900713562965393,29.38981819152832,29.26168626911032,28.877376556396484,-0.0049712988547980785
2000-06-16 00:00:00,23.03880500793457,26.57619285583496,27.746843338012695,28.330712664926097,24.096479415893555,22.8563289642334,25.51738131011246,24.613399505615234,13.558602333068848,25.705318450927734,26.74280548095703,25.61538314819336,26.244775772094727,-0.5503128170967102,27.855880737304688,29.07828069024346,27.526668548583984,-1.152985692024231
2000-07-16 12:00:00,21.839500427246094,25.619518280029297,26.910507202148438,28.332325370109587,25.11890411376953,23.651222229003906,26.385022339606,25.567325592041016,12.108485221862793,26.215858459472656,26.052440643310547,26.324018478393555,25.44498634338379,0.8291370868682861,27.145875930786133,28.83591648144414,27.068071365356445,-1.394844889640808
2000-08-16 12:00:00,20.71837043762207,25.044715881347656,26.68685531616211,28.335750119143842,25.745685577392578,24.660871505737305,27.17407129340991,26.37652587890625,11.742012023925781,26.66983985900879,25.719070434570312,26.79631996154785,24.896350860595703,2.1014297008514404,27.024782180786133,28.326979911636197,26.833391189575195,-0.9425451159477234
2000-09-16 00:00:00,20.663053512573242,24.827836990356445,26.812896728515625,28.33996932492306,26.185747146606445,25.27863121032715,27.576358810204106,26.865854263305664,11.954975128173828,27.278766632080078,25.742063522338867,27.24941062927246,24.948287963867188,2.525740623474121,27.344480514526367,28.169449425430184,27.05119514465332,-0.5568046569824219
2000-10-16 12:00:00,21.34893035888672,24.89834976196289,26.474153518676758,28.33364683754991,25.850040435791016,25.08692169189453,27.194790999596037,27.004291534423828,13.053913116455078,27.183837890625,26.088918685913086,27.308765411376953,25.245698928833008,2.308924436569214,27.85520362854004,28.408639312225006,27.77947425842285,-0.2644549012184143
2000-11-16 00:00:00,21.332168579101562,24.7540340423584,26.440847396850586,28.331878863566583,24.84440803527832,23.778287887573242,26.623084692566025,26.324369430541992,15.023179054260254,26.708337783813477,26.719633102416992,26.787160873413086,25.76102638244629,1.1133605241775513,28.341754913330078,28.410689433863446,28.237060546875,-0.20247088372707367
2000-12-16 12:00:00,22.862655639648438,25.072847366333008,26.172439575195312,28.334772999725132,23.660465240478516,22.705242156982422,25.932930767064484,25.383302688598633,17.062776565551758,25.759145736694336,27.089637756347656,25.995563507080078,26.266738891601562,-0.34068921208381653,28.008743286132812,28.547406583570982,28.32711410522461,-0.4908269941806793
2001-01-16 12:00:00,24.413257598876953,25.338062286376953,26.3236083984375,28.346808198454504,22.689668655395508,21.552167892456055,24.873331458897415,24.142311096191406,19.435672760009766,24.719152450561523,27.457509994506836,24.950796127319336,26.905691146850586,-1.785021424293518,27.698091506958008,28.124855803283513,28.079378128051758,-0.5700464844703674
2001-02-15 00:00:00,26.060909271240234,26.643407821655273,26.530832290649414,28.340649752957738,22.082937240600586,20.96973419189453,24.340352395243812,23.309371948242188,20.092235565185547,24.24957847595215,27.853971481323242,24.301870346069336,27.30864715576172,-2.881762742996216,28.05259895324707,28.014343040910784,28.457286834716797,-0.2073259800672531
2001-03-16 12:00:00,26.047788619995117,27.14109230041504,27.28144073486328,28.32036448275819,21.700944900512695,20.86198616027832,24.559805263049775,23.307985305786133,19.514978408813477,24.125118255615234,28.094701766967773,24.414997100830078,27.685548782348633,-3.168667793273926,28.770427703857422,28.796540583821013,29.103652954101562,0.12493294477462769
2001-04-16 00:00:00,25.376251220703125,27.277294158935547,27.43538475036621,28.305078743730284,22.153656005859375,21.165422439575195,25.022029518570353,23.523454666137695,17.617107391357422,24.464332580566406,28.18519401550293,24.57581901550293,27.6716251373291,-3.002073287963867,29.541179656982422,29.10499510185342,29.5341854095459,0.35447919368743896
2001-05-16 12:00:00,24.200950622558594,27.016889572143555,27.646696090698242,28.294039198698158,22.966733932495117,21.91147804260254,25.268515375026034,24.1783447265625,15.211731910705566,25.0473690032959,27.638057708740234,25.047639846801758,27.336244583129883,-2.024786949157715,29.52965545654297,28.8642962911813,28.916521072387695,-0.1978585422039032
2001-06-16 00:00:00,22.789209365844727,26.517831802368164,27.66037368774414,28.284447809868983,24.25723648071289,22.99834632873535,25.83341762342292,24.74620819091797,13.623119354248047,25.75143051147461,26.76246452331543,25.683517456054688,26.217830657958984,-0.5939998030662537,28.377744674682617,28.072102537824488,27.881967544555664,-1.1504319906234741
2001-07-16 12:00:00,21.577333450317383,25.573226928710938,26.932580947875977,28.287424431932866,25.137662887573242,23.69757080078125,26.39557295070184,25.83570671081543,12.08849811553955,26.35692024230957,26.181106567382812,26.332565307617188,25.503952026367188,0.7608163356781006,27.589542388916016,27.7215797717855,27.27648162841797,-1.3261728286743164
2001-08-16 12:00:00,20.35240936279297,24.97353172302246,26.600685119628906,28.29973770637862,25.954063415527344,24.833547592163086,27.381773799978593,26.500215530395508,12.10122013092041,26.891361236572266,25.783334732055664,26.816370010375977,25.051137924194336,1.9093551635742188,27.150991439819336,27.53429762707267,26.93356704711914,-1.08506441116333
2001-09-16 00:00:00,19.975543975830078,24.49610137939453,26.510196685791016,28.293221782014957,26.32187271118164,25.27863121032715,27.974684414901795,27.035364151000977,12.398287773132324,27.385648727416992,25.79286766052246,27.530183792114258,24.73381233215332,2.548985242843628,27.630565643310547,26.91420862570541,27.450214385986328,-0.4376574754714966
2001-10-16 12:00:00,20.367448806762695,24.524425506591797,26.89704704284668,28.288823923612558,25.962610244750977,25.08692169189453,27.519117313539446,27.09136390686035,13.558455467224121,27.40471076965332,26.194473266601562,27.49740982055664,25.256546020507812,2.2867472171783447,28.071025848388672,27.326349492324866,27.935440063476562,-0.45831742882728577
2001-11-16 00:00:00,21.214040756225586,24.50226402282715,26.36585807800293,28.27633857066131,24.927448272705078,24.04442596435547,26.748615004176894,26.422035217285156,15.208340644836426,26.908679962158203,26.767215728759766,26.917062759399414,25.743064880371094,1.2152022123336792,28.24808120727539,27.686440606689853,28.338048934936523,0.20955142378807068
2001-12-16 12:00:00,22.686983108520508,24.676137924194336,25.795814514160156,28.28539313604478,23.631698608398438,22.65391731262207,25.98359301540953,25.49496078491211,17.117361068725586,25.91199493408203,27.164796829223633,25.975584030151367,26.274328231811523,-0.24856896698474884,28.070751190185547,27.924212258917144,28.553010940551758,-0.25686389207839966
2002-01-16 12:00:00,24.381553649902344,24.979835510253906,25.96776580810547,28.29233045748829,22.53905487060547,21.580322265625,25.066468714106765,24.316436767578125,19.56020736694336,24.921083450317383,27.376392364501953,25.120166778564453,26.704586029052734,-1.7124152183532715,28.060258865356445,28.49039422070318,28.418195724487305,-0.5865878462791443
2002-02-15 00:00:00,26.05023956298828,25.848190307617188,26.18075942993164,28.286624929904225,21.929035186767578,21.021015167236328,24.696039491694933,23.57119369506836,19.96177864074707,24.310346603393555,27.728744506835938,24.512954711914062,27.266801834106445,-2.871488571166992,28.261369705200195,28.88160416008343,28.55571174621582,-0.45699551701545715
2002-03-16 12:00:00,26.393775939941406,26.8772029876709,26.82218360900879,28.2843269401395,21.847105026245117,20.778053283691406,24.83549757708189,23.508892059326172,19.533489227294922,24.190181732177734,28.142946243286133,24.420011520385742,27.46414566040039,-3.338569164276123,28.914823532104492,29.74182933633642,29.14991569519043,-0.10328156501054764
2002-04-16 00:00:00,25.7405948638916,27.340782165527344,27.491958618164062,28.283076125393308,22.049531936645508,21.01779556274414,25.04234500137399,23.702320098876953,17.546899795532227,24.456024169921875,27.992162704467773,24.584016799926758,27.79669952392578,-2.9729795455932617,29.715747833251953,29.837721328975103,29.1982421875,0.07837929576635361
2002-05-16 12:00:00,24.632579803466797,27.052959442138672,27.61121940612793,28.276133062220374,22.870513916015625,21.95803451538086,25.6896798230978,24.343835830688477,15.603062629699707,25.00208854675293,27.607437133789062,25.11056900024414,27.164493560791016,-1.9229168891906738,29.072654724121094,29.71959654018225,28.75115394592285,0.023379603400826454
2002-06-16 00:00:00,23.150861740112305,27.035465240478516,27.629894256591797,28.274315018870983,24.158876419067383,22.67795181274414,26.246433883964293,24.735368728637695,13.749955177307129,25.592884063720703,26.90566635131836,25.699764251708984,26.56304931640625,-0.5473718047142029,28.23259162902832,28.884258084594702,27.930866241455078,-0.8465912342071533
2002-07-16 12:00:00,22.279499053955078,25.847951889038086,27.181459426879883,28.290691909836777,24.792476654052734,23.511199951171875,26.8152782681222,25.669368743896484,12.606592178344727,26.11009979248047,26.173307418823242,26.375232696533203,25.709226608276367,0.7608163356781006,27.606103897094727,27.90275018539028,26.956356048583984,-1.1954046487808228
2002-08-16 12:00:00,20.82160758972168,25.044715881347656,27.060047149658203,28.31949890851616,25.82366180419922,24.635112762451172,27.981042052001275,26.5389461517334,11.995969772338867,26.840656280517578,25.8131160736084,26.9713191986084,24.99225616455078,1.8411316871643066,27.486751556396484,27.62370576518788,27.27263832092285,-0.887785792350769
2002-09-16 00:00:00,20.482404708862305,25.15546226501465,26.596172332763672,28.345498242784288,26.27794075012207,25.171117782592773,28.137948366976666,27.225669860839844,12.183944702148438,27.264514923095703,25.81178855895996,27.643447875976562,24.989646911621094,2.525740623474121,27.76201820373535,27.31520036782505,27.524688720703125,-0.4376574754714966
2002-10-16 12:00:00,21.208274841308594,25.031442642211914,26.376510620117188,28.35365666304288,25.959882736206055,25.196237564086914,27.831101399410063,27.353755950927734,13.555645942687988,27.422983169555664,26.128406524658203,27.77562713623047,25.171493530273438,2.297872543334961,28.05975914001465,27.42994612450712,27.88050651550293,0.40542134642601013
2002-11-16 00:00:00,21.879343032836914,25.15592384338379,26.827293395996094,28.345483563857655,24.909107208251953,24.196523666381836,27.188872026308797,26.690608978271484,15.182718276977539,26.826509475708008,26.719633102416992,27.061859130859375,25.7537784576416,1.215391755104065,28.341012954711914,27.710502715590486,28.207138061523438,-0.022570965811610222
2002-12-16 12:00:00,22.833738327026367,25.286880493164062,26.77239418029785,28.36538448329848,23.619375228881836,22.757984161376953,26.263976325785297,25.40996742248535,17.124691009521484,25.82065200805664,27.12415313720703,26.069089889526367,26.14589500427246,-0.2753794491291046,28.176273345947266,28.165755706877125,28.40774154663086,-0.2706241011619568
2003-01-16 12:00:00,24.26517677307129,25.627382278442383,26.18467140197754,28.382532448630165,22.526870727539062,21.56941795349121,25.39412655538323,24.0733642578125,19.434040069580078,24.822555541992188,27.478578567504883,25.02855110168457,26.716915130615234,-1.7622624635696411,28.141115188598633,28.6166183515297,28.52252197265625,-0.5654029846191406
2003-02-15 00:00:00,26.012908935546875,26.13814353942871,26.710708618164062,28.388544719340537,22.05094337463379,20.91330337524414,24.809699569249386,23.456562042236328,19.522489547729492,24.156644821166992,27.760658264160156,24.138765335083008,27.368852615356445,-2.9839115142822266,28.250736236572266,28.67285384452375,28.735885620117188,-0.46669867634773254
2003-03-16 12:00:00,26.290163040161133,27.198013305664062,27.18622398376465,28.367310029103432,21.834915161132812,20.873979568481445,24.371721492654018,23.366621017456055,19.3911075592041,24.023399353027344,28.083696365356445,24.350345611572266,27.79380989074707,-3.346792459487915,28.907451629638672,28.971136302429194,29.046743392944336,0.10181385278701782
2003-04-16 00:00:00,24.956562042236328,27.262279510498047,27.643274307250977,28.361327998143423,22.212369918823242,21.201242446899414,24.828618811294128,23.527645111083984,17.6328067779541,24.596965789794922,28.070476531982422,24.851516723632812,27.770160675048828,-3.2190065383911133,29.698345184326172,29.94583747479954,29.54313850402832,0.16150426864624023
2003-05-16 12:00:00,23.96721649169922,26.622385025024414,27.476314544677734,28.352594692262734,23.012205123901367,21.81747817993164,25.260137133017075,24.016916275024414,15.731766700744629,25.0311279296875,27.494203567504883,25.077533721923828,26.961597442626953,-2.0530002117156982,29.550796508789062,29.628207936717402,28.916521072387695,0.09654711931943893
2003-06-16 00:00:00,22.584781646728516,26.30145263671875,27.554153442382812,28.346360426555105,24.18422508239746,23.052467346191406,25.65349108500909,24.598661422729492,13.673910140991211,25.705318450927734,26.780210494995117,25.735517501831055,26.277978897094727,-0.5489994287490845,28.163570404052734,29.584940329891538,27.661205291748047,-0.8785158395767212
2003-07-16 12:00:00,21.749229431152344,25.31364631652832,27.08696746826172,28.358601706070033,25.096498489379883,23.721786499023438,26.27412458887156,25.554927825927734,12.355385780334473,26.216325759887695,26.053415298461914,26.22705841064453,25.472253799438477,0.816021203994751,27.31850242614746,29.26779198553589,27.253103256225586,-1.4095157384872437
2003-08-16 12:00:00,20.601055145263672,25.019704818725586,26.836776733398438,28.384446316193227,25.892108917236328,24.723798751831055,27.083523133961787,26.48078727722168,11.875083923339844,26.89213752746582,25.632518768310547,26.816370010375977,25.00135040283203,1.9077999591827393,27.157087326049805,28.93086735864065,27.01250648498535,-0.9425451159477234
2003-09-16 00:00:00,20.636966705322266,24.947664260864258,26.649721145629883,28.40840950824753,26.45534896850586,25.214004516601562,27.81921416534129,27.029449462890625,12.284159660339355,27.278766632080078,25.892702102661133,27.530183792114258,24.94342613220215,2.4943597316741943,27.486141204833984,28.879611335944816,27.2017879486084,-0.535248339176178
2003-10-16 12:00:00,20.957889556884766,24.806377410888672,26.796070098876953,28.410540287873495,26.055416107177734,25.03413200378418,27.59086168908242,27.367633819580078,13.533531188964844,27.433515548706055,26.25554656982422,27.821487426757812,25.36406898498535,2.344076633453369,27.931642532348633,28.952429249715383,27.580406188964844,-0.29048416018486023
2003-11-16 00:00:00,22.0251522064209,25.27620506286621,26.79369354248047,28.41257016731842,24.763154983520508,23.875667572021484,26.857793844922767,26.66413116455078,15.158123016357422,26.700214385986328,26.584197998046875,27.061859130859375,25.574050903320312,1.3914300203323364,28.14670753479004,28.97649456797233,28.089719772338867,-0.2833912968635559
2003-12-16 12:00:00,22.885290145874023,25.605030059814453,26.75826644897461,28.426276991850145,23.52008056640625,22.65391731262207,25.90310856935377,25.40996742248535,17.060253143310547,25.87613868713379,27.079864501953125,26.124088287353516,26.187606811523438,0.009160146117210388,27.933401107788086,29.047340998888238,28.31144142150879,-0.44725340604782104
2004-01-16 12:00:00,24.621313095092773,25.412961959838867,26.49346160888672,28.44015798568177,22.41756820678711,21.593652725219727,24.757789434657344,24.236671447753906,19.475975036621094,24.85957145690918,27.545190811157227,24.826974868774414,26.725460052490234,-1.7384164333343506,27.661867141723633,28.181058876275088,28.151168823242188,-0.6919173002243042
2004-02-15 00:00:00,25.771799087524414,26.130399703979492,26.478607177734375,28.436331874252875,21.910015106201172,21.024845123291016,24.007105128207023,23.53376007080078,20.4494686126709,24.547388076782227,27.83092498779297,24.552331924438477,27.346529006958008,-3.0830130577087402,28.036855697631836,28.170699478689386,28.323497772216797,-0.5463012456893921
2004-03-16 12:00:00,26.4671573638916,26.810283660888672,26.827625274658203,28.414338259721138,21.89060401916504,20.88563346862793,24.091590318113514,23.377304077148438,19.779653549194336,24.14838409423828,27.99610710144043,24.52882957458496,27.632776260375977,-2.973259449005127,28.770427703857422,28.517100104926417,29.093528747558594,-0.18765181303024292
2004-04-16 00:00:00,25.821645736694336,27.19305992126465,27.618751525878906,28.38728069338143,22.19915771484375,21.221446990966797,24.56566088526254,23.584808349609375,18.017608642578125,24.42336082458496,28.08465576171875,24.873573303222656,27.799579620361328,-2.9893925189971924,29.566329956054688,29.22147626972226,29.43275260925293,0.4146725535392761
2004-05-16 12:00:00,24.281461715698242,26.665250778198242,27.709327697753906,28.37923090055147,23.023359298706055,21.955461502075195,25.224233588087333,24.016916275024414,15.736466407775879,25.05156707763672,27.324867248535156,25.314863204956055,27.23231315612793,-2.024786949157715,28.838119506835938,29.416321513807013,28.473886489868164,-0.12218482792377472
2004-06-16 00:00:00,22.853286743164062,26.30145263671875,27.438629150390625,28.372265321773003,24.19241714477539,23.048765182495117,25.727882739156385,24.741575241088867,13.967585563659668,25.704626083374023,26.68341827392578,25.66622543334961,26.275117874145508,-0.5503128170967102,27.733829498291016,28.995634337525622,27.468387603759766,-0.9764561057090759
2004-07-16 12:00:00,21.787708282470703,25.618879318237305,26.749473571777344,28.37609081068255,25.158864974975586,23.638591766357422,26.483179615141264,25.654279708862305,12.333808898925781,26.215858459472656,26.08384132385254,26.318683624267578,25.466318130493164,0.870465874671936,27.173093795776367,28.396819773243134,26.846620559692383,-1.2560361623764038
2004-08-16 12:00:00,20.844701766967773,25.030548095703125,26.83107566833496,28.393859434846263,26.06180191040039,24.949974060058594,27.649262741250123,26.660524368286133,11.960182189941406,26.94832420349121,25.80722999572754,26.939241409301758,24.921024322509766,1.9496551752090454,27.212980270385742,28.097901531699407,26.762372970581055,-1.0726343393325806
2004-09-16 00:00:00,20.422664642333984,24.762134552001953,26.751129150390625,28.416693258952197,26.309572219848633,25.583553314208984,28.007450800396448,27.350141525268555,12.306171417236328,27.354639053344727,25.882617950439453,27.453123092651367,24.860774993896484,2.448481798171997,27.389448165893555,28.20937552401016,27.09446144104004,-0.5091777443885803
2004-10-16 12:00:00,20.957889556884766,25.00556182861328,26.831802368164062,28.425085612386123,26.055416107177734,25.151044845581055,27.678399380608028,27.270830154418945,13.408405303955078,27.265377044677734,26.003812789916992,27.814722061157227,25.156496047973633,2.308417320251465,27.85520362854004,28.59877254882443,27.757572174072266,-0.29980942606925964
2004-11-16 00:00:00,22.01828956604004,25.090320587158203,27.131622314453125,28.42804431926841,24.970491409301758,24.26551628112793,26.66481877314725,26.513992309570312,15.057489395141602,26.763256072998047,26.568832397460938,26.94920539855957,25.596036911010742,1.7312626838684082,28.231952667236328,28.701161612935728,28.098413467407227,-0.19162990152835846
2004-12-16 12:00:00,22.875715255737305,25.46686363220215,26.96634864807129,28.440300274629532,23.553218841552734,22.7226505279541,25.806852543362243,25.515487670898438,17.74142837524414,25.819969177246094,27.11033058166504,25.995563507080078,26.150636672973633,-0.2753794491291046,27.981861114501953,28.89867822196334,28.27665901184082,-0.27100101113319397
2005-01-16 12:00:00,24.29737091064453,25.28839874267578,26.533910751342773,28.445660124723137,22.389965057373047,21.61575698852539,24.534274561413806,24.222415924072266,19.6151065826416,24.757450103759766,27.584087371826172,25.14311408996582,26.6108455657959,-1.7186036109924316,27.772756576538086,28.596146646176333,28.15709686279297,-0.699438750743866
2005-02-15 00:00:00,25.771799087524414,26.08315086364746,26.555816650390625,28.433641693158858,21.810379028320312,20.75403594970703,23.931892902522545,23.589094161987305,20.003738403320312,24.143339157104492,27.825424194335938,24.552331924438477,27.278846740722656,-2.815229892730713,27.979745864868164,28.318621631637793,28.489479064941406,-0.7263326644897461
2005-03-16 12:00:00,25.861764907836914,27.119272232055664,26.695098876953125,28.4074656013062,21.79472541809082,20.620075225830078,23.948419735446794,23.4606990814209,19.5556583404541,24.42701530456543,28.17657470703125,24.24773406982422,27.872962951660156,-3.3311023712158203,28.818435668945312,28.589438753466663,28.99854278564453,-0.2238813042640686
2005-04-16 00:00:00,25.318683624267578,27.07159423828125,27.69330406188965,28.384227423930046,22.0919246673584,21.403791427612305,24.191034347394705,23.942153930664062,17.52743911743164,24.914567947387695,28.02008819580078,24.910717010498047,27.75634765625,-3.3243677616119385,29.584598541259766,29.372125923279317,29.490694046020508,0.38479846715927124
2005-05-16 12:00:00,24.28023910522461,26.95564079284668,27.64084243774414,28.36830560967042,22.937795639038086,21.970226287841797,24.820566881638076,24.205402374267578,15.603062629699707,25.53221321105957,27.58662986755371,25.32670021057129,27.04595947265625,-2.0658650398254395,29.271726608276367,29.532488890224013,29.123502731323242,-0.11835417151451111
2005-06-16 00:00:00,23.05452537536621,26.506038665771484,27.2878360748291,28.364462171884448,24.341909408569336,23.076738357543945,25.274272981910165,24.613399505615234,13.623119354248047,26.054136276245117,26.780210494995117,25.90898895263672,26.277978897094727,-0.5327686071395874,28.14747428894043,29.174417957908023,27.71017837524414,-1.0170824527740479
2005-07-16 12:00:00,22.337114334106445,25.73838233947754,27.01348114013672,28.36540087080605,25.362133026123047,24.168832778930664,26.14641071235685,25.59139060974121,12.180001258850098,26.35206413269043,26.06610870361328,26.474950790405273,25.4251651763916,0.8816738724708557,27.125520706176758,28.64618885052833,26.959617614746094,-1.5063211917877197
2005-08-16 12:00:00,20.849449157714844,25.08159637451172,26.69502830505371,28.376395481667217,26.180166244506836,24.748071670532227,27.06790016053438,26.495758056640625,12.38986873626709,26.94977378845215,25.767383575439453,26.99857521057129,24.859146118164062,2.164942979812622,27.006826400756836,28.329237525516465,26.61139488220215,-1.2523531913757324
2005-09-16 00:00:00,20.947254180908203,24.73419761657715,26.596172332763672,28.384098951885143,26.389446258544922,25.351430892944336,27.540434185116148,27.095989227294922,12.41685962677002,27.27704620361328,25.741600036621094,27.25832176208496,24.760456085205078,2.693359613418579,27.272418975830078,28.339752753392204,27.012420654296875,-0.5850457549095154
2005-10-16 12:00:00,22.006759643554688,25.031442642211914,26.480756759643555,28.383034518949028,26.08536720275879,25.052186965942383,27.223809223502837,26.988779067993164,13.434350967407227,27.315784454345703,26.102388381958008,27.411970138549805,25.114456176757812,2.2884011268615723,27.846317291259766,28.558488327252938,27.535415649414062,-0.029981816187500954
2005-11-16 00:00:00,21.376628875732422,24.55512237548828,26.213485717773438,28.372916254178858,24.988351821899414,24.228160858154297,26.599158747598334,26.457204818725586,15.173530578613281,26.723426818847656,26.603206634521484,26.969158172607422,25.567277908325195,1.2358548641204834,28.018571853637695,28.747777015586642,28.09396743774414,-0.32221895456314087
2005-12-16 12:00:00,22.65846061706543,24.728689193725586,26.01000213623047,28.381036792681844,23.463665008544922,22.766868591308594,26.075405587847225,25.40996742248535,17.10141372680664,25.92226219177246,27.122106552124023,26.210474014282227,26.150636672973633,-0.03640899062156677,27.836528778076172,28.848988294130937,28.108901977539062,-0.7071105241775513
2006-01-16 12:00:00,24.5924015045166,25.557851791381836,26.26873779296875,28.379894987309406,22.467653274536133,21.53567886352539,25.154445222776754,24.286035537719727,19.6151065826416,24.74189567565918,27.457509994506836,25.06169891357422,26.635168075561523,-1.7159345149993896,27.660724639892578,28.512304356815307,27.995683670043945,-0.8175405859947205
2006-02-15 00:00:00,26.05023956298828,26.23765754699707,26.570737838745117,28.37239470008016,21.77756118774414,20.91996955871582,24.478230188501332,23.40679359436035,19.920578002929688,24.259796142578125,27.839603424072266,24.26340675354004,27.15584373474121,-2.7478067874908447,27.974742889404297,28.246542748937397,28.19793128967285,-0.597065269947052
2006-03-16 12:00:00,26.36347770690918,27.10093879699707,27.190261840820312,28.350737906516017,21.774917602539062,20.88563346862793,24.205390090450226,23.33916664123535,19.512508392333984,24.28534698486328,28.286928176879883,24.522205352783203,27.6639404296875,-3.5682973861694336,28.83070945739746,28.94584281689426,28.992490768432617,-0.22252698242664337
2006-04-16 00:00:00,24.882780075073242,27.405242919921875,27.71394157409668,28.331030487616175,22.340984344482422,21.369609832763672,24.671319440845462,23.89752960205078,17.993913650512695,24.39495849609375,28.025632858276367,24.589223861694336,27.51856231689453,-2.966402769088745,29.57758903503418,29.303441084173553,29.662220001220703,0.4332527816295624
2006-05-16 12:00:00,24.2200927734375,27.065340042114258,27.67153549194336,28.308260518651675,22.97127914428711,21.89857292175293,25.175273465666738,24.264053344726562,15.736466407775879,25.05156707763672,27.596731185913086,25.314863204956055,27.261272430419922,-2.024786949157715,29.550796508789062,29.486006380898218,28.743759155273438,0.07175026834011078
2006-06-16 00:00:00,23.033432006835938,26.91806983947754,27.51191520690918,28.303905681723776,24.21799087524414,23.014663696289062,25.70406277224276,24.762418746948242,13.932775497436523,25.717708587646484,26.825950622558594,25.67817497253418,26.262271881103516,-0.5655266046524048,28.076250076293945,29.028706645907427,27.67591667175293,-0.7743150591850281
2006-07-16 12:00:00,21.76918601989746,25.732650756835938,27.255264282226562,28.30307078158445,25.151123046875,23.756750106811523,26.38038484951854,25.567325592041016,12.473884582519531,26.208864212036133,26.173307418823242,26.332565307617188,25.44735336303711,0.7608163356781006,27.298465728759766,28.494782853072525,26.964561462402344,-1.3055429458618164
2006-08-16 12:00:00,21.11712646484375,25.09916114807129,26.703868865966797,28.30608728523192,26.03348731994629,24.57068634033203,27.136845673206537,26.459383010864258,11.869142532348633,26.89213752746582,25.785175323486328,26.873449325561523,24.83687400817871,1.9445010423660278,27.09831428527832,28.18254518171029,26.960792541503906,-1.0427120923995972
2006-09-16 00:00:00,20.814088821411133,24.968923568725586,26.826522827148438,28.3139014927607,26.355043411254883,25.31553840637207,27.898348404010903,27.079940795898438,12.618070602416992,27.385648727416992,25.79897117614746,27.530183792114258,24.94618797302246,2.433025360107422,27.48727798461914,28.163630096071362,27.195777893066406,-0.4027649462223053
2006-10-16 12:00:00,20.92691421508789,25.094120025634766,27.171863555908203,28.314724496925052,26.06783676147461,25.081296920776367,27.60124648624243,27.353755950927734,13.433001518249512,27.43235206604004,26.19766616821289,27.725454330444336,25.158700942993164,2.3812358379364014,28.125272750854492,28.58152149819761,27.78849983215332,0.05216098204255104
2006-11-16 00:00:00,21.54129981994629,25.285255432128906,26.74583625793457,28.306298994359388,25.00798225402832,24.196523666381836,26.981379559651064,26.77254295349121,15.478639602661133,27.06452751159668,26.786293029785156,27.19448471069336,25.749998092651367,1.2065730094909668,28.37119483947754,28.738189834790003,28.541791915893555,0.03810536861419678
2006-12-16 12:00:00,23.072765350341797,25.63695526123047,27.05590057373047,28.313999862286575,23.674440383911133,22.737274169921875,26.17859191751434,25.4451847076416,17.542970657348633,25.8410701751709,27.16147232055664,26.069089889526367,26.4208927154541,-0.2533327043056488,28.29621124267578,28.855641572999374,28.554332733154297,-0.1520996242761612
2007-01-16 12:00:00,24.381183624267578,26.033376693725586,26.665971755981445,28.325178688727277,22.516267776489258,21.580322265625,25.09642452056331,24.057518005371094,19.495590209960938,24.921083450317383,27.655736923217773,25.06978988647461,26.86944007873535,-1.6267904043197632,27.854419708251953,28.63256188263772,28.316539764404297,-0.6359784603118896
2007-02-15 00:00:00,26.012908935546875,27.211591720581055,26.81938934326172,28.316405596464715,22.188337326049805,20.986387252807617,24.480339730092613,23.33135223388672,19.843294143676758,24.573762893676758,27.826438903808594,24.301870346069336,27.267650604248047,-2.7178874015808105,28.079795837402344,28.37632634151959,28.716991424560547,-0.5840850472450256
2007-03-16 12:00:00,26.44136619567871,27.14109230041504,27.670391082763672,28.293934592065177,22.00687599182129,20.870546340942383,24.669103674569357,23.261474609375,19.323843002319336,24.13102912902832,27.991308212280273,24.406078338623047,27.685548782348633,-3.0684263706207275,28.913589477539062,28.947886547355882,29.064250946044922,-0.018275359645485878
2007-04-16 00:00:00,25.688438415527344,27.295696258544922,27.465824127197266,28.28395676700883,22.096330642700195,21.073974609375,24.979262882409294,23.672712326049805,17.63090705871582,24.501258850097656,28.003498077392578,24.51416778564453,27.663957595825195,-2.9909188747406006,29.733142852783203,29.49282647589392,29.519590377807617,0.41225913166999817
2007-05-16 12:00:00,24.603500366210938,26.956844329833984,27.59420394897461,28.28039385017271,23.036500930786133,21.961483001708984,25.479818321998717,24.025390625,15.815719604492188,25.073266983032227,27.589580535888672,25.051713943481445,27.088783264160156,-2.024786949157715,29.572839736938477,29.24743882362257,29.097753524780273,0.023379603400826454
2007-06-16 00:00:00,22.776033401489258,26.464340209960938,27.562971115112305,28.276319699799288,24.146804809570312,22.92346954345703,26.116416612852895,24.706857681274414,13.88102912902832,25.66348648071289,26.848400115966797,25.69566535949707,26.55545997619629,-0.6096981763839722,28.40481948852539,28.67449368910225,28.242198944091797,-0.7581650018692017
2007-07-16 12:00:00,21.55459976196289,25.525022506713867,26.92251205444336,28.283973411519536,25.094762802124023,23.713651657104492,26.637805900301707,25.54509162902832,12.022400856018066,26.210914611816406,26.214519500732422,26.321779251098633,25.693721771240234,0.7924243807792664,27.670787811279297,27.932944895641068,27.337404251098633,-0.8224726319313049
2007-08-16 12:00:00,20.857196807861328,24.928422927856445,26.377685546875,28.290593147688885,25.78579330444336,24.347360610961914,27.790679843796614,26.660524368286133,11.998922348022461,26.89225196838379,25.7650146484375,27.094303131103516,24.957651138305664,1.9444578886032104,27.178760528564453,27.6487900841444,27.17283058166504,-0.7208493947982788
2007-09-16 00:00:00,20.366003036499023,24.699525833129883,26.746826171875,28.288364573898562,26.38613510131836,25.006441116333008,28.06345931062656,26.94925308227539,12.257988929748535,27.539714813232422,25.79897117614746,27.372432708740234,24.73381233215332,2.4943597316741943,27.76247215270996,27.632705461003205,27.65644645690918,-0.1833040416240692
2007-10-16 12:00:00,20.376182556152344,24.283157348632812,25.85127830505371,28.28279790368911,26.13100814819336,24.927833557128906,27.700256991638827,27.067041397094727,13.533531188964844,27.374324798583984,26.18181800842285,27.484416961669922,25.15960693359375,2.3812358379364014,28.08038330078125,27.79124850021324,27.805301666259766,0.04093668609857559
2007-11-16 00:00:00,21.241554260253906,24.50226402282715,25.830448150634766,28.28431278762364,24.955947875976562,24.09285545349121,27.061279751348028,26.710756301879883,15.023179054260254,26.99491310119629,26.73271942138672,27.13060188293457,25.743064880371094,1.2065730094909668,28.146230697631836,28.122255207351593,28.12273597717285,-0.16929440200328827
2007-12-16 12:00:00,22.35345458984375,24.473323822021484,25.676851272583008,28.27839575403865,23.755651473999023,22.75674819946289,26.23447406936034,25.36318588256836,17.31108856201172,25.840816497802734,27.004680633544922,26.01301383972168,26.274328231811523,-0.2533327043056488,28.164682388305664,28.676414129488776,28.545333862304688,-0.32388821244239807
2008-01-16 12:00:00,24.58966064453125,25.042896270751953,25.7459716796875,28.282637074131717,22.661462783813477,21.52879524230957,25.32276228298491,24.0733642578125,19.4367733001709,24.89305305480957,27.349241256713867,24.873994827270508,26.704586029052734,-1.8670783042907715,28.047115325927734,28.9396619309918,28.472274780273438,-0.678513765335083
2008-02-15 00:00:00,26.143766403198242,25.80622100830078,25.85172462463379,28.28861396980695,22.136859893798828,20.85736083984375,25.024019934337225,23.454904556274414,20.494422912597656,24.22408103942871,27.720291137695312,24.416311264038086,27.386554718017578,-2.8828988075256348,28.145231246948242,29.237511536780488,28.41412353515625,-0.7520409226417542
2008-03-16 12:00:00,26.36347770690918,26.8781681060791,26.584775924682617,28.289896324600175,21.867860794067383,20.811511993408203,24.95965166329958,23.236875534057617,19.655498504638672,24.21857261657715,27.937345504760742,24.484243392944336,27.547393798828125,-3.3170175552368164,28.744714736938477,29.705931949587878,29.062259674072266,-0.24256031215190887
2008-04-16 00:00:00,25.76325798034668,27.340782165527344,27.482995986938477,28.288650083297906,22.292034149169922,21.069795608520508,25.505435124228374,23.521818161010742,17.851041793823242,24.678800582885742,27.955150604248047,24.728708267211914,28.203027725219727,-3.0034773349761963,29.21236801147461,29.854872402186516,29.1982421875,0.2859603762626648
2008-05-16 12:00:00,24.616260528564453,27.001773834228516,27.603166580200195,28.273111996588366,23.412830352783203,22.085603713989258,25.926857444079236,24.235443115234375,15.747597694396973,25.112672805786133,27.561613082885742,25.19392967224121,27.35110092163086,-2.088423728942871,29.072654724121094,29.60164459143027,28.619691848754883,0.061284370720386505
2008-06-16 00:00:00,23.150861740112305,26.289493560791016,27.549116134643555,28.277676728070812,24.501588821411133,23.05656623840332,26.30953635511503,24.71982765197754,13.631580352783203,25.81011390686035,26.824790954589844,25.879776000976562,26.42652702331543,-0.5648133754730225,28.2127685546875,29.01371496349608,27.863317489624023,-0.745436429977417
2008-07-16 12:00:00,22.178150177001953,25.60881805419922,27.026371002197266,28.29801575223105,25.323442459106445,23.897254943847656,26.881856612343647,25.69989585876465,12.490405082702637,26.41649627685547,26.17597770690918,26.456411361694336,25.71034812927246,0.7924243807792664,27.627168655395508,28.51424012707459,27.37215232849121,-0.7356617450714111
2008-08-16 12:00:00,20.76243782043457,25.061819076538086,26.825546264648438,28.321068514072117,25.97319221496582,24.67070960998535,27.950009977208474,26.660524368286133,11.869142532348633,26.939416885375977,25.76820182800293,27.130701065063477,24.989154815673828,1.9809106588363647,27.339336395263672,28.079824376166222,27.196008682250977,-0.6798112988471985
2008-09-16 00:00:00,20.556869506835938,24.87887954711914,26.314722061157227,28.35092145949281,26.38613510131836,25.389299392700195,28.12154861767281,27.29967498779297,12.10759162902832,27.539714813232422,25.885910034179688,27.70099639892578,24.930316925048828,2.525458335876465,27.605913162231445,27.909033212763507,27.516923904418945,-0.39465853571891785
2008-10-16 12:00:00,21.208274841308594,25.080734252929688,26.357406616210938,28.36283655864042,25.962610244750977,24.985361099243164,27.62745396639327,27.1138916015625,13.542320251464844,27.431135177612305,26.15787124633789,27.49362564086914,25.185325622558594,2.4225008487701416,28.06281089782715,28.153383077757756,27.784339904785156,-0.044396139681339264
2008-11-16 00:00:00,21.358558654785156,24.857694625854492,26.425539016723633,28.37646532959901,24.797306060791016,23.849519729614258,26.849674255089347,26.422035217285156,15.4630708694458,26.676258087158203,26.725194931030273,26.940263748168945,25.765661239624023,1.1133605241775513,28.193572998046875,28.518429115981647,28.29746437072754,-0.16166795790195465
2008-12-16 12:00:00,22.833738327026367,24.529361724853516,26.111042022705078,28.39001680656041,23.71697425842285,22.756872177124023,26.154029246116288,25.391199111938477,17.74142837524414,25.827661514282227,27.114038467407227,26.15748405456543,26.274328231811523,-0.27916622161865234,28.072351455688477,28.889691159296095,28.394941329956055,-0.35798513889312744
2009-01-16 12:00:00,24.26517677307129,25.184797286987305,25.996850967407227,28.408327335751935,22.66811752319336,21.55887222290039,25.36300242068083,24.034400939941406,19.595312118530273,24.675466537475586,27.491270065307617,25.02855110168457,26.85822868347168,-1.935211420059204,27.861209869384766,28.96286004739389,28.307958602905273,-0.760452151298523
2009-02-15 00:00:00,26.00372314453125,25.897756576538086,26.246431350708008,28.409067752865294,21.82888412475586,20.90374755859375,24.684759337938527,23.287935256958008,20.2982120513916,24.08854866027832,27.772825241088867,24.331890106201172,27.38947868347168,-3.0480520725250244,28.079116821289062,28.642900489918198,28.437259674072266,-0.44145917892456055
2009-03-16 12:00:00,26.182764053344727,26.810283660888672,26.655982971191406,28.40284351228329,21.96179962158203,20.793533325195312,24.48669013629633,23.2110652923584,19.894556045532227,24.209205627441406,28.035606384277344,24.00381088256836,27.842025756835938,-3.5925796031951904,28.900428771972656,28.898457818701225,29.005931854248047,-0.13413967192173004
2009-04-16 00:00:00,24.970714569091797,27.083097457885742,27.254121780395508,28.38778331525866,22.19915771484375,21.15951156616211,24.744241422482965,23.52007293701172,18.025503158569336,24.7147274017334,28.018041610717773,24.386474609375,27.60505485534668,-3.2575883865356445,29.6151123046875,29.522215103822184,29.321950912475586,0.17634359002113342
2009-05-16 12:00:00,24.246706008911133,26.709667205810547,27.545137405395508,28.370591355461155,22.9957218170166,21.865467071533203,25.033624775247954,23.9408016204834,15.749495506286621,25.0473690032959,27.57895851135254,24.96957778930664,27.3276424407959,-2.1806640625,29.411874771118164,29.42248422603501,29.09100341796875,0.12145310640335083
2009-06-16 00:00:00,22.809627532958984,26.36962890625,27.595062255859375,28.373067478921193,24.343835830688477,23.086456298828125,25.593377694678573,24.741575241088867,14.04680061340332,25.604413986206055,26.7691650390625,25.670520782470703,26.67671775817871,-0.636827290058136,28.178913116455078,29.175540533732416,27.56163215637207,-0.9790980815887451
2009-07-16 12:00:00,21.76763153076172,25.568910598754883,27.03579330444336,28.376427358669876,25.169097900390625,24.072185516357422,26.342427609658387,25.798595428466797,13.425664901733398,26.24156379699707,26.109912872314453,26.332717895507812,25.599689483642578,0.7989293336868286,27.203340530395508,28.779065221453745,27.01240348815918,-1.4421483278274536
2009-08-16 12:00:00,20.95220375061035,24.892396926879883,26.90205192565918,28.393037487808822,25.892108917236328,24.57170867919922,27.201907231122348,26.465559005737305,12.375418663024902,26.89213752746582,25.800857543945312,26.818490982055664,25.013721466064453,1.885374665260315,27.104496002197266,28.340474379419845,26.866058349609375,-1.156773567199707
2009-09-16 00:00:00,20.67913818359375,24.95547103881836,27.070512771606445,28.403564722794133,26.355043411254883,25.32219696044922,27.83691057839189,27.035364151000977,12.733124732971191,27.292335510253906,25.892702102661133,27.530183792114258,24.917034149169922,2.4528346061706543,27.359647750854492,28.282059387216826,27.063322067260742,-0.754472553730011
2009-10-16 12:00:00,20.945890426635742,24.999238967895508,26.984020233154297,28.387747467885546,26.10563087463379,25.137296676635742,27.46034217630902,27.208139419555664,13.644940376281738,27.40032958984375,26.20046615600586,27.761852264404297,25.36406898498535,2.2510805130004883,27.906414031982422,28.710108163356573,27.78229522705078,-0.06466495245695114
2009-11-16 00:00:00,21.733983993530273,25.268573760986328,26.621646881103516,28.38682883686832,24.883621215820312,24.08140754699707,26.7584925090669,26.446596145629883,15.585140228271484,26.908679962158203,26.840721130371094,26.934232711791992,25.7537784576416,1.1601033210754395,27.992326736450195,28.678314161627412,28.09396743774414,-0.328665554523468
2009-12-16 12:00:00,22.90445899963379,25.55258560180664,26.69584083557129,28.394232846240556,23.71697425842285,22.764711380004883,25.75855447039009,25.484210968017578,18.209514617919922,25.776248931884766,27.230077743530273,26.020633697509766,26.4208927154541,-0.3245011866092682,28.295034408569336,28.652498781405676,28.582387924194336,-0.4371435046195984
2010-01-16 12:00:00,24.413257598876953,25.55954933166504,26.302717208862305,28.403731854563382,22.53905487060547,21.8284854888916,24.412896632305937,24.22105598449707,19.618854522705078,25.0107479095459,27.59619903564453,25.212007522583008,26.85822868347168,-1.906542420387268,27.835302352905273,28.64530680048937,28.300701141357422,-0.5395525693893433
2010-02-15 00:00:00,26.024944305419922,26.229829788208008,26.672489166259766,28.394226135520192,22.05094337463379,20.891193389892578,23.830594748455816,24.115272521972656,20.092235565185547,24.542308807373047,27.86279296875,24.816503524780273,27.585344314575195,-2.466233730316162,28.28469467163086,28.160632799716424,28.639253616333008,-0.5853400826454163
2010-03-16 12:00:00,26.413454055786133,27.292510986328125,27.203876495361328,28.36031660928766,22.172258377075195,21.04047393798828,23.93348049537065,23.91641616821289,19.894556045532227,24.80668067932129,28.074953079223633,25.21184730529785,28.08414649963379,-2.3501181602478027,28.948392868041992,28.503621287485846,29.434749603271484,0.07839332520961761
2010-04-16 00:00:00,25.7405948638916,27.792282104492188,27.992427825927734,28.348058712043724,22.284942626953125,21.377708435058594,24.29198839580189,24.306196212768555,17.85300636291504,24.916484832763672,28.306854248046875,24.99127197265625,28.529834747314453,-2.4412131309509277,29.69932746887207,29.128083115230364,29.72188949584961,0.4107709228992462
2010-05-16 12:00:00,24.27263641357422,27.376441955566406,27.948246002197266,28.33111941369477,23.057594299316406,22.196388244628906,24.859999310334903,24.491701126098633,15.697486877441406,25.63290786743164,27.52387046813965,25.434030532836914,27.453458786010742,-2.2191476821899414,29.542442321777344,29.170653163792682,29.091140747070312,-0.11013199388980865
2010-06-16 00:00:00,23.14070701599121,26.308269500732422,27.822933197021484,28.331000382263476,24.268075942993164,23.06658172607422,25.39793593639276,25.084941864013672,13.623119354248047,26.06045913696289,26.78728675842285,25.84724998474121,26.64846420288086,-0.5174791216850281,28.039793014526367,28.96350658393568,27.591434478759766,-0.928267776966095
2010-07-16 12:00:00,22.372652053833008,25.938085556030273,27.064834594726562,28.33210721741702,25.049482345581055,24.02288246154785,26.130372841676873,25.764324188232422,12.08849811553955,26.42799186706543,26.181106567382812,26.528717041015625,25.76399803161621,0.950348973274231,27.271053314208984,28.857044131162127,27.024913787841797,-1.2709487676620483
2010-08-16 12:00:00,20.695884704589844,25.17503547668457,26.613582611083984,28.338961281394354,25.693082809448242,24.737150192260742,27.042682821639886,26.541587829589844,11.565361976623535,27.050573348999023,25.76820182800293,26.90869140625,24.98133087158203,2.0667877197265625,27.186140060424805,28.507470609111515,26.80046272277832,-1.2932167053222656
2010-09-16 00:00:00,20.675188064575195,24.99970817565918,26.67075538635254,28.33494058713634,26.360206604003906,25.397815704345703,27.288716819412638,26.857297897338867,12.102516174316406,27.242820739746094,25.771257400512695,27.288724899291992,24.91581916809082,2.4903061389923096,27.464513778686523,28.5017488461355,27.204408645629883,-0.5539998412132263
2010-10-16 12:00:00,20.294912338256836,24.970172882080078,26.429441452026367,28.33608670299497,26.17935562133789,25.157657623291016,26.954493715326276,27.12525749206543,13.389581680297852,27.5030574798584,26.19766616821289,27.523103713989258,25.185325622558594,2.4778764247894287,28.00420570373535,28.765888255472554,27.755739212036133,-0.3676709830760956
2010-11-16 00:00:00,21.189590454101562,25.021766662597656,26.408185958862305,28.320235261904976,25.17154312133789,24.369930267333984,26.440263290970528,26.546323776245117,15.197513580322266,26.774314880371094,26.61113929748535,26.842544555664062,25.712263107299805,1.2842719554901123,28.273000717163086,29.020741218987354,28.12273597717285,-0.3460110127925873
2010-12-16 12:00:00,22.55256462097168,25.146934509277344,26.25417709350586,28.320115394665955,23.629281997680664,22.751026153564453,25.65651309446353,25.553817749023438,17.542970657348633,25.825092315673828,27.13103675842285,26.020633697509766,26.25402069091797,0.009142562747001648,28.305082321166992,28.825736045582083,28.21107292175293,-0.4908269941806793
2011-01-16 12:00:00,24.594043731689453,25.44624900817871,26.38114356994629,28.324299110950925,22.63266372680664,21.720056533813477,24.825130103478774,24.31014633178711,19.653810501098633,24.905715942382812,27.3563175201416,25.218936920166016,26.783523559570312,-1.7640283107757568,27.854419708251953,28.553382671854255,28.316539764404297,-0.6963961720466614
2011-02-15 00:00:00,26.012908935546875,26.296396255493164,27.10125160217285,28.314562138128117,22.188337326049805,20.95861053466797,24.590294916944924,23.41438865661621,19.55624008178711,24.46511459350586,27.772361755371094,24.372940063476562,27.335206985473633,-2.6336114406585693,27.993125915527344,28.41466651403573,28.401531219482422,-0.4723653197288513
2011-03-16 12:00:00,26.14141845703125,26.75640296936035,27.342317581176758,28.305138905260232,22.00117301940918,20.850862503051758,24.77928372768471,23.29125213623047,19.57544708251953,24.470611572265625,27.93062973022461,24.205341339111328,27.478818893432617,-3.521491289138794,28.770427703857422,28.897058881680366,28.843753814697266,-0.18224777281284332
2011-04-16 00:00:00,25.709917068481445,27.326627731323242,27.5379638671875,28.29867036990053,22.17984390258789,21.158153533935547,24.85831140426487,23.587982177734375,17.60543441772461,24.544178009033203,27.94879150390625,24.634620666503906,27.644460678100586,-2.9757988452911377,29.66407585144043,29.529588871166784,29.54313850402832,0.2434697300195694
2011-05-16 12:00:00,24.721515655517578,27.000823974609375,27.603166580200195,28.282129607794623,23.023359298706055,21.955461502075195,25.371261517144113,24.043964385986328,15.697486877441406,25.11749267578125,27.50887107849121,24.96957778930664,27.336244583129883,-2.0951457023620605,29.542442321777344,29.47071311206433,28.985231399536133,0.0922270193696022
2011-06-16 00:00:00,24.158788681030273,26.578454971313477,27.55400848388672,28.27260007911905,24.220928192138672,22.975391387939453,26.02127431969618,24.808238983154297,13.673910140991211,25.806398391723633,26.818599700927734,25.680450439453125,26.55545997619629,-0.5648133754730225,28.123594284057617,28.57207006240844,27.894804000854492,-0.8005291223526001
2011-07-16 12:00:00,21.780027389526367,25.855390548706055,26.93573570251465,28.282192929655057,25.13060188293457,23.586212158203125,26.557514605597365,25.616764068603516,12.340895652770996,26.23651695251465,26.173307418823242,26.315353393554688,25.74813461303711,0.7924243807792664,27.31850242614746,28.2440019689649,27.076040267944336,-1.0150752067565918
2011-08-16 12:00:00,20.950756072998047,24.39908790588379,26.49423599243164,28.28863124816347,25.799015045166016,24.565763473510742,27.436778350506582,26.47768783569336,12.044499397277832,26.904991149902344,25.745481491088867,26.888010025024414,24.989154815673828,2.055568218231201,27.24626922607422,27.83822882378752,27.040691375732422,-0.6255396008491516
2011-09-16 00:00:00,19.986310958862305,24.604711532592773,25.687305450439453,28.285863872031744,26.185747146606445,25.244976043701172,27.964207786692196,27.079940795898438,12.302934646606445,27.339405059814453,25.755014419555664,27.530183792114258,24.99806022644043,2.487600803375244,27.5927677154541,27.806962135817216,27.46681022644043,-0.07014497369527817
2011-10-16 12:00:00,20.511211395263672,24.370615005493164,25.700471878051758,28.286121353242507,25.881614685058594,25.053266525268555,27.763862378247328,27.32567596435547,13.174610137939453,27.453306198120117,26.179147720336914,27.814722061157227,25.209556579589844,2.359527111053467,28.04402732849121,27.822757008688704,27.781047821044922,0.19458456337451935
2011-11-16 00:00:00,21.641836166381836,23.949295043945312,26.06611442565918,28.27590524291996,24.91168785095215,23.776437759399414,27.072445673179804,26.722064971923828,15.160283088684082,26.897296905517578,26.708728790283203,27.052881240844727,25.7037296295166,1.2387118339538574,28.583799362182617,28.031896382489062,28.373207092285156,0.07986351102590561
2011-12-16 12:00:00,22.420255661010742,24.39508056640625,25.994346618652344,28.276334177595885,23.594655990600586,22.76133918762207,26.248431441374397,25.36318588256836,17.542970657348633,25.82065200805664,27.145177841186523,26.01301383972168,26.209125518798828,-0.3245011866092682,28.321674346923828,28.611633366073413,28.373876571655273,-0.3106752932071686
2012-01-16 12:00:00,24.06520652770996,24.922107696533203,26.080215454101562,28.282795103563092,22.526870727539062,21.55887222290039,25.376315957293325,24.018123626708984,19.600605010986328,24.618947982788086,27.501707077026367,24.856712341308594,26.783523559570312,-1.7186036109924316,28.10536766052246,29.12208245562959,28.25615119934082,-0.697358250617981
2012-02-15 00:00:00,25.79804039001465,25.932275772094727,26.197940826416016,28.292121863448806,21.82888412475586,20.947471618652344,25.06172696497823,23.309200286865234,20.494422912597656,24.215017318725586,27.728744506835938,24.37186622619629,26.94872283935547,-2.9335765838623047,28.37122344970703,29.344342494845954,28.69931411743164,-0.5308268070220947
2012-03-16 12:00:00,26.14141845703125,26.88707160949707,26.780330657958984,28.28692168036394,21.862592697143555,20.906530380249023,25.263594655371357,23.24116325378418,19.779653549194336,24.020156860351562,28.142946243286133,24.389867782592773,27.547393798828125,-3.630075454711914,28.814437866210938,29.823869106406814,29.03256607055664,-0.238668754696846
2012-04-16 00:00:00,25.688438415527344,27.340782165527344,27.500011444091797,28.275145363715726,22.27707290649414,21.205297470092773,25.515614390157392,23.79186248779297,17.63090705871582,24.564653396606445,28.154827117919922,24.731212615966797,27.48563003540039,-3.003495931625366,29.541179656982422,29.996885325650332,29.467456817626953,0.16871485114097595
2012-05-16 12:00:00,24.30455207824707,27.00971031188965,27.61121940612793,28.272062979004808,23.438121795654297,21.938583374023438,26.203057759087756,24.386587142944336,15.697486877441406,25.17632293701172,27.802082061767578,25.3521728515625,27.348764419555664,-2.008349657058716,29.52965545654297,30.03598682701042,28.75115394592285,0.0229627825319767
2012-06-16 00:00:00,23.238069534301758,26.840312957763672,27.633649826049805,28.274352033695056,24.538049697875977,23.276762008666992,26.633871780514536,24.687633514404297,13.631580352783203,25.775779724121094,27.077356338500977,25.78561019897461,26.417757034301758,-0.5327686071395874,28.25874137878418,29.41077550263843,27.897048950195312,-0.7534788846969604
2012-07-16 12:00:00,22.093782424926758,25.940603256225586,27.520402908325195,28.28880379014158,25.16598129272461,24.24192237854004,27.37266064843343,25.90182876586914,12.054232597351074,26.443279266357422,26.173307418823242,26.534481048583984,25.6446590423584,0.7989293336868286,27.628122329711914,28.54234186764206,27.47553253173828,-0.7816025614738464
2012-08-16 12:00:00,21.037128448486328,25.224430084228516,27.00874900817871,28.30483000296436,26.142412185668945,25.078479766845703,28.153138684034836,26.849281311035156,12.037660598754883,27.171728134155273,25.783334732055664,27.199783325195312,25.018171310424805,2.019474506378174,27.525279998779297,27.801183002695485,27.265628814697266,-0.5368342995643616
2012-09-16 00:00:00,20.77593421936035,24.93370819091797,26.921701431274414,28.323484687431566,26.766036987304688,25.747819900512695,28.157764,27.225669860839844,12.41685962677002,27.682226181030273,25.853492736816406,27.643447875976562,25.001752853393555,2.7159361839294434,27.773609161376953,27.73009769828824,27.53955078125,0.02693699486553669
2012-10-16 12:00:00,20.76137351989746,24.711610794067383,26.545656204223633,28.326703094418136,26.250478744506836,25.519752502441406,28.114250349545323,27.51869773864746,13.555329322814941,27.759281158447266,26.18632698059082,27.89320182800293,25.23497772216797,2.33662486076355,28.153335571289062,27.809065796931662,27.80514144897461,0.0943773165345192
2012-11-16 00:00:00,21.493797302246094,25.379133224487305,26.85672378540039,28.321412241212148,25.050676345825195,24.089635848999023,27.380497888651902,26.734052658081055,15.441615104675293,27.01946449279785,26.79201889038086,27.213760375976562,25.647079467773438,1.2772860527038574,28.37945556640625,28.253711620049014,28.203533172607422,-0.12603095173835754
2012-12-16 12:00:00,23.021926879882812,25.072847366333008,26.440122604370117,28.342672055276644,23.674440383911133,22.78354835510254,26.327195465661926,25.374176025390625,17.71713638305664,25.82065200805664,27.204652786254883,26.195798873901367,26.243844985961914,-0.3135601580142975,28.217639923095703,28.769780720502776,28.760469436645508,-0.3723057508468628
2013-01-16 12:00:00,24.381553649902344,25.710912704467773,26.060678482055664,28.367759061295583,22.68198013305664,21.55887222290039,25.39694747035669,24.052568435668945,19.053695678710938,25.010028839111328,27.407480239868164,25.087085723876953,26.81675148010254,-1.7621656656265259,28.085922241210938,28.90307893873482,28.5457706451416,-0.7091732025146484
2013-02-15 00:00:00,25.79804039001465,26.17657470703125,26.302505493164062,28.370500912520765,21.901567459106445,21.122922897338867,24.88744872905329,23.575366973876953,20.293516159057617,24.188962936401367,27.921476364135742,24.49285125732422,27.36111068725586,-2.720184326171875,28.20886993408203,28.753879787908932,28.758663177490234,-0.6113643646240234
2013-03-16 12:00:00,25.98946189880371,27.119272232055664,26.954975128173828,28.36032894242583,21.87285804748535,20.83237648010254,25.058912456988317,23.54294776916504,19.417268753051758,24.376314163208008,28.020694732666016,24.648338317871094,28.08414649963379,-3.1550354957580566,28.882413864135742,29.10429946757202,29.296640396118164,-0.25757482647895813
2013-04-16 00:00:00,24.924367904663086,27.47530746459961,27.685121536254883,28.34839987619889,22.14362144470215,21.221446990966797,25.209678761188766,23.79186248779297,17.60175323486328,24.687747955322266,28.040746688842773,24.87161636352539,27.685394287109375,-2.889677047729492,29.6151123046875,29.53931416261929,29.42858123779297,0.24437381327152252
2013-05-16 12:00:00,24.11383628845215,26.622385025024414,27.9892520904541,28.336692742287976,22.82477378845215,21.955461502075195,25.43614515715992,24.221698760986328,15.747597694396973,25.043405532836914,27.52263832092285,25.311614990234375,27.336244583129883,-1.900713562965393,29.343482971191406,29.660321331020025,28.790102005004883,0.013805922120809555
2013-06-16 00:00:00,22.18498992919922,25.93021583557129,27.200504302978516,28.329227237885856,24.161876678466797,23.03169822692871,25.906981675373533,24.795955657958984,13.932775497436523,25.662395477294922,26.832168579101562,25.68880844116211,26.575790405273438,-0.5792609453201294,28.073057174682617,29.338692168849754,27.78095245361328,-0.9748020172119141
2013-07-16 12:00:00,21.645078659057617,25.227832794189453,27.194080352783203,28.341408808344656,25.170618057250977,24.003143310546875,26.57763801387011,25.669368743896484,12.044821739196777,26.251298904418945,26.127655029296875,26.55830192565918,25.71168327331543,0.7608163356781006,27.266921997070312,28.639915954616882,26.990894317626953,-1.2982757091522217
2013-08-16 12:00:00,20.4704532623291,25.003976821899414,26.694194793701172,28.358599169605043,26.180166244506836,24.772850036621094,27.276202069871644,26.453365325927734,11.869142532348633,26.769922256469727,25.735946655273438,27.164745330810547,25.115482330322266,1.9532099962234497,27.148975372314453,28.374502195822007,26.78423309326172,-1.0609090328216553
2013-09-16 00:00:00,20.49718475341797,24.709579467773438,26.434709548950195,28.37454069903805,26.41977310180664,25.316909790039062,27.87010748745163,27.350141525268555,12.10759162902832,27.385648727416992,25.81178855895996,27.691417694091797,24.917482376098633,2.4466490745544434,27.497983932495117,28.406740083093204,27.261478424072266,-0.547941267490387
2013-10-16 12:00:00,20.89638328552246,24.625137329101562,26.502050399780273,28.3731726300856,26.023082733154297,25.217994689941406,27.33900188404785,27.1138916015625,13.555645942687988,27.417118072509766,26.129117965698242,27.725454330444336,25.231748580932617,2.421494245529175,28.116872787475586,28.487830194473236,27.820003509521484,-0.15645909309387207
2013-11-16 00:00:00,21.488187789916992,25.133832931518555,26.14299964904785,28.378639640633867,25.128971099853516,24.227489471435547,26.6057076837786,26.324369430541992,15.218043327331543,26.734235763549805,26.747772216796875,26.917062759399414,25.714136123657227,1.2842719554901123,28.266651153564453,28.750699857778713,28.008268356323242,-0.21231092512607574
2013-12-16 12:00:00,22.96600914001465,24.757076263427734,26.142595291137695,28.390507021816042,23.70216941833496,22.768844604492188,25.692390322746014,25.401168823242188,17.435646057128906,25.717151641845703,27.114038467407227,26.021846771240234,26.243844985961914,-0.13131742179393768,28.225311279296875,28.818788799364594,28.292339324951172,-0.45811736583709717
2014-01-16 12:00:00,24.29737091064453,25.065292358398438,25.996850967407227,28.399585534562462,22.43159294128418,21.54909896850586,24.824083057795246,24.21092414855957,19.495590209960938,24.74362564086914,27.491270065307617,24.96794319152832,26.81675148010254,-1.7034080028533936,27.854419708251953,28.706158706871722,28.299631118774414,-0.4445853531360626
2014-02-15 00:00:00,25.771799087524414,26.14518165588379,26.210783004760742,28.40125292828576,21.825468063354492,21.04814338684082,24.10868184740285,23.53376007080078,19.96653175354004,24.340492248535156,27.710315704345703,24.30660057067871,27.36111068725586,-3.002487897872925,28.063304901123047,28.289258192650315,28.47650146484375,-0.46669867634773254
2014-03-16 12:00:00,26.182764053344727,26.898967742919922,26.85361099243164,28.38724162917467,21.75537872314453,20.912960052490234,24.149421449626796,23.116592407226562,19.561229705810547,24.11042022705078,28.087646484375,24.056970596313477,27.564605712890625,-3.1181843280792236,28.734766006469727,28.69115540354967,29.105300903320312,0.03043494187295437
2014-04-16 00:00:00,25.6994571685791,27.3664608001709,27.6088924407959,28.3704971717014,22.127727508544922,21.263614654541016,24.52181090733794,23.644062042236328,17.86591148376465,24.544178009033203,28.09429168701172,24.79289436340332,27.72430992126465,-3.1306169033050537,29.6151123046875,29.427081618312915,29.433177947998047,0.23215091228485107
2014-05-16 12:00:00,23.96721649169922,26.99372100830078,28.167261123657227,28.36465152391128,22.96205711364746,21.98910140991211,24.957062358905635,24.043964385986328,15.747597694396973,25.1624813079834,27.58662986755371,25.01938819885254,27.304147720336914,-2.062591791152954,29.169389724731445,29.552223778167864,29.114887237548828,-0.10269057005643845
2014-06-16 00:00:00,22.96495246887207,26.3878116607666,27.57097816467285,28.3664109617152,24.169857025146484,23.07772445678711,25.410006399698304,24.734485626220703,14.094722747802734,25.7738094329834,26.79387855529785,25.683517456054688,26.56304931640625,-0.636827290058136,28.187427520751953,29.391587234109505,27.673940658569336,-0.9407186508178711
2014-07-16 12:00:00,22.092485427856445,25.555084228515625,26.879379272460938,28.38038618551727,25.340288162231445,23.99847984313965,26.064084686297218,25.592350006103516,12.558836936950684,26.207475662231445,26.02739715576172,26.332565307617188,25.546602249145508,0.7924243807792664,27.20317840576172,28.99694552347453,26.990463256835938,-1.416431188583374
2014-08-16 12:00:00,20.95220375061035,24.84514045715332,26.836776733398438,28.39806010352715,26.248197555541992,25.095073699951172,26.901508839607775,26.459383010864258,12.320963859558105,26.72609519958496,25.630786895751953,26.79631996154785,25.051137924194336,1.9254415035247803,27.082061767578125,28.574351674085822,26.762372970581055,-1.2523531913757324
2014-09-16 00:00:00,20.9752140045166,24.94941520690918,26.725292205810547,28.40449753610088,26.845687866210938,25.751859664916992,27.420706878412545,27.10814666748047,12.71249008178711,27.198230743408203,25.818775177001953,27.46286392211914,25.003507614135742,2.4943597316741943,27.352401733398438,28.528754196391873,27.16542625427246,-0.6595985293388367
2014-10-16 12:00:00,20.91240692138672,25.043554306030273,26.571178436279297,28.411119661393066,26.33634376525879,25.565561294555664,27.07199231710783,26.988779067993164,14.160820960998535,27.482410430908203,26.25554656982422,27.497940063476562,25.245223999023438,2.2876925468444824,27.935108184814453,28.617348830033215,27.860275268554688,-0.28878065943717957
2014-11-16 00:00:00,21.794326782226562,25.118629455566406,26.65992546081543,28.407022162893156,25.125242233276367,24.227489471435547,26.419056801560014,26.422035217285156,15.478639602661133,26.747426986694336,26.840721130371094,26.895246505737305,25.604841232299805,1.2065730094909668,28.37519073486328,28.84365053899598,28.06694221496582,-0.328665554523468
2014-12-16 12:00:00,22.832258224487305,25.503284454345703,26.513158798217773,28.420309414635778,23.550395965576172,22.71479606628418,25.463145414097507,25.432645797729492,18.209514617919922,25.697547912597656,27.1241512298584,25.995563507080078,26.14589500427246,-0.24645788967609406,28.058536529541016,28.781029164897628,28.339946746826172,-0.4568781554698944
