time,nino12,nino3,nino34,nino4,norte,norteleste,centro,centroleste,cbm,tna,tsa,nat,sat,tasi,wtio,setio,swio,dmi
2015-01-16 12:00:00,24.534502029418945,25.25360107421875,26.585416793823242,28.427655076056375,22.549152374267578,21.60576820373535,24.67201842576486,24.16122055053711,19.053695678710938,24.7122745513916,27.31212615966797,24.8970890045166,26.654611587524414,-1.935211420059204,27.714981079101562,28.350068982648,28.045021057128906,-0.9528235793113708
2015-02-15 00:00:00,26.060909271240234,25.79354476928711,26.158451080322266,28.424433316282656,21.78132438659668,20.662609100341797,24.104518560145035,23.456562042236328,19.689863204956055,24.507030487060547,27.720928192138672,24.63655662536621,27.39695930480957,-3.2607967853546143,27.93009376525879,28.221893451783934,28.42385482788086,-0.5128925442695618
2015-03-16 12:00:00,26.131671905517578,26.631479263305664,26.971670150756836,28.41243875233136,21.769001007080078,20.620075225830078,24.140186627599448,23.27310562133789,19.525712966918945,24.547191619873047,28.0866641998291,24.54768180847168,27.842025756835938,-3.4016871452331543,28.53206443786621,28.381421070071585,28.843355178833008,-0.32895568013191223
2015-04-16 00:00:00,25.27202606201172,27.351259231567383,27.6805477142334,28.39257637227874,22.10772705078125,21.32029914855957,24.29340272358205,23.600727081298828,17.8076114654541,24.62381362915039,27.913394927978516,24.797760009765625,27.59785270690918,-3.091524124145508,28.960105895996094,28.951276738897995,29.599246978759766,0.11358771473169327
2015-05-16 12:00:00,24.227869033813477,26.78023338317871,27.143152236938477,28.37484416927385,22.899967193603516,21.686931610107422,24.825497852400545,24.129789352416992,15.763545036315918,25.316211700439453,27.57895851135254,25.094680786132812,26.995561599731445,-2.008349657058716,28.82801055908203,29.418519944986766,28.771869659423828,-0.24133627116680145
2015-06-16 00:00:00,22.797039031982422,26.30145263671875,27.57097816467285,28.369163611680047,24.19927215576172,22.96546745300293,25.26276769471209,24.54244041442871,13.631580352783203,25.56386375427246,26.778963088989258,25.90898895263672,26.22842025756836,-0.5655266046524048,28.178913116455078,29.24839310864531,27.562917709350586,-0.8329429030418396
2015-07-16 12:00:00,21.526824951171875,25.352144241333008,27.38472557067871,28.371552421359688,25.362133026123047,24.033388137817383,26.138995786997434,25.592350006103516,12.369160652160645,26.35206413269043,26.03289031982422,26.22705841064453,25.57328987121582,0.7608163356781006,26.99663734436035,28.936245880710718,26.822059631347656,-1.394844889640808
2015-08-16 12:00:00,20.523202896118164,25.030548095703125,26.313676834106445,28.380008065904835,26.062360763549805,25.172025680541992,26.952689793886073,26.43494415283203,11.742012023925781,26.74398422241211,25.595645904541016,26.90869140625,24.705041885375977,2.019474506378174,27.024782180786133,28.86957265440853,26.617891311645508,-1.1808853149414062
2015-09-16 00:00:00,20.34361457824707,24.91435432434082,26.641557693481445,28.390376957614027,26.379362106323242,25.316909790039062,27.57905536255011,27.053926467895508,12.230547904968262,27.133121490478516,25.63986587524414,27.45760726928711,24.931583404541016,2.4713172912597656,27.216049194335938,28.768541309472912,27.017553329467773,-0.5722436904907227
2015-10-16 12:00:00,20.847360610961914,24.77625846862793,26.457366943359375,28.390746686333976,25.923967361450195,25.06658172607422,27.079820948175296,27.004291534423828,13.533531188964844,27.250537872314453,26.17886734008789,27.308765411376953,24.946969985961914,2.21356201171875,27.74730110168457,28.86597459289548,27.481266021728516,-0.48377925157546997
2015-11-16 00:00:00,22.9905948638916,24.55512237548828,26.425539016723633,28.38445117882185,24.99431610107422,24.268871307373047,26.442600389568213,26.264848709106445,15.4630708694458,26.774314880371094,26.603206634521484,26.78073501586914,25.522239685058594,1.1601033210754395,27.879703521728516,28.851191121567723,27.778196334838867,-0.5343925952911377
2015-12-16 12:00:00,22.90445899963379,24.757076263427734,25.587120056152344,28.382781523642677,23.596845626831055,22.7226505279541,25.648886019792485,25.45119857788086,17.542970657348633,25.722248077392578,27.1241512298584,26.020633697509766,26.12321662902832,-0.27916622161865234,27.68872833251953,28.597485396152972,28.219051361083984,-0.4345490634441376
2016-01-16 12:00:00,24.381183624267578,25.627382278442383,26.368940353393555,28.37944505971594,22.417564392089844,21.60576820373535,24.42543556315219,24.248458862304688,19.475975036621094,24.466060638427734,27.471586227416992,25.152807235717773,26.704586029052734,-1.8417775630950928,27.815509796142578,28.337038621038026,28.172048568725586,-0.6925232410430908
2016-02-15 00:00:00,26.45648956298828,26.527910232543945,26.798831939697266,28.376677030755875,21.8405818939209,20.662609100341797,23.96387891539924,23.9213924407959,19.763612747192383,24.0283260345459,27.710315704345703,24.591093063354492,27.386554718017578,-2.8747613430023193,27.98073387145996,28.158706070656265,28.28479766845703,-0.5818272829055786
2016-03-16 12:00:00,26.36347770690918,27.20183563232422,28.04642105102539,28.356416807268744,21.788835525512695,20.99920082092285,24.254390485054767,23.461519241333008,19.581748962402344,24.626712799072266,28.094701766967773,24.797258377075195,27.92889976501465,-2.8492276668548584,28.770427703857422,28.532760627564922,29.386850357055664,-0.22252698242664337
2016-04-16 00:00:00,25.741243362426758,27.464672088623047,27.342815399169922,28.338723250429176,22.176300048828125,21.30510902404785,24.89005034887946,23.58128547668457,18.017608642578125,24.42336082458496,28.32440948486328,24.766490936279297,27.60505485534668,-3.1306169033050537,29.69932746887207,29.344298682795728,29.536489486694336,0.41225913166999817
2016-05-16 12:00:00,24.200950622558594,27.24134063720703,27.98898696899414,28.321557930758207,22.97127914428711,22.058841705322266,25.03053447346745,24.169034957885742,15.697486877441406,24.987272262573242,27.68455696105957,24.97902488708496,27.216266632080078,-2.1005859375,29.45048713684082,29.41774224695657,28.81781768798828,0.1699071228504181
2016-06-16 00:00:00,22.854576110839844,27.354637145996094,27.816823959350586,28.311884364349403,24.18422508239746,23.02675437927246,25.505486708588368,25.104610443115234,13.673910140991211,25.783891677856445,26.754192352294922,26.019330978393555,26.233108520507812,-0.32496243715286255,28.087133407592773,29.071997551676613,27.698692321777344,-0.8051390051841736
2016-07-16 12:00:00,22.015239715576172,25.930606842041016,27.11018180847168,28.302584108667116,24.937524795532227,24.019527435302734,26.24067649811204,25.576810836791992,12.490405082702637,26.346460342407227,26.181106567382812,26.321197509765625,25.492393493652344,0.7924243807792664,27.080116271972656,28.853298221123694,27.03598403930664,-1.6129231452941895
2016-08-16 12:00:00,21.171092987060547,25.09916114807129,26.76090431213379,28.310652293907747,25.828441619873047,24.807756423950195,26.90123153001825,26.29684829711914,11.95644474029541,26.690244674682617,25.783334732055664,26.763822555541992,25.051137924194336,1.9809106588363647,27.043474197387695,28.611149643040722,26.960792541503906,-1.4177820682525635
2016-09-16 00:00:00,20.482404708862305,24.656150817871094,26.81478500366211,28.309742983797378,26.357006072998047,25.048622131347656,27.640167486508563,26.98546600341797,12.559552192687988,27.287954330444336,25.782506942749023,27.17645263671875,24.72943687438965,2.525458335876465,27.464513778686523,28.454371175017435,27.261478424072266,-0.5610113739967346
2016-10-16 12:00:00,20.6751708984375,25.12957000732422,26.61769676208496,28.31366637340943,26.004287719726562,25.18111801147461,27.341925531495225,26.942712783813477,13.408405303955078,27.417118072509766,26.15787124633789,27.423213958740234,25.285253524780273,2.4225008487701416,27.92543601989746,28.62997233726597,27.698623657226562,-0.28878065943717957
2016-11-16 00:00:00,23.114904403686523,25.36089515686035,27.10140609741211,28.312223728009325,24.797306060791016,23.92715835571289,26.746585307075296,26.41606903076172,15.441615104675293,26.72391128540039,26.77796173095703,26.913585662841797,25.804601669311523,1.1133605241775513,28.276676177978516,28.75465154289665,28.105464935302734,-0.28245213627815247
2016-12-16 12:00:00,22.97586441040039,25.522855758666992,27.04936981201172,28.320366017078303,23.716711044311523,22.670867919921875,26.11200312227402,25.391199111938477,17.542970657348633,25.711200714111328,27.212339401245117,26.15748405456543,26.266738891601562,-0.3245011866092682,27.96478843688965,28.722186378111424,28.313091278076172,-0.4484262764453888
2017-01-16 12:00:00,24.381183624267578,26.033376693725586,26.947593688964844,28.321957416231463,22.53905487060547,21.55887222290039,25.292851610586823,24.062822341918945,19.500370025634766,24.57809066772461,27.5434627532959,24.916902542114258,26.783523559570312,-1.7186036109924316,27.816722869873047,28.453959032803063,28.289684295654297,-0.7416406273841858
2017-02-15 00:00:00,26.45648956298828,27.258358001708984,27.04627227783203,28.320356643184088,22.193899154663086,20.95380401611328,24.515611285260462,23.287935256958008,19.78858757019043,24.24957847595215,27.819786071777344,24.138765335083008,27.35425567626953,-3.092830181121826,28.276426315307617,28.31336390545661,28.463003158569336,-0.5247899293899536
2017-03-16 12:00:00,26.53424644470215,27.531143188476562,27.133726119995117,28.314997477104768,21.820674896240234,20.76474380493164,24.414317347077727,23.261474609375,19.003568649291992,23.9958553314209,27.991308212280273,24.020235061645508,27.547393798828125,-3.168667793273926,28.814437866210938,28.961131548856983,29.007431030273438,-0.07024384289979935
2017-04-16 00:00:00,25.054616928100586,27.277294158935547,27.49617576599121,28.304181810883573,22.096330642700195,21.139957427978516,24.815967584288416,23.600727081298828,17.53736686706543,24.79024314880371,27.99186897277832,24.63166046142578,27.863082885742188,-2.943356513977051,29.70669937133789,29.401419222497434,29.54313850402832,0.38479846715927124
2017-05-16 12:00:00,24.00103187561035,27.001773834228516,27.646696090698242,28.294168334119146,22.82477378845215,21.81747817993164,25.214547982951448,24.009544372558594,15.747597694396973,25.0311279296875,27.52263832092285,25.01938819885254,27.164493560791016,-2.024786949157715,29.072654724121094,28.962980530710773,28.987590789794922,-0.29462724924087524
2017-06-16 00:00:00,25.059528350830078,26.91806983947754,27.626340866088867,28.288464161938812,24.29134178161621,22.879182815551758,25.764522750956917,24.808238983154297,13.305598258972168,25.75143051147461,26.89946746826172,25.683517456054688,26.64846420288086,-0.636827290058136,28.640846252441406,28.37812409232645,28.142269134521484,-0.7999123334884644
2017-07-16 12:00:00,22.40642738342285,25.752735137939453,27.539840698242188,28.29472269159098,25.323442459106445,23.734159469604492,26.379271293052355,25.567325592041016,12.059979438781738,26.23651695251465,26.181106567382812,26.332717895507812,25.535619735717773,0.8396852612495422,27.631263732910156,27.82728935077968,27.37215232849121,-0.8336933851242065
2017-08-16 12:00:00,22.814638137817383,25.307146072387695,26.448232650756836,28.297289164946733,25.97319221496582,24.347360610961914,27.12670780798482,26.48078727722168,12.416296005249023,26.765045166015625,25.76820182800293,26.79631996154785,24.923484802246094,1.9532099962234497,27.50752067565918,27.618188860655902,27.222248077392578,-1.0930960178375244
2017-09-16 00:00:00,20.756563186645508,25.095609664916992,27.163061141967773,28.297891753964144,26.38613510131836,25.148338317871094,27.83869409831655,27.079940795898438,12.482813835144043,27.219078063964844,25.782506942749023,27.551450729370117,24.998565673828125,2.432462215423584,27.5927677154541,27.3833407894162,27.45871925354004,-0.5060933828353882
2017-10-16 12:00:00,20.674301147460938,25.111024856567383,26.837169647216797,28.292350503730198,26.13100814819336,25.08214569091797,27.68367223032587,27.208139419555664,13.644940376281738,27.374324798583984,26.15787124633789,27.800220489501953,25.13755226135254,2.3812358379364014,28.048770904541016,27.345357498536917,27.798002243041992,0.07475708425045013
2017-11-16 00:00:00,21.426136016845703,25.179332733154297,26.457355499267578,28.284283657050615,24.892423629760742,23.751405715942383,27.04309844949576,26.7495174407959,15.057489395141602,26.7354679107666,26.695363998413086,27.13060188293457,25.76102638244629,1.1601033210754395,28.37119483947754,27.58535522355222,28.238388061523438,-0.20741985738277435
2017-12-16 12:00:00,22.384613037109375,24.498685836791992,25.60238265991211,28.28259913197427,23.669296264648438,22.73701286315918,26.24322014397435,25.395063400268555,17.71713638305664,25.82065200805664,27.204652786254883,26.01301383972168,26.289892196655273,-0.27916622161865234,28.160497665405273,27.820532216994945,28.361000061035156,-0.1767604798078537
2018-01-16 12:00:00,23.885366439819336,24.989826202392578,26.12455940246582,28.28216278083483,22.71565818786621,21.52879524230957,25.704117645578346,24.430604934692383,19.435672760009766,25.01361846923828,27.393041610717773,25.277223587036133,26.750896453857422,-1.8118280172348022,28.060258865356445,28.169591953390206,28.32918930053711,-0.32897546887397766
2018-02-15 00:00:00,25.97618293762207,25.951051712036133,26.411836624145508,28.288348757510075,21.983013153076172,20.910364151000977,25.211138277893287,23.349365234375,19.763612747192383,24.004459381103516,27.99457550048828,24.4093017578125,26.907520294189453,-2.569960355758667,28.14205551147461,28.426414728546707,28.57917022705078,-0.08609675616025925
2018-03-16 12:00:00,26.36347770690918,26.88939666748047,26.830236434936523,28.27228411294697,21.779346466064453,20.811092376708984,25.413876192092882,23.222036361694336,19.561229705810547,24.35002326965332,27.927541732788086,24.33089828491211,27.547393798828125,-3.4178507328033447,28.896896362304688,29.21365023900206,29.251008987426758,0.0680038332939148
2018-04-16 00:00:00,25.765933990478516,27.340782165527344,27.500011444091797,28.261377675319462,22.27707290649414,21.158109664916992,26.001268580352075,24.06651496887207,17.53736686706543,24.792726516723633,27.94879150390625,25.183406829833984,27.48563003540039,-2.979409694671631,29.6151123046875,29.173830748710348,29.529876708984375,0.4827828109264374
2018-05-16 12:00:00,24.876962661743164,27.04800033569336,27.61121940612793,28.260995443820534,23.483552932739258,21.95803451538086,26.243298481561936,24.41213607788086,15.493819236755371,25.12538719177246,27.534902572631836,25.3521728515625,27.336244583129883,-2.0946948528289795,29.556291580200195,28.59770985994802,29.10257911682129,-0.22644609212875366
2018-06-16 00:00:00,22.26776123046875,26.564058303833008,27.57102394104004,28.28124639952733,24.525127410888672,23.016895294189453,26.494356655674995,24.737579345703125,13.252946853637695,25.77342987060547,26.943252563476562,25.797130584716797,26.55545997619629,-0.5473718047142029,28.410985946655273,27.83042056731127,27.96753692626953,-1.5632225275039673
2018-07-16 12:00:00,21.84185791015625,25.520788192749023,26.93952751159668,28.302132871593937,25.081022262573242,23.52581787109375,27.069056055195738,25.7357234954834,12.355385780334473,26.30070686340332,26.173307418823242,26.54256820678711,25.755258560180664,0.8396852612495422,27.80904197692871,27.619934771614098,27.384986877441406,-1.6368368864059448
2018-08-16 12:00:00,21.654733657836914,24.860963821411133,26.527873992919922,28.30151946008301,25.987634658813477,24.67070960998535,27.915469687951525,26.554664611816406,11.960182189941406,26.8347110748291,25.789438247680664,27.135835647583008,25.041244506835938,2.055568218231201,27.428098678588867,26.56453160036176,26.98362159729004,-1.491492509841919
2018-09-16 00:00:00,21.000974655151367,24.431432723999023,26.200429916381836,28.289341168944645,26.38613510131836,25.006441116333008,28.156242866306886,26.94925308227539,12.10165023803711,27.682226181030273,25.76831817626953,27.643447875976562,25.013811111450195,2.4903061389923096,27.5927677154541,26.38626723374737,27.18590545654297,-1.0404796600341797
2018-10-16 12:00:00,21.27021598815918,23.984739303588867,26.19598960876465,28.292232044493012,26.13100814819336,24.927833557128906,28.140132453650565,27.51869773864746,13.389581680297852,27.759281158447266,26.179147720336914,27.845232009887695,25.40141487121582,2.33662486076355,28.050397872924805,26.728576078649187,27.553119659423828,-0.45831742882728577
2018-11-16 00:00:00,21.964244842529297,24.06328010559082,26.35567855834961,28.27903646676219,24.946487426757812,23.96684455871582,27.78748993997374,26.859846115112305,15.197513580322266,27.039255142211914,26.701282501220703,27.213760375976562,26.092227935791016,1.1133605241775513,28.193572998046875,27.616949420579726,28.238388061523438,-0.25129005312919617
2018-12-16 12:00:00,23.168508529663086,24.491596221923828,26.2288818359375,28.278747699821547,23.679445266723633,22.492889404296875,26.76027782544945,25.860855102539062,17.0786075592041,26.303974151611328,26.971445083618164,26.25743865966797,26.18825912475586,-0.2762777805328369,28.482864379882812,27.824524128156792,28.26504135131836,-0.1724119335412979
2019-01-16 12:00:00,24.53281593322754,25.0216121673584,26.397974014282227,28.298295589105727,22.750553131103516,22.157045364379883,26.122882006434875,24.565340042114258,19.301288604736328,25.035194396972656,27.358842849731445,25.33142852783203,26.783523559570312,-1.8981740474700928,28.400407791137695,28.866435396917726,28.353185653686523,-0.35477060079574585
2019-02-15 00:00:00,25.95865821838379,25.965206146240234,26.44195556640625,28.308324361276025,21.911710739135742,21.007930755615234,25.656113563946448,23.299165725708008,19.9768009185791,24.44915199279785,27.925743103027344,24.635337829589844,27.35425567626953,-3.228057861328125,28.634973526000977,29.340408412417766,28.934885025024414,-0.1520940661430359
2019-03-16 12:00:00,26.36347770690918,26.88939666748047,26.830236434936523,28.329953367048923,21.845073699951172,20.853391647338867,25.875988502044866,23.54294776916504,19.52845001220703,24.385793685913086,28.142946243286133,24.59835433959961,27.564605712890625,-3.4016871452331543,29.22554588317871,30.81878025762431,29.119108200073242,-0.1818908154964447
2019-04-16 00:00:00,25.59516716003418,27.340782165527344,27.491958618164062,28.33323429128512,21.993680953979492,21.03338050842285,26.03935760038214,23.835214614868164,17.8076114654541,24.723678588867188,28.154827117919922,24.95497703552246,28.203027725219727,-3.2575883865356445,29.728742599487305,30.459996807910613,29.1982421875,0.19252586364746094
2019-05-16 12:00:00,24.737041473388672,27.04800033569336,27.603166580200195,28.3264349748169,22.741884231567383,21.71304702758789,26.133885511247932,24.390817642211914,15.731766700744629,25.112672805786133,27.5098819732666,25.311614990234375,27.438941955566406,-2.0951457023620605,29.072654724121094,30.410541283205887,28.619691848754883,0.11169660091400146
2019-06-16 00:00:00,22.30071258544922,27.197824478149414,27.2686767578125,28.324269009743364,24.192596435546875,22.99834632873535,26.36390593353963,24.671972274780273,13.88102912902832,25.60051155090332,27.060020446777344,25.68880844116211,26.417757034301758,-0.5648133754730225,28.410985946655273,29.6128936979094,27.975242614746094,-0.8604246377944946
2019-07-16 12:00:00,22.07463836669922,25.555084228515625,26.93730354309082,28.36457838962318,24.94086265563965,23.704870223999023,26.761091673472983,25.588130950927734,12.490405082702637,26.121917724609375,26.173307418823242,26.353530883789062,25.755258560180664,0.7924243807792664,27.796106338500977,28.973820603504166,28.108610153198242,-0.7093421220779419
2019-08-16 12:00:00,20.76243782043457,25.045196533203125,26.89622688293457,28.42442408882174,25.898258209228516,24.64183235168457,27.641189389575533,26.554664611816406,11.995969772338867,26.909513473510742,25.80678939819336,27.130701065063477,25.0202579498291,1.9532099962234497,27.57176971435547,28.351348244855487,27.389360427856445,-0.70424884557724
2019-09-16 00:00:00,20.518163681030273,24.91435432434082,26.89268684387207,28.455870870260615,26.389446258544922,25.209335327148438,28.008603654628157,27.350141525268555,12.482813835144043,27.339405059814453,25.664875030517578,27.372432708740234,24.998565673828125,2.7159361839294434,27.76580238342285,28.316324201462237,27.67510986328125,-0.3013545870780945
2019-10-16 12:00:00,20.92708969116211,24.63484764099121,27.096025466918945,28.467002367142044,25.97541618347168,24.854236602783203,27.8868447233593,27.20386505126953,13.8879976272583,27.453306198120117,26.128406524658203,27.902780532836914,25.13755226135254,2.2876925468444824,28.12743377685547,28.48866363245503,28.16748809814453,-0.09729757159948349
2019-11-16 00:00:00,21.332168579101562,25.118629455566406,27.186161041259766,28.4718982025406,24.86757469177246,23.893701553344727,27.074447923117088,26.782878875732422,15.478639602661133,26.7354679107666,26.603206634521484,27.056272506713867,25.757959365844727,1.2105848789215088,28.236665725708008,29.107191417712393,28.091447830200195,-0.371942400932312
2019-12-16 12:00:00,22.576251983642578,25.133445739746094,26.998849868774414,28.4830044452287,23.463665008544922,22.646575927734375,26.17627152277264,25.4451847076416,18.209514617919922,25.827661514282227,27.121206283569336,26.195798873901367,26.27698516845703,-0.3245011866092682,28.1509952545166,29.10860570174428,28.416513442993164,-0.4284365177154541
2020-01-16 12:00:00,24.381183624267578,25.184797286987305,26.453508377075195,28.489168506132987,22.516965866088867,21.50282859802246,25.171427146561708,24.316436767578125,19.45221710205078,24.817956924438477,27.329687118530273,24.851253509521484,26.928014755249023,-1.8417775630950928,27.8566837310791,28.62862133706972,28.143150329589844,-0.4816126823425293
2020-02-15 00:00:00,26.45648956298828,25.890892028808594,26.614078521728516,28.46432296116316,21.84177017211914,20.983186721801758,24.412253266797705,23.40679359436035,19.994834899902344,24.259796142578125,27.720928192138672,24.357013702392578,27.35425567626953,-2.8663105964660645,28.02281951904297,28.859175378601737,28.52057647705078,-0.5128925442695618
2020-03-16 12:00:00,26.98291778564453,27.02170753479004,26.851572036743164,28.446866675944797,21.788835525512695,20.88563346862793,24.460108657753263,23.22977066040039,19.735179901123047,24.211584091186523,28.16764259338379,24.483055114746094,27.632776260375977,-3.1683223247528076,28.615339279174805,28.932818646146906,28.810714721679688,-0.1818908154964447
2020-04-16 00:00:00,25.27202606201172,27.34902000427246,27.158538818359375,28.423441500135866,22.103988647460938,21.15951156616211,24.913004874625372,23.521818161010742,17.60543441772461,24.404706954956055,28.018041610717773,24.457033157348633,27.616195678710938,-3.488435745239258,29.566329956054688,29.320060415742105,29.31443977355957,0.4332527816295624
2020-05-16 12:00:00,23.96721649169922,26.66415786743164,27.67000389099121,28.408453740641882,22.852312088012695,21.992738723754883,25.208797581753352,23.945903778076172,15.697486877441406,25.0473690032959,27.55687713623047,24.941781997680664,26.86520767211914,-2.0946948528289795,29.11521339416504,29.53289600671116,29.09100341796875,-0.039545025676488876
2020-06-16 00:00:00,22.85548210144043,26.05218505859375,27.277603149414062,28.41197016571607,24.19927215576172,22.92348289489746,25.648186985159075,24.808238983154297,13.673910140991211,25.705318450927734,26.81661605834961,25.72298240661621,26.233108520507812,-0.5327686071395874,27.9187068939209,29.49136237078354,27.65811538696289,-0.802202045917511
2020-07-16 12:00:00,21.693042755126953,25.468914031982422,27.050758361816406,28.43114080310991,25.362133026123047,24.044387817382812,26.440661160065364,25.588130950927734,12.606592178344727,26.35692024230957,26.131511688232422,26.4490966796875,25.57328987121582,0.8291370868682861,27.25452423095703,28.89872488690992,26.923786163330078,-1.266526222229004
2020-08-16 12:00:00,20.45574188232422,25.20995330810547,27.106338500976562,28.455181562236348,26.180166244506836,24.737150192260742,27.681890692256577,26.876708984375,11.972468376159668,26.9376220703125,25.80722999572754,27.061750411987305,24.67789649963379,1.8721200227737427,27.212980270385742,28.859699547097925,26.625341415405273,-1.1304506063461304
2020-09-16 00:00:00,20.658771514892578,24.912342071533203,27.315330505371094,28.46083552964632,26.1912784576416,25.382919311523438,28.01395455951542,27.225669860839844,12.704242706298828,27.31723403930664,25.88094711303711,27.643447875976562,24.83425521850586,2.448481798171997,27.42058753967285,28.71439853189949,27.155811309814453,-0.8771701455116272
2020-10-16 12:00:00,20.804466247558594,25.1238956451416,27.096025466918945,28.457857743390736,26.292247772216797,25.552183151245117,27.47245024753792,27.353755950927734,13.778303146362305,27.427820205688477,26.25554656982422,27.72613525390625,24.946969985961914,2.3983561992645264,28.182437896728516,28.931542692447128,27.59202003479004,-0.28878065943717957
2020-11-16 00:00:00,22.01828956604004,25.195863723754883,27.186161041259766,28.45292821865775,25.185518264770508,24.238489151000977,26.65613655951167,26.479875564575195,15.724241256713867,26.763256072998047,26.598649978637695,27.079038619995117,25.648176193237305,1.604170799255371,28.14670753479004,29.057189218127977,28.038673400878906,-0.08263256400823593
2020-12-16 12:00:00,22.833738327026367,25.605030059814453,26.932050704956055,28.461756052921928,23.553218841552734,22.739744186401367,25.781198269189133,25.35103416442871,18.486875534057617,25.786691665649414,27.079864501953125,26.210474014282227,26.187606811523438,0.009160146117210388,27.957590103149414,28.93402284397988,28.16704559326172,-0.36900246143341064
2021-01-16 12:00:00,24.594043731689453,25.28839874267578,26.71874237060547,28.462055390585064,22.713638305664062,21.634784698486328,24.485214140840053,24.236671447753906,19.053695678710938,25.243511199951172,27.38030433654785,24.826974868774414,26.725460052490234,-1.7159345149993896,27.71962547302246,28.72055219547163,28.223834991455078,-0.6338457465171814
2021-02-15 00:00:00,25.848600387573242,25.810932159423828,26.79548454284668,28.450958861675318,21.925334930419922,20.933073043823242,23.955394865144726,23.287935256958008,20.4494686126709,24.507030487060547,27.825424194335938,24.26340675354004,27.264144897460938,-2.8694875240325928,28.06433868408203,28.200154719667974,28.397825241088867,-0.8788996934890747
2021-03-16 12:00:00,26.14141845703125,26.810283660888672,26.747713088989258,28.43262938104184,21.867084503173828,20.99920082092285,24.098227648689203,23.24359703063965,19.894556045532227,24.28534698486328,28.0866641998291,24.432100296020508,27.56916618347168,-3.4311909675598145,28.53206443786621,28.37748111431157,28.641956329345703,-0.305321604013443
2021-04-16 00:00:00,25.43831443786621,26.99812889099121,27.6805477142334,28.41051601048851,22.109268188476562,21.30510902404785,24.23950228158544,23.664398193359375,17.85300636291504,24.916484832763672,27.93204689025879,24.72364616394043,27.625207901000977,-2.979409694671631,28.91872787475586,29.104429021078534,29.27768898010254,0.24437381327152252
2021-05-16 12:00:00,24.528799057006836,27.583189010620117,27.64084243774414,28.38199387866734,22.97127914428711,21.893735885620117,24.824637580486083,24.141292572021484,16.21202278137207,25.070911407470703,27.568363189697266,24.88363265991211,26.982994079589844,-1.7683312892913818,28.498239517211914,29.183468665105735,28.537303924560547,-0.1278514266014099
2021-06-16 00:00:00,23.035629272460938,26.602039337158203,27.554153442382812,28.371013887416435,24.18422508239746,23.086456298828125,25.302619126198667,24.7789363861084,14.023173332214355,25.714967727661133,26.74280548095703,25.66622543334961,26.22903060913086,-0.5792609453201294,27.650175094604492,29.093880886198836,27.591327667236328,-0.9340137243270874
2021-07-16 12:00:00,23.48890495300293,25.966257095336914,26.62790298461914,28.37159796705751,25.170618057250977,24.01832389831543,26.114564683054255,25.592350006103516,12.614616394042969,26.417062759399414,26.042797088623047,26.378942489624023,25.492393493652344,0.8371105790138245,27.203340530395508,28.8094242273457,26.705400466918945,-1.394844889640808
2021-08-16 12:00:00,20.880155563354492,25.512651443481445,27.041091918945312,28.373929623618295,26.218442916870117,25.15568733215332,26.946977242732256,26.459383010864258,12.276220321655273,26.72609519958496,25.64695930480957,26.99857521057129,24.705041885375977,2.019474506378174,27.104496002197266,28.57470007030404,26.83353042602539,-1.1304506063461304
2021-09-16 00:00:00,20.58279037475586,24.884990692138672,26.60357666015625,28.377845079068486,26.28437614440918,25.130775451660156,27.37343730138978,26.865854263305664,12.72107982635498,27.27704620361328,25.757770538330078,27.275232315063477,24.91518783569336,2.433025360107422,27.2460994720459,28.5639157669291,27.039623260498047,-0.5396711230278015
2021-10-16 12:00:00,21.22492790222168,24.829328536987305,26.594545364379883,28.37688612869442,25.97541618347168,25.075414657592773,27.06963448063421,27.02569580078125,13.682978630065918,27.250537872314453,26.088918685913086,27.308765411376953,25.256546020507812,2.308924436569214,27.791160583496094,28.73482881717147,27.771709442138672,-0.3012639582157135
2021-11-16 00:00:00,21.189590454101562,25.149059295654297,26.402400970458984,28.36911446340486,24.86264419555664,24.196496963500977,26.55801362073262,26.513992309570312,15.478639602661133,26.731971740722656,26.719633102416992,26.92188262939453,25.615819931030273,1.2065730094909668,28.063077926635742,28.86523217419534,27.84609603881836,-0.11391482502222061
2021-12-16 12:00:00,23.072765350341797,25.072847366333008,25.864669799804688,28.373020383122224,23.627187728881836,22.604610443115234,25.72668643109054,25.383302688598633,18.291418075561523,25.786691665649414,27.114038467407227,25.995563507080078,26.4208927154541,-0.24645788967609406,28.29228973388672,28.597593883611655,28.32711410522461,-0.3746761679649353
2022-01-16 12:00:00,24.381553649902344,25.892610549926758,26.55843734741211,28.37735881374285,22.560964584350586,21.54909896850586,24.82923293649659,24.028255462646484,19.487388610839844,24.74362564086914,27.383499145507812,24.8970890045166,26.636959075927734,-1.8670783042907715,27.837053298950195,28.40931654637669,28.239887237548828,-0.6499592065811157
2022-02-15 00:00:00,25.30861473083496,25.976743698120117,26.570737838745117,28.370168497751184,21.925334930419922,20.662609100341797,23.982080878615395,23.346540451049805,20.4494686126709,24.547388076782227,27.75721549987793,24.34648895263672,27.033424377441406,-2.9839115142822266,28.0977840423584,28.28178252128758,28.457286834716797,-0.4539165198802948
2022-03-16 12:00:00,26.263357162475586,27.2313232421875,28.04642105102539,28.355761524032648,21.739946365356445,20.672382354736328,24.123722968684252,23.360759735107422,19.894556045532227,24.404190063476562,28.0697021484375,24.398914337158203,27.34290313720703,-3.521491289138794,28.842824935913086,28.712890529032737,29.105300903320312,-0.2238813042640686
2022-04-16 00:00:00,25.109352111816406,27.47530746459961,27.950136184692383,28.337229092468164,22.042861938476562,21.32029914855957,24.249630191886315,23.942153930664062,18.107213973999023,24.62381362915039,28.306854248046875,24.40289878845215,27.532135009765625,-2.9729795455932617,29.593055725097656,29.415670600767687,29.42858123779297,0.28399088978767395
2022-05-16 12:00:00,24.34197998046875,27.193782806396484,28.013187408447266,28.317161403631108,22.937795639038086,21.88066291809082,24.84977006901386,24.184173583984375,16.21202278137207,24.97306251525879,27.52263832092285,25.318756103515625,27.164493560791016,-2.0951457023620605,29.423744201660156,29.537882852418573,28.83248519897461,0.12184592336416245
2022-06-16 00:00:00,22.99105453491211,27.228530883789062,27.816823959350586,28.317100625912268,24.265548706054688,22.865802764892578,25.20595645125117,24.79146385192871,14.094722747802734,25.52692413330078,26.832168579101562,25.800357818603516,26.278905868530273,-0.5648133754730225,28.08432388305664,29.26105115034816,27.71152687072754,-0.9757677316665649
2022-07-16 12:00:00,22.178150177001953,25.885557174682617,27.11018180847168,28.313388486919806,24.900463104248047,24.168832778930664,26.13921084932341,25.592350006103516,12.558836936950684,26.42799186706543,26.181106567382812,26.272693634033203,25.76399803161621,0.7924243807792664,27.080116271972656,29.039156205805053,27.096437454223633,-1.2709487676620483
2022-08-16 12:00:00,20.747657775878906,25.392297744750977,26.703868865966797,28.31981468492438,25.92976188659668,25.142309188842773,26.850615643440157,26.58034896850586,12.07768440246582,26.90852928161621,25.788726806640625,26.907915115356445,24.923484802246094,2.055568218231201,27.09831428527832,28.765656525878516,26.92533302307129,-1.2523531913757324
2022-09-16 00:00:00,20.880680084228516,24.656150817871094,26.868398666381836,28.315018831220804,26.0954532623291,25.316909790039062,27.256018379456965,26.82889747619629,12.306171417236328,27.27704620361328,25.798259735107422,27.22040367126465,25.0213680267334,2.4681289196014404,27.49439811706543,28.522123625133307,27.169448852539062,-0.5192509889602661
2022-10-16 12:00:00,21.27644920349121,24.797393798828125,27.27726173400879,28.317504999715442,25.850170135498047,25.108301162719727,27.103952454387343,27.004291534423828,13.533531188964844,27.34772300720215,26.4150390625,27.308765411376953,25.13755226135254,2.400379180908203,28.017539978027344,28.722722988072324,27.935440063476562,-0.16101907193660736
2022-11-16 00:00:00,21.521535873413086,25.263187408447266,27.10793685913086,28.311580976725388,24.936763763427734,24.362091064453125,26.575682657505848,26.446596145629883,15.4630708694458,26.763256072998047,26.82613754272461,26.895246505737305,25.76102638244629,1.2389724254608154,28.146230697631836,29.17518422888367,28.20928955078125,-0.1938292533159256
2022-12-16 12:00:00,22.65806007385254,25.51319694519043,27.05590057373047,28.32183458801167,23.321584701538086,22.604610443115234,25.918590573729105,25.40996742248535,17.74142837524414,25.832717895507812,27.164796829223633,26.124088287353516,26.274328231811523,-0.27916622161865234,28.164796829223633,29.041252302906965,28.21107292175293,-0.43637457489967346
2023-01-16 12:00:00,24.5924015045166,25.892507553100586,26.947593688964844,28.330692143697597,22.560964584350586,21.54909896850586,24.821300336716106,24.236928939819336,19.500370025634766,24.74362564086914,27.64209747314453,24.826974868774414,26.907773971557617,-1.8417775630950928,27.745210647583008,28.45388441460133,28.037851333618164,-0.4445853531360626
2023-02-15 00:00:00,26.5853214263916,27.307823181152344,26.613765716552734,28.326494538521185,21.84177017211914,21.079837799072266,24.148760005084913,23.291101455688477,19.763612747192383,24.29186248779297,27.79803466796875,24.191925048828125,27.201276779174805,-2.542581081390381,28.05259895324707,28.409975894102026,28.716991424560547,-0.597065269947052
2023-03-16 12:00:00,26.36347770690918,27.14109230041504,27.53634262084961,28.312218233732274,21.89060401916504,20.663959503173828,24.194699664258206,23.12242317199707,19.561229705810547,24.24601173400879,27.930986404418945,24.24773406982422,27.46414566040039,-3.168667793273926,28.627941131591797,28.768317636406888,29.291820526123047,-0.018275359645485878
2023-04-16 00:00:00,25.76939582824707,27.395235061645508,27.5379638671875,28.29426769316889,22.042861938476562,21.286651611328125,24.411091666998747,23.681921005249023,17.9577693939209,24.365930557250977,27.94879150390625,24.910717010498047,27.863082885742188,-2.9893925189971924,29.320480346679688,29.359707045309236,29.54313850402832,0.4039381444454193
2023-05-16 12:00:00,24.437837600708008,26.956844329833984,27.59420394897461,28.2864071972479,22.87484359741211,21.875638961791992,24.9366128006297,24.0799617767334,15.747597694396973,25.070911407470703,27.596731185913086,25.318756103515625,27.280675888061523,-1.868278980255127,29.542442321777344,29.027660086661918,28.743759155273438,-0.3193965256214142
2023-06-16 00:00:00,23.349987030029297,26.578454971313477,27.55400848388672,28.282664913037507,24.13512420654297,23.051761627197266,25.646040878814937,24.603145599365234,13.688114166259766,25.704626083374023,26.825950622558594,25.735517501831055,26.55545997619629,-0.32496243715286255,28.229305267333984,27.93624913576893,27.970046997070312,-1.2500357627868652
2023-07-16 12:00:00,21.75787353515625,25.451311111450195,26.871706008911133,28.286349482890778,25.049482345581055,24.02288246154785,26.379797793202567,25.59139060974121,12.494545936584473,26.35692024230957,26.173307418823242,26.236387252807617,25.693721771240234,0.7924243807792664,27.715246200561523,27.702022233554782,27.508840560913086,-0.973314642906189
2023-08-16 12:00:00,21.379636764526367,24.955883026123047,26.952205657958984,28.29031460711554,25.892108917236328,24.772850036621094,27.121593978742478,26.43494415283203,12.07768440246582,26.79923439025879,25.785175323486328,26.873449325561523,24.98133087158203,2.0446650981903076,27.553680419921875,27.513004677960375,27.293842315673828,-1.1813548803329468
2023-09-16 00:00:00,20.628082275390625,25.095609664916992,26.50556755065918,28.290672063650614,26.180320739746094,25.397815704345703,27.528867415987705,26.865854263305664,12.284159660339355,27.322099685668945,25.798259735107422,27.271448135375977,25.0213680267334,2.409162759780884,27.76580238342285,27.38477837062672,27.619144439697266,0.2545100152492523
2023-10-16 12:00:00,20.829463958740234,24.696868896484375,26.814125061035156,28.286927260732416,26.055416107177734,24.980552673339844,27.195130829619444,27.02569580078125,13.053913116455078,27.417118072509766,26.19058609008789,27.330936431884766,25.165557861328125,2.3140623569488525,28.375864028930664,27.648338021015924,28.025997161865234,0.7067065834999084
2023-11-16 00:00:00,21.493797302246094,25.175790786743164,27.942790985107422,28.282362416030125,24.810134887695312,24.26551628112793,26.58008691558026,26.324369430541992,15.197513580322266,26.757394790649414,26.78235626220703,26.969158172607422,25.804601669311523,1.1133605241775513,28.583799362182617,27.81987023584783,28.373207092285156,-0.03860992193222046
2023-12-16 12:00:00,22.70543098449707,25.44659996032715,27.999971389770508,28.288532487665062,23.398517608642578,22.7855224609375,25.953089720297054,25.49496078491211,17.41080093383789,25.92226219177246,27.035030364990234,26.155399322509766,26.274328231811523,-0.34109100699424744,28.260591506958008,28.239344019299473,28.094223022460938,-0.1966255009174347
2024-01-16 12:00:00,24.594043731689453,25.73629379272461,27.432397842407227,28.29649762595361,22.467653274536133,21.746841430664062,25.175242226917472,24.286035537719727,19.116455078125,24.57809066772461,27.383045196533203,24.851253509521484,26.773296356201172,-1.8417775630950928,27.950632095336914,28.69769722390894,28.413700103759766,-0.3833700120449066
2024-02-15 00:00:00,25.771799087524414,26.262121200561523,26.709257125854492,28.30867256026931,21.77756118774414,20.983186721801758,24.372547312857392,23.287973403930664,20.2982120513916,24.10253143310547,27.921476364135742,24.357013702392578,27.62329864501953,-2.815229892730713,28.22952651977539,28.596485036238878,28.938339233398438,-0.45991960167884827
2024-03-16 12:00:00,25.861764907836914,26.945499420166016,27.08824920654297,28.30495116528153,21.788835525512695,20.663959503173828,24.127563524931976,23.12242317199707,19.21622657775879,24.616989135742188,27.930986404418945,24.256071090698242,27.564605712890625,-3.0684263706207275,28.914823532104492,29.416748581825733,28.83380699157715,-0.124826580286026
2024-04-16 00:00:00,24.924367904663086,27.8792724609375,27.71394157409668,28.31183716674786,22.109268188476562,21.377639770507812,24.293937142322342,23.58128547668457,17.86250114440918,24.62381362915039,28.003498077392578,24.6192684173584,27.71316909790039,-3.0034773349761963,29.21236801147461,29.733052759620794,29.1982421875,0.4107709228992462
2024-05-16 12:00:00,24.258384704589844,27.008560180664062,27.90740966796875,28.312237264736666,22.937795639038086,22.0552978515625,24.783865386743503,24.169034957885742,15.747597694396973,25.58957290649414,27.538915634155273,24.960542678833008,27.018150329589844,-1.868278980255127,29.072654724121094,29.57910438429872,28.619691848754883,0.061284370720386505
2024-06-16 00:00:00,22.888916015625,26.100311279296875,27.2686767578125,28.323540731837998,24.14737319946289,23.017812728881836,25.23173898843885,24.890338897705078,13.673910140991211,25.509613037109375,26.754192352294922,25.78652572631836,26.64846420288086,-0.32496243715286255,28.383808135986328,29.283912533251744,27.970046997070312,-0.8604246377944946
2024-07-16 12:00:00,21.70716667175293,25.220558166503906,26.85508155822754,28.349641228824456,25.301856994628906,24.08985710144043,25.956676307601462,25.764324188232422,12.300649642944336,26.22985076904297,26.130081176757812,26.49639129638672,25.704435348510742,0.950348973274231,27.512653350830078,29.006474749325708,27.383142471313477,-1.2642871141433716
2024-08-16 12:00:00,20.601055145263672,25.047325134277344,26.802579879760742,28.373836605730318,26.062360763549805,24.811391830444336,26.666612505097934,26.26102066040039,11.869142532348633,26.753141403198242,25.73147201538086,26.799976348876953,24.93650245666504,2.1221630573272705,27.164005279541016,28.579604398815032,27.219955444335938,-1.0836117267608643
2024-09-16 00:00:00,20.953718185424805,24.762134552001953,26.778423309326172,28.383172146647162,26.66053009033203,25.404287338256836,27.063632753391186,26.86345100402832,12.482813835144043,26.997915267944336,25.701723098754883,27.13583755493164,25.11187171936035,2.562617540359497,27.389623641967773,28.247281943819086,27.46681022644043,-0.39417362213134766
2024-10-16 12:00:00,22.626386642456055,25.04851722717285,26.95254898071289,28.374260147160648,26.21723175048828,25.213815689086914,26.76029644768228,26.81740951538086,13.433001518249512,27.307384490966797,26.129117965698242,27.47806167602539,25.285253524780273,2.4778764247894287,28.09287452697754,28.62693887309199,28.0463809967041,-0.188135027885437
2024-11-16 00:00:00,21.96852684020996,25.182668685913086,26.43503189086914,28.374640092219227,24.883630752563477,23.811477661132812,26.247811340495616,25.981470108032227,15.441615104675293,26.741756439208984,26.603206634521484,26.764923095703125,25.743064880371094,1.1133605241775513,28.249832153320312,28.640234926268292,28.105464935302734,0.014664053916931152
2024-12-16 12:00:00,22.576251983642578,24.757076263427734,26.111042022705078,28.393250442629924,23.18502426147461,22.63365936279297,25.40306615461397,25.212324142456055,17.199813842773438,25.400951385498047,27.110939025878906,25.829845428466797,26.4208927154541,-0.34068921208381653,28.129785537719727,28.718100048655472,28.280399322509766,-0.45811736583709717
2025-01-16 12:00:00,24.5924015045166,25.4612979888916,25.996850967407227,28.40974931047203,22.44814682006836,21.390352249145508,24.149403986359395,24.094087600708008,19.465547561645508,24.851091384887695,27.487459182739258,24.77144432067871,26.636959075927734,-1.8417775630950928,27.812257766723633,28.243660237643024,28.237821578979492,-0.5545621514320374
2025-02-15 00:00:00,25.7270450592041,26.40427017211914,26.329362869262695,28.39796789295361,21.836103439331055,20.75403594970703,23.706417297809036,22.83931541442871,20.092235565185547,24.019790649414062,27.86279296875,24.540143966674805,27.274442672729492,-2.7178874015808105,28.063304901123047,28.12418595752618,28.554317474365234,-0.4403270184993744
2025-03-16 12:00:00,26.36347770690918,27.018720626831055,27.66608238220215,28.369505800189067,21.790538787841797,20.711498260498047,23.690980509395157,22.769149780273438,19.408395767211914,24.03857421875,28.059633255004883,24.494789123535156,27.511690139770508,-3.3170175552368164,28.627941131591797,28.718475332573867,28.95497703552246,0.021020593121647835
2025-04-16 00:00:00,25.054616928100586,27.90569496154785,27.992427825927734,28.347900760230598,22.0736141204834,21.383846282958984,24.127715184003662,23.58128547668457,17.8076114654541,24.317203521728516,28.32440948486328,24.775814056396484,27.60505485534668,-2.9893925189971924,29.69932746887207,29.384569083303255,29.529876708984375,0.37414249777793884
2025-05-16 12:00:00,24.60980224609375,26.76055145263672,27.530624389648438,28.334003840107403,22.937795639038086,22.07997703552246,24.518998824009206,24.039857864379883,15.697486877441406,25.081485748291016,27.708616256713867,25.09498405456543,27.178428649902344,-1.868278980255127,29.425098419189453,29.73146347340857,28.904041290283203,0.05310188978910446
2025-06-16 00:00:00,23.149154663085938,26.37203598022461,27.2686767578125,28.328999290767467,24.26088523864746,22.96546745300293,25.232217572003393,24.54244041442871,13.298718452453613,25.783891677856445,26.950590133666992,25.64091682434082,26.64846420288086,-0.5648133754730225,28.08735466003418,29.411951276322874,27.691051483154297,-0.8785158395767212
2025-07-16 12:00:00,22.17125129699707,25.602432250976562,27.899477005004883,28.338494463330928,25.322690963745117,23.977550506591797,26.031851626233863,25.592350006103516,12.054232597351074,26.207475662231445,26.135801315307617,26.22705841064453,25.704435348510742,0.7924243807792664,27.298465728759766,28.833295818119584,26.898080825805664,-1.1198928356170654
2025-08-16 12:00:00,21.073299407958984,25.05109405517578,27.1610107421875,28.34778099310386,26.248197555541992,25.095073699951172,26.651739194886034,26.29684829711914,12.07768440246582,26.710556030273438,25.86078643798828,26.763822555541992,25.0194149017334,2.0667877197265625,26.996713638305664,28.200385043115254,26.758399963378906,-0.9036297798156738
2025-09-16 00:00:00,20.518163681030273,24.944316864013672,26.523252487182617,28.354387852232065,26.25528335571289,25.273006439208984,27.191177325881725,26.912704467773438,12.699627876281738,27.380741119384766,25.664875030517578,27.275232315063477,24.838191986083984,2.409162759780884,27.49439811706543,28.169498681622198,27.304847717285156,-0.21588650345802307
2025-10-16 12:00:00,22.626386642456055,24.931747436523438,26.26011085510254,28.36111656584282,25.9611759185791,24.881118774414062,27.13433576671245,26.988779067993164,14.202451705932617,27.31349754333496,26.129117965698242,27.480499267578125,25.230236053466797,2.33662486076355,28.000276565551758,28.24714437645448,27.798002243041992,-0.052419308573007584
2025-11-16 00:00:00,21.358558654785156,24.626310348510742,26.318008422851562,28.35641673774835,24.90965461730957,24.006990432739258,26.64610194703362,26.479875564575195,16.327268600463867,26.708337783813477,26.719633102416992,27.079038619995117,25.804601669311523,1.2389724254608154,28.309175491333008,28.814313505840023,28.081233978271484,-0.20224590599536896
2025-12-16 12:00:00,23.31757926940918,24.986209869384766,26.66904640197754,28.359415252932056,23.321584701538086,22.604610443115234,25.765308497460573,25.319862365722656,18.291418075561523,25.776248931884766,27.096982955932617,26.155399322509766,26.274328231811523,-0.34109100699424744,28.19447135925293,28.67783008554224,28.280399322509766,-0.36923444271087646
2026-01-16 12:00:00,24.381553649902344,25.50758171081543,26.18767547607422,28.37343588190883,22.579639434814453,21.54909896850586,24.57433489993989,24.2259464263916,19.618854522705078,25.286846160888672,27.5434627532959,25.137964248657227,26.885377883911133,-1.8417775630950928,27.965496063232422,28.61198938978146,28.237821578979492,-0.8040869235992432
2026-02-15 00:00:00,25.807788848876953,26.44931983947754,26.75059700012207,28.373113986028102,21.925334930419922,21.079837799072266,23.9314416746306,23.22566795349121,20.494422912597656,23.986957550048828,27.772361755371094,24.633142471313477,27.39695930480957,-3.079244613647461,28.103256225585938,28.678559578658664,28.484142303466797,-0.5818272829055786
2026-03-16 12:00:00,26.366662979125977,27.607629776000977,27.067615509033203,28.358824929793055,21.790538787841797,20.711498260498047,23.613258585327426,22.9576473236084,19.894556045532227,23.97503662109375,27.93062973022461,24.534896850585938,27.92889976501465,-2.8492276668548584,28.83272933959961,28.850887883982463,28.96384048461914,0.0680038332939148
2026-04-16 00:00:00,25.773075103759766,27.8792724609375,27.633180618286133,28.347051612207615,22.15834617614746,21.377639770507812,23.699683433927994,23.767959594726562,17.82115364074707,24.286806106567383,27.99186897277832,24.3232364654541,27.775936126708984,-2.5918664932250977,29.69932746887207,29.518868986181655,29.529876708984375,0.4332527816295624
2026-05-16 12:00:00,24.323060989379883,27.18695831298828,27.776762008666992,28.333106027375404,22.903547286987305,21.93712043762207,24.199046402452215,24.519424438476562,15.749495506286621,25.35076141357422,27.526155471801758,24.93120574951172,27.304147720336914,-2.043447971343994,29.299182891845703,29.824878852347567,28.93657112121582,0.0733116939663887
2026-06-16 00:00:00,23.538816452026367,26.439472198486328,27.549726486206055,28.32051980541453,24.228025436401367,23.00910186767578,24.911630546446684,24.94697380065918,13.673910140991211,25.664249420166016,26.825950622558594,26.02808952331543,26.55545997619629,-1.3819280862808228,28.10341453552246,29.41588220940282,27.638046264648438,-0.7808724641799927
2026-07-16 12:00:00,22.178150177001953,25.930606842041016,26.979516983032227,28.314113875018805,25.428922653198242,24.037172317504883,25.691199768082395,25.606138229370117,11.9909029006958,26.18748664855957,26.17597770690918,26.473642349243164,25.693721771240234,0.5631418228149414,27.26804542541504,28.962391216006935,26.834217071533203,-1.3354649543762207
2026-08-16 12:00:00,21.037128448486328,25.072202682495117,26.844772338867188,28.31477064584186,26.210968017578125,25.176904678344727,26.441104086611336,26.115253448486328,12.044499397277832,26.66555404663086,25.7650146484375,26.73512840270996,25.089082717895508,1.644919514656067,26.91488265991211,28.27128384970689,26.91840171813965,-0.9958631992340088
2026-09-16 00:00:00,20.696195602416992,25.232248306274414,26.58499526977539,28.309778396976625,26.396453857421875,25.316909790039062,26.881367497563275,26.86345100402832,12.299759864807129,27.05322265625,25.774547576904297,27.22040367126465,25.001752853393555,2.581761360168457,27.42058753967285,28.1440514149966,27.082077026367188,-0.38192546367645264
2026-10-16 12:00:00,21.028438568115234,25.11884117126465,26.73960304260254,28.305023553370763,25.850170135498047,24.962106704711914,26.73670401478658,27.12525749206543,13.542320251464844,27.077659606933594,26.18181800842285,27.3620662689209,25.231748580932617,1.9551814794540405,28.000276565551758,28.315274409939455,27.80514144897461,-0.0917152687907219
2026-11-16 00:00:00,21.358558654785156,25.359825134277344,26.74583625793457,28.297800336045814,24.8817195892334,23.93625259399414,26.46636152068955,26.446596145629883,15.214723587036133,26.723426818847656,26.79201889038086,26.934232711791992,25.674331665039062,1.0986082553863525,28.185848236083984,28.622588107401963,28.183454513549805,-0.28245213627815247
2026-12-16 12:00:00,22.97586441040039,25.63695526123047,27.096729278564453,28.295601056558002,23.52008056640625,22.673324584960938,25.670228970862315,25.391199111938477,18.291418075561523,25.776248931884766,27.16147232055664,26.210474014282227,26.231355667114258,-0.34068921208381653,28.209810256958008,28.860809332996922,28.760469436645508,-0.5340580940246582
2027-01-16 12:00:00,24.381553649902344,25.724761962890625,27.60334587097168,28.30172398394343,22.51534652709961,21.593652725219727,24.559729050324968,24.107641220092773,19.4367733001709,24.74362564086914,27.393041610717773,25.06052017211914,26.850122451782227,-1.915088176727295,27.870553970336914,28.720846174173793,28.442340850830078,-0.6448748111724854
2027-02-15 00:00:00,26.143766403198242,26.154172897338867,27.5478572845459,28.297753996742323,21.990612030029297,20.891193389892578,24.18870967948763,23.287973403930664,19.29820442199707,24.04364776611328,27.66712188720703,24.612375259399414,27.35425567626953,-2.744030237197876,28.0555362701416,28.411882229844615,28.513431549072266,-0.5308268070220947
2027-03-16 12:00:00,26.36347770690918,26.75640296936035,26.396528244018555,28.295115476479864,22.144041061401367,20.793533325195312,24.251341904839794,23.22977066040039,19.76686668395996,24.00710678100586,27.930986404418945,24.291467666625977,27.564605712890625,-3.450777292251587,28.83070945739746,29.104535026030653,29.061349868774414,-0.018275359645485878
2027-04-16 00:00:00,25.59516716003418,27.340782165527344,27.482995986938477,28.284441508629172,22.11545181274414,21.06438446044922,24.91781996270663,23.521818161010742,18.357572555541992,24.547903060913086,27.955150604248047,24.68746566772461,28.44843864440918,-3.0497522354125977,29.698345184326172,29.551295938166586,29.33224105834961,0.37414249777793884
2027-05-16 12:00:00,24.312795639038086,27.04800033569336,27.61121940612793,28.2766950214113,22.802289962768555,21.71304702758789,25.378240465977743,23.945903778076172,15.749495506286621,24.79379653930664,27.694686889648438,24.99309539794922,27.342418670654297,-2.0951457023620605,29.542442321777344,29.416155108873966,28.985231399536133,0.023379603400826454
2027-06-16 00:00:00,22.849071502685547,26.516881942749023,27.57102394104004,28.268132392418636,24.47332191467285,23.08551597595215,26.204299986619837,24.671972274780273,13.688114166259766,25.59070587158203,27.16703987121582,25.871448516845703,26.417757034301758,-0.5648133754730225,28.26776885986328,28.337512584231902,27.96753692626953,-1.0642346143722534
2027-07-16 12:00:00,21.55459976196289,25.671218872070312,26.931474685668945,28.27069887381676,25.10032844543457,23.65983772277832,26.558820717090157,25.616764068603516,12.333808898925781,26.202241897583008,26.346662521362305,26.321779251098633,25.716318130493164,0.7924243807792664,27.841943740844727,27.6959525982308,27.46710777282715,-1.763245940208435
2027-08-16 12:00:00,20.720869064331055,24.923059463500977,26.510860443115234,28.277071682041598,25.954063415527344,24.57068634033203,27.079409262349678,26.58034896850586,11.960182189941406,26.85942268371582,25.758785247802734,26.873449325561523,25.089082717895508,2.1221630573272705,27.519609451293945,26.743784381715535,27.293842315673828,-1.491492509841919
2027-09-16 00:00:00,20.001934051513672,25.426633834838867,25.965961456298828,28.281220554995784,26.210189819335938,25.583553314208984,27.443844042729957,26.838031768798828,12.230547904968262,27.287954330444336,25.76831817626953,27.275232315063477,24.930316925048828,2.4903061389923096,27.78155517578125,26.692021182074452,27.524688720703125,-1.0404796600341797
2027-10-16 12:00:00,20.682661056518555,24.469572067260742,25.67976951599121,28.28411818086743,26.06783676147461,25.03413200378418,27.28243336532578,27.004291534423828,13.555645942687988,27.40032958984375,26.18181800842285,27.50203514099121,25.19613265991211,2.4112813472747803,27.978694915771484,27.341964714264375,27.77828598022461,0.07475708425045013
2027-11-16 00:00:00,21.653057098388672,24.038049697875977,26.064741134643555,28.273381484010432,24.818462371826172,23.894533157348633,26.87663326357825,26.41606903076172,14.999551773071289,26.862836837768555,26.701845169067383,27.071239471435547,25.685476303100586,1.1133605241775513,28.24808120727539,27.62115940228768,28.098413467407227,-0.25129005312919617
2027-12-16 12:00:00,22.430086135864258,24.402101516723633,26.220829010009766,28.273026644779627,23.495935440063477,22.673324584960938,26.140102655798298,25.391199111938477,17.542970657348633,25.725183486938477,27.124313354492188,26.069089889526367,26.18825912475586,-0.28591933846473694,28.410503387451172,27.85851225113244,28.365556716918945,-0.1767604798078537
2028-01-16 12:00:00,24.717924118041992,24.983339309692383,26.389921188354492,28.274228782310352,22.467653274536133,21.575233459472656,24.914798777560783,24.236671447753906,19.42855453491211,24.710844039916992,27.343374252319336,24.826974868774414,27.10688591003418,-2.0321221351623535,28.278242111206055,28.5986315994851,28.250722885131836,-0.32653364539146423
2028-02-15 00:00:00,25.95865821838379,25.93914031982422,26.433902740478516,28.277605548498475,22.038423538208008,20.900209426879883,24.483947629664666,23.346921920776367,19.78858757019043,24.11259651184082,27.925743103027344,24.675813674926758,27.339595794677734,-2.6987099647521973,28.35614013671875,29.1760339918011,28.694931030273438,-0.6088725924491882
2028-03-16 12:00:00,26.36347770690918,26.8781681060791,26.82218360900879,28.274888184454486,22.144041061401367,20.76474380493164,24.793477485647546,23.334321975708008,19.21622657775879,24.125118255615234,28.142946243286133,24.22385597229004,27.685548782348633,-2.872777223587036,28.896896362304688,29.929573035663353,29.062259674072266,-0.38211575150489807
2028-04-16 00:00:00,25.59516716003418,27.340782165527344,27.500011444091797,28.26718580569977,21.993680953979492,21.222200393676758,25.361071945369996,24.06693458557129,17.60543441772461,24.324920654296875,28.154827117919922,25.130733489990234,28.44843864440918,-2.8811845779418945,29.320480346679688,30.109228027290786,29.467456817626953,0.010297083295881748
2028-05-16 12:00:00,24.27263641357422,27.04800033569336,27.61121940612793,28.26502211008907,23.031494140625,21.961483001708984,25.853792306263404,24.34874153137207,15.747597694396973,25.112672805786133,27.5098819732666,25.516103744506836,27.151506423950195,-2.024786949157715,29.52965545654297,30.059792965435825,28.92352294921875,0.0229627825319767
2028-06-16 00:00:00,23.41252326965332,26.578454971313477,27.57102394104004,28.261531506740067,24.413799285888672,22.750001907348633,26.35328511118829,24.768314361572266,13.932775497436523,25.746747970581055,26.968725204467773,25.78561019897461,26.752614974975586,-0.636827290058136,28.2127685546875,29.416820801152667,28.017465591430664,-0.7872086763381958
2028-07-16 12:00:00,21.90296173095703,25.109519958496094,26.947723388671875,28.276848995495037,25.217992782592773,23.745365142822266,26.930129101632392,25.959503173828125,12.494545936584473,26.387920379638672,26.542638778686523,26.564231872558594,26.109220504760742,0.8371105790138245,27.796106338500977,29.009466893950602,28.117225646972656,-0.6789249777793884
2028-08-16 12:00:00,20.695884704589844,25.392297744750977,26.522804260253906,28.285560401779566,25.799015045166016,24.751724243164062,27.944547648982645,26.58435821533203,12.216185569763184,26.8347110748291,25.90618324279785,27.199783325195312,25.20955467224121,2.0446650981903076,27.547643661499023,28.222212827712184,27.431093215942383,-0.6596348881721497
2028-09-16 00:00:00,20.937698364257812,24.656150817871094,27.5350284576416,28.307096339524325,26.2652530670166,25.2635555267334,28.149846272223378,27.225669860839844,12.306171417236328,27.682226181030273,25.923168182373047,27.643447875976562,25.23443603515625,2.409162759780884,27.710594177246094,28.203152317693515,27.86647605895996,-0.2535747289657593
2028-10-16 12:00:00,20.376182556152344,24.61824607849121,26.824617385864258,28.325345302814664,25.874866485595703,24.987796783447266,28.009020227857285,27.42452049255371,13.533531188964844,27.759281158447266,26.402294158935547,27.845232009887695,25.4487247467041,2.400379180908203,28.29261016845703,28.329471675667715,28.016998291015625,0.06948969513177872
2028-11-16 00:00:00,21.426136016845703,25.36089515686035,26.392597198486328,28.3292729536773,24.908620834350586,23.963327407836914,27.377805267582982,26.8251895904541,15.057489395141602,27.0170841217041,26.701282501220703,27.196142196655273,25.984176635742188,1.1133605241775513,28.609344482421875,28.868368636107135,28.270523071289062,-0.12603095173835754
2028-12-16 12:00:00,22.55256462097168,25.893386840820312,26.42587661743164,28.356989335761405,23.659343719482422,22.737274169921875,26.493102845639264,25.860855102539062,17.71713638305664,26.057632446289062,27.166231155395508,26.384626388549805,26.386585235595703,-0.34068921208381653,28.15341567993164,29.120058571291903,28.545333862304688,-0.3746761679649353
2029-01-16 12:00:00,24.392215728759766,25.338062286376953,26.724109649658203,28.374326053679777,22.756011962890625,21.525251388549805,25.863391071038738,24.565340042114258,19.27206802368164,25.076318740844727,27.376392364501953,25.33142852783203,26.85108184814453,-1.8417775630950928,28.047115325927734,28.895788474438874,28.244874954223633,-0.6919173002243042
2029-02-15 00:00:00,25.830598831176758,26.463720321655273,26.570737838745117,28.36031207279836,21.833072662353516,20.8773250579834,25.516011769736707,23.806398391723633,20.092235565185547,24.39522361755371,27.720291137695312,24.95751953125,27.585344314575195,-2.8749277591705322,28.356931686401367,29.072321523910876,28.75792694091797,-0.5917866230010986
2029-03-16 12:00:00,26.36347770690918,27.018720626831055,27.111879348754883,28.348768045271882,21.978391647338867,20.86198616027832,25.234711736877347,23.236774444580078,19.13829803466797,24.020156860351562,28.142946243286133,24.33089828491211,27.651947021484375,-3.522691249847412,28.744714736938477,29.61104240013707,29.0391788482666,-0.24256031215190887
2029-04-16 00:00:00,25.51017189025879,27.277294158935547,27.926286697387695,28.332809102913956,21.993680953979492,21.222200393676758,25.42650560890854,23.50432777404785,17.9577693939209,24.47151756286621,28.154827117919922,24.787097930908203,27.267759323120117,-2.979409694671631,29.669368743896484,30.187321895234557,29.1982421875,0.07837929576635361
2029-05-16 12:00:00,24.35095977783203,27.001773834228516,27.588886260986328,28.307374442082537,22.802289962768555,21.76215171813965,25.84662606464501,24.367412567138672,15.747597694396973,25.0489559173584,27.460289001464844,25.30317497253418,27.088783264160156,-2.008349657058716,29.572839736938477,30.24875644360557,28.790102005004883,0.12660837173461914
2029-06-16 00:00:00,23.251052856445312,26.937198638916016,27.549726486206055,28.3085398401038,24.220928192138672,22.593250274658203,26.24590369814061,24.735368728637695,14.094722747802734,25.81011390686035,27.077356338500977,25.681514739990234,26.64846420288086,-0.5489994287490845,28.08819007873535,29.991573429219404,27.466089248657227,-0.7348363399505615
2029-07-16 12:00:00,23.790340423583984,25.602432250976562,27.19220733642578,28.317117152958577,25.17870330810547,23.526384353637695,26.635968635296656,25.588130950927734,12.581536293029785,26.177133560180664,26.4063720703125,26.456411361694336,25.52702522277832,0.8112351894378662,27.42388916015625,29.3781054299382,27.24289894104004,-1.4183998107910156
2029-08-16 12:00:00,21.073299407958984,25.36918830871582,26.402626037597656,28.325322448090514,25.745685577392578,24.660871505737305,27.495775238525955,26.453365325927734,12.01917552947998,26.739484786987305,25.89703369140625,26.889068603515625,24.923484802246094,1.914315938949585,27.12354850769043,29.11662567379255,27.169511795043945,-1.2303078174591064
2029-09-16 00:00:00,20.696195602416992,24.827836990356445,26.8583927154541,28.33064244957373,26.424665451049805,24.970882415771484,28.0042219544822,27.350141525268555,12.230652809143066,27.219078063964844,25.8837947845459,27.70099639892578,25.11187171936035,2.6254055500030518,27.419477462768555,28.898592204289386,27.44495964050293,-0.25514498353004456
2029-10-16 12:00:00,22.282695770263672,24.89834976196289,26.545656204223633,28.34027826208628,25.874866485595703,25.081296920776367,27.960558237147218,27.208215713500977,14.202451705932617,27.374324798583984,26.179147720336914,27.635704040527344,25.13755226135254,2.21356201171875,28.06356430053711,29.006053959814572,27.934112548828125,-0.3676709830760956
2029-11-16 00:00:00,21.34293556213379,25.149059295654297,26.807722091674805,28.34235503963636,24.983531951904297,23.751405715942383,27.083514476768862,26.72934913635254,15.057489395141602,26.826509475708008,26.701845169067383,27.17072105407715,25.804601669311523,1.2358548641204834,28.231952667236328,28.997515503001182,28.105464935302734,-0.2204209417104721
2029-12-16 12:00:00,23.097028732299805,25.633512496948242,26.082921981811523,28.353276127220962,23.71697425842285,22.65391731262207,26.220173547946246,25.4451847076416,18.209514617919922,25.82065200805664,27.010055541992188,26.110198974609375,26.274328231811523,-0.25931596755981445,28.185379028320312,29.130683598426035,28.394941329956055,-0.6002172827720642
2030-01-16 12:00:00,24.381553649902344,25.557851791381836,26.777111053466797,28.371868932244087,22.477519989013672,21.50282859802246,25.220457622892376,24.062822341918945,19.38865852355957,24.57809066772461,27.393041610717773,24.916902542114258,26.86944007873535,-1.8564794063568115,27.870553970336914,28.86795405556575,28.289684295654297,-0.6399075984954834
2030-02-15 00:00:00,26.111957550048828,26.12653923034668,26.798831939697266,28.364786897747344,21.860109329223633,21.04814338684082,24.362359863037163,23.456562042236328,19.763612747192383,24.259796142578125,27.99457550048828,24.357013702392578,27.17076873779297,-3.3568947315216064,28.20886993408203,28.59760248629019,28.938339233398438,-0.539728581905365
2030-03-16 12:00:00,26.53424644470215,26.824462890625,26.88350486755371,28.348989486869304,21.788835525512695,20.672382354736328,24.19389197743425,23.356090545654297,19.494529724121094,24.483444213867188,27.930986404418945,24.16681671142578,27.84918212890625,-3.0879669189453125,28.627941131591797,28.871313416822634,28.996383666992188,-0.12339390814304352
2030-04-16 00:00:00,25.054616928100586,27.47530746459961,27.56915283203125,28.33199436851106,22.220260620117188,21.383846282958984,24.279214461801082,23.68659019470215,17.92715835571289,24.916484832763672,27.94879150390625,24.845996856689453,27.79669952392578,-2.943356513977051,29.69932746887207,29.53328346929847,29.490694046020508,0.2434697300195694
2030-05-16 12:00:00,24.35095977783203,27.583189010620117,27.616111755371094,28.328282166783264,22.87497901916504,21.825063705444336,24.823550091426245,24.174028396606445,15.747597694396973,24.97306251525879,27.539670944213867,25.182260513305664,27.336244583129883,-2.1078717708587646,29.423744201660156,29.716993619731657,28.947582244873047,0.12145310640335083
2030-06-16 00:00:00,24.561843872070312,26.695362091064453,27.82477378845215,28.32653690847893,24.265548706054688,23.022035598754883,25.416728362706323,24.6573543548584,13.995793342590332,25.82901382446289,26.824790954589844,25.61538314819336,26.56304931640625,-0.32496243715286255,28.11486053466797,29.531677120808258,27.518827438354492,-0.9630768299102783
2030-07-16 12:00:00,22.082130432128906,26.10410499572754,26.940168380737305,28.324162056098686,25.096498489379883,23.977550506591797,26.113699545434745,25.536645889282227,12.330310821533203,26.42799186706543,26.4063720703125,26.272693634033203,25.704435348510742,0.7924243807792664,27.266921997070312,29.059976141547065,26.969675064086914,-1.1198928356170654
2030-08-16 12:00:00,20.82160758972168,25.36918830871582,26.641643524169922,28.33206500243166,25.892108917236328,25.15568733215332,26.92804562660861,26.508426666259766,11.869142532348633,26.67546844482422,25.860431671142578,26.816370010375977,24.98133087158203,2.0446650981903076,27.24626922607422,28.772985953452032,26.943971633911133,-0.7298041582107544
2030-09-16 00:00:00,20.556354522705078,24.763587951660156,26.932817459106445,28.33892128802226,26.30459213256836,25.365055084228516,27.209659148856357,26.78901481628418,12.230547904968262,27.27704620361328,25.755014419555664,27.271448135375977,24.989646911621094,2.4681289196014404,27.44043731689453,28.850294020267715,27.417814254760742,-0.5610113739967346
2030-10-16 12:00:00,20.858585357666016,25.133800506591797,26.70377540588379,28.33084046172031,25.953773498535156,25.06658172607422,27.056593510368792,27.033315658569336,13.542320251464844,27.250537872314453,26.179147720336914,27.328815460205078,25.31165313720703,2.4778764247894287,28.06356430053711,29.20042408553963,27.38192367553711,-0.28878065943717957
2030-11-16 00:00:00,21.189590454101562,25.53641128540039,26.42905616760254,28.330797112186985,24.936763763427734,24.227489471435547,26.449673277444774,26.264848709106445,15.197513580322266,26.63325309753418,26.708728790283203,26.74129867553711,25.7128963470459,1.190610647201538,28.273000717163086,29.12900497117356,28.105464935302734,-0.328665554523468
2030-12-16 12:00:00,22.65806007385254,25.582088470458984,26.851627349853516,28.330660361040458,23.70216941833496,22.770322799682617,25.6785720050774,25.515487670898438,17.41080093383789,25.786691665649414,27.102603912353516,25.995563507080078,26.27698516845703,-0.28591933846473694,28.18492317199707,28.96269839800649,28.233856201171875,-0.4774552285671234
2031-01-16 12:00:00,24.381553649902344,25.775630950927734,27.417625427246094,28.319342754805078,22.46111488342285,21.6209774017334,24.88431546023248,24.028255462646484,19.500370025634766,24.710844039916992,27.393041610717773,24.8970890045166,26.683650970458984,-1.8417775630950928,27.911630630493164,28.427753548405597,28.237821578979492,-0.6260409355163574
2031-02-15 00:00:00,25.79804039001465,26.046688079833984,26.75638198852539,28.306158365771733,22.165681838989258,20.834415435791016,24.53685234277836,23.443038940429688,19.55624008178711,24.17082977294922,27.99457550048828,24.37183380126953,26.87938690185547,-3.3568947315216064,28.129398345947266,28.205421172910455,28.456092834472656,-0.2915031909942627
2031-03-16 12:00:00,26.36347770690918,26.898983001708984,26.396528244018555,28.287486406466446,21.820674896240234,20.76474380493164,24.886931362006777,23.339889526367188,19.42611312866211,24.219011306762695,27.930986404418945,24.350839614868164,27.632776260375977,-3.1550354957580566,28.852886199951172,28.616915938637703,28.77911376953125,-0.12662926316261292
2031-04-16 00:00:00,25.59516716003418,27.340782165527344,27.491958618164062,28.27035539161507,22.087984085083008,21.204818725585938,25.025118210780327,23.69014549255371,17.8592586517334,24.464332580566406,27.992162704467773,24.457033157348633,27.609724044799805,-3.2575883865356445,29.636123657226562,29.417123100235745,29.544282913208008,0.07837929576635361
2031-05-16 12:00:00,24.65464210510254,27.04800033569336,27.61121940612793,28.2605054136399,22.82477378845215,21.929174423217773,25.416403335761473,23.969379425048828,16.36709213256836,24.877727508544922,27.802082061767578,24.99309539794922,27.26027488708496,-2.0969693660736084,29.556291580200195,29.171881157544558,28.790102005004883,0.023379603400826454
2031-06-16 00:00:00,22.68354034423828,26.564058303833008,27.57102394104004,28.261416580758834,24.067054748535156,23.01815414428711,25.89613678681166,24.808238983154297,13.631580352783203,25.662395477294922,27.08329963684082,25.69566535949707,26.575790405273438,-0.5648133754730225,28.40481948852539,27.91401352089891,27.941476821899414,-1.2500357627868652
2031-07-16 12:00:00,21.530851364135742,25.47361183166504,26.93952751159668,28.269806650782588,25.206377029418945,23.721786499023438,26.44080513895643,25.567325592041016,12.473884582519531,26.23651695251465,26.52033042907715,26.339237213134766,25.709226608276367,0.7924243807792664,27.61590003967285,27.648478165017526,27.532766342163086,-0.973314642906189
2031-08-16 12:00:00,20.79203987121582,24.921499252319336,26.527873992919922,28.27597604491668,25.91069793701172,24.447744369506836,27.07670618559874,26.508426666259766,12.01917552947998,26.76248550415039,25.91326332092285,26.818490982055664,24.999961853027344,2.1221630573272705,27.519609451293945,26.71838628946765,27.5584716796875,-1.491492509841919
2031-09-16 00:00:00,20.49921417236328,24.431432723999023,26.200429916381836,28.273461185571517,26.320140838623047,25.342918395996094,27.468005125266835,26.912704467773438,12.230652809143066,27.318450927734375,25.936933517456055,27.42120933532715,25.088048934936523,2.5180065631866455,27.931467056274414,26.335803746960188,27.76738739013672,-1.0404796600341797
2031-10-16 12:00:00,21.28379249572754,23.934309005737305,26.19598960876465,28.272814311240378,25.969343185424805,25.123828887939453,27.350531466730434,27.040666580200195,13.682978630065918,27.499549865722656,26.40825843811035,27.515483856201172,25.467365264892578,2.4778764247894287,28.011676788330078,26.710195465447896,27.88050651550293,-0.45831742882728577
2031-11-16 00:00:00,22.01622772216797,24.037097930908203,26.35567855834961,28.26487071039112,24.975553512573242,23.751405715942383,26.992622568733772,26.479875564575195,15.182718276977539,26.929235458374023,26.811870574951172,27.13060188293457,26.02192497253418,1.190610647201538,28.29096221923828,27.64391829271346,28.20928955078125,-0.25129005312919617
2031-12-16 12:00:00,22.21539306640625,24.491596221923828,26.2288818359375,28.2661625732289,23.68807601928711,22.737274169921875,26.37626603346855,25.4451847076416,17.435646057128906,25.975418090820312,26.98702049255371,26.133670806884766,26.45306968688965,-0.28591933846473694,28.580860137939453,28.010391641525704,28.400005340576172,-0.2514241635799408
2032-01-16 12:00:00,24.53281593322754,25.0216121673584,26.397974014282227,28.277923181074197,22.600749969482422,21.5343074798584,25.62857854070196,24.30238914489746,19.125019073486328,25.01361846923828,27.365201950073242,25.17656707763672,27.027841567993164,-1.7795813083648682,28.820453643798828,29.010628252398135,28.353185653686523,-0.3289470672607422
2032-02-15 00:00:00,25.95865821838379,25.965206146240234,26.44195556640625,28.283625700920645,21.954561233520508,20.947229385375977,25.51335426782297,23.626699447631836,19.954002380371094,24.44915199279785,27.925743103027344,24.8101863861084,27.706769943237305,-2.9279701709747314,28.98927116394043,29.998240252420352,28.737163543701172,-0.4582820236682892
2032-03-16 12:00:00,26.36347770690918,26.88939666748047,26.830236434936523,28.284234277827036,22.047985076904297,20.897296905517578,25.920244128530484,23.940746307373047,19.419483184814453,24.622724533081055,28.142946243286133,25.039819717407227,27.685548782348633,-3.2097747325897217,29.329980850219727,30.02833043920906,28.857839584350586,-0.018275359645485878
2032-04-16 00:00:00,25.59516716003418,27.340782165527344,27.500011444091797,28.280596666989393,22.243927001953125,21.997587203979492,26.35833186734618,24.35129165649414,17.60543441772461,25.087678909301758,28.154827117919922,25.375261306762695,28.203027725219727,-3.488435745239258,29.21236801147461,30.395591719689833,29.1982421875,0.07837929576635361
2032-05-16 12:00:00,24.767337799072266,27.04800033569336,27.61121940612793,28.28175359972117,23.417945861816406,22.025527954101562,26.564198469710878,24.3736572265625,15.747597694396973,25.20383071899414,27.5162410736084,25.465744018554688,27.364540100097656,-1.88667893409729,29.072654724121094,30.100426181630574,28.619691848754883,0.023379603400826454
2032-06-16 00:00:00,22.68354034423828,26.464340209960938,27.55400848388672,28.2879196610272,24.47332191467285,23.016895294189453,26.875454383273752,24.86094856262207,14.023173332214355,25.971843719482422,27.01749610900879,25.92822265625,26.774595260620117,-0.6620756387710571,28.397136688232422,29.582497443893388,28.018230438232422,-0.7385446429252625
2032-07-16 12:00:00,21.79114532470703,25.930606842041016,26.78741455078125,28.313477329361064,25.459915161132812,24.04561996459961,27.645037675640413,26.085466384887695,13.034524917602539,26.370267868041992,26.485645294189453,26.574785232543945,25.637418746948242,0.8291370868682861,28.149335861206055,28.933224186254428,27.89694595336914,-0.8426805734634399
2032-08-16 12:00:00,20.973482131958008,25.392297744750977,27.1610107421875,28.35989440302354,26.220867156982422,25.20081901550293,28.15711442281553,26.849281311035156,12.522659301757812,27.171728134155273,25.897415161132812,27.199783325195312,25.018171310424805,1.9077999591827393,27.547643661499023,28.308059033990897,27.389360427856445,-0.5961702466011047
2032-09-16 00:00:00,20.47572898864746,25.15431785583496,26.582456588745117,28.390651765938056,26.38613510131836,25.006441116333008,28.15894256759519,27.225669860839844,12.788904190063477,27.682226181030273,25.894302368164062,27.643447875976562,24.961721420288086,2.517042636871338,27.797256469726562,28.171378184471635,27.533552169799805,-0.21769021451473236
2032-10-16 12:00:00,20.367448806762695,24.792448043823242,26.29218292236328,28.388348046487575,26.13100814819336,24.927833557128906,28.15696338776837,27.42452049255371,13.682978630065918,27.759281158447266,26.179147720336914,27.845232009887695,25.467365264892578,2.2867472171783447,28.09549331665039,28.717219661430487,28.20393180847168,-0.2399337887763977
2032-11-16 00:00:00,21.636445999145508,24.576446533203125,26.43503189086914,28.375922252018626,24.955978393554688,23.98971176147461,27.791867156998986,26.92192268371582,15.4630708694458,26.959716796875,26.73271942138672,27.577354431152344,26.02192497253418,1.2065730094909668,28.601726531982422,29.095281106393237,28.373207092285156,-0.1865011602640152
2032-12-16 12:00:00,22.982322692871094,25.227415084838867,26.142595291137695,28.404582423660823,23.669296264648438,22.672279357910156,26.57982867250737,26.04848861694336,17.542970657348633,26.112577438354492,27.164796829223633,26.385272979736328,26.496877670288086,-0.34109100699424744,28.072351455688477,29.129274426133083,28.506820678710938,-0.4431789815425873
2033-01-16 12:00:00,24.642614364624023,25.790056228637695,25.996850967407227,28.409069430140647,22.79066276550293,21.580137252807617,25.653424399731403,24.499658584594727,19.434040069580078,24.849943161010742,27.53464126586914,25.34581184387207,26.81675148010254,-1.7190368175506592,28.047115325927734,28.951960732102897,28.390607833862305,-0.6963961720466614
2033-02-15 00:00:00,26.060909271240234,25.98450469970703,26.21839714050293,28.405163672833556,21.956974029541016,20.946861267089844,25.02784789837817,23.49533462524414,20.4494686126709,24.35883903503418,27.765975952148438,24.349124908447266,27.339595794677734,-3.1485164165496826,28.371349334716797,28.713425512865065,28.735885620117188,-0.5247899293899536
2033-03-16 12:00:00,26.06067657470703,26.679014205932617,26.858112335205078,28.395042544860868,21.700944900512695,20.83237648010254,25.031981429619044,23.24116325378418,19.894556045532227,24.46156883239746,28.286928176879883,24.59835433959961,27.685548782348633,-3.1683223247528076,28.86644172668457,29.077254317479202,29.064250946044922,0.021020593121647835
2033-04-16 00:00:00,25.028181076049805,27.758323669433594,27.48358154296875,28.382120441236676,22.118484497070312,21.107013702392578,25.266554217642827,23.854251861572266,18.294437408447266,24.257326126098633,28.306854248046875,24.965919494628906,27.6716251373291,-3.2190065383911133,29.698345184326172,29.997066551674703,29.662220001220703,0.07837929576635361
2033-05-16 12:00:00,24.09811019897461,26.982385635375977,27.094728469848633,28.378238407503446,23.006460189819336,21.775732040405273,25.648798158142007,24.405179977416992,16.21202278137207,25.00208854675293,27.52786636352539,25.340320587158203,27.35856819152832,-2.1317315101623535,29.423744201660156,29.83253479237101,28.8914794921875,0.05310188978910446
2033-06-16 00:00:00,22.809627532958984,26.361669540405273,27.595062255859375,28.373238782499104,24.148818969726562,22.975391387939453,26.10308393375795,24.735368728637695,13.631580352783203,25.59070587158203,26.90033531188965,25.820711135864258,26.56304931640625,-0.5327686071395874,28.06024932861328,29.61035283614646,27.71539878845215,-0.9067712426185608
2033-07-16 12:00:00,21.70716667175293,25.36585807800293,27.10516929626465,28.38214696508885,25.1613712310791,23.389986038208008,26.671171462089173,25.7357234954834,12.300649642944336,26.21058464050293,26.04964828491211,26.54256820678711,25.503952026367188,0.8291370868682861,27.266265869140625,29.213760659637988,27.073423385620117,-1.4095157384872437
2033-08-16 12:00:00,20.45574188232422,24.763505935668945,27.136632919311523,28.392269682775723,25.677709579467773,24.522823333740234,27.997056957900583,26.58435821533203,11.905110359191895,26.88336944580078,25.921295166015625,26.9713191986084,24.70941734313965,1.9496551752090454,27.157087326049805,29.004829132428313,26.758399963378906,-1.052369475364685
2033-09-16 00:00:00,20.631959915161133,24.91435432434082,26.641557693481445,28.40119983369724,26.183399200439453,25.11127471923828,28.157724938608915,27.225669860839844,12.207446098327637,27.682226181030273,25.89813995361328,27.643447875976562,24.83425521850586,2.448481798171997,27.400819778442383,28.845781519559118,27.233192443847656,-0.5610113739967346
2033-10-16 12:00:00,21.232370376586914,24.94634246826172,26.406274795532227,28.402392382705532,25.95319938659668,25.08692169189453,28.010525573636997,27.42452049255371,13.433001518249512,27.411197662353516,26.129117965698242,27.845232009887695,25.075300216674805,2.2899346351623535,28.09287452697754,29.010091604384982,27.80132484436035,-0.2843017578125
2033-11-16 00:00:00,21.96852684020996,24.955005645751953,26.643054962158203,28.40172748536825,24.883543014526367,24.04442596435547,27.127406295974644,26.734052658081055,15.441615104675293,26.929235458374023,26.719633102416992,27.213760375976562,25.615819931030273,1.7312626838684082,28.146230697631836,29.531853754047674,28.12273597717285,-0.32669785618782043
2033-12-16 12:00:00,22.833738327026367,24.7098388671875,26.6290283203125,28.407899668422516,23.495935440063477,22.764711380004883,26.243929395210007,25.781822204589844,17.41080093383789,25.82065200805664,27.114038467407227,26.20262908935547,26.350589752197266,-0.03640899062156677,28.29621124267578,29.129698484337098,28.506820678710938,-0.38718459010124207
2034-01-16 12:00:00,24.26517677307129,25.593528747558594,26.39962387084961,28.40644820877246,22.467653274536133,21.513540267944336,25.06918223951809,24.052568435668945,19.130538940429688,24.921083450317383,27.478900909423828,25.087085723876953,26.86944007873535,-1.8693442344665527,28.05095100402832,28.844163369533867,28.237821578979492,-0.670107364654541
2034-02-15 00:00:00,26.00143051147461,26.221412658691406,26.444978713989258,28.399970568925415,21.827852249145508,20.949539184570312,24.170019876378845,23.573101043701172,20.293516159057617,24.538463592529297,27.82209587097168,24.138765335083008,27.585344314575195,-2.815229892730713,28.129398345947266,28.63222439974952,28.716991424560547,-0.5840850472450256
2034-03-16 12:00:00,26.53424644470215,26.94036865234375,26.789052963256836,28.370145880671835,21.867084503173828,20.99920082092285,24.122426481630477,23.817161560058594,19.76686668395996,24.28534698486328,28.286928176879883,24.056970596313477,27.564605712890625,-2.872777223587036,28.83272933959961,28.90133502189983,29.291820526123047,-0.02590409852564335
2034-04-16 00:00:00,25.4057559967041,27.080528259277344,27.643274307250977,28.347261557075793,22.103988647460938,21.13783073425293,24.3664606616591,23.85369873046875,18.131513595581055,24.354679107666016,27.99186897277832,24.428937911987305,27.79669952392578,-2.9757988452911377,29.21236801147461,29.713311056069244,29.1982421875,0.4107709228992462
2034-05-16 12:00:00,24.27263641357422,27.583189010620117,27.972301483154297,28.34109664302875,22.91646957397461,21.940696716308594,24.611822347418197,23.811918258666992,15.747597694396973,25.281965255737305,27.596731185913086,25.41197395324707,27.216266632080078,-2.0951457023620605,29.08490562438965,30.00561294379419,28.947582244873047,0.12660837173461914
2034-06-16 00:00:00,23.25766944885254,26.1837158203125,27.79361343383789,28.3355487587692,24.169857025146484,23.020023345947266,25.030853325891794,25.021900177001953,14.094722747802734,25.71962547302246,26.818599700927734,25.627944946289062,26.64846420288086,-0.5174791216850281,28.06024932861328,30.004690430767074,27.70968246459961,-0.8036655187606812
2034-07-16 12:00:00,22.246191024780273,25.938085556030273,27.026371002197266,28.339499152194612,25.34815788269043,23.977550506591797,25.98666276880184,25.551477432250977,13.451581001281738,26.207475662231445,26.346662521362305,26.281888961791992,25.693721771240234,0.8566877841949463,27.292030334472656,29.538223875746098,26.92253303527832,-1.394844889640808
2034-08-16 12:00:00,21.379636764526367,24.815876007080078,26.991594314575195,28.348066746135018,26.248197555541992,25.095073699951172,26.76005716082518,26.58034896850586,12.451973915100098,26.72609519958496,25.888887405395508,26.808992385864258,24.95135498046875,2.0667877197265625,27.148975372314453,29.009457165789957,26.919963836669922,-1.052369475364685
2034-09-16 00:00:00,21.66800880432129,24.882394790649414,26.812896728515625,28.35314095622594,26.73793601989746,25.391332626342773,27.247737084214243,26.865854263305664,13.652528762817383,27.133121490478516,25.906566619873047,27.530183792114258,24.91581916809082,2.409162759780884,27.409570693969727,28.934499590193067,27.304847717285156,-0.013066746294498444
2034-10-16 12:00:00,20.35031509399414,25.12957000732422,26.957229614257812,28.347905690481248,26.330524444580078,25.108301162719727,27.06954072484565,26.93800926208496,14.422526359558105,27.34772300720215,26.329755783081055,27.497940063476562,25.231748580932617,2.4778764247894287,28.06356430053711,29.094006765276312,27.823232650756836,-0.29602697491645813
2034-11-16 00:00:00,21.399099349975586,25.226701736450195,26.331148147583008,28.3401220089107,24.99431610107422,24.209875106811523,26.636969145877526,26.77254295349121,16.168132781982422,26.681909561157227,26.708728790283203,27.056272506713867,25.647079467773438,1.1133605241775513,28.2327823638916,29.17879133234758,28.541791915893555,-0.39557644724845886
2034-12-16 12:00:00,22.351661682128906,25.263389587402344,26.172439575195312,28.3423604879613,23.463665008544922,22.641063690185547,25.959130019767265,25.7410888671875,18.291418075561523,25.725183486938477,27.06375503540039,26.29458236694336,26.49049949645996,-0.28591933846473694,28.164682388305664,28.96693215369786,28.754154205322266,-0.4492158591747284
2035-01-16 12:00:00,24.578182220458984,25.913490295410156,26.997478485107422,28.34061638101575,22.46111488342285,21.531410217285156,24.955493859964367,24.048084259033203,19.618854522705078,24.74189567565918,27.36296844482422,25.031200408935547,26.85108184814453,-1.7795813083648682,28.121461868286133,28.869814726106835,28.52252197265625,-0.648827850818634
2035-02-15 00:00:00,25.988954544067383,26.196950912475586,27.04627227783203,28.342276299429113,21.77756118774414,21.06808853149414,24.28008663553199,23.460472106933594,20.4494686126709,24.10253143310547,27.720291137695312,24.416311264038086,27.339595794677734,-2.8958475589752197,28.202884674072266,28.900280044648106,28.430789947509766,-0.5378493666648865
2035-03-16 12:00:00,26.36347770690918,27.531143188476562,27.43198013305664,28.32927311793741,21.867084503173828,20.672382354736328,24.145278883727723,23.20248794555664,19.21622657775879,24.28534698486328,27.930986404418945,24.137447357177734,27.685548782348633,-2.3501181602478027,28.83272933959961,28.93296318659703,29.434749603271484,-0.018275359645485878
2035-04-16 00:00:00,25.59516716003418,27.39422607421875,27.946378707885742,28.316609565592834,22.042861938476562,21.347625732421875,24.20471227991389,23.638893127441406,17.8592586517334,24.62381362915039,28.154827117919922,24.520915985107422,28.203027725219727,-2.4412131309509277,29.70669937133789,29.605730159510607,29.54313850402832,0.4332527816295624
2035-05-16 12:00:00,24.87485694885254,27.000823974609375,27.59420394897461,28.29573090896461,22.966733932495117,22.058841705322266,24.87231241858929,24.043964385986328,15.747597694396973,25.070911407470703,27.460289001464844,24.84734535217285,27.438941955566406,-2.166222333908081,29.542442321777344,30.002351821631354,29.091140747070312,-0.0401797741651535
2035-06-16 00:00:00,23.150861740112305,26.578454971313477,27.633649826049805,28.28507171527668,24.137248992919922,23.00197982788086,25.592869523570023,24.808238983154297,13.932775497436523,25.683027267456055,27.08329963684082,25.683517456054688,26.417757034301758,-0.5174791216850281,28.182092666625977,29.834423889197712,28.096811294555664,-0.81080561876297
2035-07-16 12:00:00,22.372652053833008,25.289024353027344,27.246131896972656,28.28521795526005,25.206377029418945,23.632041931152344,26.402291456042654,25.654279708862305,12.606592178344727,26.24506187438965,26.382736206054688,26.45168113708496,25.66420555114746,0.8566877841949463,27.631263732910156,29.099567706449072,27.291730880737305,-1.3348687887191772
2035-08-16 12:00:00,21.11712646484375,25.09271812438965,26.561016082763672,28.294428503845182,25.8258113861084,24.723798751831055,27.15696976105615,26.370342254638672,11.998922348022461,26.94832420349121,25.90618324279785,26.889068603515625,25.018171310424805,2.055568218231201,27.38412857055664,28.561465914544062,27.257883071899414,-0.9036297798156738
2035-09-16 00:00:00,21.66800880432129,25.208171844482422,26.671674728393555,28.298313294446455,26.21030616760254,25.458677291870117,27.673682049454175,27.079940795898438,12.618070602416992,27.339405059814453,25.916088104248047,27.372432708740234,25.061649322509766,2.4792542457580566,27.76580238342285,28.170593553033157,27.387996673583984,-0.32306069135665894
2035-10-16 12:00:00,20.321298599243164,25.412933349609375,27.483835220336914,28.28211428058615,25.962610244750977,24.854236602783203,27.420344406372745,26.93800926208496,13.682978630065918,27.43235206604004,26.402294158935547,27.497940063476562,25.231748580932617,2.4778764247894287,28.28896141052246,28.005293345691143,28.016998291015625,0.19458456337451935
2035-11-16 00:00:00,21.214040756225586,25.385330200195312,27.294919967651367,28.285960893193465,24.883543014526367,24.30908203125,26.576063789567268,26.264848709106445,15.724241256713867,26.708337783813477,26.701282501220703,26.787160873413086,25.7037296295166,1.190610647201538,28.518150329589844,28.331630722536822,28.373207092285156,-0.16497190296649933
2035-12-16 12:00:00,22.351661682128906,25.165210723876953,27.761062622070312,28.283602413045482,23.495935440063477,22.673324584960938,25.906248160302226,25.515487670898438,18.291418075561523,25.759145736694336,27.04845428466797,26.155399322509766,26.246660232543945,-0.28591933846473694,28.31599235534668,29.02048875203526,28.400005340576172,-0.23461563885211945
2036-01-16 12:00:00,24.33464813232422,25.353422164916992,27.677398681640625,28.285170856511318,22.516267776489258,21.587909698486328,25.057825463902475,24.091938018798828,19.934232711791992,24.57809066772461,27.343374252319336,24.91991424560547,26.783523559570312,-1.8417775630950928,28.060258865356445,29.215356438660244,28.418195724487305,-0.7416406273841858
2036-02-15 00:00:00,25.65460205078125,25.829788208007812,25.912452697753906,28.283930659167908,21.772497177124023,20.90374755859375,24.90607740735446,23.35000228881836,20.2982120513916,24.188962936401367,27.728744506835938,24.49285125732422,27.278846740722656,-2.6336114406585693,28.232044219970703,28.971338684828364,29.08770179748535,-0.5247899293899536
2036-03-16 12:00:00,26.44136619567871,26.86301040649414,26.61370086669922,28.277855748463583,21.781431198120117,20.838598251342773,25.021518666896895,23.298336029052734,19.894556045532227,24.214374542236328,28.142946243286133,24.33144760131836,27.92889976501465,-3.786036252975464,28.914823532104492,29.535778775158953,29.007431030273438,-0.3385634124279022
2036-04-16 00:00:00,25.804611206054688,27.320314407348633,27.491958618164062,28.268093516144393,22.14362144470215,21.203060150146484,25.376592232726296,23.523454666137695,18.357572555541992,24.257326126098633,28.154827117919922,24.816579818725586,27.609724044799805,-2.935796022415161,29.669368743896484,29.98313112806749,29.1982421875,0.37414249777793884
2036-05-16 12:00:00,25.516016006469727,27.000823974609375,27.61121940612793,28.261387364097903,23.023359298706055,21.918628692626953,25.516420769696012,24.1783447265625,15.747597694396973,24.99597930908203,27.565326690673828,25.204872131347656,27.304773330688477,-2.062591791152954,29.072654724121094,29.860493666731585,28.619691848754883,-0.3193965256214142
2036-06-16 00:00:00,23.14070701599121,26.517831802368164,27.57102394104004,28.26531643099142,24.137248992919922,23.02675437927246,25.99524759399017,24.762088775634766,13.932775497436523,25.610506057739258,27.04996109008789,25.699764251708984,26.417757034301758,-0.5648133754730225,28.40549087524414,29.40550580447653,28.136089324951172,-0.7385446429252625
2036-07-16 12:00:00,22.015239715576172,25.706838607788086,26.92251205444336,28.26794266186287,24.792476654052734,23.703659057617188,26.441449160867233,25.654279708862305,12.581536293029785,26.257160186767578,26.542638778686523,26.4390811920166,25.66420555114746,0.7776721119880676,27.831003189086914,28.490790579404077,27.88794708251953,-0.8261220455169678
2036-08-16 12:00:00,21.07002067565918,24.969711303710938,26.379899978637695,28.273017366439735,25.78365707397461,24.64183235168457,27.457345697903907,26.554664611816406,11.984630584716797,26.900541305541992,25.897415161132812,27.094303131103516,25.023527145385742,2.055568218231201,27.718442916870117,27.822925115624376,27.389360427856445,-0.5586045980453491
2036-09-16 00:00:00,21.887325286865234,25.410526275634766,26.558256149291992,28.280757824378846,26.342844009399414,25.31553840637207,27.983167812613907,27.035364151000977,12.60429573059082,27.219078063964844,25.936933517456055,27.372432708740234,24.961721420288086,2.562617540359497,27.818750381469727,27.704362584664914,27.86647605895996,0.2087668925523758
2036-10-16 12:00:00,20.305675506591797,25.095687866210938,26.814125061035156,28.286308085839035,25.873546600341797,25.123828887939453,27.866454842317165,27.208215713500977,13.433001518249512,27.374324798583984,26.412097930908203,27.716394424438477,25.231748580932617,2.400379180908203,28.577301025390625,27.739313206734774,27.935409545898438,-0.008326969109475613
2036-11-16 00:00:00,21.589632034301758,24.443403244018555,27.890199661254883,28.28692441911461,25.00798225402832,23.822288513183594,27.07052577024618,26.746503829956055,15.158123016357422,26.895009994506836,26.701282501220703,27.060258865356445,25.685476303100586,1.2152022123336792,28.730791091918945,28.12388766307974,28.119258880615234,-0.06820789724588394
2036-12-16 12:00:00,22.686983108520508,26.550395965576172,27.999971389770508,28.287538349926116,23.643814086914062,22.636173248291016,26.173976594313224,25.4451847076416,18.209514617919922,25.8410701751709,27.145177841186523,26.153249740600586,26.162145614624023,-0.34068921208381653,28.482864379882812,28.76775048303645,28.202571868896484,-0.3250223994255066
2037-01-16 12:00:00,24.381553649902344,25.298704147338867,27.597026824951172,28.29784655284444,22.555011749267578,21.8284854888916,25.21722554153271,24.048084259033203,19.116455078125,24.67555046081543,27.522212982177734,25.087085723876953,26.773508071899414,-1.7795813083648682,28.042190551757812,29.18199517689748,28.23137664794922,-0.6409793496131897
2037-02-15 00:00:00,25.26532554626465,25.938722610473633,27.457502365112305,28.29381996008534,21.967239379882812,20.947471618652344,24.997216971276785,23.26920509338379,19.920578002929688,24.215017318725586,27.728744506835938,24.354583740234375,27.339595794677734,-3.092830181121826,28.240421295166016,29.35983446080246,28.66158103942871,-0.597065269947052
2037-03-16 12:00:00,25.861764907836914,26.898983001708984,26.585453033447266,28.285416479257822,21.847105026245117,20.98838996887207,24.95885790763944,23.236774444580078,19.735179901123047,24.23579216003418,27.937345504760742,24.33089828491211,28.08414649963379,-3.338569164276123,29.175020217895508,29.533380303014305,29.062259674072266,0.0858144462108612
2037-04-16 00:00:00,25.028181076049805,27.30581283569336,27.482995986938477,28.276348340688056,22.060134887695312,21.222200393676758,25.16762091878276,23.519065856933594,17.9577693939209,24.209835052490234,27.955150604248047,24.787097930908203,27.72430992126465,-2.8811845779418945,29.21236801147461,29.995064357228017,29.33224105834961,0.4039381444454193
2037-05-16 12:00:00,24.655864715576172,27.000823974609375,27.603166580200195,28.265395325417433,22.96718406677246,21.89857292175293,25.68234522593392,24.367412567138672,15.747597694396973,25.0489559173584,27.460289001464844,25.340320587158203,27.311260223388672,-1.8902803659439087,29.072654724121094,29.98499577300858,28.985231399536133,0.10256927460432053
2037-06-16 00:00:00,23.25766944885254,26.578454971313477,27.55400848388672,28.268718742651455,24.268075942993164,23.052467346191406,26.24683346176437,24.737579345703125,14.04680061340332,25.81011390686035,27.060020446777344,25.760948181152344,26.417757034301758,-0.5655266046524048,28.346240997314453,29.21366843761747,27.839500427246094,-0.7256883382797241
2037-07-16 12:00:00,22.011316299438477,25.1724853515625,26.969633102416992,28.27296156119765,25.15087890625,23.788711547851562,27.003536010912914,25.938098907470703,12.982137680053711,26.42214584350586,26.382736206054688,26.55592155456543,25.637418746948242,0.7608163356781006,27.601016998291016,28.76617331810301,27.346914291381836,-0.8727496266365051
2037-08-16 12:00:00,21.280351638793945,25.392297744750977,26.64303970336914,28.293003118305528,25.870994567871094,24.833547592163086,27.99222203348439,26.58435821533203,12.216185569763184,26.8347110748291,25.884769439697266,27.199783325195312,25.041244506835938,1.9532099962234497,27.586233139038086,28.080390651858472,27.27263832092285,-0.6147504448890686
2037-09-16 00:00:00,20.628082275390625,25.209463119506836,26.748071670532227,28.310119870170304,26.424665451049805,25.11127471923828,28.157107033205847,27.225669860839844,12.60429573059082,27.682226181030273,25.898420333862305,27.643447875976562,25.061649322509766,2.548985242843628,27.9124755859375,27.807994988265676,27.533552169799805,-0.1645984947681427
2037-10-16 12:00:00,20.376182556152344,25.222726821899414,26.75237464904785,28.319964820806828,25.969343185424805,25.1304874420166,28.009284839907192,27.51869773864746,14.160820960998535,27.616769790649414,26.179147720336914,27.845232009887695,25.202783584594727,2.2867472171783447,28.188425064086914,27.827714071302506,28.231000900268555,0.11722888797521591
2037-11-16 00:00:00,21.550281524658203,25.13141632080078,26.85672378540039,28.319221289662266,24.745594024658203,23.987388610839844,27.202691804702663,26.734193801879883,16.21324920654297,26.98147201538086,26.701845169067383,27.17072105407715,25.765661239624023,1.2212148904800415,28.601726531982422,28.221448606161026,28.603116989135742,-0.020343774929642677
2037-12-16 12:00:00,22.70232582092285,25.893386840820312,26.080007553100586,28.340449481658606,23.63300132751465,22.670867919921875,26.356617670125665,25.4451847076416,18.27337646484375,25.82065200805664,27.010517120361328,26.133670806884766,26.266738891601562,-0.24645788967609406,28.391666412353516,28.746007430960645,28.262340545654297,-0.28968164324760437
2038-01-16 12:00:00,24.5924015045166,26.033376693725586,26.742572784423828,28.34935479118901,22.53905487060547,21.62030029296875,25.38856675638259,24.048084259033203,19.27206802368164,25.003705978393555,27.39508819580078,25.005891799926758,26.880573272705078,-1.7186036109924316,27.950632095336914,29.039877231936007,28.783077239990234,-0.5551674962043762
2038-02-15 00:00:00,26.060909271240234,26.356016159057617,26.94119644165039,28.352386096883485,22.005897521972656,20.944459915161133,24.634728250019652,23.454904556274414,19.29820442199707,24.17082977294922,27.974069595336914,24.330366134643555,27.35425567626953,-3.0480520725250244,28.233312606811523,29.076786614033605,28.892576217651367,-0.5836935639381409
2038-03-16 12:00:00,25.885082244873047,27.477445602416992,27.133726119995117,28.32391870602454,21.995376586914062,20.793533325195312,24.729539364563294,23.298336029052734,19.645368576049805,24.24637794494629,27.930986404418945,24.495529174804688,27.564605712890625,-3.246288537979126,29.371780395507812,29.979974103784986,28.83380699157715,-0.11110804229974747
2038-04-16 00:00:00,25.028181076049805,27.47169303894043,27.411476135253906,28.306639142206667,22.009361267089844,21.179914474487305,25.023778394058507,23.519065856933594,18.24860382080078,24.472719192504883,27.955150604248047,24.960569381713867,27.6716251373291,-3.002073287963867,29.698345184326172,30.21885670631421,29.54313850402832,0.16871485114097595
2038-05-16 12:00:00,24.28023910522461,27.065340042114258,27.588886260986328,28.29466466464346,23.01769256591797,21.71304702758789,25.517507616972164,24.390817642211914,15.749495506286621,25.04868507385254,27.694686889648438,25.30317497253418,27.28251075744629,-1.900713562965393,29.542442321777344,30.051121987162905,29.097753524780273,0.0733116939663887
2038-06-16 00:00:00,23.26312828063965,27.197824478149414,27.750621795654297,28.296038417113714,24.268075942993164,23.038026809692383,26.02220235113416,24.71982765197754,14.363168716430664,25.654190063476562,27.077356338500977,25.639148712158203,26.627399444580078,-0.5792609453201294,28.15196418762207,29.82427229328157,27.521286010742188,-0.9748020172119141
2038-07-16 12:00:00,21.839500427246094,25.949174880981445,26.940168380737305,28.307177880584106,24.792476654052734,23.800851821899414,26.730328401085828,25.7357234954834,13.425664901733398,26.125444412231445,26.346662521362305,26.553850173950195,25.693721771240234,0.7989293336868286,27.512653350830078,29.116222491717675,27.32965850830078,-1.2368839979171753
2038-08-16 12:00:00,20.849449157714844,25.36918830871582,27.299327850341797,28.30862884354115,25.891828536987305,24.739248275756836,27.97486534611594,26.58435821533203,11.984630584716797,26.874910354614258,25.8742618560791,27.240968704223633,24.93650245666504,1.8711878061294556,27.26091194152832,28.8495335701218,27.05766487121582,-0.7539714574813843
2038-09-16 00:00:00,20.9869441986084,24.891368865966797,26.922683715820312,28.326420225600888,26.183399200439453,25.338777542114258,28.153757396058865,27.225669860839844,12.686452865600586,27.219078063964844,25.848304748535156,27.643447875976562,24.998565673828125,2.4713172912597656,27.558286666870117,28.86528214887327,27.393835067749023,-0.013066746294498444
2038-10-16 12:00:00,20.450931549072266,24.789852142333984,26.837308883666992,28.33060598093545,25.80035972595215,24.854236602783203,27.973705672376884,27.51869773864746,14.422526359558105,27.374324798583984,26.179147720336914,27.845232009887695,25.285253524780273,2.2876925468444824,28.08038330078125,29.133133711779827,27.819787979125977,-0.29980942606925964
2038-11-16 00:00:00,21.54129981994629,24.6430721282959,26.331148147583008,28.326923336437105,24.792675018310547,24.006990432739258,27.05364384670185,26.66413116455078,16.185670852661133,26.8905086517334,26.708728790283203,27.060258865356445,25.804601669311523,1.1601033210754395,28.164264678955078,29.264548508777487,28.3449764251709,-0.27641525864601135
2038-12-16 12:00:00,22.982322692871094,26.132930755615234,26.172439575195312,28.333904860405344,23.716711044311523,22.673324584960938,26.239515066510233,25.61138343811035,18.300952911376953,25.8410701751709,27.102603912353516,26.225507736206055,26.270952224731445,-0.24645788967609406,28.188587188720703,29.069841531834857,28.687637329101562,-0.5340580940246582
2039-01-16 12:00:00,24.603271484375,25.879562377929688,26.23767852783203,28.33733113448153,22.53905487060547,21.50282859802246,25.319589347294837,24.30238914489746,19.437448501586914,24.822555541992188,27.393041610717773,25.316162109375,26.928014755249023,-1.7186036109924316,28.14838218688965,28.82517571045856,28.237821578979492,-0.7036424875259399
2039-02-15 00:00:00,25.848600387573242,27.211591720581055,26.94119644165039,28.330442842020727,21.82888412475586,20.891193389892578,24.876891692939164,23.365211486816406,20.4494686126709,24.188962936401367,27.921476364135742,24.349124908447266,27.30864715576172,-3.2607967853546143,28.20886993408203,28.229609839097755,28.430789947509766,-0.2915031909942627
2039-03-16 12:00:00,26.263357162475586,27.021032333374023,27.53634262084961,28.310948619976298,21.680524826049805,20.80555534362793,25.00161746217085,23.54294776916504,19.894556045532227,24.21857261657715,27.930986404418945,24.623029708862305,27.685548782348633,-3.3170175552368164,28.826034545898438,28.712903358702505,28.939516067504883,0.1721932590007782
2039-04-16 00:00:00,25.318683624267578,27.304847717285156,27.52363395690918,28.27832661628712,22.263898849487305,21.01779556274414,25.412826624989048,24.122953414916992,18.095592498779297,24.5154972076416,27.955150604248047,25.108139038085938,28.203027725219727,-3.0118298530578613,29.69932746887207,29.545494845467523,29.662220001220703,0.14340144395828247
2039-05-16 12:00:00,24.373395919799805,27.04800033569336,27.603166580200195,28.256711479446043,23.483552932739258,21.85968017578125,25.76487513711947,24.38621711730957,16.21202278137207,25.079517364501953,27.565326690673828,25.340320587158203,27.2724609375,-2.0572969913482666,29.542442321777344,29.646442248232994,28.947582244873047,0.13027682900428772
2039-06-16 00:00:00,22.30071258544922,26.532947540283203,27.562971115112305,28.251406837530485,24.2315616607666,22.951923370361328,26.213266514091845,24.725181579589844,13.967585563659668,25.60051155090332,27.078588485717773,25.767240524291992,26.579660415649414,-0.32496243715286255,28.15764617919922,29.24639918671,27.518827438354492,-0.8137323260307312
2039-07-16 12:00:00,21.700748443603516,25.490253448486328,26.931474685668945,28.25938833083546,25.189884185791016,23.57965660095215,26.735136387771014,25.74687385559082,12.494545936584473,26.388286590576172,26.51783561706543,26.485801696777344,26.055908203125,0.8566877841949463,27.628122329711914,28.373293990490104,27.346914291381836,-0.9800295233726501
2039-08-16 12:00:00,20.539831161499023,24.939050674438477,26.519821166992188,28.261309275692028,25.987634658813477,24.466035842895508,27.523430318776036,26.453365325927734,11.995969772338867,26.874910354614258,25.894744873046875,27.061750411987305,25.214189529418945,2.13958477973938,27.63553237915039,27.760986733975173,27.228408813476562,-0.5586045980453491
2039-09-16 00:00:00,20.086496353149414,24.36906623840332,26.200429916381836,28.26160229616767,26.424665451049805,25.244976043701172,27.981951585515212,27.035364151000977,12.299759864807129,27.264514923095703,25.90464973449707,27.643447875976562,25.179054260253906,2.5926637649536133,27.710594177246094,27.614369684749555,27.639223098754883,-0.41137969493865967
2039-10-16 12:00:00,21.1340274810791,23.92728614807129,26.187936782836914,28.25463069805482,25.874866485595703,25.123828887939453,27.95258059845252,27.208215713500977,13.499853134155273,27.616769790649414,26.542268753051758,27.845232009887695,25.336429595947266,1.9924829006195068,28.79639434814453,27.640669014506496,28.025997161865234,0.07475708425045013
2039-11-16 00:00:00,21.800382614135742,24.02133560180664,26.35567855834961,28.249285808584595,24.745594024658203,23.875667572021484,27.19518558539698,26.72934913635254,15.441615104675293,26.98147201538086,26.886844635009766,27.227209091186523,26.071735382080078,0.8234961032867432,28.75786590576172,27.719161605812165,28.346473693847656,0.23109830915927887
2039-12-16 12:00:00,22.67337417602539,24.46541404724121,26.2288818359375,28.242362096084484,23.68807601928711,22.757984161376953,26.397847946817684,25.779661178588867,17.199813842773438,26.057632446289062,27.048480987548828,26.42143440246582,26.44072914123535,0.009142562747001648,28.610374450683594,28.010455172260567,28.325328826904297,-0.1767604798078537
2040-01-16 12:00:00,24.53281593322754,25.0216121673584,26.397974014282227,28.239984112359366,22.600749969482422,21.52879524230957,25.782808838895306,24.485258102416992,19.434040069580078,25.169218063354492,27.545961380004883,25.403371810913086,27.144840240478516,-1.8417775630950928,28.755338668823242,29.023978621326467,28.15678596496582,-0.3489502966403961
2040-02-15 00:00:00,25.95865821838379,25.965206146240234,26.44195556640625,28.243651378378907,22.091835021972656,20.85736083984375,25.426105129966984,23.878135681152344,19.763612747192383,24.402555465698242,27.925743103027344,25.032787322998047,27.706769943237305,-3.2607967853546143,29.01272201538086,29.443109479251458,28.685029983520508,-0.4957547187805176
2040-03-16 12:00:00,26.36347770690918,26.88939666748047,26.830236434936523,28.247353903871957,21.867860794067383,20.76352310180664,25.462573236793197,23.586305618286133,19.417268753051758,24.48202133178711,28.142946243286133,24.98609733581543,27.685548782348633,-3.3170175552368164,29.30048179626465,29.836694679996796,28.96270751953125,0.06743783503770828
2040-04-16 00:00:00,25.625463485717773,27.340782165527344,27.500011444091797,28.247382794776314,22.32094383239746,21.205297470092773,25.679483124403514,23.995193481445312,17.624271392822266,24.723678588867188,28.154827117919922,25.183406829833984,28.203027725219727,-3.0118298530578613,29.669368743896484,30.00579878193227,29.1982421875,0.4248219430446625
2040-05-16 12:00:00,24.829545974731445,27.04800033569336,27.61121940612793,28.240645260289657,23.417945861816406,21.985248565673828,26.231803569036295,24.41213607788086,15.733305931091309,25.1195011138916,27.706037521362305,25.43074607849121,27.1475830078125,-2.024786949157715,29.072654724121094,29.994236269716872,28.619691848754883,-0.3193965256214142
2040-06-16 00:00:00,22.378061294555664,26.564058303833008,27.57102394104004,28.24699055610123,24.428131103515625,22.65522003173828,26.568228820830715,24.661287307739258,13.932775497436523,25.757265090942383,27.053104400634766,25.836942672729492,26.579660415649414,-0.5792609453201294,28.067476272583008,29.1791398371069,27.686246871948242,-1.1504319906234741
2040-07-16 12:00:00,21.761606216430664,25.47361183166504,26.93952751159668,28.266882886483764,25.269746780395508,23.86444854736328,27.387460085609344,25.91402244567871,12.044821739196777,26.37621307373047,26.474552154541016,26.753803253173828,26.109220504760742,0.7608163356781006,28.167545318603516,28.202639673920803,28.06098175048828,-1.3261728286743164
2040-08-16 12:00:00,20.539831161499023,25.491552352905273,26.527067184448242,28.264631015095976,26.101398468017578,25.20081901550293,28.15771846517491,26.849281311035156,12.044441223144531,27.171728134155273,26.154104232788086,27.199783325195312,25.041244506835938,1.8711878061294556,28.160459518432617,27.79510876375401,28.258752822875977,-0.887785792350769
2040-09-16 00:00:00,19.872684478759766,24.690994262695312,26.655813217163086,28.278060304528783,26.38613510131836,25.006441116333008,28.159704560536266,27.225669860839844,12.60429573059082,27.682226181030273,26.16400909423828,27.643447875976562,24.9725284576416,2.4943597316741943,28.330739974975586,27.716607548944125,28.065467834472656,0.2545100152492523
2040-10-16 12:00:00,20.808765411376953,24.283157348632812,27.171836853027344,28.27496995189481,26.13100814819336,25.08214569091797,28.155482707689078,27.42452049255371,13.542320251464844,27.759281158447266,26.458614349365234,27.845232009887695,25.452373504638672,2.279465675354004,28.545801162719727,27.809865731844198,27.890291213989258,-0.008326969109475613
2040-11-16 00:00:00,21.672199249267578,25.772939682006836,26.457355499267578,28.280861822008777,24.949214935302734,24.022371292114258,27.4261477176097,26.81299591064453,15.182718276977539,26.982830047607422,26.65880012512207,27.51307487487793,25.968612670898438,1.2152022123336792,28.792680740356445,28.060732811519575,28.236072540283203,0.6178087592124939
2040-12-16 12:00:00,22.44608497619629,24.473323822021484,27.72843360900879,28.295830106872685,23.798511505126953,22.600082397460938,26.522947667091312,25.977027893066406,17.542970657348633,26.281150817871094,27.044008255004883,26.338647842407227,26.4503231048584,-0.3135601580142975,28.604310989379883,29.072006717940265,28.45204734802246,-0.3250223994255066
2041-01-16 12:00:00,24.381553649902344,25.298704147338867,27.051355361938477,28.306739415776484,22.8301944732666,21.984554290771484,25.765214316041277,24.454086303710938,19.434040069580078,25.169218063354492,27.358842849731445,25.489757537841797,27.144840240478516,-1.906542420387268,28.46858024597168,29.194168013560773,28.177852630615234,-0.3290686309337616
2041-02-15 00:00:00,25.998699188232422,26.195554733276367,27.35396385192871,28.328667383529044,22.099523544311523,20.894428253173828,25.182418320636508,23.640512466430664,20.092235565185547,24.472387313842773,27.728744506835938,24.980113983154297,28.006471633911133,-2.7178874015808105,28.493410110473633,29.4754835448797,28.605260848999023,-0.5247899293899536
2041-03-16 12:00:00,25.98946189880371,27.196678161621094,27.31470489501953,28.342534224584764,21.867860794067383,20.811092376708984,25.065862872010822,23.619199752807617,19.894556045532227,24.30604362487793,28.142946243286133,24.910829544067383,27.685548782348633,-3.3311023712158203,29.30048179626465,29.827028977423243,29.14991569519043,-0.018275359645485878
2041-04-16 00:00:00,25.882408142089844,27.352840423583984,27.643274307250977,28.352030886273752,22.205698013305664,21.17746353149414,25.418308188581978,24.2066650390625,17.87447738647461,24.656230926513672,27.955150604248047,25.329500198364258,28.44843864440918,-2.889677047729492,29.21236801147461,30.37611720133533,29.1982421875,0.38479846715927124
2041-05-16 12:00:00,24.09811019897461,26.7760066986084,28.076444625854492,28.356954688647516,23.417945861816406,21.985248565673828,25.95831182768508,24.401948928833008,15.695747375488281,25.078845977783203,27.54237174987793,25.478748321533203,27.288978576660156,-2.0946948528289795,29.072654724121094,30.28460262853943,28.985231399536133,0.08345960825681686
2041-06-16 00:00:00,22.85548210144043,25.978273391723633,27.14446258544922,28.381537059215024,24.276611328125,22.79664421081543,26.369537858819225,24.652999877929688,13.932775497436523,25.77342987060547,26.829307556152344,25.73368263244629,26.417757034301758,-0.5489994287490845,28.346240997314453,30.0142539836134,27.941476821899414,-0.9630768299102783
2041-07-16 12:00:00,21.761106491088867,25.460437774658203,27.39265251159668,28.415248568017926,25.189884185791016,23.389986038208008,26.948665869650643,25.904258728027344,12.355385780334473,26.296611785888672,26.135801315307617,26.734167098999023,25.653825759887695,0.766460120677948,27.6928768157959,29.490597454622552,27.645034790039062,-1.2368839979171753
2041-08-16 12:00:00,20.45574188232422,25.05678939819336,27.50794219970703,28.437601980753666,25.987634658813477,24.522823333740234,28.14781889009328,26.849281311035156,11.875083923339844,27.171728134155273,25.82622718811035,27.199783325195312,24.999961853027344,1.944987177848816,27.504987716674805,29.010563274195537,27.300334930419922,-1.0673556327819824
2041-09-16 00:00:00,20.595233917236328,24.912342071533203,27.315330505371094,28.456955371630457,26.320140838623047,24.950315475463867,28.158903842678,27.225669860839844,12.482813835144043,27.682226181030273,25.937246322631836,27.643447875976562,24.91581916809082,2.5699703693389893,27.758386611938477,29.178918737782308,27.524688720703125,-0.5610113739967346
2041-10-16 12:00:00,20.744781494140625,25.049514770507812,27.400287628173828,28.473135031699478,25.959882736206055,24.79442024230957,28.15583640521339,27.42452049255371,13.778303146362305,27.759281158447266,26.128406524658203,27.845232009887695,25.230236053466797,2.3314597606658936,27.978689193725586,29.415894618490295,27.80251693725586,-0.29602697491645813
2041-11-16 00:00:00,21.82461166381836,25.35498809814453,27.508089065551758,28.47717372684666,24.833171844482422,24.146900177001953,27.248048322519104,27.045860290527344,16.168132781982422,27.018301010131836,26.603206634521484,27.424488067626953,25.76102638244629,1.604170799255371,28.228483200073242,29.63034449684157,28.29746437072754,-0.2833912968635559
2041-12-16 12:00:00,22.833738327026367,25.426774978637695,27.3316707611084,28.474284025789274,23.674440383911133,22.76133918762207,26.35547127123037,25.860855102539062,18.440629959106445,25.975418090820312,27.270483016967773,26.411418914794922,26.274328231811523,0.009160146117210388,28.173877716064453,29.43014908373637,28.405492782592773,-0.4908269941806793
2042-01-16 12:00:00,24.642614364624023,25.259979248046875,26.616151809692383,28.47397933777308,22.53905487060547,21.587909698486328,25.23226801583914,24.31620216369629,19.90196990966797,24.866535186767578,27.49982261657715,25.316162109375,26.880573272705078,-1.7408069372177124,28.029741287231445,29.323357243636277,28.442340850830078,-0.7324418425559998
2042-02-15 00:00:00,25.79804039001465,25.862472534179688,26.79548454284668,28.45465799006908,21.82888412475586,20.95861053466797,24.824373471260397,23.365211486816406,20.4494686126709,24.188962936401367,27.955636978149414,24.37186622619629,27.186800003051758,-2.744030237197876,28.310768127441406,29.414925864333235,28.333681106567383,-0.6490798592567444
2042-03-16 12:00:00,26.36347770690918,26.703792572021484,26.57626724243164,28.438956936278878,21.70657730102539,21.015174865722656,24.87756037778104,23.60011863708496,19.894556045532227,24.18832015991211,28.083696365356445,24.673166275024414,27.62227439880371,-3.630075454711914,28.836143493652344,29.542291413461754,29.386850357055664,-0.2628534138202667
2042-04-16 00:00:00,25.625463485717773,27.261995315551758,27.317584991455078,28.421941372272734,22.096330642700195,20.96393394470215,25.032537080199862,24.06693458557129,18.266494750976562,24.476917266845703,28.32440948486328,24.95497703552246,27.775936126708984,-2.9739694595336914,29.698345184326172,29.99959848776757,29.662220001220703,0.07837929576635361
2042-05-16 12:00:00,24.200950622558594,27.035690307617188,27.76483917236328,28.41022752562494,23.012205123901367,21.940078735351562,25.273869992713287,24.367412567138672,16.286884307861328,24.86185073852539,27.799957275390625,25.367637634277344,27.018150329589844,-2.0530002117156982,29.343482971191406,30.574325394739663,28.931154251098633,-0.5514663457870483
2042-06-16 00:00:00,23.24834632873535,26.2921199798584,27.215377807617188,28.40238053735919,24.18422508239746,23.02675437927246,25.92886010033373,24.709819793701172,14.023173332214355,25.662395477294922,26.832168579101562,25.681514739990234,26.278905868530273,-0.6620756387710571,28.11846351623535,30.610472634241024,27.71152687072754,-0.9340137243270874
2042-07-16 12:00:00,21.629796981811523,25.550519943237305,27.10516929626465,28.405680204732363,25.02375030517578,24.003143310546875,26.638021222349572,25.7357234954834,12.517391204833984,26.202241897583008,26.181106567382812,26.647138595581055,25.599689483642578,0.9413184523582458,27.108020782470703,30.001175546653936,26.942413330078125,-1.4648504257202148
2042-08-16 12:00:00,20.948650360107422,25.030548095703125,26.726327896118164,28.414705717934716,25.891828536987305,24.57170867919922,27.96822669213439,26.5389461517334,12.522659301757812,26.909513473510742,25.76270866394043,27.130701065063477,24.892623901367188,1.9496551752090454,26.996713638305664,29.582632508128338,26.792577743530273,-1.1808853149414062
2042-09-16 00:00:00,20.556869506835938,24.91069221496582,26.820465087890625,28.416579509477838,26.32187271118164,25.139665603637695,28.153325097309537,27.225669860839844,12.953143119812012,27.219078063964844,25.79286766052246,27.643447875976562,24.760456085205078,2.448481798171997,27.53969383239746,29.533654810157376,27.46681022644043,-0.5396711230278015
2042-10-16 12:00:00,21.028438568115234,24.894874572753906,26.406274795532227,28.416568624833875,25.873546600341797,25.14706802368164,28.147379995885846,27.42452049255371,14.260290145874023,27.759281158447266,26.194473266601562,27.845232009887695,24.946969985961914,2.4041967391967773,28.122051239013672,29.541683031932248,27.78849983215332,-0.3862963914871216
2042-11-16 00:00:00,21.41343879699707,24.576446533203125,26.861928939819336,28.414479944797353,24.883543014526367,24.30908203125,27.07018783055996,26.767908096313477,16.229080200195312,27.06452751159668,26.653888702392578,27.15947723388672,25.7537784576416,1.2547677755355835,28.276676177978516,29.541768950214376,28.105464935302734,-0.39892494678497314
2042-12-16 12:00:00,22.55256462097168,24.757076263427734,26.111042022705078,28.40899530163964,23.46335792541504,22.604610443115234,26.092920156400492,25.384418487548828,18.856979370117188,25.711200714111328,27.096982955932617,26.195798873901367,26.350589752197266,-0.2533327043056488,28.206687927246094,29.42026643780324,28.339946746826172,-0.37342512607574463
2043-01-16 12:00:00,24.60886001586914,25.36703872680664,26.54129409790039,28.402298740995754,22.467653274536133,21.575233459472656,24.919283308515315,24.0733642578125,19.90196990966797,24.74189567565918,27.655736923217773,24.916902542114258,26.613018035888672,-1.8417775630950928,27.894678115844727,29.365623772900904,28.299631118774414,-0.699438750743866
2043-02-15 00:00:00,25.95865821838379,25.976743698120117,26.449350357055664,28.397673878785742,21.860109329223633,20.949539184570312,24.23342384545116,23.34420394897461,20.4494686126709,24.259796142578125,27.772361755371094,24.416311264038086,27.306867599487305,-2.8935294151306152,28.087512969970703,29.027881195245477,28.484142303466797,-0.4330155849456787
2043-03-16 12:00:00,26.36347770690918,27.477445602416992,27.221166610717773,28.377036660528887,22.007896423339844,20.792285919189453,24.44943768758005,23.236774444580078,19.894556045532227,24.110933303833008,27.930986404418945,24.751996994018555,28.08414649963379,-3.338569164276123,28.879547119140625,29.252645569776952,29.030324935913086,-0.11952472478151321
2043-04-16 00:00:00,25.59516716003418,27.277294158935547,27.992427825927734,28.354002415111037,22.11545181274414,21.15951156616211,24.828135324138586,23.474367141723633,18.3299560546875,24.404706954956055,28.154827117919922,24.57581901550293,28.203027725219727,-2.9909188747406006,29.70669937133789,30.01109186155395,29.54313850402832,0.21563953161239624
2043-05-16 12:00:00,24.908815383911133,27.001773834228516,27.948246002197266,28.335578936469698,23.012205123901367,21.929174423217773,25.233756010897366,24.1783447265625,16.703815460205078,24.79379653930664,27.545944213867188,25.19392967224121,27.2935733795166,-2.0951457023620605,29.08490562438965,30.336234325258285,28.947582244873047,-0.17646613717079163
2043-06-16 00:00:00,22.849071502685547,26.755311965942383,27.750621795654297,28.32001065242022,24.13512420654297,23.04044532775879,25.676041727441756,24.706857681274414,14.366413116455078,25.75143051147461,27.193307876586914,25.871448516845703,26.59272003173828,-0.5648133754730225,28.08819007873535,30.093049959324738,28.096811294555664,-1.0836222171783447
2043-07-16 12:00:00,21.929866790771484,26.180906295776367,27.22121810913086,28.320565107892165,25.120960235595703,23.731027603149414,26.361069175661132,25.654279708862305,12.558836936950684,26.23651695251465,26.454792022705078,26.4390811920166,25.716318130493164,0.7924243807792664,27.589542388916016,29.83433867591146,27.37215232849121,-1.416431188583374
2043-08-16 12:00:00,20.35240936279297,25.303922653198242,26.76090431213379,28.325003990887108,25.987634658813477,24.347360610961914,27.248682556467983,26.453365325927734,12.044441223144531,26.900541305541992,26.159250259399414,27.130701065063477,24.989154815673828,1.9809106588363647,27.339336395263672,29.62059139640275,27.264738082885742,-1.1304506063461304
2043-09-16 00:00:00,19.997699737548828,25.37110710144043,26.72951316833496,28.324919464519656,26.38613510131836,25.203449249267578,28.00873130273647,26.94925308227539,12.482813835144043,27.539714813232422,26.16915512084961,27.643447875976562,24.95142364501953,2.7159361839294434,27.732234954833984,29.82688492031426,27.533552169799805,-0.5089302062988281
2043-10-16 12:00:00,20.520193099975586,25.263160705566406,26.474651336669922,28.32105447585664,26.405916213989258,24.79442024230957,27.689779846519567,27.270830154418945,14.160820960998535,27.374324798583984,26.458614349365234,27.902780532836914,25.231748580932617,2.3140623569488525,28.13837432861328,29.97281579654211,28.036998748779297,-0.23164770007133484
2043-11-16 00:00:00,22.20601463317871,25.385330200195312,26.767934799194336,28.31707132498989,25.050676345825195,24.042598724365234,27.00621352254088,26.767908096313477,15.158123016357422,26.777873992919922,26.750930786132812,27.209135055541992,25.708154678344727,1.2389724254608154,28.418664932250977,29.607215456287985,28.124086380004883,-0.28245213627815247
2043-12-16 12:00:00,22.351661682128906,25.67495346069336,26.35790252685547,28.31538800123239,23.674440383911133,22.65391731262207,26.21358322072961,25.61138343811035,18.209514617919922,25.82065200805664,26.98702049255371,26.29458236694336,26.162145614624023,-0.3245011866092682,28.31599235534668,29.55191298440032,28.253679275512695,-0.38718459010124207
2044-01-16 12:00:00,24.33464813232422,25.26870346069336,27.17316246032715,28.31768765229936,22.555011749267578,21.587909698486328,25.030640115443575,24.034400939941406,19.38865852355957,24.57809066772461,27.358842849731445,25.087085723876953,26.871694564819336,-1.7795813083648682,28.075382232666016,29.26472473337708,28.672351837158203,-0.6893846392631531
2044-02-15 00:00:00,25.95865821838379,26.361417770385742,27.3524112701416,28.30710108679391,21.82888412475586,21.01852798461914,24.295833159523546,23.287935256958008,19.843294143676758,24.259796142578125,27.925743103027344,24.599990844726562,28.095048904418945,-2.6987099647521973,28.437000274658203,29.178896472927686,28.65271759033203,-0.45699551701545715
2044-03-16 12:00:00,26.36347770690918,26.92335319519043,26.891965866088867,28.28832166524779,21.9283447265625,20.88563346862793,24.20257063714288,23.261474609375,19.894556045532227,24.111251831054688,28.142946243286133,24.137447357177734,27.685548782348633,-2.8492276668548584,28.91731834411621,29.53177764320083,29.119108200073242,0.2136601060628891
2044-04-16 00:00:00,25.625463485717773,27.307851791381836,27.482995986938477,28.266206074179042,21.993680953979492,21.15951156616211,24.520759379485867,23.600727081298828,18.221925735473633,24.79024314880371,28.154827117919922,24.86119842529297,27.6716251373291,-2.8268392086029053,29.21236801147461,30.236384753660616,29.1982421875,0.37929514050483704
2044-05-16 12:00:00,24.200950622558594,27.052959442138672,27.61121940612793,28.252219603273385,22.86300277709961,21.918628692626953,25.171881797385588,24.025390625,16.07236099243164,25.18869972229004,27.5098819732666,25.01938819885254,27.304773330688477,-2.1967825889587402,29.072654724121094,30.21527618576846,28.619691848754883,0.023379603400826454
2044-06-16 00:00:00,22.904354095458984,26.516881942749023,27.57102394104004,28.244623839620527,24.096479415893555,23.052467346191406,25.76360706770433,24.808238983154297,14.094722747802734,25.76027488708496,27.030256271362305,25.683517456054688,26.417757034301758,-0.5174791216850281,28.26776885986328,29.989087425409696,27.991336822509766,-0.8831992745399475
2044-07-16 12:00:00,23.383800506591797,25.483232498168945,26.931474685668945,28.251617200630484,24.792476654052734,23.95963478088379,26.24796006909957,25.567325592041016,12.581536293029785,26.215858459472656,26.46559715270996,26.315353393554688,25.64980697631836,0.950348973274231,27.831003189086914,28.75467480307226,27.86920166015625,-0.8452625274658203
2044-08-16 12:00:00,20.378799438476562,24.86971092224121,26.519821166992188,28.2554570109504,25.97245216369629,24.64183235168457,27.0687858237802,26.459383010864258,12.41299057006836,26.857135772705078,26.154104232788086,26.88786506652832,25.041244506835938,2.13958477973938,27.662174224853516,27.820764947236853,27.6568546295166,-0.8084147572517395
2044-09-16 00:00:00,20.086496353149414,24.431432723999023,26.20848274230957,28.247343242500463,26.2652530670166,25.31553840637207,27.847375407971484,27.029449462890625,12.273303031921387,27.219078063964844,26.158166885375977,27.70099639892578,25.23443603515625,2.581761360168457,28.23100471496582,27.64682289798145,27.93217658996582,-0.08093231171369553
2044-10-16 12:00:00,21.1340274810791,23.97617530822754,26.19598960876465,28.24352763982462,26.026914596557617,24.75033187866211,27.692824672620105,27.353755950927734,13.778303146362305,27.374324798583984,26.46742820739746,27.635704040527344,25.4487247467041,2.495298147201538,28.545801162719727,27.64784179461737,27.847742080688477,-0.45831742882728577
2044-11-16 00:00:00,22.01622772216797,24.051599502563477,26.35567855834961,28.231728016596705,24.889249801635742,23.776437759399414,26.875587237490233,26.479875564575195,16.168132781982422,26.8905086517334,26.9128360748291,27.079038619995117,25.96523666381836,0.7691488862037659,28.792680740356445,27.820514903512922,28.236072540283203,0.23109830915927887
2044-12-16 12:00:00,22.21539306640625,24.491596221923828,26.2288818359375,28.23426505659204,23.68807601928711,22.73701286315918,26.152329288661335,25.40996742248535,18.856979370117188,25.82065200805664,27.010129928588867,25.98807144165039,26.505891799926758,-0.8035359978675842,28.671098709106445,28.221565914133315,28.153228759765625,-0.1767604798078537
2045-01-16 12:00:00,24.53281593322754,25.0216121673584,26.397974014282227,28.245151283072488,22.600749969482422,21.59953498840332,25.393298340756186,24.31620216369629,19.495014190673828,24.892242431640625,27.545961380004883,25.17656707763672,26.71892738342285,-1.4749497175216675,28.75006103515625,29.130570851698103,28.15678596496582,-0.382894366979599
2045-02-15 00:00:00,25.95865821838379,25.965206146240234,26.44195556640625,28.248440653083385,21.957876205444336,21.01324462890625,24.821970604510355,23.34420394897461,20.4494686126709,24.318462371826172,27.925743103027344,24.500375747680664,27.706769943237305,-1.9063498973846436,29.102998733520508,30.0023894710155,28.47130584716797,-0.1971532553434372
2045-03-16 12:00:00,26.36347770690918,26.88939666748047,26.830236434936523,28.249572317534856,21.861602783203125,20.80555534362793,25.020315284735247,23.339889526367188,19.21622657775879,24.18832015991211,28.142946243286133,24.201766967773438,27.685548782348633,-2.3501181602478027,29.295183181762695,30.639818164925423,28.857839584350586,0.006719743832945824
2045-04-16 00:00:00,25.59516716003418,27.340782165527344,27.500011444091797,28.24717489702197,22.241458892822266,21.179914474487305,25.468449277708732,23.79186248779297,18.302215576171875,24.60230255126953,28.154827117919922,25.130733489990234,28.203027725219727,-1.9766119718551636,29.21236801147461,31.240916284931956,29.1982421875,0.28399088978767395
2045-05-16 12:00:00,24.737041473388672,27.04800033569336,27.61121940612793,28.240940135003743,23.031494140625,21.881521224975586,26.035122939982738,24.4888916015625,16.703815460205078,25.123228073120117,27.706037521362305,25.3521728515625,27.339658737182617,-2.1005859375,29.072654724121094,30.035418999979218,28.619691848754883,-0.3193965256214142
2045-06-16 00:00:00,23.01723861694336,26.564058303833008,27.57102394104004,28.243422505521583,24.481592178344727,22.703214645385742,26.56066302005845,24.730798721313477,14.04680061340332,25.758930206298828,27.30010414123535,25.8408203125,26.726736068725586,-0.5648133754730225,28.067476272583008,28.85819486244401,27.686246871948242,-0.91123366355896
2045-07-16 12:00:00,22.882549285888672,25.490253448486328,26.92251205444336,28.252972607018798,25.323442459106445,23.383970260620117,27.246616234225367,25.938098907470703,12.558836936950684,26.275041580200195,26.65509796142578,26.546688079833984,26.055908203125,0.7924243807792664,28.34772491455078,27.838718436764648,28.17647933959961,-1.6368368864059448
2045-08-16 12:00:00,20.424945831298828,24.656091690063477,26.952205657958984,28.277490935851823,26.142412185668945,24.28486442565918,28.122156545642962,26.58435821533203,12.272722244262695,27.171728134155273,26.14826202392578,27.199783325195312,25.191593170166016,1.9809106588363647,28.295530319213867,27.64870038866544,28.023836135864258,-0.9912407994270325
2045-09-16 00:00:00,20.056814193725586,24.717660903930664,26.671674728393555,28.293146451562713,26.38613510131836,24.970882415771484,28.15859825453765,27.225669860839844,12.618070602416992,27.682226181030273,26.178958892822266,27.643447875976562,24.98459815979004,2.469782829284668,28.35279655456543,27.529992744097964,28.394329071044922,-1.0404796600341797
2045-10-16 12:00:00,20.682661056518555,24.909364700317383,26.610275268554688,28.305598249698146,25.93874740600586,25.18111801147461,28.10811229116529,27.159597396850586,13.530275344848633,27.616769790649414,26.517465591430664,27.845232009887695,25.382097244262695,2.33662486076355,28.545801162719727,27.714568435755407,27.847742080688477,0.07475708425045013
2045-11-16 00:00:00,21.818347930908203,24.88264274597168,27.34354591369629,28.297342434728066,24.84764862060547,23.967361450195312,27.14993870552515,26.746503829956055,15.585140228271484,26.826509475708008,26.785751342773438,27.15947723388672,26.02192497253418,1.1133605241775513,28.792680740356445,27.95422538707916,28.236072540283203,-0.022570965811610222
2045-12-16 12:00:00,22.452329635620117,25.933998107910156,26.35790252685547,28.317650123225704,23.637407302856445,22.657146453857422,26.26289029276384,25.4451847076416,18.300952911376953,25.82065200805664,26.995264053344727,26.210092544555664,26.379331588745117,-0.13131742179393768,28.671098709106445,29.00724972035568,28.39386558532715,-0.22837157547473907
2046-01-16 12:00:00,24.381553649902344,25.574565887451172,27.00120735168457,28.342216899504322,22.727005004882812,21.587909698486328,25.39228833695841,24.062822341918945,19.465547561645508,25.010028839111328,27.343374252319336,25.087085723876953,27.00795555114746,-1.7034080028533936,28.60053825378418,29.540340404729243,28.34210777282715,-0.5551674962043762
2046-02-15 00:00:00,25.7270450592041,26.506969451904297,26.994810104370117,28.342512220741842,22.082937240600586,20.955034255981445,24.90037425532126,23.39948844909668,20.092235565185547,24.188962936401367,27.728744506835938,24.4093017578125,27.706769943237305,-2.4489314556121826,28.439956665039062,29.414814696143246,29.08770179748535,-0.7163274884223938
2046-03-16 12:00:00,26.36347770690918,26.782419204711914,27.509784698486328,28.335930552469563,21.80889892578125,20.850862503051758,24.824462071988897,23.323688507080078,19.894556045532227,24.163528442382812,28.142946243286133,24.33144760131836,27.685548782348633,-2.3501181602478027,29.175020217895508,29.543772414138903,29.021495819091797,-0.12339390814304352
2046-04-16 00:00:00,25.804611206054688,27.47530746459961,27.950136184692383,28.332452506667995,22.049531936645508,21.080341339111328,24.9191811917501,23.577829360961914,18.34613609313965,24.456024169921875,28.154827117919922,24.719436645507812,28.203027725219727,-2.572495460510254,29.21236801147461,30.145580756250776,29.1982421875,0.37929514050483704
2046-05-16 12:00:00,24.298791885375977,27.630298614501953,27.743762969970703,28.323592683121564,22.909120559692383,21.918628692626953,25.21799609399866,23.90120506286621,16.36709213256836,24.79379653930664,27.545944213867188,24.99309539794922,27.2724609375,-2.0457301139831543,29.072654724121094,30.841285206727694,28.619691848754883,0.13027682900428772
2046-06-16 00:00:00,23.14946937561035,26.203371047973633,27.304229736328125,28.328933988722362,24.192596435546875,23.052467346191406,25.760443990734483,24.70863151550293,13.967585563659668,25.806398391723633,26.96697235107422,25.67841911315918,26.713802337646484,-1.1842284202575684,28.379011154174805,30.84161191099796,27.859310150146484,-0.9407186508178711
2046-07-16 12:00:00,21.629796981811523,25.555084228515625,27.08696746826172,28.348127078453064,25.206377029418945,23.526384353637695,26.582728784348244,25.74687385559082,12.558836936950684,26.21058464050293,26.36050796508789,26.647138595581055,25.641958236694336,0.7924243807792664,27.645002365112305,30.044790426349252,27.50478172302246,-1.161124348640442
2046-08-16 12:00:00,20.4704532623291,24.763505935668945,26.726327896118164,28.37284458537716,25.78579330444336,24.347360610961914,27.83640987548088,26.876708984375,12.276220321655273,26.8347110748291,26.121898651123047,27.199783325195312,25.2768611907959,1.9583479166030884,27.549392700195312,29.54595953655064,27.146738052368164,-1.2303078174591064
2046-09-16 00:00:00,20.578927993774414,24.75983238220215,26.774961471557617,28.399215209211743,26.38613510131836,25.148338317871094,28.153825382034633,27.225669860839844,12.258092880249023,27.682226181030273,25.869964599609375,27.643447875976562,24.97005844116211,2.548985242843628,27.78598976135254,29.378199676240076,27.633377075195312,-0.5316851735115051
2046-10-16 12:00:00,22.626386642456055,24.63484764099121,26.71232795715332,28.40897066494532,26.250478744506836,24.9688777923584,27.99305623752256,27.51869773864746,14.320436477661133,27.616769790649414,26.179147720336914,27.845232009887695,25.209556579589844,2.2867472171783447,28.13837432861328,29.47696296158152,27.9386043548584,-0.17534711956977844
2046-11-16 00:00:00,21.354324340820312,25.118629455566406,26.837839126586914,28.407738252345396,24.889249801635742,23.787343978881836,27.081835446814367,26.746503829956055,16.23378562927246,26.99491310119629,26.701845169067383,27.15947723388672,25.685476303100586,1.2389724254608154,28.418664932250977,29.903536485121577,28.060976028442383,-0.1938292533159256
2046-12-16 12:00:00,22.70543098449707,24.932449340820312,26.16259765625,28.414000337003394,23.637407302856445,22.636173248291016,26.20185119103468,25.395063400268555,18.797142028808594,25.82065200805664,27.13103675842285,26.133670806884766,26.46900749206543,-0.28591933846473694,28.163454055786133,29.5381778603062,28.405492782592773,-0.48554831743240356
2047-01-16 12:00:00,24.60886001586914,25.522918701171875,26.007944107055664,28.40822765869454,22.794462203979492,21.62030029296875,25.02436971901881,24.034400939941406,19.90196990966797,24.921083450317383,27.442705154418945,24.916902542114258,27.027841567993164,-2.057213306427002,27.887296676635742,29.1183307068346,28.289684295654297,-0.7324418425559998
2047-02-15 00:00:00,25.95865821838379,26.020048141479492,26.444978713989258,28.390656054196405,21.967239379882812,20.891193389892578,24.293893545881033,23.43253517150879,20.4494686126709,24.530427932739258,27.99457550048828,24.48322868347168,27.706769943237305,-2.3606650829315186,28.37494659423828,28.96284066128578,28.965408325195312,-0.5908359289169312
2047-03-16 12:00:00,26.36347770690918,26.999874114990234,27.18622398376465,28.368855428401243,21.862592697143555,20.80555534362793,24.41630340474993,23.323688507080078,19.894556045532227,24.110933303833008,27.930986404418945,24.33144760131836,27.685548782348633,-2.8492276668548584,29.20453453063965,29.41921989771914,29.007431030273438,0.07839332520961761
2047-04-16 00:00:00,25.59516716003418,27.474933624267578,27.56266975402832,28.349510608293844,22.049531936645508,21.350278854370117,24.89835509634014,23.50432777404785,17.928543090820312,24.456024169921875,28.154827117919922,24.515628814697266,28.203027725219727,-2.8268392086029053,29.21236801147461,30.187205464797497,29.1982421875,0.2859603762626648
2047-05-16 12:00:00,24.908815383911133,27.065340042114258,27.743762969970703,28.33527919123023,22.96718406677246,21.72861099243164,25.267002354918706,24.343835830688477,16.703815460205078,24.877727508544922,27.545944213867188,25.204872131347656,27.2680606842041,-2.1005859375,29.072654724121094,30.72943174803601,28.987590789794922,0.13027682900428772
2047-06-16 00:00:00,23.035629272460938,26.205934524536133,27.78217124938965,28.32940486220543,24.192596435546875,22.99834632873535,25.887209263243758,24.71982765197754,14.309812545776367,25.662395477294922,27.043859481811523,25.68880844116211,26.474573135375977,-0.636827290058136,28.383808135986328,30.681837133074662,28.290098190307617,-0.7210734486579895
2047-07-16 12:00:00,22.07463836669922,26.28653335571289,27.16525650024414,28.339863045963675,25.065628051757812,23.551647186279297,26.63633732377799,25.99346351623535,13.451581001281738,26.177133560180664,26.52033042907715,26.553850173950195,25.709226608276367,0.7989293336868286,27.61590003967285,30.03822669348069,27.37247085571289,-1.2709487676620483
2047-08-16 12:00:00,21.426334381103516,25.044715881347656,26.524089813232422,28.351472596632757,25.745685577392578,24.31869125366211,27.83199654473136,26.876708984375,12.466879844665527,26.939416885375977,25.897415161132812,27.199783325195312,25.089082717895508,1.9077999591827393,27.549392700195312,30.00189826430981,27.44753074645996,-1.156773567199707
2047-09-16 00:00:00,20.628082275390625,24.891368865966797,26.89753532409668,28.35679032850412,26.424665451049805,25.18453025817871,28.156963652670065,27.225669860839844,13.112053871154785,27.682226181030273,25.907320022583008,27.643447875976562,24.938631057739258,2.4713172912597656,27.76580238342285,29.999514566327328,27.502674102783203,-0.5396711230278015
2047-10-16 12:00:00,20.448148727416992,25.12957000732422,26.656015396118164,28.352050474978714,26.405916213989258,24.987796783447266,28.009967246896185,27.51869773864746,14.453585624694824,27.759281158447266,26.3632869720459,27.845232009887695,25.231748580932617,2.2867472171783447,28.13837432861328,29.98464765481389,28.036998748779297,-0.28176918625831604
2047-11-16 00:00:00,21.77408218383789,25.096830368041992,26.059894561767578,28.35514080496736,24.82183837890625,24.048707962036133,27.24849852299046,26.734193801879883,16.185670852661133,27.01946449279785,26.80895233154297,27.209135055541992,25.708154678344727,1.2389724254608154,28.518150329589844,30.00539179917848,28.368314743041992,-0.2642388641834259
2047-12-16 12:00:00,22.658945083618164,25.63695526123047,26.080007553100586,28.35999632485376,23.755651473999023,22.737274169921875,26.44082355194183,25.781822204589844,18.598060607910156,26.057632446289062,27.050729751586914,26.25743865966797,26.231355667114258,-0.2533327043056488,28.381895065307617,29.92735428521936,28.373876571655273,-0.4845975935459137
2048-01-16 12:00:00,24.575448989868164,27.13002586364746,27.417625427246094,28.359774477872133,22.835201263427734,21.580137252807617,25.590400360227367,24.430604934692383,19.90196990966797,24.849943161010742,27.377107620239258,25.33142852783203,26.683650970458984,-1.8670783042907715,27.950632095336914,29.436564371678394,28.52252197265625,-0.678513765335083
2048-02-15 00:00:00,25.95865821838379,26.251802444458008,26.994810104370117,28.348339442022173,21.833072662353516,20.986387252807617,24.867526093249644,23.393198013305664,20.4494686126709,24.188962936401367,27.728744506835938,24.558391571044922,27.36111068725586,-2.835825204849243,28.224689483642578,29.17086265704367,28.75792694091797,-0.4582820236682892
2048-03-16 12:00:00,26.36347770690918,27.14109230041504,27.455419540405273,28.331139619688486,21.83409881591797,20.850862503051758,24.534687505425424,23.339889526367188,19.894556045532227,24.125118255615234,28.142946243286133,24.22385597229004,27.685548782348633,-2.973259449005127,28.81113052368164,29.539844393610252,29.08336639404297,-0.24859718978405
2048-04-16 00:00:00,25.59516716003418,27.326627731323242,27.825469970703125,28.311286044649044,22.07231903076172,20.96393394470215,24.858330351432326,23.52007293701172,18.79874038696289,24.404706954956055,28.154827117919922,24.72364616394043,28.203027725219727,-2.572495460510254,29.21236801147461,30.62395168385583,29.33224105834961,0.21563953161239624
2048-05-16 12:00:00,24.200950622558594,27.000823974609375,27.673419952392578,28.295063691382694,23.419614791870117,21.71304702758789,25.238278955967022,23.9408016204834,16.911212921142578,24.942363739013672,27.553253173828125,25.01938819885254,27.1475830078125,-2.1723315715789795,29.072654724121094,30.921426541016178,28.985231399536133,0.14260779321193695
2048-06-16 00:00:00,22.80072021484375,26.517831802368164,27.66037368774414,28.285505997934504,24.246660232543945,23.052467346191406,25.67998746790616,24.762418746948242,14.682743072509766,25.806398391723633,27.033464431762695,25.683517456054688,26.752614974975586,-1.2350294589996338,28.218046188354492,29.994067587325702,27.859310150146484,-0.6418946385383606
2048-07-16 12:00:00,21.813278198242188,25.32837677001953,27.22041130065918,28.28477656209625,25.14634895324707,23.389986038208008,26.456184140748302,25.654279708862305,13.552190780639648,26.42835807800293,26.468360900878906,26.41742515563965,25.66420555114746,0.7776721119880676,27.91740608215332,29.538604517906077,27.89694595336914,-1.023976445198059
2048-08-16 12:00:00,20.807941436767578,25.1660213470459,26.650959014892578,28.286032262430297,26.220867156982422,24.68962860107422,27.696536313034393,26.541645050048828,12.41299057006836,26.8347110748291,26.298765182495117,27.250547409057617,25.018171310424805,1.9532099962234497,27.547643661499023,29.541841440625983,27.389360427856445,-1.0150154829025269
2048-09-16 00:00:00,20.056814193725586,24.44866180419922,26.584007263183594,28.291741576240614,26.38613510131836,25.747819900512695,28.121721595702592,27.225669860839844,12.71145248413086,27.682226181030273,26.330978393554688,27.643447875976562,24.961721420288086,2.525458335876465,27.923282623291016,29.59020886392705,28.228153228759766,-0.5418091416358948
2048-10-16 12:00:00,20.682661056518555,24.283157348632812,26.814125061035156,28.28880437671946,26.13100814819336,24.996126174926758,28.0087224117276,27.159597396850586,14.422526359558105,27.759281158447266,26.473106384277344,27.845232009887695,25.382097244262695,2.3140623569488525,28.34725570678711,29.928043307556305,28.056867599487305,-0.29980942606925964
2048-11-16 00:00:00,21.818347930908203,24.50226402282715,27.942790985107422,28.283081682601154,24.860151290893555,23.65874671936035,27.282735516082035,27.07394027709961,16.252357482910156,27.0170841217041,26.9128360748291,27.51307487487793,25.961023330688477,1.1133605241775513,28.730791091918945,29.83590448812934,28.157957077026367,0.014664053916931152
2048-12-16 12:00:00,22.420255661010742,26.550395965576172,27.6729793548584,28.290929407656765,23.679445266723633,22.737274169921875,26.3804900127501,25.95246696472168,18.598060607910156,26.057632446289062,27.15331268310547,26.36640167236328,26.386585235595703,-0.34068921208381653,28.31599235534668,29.58114833546714,28.253679275512695,-0.5340580940246582
2049-01-16 12:00:00,24.013914108276367,24.927221298217773,27.71192169189453,28.28923478641832,22.600749969482422,21.580322265625,25.51694988022352,24.451570510864258,18.65517807006836,24.946170806884766,27.358842849731445,25.34581184387207,26.85108184814453,-1.8417775630950928,28.228191375732422,29.285386431648394,28.139387130737305,-0.6320778131484985
2049-02-15 00:00:00,26.05023956298828,25.848190307617188,25.8885440826416,28.28358495140385,22.136859893798828,21.153629302978516,25.048989576123567,23.309200286865234,20.4494686126709,24.11750602722168,27.925743103027344,24.635337829589844,27.339595794677734,-2.542581081390381,28.37122344970703,29.234894360033255,28.57917022705078,-0.45699551701545715
2049-03-16 12:00:00,26.14141845703125,26.88939666748047,26.82218360900879,28.266720722278006,22.082658767700195,20.821996688842773,25.1715927752598,23.222036361694336,19.894556045532227,24.35002326965332,28.142946243286133,24.752553939819336,27.685548782348633,-3.5925796031951904,29.296165466308594,29.4619659180644,29.119108200073242,0.1721932590007782
2049-04-16 00:00:00,26.242460250854492,27.340782165527344,27.500011444091797,28.253651524346935,22.18321418762207,21.17746353149414,25.386512807437157,23.849027633666992,17.993913650512695,24.656230926513672,28.154827117919922,25.108139038085938,27.6716251373291,-3.4204657077789307,29.21236801147461,30.28013931336148,29.1982421875,0.4039381444454193
2049-05-16 12:00:00,24.199087142944336,27.04800033569336,27.61121940612793,28.243592132808285,23.417945861816406,21.85968017578125,25.769922992354136,24.405179977416992,15.747597694396973,25.123228073120117,27.706037521362305,25.516103744506836,27.304773330688477,-1.900713562965393,29.072654724121094,30.122119308121032,28.619691848754883,0.023379603400826454
2049-06-16 00:00:00,22.963581085205078,26.564058303833008,27.57102394104004,28.244612137997375,24.2772159576416,22.975391387939453,26.245963255233658,24.737579345703125,13.673910140991211,25.746747970581055,27.053104400634766,25.730804443359375,26.76647186279297,-0.636827290058136,28.40549087524414,29.415646303113977,27.995508193969727,-0.7706854939460754
2049-07-16 12:00:00,21.578514099121094,25.50910758972168,26.93952751159668,28.25694204080162,25.094762802124023,23.65983772277832,26.759570882387393,25.7357234954834,12.546792030334473,26.527433395385742,26.610088348388672,26.47981071472168,26.109220504760742,0.7924243807792664,28.50897216796875,28.280279487962208,28.30388641357422,-1.2107056379318237
2049-08-16 12:00:00,20.086454391479492,24.870630264282227,26.527873992919922,28.25335261222622,25.97319221496582,24.615829467773438,27.860979097184703,26.5389461517334,12.216185569763184,26.8347110748291,26.2962703704834,27.199783325195312,25.20648765563965,2.055568218231201,28.160459518432617,27.789463141671614,28.108341217041016,-0.887785792350769
2049-09-16 00:00:00,19.728519439697266,24.36906623840332,26.200429916381836,28.25290807956069,26.38613510131836,25.747819900512695,28.156566726219108,27.225669860839844,12.559552192687988,27.682226181030273,26.13840675354004,27.643447875976562,25.1834774017334,2.409162759780884,28.213077545166016,27.714634041991715,28.394329071044922,-0.4373561441898346
2049-10-16 12:00:00,21.28379249572754,23.934309005737305,26.187936782836914,28.246061566460902,26.13100814819336,25.08214569091797,28.128088237873907,27.42452049255371,13.803725242614746,27.759281158447266,26.45998191833496,27.845232009887695,25.441600799560547,2.33662486076355,28.26432228088379,27.787318834775633,27.956575393676758,0.7067065834999084
2049-11-16 00:00:00,22.055570602416992,24.02133560180664,26.35567855834961,28.241334169325235,25.362943649291992,24.091121673583984,27.64876652311458,26.92832374572754,15.158123016357422,26.959716796875,26.681041717529297,27.51307487487793,26.008140563964844,1.1133605241775513,28.450660705566406,27.910083358057378,28.236072540283203,-0.25129005312919617
2049-12-16 12:00:00,22.21539306640625,24.479915618896484,26.2288818359375,28.229868758825376,23.81237030029297,22.8963565826416,26.880033625114308,26.218910217285156,18.501598358154297,26.261438369750977,27.01694107055664,26.672239303588867,26.302888870239258,-0.3558298647403717,28.569355010986328,28.797222449725385,28.5487003326416,-0.22837157547473907
2050-01-16 12:00:00,24.53281593322754,25.0216121673584,26.397974014282227,28.23848459071805,23.20318603515625,22.342737197875977,26.26273760749373,24.799680709838867,19.30545997619629,25.358562469482422,27.545961380004883,25.593828201293945,26.916440963745117,-1.7408069372177124,28.820453643798828,29.549766763299967,28.353185653686523,-0.3129216432571411
2050-02-15 00:00:00,25.95865821838379,25.965206146240234,26.44195556640625,28.23620456378454,22.313955307006836,21.90739631652832,25.977158509672634,23.98114013671875,20.2982120513916,24.731935501098633,27.925743103027344,25.054807662963867,27.706769943237305,-2.872225046157837,28.98927116394043,29.826421059565277,28.76797103881836,-0.4539165198802948
2050-03-16 12:00:00,26.36347770690918,26.88939666748047,26.830236434936523,28.228105968785627,22.270105361938477,21.744426727294922,26.114068607879133,24.143173217773438,19.894556045532227,24.778213500976562,28.142946243286133,25.245243072509766,27.685548782348633,-3.7354366779327393,29.278993606567383,30.891663075645784,28.857839584350586,-0.3385634124279022
2050-04-16 00:00:00,25.59516716003418,27.340782165527344,27.500011444091797,28.224825567519055,22.872743606567383,21.656028747558594,26.321148358784377,24.353452682495117,17.908123016357422,24.96054458618164,28.154827117919922,25.349952697753906,28.203027725219727,-3.1225147247314453,29.21236801147461,31.35078695317651,29.1982421875,-0.03582695499062538
2050-05-16 12:00:00,24.199087142944336,27.04800033569336,27.61121940612793,28.22037763010158,23.63127899169922,22.45151710510254,26.68470470939755,24.360872268676758,15.747597694396973,25.304689407348633,27.706037521362305,25.33542251586914,27.339658737182617,-1.8089003562927246,29.072654724121094,30.741407916996895,28.619691848754883,0.023379603400826454
2050-06-16 00:00:00,22.68354034423828,26.564058303833008,27.57102394104004,28.222395419493225,24.716543197631836,23.194028854370117,27.20752808780791,24.86893653869629,13.932775497436523,25.926546096801758,27.027523040771484,25.890117645263672,26.955909729003906,-0.5655266046524048,28.067476272583008,30.08388379740523,27.963220596313477,-0.8149089217185974
2050-07-16 12:00:00,21.617918014526367,25.520788192749023,26.93952751159668,28.240471978998496,25.398521423339844,23.746183395385742,28.057466318752734,26.325172424316406,12.614616394042969,26.684804916381836,26.817398071289062,26.788175582885742,26.01910972595215,0.8396852612495422,28.361572265625,29.13095478710078,27.977214813232422,-0.8904371857643127
2050-08-16 12:00:00,21.322561264038086,24.860963821411133,26.527873992919922,28.24878630871282,26.101398468017578,24.581317901611328,28.159807261018706,26.849281311035156,11.995969772338867,27.171728134155273,26.24077796936035,27.199783325195312,25.709922790527344,2.0667877197265625,28.13491439819336,27.93706195323197,27.768348693847656,-0.8084147572517395
2050-09-16 00:00:00,20.956708908081055,24.431432723999023,26.20848274230957,28.243304155311204,26.38613510131836,25.006441116333008,28.162352674531157,27.225669860839844,12.183944702148438,27.682226181030273,26.258129119873047,27.643447875976562,25.19525146484375,2.487600803375244,28.049394607543945,27.813050617214206,28.023151397705078,0.2087668925523758
2050-10-16 12:00:00,21.111703872680664,23.97617530822754,26.19598960876465,28.23109700843016,26.13100814819336,24.927833557128906,28.160273394563447,27.42452049255371,13.644940376281738,27.759281158447266,26.566125869750977,27.845232009887695,25.335676193237305,2.33662486076355,28.641136169433594,27.833572730631893,27.847742080688477,-0.03430350869894028
2050-11-16 00:00:00,22.055570602416992,24.025007247924805,26.35567855834961,28.22091491067411,25.08803367614746,23.96684455871582,28.145690037463456,27.134267807006836,15.585140228271484,27.31818199157715,26.623138427734375,27.519805908203125,25.95075225830078,1.1601033210754395,28.792680740356445,28.17041004143917,28.2769775390625,-0.03860992193222046
2050-12-16 12:00:00,22.67337417602539,24.491596221923828,26.2288818359375,28.222845033141446,23.97539710998535,22.890439987182617,27.184461884002562,26.29815101623535,18.291418075561523,26.40932846069336,27.176755905151367,26.69719886779785,26.4503231048584,-0.2533327043056488,28.320724487304688,29.17302735563363,28.153228759765625,-0.1966255009174347
