time,nino12,nino3,nino34,nino4,norte,norteleste,centro,centroleste,cbm,tna,tsa,nat,sat,tasi,wtio,setio,swio,dmi
1854-01-16 12:00:00,24.676210403442383,24.72609519958496,26.35884092044453,28.287576410777575,22.2801513671875,21.34870147705078,24.32908643178934,23.920833587646484,18.727922439575195,24.10106680977109,27.00527000427246,24.397396087646484,26.55992889404297,-1.8245550394058228,27.41279160140612,28.010586750643963,27.764381789073255,-0.6060238256537045
1854-02-15 00:00:00,25.208181381225586,26.224632263183594,26.519851951607176,28.2931598279935,21.68294334411621,20.63730239868164,23.93332978249615,23.67334747314453,19.901199340820312,23.725749415497077,27.579256057739258,24.189544677734375,27.147518157958984,-3.170949935913086,27.607173301650956,28.00506487206419,28.003753318589503,-0.40425749090778956
1854-03-16 12:00:00,27.07140350341797,27.000415802001953,26.772779581748388,28.315386632308257,21.535184860229492,20.498798370361328,23.945333620024744,23.753158569335938,19.57427406311035,23.782278560738796,27.7615966796875,24.122859954833984,27.472623825073242,-3.272404193878174,28.249460920103985,28.473302763286053,28.538371584590827,-0.22287966790361421
1854-04-16 00:00:00,24.87086296081543,26.977195739746094,27.035399445879488,28.349017400493686,21.899303436279297,20.848115921020508,24.296790578084813,23.337194442749023,17.53699493408203,24.176568175441936,27.707199096679688,24.461341857910156,27.412866592407227,-3.2318637371063232,29.098157539931975,28.815148794410717,29.005454186203398,0.2929863978370493
1854-05-16 12:00:00,23.531038284301758,26.03855323791504,27.164870648040242,28.369658379615142,22.688642501831055,21.421316146850586,24.641656069483993,23.938058853149414,14.710762023925781,24.490784038111883,27.395082473754883,24.936017990112305,26.833234786987305,-1.833736538887024,28.917225261077377,28.92670820922964,28.502135135735127,-0.000982554780021773
1854-06-16 00:00:00,22.433698654174805,26.15608787536621,27.110595930909366,28.35608000123689,23.836259841918945,22.530969619750977,25.17653241626797,24.387317657470703,12.776657104492188,25.085053402797307,26.459938049316406,25.334728240966797,26.161277770996094,-0.5888566374778748,27.540939083810184,28.702852995705396,27.271025531658378,-1.167236501840373
1854-07-16 12:00:00,22.067720413208008,25.865781784057617,26.87958255144433,28.3315251394056,24.91099739074707,23.512910842895508,25.8992699953945,25.32803726196289,12.123163223266602,25.620379882126002,25.858978271484375,26.02513885498047,25.29007339477539,0.8901957273483276,26.887916031541675,28.2512724079002,26.626703688192173,-1.376070508844763
1854-08-16 12:00:00,20.29766845703125,24.528783798217773,26.528379830143137,28.298532258076783,25.477689743041992,24.29730224609375,26.636149195720723,26.21122932434082,11.831957817077637,26.209309333867346,25.498552322387695,26.418811798095703,24.515350341796875,2.120393753051758,26.668149639168885,27.850604535425422,26.449348436369746,-1.1982562369495384
1854-09-16 00:00:00,20.032543182373047,24.39594268798828,26.35209900528053,28.27352114840725,25.996496200561523,25.079647064208984,27.143452080213454,26.489013671875,12.210603713989258,26.756765716896652,25.55804443359375,26.912580490112305,24.533220291137695,2.4040448665618896,26.892568068423373,27.826168390560795,26.678381571205712,-0.947294616347341
1854-10-16 12:00:00,20.491252899169922,24.938697814941406,26.281958435295344,28.274928942081804,25.761247634887695,24.92934799194336,27.092126606403145,26.733346939086914,12.975767135620117,26.92503111056113,25.907291412353516,26.99652671813965,24.907527923583984,2.174865961074829,27.4731578897892,28.04064589289719,27.133979939373926,-0.5750615734151074
1854-11-16 00:00:00,21.674522399902344,24.981353759765625,26.245256206774833,28.287924388574286,24.698938369750977,23.663333892822266,26.35829266328736,26.034282684326172,14.472458839416504,26.298383652464807,26.39275550842285,26.53783416748047,25.57194709777832,1.1812012195587158,27.80262278469224,28.13435128269303,27.563014944098168,-0.3358962913024079
1854-12-16 12:00:00,22.537216186523438,25.144092559814453,26.309114544483847,28.29692088018507,23.29635238647461,22.44556427001953,25.240300552937068,24.910423278808594,16.064722061157227,25.080815821099243,26.757186889648438,25.716203689575195,25.96135139465332,-0.3407699763774872,27.58353311367648,28.172383011213665,27.720759232877988,-0.5950405236540179
1855-01-16 12:00:00,24.676210403442383,24.760677337646484,26.391650219885832,28.292790770406512,22.229408264160156,21.266433715820312,24.291505062112034,23.818700790405273,18.727922439575195,24.073397054892958,27.00527000427246,24.81327247619629,26.458621978759766,-1.5201693773269653,27.383805303952443,27.98307539177933,27.712217090954653,-0.6078448635091205
1855-02-15 00:00:00,25.208181381225586,26.224632263183594,26.550597047305512,28.29820531766578,21.679597854614258,20.594284057617188,23.9725886795827,23.67334747314453,19.66996955871582,23.756907971062475,27.579256057739258,24.189544677734375,27.01744270324707,-2.542773962020874,27.624622117054695,27.994174506984308,28.005312821751865,-0.37577616367440597
1855-03-16 12:00:00,26.104721069335938,27.000415802001953,26.77808249130699,28.31841305529584,21.535184860229492,20.498798370361328,24.05936973793692,23.255237579345703,19.57427406311035,23.881295561599828,27.754810333251953,23.964202880859375,27.43815040588379,-3.1540334224700928,28.256577801169144,28.49456528901348,28.521255542283043,-0.2369053534361915
1855-04-16 00:00:00,24.87086296081543,26.975055694580078,27.058834505269832,28.353522459088712,21.899303436279297,20.848115921020508,24.357476209646773,23.5737361907959,17.53699493408203,24.217939473051054,27.75522232055664,24.71223258972168,27.418912887573242,-3.0512940883636475,29.107214855851907,28.847667043375985,28.99481741513009,0.2696912931104395
1855-05-16 12:00:00,23.531038284301758,26.599929809570312,27.178162738224067,28.373790787403756,22.629926681518555,21.421316146850586,24.741476274250175,23.998397827148438,14.710762023925781,24.588706022077922,27.395082473754883,24.842464447021484,26.833234786987305,-2.0819523334503174,28.937315781323672,28.887041694358917,28.50983728578974,0.058872735012061715
1855-06-16 00:00:00,22.3641414642334,26.12518882751465,27.11155124621558,28.3583848474567,23.832168579101562,22.530969619750977,25.263797303349367,24.433578491210938,13.170830726623535,25.1372908336433,26.458412170410156,25.334728240966797,26.161277770996094,-0.6717458963394165,27.587005021700477,28.65755789736028,27.280858146053795,-1.0755400820304113
1855-07-16 12:00:00,21.382444381713867,25.865781784057617,26.87178313830212,28.330137844818026,24.892953872680664,23.4872989654541,26.012124061318406,25.32803726196289,12.123163223266602,25.723799464318226,25.858978271484375,26.066326141357422,25.29007339477539,0.7302113771438599,26.863439175260915,28.21848771508837,26.59604604508616,-1.368077964485165
1855-08-16 12:00:00,20.29766845703125,24.528783798217773,26.49860277931684,28.293870961668357,25.606243133544922,24.377653121948242,26.71309576302625,26.226497650146484,11.831957817077637,26.27693484235514,25.498552322387695,26.418811798095703,24.515350341796875,1.9735866785049438,26.634412415629654,27.829644479159676,26.432989770707813,-1.2114095596827112
1855-09-16 00:00:00,20.005359649658203,24.368484497070312,26.318629255890343,28.268176144043863,26.089237213134766,25.34358024597168,27.176693897883528,26.489013671875,12.210603713989258,26.80090613535775,25.55804443359375,26.912580490112305,24.533220291137695,2.4040448665618896,26.84999144582939,27.848949920882816,26.644664506350576,-1.0130087631449098
1855-10-16 12:00:00,21.832422256469727,24.938697814941406,26.24741773638609,28.27167597126814,25.78449821472168,24.935152053833008,27.180913017581272,26.631120681762695,12.90976619720459,27.01962648887202,25.907291412353516,27.111812591552734,24.907527923583984,2.1939098834991455,27.413100382018378,27.978294516650646,27.08638508785438,-0.5734976976877495
1855-11-16 00:00:00,21.55851936340332,24.981353759765625,26.228370263220533,28.28328266675307,24.63011360168457,23.772218704223633,26.522580376337157,26.436676025390625,14.472458839416504,26.470956626156827,26.403926849365234,26.660125732421875,25.579191207885742,1.4763517379760742,27.737575493255353,28.064802440486158,27.527277330247134,-0.3321902474494138
1855-12-16 12:00:00,22.537216186523438,25.144092559814453,26.266662180440093,28.290451949307606,23.28140640258789,22.391437530517578,25.384908093449607,24.901203155517578,16.064722061157227,25.24333032244448,26.758712768554688,25.566743850708008,25.981548309326172,-0.02885977178812027,27.537383399629718,28.087432982048565,27.673752169296964,-0.5568904630306069
1856-01-16 12:00:00,24.676210403442383,24.570383071899414,26.35107870539509,28.29115902104313,22.210657119750977,21.267290115356445,24.387914283339427,23.912050247192383,18.727922439575195,24.17469028443842,27.00527000427246,24.681968688964844,26.55992889404297,-1.5824276208877563,27.343382539562494,27.97935713075119,27.66540676923447,-0.6449484722458714
1856-02-15 12:00:00,25.208181381225586,25.68288803100586,26.497010641440475,28.294926190784082,21.679597854614258,20.692380905151367,24.01271470849398,23.67334747314453,19.66996955871582,23.80261509724876,27.579256057739258,24.189544677734375,27.20453643798828,-2.7798163890838623,27.558935638566908,27.893937725683344,27.943429224812927,-0.3421015352435946
1856-03-16 12:00:00,27.07140350341797,27.000415802001953,26.76069192339927,28.31642527439452,21.535184860229492,20.435075759887695,24.100632599696688,23.306476593017578,19.57427406311035,23.9278181545601,27.766857147216797,23.964202880859375,27.464479446411133,-3.1716203689575195,28.184103134092034,28.451577000425385,28.432939547081354,-0.26719487807518966
1856-04-16 00:00:00,24.87086296081543,26.975055694580078,27.05834056270505,28.35360757698164,21.899303436279297,21.046993255615234,24.438754586603185,23.93181610107422,17.53699493408203,24.30181311845648,27.766815185546875,24.594865798950195,27.416231155395508,-3.0659334659576416,29.066337237506925,28.809879990920898,28.95409745011344,0.26611508115883553
1856-05-16 12:00:00,23.478431701660156,26.70651626586914,27.184910568241154,28.37220182303469,22.688642501831055,21.580995559692383,24.78706536677257,24.05770492553711,14.710762023925781,24.623765282828415,27.395082473754883,24.964506149291992,26.833234786987305,-2.0819523334503174,28.975905049857374,28.89376898250099,28.50148707205543,0.09112338055140555
1856-06-16 00:00:00,22.47576332092285,26.219196319580078,27.14609208083868,28.36180062134746,23.75831413269043,22.558372497558594,25.264894919988762,24.433578491210938,13.085346221923828,25.133681227738727,26.458412170410156,25.334728240966797,26.149274826049805,-0.6717458963394165,27.614053409837133,28.684732398021563,27.280931685112684,-1.0753396112520806
1856-07-16 12:00:00,21.48270034790039,25.234338760375977,26.949780530791323,28.341361760167857,25.01675033569336,23.440156936645508,25.93159068201629,25.32803726196289,12.005812644958496,25.638508866891605,25.76824951171875,26.049606323242188,25.29007339477539,0.767132043838501,26.90862833718213,28.19364692026905,26.63522118547309,-1.2976717645348124
1856-08-16 12:00:00,20.29656982421875,24.758743286132812,26.600005650194063,28.310128420679373,25.52591896057129,24.24543571472168,26.62853319957326,26.21122932434082,11.831957817077637,26.198629691211615,25.498552322387695,26.418811798095703,24.515350341796875,2.0139009952545166,26.701762333845735,27.755421849858802,26.485737124760494,-1.0693659601611394
1856-09-16 00:00:00,20.0091552734375,24.252742767333984,26.4002098335802,28.282432702474264,26.02185821533203,24.89984893798828,27.12461440083209,26.627639770507812,12.210603713989258,26.74264716053097,25.55804443359375,26.912580490112305,24.533220291137695,2.600271701812744,26.927978592281885,27.729287523693586,26.717459153428464,-0.8148950722201618
1856-10-16 12:00:00,21.832422256469727,24.938697814941406,26.341150311267196,28.28504702444772,25.656156539916992,24.749549865722656,27.04921700875312,26.7244873046875,12.947033882141113,26.881880218859152,25.82701301574707,26.99652671813965,24.907527923583984,2.220750570297241,27.527516198187048,27.956317858688312,27.173985464837816,-0.43605393439462603
1856-11-16 00:00:00,21.744346618652344,24.981353759765625,26.295212289800503,28.29523861406621,24.542823791503906,23.729095458984375,26.329340069010318,26.096956253051758,14.472458839416504,26.258603383943885,26.30573272705078,26.53783416748047,25.579191207885742,1.0751787424087524,27.795226647562053,28.100372883797736,27.562706908891002,-0.30946734590869546
1856-12-16 12:00:00,22.418060302734375,25.144092559814453,26.3165562191759,28.301975962389747,23.29635238647461,22.520389556884766,25.24535904381011,24.910423278808594,16.064722061157227,25.092466041834506,26.757186889648438,25.807950973510742,25.99650764465332,-0.38913795351982117,27.615984766710923,28.129747941573495,27.781170750259808,-0.5197434012172646
1857-01-16 12:00:00,24.676210403442383,24.72609519958496,26.398592504447052,28.30171558891546,22.229408264160156,21.266433715820312,24.343671016674598,23.912050247192383,18.727922439575195,24.12099719077662,27.131895065307617,24.397396087646484,26.48224639892578,-1.8245550394058228,27.391747546002254,28.094574214043455,27.735132280648866,-0.7110559302775512
1857-02-15 00:00:00,25.208181381225586,25.577713012695312,26.52310667946717,28.304857139660598,21.679597854614258,20.745210647583008,23.98609268719376,23.67334747314453,19.901199340820312,23.766343754057523,27.579256057739258,24.189544677734375,27.20453643798828,-2.815584897994995,27.604267959946725,28.04788164718594,28.003065812551807,-0.4499044037390354
1857-03-16 12:00:00,26.193260192871094,26.900819778442383,26.75213929986952,28.321553288650914,21.535184860229492,20.498798370361328,24.02401292381934,23.753158569335938,19.57427406311035,23.835479891301205,27.7615966796875,24.122859954833984,27.479873657226562,-3.387927293777466,28.23737764959011,28.48428573692937,28.493549027370094,-0.2460360500573754
1857-04-16 00:00:00,24.87086296081543,26.956045150756836,27.03347622882528,28.352861244498545,21.84255027770996,20.77557945251465,24.319348930371127,23.337194442749023,17.53699493408203,24.15450144151434,27.707199096679688,24.41122817993164,27.418912887573242,-3.2156569957733154,29.12610706397688,28.820259128882064,29.02686462124604,0.31610766429770293
1857-05-16 12:00:00,23.502544403076172,26.03855323791504,27.17825224051578,28.37277286315654,22.716245651245117,21.708112716674805,24.67086102959569,24.280750274658203,14.710762023925781,24.500951672025373,27.395082473754883,25.329917907714844,26.833234786987305,-2.0545406341552734,28.94014612106661,28.893521543636577,28.50414209526932,0.05526616741633211
1857-06-16 00:00:00,22.530643463134766,26.15608787536621,27.132521324807556,28.360291733594195,23.683778762817383,22.73311996459961,25.20556522710875,24.387317657470703,12.776657104492188,25.07995050411818,26.459938049316406,25.334728240966797,26.098726272583008,-0.6717458963394165,27.63582404355992,28.65802988934449,27.31783682065042,-1.0267207382618642
1857-07-16 12:00:00,21.164894104003906,25.677734375,26.903320560594977,28.33579403715373,25.01675033569336,23.315427780151367,25.885810184839197,25.32803726196289,12.123163223266602,25.60304409419809,25.858978271484375,26.044937133789062,25.29007339477539,0.8901957273483276,26.893150318548447,28.258861315625047,26.63984253784396,-1.3783563116849342
1857-08-16 12:00:00,20.29766845703125,24.539682388305664,26.52149930666384,28.2999799158661,25.52591896057129,24.230545043945312,26.572673601145677,26.220985412597656,11.831957817077637,26.146130637513416,25.498552322387695,26.418811798095703,24.515350341796875,1.9357770681381226,26.66765979305013,27.775493272286333,26.4720386291146,-1.123820664772804
1857-09-16 00:00:00,20.032543182373047,25.086288452148438,26.325133440030484,28.27350520940532,25.992143630981445,24.884458541870117,27.048399199976135,26.609590530395508,12.210603713989258,26.674991721841316,25.55804443359375,26.79812240600586,24.533220291137695,2.4281091690063477,26.864562637146033,27.769290481971638,26.6622529845089,-0.9188295835680251
1857-10-16 12:00:00,20.382837295532227,24.938697814941406,26.21838496784502,28.272959515433516,25.656156539916992,24.743858337402344,27.021758673064387,26.7244873046875,12.899275779724121,26.847791787975495,25.74880599975586,26.99652671813965,24.907527923583984,2.1036932468414307,27.43919828586359,27.96500084431906,27.121364466325225,-0.533886293401437
1857-11-16 00:00:00,20.63151741027832,24.981353759765625,26.208639287548475,28.28602993133946,24.542823791503906,23.729095458984375,26.283522436339386,26.096956253051758,14.472458839416504,26.225104665465224,26.363859176635742,26.53783416748047,25.579191207885742,1.0751787424087524,27.751361405279443,28.029241492419867,27.549939843462315,-0.2827960816535437
1857-12-16 12:00:00,23.07817840576172,25.144092559814453,26.270457441783932,28.294421313130837,23.27680206298828,22.44556427001953,25.207064073497406,24.910423278808594,16.064722061157227,25.06417056051359,26.71548843383789,25.807950973510742,25.9945011138916,-0.3407699763774872,27.56042545593552,28.13652570588359,27.701239806733682,-0.5826003624896057
1858-01-16 12:00:00,24.676210403442383,24.72609519958496,26.384183467631935,28.293622369132056,22.20454978942871,21.40449333190918,24.26949438232151,23.77121353149414,18.727922439575195,24.048125265877374,27.00527000427246,24.81327247619629,26.458621978759766,-1.8245550394058228,27.380923887413985,28.064897539080434,27.722300351823595,-0.6923789381037935
1858-02-15 00:00:00,25.208181381225586,26.224632263183594,26.543156851787096,28.297369816457024,21.68294334411621,20.906108856201172,23.884900339284748,23.67334747314453,19.66996955871582,23.671193315568466,27.579256057739258,24.189544677734375,27.173931121826172,-2.8879997730255127,27.625170664321722,27.992611735754075,28.023720843636152,-0.37366331922227525
1858-03-16 12:00:00,26.34831428527832,27.000415802001953,26.791145494373332,28.32009735267501,21.535184860229492,20.498798370361328,23.928421677447915,23.753158569335938,19.57427406311035,23.752154911682524,27.754810333251953,24.122859954833984,27.43815040588379,-3.638592004776001,28.24752142306601,28.463800812627685,28.512089401650606,-0.21535884551841197
1858-04-16 00:00:00,24.87086296081543,27.144664764404297,27.05406919210867,28.35206409498147,21.88994026184082,20.824432373046875,24.210427055796963,23.53230857849121,17.53699493408203,24.06334814298682,27.75522232055664,24.287290573120117,27.42729377746582,-3.2509500980377197,29.096380838926926,28.828976365348627,28.97465390228994,0.2773983207653333
1858-05-16 12:00:00,23.531038284301758,26.599929809570312,27.181039439534832,28.373313097789307,22.688642501831055,21.529144287109375,24.619651583406885,23.818931579589844,14.710762023925781,24.468926540625212,27.395082473754883,25.146202087402344,26.833234786987305,-2.15287184715271,28.947771772170025,28.882069412559858,28.509489535764775,0.0743899336847878
1858-06-16 00:00:00,22.3641414642334,26.12518882751465,27.120697524024315,28.3614783152798,23.866865158081055,22.67768669128418,25.143408935519112,24.387317657470703,13.170830726623535,25.033643174998907,26.458412170410156,25.869857788085938,26.098726272583008,-0.5091818571090698,27.59452501930243,28.581265032699513,27.27880411640511,-0.991838606988207
1858-07-16 12:00:00,21.382444381713867,25.865781784057617,26.880882822789175,28.336077193766517,24.9417724609375,23.440156936645508,25.84858799928922,25.32803726196289,12.123163223266602,25.57915150456968,25.844327926635742,26.02513885498047,25.29007339477539,0.8022857904434204,26.86504395264308,28.120985240270358,26.61465129604924,-1.2691903332343628
1858-08-16 12:00:00,20.29766845703125,24.53567886352539,26.52226026196921,28.30114209588777,25.477689743041992,24.24543571472168,26.579720448001634,26.174598693847656,11.831957817077637,26.175336575748574,25.498552322387695,26.418811798095703,24.515350341796875,1.9209504127502441,26.6552600562802,27.62540112571823,26.461453041313447,-0.9866098505964611
1858-09-16 00:00:00,20.033153533935547,24.80645179748535,26.34998406689777,28.27601298450403,25.996496200561523,24.878032684326172,27.064448259944047,26.582380294799805,12.210603713989258,26.694246336061283,25.55804443359375,26.79812240600586,24.533220291137695,2.4281091690063477,26.906969763211947,27.681832673551973,26.709102127395937,-0.7887662461349478
1858-10-16 12:00:00,20.624404907226562,24.938697814941406,26.291435353452048,28.277691840989778,25.67896842956543,24.734159469604492,26.99596495539043,26.71843910217285,12.90976619720459,26.836997488146736,25.728443145751953,27.19684600830078,24.907527923583984,2.1036932468414307,27.475202240258668,27.915687536469644,27.149082377932483,-0.44834044978507254
1858-11-16 00:00:00,21.55851936340332,24.981353759765625,26.26619366404759,28.28782726476548,24.716655731201172,23.729095458984375,26.23257239416515,25.995573043823242,14.472458839416504,26.18523140576559,26.30573272705078,26.532716751098633,25.579191207885742,1.0983233451843262,27.795345873247143,28.055368186982342,27.613287934129886,-0.2644507933174695
1858-12-16 12:00:00,22.537216186523438,25.144092559814453,26.3017762803874,28.29743990411991,23.27680206298828,22.54556655883789,25.122412356401643,24.899349212646484,16.064722061157227,24.983425460632468,26.757186889648438,25.792940139770508,25.987945556640625,-0.4066202640533447,27.582044085465473,28.13549788380044,27.734489830498237,-0.5597477375300941
1859-01-16 12:00:00,24.676210403442383,24.795446395874023,26.408996301942306,28.298739177920204,22.20454978942871,21.39325714111328,24.19223785762171,23.61270523071289,18.727922439575195,23.975824378619222,27.179811477661133,24.52794647216797,26.55992889404297,-2.0182297229766846,27.426457923373388,28.061877939915405,27.77763310463745,-0.6433931133937789
1859-02-15 00:00:00,25.208181381225586,25.68288803100586,26.552298331824595,28.30387284174812,21.679597854614258,20.413633346557617,23.887199925980926,23.67334747314453,19.66996955871582,23.68307123828444,27.58323860168457,24.189544677734375,27.26233673095703,-3.0859951972961426,27.651883254967053,28.02981071172299,28.0653410231378,-0.38380218999254445
1859-03-16 12:00:00,26.10016441345215,27.000415802001953,26.7943125406806,28.322801914733514,21.535184860229492,20.498798370361328,24.022895156340873,23.753158569335938,19.57427406311035,23.872489057948513,27.754810333251953,24.417293548583984,27.472623825073242,-3.141420364379883,28.26250547993245,28.51400382899727,28.55302771862032,-0.2503121312969543
1859-04-16 00:00:00,24.87086296081543,27.114879608154297,27.080771441549714,28.355554061490896,21.94989013671875,20.917831420898438,24.333720423840155,23.337194442749023,17.53699493408203,24.2059594339024,27.998085021972656,24.41122817993164,27.412866592407227,-3.2318637371063232,29.082328239595064,28.835993477860352,28.992619693821222,0.2562099010387956
1859-05-16 12:00:00,23.83993911743164,26.6977596282959,27.222575121531772,28.37753013332751,22.629926681518555,21.40916633605957,24.649729271725434,23.818931579589844,14.710762023925781,24.494527894166964,27.399065017700195,25.099592208862305,26.833234786987305,-1.833736538887024,29.02126396164856,28.87375515891892,28.584309548693266,0.15688563683207726
1859-06-16 00:00:00,22.441574096679688,26.184480667114258,27.166856631745986,28.3646266840997,23.75831413269043,22.67768669128418,25.167937623051216,24.387317657470703,13.085346221923828,25.047218250079133,26.458412170410156,25.628786087036133,26.098726272583008,-0.6818781495094299,27.604593768944355,28.66397955640637,27.32200090786703,-1.0641877517467235
1859-07-16 12:00:00,21.48270034790039,25.39443588256836,26.970688521593893,28.34190271724275,25.01675033569336,23.440156936645508,25.862987778044786,25.32803726196289,12.123163223266602,25.5812652323201,25.808515548706055,26.02513885498047,25.29007339477539,0.8901957273483276,26.89234197525488,28.236855962161783,26.642469972942475,-1.3572201651177869
1859-08-16 12:00:00,20.29656982421875,24.758743286132812,26.619724127769153,28.311079327279955,25.477689743041992,24.24543571472168,26.59531000984965,26.174598693847656,11.831957817077637,26.178009588886646,25.498552322387695,26.39775848388672,24.515350341796875,1.9357770681381226,26.677767766030136,27.798447736549853,26.478791295279272,-1.136514248664416
1859-09-16 00:00:00,20.07887077331543,24.103118896484375,26.39507735638466,28.28582820990281,25.996496200561523,24.837100982666016,27.077549885981423,26.609590530395508,12.210603713989258,26.712855425088925,25.55804443359375,26.79812240600586,24.533220291137695,2.4281091690063477,26.900289814403987,27.80154584760994,26.71832714408673,-0.9149351739146279
1859-10-16 12:00:00,21.832422256469727,24.938697814941406,26.345356581962836,28.289564470946324,25.800405502319336,24.68680191040039,27.04258446006477,26.7244873046875,12.91799259185791,26.9045420307368,25.83122444152832,26.99652671813965,24.907527923583984,2.2994823455810547,27.520568204101043,27.967552035278857,27.21248466771027,-0.45427607432440237
1859-11-16 00:00:00,22.514720916748047,24.981353759765625,26.299206337972205,28.30050436770993,24.698938369750977,23.663333892822266,26.350041059056334,26.096956253051758,14.472458839416504,26.29794411214001,26.366233825683594,26.53783416748047,25.579191207885742,1.0751787424087524,27.83738029612591,28.07607544469394,27.663858051082045,-0.24266800202190003
1859-12-16 12:00:00,22.537216186523438,25.144092559814453,26.345780230423614,28.30889626106519,23.27715301513672,22.44556427001953,25.295700089393954,24.910423278808594,16.064722061157227,25.147478196166624,26.95895767211914,25.171358108520508,25.981548309326172,-0.38913795351982117,27.62949546579933,28.25856060508067,27.80155256700131,-0.6346043591746806
1860-01-16 12:00:00,24.562108993530273,24.93570899963379,26.440882270374757,28.306866273856823,22.19403648376465,21.215518951416016,24.346554532765374,23.682706832885742,18.727922439575195,24.13444966868537,27.24301528930664,24.392820358276367,26.55992889404297,-1.8245550394058228,27.431160122090674,28.16242177468242,27.775259381387887,-0.7389469231614103
1860-02-15 12:00:00,25.208181381225586,26.61815643310547,26.584021747357255,28.311306372761344,21.679597854614258,20.745210647583008,23.94214980735964,23.67334747314453,19.66996955871582,23.745097645224547,27.6308536529541,24.189544677734375,27.26233673095703,-2.919828414916992,27.62181748413482,28.149372419995665,28.006280984977003,-0.5334315470165854
1860-03-16 12:00:00,26.49989128112793,26.83167266845703,26.848701095471903,28.331960335567363,21.535184860229492,20.498798370361328,23.99120943791459,23.753158569335938,19.34304428100586,23.83043601463269,27.82484245300293,24.122859954833984,27.472623825073242,-3.956054449081421,28.22936295936822,28.57439985223031,28.503333379383776,-0.34402491545152014
1860-04-16 00:00:00,24.898435592651367,27.375272750854492,27.129987136588284,28.365076765561632,21.899303436279297,20.77557945251465,24.300162503339834,23.446044921875,17.51148796081543,24.160069764311096,27.94756317138672,24.41122817993164,27.416231155395508,-3.2318637371063232,29.089881705338772,28.954215903989095,29.000152463924483,0.14589891457696333
1860-05-16 12:00:00,24.108139038085938,26.6977596282959,27.27609969599264,28.388020296062233,22.62094497680664,21.529144287109375,24.67875530554571,24.280750274658203,14.710762023925781,24.537170183228845,27.466699600219727,25.15320587158203,26.833234786987305,-2.15287184715271,29.020516462417618,28.96750686862645,28.617955183968025,0.06260527855958177
1860-06-16 00:00:00,22.441574096679688,25.99863052368164,27.215447232807584,28.376464722990463,23.832168579101562,22.558372497558594,25.23560895813729,24.433578491210938,13.085346221923828,25.13919624813891,26.661428451538086,25.334728240966797,26.236019134521484,-0.6717458963394165,27.706782902750298,28.73664407290592,27.391522766292713,-1.0335016409267634
1860-07-16 12:00:00,21.941537857055664,25.450977325439453,27.006042586974985,28.3514800049462,24.892953872680664,23.499399185180664,25.925734163904547,25.32803726196289,12.123163223266602,25.67609882804844,25.87284278869629,26.049606323242188,25.367551803588867,0.8901957273483276,26.970996189166257,28.241914780829482,26.705730312596764,-1.2828534419517603
1860-08-16 12:00:00,20.571428298950195,25.661617279052734,26.678307797199192,28.320021414373645,25.727210998535156,24.34395408630371,26.641846992208745,26.236316680908203,11.831957817077637,26.24895793868569,25.498552322387695,26.418811798095703,24.515350341796875,1.9357770681381226,26.74044927502662,27.739594077291716,26.532745623335778,-1.0145160259927672
1860-09-16 00:00:00,20.31406021118164,24.627248764038086,26.5064590920634,28.298811468146997,26.089237213134766,25.07308006286621,27.116083689679268,26.627639770507812,12.210603713989258,26.774940202316046,25.55804443359375,26.912580490112305,24.533220291137695,2.4281091690063477,27.01125603264244,27.74550323299291,26.784940390258235,-0.7469904894572432
1860-10-16 12:00:00,20.77513885498047,24.5507869720459,26.466153661517207,28.300899618093478,25.800405502319336,24.69571876525879,27.100395592141805,26.769746780395508,12.91799259185791,26.962169263128537,25.92952537536621,26.99652671813965,24.907527923583984,2.174865961074829,27.5930219059026,27.968531934271134,27.22998577567283,-0.38210062327645306
1860-11-16 00:00:00,21.56623077392578,24.30953025817871,26.414594483958126,28.308324055265444,24.698938369750977,23.690176010131836,26.403929804784905,26.175006866455078,14.472458839416504,26.357750129046998,26.43524742126465,26.526737213134766,25.579191207885742,1.1217936277389526,27.882367509131303,28.07785169623039,27.637013588547866,-0.19901856429894035
1860-12-16 12:00:00,22.691648483276367,24.654739379882812,26.445847733866632,28.31508537072302,23.29635238647461,22.520389556884766,25.346682217179946,24.99164390563965,16.064722061157227,25.19675583532843,26.95895767211914,25.637365341186523,25.977174758911133,-0.02885977178812027,27.66912238271192,28.17147374158957,27.820197107258892,-0.5077181144881184
1861-01-16 12:00:00,24.3891544342041,25.890329360961914,26.51007978644722,28.30898955014927,22.229408264160156,21.266433715820312,24.42936488050138,24.208086013793945,18.727922439575195,24.209524034038083,27.299959182739258,24.808605194091797,26.544408798217773,-1.9315390586853027,27.460510632433426,28.107600095313,27.791886158114863,-0.6546236500865079
1861-02-15 00:00:00,25.208181381225586,26.391437530517578,26.6361282585504,28.30958033435899,21.679597854614258,20.745210647583008,24.048232427472197,23.67334747314453,19.901199340820312,23.83985742111856,27.6308536529541,24.189544677734375,27.26233673095703,-2.843409299850464,27.659115462543713,28.087258586350952,28.03162433530214,-0.43380953047732534
1861-03-16 12:00:00,26.104721069335938,26.770174026489258,26.85865523432956,28.326569130926355,21.535184860229492,20.498798370361328,24.16371772661017,23.429075241088867,19.57427406311035,23.985434446231984,28.05611228942871,24.36864471435547,27.472623825073242,-3.1716203689575195,28.339539126425038,28.6178367667016,28.6034821790681,-0.2761175596962121
1861-04-16 00:00:00,24.87086296081543,27.375272750854492,27.12174885440494,28.35755121334966,21.85004997253418,20.848115921020508,24.42045768859171,23.5737361907959,17.53699493408203,24.25212130692097,27.94756317138672,24.71223258972168,27.418912887573242,-3.0659334659576416,29.18961357918698,28.95140567649032,29.086458122823267,0.24939679967254216
1861-05-16 12:00:00,23.531038284301758,26.70651626586914,27.214089528571346,28.374213455746286,22.613950729370117,21.653934478759766,24.785169398666003,23.998397827148438,14.710762023925781,24.613767289399107,27.399065017700195,24.842464447021484,26.833234786987305,-2.0819523334503174,29.03102672232418,28.941084789136838,28.59940611763223,0.09957534548700393
1861-06-16 00:00:00,22.433698654174805,26.459888458251953,27.098645769921227,28.357128702744163,23.866865158081055,22.530969619750977,25.29861271452584,24.433578491210938,13.085346221923828,25.16848625202175,26.458412170410156,25.334728240966797,26.098726272583008,-0.5633882880210876,27.629808776788817,28.720136758495503,27.327539055881154,-1.094751171024629
1861-07-16 12:00:00,21.190183639526367,25.526592254638672,26.83174234223108,28.324533066961774,24.9417724609375,23.50360870361328,25.97522267737173,25.32803726196289,12.180689811706543,25.66982382435782,25.7769718170166,26.049606323242188,25.27603530883789,0.8227633833885193,26.880828374279396,28.157819337568437,26.641188445379697,-1.2899988471762982
1861-08-16 12:00:00,20.29766845703125,24.410112380981445,26.410972745528625,28.28408595228189,25.477689743041992,24.3717098236084,26.654495721611237,26.21122932434082,11.831957817077637,26.2084499296567,25.498552322387695,26.418811798095703,24.515350341796875,2.0139009952545166,26.657205784507763,27.645540805848785,26.466585718679063,-1.0047364601807227
1861-09-16 00:00:00,20.032543182373047,25.086288452148438,26.215805862370246,28.255802279397347,26.005950927734375,24.837100982666016,27.123468245541563,26.59123992919922,12.210603713989258,26.717806527739917,25.55804443359375,26.79812240600586,24.533220291137695,2.4281091690063477,26.84451670580937,27.681953344463352,26.64709873341142,-0.8519424478533544
1861-10-16 12:00:00,20.39911651611328,24.938697814941406,26.16199798883355,28.25810808557579,25.646747589111328,24.68680191040039,27.067404325334802,26.7244873046875,12.90976619720459,26.88438245090395,25.741439819335938,27.16004180908203,24.773052215576172,2.174865961074829,27.384577371125957,27.92275620990986,27.086610734206264,-0.5468916115753519
1861-11-16 00:00:00,21.464269638061523,24.981353759765625,26.111122469534426,28.268475463562766,24.716655731201172,23.690176010131836,26.326820724953524,26.096956253051758,14.472458839416504,26.249625402019902,26.335803985595703,26.51677894592285,25.57194709777832,1.1217936277389526,27.67896557401073,28.021579901393125,27.49083743523881,-0.3482475232789411
1861-12-16 12:00:00,22.96979331970215,25.144092559814453,26.150199071514074,28.277778257942728,23.29635238647461,22.44556427001953,25.200921943036484,24.853607177734375,16.064722061157227,25.040875806551817,26.687881469726562,25.77570915222168,25.972131729125977,-0.02885977178812027,27.49116431839312,28.10825348178504,27.644022210027185,-0.6243259216662149
1862-01-16 12:00:00,23.347251892089844,25.235441207885742,26.25220484314254,28.27780989899857,22.22052574157715,21.356548309326172,24.271865106013095,23.682706832885742,18.716062545776367,24.038527941583652,27.046031951904297,24.81327247619629,26.458621978759766,-1.575971245765686,27.360830806204998,28.031628374400498,27.698669737737664,-0.6794770051061845
1862-02-15 00:00:00,25.72515296936035,25.721467971801758,26.42097856937837,28.283444182408637,21.68294334411621,20.643136978149414,23.949612421261477,23.67334747314453,19.901199340820312,23.720232142771493,27.54463768005371,24.189544677734375,27.118383407592773,-2.630559206008911,27.55091886259404,27.993508518823777,27.944507881472575,-0.44952638130592604
1862-03-16 12:00:00,25.55248260498047,26.57892608642578,26.653163646971766,28.301676001350753,21.535184860229492,20.498798370361328,24.020981348843517,23.753158569335938,19.57427406311035,23.82703904735009,27.827978134155273,24.122859954833984,27.342782974243164,-3.436983585357666,28.197042554590283,28.37897877296594,28.471988892266705,-0.18170740294762902
1862-04-16 00:00:00,24.603899002075195,26.847984313964844,26.929091194923167,28.33247022892065,21.88994026184082,20.918733596801758,24.30500967643348,23.337194442749023,17.53699493408203,24.147206541218374,27.50926971435547,24.41122817993164,27.439250946044922,-3.0512940883636475,28.994882191068438,28.74919412133306,28.866213172091467,0.25450992451857113
1862-05-16 12:00:00,24.51175880432129,26.424976348876953,27.042847748588805,28.34945107803482,22.53599739074707,21.481361389160156,24.64062957657288,24.00454330444336,14.710762023925781,24.45399976145675,27.206558227539062,25.09037208557129,26.834468841552734,-2.0574333667755127,28.818053008416765,28.856701829489907,28.391628143278783,-0.03127439423733117
1862-06-16 00:00:00,22.275636672973633,26.225143432617188,26.999777294600186,28.338088129262058,23.683778762817383,22.73311996459961,25.158662950592053,24.387317657470703,12.776657104492188,25.00678459786249,26.38149642944336,25.906368255615234,26.098726272583008,-0.6042299866676331,27.470858768731343,28.63377960494879,27.169003485862685,-1.1690863627378496
1862-07-16 12:00:00,20.89003562927246,25.355697631835938,26.759310693465867,28.313053745382668,24.986160278320312,23.292959213256836,25.821510997126783,25.32803726196289,12.067434310913086,25.491584677678112,25.672962188720703,25.999996185302734,25.125762939453125,0.8901957273483276,26.789247339877246,28.17252662093841,26.521527734146705,-1.3971355934610432
1862-08-16 12:00:00,20.29766845703125,24.289533615112305,26.390317313097697,28.279080352096326,25.52591896057129,24.190475463867188,26.51095363445452,26.14356803894043,11.831957817077637,26.046313301354814,25.498552322387695,26.28554344177246,24.515350341796875,2.0139009952545166,26.550929619329573,27.736940839956745,26.338857069759296,-1.203217987154797
1862-09-16 00:00:00,20.032543182373047,25.086288452148438,26.203613149143482,28.253235227827506,25.897382736206055,24.8185977935791,26.986694203127957,26.576332092285156,12.210603713989258,26.563112026093798,25.55804443359375,26.791826248168945,24.533220291137695,2.4281091690063477,26.752567319988803,27.7658279978801,26.550871042325188,-1.0284516862488062
1862-10-16 12:00:00,20.107975006103516,24.938697814941406,26.136955706545876,28.255817456637153,25.640254974365234,24.673330307006836,26.93748438739733,26.73668098449707,12.9150972366333,26.736032426586434,25.72467041015625,26.93809700012207,24.788785934448242,2.174865961074829,27.294220801769466,27.955090023754448,26.997322047860376,-0.6703761022286436
1862-11-16 00:00:00,21.625961303710938,24.981353759765625,26.132163224657667,28.26676218608909,24.542823791503906,23.729095458984375,26.2707185498442,26.096956253051758,14.472458839416504,26.177034417229322,26.26749610900879,26.510021209716797,25.57194709777832,1.1812012195587158,27.62247755781085,27.987438017052913,27.4440669622503,-0.3712211749717778
1862-12-16 12:00:00,22.96979331970215,25.144092559814453,26.219603170985273,28.280393101757053,23.27680206298828,22.54556655883789,25.170310591836586,24.853607177734375,16.064722061157227,24.988804999063603,26.687881469726562,25.792940139770508,25.77835464477539,-0.02885977178812027,27.463316610574438,28.058009152829293,27.642660072508278,-0.602319227130258
1863-01-16 12:00:00,23.347251892089844,24.832853317260742,26.326978485898035,28.284382467136343,22.2801513671875,21.39325714111328,24.243396391847636,23.92238426208496,18.727922439575195,23.999092001298067,27.038785934448242,24.52794647216797,26.458621978759766,-1.4756516218185425,27.240562177437784,27.963295347257304,27.581686339469446,-0.7327381495160032
1863-02-15 00:00:00,25.152389526367188,25.577713012695312,26.496390136171385,28.289770791692654,21.646997451782227,20.413633346557617,23.86835210396221,23.67334747314453,19.901199340820312,23.630313551580457,27.518842697143555,24.189544677734375,27.09347152709961,-2.638129711151123,27.45383921395736,27.935081382959485,27.833685850023844,-0.4892567426571692
1863-03-16 12:00:00,26.337270736694336,26.900819778442383,26.72475859556545,28.311100351965592,21.535184860229492,20.498798370361328,23.917826948376987,23.753158569335938,19.57427406311035,23.716057111950754,27.81293487548828,24.122859954833984,27.3454647064209,-3.288228988647461,28.111741023523038,28.405844062941878,28.374774075021673,-0.29463272919382033
1863-04-16 00:00:00,24.87086296081543,26.956045150756836,26.999242733409126,28.341600687087777,21.88994026184082,20.77557945251465,24.23075271382692,23.343046188354492,17.53699493408203,24.06497840885403,27.701303482055664,24.399656295776367,27.439250946044922,-3.0659334659576416,28.967348613274982,28.75898103026352,28.865659261538074,0.21694729738798788
1863-05-16 12:00:00,23.47268295288086,26.03855323791504,27.139944431101675,28.3632899024084,22.629926681518555,21.40916633605957,24.61407198492746,24.1524600982666,14.710762023925781,24.458741961389194,27.339542388916016,24.84735107421875,26.84848403930664,-2.0545406341552734,28.872015468703385,28.79132410287591,28.43725998534971,0.0884289637657706
1863-06-16 00:00:00,22.456571578979492,26.15608787536621,27.100803691545355,28.35159486456551,23.832168579101562,22.530969619750977,25.17302090799556,24.387317657470703,12.776657104492188,25.05328901295509,26.424379348754883,25.906368255615234,26.098726272583008,-0.6717458963394165,27.53865723477316,28.577320886726774,27.21414714186012,-1.0443109628895857
1863-07-16 12:00:00,21.382444381713867,25.82497787475586,26.88913885597768,28.32872251069164,24.91099739074707,23.512910842895508,25.87981950998211,25.32803726196289,12.268601417541504,25.586794753886608,25.784263610839844,26.02513885498047,25.11872100830078,0.7302113771438599,26.79955825963741,28.20766794602732,26.533751248804297,-1.421781746270368
1863-08-16 12:00:00,20.29766845703125,24.673721313476562,26.534254130639827,28.296082623974858,25.477689743041992,24.24543571472168,26.597726886282533,26.174598693847656,11.831957817077637,26.157504634139386,25.498552322387695,26.39775848388672,24.515350341796875,1.9735866785049438,26.56590683832275,27.824431853775934,26.35032731338669,-1.2753762610506267
1863-09-16 00:00:00,20.032543182373047,24.368484497070312,26.338943295313957,28.270542827293063,25.996496200561523,24.837100982666016,27.08669328846837,26.582380294799805,12.210603713989258,26.694143931405577,25.55804443359375,26.79812240600586,24.533220291137695,2.4879422187805176,26.80531780003495,27.81838491306907,26.59143243212684,-1.027622269824321
1863-10-16 12:00:00,21.99574851989746,24.938697814941406,26.26762995128204,28.27219131174149,25.58924674987793,24.68680191040039,27.014783040670732,26.71843910217285,12.9150972366333,26.85101164520649,25.741439819335938,27.105785369873047,24.8002872467041,2.174865961074829,27.370169511324946,27.966541425138946,27.038357334076238,-0.6051181637075176
1863-11-16 00:00:00,20.63151741027832,24.981353759765625,26.208984909140845,28.281521549540425,24.698938369750977,23.663333892822266,26.323081607487804,26.096956253051758,14.472458839416504,26.26801851002709,26.331300735473633,26.51677894592285,25.57194709777832,1.1812012195587158,27.70000878780085,28.047485206038466,27.499740828138236,-0.35284405008067266
1863-12-16 12:00:00,23.07817840576172,25.144092559814453,26.26955654524256,28.29229812289981,23.27715301513672,22.373149871826172,25.29048577229583,24.910423278808594,16.064722061157227,25.13971164846258,26.71548843383789,25.171358108520508,25.972131729125977,0.06865237653255463,27.488410565542573,28.152350018499604,27.64588055216436,-0.6710964582683883
1864-01-16 12:00:00,23.794944763183594,24.788837432861328,26.371644127990027,28.290871578407224,22.229408264160156,21.266433715820312,24.318887086546425,23.818700790405273,18.727922439575195,24.085531877977147,27.00167465209961,24.81327247619629,26.458621978759766,-1.5201693773269653,27.294259424902503,27.939448460018912,27.642906510274305,-0.6547332593662265
1864-02-15 12:00:00,25.208181381225586,26.181438446044922,26.5156059488685,28.29570287627103,21.679597854614258,20.594284057617188,23.942284525170027,23.67334747314453,19.66996955871582,23.72056560243503,27.651216506958008,24.189544677734375,27.01744270324707,-2.7798163890838623,27.5442337394655,27.97665739530198,27.96411578288609,-0.4394655356482597
1864-03-16 12:00:00,26.337270736694336,27.000415802001953,26.78456706075112,28.31882643000854,21.535184860229492,20.498798370361328,24.047623228609933,23.753158569335938,19.57427406311035,23.872494011218073,27.576126098632812,24.122859954833984,27.444171905517578,-3.1716203689575195,28.164424987405482,28.518199784377195,28.448583541939364,-0.353525083250173
1864-04-16 00:00:00,24.87086296081543,26.956045150756836,27.056627318480896,28.354781332216458,21.899303436279297,20.917831420898438,24.358627246393358,23.5737361907959,17.53699493408203,24.21190509148756,27.694517135620117,24.492908477783203,27.470767974853516,-3.0512940883636475,29.05470750544913,28.846046449850945,28.96209209761183,0.2182938548703976
1864-05-16 12:00:00,23.531038284301758,26.599929809570312,27.185781526473097,28.374387519361143,22.688642501831055,21.682388305664062,24.695967029143397,24.280750274658203,14.710762023925781,24.53256012904749,27.395082473754883,24.936017990112305,26.84848403930664,-2.0574333667755127,29.013525058316123,28.87258932307364,28.56890239206275,0.15023506628050667
1864-06-16 00:00:00,22.413619995117188,26.128128051757812,27.14006602319676,28.363133247833684,23.866865158081055,22.558372497558594,25.18603110693479,24.387317657470703,13.221221923828125,25.061121246530206,26.459938049316406,25.661827087402344,26.098726272583008,-0.5633882880210876,27.578783742715174,28.62167715267166,27.281765883779602,-1.0480464836976133
1864-07-16 12:00:00,21.282066345214844,25.12788963317871,26.930541963325346,28.34074272811814,24.9417724609375,23.440156936645508,25.88933237034384,25.32803726196289,12.180689811706543,25.6027521191915,25.858978271484375,26.02513885498047,25.125762939453125,0.7499372959136963,26.889448567531264,28.109648645182702,26.622256974593085,-1.233240918757416
1864-08-16 12:00:00,20.29766845703125,24.610979080200195,26.577971506878384,28.307882232304816,25.477689743041992,24.3717098236084,26.620322575321733,26.21122932434082,11.831957817077637,26.188624648994505,25.498552322387695,26.418811798095703,24.515350341796875,1.9735866785049438,26.67596895405756,27.619725645657752,26.475034700376554,-0.9600392866482965
1864-09-16 00:00:00,20.032543182373047,24.103118896484375,26.403739508564016,28.281646273105785,25.996496200561523,24.837100982666016,27.110818097210686,26.59123992919922,12.210603713989258,26.71721984438124,25.55804443359375,26.79812240600586,24.533220291137695,2.4040448665618896,26.919108691580433,27.59114856313347,26.716383424309754,-0.6860447169174382
1864-10-16 12:00:00,20.82649803161621,24.938697814941406,26.313551668675206,28.28148349272939,25.62027931213379,24.68680191040039,27.075858097515816,26.7244873046875,12.9150972366333,26.89291396911662,25.907291412353516,27.16004180908203,24.913557052612305,2.174865961074829,27.520641591760498,27.870391650087573,27.189761145438954,-0.3572758777122861
1864-11-16 00:00:00,21.55851936340332,24.981353759765625,26.275193643097523,28.294082442523987,24.698938369750977,23.663333892822266,26.364365079854384,26.034282684326172,14.472458839416504,26.29945011527417,26.281766891479492,26.53783416748047,25.57194709777832,1.1217936277389526,27.819306023352876,28.039478427643378,27.61926690557965,-0.22440794823891633
1864-12-16 12:00:00,22.537216186523438,25.144092559814453,26.30918067602498,28.29879247329281,23.29635238647461,22.44556427001953,25.281969739376045,24.910423278808594,16.064722061157227,25.120212585322477,26.76192855834961,25.556705474853516,25.9945011138916,-0.02885977178812027,27.6052779683968,28.087357278122322,27.768631055499732,-0.4882650898697672
1865-01-16 12:00:00,23.794944763183594,24.840818405151367,26.405163039826526,28.29936704851961,22.19403648376465,21.261308670043945,24.39712007246686,23.912050247192383,18.727922439575195,24.167678412465307,27.00527000427246,24.681968688964844,26.458621978759766,-1.4994703531265259,27.429485312502063,28.03079642330778,27.788206218533574,-0.6093299362797042
1865-02-15 00:00:00,25.208181381225586,26.224632263183594,26.55949202005742,28.30642961197772,21.62692642211914,20.674592971801758,24.017248661885397,23.67334747314453,19.66996955871582,23.80206777049635,27.579256057739258,24.189544677734375,27.189098358154297,-2.638129711151123,27.655456683138926,28.108215385725657,28.06306905776941,-0.45840988839262065
1865-03-16 12:00:00,26.337270736694336,27.259672164916992,26.813280102258624,28.32712545418861,21.540191650390625,20.658565521240234,24.136729425178313,23.3759822845459,19.57427406311035,23.96716336625719,27.7615966796875,24.223140716552734,27.43815040588379,-3.100670099258423,28.272770723654542,28.511401055912753,28.552100819077964,-0.23735131581707752
1865-04-16 00:00:00,24.87086296081543,27.029926300048828,27.11313605938535,28.35874434767758,21.940719604492188,20.981983184814453,24.45866766889022,23.826801300048828,17.53699493408203,24.32689430163154,27.707199096679688,24.511810302734375,27.418912887573242,-3.0512940883636475,29.127040105055936,28.82263639031464,29.02310473721974,0.31467818150281013
1865-05-16 12:00:00,23.913013458251953,26.70651626586914,27.223904179044524,28.37597308313255,22.638809204101562,21.580995559692383,24.805707193030173,24.05770492553711,14.710762023925781,24.657788971474226,27.395082473754883,25.189258575439453,26.833234786987305,-2.0819523334503174,28.98720825682242,28.862484932664543,28.5489708610586,0.13374429424190926
1865-06-16 00:00:00,22.548038482666016,26.219196319580078,27.175602700088344,28.36354191143804,23.836259841918945,22.530969619750977,25.30449272122065,24.461185455322266,12.776657104492188,25.188496626714482,26.459938049316406,25.334728240966797,26.161277770996094,-0.6042299866676331,27.616188130097168,28.651081678259516,27.319265916893087,-1.0396147105917424
1865-07-16 12:00:00,21.382444381713867,25.699560165405273,26.93619131860457,28.337691554860417,24.91099739074707,23.512910842895508,25.99092903632606,25.32803726196289,12.217841148376465,25.71407598247191,25.858978271484375,26.066326141357422,25.367551803588867,0.8901957273483276,26.91399945426471,28.204753830575072,26.654690863701784,-1.3033289362465004
1865-08-16 12:00:00,20.32056427001953,24.610979080200195,26.556188947885165,28.30227891988268,25.477689743041992,24.29730224609375,26.66158616668807,26.296306610107422,11.831957817077637,26.247623552269765,25.498552322387695,26.418811798095703,24.515350341796875,1.9209504127502441,26.68090134475808,27.74992378338828,26.478974690038747,-1.084943479763101
1865-09-16 00:00:00,20.033153533935547,24.489063262939453,26.35710324756173,28.277023411719124,25.996496200561523,24.837100982666016,27.112537928870065,26.59123992919922,12.210603713989258,26.75584459917878,25.55804443359375,26.912580490112305,24.533220291137695,2.3724546432495117,26.909435749494072,27.736796850349016,26.67863583198086,-0.8411081001527865
1865-10-16 12:00:00,20.577402114868164,24.938697814941406,26.270024371714626,28.27633854964581,25.793977737426758,24.68680191040039,27.061578943449515,26.7244873046875,12.90976619720459,26.92619951578083,25.907291412353516,26.99652671813965,25.0452823638916,2.088866949081421,27.467581059678878,27.926488837341967,27.130955123797225,-0.46681044153660195
1865-11-16 00:00:00,22.185138702392578,24.981353759765625,26.24346481820651,28.285068706894098,24.647727966308594,23.74115753173828,26.41015112482884,26.175006866455078,14.472458839416504,26.356805426703694,26.404449462890625,26.53783416748047,25.579191207885742,1.1217936277389526,27.782828156926033,28.073347705947732,27.576539190902217,-0.29502548875293244
1865-12-16 12:00:00,22.605958938598633,25.144092559814453,26.280088846191923,28.293628867958017,23.27715301513672,22.373149871826172,25.357506690187552,24.901203155517578,16.064722061157227,25.209785490384867,26.757186889648438,25.566743850708008,25.981548309326172,-0.02885977178812027,27.624243566504415,28.173042507594072,27.78001736945167,-0.55459506086534
1866-01-16 12:00:00,24.676210403442383,24.788837432861328,26.37640002704579,28.293692374872336,22.229408264160156,21.215518951416016,24.387861732566027,23.912050247192383,18.727922439575195,24.163773710383367,27.057775497436523,24.681968688964844,26.55992889404297,-1.8245550394058228,27.39158858230391,28.061589117928122,27.726994614665102,-0.6783108696352098
1866-02-15 00:00:00,25.208181381225586,25.68288803100586,26.511882837565143,28.297369347939014,21.679597854614258,20.674592971801758,24.041004046517564,23.67334747314453,19.901199340820312,23.8247272814695,27.579256057739258,24.189544677734375,27.159317016601562,-2.7798163890838623,27.632402352521357,27.981363591969913,28.029347150535305,-0.35514081359678595
1866-03-16 12:00:00,26.104721069335938,26.96337127685547,26.73918211501109,28.318346736298807,21.540191650390625,20.435075759887695,24.087966972574137,23.255237579345703,19.57427406311035,23.92625771104162,27.706039428710938,24.417293548583984,27.464479446411133,-3.1716203689575195,28.246328795528942,28.44291930342697,28.50758167200782,-0.19573182642332454
1866-04-16 00:00:00,24.87086296081543,26.956045150756836,27.021774068313974,28.352345650544514,21.89413833618164,20.903493881225586,24.332719243859668,23.337194442749023,17.53699493408203,24.19063036292639,27.694517135620117,24.41122817993164,27.470767974853516,-3.0659334659576416,29.126306055287518,28.81961462017198,29.003794974630168,0.3169515307637715
1866-05-16 12:00:00,23.502544403076172,26.267520904541016,27.15321152445758,28.37056805779873,22.629056930541992,21.682388305664062,24.676533887463254,23.938058853149414,14.710762023925781,24.53035165167028,27.467041015625,24.936017990112305,26.833234786987305,-2.0545406341552734,28.89126294041304,28.843921417975725,28.456121140455036,0.05539171577405891
1866-06-16 00:00:00,21.631471633911133,26.272159576416016,27.079010986389733,28.356722325830784,24.08583641052246,22.377676010131836,25.207036102033133,24.387317657470703,12.776657104492188,25.124027191198067,26.424379348754883,25.628786087036133,26.098726272583008,-0.6717458963394165,27.567032463187317,28.650418447302243,27.258782063817126,-1.0885831706982017
1866-07-16 12:00:00,21.18117332458496,25.1911678314209,26.803830651441963,28.326694852436106,24.919239044189453,23.476198196411133,25.915163076497063,25.32803726196289,12.217841148376465,25.673487263696117,25.784263610839844,26.044937133789062,25.29007339477539,0.8901957273483276,26.849468004569395,28.188420691889053,26.572045424860566,-1.352189455579278
1866-08-16 12:00:00,20.29766845703125,24.14841651916504,26.434222435582683,28.28976087879371,25.606243133544922,24.34395408630371,26.6326069196036,26.21122932434082,11.831957817077637,26.230735531253856,25.498552322387695,26.418811798095703,24.515350341796875,1.9357770681381226,26.610161011519626,27.69628904116582,26.39143177329931,-1.102861150022293
1866-09-16 00:00:00,20.032543182373047,25.086288452148438,26.254116613327838,28.262721569754763,26.12696647644043,24.837100982666016,27.113160057274374,26.59123992919922,12.210603713989258,26.740144031881016,25.55804443359375,26.79812240600586,24.533220291137695,2.600271701812744,26.861058594236837,27.672677019975612,26.631850352359816,-0.8259869494108321
1866-10-16 12:00:00,20.39911651611328,24.938697814941406,26.15440132025851,28.261893717686323,25.793977737426758,24.67206573486328,27.042587095189145,26.7244873046875,12.947033882141113,26.902233677712942,25.741439819335938,26.99652671813965,24.907527923583984,2.220750570297241,27.37956583957941,27.870078944563005,27.047340952288227,-0.49940126807950064
1866-11-16 00:00:00,21.464269638061523,24.981353759765625,26.13710818907454,28.271910384011594,24.698938369750977,23.690176010131836,26.28531525314865,26.096956253051758,14.472458839416504,26.239558176953736,26.324125289916992,26.51677894592285,25.579191207885742,1.0751787424087524,27.718417910922597,27.99953734072745,27.492847716928992,-0.28642500390743497
1866-12-16 12:00:00,22.782838821411133,25.144092559814453,26.164522383045544,28.279247461984284,23.29635238647461,22.44556427001953,25.168750224077538,24.853607177734375,16.064722061157227,25.022670912953267,26.687881469726562,25.792940139770508,25.99650764465332,-0.4066202640533447,27.560866873659368,28.157592684550842,27.69386974642116,-0.6031708639245241
1867-01-16 12:00:00,23.794944763183594,24.488353729248047,26.27125020296839,28.278863661259702,22.20454978942871,21.45024871826172,24.240005793145716,23.92238426208496,18.716062545776367,24.018654161312867,27.00167465209961,24.52794647216797,26.55992889404297,-1.910447120666504,27.34600543988756,28.087833866734474,27.670236249771214,-0.7505154211834366
1867-02-15 00:00:00,25.152389526367188,25.481969833374023,26.422163523857627,28.28212713954007,21.646997451782227,20.413633346557617,23.887315585343707,23.67334747314453,19.901199340820312,23.6725810138271,27.52753257751465,24.189544677734375,27.26233673095703,-3.081355333328247,27.506873624553865,27.888236064547883,27.872749179622147,-0.3889781120783876
1867-03-16 12:00:00,25.7061767578125,26.727622985839844,26.673787626362987,28.302956298005228,21.535184860229492,20.498798370361328,23.96407668906949,23.753158569335938,19.57427406311035,23.778946587056843,27.81293487548828,24.122859954833984,27.479873657226562,-3.0184526443481445,28.151329089840775,28.3764428786785,28.411193022919086,-0.22533229080713546
1867-04-16 00:00:00,24.8375186920166,26.65486717224121,26.942993722655455,28.33552142270397,21.88994026184082,20.918733596801758,24.273776576200607,23.446044921875,17.53699493408203,24.116954332210753,27.70656394958496,24.27651023864746,27.418912887573242,-3.2156569957733154,29.03184937623478,28.794319519566546,28.9029341237986,0.24681731113057365
1867-05-16 12:00:00,24.51175880432129,26.36347770690918,27.072050325305735,28.354850307432685,22.64220428466797,21.688610076904297,24.60607073139416,23.87789535522461,14.710762023925781,24.422991683357886,27.415040969848633,25.124753952026367,26.833234786987305,-2.152456521987915,28.870526138535162,28.880802994944517,28.413557304209274,-0.0023378706908800152
1867-06-16 00:00:00,21.742738723754883,26.380035400390625,27.033501649029358,28.344607056567668,23.683778762817383,22.759174346923828,25.108775337015764,24.387317657470703,13.170830726623535,24.98235645551953,26.387575149536133,25.638731002807617,26.098726272583008,-0.5888566374778748,27.484399416400528,28.71189723861604,27.17152953355526,-1.2333442950395883
1867-07-16 12:00:00,20.89003562927246,25.1911678314209,26.810883894978513,28.321466390035418,25.01675033569336,23.440156936645508,25.817470572171093,25.32803726196289,12.067434310913086,25.5263985300913,25.772220611572266,26.17219352722168,25.27603530883789,0.8022857904434204,26.827708336706227,28.3167882339216,26.539351896649762,-1.5022171435535032
1867-08-16 12:00:00,20.29766845703125,24.289533615112305,26.431142900586323,28.28669121923127,25.477689743041992,24.24543571472168,26.56539233301194,26.14356803894043,11.831957817077637,26.126820326323042,25.498552322387695,26.413694381713867,24.515350341796875,1.9357770681381226,26.592960066397872,27.93374298474529,26.36950639420754,-1.357109476434469
1867-09-16 00:00:00,20.032543182373047,25.086288452148438,26.22043798950188,28.257434954819395,25.996496200561523,24.878032684326172,27.08233577788661,26.609590530395508,12.210603713989258,26.694501222972804,25.55804443359375,26.79812240600586,24.533220291137695,2.4040448665618896,26.806088629250418,27.9064213712887,26.588837549425737,-1.1146681753331735
1867-10-16 12:00:00,20.107975006103516,24.938697814941406,26.152025539000125,28.258598030621826,25.656156539916992,24.734159469604492,27.022576521912104,26.71843910217285,12.853357315063477,26.856255655493797,25.72467041015625,27.19684600830078,24.69335174560547,2.174865961074829,27.365414498000163,28.068161472276213,27.04991014530713,-0.7112940788824211
1867-11-16 00:00:00,21.18270492553711,24.981353759765625,26.08931648641927,28.268300107980114,24.542823791503906,23.729095458984375,26.301621104550225,26.096956253051758,14.472458839416504,26.230443792737397,26.335803985595703,26.51677894592285,25.57194709777832,1.0751787424087524,27.70565050043729,28.085779207775875,27.497522957662444,-0.3853495493129394
1867-12-16 12:00:00,22.26343536376953,25.144092559814453,26.15693543394412,28.27907867276541,23.27680206298828,22.54556655883789,25.158380045068657,24.853607177734375,16.064722061157227,24.998450555092717,26.687881469726562,25.792940139770508,25.9945011138916,-0.4066202640533447,27.507740657816147,28.08030841718534,27.655070602060395,-0.5797119158730277
1868-01-16 12:00:00,23.347251892089844,24.68416404724121,26.278217191554603,28.28083167974453,22.2801513671875,21.39325714111328,24.197958948731532,23.9105224609375,18.727922439575195,23.977080082576236,27.046031951904297,24.52794647216797,26.458621978759766,-1.9398878812789917,27.30175951138788,27.98650829686486,27.646572748108778,-0.694107146589978
1868-02-15 12:00:00,25.208181381225586,25.508197784423828,26.445013642111775,28.28564893269989,21.628738403320312,20.47735595703125,23.781650471950783,23.67334747314453,19.66996955871582,23.564381032076014,27.518842697143555,24.189544677734375,27.20453643798828,-3.2023086547851562,27.52061655757985,27.88225014749493,27.922824678502725,-0.36913105631472565
1868-03-16 12:00:00,26.104721069335938,26.727622985839844,26.696606249312506,28.308695945076614,21.535184860229492,20.498798370361328,23.83135169265195,23.753158569335938,19.34304428100586,23.65364504753331,27.81293487548828,24.122859954833984,27.43815040588379,-3.1853580474853516,28.18788749691078,28.411169710297067,28.4680407418275,-0.22306413523556765
1868-04-16 00:00:00,24.87086296081543,26.66144561767578,26.99877602513908,28.342919856607065,21.88994026184082,20.68366050720215,24.069021368330613,23.812400817871094,17.53699493408203,23.92842138380459,27.694517135620117,24.445777893066406,27.470767974853516,-3.321370840072632,29.049184365181077,28.797711883866913,28.93498236070756,0.2609354241280366
1868-05-16 12:00:00,23.531038284301758,26.03855323791504,27.14562060963558,28.365161038563187,22.613950729370117,21.688610076904297,24.48154873517411,23.905467987060547,14.710762023925781,24.34878941881506,27.467041015625,24.960290908813477,26.833234786987305,-1.833736538887024,28.8918293374946,28.857822352540833,28.493783567545822,0.04209616442705144
1868-06-16 00:00:00,22.433698654174805,26.15608787536621,27.116319943450087,28.355899862416887,23.836259841918945,22.558372497558594,25.03489548507749,24.46958351135254,13.085346221923828,24.95602698835456,26.424379348754883,25.396930694580078,26.098726272583008,-0.5091818571090698,27.581450475075577,28.701262015025183,27.293181297143235,-1.124746971406879
1868-07-16 12:00:00,22.59046173095703,25.82497787475586,26.909789591137937,28.334193647239747,24.91099739074707,23.445629119873047,25.772803220454115,25.32803726196289,12.123163223266602,25.50794138114052,25.810646057128906,26.17219352722168,25.264873504638672,0.8901957273483276,26.836409174261714,28.24534867297665,26.57107424740045,-1.4221650325651676
1868-08-16 12:00:00,20.29766845703125,24.673721313476562,26.566669967886575,28.30450671832844,25.41728973388672,24.24543571472168,26.50715016605098,26.14356803894043,11.831957817077637,26.082358268370335,25.498552322387695,26.468612670898438,24.515350341796875,1.9357770681381226,26.601693642581207,27.794026933800403,26.38773807673532,-1.2089124571380179
1868-09-16 00:00:00,20.032543182373047,24.368484497070312,26.3604910609735,28.277556382495636,26.089237213134766,24.846017837524414,27.01938437297152,26.582380294799805,12.210603713989258,26.632998110454757,25.55804443359375,26.791826248168945,24.533220291137695,2.600271701812744,26.83317045255722,27.786751327681756,26.62540649209008,-0.9679434912384617
1868-10-16 12:00:00,20.82649803161621,24.938697814941406,26.289149134480787,28.279858906001813,25.78449821472168,25.118946075439453,26.98981754245651,26.7244873046875,12.841842651367188,26.841873093655046,25.74880599975586,27.053407669067383,24.8002872467041,2.174865961074829,27.401995311270845,27.985607960900275,27.08531506101574,-0.5920057580073326
1868-11-16 00:00:00,20.63151741027832,24.981353759765625,26.242739209311708,28.290254103051105,24.818078994750977,23.757328033447266,26.287305799848898,26.096956253051758,14.472458839416504,26.24429726760114,26.374494552612305,26.51677894592285,25.57194709777832,1.0751787424087524,27.727668452165823,28.067639570485255,27.525378206817553,-0.34502319491715266
1868-12-16 12:00:00,23.197145462036133,25.144092559814453,26.272680400918894,28.300880558025177,23.28140640258789,22.373149871826172,25.181019829852374,24.853607177734375,16.6485652923584,25.03540695896215,26.71548843383789,25.78289031982422,25.96135139465332,-0.38913795351982117,27.533672820747455,28.126598893098727,27.67709003413005,-0.5997083240905727
1869-01-16 12:00:00,24.676210403442383,24.788837432861328,26.37692858626092,28.299339482729767,22.216228485107422,21.215518951416016,24.26698881841443,23.77121353149414,18.727922439575195,24.050134907346226,27.00527000427246,24.52794647216797,26.458621978759766,-1.8245550394058228,27.36664809713124,27.990740837866383,27.711394324868465,-0.6328146250166296
1869-02-15 00:00:00,25.208181381225586,25.68288803100586,26.530949810445463,28.30514455141653,21.679597854614258,20.745210647583008,23.912460057765227,23.67334747314453,19.66996955871582,23.704551341897265,27.579256057739258,24.189544677734375,27.205223083496094,-2.843409299850464,27.604312182164414,28.013357694244363,28.00194004828873,-0.4154190499822003
1869-03-16 12:00:00,26.43522834777832,27.000415802001953,26.79391558118745,28.327761287685398,21.535184860229492,20.498798370361328,23.97638341672904,23.753158569335938,19.57427406311035,23.816256941892917,27.7615966796875,24.122859954833984,27.444171905517578,-3.2928688526153564,28.22356342044514,28.47830260707853,28.497763834494044,-0.2540149043216153
1869-04-16 00:00:00,24.87086296081543,27.114879608154297,27.10226075965317,28.362034003141392,21.85004997253418,20.918733596801758,24.248147717319778,23.544170379638672,17.51148796081543,24.099203567604526,27.998085021972656,24.504125595092773,27.42729377746582,-3.2156569957733154,29.077329039198332,28.804639710802242,28.974634682065204,0.2824406141343508
1869-05-16 12:00:00,23.547517776489258,26.72145652770996,27.23891509114228,28.382311126168897,22.613950729370117,21.40916633605957,24.66309784443328,23.938058853149414,14.710762023925781,24.51195894556635,27.399065017700195,24.936017990112305,26.833234786987305,-2.1635901927948,28.93043372827528,28.866831922921747,28.50123049132467,0.07208529923370621
1869-06-16 00:00:00,22.42548370361328,26.184480667114258,27.18939219727898,28.37220947300692,23.75831413269043,22.759174346923828,25.196799595701652,24.387317657470703,13.170830726623535,25.08140889432505,26.458412170410156,25.628786087036133,26.149274826049805,-0.5888566374778748,27.573843189960435,28.651157639666334,27.28267797614684,-1.0824441202743522
1869-07-16 12:00:00,21.3946590423584,25.234338760375977,26.982358851552654,28.34961022163227,25.01675033569336,23.440156936645508,25.894816403928733,25.32803726196289,12.067434310913086,25.622787105766804,25.687135696411133,26.044937133789062,25.367551803588867,0.8022857904434204,26.89841555277653,28.20927074875333,26.64648123973697,-1.323569271889071
1869-08-16 12:00:00,20.29656982421875,24.79354476928711,26.637863701725372,28.31724317327157,25.477689743041992,24.230545043945312,26.594529361568885,26.220985412597656,11.831957817077637,26.180297454054575,25.498552322387695,26.418811798095703,24.515350341796875,1.9209504127502441,26.700145459553486,27.71353893688461,26.49232902846721,-1.0292165197091139
1869-09-16 00:00:00,20.032543182373047,24.103118896484375,26.41226337147343,28.28794893507055,26.005950927734375,24.905643463134766,27.067267982315546,26.59123992919922,12.210603713989258,26.686353863208303,25.55804443359375,26.79812240600586,24.533220291137695,2.383286476135254,26.93349961843913,27.712109099909547,26.722937246280143,-0.79218375884419
1869-10-16 12:00:00,21.832422256469727,24.938697814941406,26.344384361050643,28.28967474048281,25.656156539916992,24.743858337402344,27.033546855654006,26.7244873046875,12.90976619720459,26.862183053390403,25.804405212402344,26.99652671813965,24.907527923583984,2.1036932468414307,27.51724289123736,27.93153475831499,27.167610408678,-0.421703053502535
1869-11-16 00:00:00,21.55851936340332,24.981353759765625,26.26296298406377,28.298745712529552,24.716655731201172,23.729095458984375,26.310633032644983,26.096956253051758,14.472458839416504,26.241175296627105,26.30573272705078,26.51677894592285,25.579191207885742,1.0751787424087524,27.82459035566099,28.06406719118363,27.605200570770492,-0.24360208653197296
1869-12-16 12:00:00,22.537216186523438,25.144092559814453,26.299465053166642,28.303600981668716,23.27680206298828,22.54556655883789,25.184775143228144,24.853607177734375,16.064722061157227,25.02745760269798,26.757186889648438,25.78289031982422,25.977174758911133,-0.4066202640533447,27.608368585166325,28.204223483006544,27.754012767669604,-0.6017290474350356
1870-01-16 12:00:00,24.529727935791016,24.76597023010254,26.393740026320906,28.30070085196552,22.211544036865234,21.410837173461914,24.240943573797512,23.9105224609375,18.727922439575195,24.019656189613436,27.20496940612793,24.52794647216797,26.55992889404297,-1.9492521286010742,27.44091520607972,28.057821690365717,27.798028082157554,-0.6247498278809618
1870-02-15 00:00:00,25.208181381225586,25.91678810119629,26.531244220710132,28.304859488173033,21.679597854614258,20.594284057617188,23.90593270868662,23.67334747314453,19.66996955871582,23.707159742835408,27.58323860168457,24.189544677734375,27.26233673095703,-3.2023086547851562,27.68759679633686,28.062911176108855,28.114440959949587,-0.3807646087799336
1870-03-16 12:00:00,26.104721069335938,27.000415802001953,26.78150182235344,28.324802527041665,21.535184860229492,20.498798370361328,23.959181632851333,23.753158569335938,19.57427406311035,23.795418174593806,27.754810333251953,24.122859954833984,27.472623825073242,-3.066847085952759,28.257740161706828,28.461516921312604,28.539180722401564,-0.2027630968068762
1870-04-16 00:00:00,24.87086296081543,26.977195739746094,27.067716576732153,28.357762547468152,21.88993263244629,20.865903854370117,24.276691837025727,23.25522232055664,17.53699493408203,24.136445977762065,27.998085021972656,24.54383087158203,27.416231155395508,-3.321370840072632,29.092749942358232,28.821298719412923,29.0063050112502,0.2813915133677956
1870-05-16 12:00:00,23.47268295288086,26.328670501708984,27.195632265694062,28.379616519497162,22.62094497680664,21.682388305664062,24.624340251564394,23.87789535522461,14.710762023925781,24.471453044971092,27.395082473754883,25.124753952026367,26.833234786987305,-1.833736538887024,29.026879479001803,28.87772485144884,28.594977218398864,0.15859523189306787
1870-06-16 00:00:00,22.695730209350586,26.12518882751465,27.15728463313915,28.36821774144837,23.832168579101562,22.530969619750977,25.146088753989936,24.387317657470703,13.085346221923828,25.044871144643963,26.458412170410156,25.869857788085938,26.149274826049805,-0.5091818571090698,27.640642892075153,28.601656858707607,27.345952627890668,-0.9656182833697209
1870-07-16 12:00:00,21.382444381713867,25.699560165405273,26.93611090668409,28.34421062606885,24.9417724609375,23.440156936645508,25.849378513380284,25.32803726196289,12.123163223266602,25.581863013014363,25.844327926635742,26.02513885498047,25.29007339477539,0.8022857904434204,26.938508311676998,28.06283590580199,26.677865385994007,-1.1370078165122226
1870-08-16 12:00:00,20.29766845703125,24.673721313476562,26.576150236016534,28.30947766743862,25.477689743041992,24.24543571472168,26.56807962435617,26.174598693847656,11.831957817077637,26.142943163280002,25.498552322387695,26.39775848388672,24.515350341796875,1.9357770681381226,26.697746725868797,27.58592463625388,26.494275681728702,-0.90433182268881
1870-09-16 00:00:00,20.032543182373047,24.39594268798828,26.374325998671388,28.28411753875215,26.005950927734375,24.89984893798828,27.020754422028272,26.582380294799805,12.210603713989258,26.621724584033977,25.55804443359375,26.791826248168945,24.533220291137695,2.3724546432495117,26.901257932792245,27.559554400430837,26.690606190264962,-0.6725497827866924
1870-10-16 12:00:00,21.99574851989746,24.938697814941406,26.324376993808553,28.287776249922185,25.646747589111328,24.734159469604492,26.985524453683563,26.71843910217285,12.90976619720459,26.824776397177537,25.74652099609375,27.168270111083984,24.907527923583984,2.1036932468414307,27.49519455575419,27.8118798521873,27.16045347453821,-0.32459780787816
1870-11-16 00:00:00,21.592626571655273,24.981353759765625,26.305324687585006,28.299003488625253,24.716655731201172,23.690176010131836,26.286719766127842,26.096956253051758,14.472458839416504,26.233065421522603,26.30573272705078,26.51677894592285,25.579191207885742,1.0751787424087524,27.781439420259435,27.962723464379874,27.56726810811111,-0.18607013738535302
1870-12-16 12:00:00,22.418060302734375,24.410734176635742,26.359296585609638,28.307933021702386,23.27680206298828,22.44556427001953,25.23165812429166,24.910423278808594,16.064722061157227,25.08206416777591,26.784950256347656,25.807950973510742,25.99650764465332,-0.39816826581954956,27.602522264361696,28.16442441523455,27.74810564396339,-0.5679286942999273
1871-01-16 12:00:00,24.652544021606445,24.671302795410156,26.47594544406758,28.31002261650294,22.22052574157715,21.266433715820312,24.303287043382987,23.682706832885742,18.727922439575195,24.075624269740615,27.25836944580078,24.62084197998047,26.458621978759766,-1.9315390586853027,27.441231889723372,28.139669261348036,27.799859705965368,-0.7060802982729877
1871-02-15 00:00:00,25.208181381225586,26.391437530517578,26.642234605854824,28.311616988174084,21.679597854614258,20.643136978149414,23.924969395822846,23.67334747314453,19.901199340820312,23.703727272728237,27.647539138793945,24.189544677734375,27.20453643798828,-3.170949935913086,27.643123571305214,28.153319991869605,28.043091737965263,-0.5158578776152121
1871-03-16 12:00:00,26.341018676757812,26.80077362060547,26.878317245815218,28.331713363914062,21.535184860229492,20.498798370361328,24.00056487661629,23.753158569335938,19.57427406311035,23.81507499977875,27.813249588012695,24.122859954833984,27.464479446411133,-3.067619562149048,28.31908058638544,28.54030314569587,28.60526751171779,-0.2194268920803187
1871-04-16 00:00:00,24.87086296081543,27.36526870727539,27.14419368673144,28.363371631221238,21.85004997253418,20.865903854370117,24.34903521096653,23.337194442749023,17.53699493408203,24.204499379148217,27.767208099365234,24.492908477783203,27.42729377746582,-3.0659334659576416,29.15940271817263,28.888346854668182,29.05270739467638,0.28180112614443587
1871-05-16 12:00:00,23.83993911743164,26.86040496826172,27.267668916078986,28.38285525371547,22.629926681518555,21.592281341552734,24.73643205755445,24.186506271362305,14.710762023925781,24.57964645363994,27.374528884887695,24.82227325439453,26.833234786987305,-2.0819523334503174,29.026152343735784,28.96515394685497,28.603435614780082,0.07064280259870365
1871-06-16 00:00:00,22.42548370361328,25.769664764404297,27.234576278793774,28.373329537600736,24.08583641052246,23.077180862426758,25.26863297944436,24.433578491210938,13.085346221923828,25.17522194503018,26.661428451538086,25.334728240966797,26.098726272583008,-0.6042299866676331,27.715645303866822,28.655004333991272,27.41129500163001,-0.9431108249480975
1871-07-16 12:00:00,21.48270034790039,25.348339080810547,27.01034615139177,28.350753417625377,24.8828182220459,23.4872989654541,25.97515510192365,25.32803726196289,12.123163223266602,25.700752993441455,25.808515548706055,26.049606323242188,25.269790649414062,0.7302113771438599,26.971937934806526,28.2090580327358,26.714828174636253,-1.2491250870314132
1871-08-16 12:00:00,20.32056427001953,25.29393196105957,26.61836527123784,28.314947585702352,25.606243133544922,24.29730224609375,26.684665186955552,26.198644638061523,11.831957817077637,26.265683984782548,25.498552322387695,26.418811798095703,24.515350341796875,1.9735866785049438,26.762431733425437,27.754503216678245,26.56492179468224,-1.007194593073078
1871-09-16 00:00:00,20.07887077331543,24.440994262695312,26.40055843204788,28.28444364956288,25.996496200561523,24.837100982666016,27.134735291252692,26.627639770507812,12.210603713989258,26.74990733161644,25.55804443359375,26.912580490112305,24.533220291137695,2.600271701812744,26.95400974714345,27.752996919932563,26.752366781153537,-0.8122649035673084
1871-10-16 12:00:00,21.832422256469727,24.21036148071289,26.333526353706027,28.28493761201106,25.793977737426758,24.68680191040039,27.037601762504973,26.7244873046875,13.307656288146973,26.880619024249732,25.83122444152832,26.99652671813965,24.913557052612305,2.174865961074829,27.525007536276423,27.959237822010728,27.1818971758053,-0.44149973096706824
1871-11-16 00:00:00,21.55851936340332,24.981353759765625,26.28103898477209,28.2964785676502,24.647727966308594,23.663333892822266,26.35643532570315,26.034282684326172,14.472458839416504,26.301802419277898,26.30573272705078,26.53783416748047,25.579191207885742,1.0751787424087524,27.84645835733237,28.076004285808473,27.61389351664684,-0.2334313367983335
1871-12-16 12:00:00,22.537216186523438,25.144092559814453,26.32578451352328,28.304971767244556,23.267648696899414,22.373149871826172,25.295506498390967,24.910423278808594,16.064722061157227,25.148240891116217,26.757186889648438,25.556705474853516,25.99650764465332,-0.38913795351982117,27.622980652450313,28.2030356109785,27.75951127911719,-0.5857909443971454
1872-01-16 12:00:00,24.676210403442383,24.788837432861328,26.394766247196642,28.302364712335965,22.216228485107422,21.266433715820312,24.29849165650704,23.77121353149414,18.727922439575195,24.081257583716813,27.20496940612793,24.81327247619629,26.544408798217773,-1.9398878812789917,27.422454325847696,28.086355892907765,27.753692391829897,-0.6718542804331515
1872-02-15 12:00:00,25.208181381225586,26.224632263183594,26.542544458550644,28.303500096078842,21.679597854614258,20.643136978149414,23.893821624156743,23.67334747314453,19.66996955871582,23.690039743240483,27.58323860168457,24.189544677734375,27.26233673095703,-2.860745906829834,27.643439282755228,28.063237853396743,28.03264733056892,-0.4256741972477055
1872-03-16 12:00:00,27.07140350341797,27.000415802001953,26.783359710742634,28.324915856212545,21.535184860229492,20.498798370361328,23.987001841938334,23.753158569335938,19.34304428100586,23.820519008368215,27.765226364135742,24.122859954833984,27.567312240600586,-3.112262487411499,28.290656103152838,28.575131972761728,28.578344654661663,-0.28287055732501043
1872-04-16 00:00:00,24.87086296081543,27.029926300048828,27.085770542006074,28.360369180717306,21.85004997253418,20.918733596801758,24.276980944922546,23.446044921875,17.53699493408203,24.14648345161357,27.767208099365234,24.27651023864746,27.51323699951172,-2.8281795978546143,29.144523883921924,28.894552743467358,29.064217896862257,0.26058776470458433
1872-05-16 12:00:00,23.588151931762695,26.75567626953125,27.221494723204106,28.38023859606284,22.629926681518555,21.40916633605957,24.67011160471221,24.280750274658203,14.710762023925781,24.5322970838131,27.399065017700195,25.329917907714844,26.833234786987305,-1.9718657732009888,29.00244235274196,28.91267128717658,28.55731630669646,0.09906008244368353
1872-06-16 00:00:00,22.441574096679688,26.219196319580078,27.164915599382653,28.36908666277447,23.832168579101562,22.530969619750977,25.211091737593403,24.387317657470703,13.221221923828125,25.126363824889893,26.661428451538086,25.334728240966797,26.1341609954834,-0.5091818571090698,27.65858638986015,28.664717050923233,27.356101027270984,-1.01040973836023
1872-07-16 12:00:00,21.48270034790039,25.214019775390625,26.949336684600766,28.34467428835363,24.9417724609375,23.445629119873047,25.908776999923216,25.32803726196289,12.005812644958496,25.65151483917255,25.808515548706055,26.049606323242188,25.367551803588867,0.8107947707176208,26.979275938959073,28.13151584567668,26.720708185960852,-1.164361052059205
1872-08-16 12:00:00,20.571428298950195,25.29393196105957,26.597442747782846,28.310495685257237,25.477689743041992,24.29730224609375,26.62391283756897,26.21122932434082,11.831957817077637,26.21651813051683,25.498552322387695,26.418811798095703,24.515350341796875,1.9209504127502441,26.768380927197466,27.630145436836713,26.583156160013246,-0.8771300670320066
1872-09-16 00:00:00,20.31406021118164,24.62578010559082,26.416949314000433,28.283909210049952,26.082054138183594,25.34358024597168,27.130705037196027,26.489013671875,12.210603713989258,26.785253686465524,25.55804443359375,26.912580490112305,24.533220291137695,2.4281091690063477,26.99476977647747,27.659821872645228,26.7964160302018,-0.6781611069963858
1872-10-16 12:00:00,20.54429817199707,24.21036148071289,26.349699071899998,28.287287347482607,25.78449821472168,25.136978149414062,27.1166816147762,26.769746780395508,12.841842651367188,26.992155553181313,25.899450302124023,26.99652671813965,25.05527114868164,2.1036932468414307,27.542269851276973,27.914703931795646,27.224511400985733,-0.37964430422767864
1872-11-16 00:00:00,21.55851936340332,24.981353759765625,26.300356240284465,28.298451164588702,24.818078994750977,23.772218704223633,26.409585374532877,26.175006866455078,14.472458839416504,26.38102168161239,26.33643341064453,26.53783416748047,25.56268310546875,1.0751787424087524,27.856308270308833,28.077234769744535,27.664571855438084,-0.22471387444091612
1872-12-16 12:00:00,22.605958938598633,25.144092559814453,26.33929981599037,28.305772850918114,23.43692398071289,22.42987823486328,25.36663252605849,24.99164390563965,16.064722061157227,25.241503815758513,26.95895767211914,25.637365341186523,25.98204803466797,-0.38913795351982117,27.633424594849522,28.22109261591057,27.792760404096263,-0.5932596662657001
1873-01-16 12:00:00,24.296051025390625,25.168973922729492,26.437547580911737,28.303849833738255,22.391284942626953,21.658008575439453,24.45988066450853,24.066104888916016,18.727922439575195,24.255285909086638,27.24301528930664,24.808605194091797,26.544408798217773,-1.5201693773269653,27.430011587382168,28.147139967931054,27.76829017444442,-0.7248615854655278
1873-02-15 00:00:00,25.208181381225586,26.224632263183594,26.58061602060421,28.30493552010979,21.715938568115234,20.692380905151367,24.078665657269237,23.67334747314453,19.901199340820312,23.873417313181932,27.630451202392578,24.189544677734375,27.26233673095703,-2.638129711151123,27.693482627450518,28.14392872054889,28.084997047203867,-0.45564415610660947
1873-03-16 12:00:00,26.104721069335938,27.259672164916992,26.834500909743163,28.325651850714326,21.540191650390625,20.435075759887695,24.128914327494062,23.306476593017578,19.57427406311035,23.959331939854863,27.765226364135742,24.223140716552734,27.472623825073242,-3.2928688526153564,28.34532613328255,28.561572453722007,28.622363747126595,-0.21414605780624751
1873-04-16 00:00:00,24.87086296081543,27.114879608154297,27.103374331448048,28.356908516170822,21.89413833618164,20.865903854370117,24.399638819454626,23.58251953125,17.53699493408203,24.251656088423907,27.767208099365234,24.506689071655273,27.416231155395508,-3.2156569957733154,29.198588929280707,28.92142133349677,29.100785336370752,0.2883708163926803
1873-05-16 12:00:00,23.531038284301758,26.75567626953125,27.231174547968376,28.3770641645551,22.638809204101562,21.592281341552734,24.78900710427565,23.998397827148438,14.710762023925781,24.629542196621685,27.399065017700195,24.842464447021484,26.833234786987305,-2.287916660308838,28.998146658686377,28.996948481497476,28.559566983712063,0.010648953340023887
1873-06-16 00:00:00,22.537437438964844,26.184480667114258,27.184982368022347,28.36409452902149,23.836259841918945,22.67768669128418,25.297582323771667,24.433578491210938,12.776657104492188,25.171679552244136,26.441566467285156,25.334728240966797,26.236019134521484,-0.6717458963394165,27.616326651924282,28.754918311155112,27.30391472659958,-1.1430611016286234
1873-07-16 12:00:00,21.29681968688965,25.12411117553711,26.947060667290337,28.341253792785302,24.91099739074707,23.50360870361328,25.99313633529079,25.32803726196289,12.180689811706543,25.700871530430646,25.808515548706055,26.049606323242188,25.367551803588867,0.8901957273483276,26.947613598383942,28.219621840201338,26.672774628814608,-1.284222524051037
1873-08-16 12:00:00,20.29656982421875,24.699905395507812,26.559939354335384,28.30567902762883,25.606243133544922,24.29730224609375,26.715744704258558,26.226497650146484,11.831957817077637,26.30103551928189,25.498552322387695,26.511396408081055,24.515350341796875,2.0139009952545166,26.695496134368994,27.74196299904681,26.491228307666123,-1.0622662404820085
1873-09-16 00:00:00,20.0091552734375,24.54701805114746,26.367209971667258,28.277429550729586,26.060548782348633,25.07308006286621,27.182736650590325,26.489013671875,12.210603713989258,26.816403754942833,25.55804443359375,27.099430084228516,24.533220291137695,2.4281091690063477,26.925028678230444,27.708213826992708,26.70837012582432,-0.7968505759784867
1873-10-16 12:00:00,21.832422256469727,24.938697814941406,26.294241858947004,28.280066847171874,25.77069091796875,24.68680191040039,27.134927461858833,26.733346939086914,12.901551246643066,26.97296516356159,25.74652099609375,26.99652671813965,25.047109603881836,2.1036932468414307,27.464001065929185,27.910619773945722,27.118103558093893,-0.4545941894754606
1873-11-16 00:00:00,21.592626571655273,24.981353759765625,26.240611947864767,28.290038141709587,24.647727966308594,23.663333892822266,26.422532404733648,26.16751480102539,14.472458839416504,26.36503354746106,26.30573272705078,26.53783416748047,25.56268310546875,1.0751787424087524,27.791583606962757,28.0492701765064,27.570758996590154,-0.2621660647998863
1873-12-16 12:00:00,22.537216186523438,25.144092559814453,26.26894959865107,28.29903097961244,23.27715301513672,22.373149871826172,25.3398015200045,24.98174476623535,16.064722061157227,25.197845179767945,26.757186889648438,25.479475021362305,25.987945556640625,-0.38913795351982117,27.56998804502281,28.218878312561337,27.70006056384519,-0.6550995086685607
1874-01-16 12:00:00,24.652544021606445,24.840818405151367,26.37182029184589,28.29522788742373,22.210657119750977,21.261308670043945,24.379493433221587,23.912050247192383,18.727922439575195,24.169934879546794,27.131895065307617,24.681968688964844,26.544408798217773,-1.8245550394058228,27.377159850750967,28.074899564161893,27.707450978370428,-0.7061572103113616
1874-02-15 00:00:00,25.208181381225586,26.224632263183594,26.528725316236553,28.297088617609973,21.62692642211914,20.674592971801758,24.055140820978608,23.67334747314453,19.901199340820312,23.84282890619027,27.579256057739258,24.189544677734375,27.26233673095703,-2.815584897994995,27.58841800058103,27.967976469783867,27.975629824277906,-0.386194838008144
1874-03-16 12:00:00,26.10016441345215,26.944992065429688,26.765126374327128,28.320354229068307,21.535184860229492,20.435075759887695,24.111471981510004,23.305950164794922,19.34304428100586,23.947540311277194,27.766857147216797,24.223140716552734,27.472623825073242,-3.2844600677490234,28.23641187870396,28.44661474442176,28.50912786040138,-0.20943098627732115
1874-04-16 00:00:00,24.87086296081543,26.956045150756836,27.036101391862314,28.35261015085558,21.899303436279297,20.917831420898438,24.381106216890228,23.5737361907959,17.53699493408203,24.24672298706337,27.707199096679688,24.71223258972168,27.416231155395508,-3.0659334659576416,29.07850114912258,28.813319588559622,28.94936151244739,0.27496508883691545
1874-05-16 12:00:00,23.538909912109375,26.453369140625,27.148127816694085,28.372239647779054,22.62094497680664,21.580995559692383,24.71796680648208,24.105648040771484,14.710762023925781,24.573536762212072,27.395082473754883,24.79044532775879,26.833234786987305,-2.0819523334503174,28.979707718606416,28.905600706607224,28.51052311048457,0.0831595566158038
1874-06-16 00:00:00,23.722620010375977,26.272159576416016,27.086145487560515,28.358653683792483,23.832168579101562,22.377676010131836,25.255457344154777,24.433578491210938,12.776657104492188,25.150046230041895,26.459938049316406,25.334728240966797,26.098726272583008,-0.6042299866676331,27.57712188303402,28.666467814155528,27.25880289835778,-1.0944070397603494
1874-07-16 12:00:00,21.18117332458496,25.317241668701172,26.8392238212384,28.330672671116186,24.892953872680664,23.4872989654541,25.95644230935412,25.32803726196289,12.123163223266602,25.686100385069132,25.858978271484375,26.049606323242188,25.269790649414062,0.7499372959136963,26.869958848203666,28.169302223504626,26.605379012557503,-1.3124284773084038
1874-08-16 12:00:00,20.29766845703125,24.463605880737305,26.461981701342374,28.293294963629666,25.477689743041992,24.29730224609375,26.65235369392403,26.21122932434082,11.831957817077637,26.226948733106255,25.498552322387695,26.418811798095703,24.515350341796875,2.0139009952545166,26.664440293094593,27.720094104313457,26.45596008025799,-1.0718056546758727
1874-09-16 00:00:00,20.032543182373047,25.086288452148438,26.27257370201035,28.26612028110212,26.005950927734375,24.837100982666016,27.125614055181803,26.59123992919922,12.210603713989258,26.73114701098129,25.55804443359375,26.79812240600586,24.533220291137695,2.4281091690063477,26.905572510176366,27.70557155606092,26.706344876604334,-0.8138586252549271
1874-10-16 12:00:00,20.82649803161621,24.938697814941406,26.200804685841366,28.26605586163257,25.646747589111328,24.68680191040039,27.085425770261605,26.7244873046875,12.90976619720459,26.904215639717272,25.907291412353516,26.99652671813965,24.69335174560547,2.174865961074829,27.46145280379121,27.921332522129855,27.139973091327654,-0.4678539624591318
1874-11-16 00:00:00,21.464269638061523,24.981353759765625,26.165866297243902,28.276321523593076,24.716655731201172,23.663333892822266,26.329595554373736,26.096956253051758,14.472458839416504,26.270480017405546,26.374494552612305,26.53783416748047,25.579191207885742,1.0751787424087524,27.756391816406396,28.08753331269012,27.566904344908483,-0.3358683798019148
1874-12-16 12:00:00,22.96979331970215,25.144092559814453,26.211743929515276,28.284800650115102,23.29635238647461,22.44556427001953,25.193251743214347,24.853607177734375,16.6485652923584,25.04617737722988,26.758712768554688,25.78289031982422,25.99650764465332,-0.4066202640533447,27.574096417932843,28.169564674287226,27.75861701728947,-0.6017567564484507
1875-01-16 12:00:00,24.676210403442383,24.6002197265625,26.322317904879412,28.283310581423642,22.22052574157715,21.40449333190918,24.236206828543683,23.68021583557129,18.727922439575195,24.01030372538466,27.00527000427246,24.52794647216797,26.458621978759766,-1.9398878812789917,27.373777584110417,28.016060148952892,27.7393791045162,-0.6508745861309848
1875-02-15 00:00:00,25.208181381225586,25.68288803100586,26.471737333593126,28.286685219721473,21.679597854614258,20.413633346557617,23.850866235696426,23.67334747314453,19.66996955871582,23.62382431301768,27.579256057739258,24.189544677734375,27.26233673095703,-3.3621816635131836,27.575846155686147,27.946885809653462,27.97021721269647,-0.37784821594936296
1875-03-16 12:00:00,26.43522834777832,26.96337127685547,26.731346937152193,28.30900722226254,21.535184860229492,20.498798370361328,23.910333706160866,23.753158569335938,19.34304428100586,23.729363718901794,27.7615966796875,24.122859954833984,27.464479446411133,-3.066847085952759,28.227017194550836,28.394562314958563,28.51019386923314,-0.16698942849992182
1875-04-16 00:00:00,24.87086296081543,26.66144561767578,26.99179436882452,28.343354450783668,21.84255027770996,20.824432373046875,24.16904340143019,23.269847869873047,17.53699493408203,24.01912650073057,27.707199096679688,24.445777893066406,27.418912887573242,-2.8281795978546143,29.107758807230024,28.843102107459636,29.01013010277006,0.2747944228303761
1875-05-16 12:00:00,23.531038284301758,26.03855323791504,27.141046841355067,28.36684043996286,22.688642501831055,21.708112716674805,24.555541146057625,23.73284339904785,14.710762023925781,24.394799791224415,27.395082473754883,24.905527114868164,26.833234786987305,-1.8940637111663818,28.913663591850913,28.924043783873135,28.53087852243649,-0.0019205988017110126
1875-06-16 00:00:00,23.722620010375977,26.15608787536621,27.107138512944367,28.356849691938333,23.866865158081055,22.759174346923828,25.078196941538888,24.46958351135254,13.170830726623535,24.975570368545753,26.459938049316406,25.296171188354492,26.098726272583008,-0.5237483978271484,27.597377482328724,28.69447551871885,27.322587537081315,-1.1018961130666147
1875-07-16 12:00:00,22.59046173095703,25.865781784057617,26.883105708905347,28.333981264189376,24.9417724609375,23.440156936645508,25.798597090092226,25.32803726196289,12.123163223266602,25.52303941107577,25.858978271484375,25.834901809692383,25.29007339477539,0.8107947707176208,26.887748458541306,28.1961121442987,26.63914657044428,-1.321212444480419
1875-08-16 12:00:00,20.29766845703125,24.53567886352539,26.537134081029826,28.30246087119598,25.477689743041992,24.230545043945312,26.52915526239568,26.14356803894043,11.831957817077637,26.101312996302894,25.498552322387695,26.413694381713867,24.515350341796875,1.8922587633132935,26.677348531902243,27.83102301916878,26.47219976459018,-1.1694342622912977
1875-09-16 00:00:00,20.032543182373047,25.086288452148438,26.33127118758101,28.275001363634317,25.97537612915039,24.837100982666016,27.04713966605473,26.582380294799805,12.210603713989258,26.679198322303336,25.55804443359375,26.79812240600586,24.533220291137695,2.4281091690063477,26.883845555503985,27.861503081672357,26.673075281277193,-0.9913508023703304
1875-10-16 12:00:00,21.99574851989746,24.938697814941406,26.25073413339249,28.27602058587355,25.800405502319336,24.68680191040039,27.018612683240665,26.7244873046875,12.90976619720459,26.877030629232017,25.757917404174805,27.16004180908203,24.907527923583984,2.1036932468414307,27.469635292140097,28.050083660482684,27.128194128900528,-0.5880331794731817
1875-11-16 00:00:00,21.55851936340332,24.981353759765625,26.219134536466886,28.285637231928167,24.63011360168457,23.74115753173828,26.359809398928416,26.16751480102539,14.472458839416504,26.31154358131564,26.281766891479492,26.53783416748047,25.579191207885742,1.0751787424087524,27.77073912960837,28.132869957135423,27.56622432525634,-0.366609917206664
1875-12-16 12:00:00,22.537216186523438,25.144092559814453,26.278447505143355,28.295569776038395,23.27715301513672,22.373149871826172,25.285098639826675,24.910423278808594,16.064722061157227,25.13737317473918,26.757186889648438,25.171358108520508,25.981548309326172,-0.38913795351982117,27.57978318561509,28.14492256361387,27.73513379424313,-0.5714324123261783
1876-01-16 12:00:00,24.676210403442383,24.76597023010254,26.385345500664883,28.295983266951133,22.210657119750977,21.261308670043945,24.37620711028303,23.912050247192383,18.727922439575195,24.164577439762148,27.131895065307617,24.681968688964844,26.55992889404297,-1.5824276208877563,27.36612081502288,28.030487473631222,27.712688019976415,-0.6729977901833097
1876-02-15 12:00:00,25.208181381225586,26.224632263183594,26.550253953900427,28.301911265464767,21.679597854614258,20.745210647583008,23.946673596600736,23.67334747314453,19.66996955871582,23.736115051119675,27.58323860168457,24.189544677734375,27.26233673095703,-2.919828414916992,27.59685468331275,27.971631673336006,27.991831603154477,-0.3813231185048999
1876-03-16 12:00:00,26.34831428527832,27.259672164916992,26.826345716220327,28.323752218870542,21.535184860229492,20.498798370361328,24.01804517400373,23.753158569335938,19.34304428100586,23.840090174296023,27.754810333251953,24.122859954833984,27.479873657226562,-3.638592004776001,28.26475506313847,28.518034638618122,28.561141738583977,-0.2520619263445939
1876-04-16 00:00:00,24.928258895874023,27.375272750854492,27.117044492971836,28.358064333095314,21.85004997253418,20.848115921020508,24.312713842956228,23.337194442749023,17.51148796081543,24.159579936464226,27.860614776611328,24.41122817993164,27.418912887573242,-3.2156569957733154,29.12907609770827,28.893225047974827,29.03466245737603,0.24631537850177151
1876-05-16 12:00:00,23.557329177856445,26.811613082885742,27.242144463565253,28.37748671609226,22.638809204101562,21.592281341552734,24.734504509473084,24.105648040771484,14.710762023925781,24.57968460873917,27.399065017700195,24.79044532775879,26.833234786987305,-2.0545406341552734,28.96402295765216,28.93304880560808,28.54776410817027,0.03994150159936885
1876-06-16 00:00:00,22.66609001159668,25.769664764404297,27.200246610157016,28.367557369167518,23.832168579101562,22.377676010131836,25.264817265424124,24.433578491210938,13.170830726623535,25.152813249133757,26.484445571899414,25.334728240966797,26.161277770996094,-0.6717458963394165,27.66421017264228,28.669240340805175,27.353166857108675,-1.0092440605497714
1876-07-16 12:00:00,21.540056228637695,25.450977325439453,26.990631664027653,28.34544149499706,24.8828182220459,23.512910842895508,25.95737645441874,25.32803726196289,12.005812644958496,25.688271726167663,25.82485580444336,26.049606323242188,25.29007339477539,0.767132043838501,26.938074355257505,28.140776026958367,26.669368302399494,-1.2151981440305482
1876-08-16 12:00:00,20.67984390258789,26.18865203857422,26.65252528771401,28.3149918536314,25.606243133544922,24.351099014282227,26.680323600285444,26.198644638061523,11.831957817077637,26.264223717399133,25.498552322387695,26.418811798095703,24.515350341796875,2.0366857051849365,26.759315035063143,27.661722851189,26.5503862166698,-0.9177847296152273
1876-09-16 00:00:00,20.406200408935547,24.689990997314453,26.474748335612887,28.292006984573984,26.12696647644043,25.079647064208984,27.17412976694464,26.489013671875,12.210603713989258,26.803218283196323,25.55804443359375,27.099430084228516,24.533220291137695,2.4040448665618896,27.000533223254244,27.69584262891914,26.791138422494296,-0.7082759332268931
1876-10-16 12:00:00,20.77513885498047,24.48560905456543,26.41371947788138,28.292377194797318,25.78449821472168,24.922780990600586,27.14959413698367,26.631120681762695,12.841842651367188,27.000783837587868,25.899450302124023,27.111812591552734,24.907527923583984,2.174865961074829,27.55153106728484,27.92584365462131,27.229418639543695,-0.38140656520371846
1876-11-16 00:00:00,21.367177963256836,24.981353759765625,26.358981267867698,28.301892773671884,24.818078994750977,23.772218704223633,26.46255398420033,26.279769897460938,14.472458839416504,26.420305524304666,26.33643341064453,26.597620010375977,25.579191207885742,1.1812012195587158,27.87928684711672,28.068416682155256,27.673345756308517,-0.19271669599818533
1876-12-16 12:00:00,23.486799240112305,25.157981872558594,26.387492847958054,28.31078959680299,23.267648696899414,22.391437530517578,25.385275632447726,24.901203155517578,16.064722061157227,25.241699366226428,26.95895767211914,25.637365341186523,25.987945556640625,-0.3407699763774872,27.671059069053342,28.21459534490306,27.794321102538344,-0.548780359695247
1877-01-16 12:00:00,24.296051025390625,26.603057861328125,26.485002897471453,28.309441833465566,22.210657119750977,21.267290115356445,24.468033258460114,24.137794494628906,18.727922439575195,24.257625749289943,27.299959182739258,24.733800888061523,26.544408798217773,-1.5201693773269653,27.48868935263048,28.17416708058531,27.819689042358917,-0.6925794346946057
1877-02-15 00:00:00,25.235754013061523,26.526180267333984,26.635441149407544,28.313374995377742,21.630136489868164,20.719337463378906,24.11241693055588,23.115177154541016,19.66996955871582,23.90806402352706,27.5603084564209,24.189544677734375,27.210481643676758,-2.7798163890838623,27.669494384365063,28.122458250562374,28.05662686767045,-0.4584452233533668
1877-03-16 12:00:00,26.653396606445312,27.259672164916992,26.85873690921457,28.33299240603062,21.535184860229492,20.435075759887695,24.132268821791392,23.305950164794922,19.57427406311035,23.973571208143028,28.05611228942871,24.36864471435547,27.174360275268555,-3.638592004776001,28.27395613765945,28.552318070451186,28.563828900987755,-0.27697281143845365
1877-04-16 00:00:00,24.87086296081543,27.442838668823242,27.140692468254286,28.36493145110027,21.85004997253418,20.848115921020508,24.38547080944102,23.5737361907959,17.53699493408203,24.238634973483528,27.915563583374023,24.71223258972168,27.492929458618164,-3.2509500980377197,29.132443326591414,28.910844654474104,29.049058589061843,0.23213798609061287
1877-05-16 12:00:00,23.588151931762695,26.6977596282959,27.25965864345812,28.38390475321715,22.638809204101562,21.586191177368164,24.756650493543507,24.105648040771484,14.710762023925781,24.610521620971433,27.466699600219727,24.79044532775879,26.833234786987305,-2.1635901927948,29.01431678229956,28.934196694378446,28.60889101762536,0.0895756151998107
1877-06-16 00:00:00,22.603330612182617,26.184480667114258,27.196781210882612,28.369745933355304,23.832168579101562,22.377676010131836,25.264614732868786,24.433578491210938,13.085346221923828,25.16524028818405,26.661428451538086,25.334728240966797,26.236019134521484,-0.6818781495094299,27.694753562657155,28.699031025366498,27.406554846454455,-1.008124731405511
1877-07-16 12:00:00,21.42035484313965,25.234338760375977,26.965517084726535,28.345043693121905,24.91099739074707,23.499399185180664,25.965156104163366,25.32803726196289,12.217841148376465,25.70474544544929,25.82485580444336,26.049606323242188,25.367551803588867,0.8022857904434204,27.005419783869883,28.294555796382582,26.737011167153817,-1.300611689992713
1877-08-16 12:00:00,20.32056427001953,24.79354476928711,26.61741588534916,28.312730676092553,25.501081466674805,24.34395408630371,26.686561374567045,26.198644638061523,11.831957817077637,26.289526210223272,25.498552322387695,26.418811798095703,24.515350341796875,1.9209504127502441,26.74120980262545,27.83139407244438,26.524587170382116,-1.1053267943946208
1877-09-16 00:00:00,20.0091552734375,24.440994262695312,26.42865595898915,28.288712699517134,25.996496200561523,24.837100982666016,27.163258666627268,26.52886390686035,12.210603713989258,26.80509028295055,25.55804443359375,27.099430084228516,24.533220291137695,2.383286476135254,26.955006677285112,27.82290769388495,26.731025615707797,-0.8810005484542061
1877-10-16 12:00:00,21.832422256469727,24.272729873657227,26.37458599851764,28.291485760374798,25.62027931213379,24.69571876525879,27.11403044691887,26.769746780395508,12.966552734375,26.96617553133781,25.899450302124023,26.99652671813965,25.05527114868164,2.2994823455810547,27.5444893317232,28.047585194124917,27.16505227843242,-0.5099642459269123
1877-11-16 00:00:00,21.744346618652344,24.981353759765625,26.32964802572456,28.298951606594297,24.698938369750977,23.663333892822266,26.42840788796639,26.175006866455078,14.472458839416504,26.378975905636565,26.33643341064453,26.526737213134766,25.56268310546875,1.0751787424087524,27.835696417757234,28.111399299241427,27.611092801756993,-0.2796068098260002
1877-12-16 12:00:00,22.605958938598633,24.594562530517578,26.381870035773822,28.306868153711875,23.29635238647461,22.44556427001953,25.335680965029105,24.98174476623535,16.064722061157227,25.188559883522053,26.95895767211914,25.566743850708008,25.99650764465332,-0.02885977178812027,27.658697767090658,28.227293503018167,27.813141680751155,-0.5739285053299807
1878-01-16 12:00:00,24.296051025390625,24.671302795410156,26.464134257341343,28.304563665619327,22.229408264160156,21.211259841918945,24.416162669898295,23.70358657836914,18.747570037841797,24.201754942471503,27.299959182739258,24.808605194091797,26.458621978759766,-1.575971245765686,27.46547817406643,28.158023089882455,27.801352532539596,-0.6999095730488334
1878-02-15 00:00:00,25.235754013061523,26.224632263183594,26.59517628253213,28.306708930362998,21.679597854614258,20.594284057617188,24.013050128604796,23.67334747314453,19.66996955871582,23.7991567496558,27.643075942993164,24.189544677734375,27.147518157958984,-2.7798163890838623,27.66997668052272,28.095695682180857,28.061826242051346,-0.431260236992634
1878-03-16 12:00:00,25.858680725097656,26.83167266845703,26.839809945136345,28.3251622386269,21.535184860229492,20.498798370361328,24.030108787335287,23.753158569335938,19.34304428100586,23.844395583963042,28.05611228942871,24.122859954833984,27.479873657226562,-3.5411646366119385,28.34315157771942,28.51445470657364,28.622558140063177,-0.16933746974738684
1878-04-16 00:00:00,24.898435592651367,27.375272750854492,27.126649752339308,28.361424043648384,21.88994026184082,20.619937896728516,24.287633977629106,23.544170379638672,17.53699493408203,24.128605589822328,27.915563583374023,24.27651023864746,27.418912887573242,-3.2156569957733154,29.198408757131187,28.8928049254763,29.082723062284433,0.316736310090152
1878-05-16 12:00:00,23.517240524291992,26.70651626586914,27.23291585762894,28.3814945197424,22.688642501831055,21.529144287109375,24.675073829379397,23.938058853149414,14.710762023925781,24.512876391423497,27.466699600219727,24.936017990112305,26.833234786987305,-2.189732313156128,28.95186785045634,28.945107229448674,28.536582093868542,0.015639732488042943
1878-06-16 00:00:00,22.537437438964844,26.219196319580078,27.17432965392495,28.369729554775855,23.836259841918945,22.558372497558594,25.207136601011765,24.387317657470703,13.170830726623535,25.097323289206273,26.661428451538086,25.628786087036133,26.161277770996094,-0.5888566374778748,27.66737038203815,28.733978807780034,27.356433808144423,-1.070635712434734
1878-07-16 12:00:00,21.48270034790039,25.234338760375977,26.95148782567125,28.344966565177522,24.8828182220459,23.512910842895508,25.927122076234138,25.32803726196289,12.180689811706543,25.656629862885666,25.82485580444336,26.05355453491211,25.29007339477539,0.8901957273483276,26.92173749517223,28.250129074118792,26.667339819453154,-1.3407820412230762
1878-08-16 12:00:00,20.35251808166504,24.52075958251953,26.630972402198594,28.313225586770553,25.606243133544922,24.351099014282227,26.62982292186769,26.21122932434082,11.831957817077637,26.21993940753945,25.498552322387695,26.418811798095703,24.515350341796875,1.9357770681381226,26.706858761010317,27.794897500933235,26.51606257301779,-1.1036008076819082
1878-09-16 00:00:00,20.31406021118164,24.52396583557129,26.454937649704313,28.28844884274888,26.12696647644043,25.079647064208984,27.119575714815806,26.589500427246094,12.210603713989258,26.74988537680938,25.55804443359375,26.912580490112305,24.533220291137695,2.4281091690063477,26.928068770755452,27.7660693069682,26.71604065852767,-0.851497114107493
1878-10-16 12:00:00,20.54429817199707,24.670392990112305,26.439467673109945,28.29335975403133,25.800405502319336,24.68680191040039,27.05991130943234,26.751697540283203,12.841842651367188,26.91120452721797,25.92952537536621,26.99652671813965,24.907527923583984,2.220750570297241,27.55185460628539,27.95175560376559,27.193808025106616,-0.40692937078085806
1878-11-16 00:00:00,22.185138702392578,24.298585891723633,26.391448726866496,28.304698782732636,24.63011360168457,23.690176010131836,26.322090496813647,26.096956253051758,14.472458839416504,26.282606120111424,26.514089584350586,26.53783416748047,25.579191207885742,1.0751787424087524,27.83555695919927,28.11471066196399,27.65084125977088,-0.2830509923409812
1878-12-16 12:00:00,22.566726684570312,24.750276565551758,26.42225935343194,28.31036402748159,23.27715301513672,22.44556427001953,25.20700955533851,24.853607177734375,16.064722061157227,25.074208588849977,26.95895767211914,25.716203689575195,25.981548309326172,-0.4066202640533447,27.637354918856307,28.22877326576302,27.820030672024426,-0.5969535381857425
1879-01-16 12:00:00,24.1801815032959,26.152368545532227,26.508415781558917,28.31016123865769,22.223827362060547,21.266433715820312,24.32901806346268,23.920833587646484,18.727922439575195,24.12298261902159,27.316221237182617,24.324426651000977,26.55992889404297,-1.8245550394058228,27.460645721705387,28.197936004872,27.804348540486885,-0.744605338001757
1879-02-15 00:00:00,25.304216384887695,26.391437530517578,26.65441213229535,28.314454179202215,21.679597854614258,20.745210647583008,23.999309346893753,23.67334747314453,19.66996955871582,23.804313270073095,27.637502670288086,24.189544677734375,27.218862533569336,-3.195486307144165,27.67402698907252,28.219558970421648,28.065909426570723,-0.5507354514993992
1879-03-16 12:00:00,26.49989128112793,26.992870330810547,26.89740278631642,28.33395281158179,21.535184860229492,20.498798370361328,24.0668938408861,23.255237579345703,19.34304428100586,23.906933555545955,27.951778411865234,23.964202880859375,27.550600051879883,-3.565444231033325,28.37197764024128,28.659844742986877,28.67150898776677,-0.2852726479572599
1879-04-16 00:00:00,24.928258895874023,27.140888214111328,27.164072109392364,28.363602943331557,21.899303436279297,20.848115921020508,24.333705328609696,23.337194442749023,17.53699493408203,24.202851251377467,27.921255111694336,24.492908477783203,27.51323699951172,-3.321370840072632,29.24973610050729,29.000132542304307,29.174767247974007,0.2614902223835739
1879-05-16 12:00:00,23.557329177856445,26.757612228393555,27.269423140485717,28.38165006503924,22.638809204101562,21.592281341552734,24.702829340969068,24.186506271362305,14.710762023925781,24.571029978550854,27.462236404418945,24.82227325439453,26.833234786987305,-1.833736538887024,29.064100528154093,29.02012915738896,28.636298437517876,0.054114595280855146
1879-06-16 00:00:00,22.441574096679688,26.184480667114258,27.194215113257805,28.36898100419462,24.186111450195312,22.377676010131836,25.244145664662994,24.433578491210938,13.170830726623535,25.15355797771356,26.661428451538086,25.334728240966797,26.1341609954834,-0.5091818571090698,27.696110696814213,28.8018788683031,27.39486359464877,-1.1093543430285224
1879-07-16 12:00:00,21.3946590423584,25.14596939086914,26.940286244916358,28.340097861188195,24.919239044189453,23.499399185180664,25.938165797126064,25.32803726196289,12.005812644958496,25.695017424477456,25.82485580444336,26.049606323242188,25.367551803588867,0.8022857904434204,26.975265338979852,28.31245546408688,26.721524705688964,-1.3489136758005185
1879-08-16 12:00:00,20.29656982421875,25.1243896484375,26.563801958161662,28.304520098989393,25.75362777709961,24.29730224609375,26.64784930919608,26.236316680908203,11.831957817077637,26.260191315815433,25.498552322387695,26.418811798095703,24.515350341796875,1.9209504127502441,26.736772234517947,27.896993788579255,26.539265201807815,-1.175248725988819
1879-09-16 00:00:00,20.033153533935547,24.252742767333984,26.369041892624622,28.27929167219908,26.060548782348633,25.085451126098633,27.13798781127314,26.627639770507812,12.210603713989258,26.802117498977353,25.55804443359375,26.912580490112305,24.533220291137695,2.3724546432495117,26.976456625330936,27.883273280480207,26.778980590607283,-0.9195636026817031
1879-10-16 12:00:00,21.832422256469727,24.938697814941406,26.32520481769555,28.283475290126507,25.78449821472168,24.922780990600586,27.080825036254073,26.7244873046875,12.975767135620117,26.943707257666816,25.899450302124023,26.99652671813965,24.900484085083008,2.1036932468414307,27.53061224379337,28.060124527940484,27.19762463993971,-0.5364843657817013
1879-11-16 00:00:00,21.483285903930664,24.981353759765625,26.28068425633975,28.292728785492848,24.818078994750977,23.74115753173828,26.351539110629897,26.034282684326172,14.472458839416504,26.310846995070868,26.318376541137695,26.53783416748047,25.579191207885742,1.0751787424087524,27.839256515865795,28.14515328418408,27.609003748727368,-0.3096849448725686
1879-12-16 12:00:00,22.508739471435547,25.144092559814453,26.30666099275023,28.297253137805452,23.28140640258789,22.391437530517578,25.319243727821892,24.97183609008789,16.064722061157227,25.176886826281482,26.757186889648438,25.208677291870117,25.9945011138916,-0.02885977178812027,27.64888953593844,28.19355002163943,27.79354812099748,-0.5501692852892575
1880-01-16 12:00:00,24.529727935791016,24.840818405151367,26.385394366408317,28.295644247718222,22.210657119750977,21.261308670043945,24.4026552234465,23.912050247192383,18.727922439575195,24.194388196093122,27.249736785888672,24.808605194091797,26.458621978759766,-1.5201693773269653,27.442519689526524,28.192431163092632,27.778059813790286,-0.7574147453439692
1880-02-15 12:00:00,25.208181381225586,25.68288803100586,26.514386789890036,28.296021827680622,21.679597854614258,20.674592971801758,24.052840187436512,23.67334747314453,19.901199340820312,23.84602441885037,27.58323860168457,24.189544677734375,27.147518157958984,-2.638129711151123,27.64985476206114,28.13014545692731,28.03554776047983,-0.48594306713176755
1880-03-16 12:00:00,26.34831428527832,27.000415802001953,26.778796469188265,28.31445354811506,21.535184860229492,20.498798370361328,24.091838922866405,23.255237579345703,19.57427406311035,23.91275228526223,27.765226364135742,23.959627151489258,27.472623825073242,-3.387927293777466,28.34654482837301,28.55759986675899,28.615750188529805,-0.20895259271104
1880-04-16 00:00:00,24.87086296081543,27.144664764404297,27.04871121571385,28.34483369222729,21.89413833618164,21.046993255615234,24.44938636215395,23.64710807800293,17.53699493408203,24.326925858748545,27.860614776611328,24.511810302734375,27.412866592407227,-3.0659334659576416,29.16676504196773,28.883847608597357,29.054481516289236,0.29372290421401276
1880-05-16 12:00:00,23.478431701660156,26.03855323791504,27.154513467351876,28.363317923174282,22.617509841918945,21.7984561920166,24.797726869912943,24.05770492553711,14.710762023925781,24.668051941489658,27.399065017700195,25.189258575439453,26.833234786987305,-2.0819523334503174,28.962608723672812,28.93554582670664,28.511612406851093,0.03602261818241593
1880-06-16 00:00:00,22.3641414642334,26.346681594848633,27.08871976625187,28.353226702743523,23.832168579101562,22.648744583129883,25.261584032299936,24.433578491210938,13.221221923828125,25.168800387720687,26.458412170410156,25.334728240966797,26.236019134521484,-0.6717458963394165,27.606973866589506,28.708454279481803,27.290822327467808,-1.1061521630357418
1880-07-16 12:00:00,22.59046173095703,25.526592254638672,26.847331352518943,28.32779996380335,24.91099739074707,23.476198196411133,25.966591469485184,25.32803726196289,12.180689811706543,25.70293499998362,25.806339263916016,26.049606323242188,25.367551803588867,0.8901957273483276,26.93147286725928,28.227780080736373,26.655551337017382,-1.308657605532123
1880-08-16 12:00:00,20.29766845703125,24.64838981628418,26.471890451482608,28.29285174179942,25.477689743041992,24.34395408630371,26.6685483004071,26.296306610107422,11.831957817077637,26.262424555075825,25.498552322387695,26.418811798095703,24.515350341796875,1.9209504127502441,26.724353565218763,27.774218678326537,26.507908809052605,-1.0653081933360413
1880-09-16 00:00:00,20.032543182373047,25.086288452148438,26.278844701225253,28.265420232741132,25.996496200561523,25.079647064208984,27.148217810796833,26.627639770507812,12.210603713989258,26.778836642575136,25.55804443359375,26.912580490112305,24.533220291137695,2.383286476135254,26.937189034350197,27.71675571228907,26.72091570523961,-0.7930941425341744
1880-10-16 12:00:00,20.39911651611328,24.938697814941406,26.169571269492316,28.263985767258575,25.800405502319336,24.922780990600586,27.126316386850338,26.733346939086914,12.975767135620117,26.975416117983364,25.74880599975586,26.99652671813965,24.907527923583984,2.174865961074829,27.486708963737335,27.90601797200659,27.146055813987545,-0.42707642133191137
1880-11-16 00:00:00,20.790740966796875,24.981353759765625,26.14371241316308,28.272045748018808,24.647727966308594,23.757328033447266,26.456473277956587,26.409414291381836,14.472458839416504,26.40180218221066,26.363859176635742,26.526737213134766,25.579191207885742,1.1812012195587158,27.823891695730005,28.06615882367261,27.60933715227685,-0.24639407846363376
1880-12-16 12:00:00,23.07817840576172,25.144092559814453,26.171014797930216,28.278079634296834,23.28140640258789,22.391437530517578,25.327197752592703,24.97183609008789,16.064722061157227,25.1792914184228,26.71548843383789,25.208677291870117,25.977174758911133,-0.38913795351982117,27.597064900813244,28.199503775429566,27.731757475197,-0.6084335021983294
1881-01-16 12:00:00,23.794944763183594,24.68416404724121,26.254808758124966,28.273166877473734,22.210657119750977,21.267290115356445,24.359449381149812,23.912050247192383,18.727922439575195,24.148743214996294,27.023439407348633,24.324426651000977,26.544408798217773,-1.8445794582366943,27.369620920507813,28.032387386681936,27.686395494207826,-0.6713592352604325
1881-02-15 00:00:00,25.208181381225586,25.508197784423828,26.42094963929094,28.276334445009077,21.679597854614258,20.65795135498047,23.989792175120982,23.67334747314453,19.901199340820312,23.781483505922125,27.592086791992188,24.189544677734375,27.218862533569336,-2.8497304916381836,27.596722285171982,27.959256237879902,27.96822457342565,-0.36911120013166515
1881-03-16 12:00:00,26.337270736694336,26.727622985839844,26.66769855026862,28.299474630529406,21.535184860229492,20.498798370361328,24.01821251605933,23.753158569335938,19.57427406311035,23.848866185548175,27.706039428710938,24.122859954833984,27.472623825073242,-3.4972755908966064,28.243901929496054,28.41973635209653,28.498626673643003,-0.17505506542912225
1881-04-16 00:00:00,24.87086296081543,26.4014892578125,26.9532541437757,28.336536234479496,21.899303436279297,20.903493881225586,24.2977747048941,23.337194442749023,17.53699493408203,24.156469667793942,27.694517135620117,24.41122817993164,27.416231155395508,-3.2509500980377197,29.113706527770727,28.816494698763492,28.998601187290912,0.30734279745742177
1881-05-16 12:00:00,23.492176055908203,26.39407730102539,27.059336746465632,28.355825340954585,22.638809204101562,21.580995559692383,24.69488588089748,24.186506271362305,14.710762023925781,24.56155811298494,27.467041015625,24.82227325439453,26.833234786987305,-1.8470027446746826,28.900141971620577,28.853772246673294,28.467924303753172,0.05452936754418676
1881-06-16 00:00:00,22.64664649963379,26.225143432617188,26.998419451301505,28.341410418223035,23.832168579101562,22.558372497558594,25.214581975551212,24.433578491210938,13.170830726623535,25.109780026264673,26.424379348754883,25.334728240966797,26.183698654174805,-0.5091818571090698,27.616204078502484,28.63768410722432,27.300453072420204,-1.0262333430231598
1881-07-16 12:00:00,20.94598388671875,25.322158813476562,26.760036791222703,28.313801818517923,24.9417724609375,23.440156936645508,25.92360776398017,25.32803726196289,12.123163223266602,25.64209827484781,25.810646057128906,26.044937133789062,25.367551803588867,0.8022857904434204,26.88957194290762,28.253574242540676,26.62457468796005,-1.3766948996711246
1881-08-16 12:00:00,20.29766845703125,25.01877784729004,26.34972222910951,28.27407765033763,25.477689743041992,24.24543571472168,26.64762805431319,26.236316680908203,11.831957817077637,26.222762357034718,25.498552322387695,26.418811798095703,24.515350341796875,1.9357770681381226,26.62978252790263,27.90933198498415,26.430174913411587,-1.2955794866208747
1881-09-16 00:00:00,20.032543182373047,25.086288452148438,26.144153116098757,28.244287029450152,26.005950927734375,24.878032684326172,27.139643163148232,26.627639770507812,12.210603713989258,26.735264767829413,25.55804443359375,26.912580490112305,24.533220291137695,2.4281091690063477,26.86023171357064,27.92949980024967,26.65433104153739,-1.08302530970554
1881-10-16 12:00:00,20.39911651611328,24.938697814941406,26.05865058427462,28.24504277472632,25.646747589111328,24.67206573486328,27.10042221656131,26.769746780395508,12.975767135620117,26.920511272304232,25.741439819335938,26.99652671813965,24.907527923583984,2.174865961074829,27.4052483740968,28.059993855262224,27.113788604288327,-0.6629278246657722
1881-11-16 00:00:00,21.464269638061523,24.981353759765625,26.040229426256126,28.255625188433488,24.716655731201172,23.690176010131836,26.358682683182547,26.16751480102539,14.472458839416504,26.289492172326995,26.324125289916992,26.53783416748047,25.57194709777832,1.1812012195587158,27.69722744479826,28.140166245670663,27.518537814693758,-0.44810979337570755
1881-12-16 12:00:00,22.782838821411133,25.144092559814453,26.097541659636853,28.267735168771345,23.29635238647461,22.373149871826172,25.275012656482378,24.910423278808594,16.064722061157227,25.120925616888414,26.687881469726562,25.556705474853516,25.969482421875,-0.02885977178812027,27.538514594792677,28.16768265685504,27.720025112918457,-0.6358045175215792
1882-01-16 12:00:00,23.347251892089844,24.44694709777832,26.232529345410498,28.270307954942073,22.211544036865234,21.266433715820312,24.328959921592357,23.912050247192383,18.727922439575195,24.09831772339949,27.038785934448242,24.397396087646484,26.458621978759766,-1.575971245765686,27.284584199498948,28.014351297499875,27.634340345979318,-0.7392240879632708
1882-02-15 00:00:00,25.208181381225586,25.481969833374023,26.40466373514643,28.27762008459134,21.679597854614258,20.906108856201172,23.913915625272683,23.67334747314453,19.901199340820312,23.68719739771383,27.54463768005371,24.189544677734375,27.11086082458496,-2.638129711151123,27.52778484531446,27.903652435420025,27.927939967021736,-0.3832442642140858
1882-03-16 12:00:00,25.642377853393555,26.57892608642578,26.649685261201782,28.29943303182207,21.535184860229492,20.498798370361328,23.953625316523585,23.753158569335938,19.57427406311035,23.75560279718713,27.858787536621094,24.122859954833984,27.444171905517578,-3.387927293777466,28.195967558733788,28.349258915878274,28.463723199013415,-0.15314458102832584
1882-04-16 00:00:00,24.59462547302246,26.821985244750977,26.937691634006633,28.33709458922148,21.84255027770996,20.848115921020508,24.306318326375564,23.446044921875,17.53699493408203,24.142365510751112,27.70656394958496,24.27651023864746,27.470767974853516,-3.0659334659576416,29.05467000631283,28.756440517556157,28.95074931572179,0.307645857753206
1882-05-16 12:00:00,23.36725425720215,26.397016525268555,27.072028752141478,28.357934083465626,22.688642501831055,21.529144287109375,24.64580656563963,23.87789535522461,14.710762023925781,24.456971781507278,27.356647491455078,24.892580032348633,26.84848403930664,-2.0545406341552734,28.881007712461027,28.846040810765878,28.463911090677218,0.04292322744226233
1882-06-16 00:00:00,22.56475067138672,26.272159576416016,27.05167329140089,28.347840191359325,23.75831413269043,22.759174346923828,25.177737919792033,24.387317657470703,13.221221923828125,25.026639707983016,26.424379348754883,25.906368255615234,26.098726272583008,-0.6717458963394165,27.521578470106878,28.60834864740552,27.209846140229004,-1.0925075057927882
1882-07-16 12:00:00,21.20325469970703,25.526592254638672,26.85898389219983,28.327258568198754,25.01675033569336,23.440156936645508,25.880749655878756,25.32803726196289,12.180689811706543,25.58516956401271,25.810646057128906,26.02513885498047,25.11872100830078,0.7499372959136963,26.816852338578414,28.174222176448566,26.543784685007573,-1.3709556326783976
1882-08-16 12:00:00,20.29766845703125,24.528783798217773,26.537885295976814,28.298105442146113,25.477689743041992,24.29730224609375,26.598427758187487,26.220985412597656,11.831957817077637,26.16162095918545,25.498552322387695,26.39775848388672,24.515350341796875,1.9735866785049438,26.623386355505424,27.79618069030023,26.391506215208132,-1.1891589405567327
1882-09-16 00:00:00,20.032543182373047,25.086288452148438,26.343761927853677,28.27449643259731,25.996496200561523,24.846017837524414,27.08693141264143,26.582380294799805,12.210603713989258,26.713106460368927,25.55804443359375,26.79812240600586,24.533220291137695,2.4879422187805176,26.831838151060243,27.76369161622723,26.597156924764885,-0.9462845442470225
1882-10-16 12:00:00,21.309680938720703,24.938697814941406,26.270099217403548,28.27512450353779,25.62027931213379,24.67206573486328,27.00537170488985,26.71843910217285,12.90976619720459,26.846267851617327,25.699317932128906,27.053407669067383,24.788785934448242,2.295121908187866,27.427744650152658,27.970446824787004,27.07814237339369,-0.550883322118314
1882-11-16 00:00:00,21.55851936340332,24.981353759765625,26.24642328370414,28.28692684240047,24.698938369750977,23.729095458984375,26.26103014361175,26.096956253051758,14.472458839416504,26.19916884609018,26.403926849365234,26.532716751098633,25.57194709777832,1.1812012195587158,27.724170024968316,28.0876477064822,27.5247590406127,-0.3685152771400218
1882-12-16 12:00:00,22.537216186523438,25.144092559814453,26.303476730030294,28.29800188130798,23.29635238647461,22.498889923095703,25.209611840860312,24.853607177734375,16.064722061157227,25.053661541710206,26.758712768554688,25.7916316986084,25.772424697875977,-0.02885977178812027,27.544130346998653,28.16756268847327,27.69861929544623,-0.630014885900462
1883-01-16 12:00:00,24.676210403442383,24.804094314575195,26.412170713513937,28.301454186745502,22.229408264160156,21.266433715820312,24.252881178322127,23.92238426208496,18.727922439575195,24.037492200515622,27.00527000427246,24.52794647216797,26.458621978759766,-1.8245550394058228,27.363382193046704,28.093568109907743,27.69505366083668,-0.7386913727460698
1883-02-15 00:00:00,25.208181381225586,26.224632263183594,26.575844024137595,28.308003075464338,21.68294334411621,20.643136978149414,23.856859268206986,23.67334747314453,19.901199340820312,23.64174574313038,27.58323860168457,24.189544677734375,27.20453643798828,-3.0775864124298096,27.61369941906206,28.08350081757684,28.01160982004623,-0.47591519835449997
1883-03-16 12:00:00,26.104721069335938,27.000415802001953,26.830706060466092,28.32916982686834,21.535184860229492,20.498798370361328,23.923710698400562,23.753158569335938,19.57427406311035,23.743765857647773,27.765226364135742,24.122859954833984,27.464479446411133,-3.1853580474853516,28.277736447353078,28.533336393965623,28.571744485021753,-0.2542201105280203
1883-04-16 00:00:00,24.898435592651367,27.375272750854492,27.134607960300812,28.362259179962205,21.85004997253418,20.918733596801758,24.25197120385232,23.53230857849121,17.53699493408203,24.103644987745433,27.94756317138672,24.287290573120117,27.418912887573242,-3.321370840072632,29.16868394964601,28.879162367908183,29.088783217346624,0.30033427527596435
1883-05-16 12:00:00,24.01780891418457,26.86040496826172,27.27393798010629,28.384578356555657,22.688642501831055,21.529144287109375,24.61550568481573,24.111656188964844,14.710762023925781,24.466461115753866,27.466699600219727,24.881582260131836,26.833234786987305,-1.9718657732009888,28.98987560694944,28.949891307882414,28.586218456072576,0.0492417775481965
1883-06-16 00:00:00,23.12979507446289,26.33104133605957,27.242115115411952,28.37660536188616,23.75831413269043,22.759174346923828,25.13404278760579,24.387317657470703,12.776657104492188,25.031695529676398,26.661428451538086,25.869857788085938,26.161277770996094,-0.5091818571090698,27.6666577243609,28.74285104679165,27.384476442054734,-1.0802060935390179
1883-07-16 12:00:00,21.540056228637695,25.623126983642578,27.05360433300686,28.355420080514996,24.9417724609375,23.440156936645508,25.84266270758012,25.32803726196289,12.217841148376465,25.5734885035993,25.869050979614258,26.02513885498047,25.367551803588867,0.8107947707176208,26.962558435354595,28.298870930784584,26.705684797672877,-1.3481914431616835
1883-08-16 12:00:00,21.01508903503418,25.58953094482422,26.735927654185616,28.327458332577944,25.477689743041992,24.230545043945312,26.56772672936174,26.174598693847656,11.831957817077637,26.145722984019827,25.498552322387695,26.39775848388672,24.515350341796875,1.8988797664642334,26.713762025095278,27.812497984611934,26.503110623981662,-1.1141889602118973
1883-09-16 00:00:00,20.297780990600586,24.627248764038086,26.538032872525932,28.30388253576812,26.02185821533203,24.89984893798828,27.042961505101207,26.582380294799805,12.210603713989258,26.65065992434755,25.55804443359375,26.79465103149414,24.533220291137695,2.3409669399261475,26.91978544858356,27.72577932683659,26.700524537328718,-0.8196675543934395
1883-10-16 12:00:00,20.630020141601562,24.323392868041992,26.45779998837011,28.302286754699733,25.672245025634766,24.743858337402344,26.949294572654917,26.73668098449707,12.91799259185791,26.750251732741887,25.83122444152832,26.93809700012207,24.907527923583984,2.0691049098968506,27.417439345043945,27.864570619094856,27.101665064712414,-0.45566718412078444
1883-11-16 00:00:00,21.55851936340332,24.236217498779297,26.427733657634448,28.313630558604572,24.542823791503906,23.729095458984375,26.216767495499067,26.096956253051758,14.472458839416504,26.122566184446413,26.281766891479492,26.44364356994629,25.57194709777832,1.0751787424087524,27.677421782294008,27.950250901726864,27.472870984721496,-0.278649212068809
1883-12-16 12:00:00,22.537216186523438,24.594562530517578,26.44179747347466,28.318327709477956,23.27680206298828,22.54556655883789,25.144992267205613,24.853607177734375,16.064722061157227,24.944649972374883,26.71548843383789,25.559553146362305,25.77835464477539,-0.02885977178812027,27.471440330088278,27.98758698119091,27.636704510602943,-0.5238647402842271
1884-01-16 12:00:00,23.794944763183594,25.25208854675293,26.490202028216352,28.31510603170668,22.316904067993164,21.207706451416016,24.197212370628076,23.938526153564453,18.727922439575195,23.905757271693773,27.00167465209961,24.52794647216797,26.458621978759766,-1.5201693773269653,27.19400181651929,27.987227103416885,27.539010909723594,-0.8036219358832506
1884-02-15 12:00:00,25.208181381225586,25.964094161987305,26.602199482414186,28.31394991854102,21.498741149902344,20.47735595703125,23.739732286778885,23.67334747314453,19.901199340820312,23.436248990369876,27.651216506958008,24.189544677734375,27.118383407592773,-3.2023086547851562,27.36427311195779,27.906839894728854,27.771880225104695,-0.5515139009856806
1884-03-16 12:00:00,26.120681762695312,26.96337127685547,26.807189457542783,28.33132244710545,21.535184860229492,20.498798370361328,23.73064377748767,23.753158569335938,19.57427406311035,23.47079753471437,27.576126098632812,24.122859954833984,27.342782974243164,-3.1187541484832764,27.92641523519412,28.306258532393354,28.2486684708052,-0.38240178728667745
1884-04-16 00:00:00,24.87086296081543,27.013639450073242,27.0939402639304,28.358879088798574,21.701486587524414,20.68366050720215,24.015170632215966,23.812400817871094,17.53699493408203,23.789759656159234,27.694517135620117,24.21933364868164,27.42729377746582,-2.8904664516448975,28.743572058092806,28.614657356680333,28.7483977692114,0.13498663083492146
1884-05-16 12:00:00,23.531038284301758,26.6977596282959,27.259274018799474,28.384309117540383,22.4422550201416,21.369779586791992,24.365730616504933,23.910297393798828,14.710762023925781,24.12728952180693,27.407913208007812,24.761499404907227,26.833234786987305,-1.9888570308685303,28.904002107613266,28.65425836060276,28.529185598964105,0.2574595543024239
1884-06-16 00:00:00,22.42548370361328,25.99863052368164,27.217276864892977,28.37381322564446,23.813446044921875,22.264719009399414,24.806693972388462,24.549373626708984,13.221221923828125,24.628394045530804,26.459938049316406,25.402860641479492,26.149274826049805,-0.6168334484100342,27.6084925456012,28.392101701299584,27.302732498366087,-0.7890290748541438
1884-07-16 12:00:00,21.454729080200195,25.7103214263916,27.05902051378115,28.355207404408667,24.940893173217773,23.40166473388672,25.461389652475845,25.127504348754883,12.067434310913086,25.17721878008708,25.844327926635742,25.968467712402344,25.367551803588867,0.6918190717697144,26.839998818595316,27.91112620453959,26.581827596883105,-1.085124190907501
1884-08-16 12:00:00,22.058393478393555,24.967071533203125,26.789215844772222,28.332108990053843,25.287553787231445,24.107873916625977,26.143060371630927,25.89423179626465,11.831957817077637,25.704820119144316,25.498552322387695,26.244352340698242,24.515350341796875,1.7136366367340088,26.666214790671322,27.44748872920693,26.45315691628095,-0.7980659935805998
1884-09-16 00:00:00,20.406200408935547,24.43143081665039,26.63808946547758,28.312995946375274,25.506135940551758,24.39922332763672,26.61557689658029,26.3758602142334,12.210603713989258,26.231628152974828,25.55804443359375,26.636266708374023,24.533220291137695,2.1126561164855957,26.961881064760295,27.40921449555601,26.701672193264834,-0.46136416029570393
1884-10-16 12:00:00,20.77513885498047,24.86080551147461,26.623573756373627,28.32048583312633,25.17754364013672,24.207002639770508,26.564922844630285,26.470430374145508,12.899275779724121,26.387835550101663,25.917482376098633,26.796085357666016,25.15872573852539,1.937569499015808,27.589425083696398,27.63121186223935,27.180730008484307,-0.04922547390150357
1884-11-16 00:00:00,21.56623077392578,24.790538787841797,26.57733902554047,28.329899783390733,24.39103126525879,23.7670841217041,25.891770314001963,25.874374389648438,14.472458839416504,25.790805705221167,26.514089584350586,26.407760620117188,25.56268310546875,0.5135737061500549,27.808475041133796,27.92151186980831,27.5951215114833,-0.11766136244831052
1884-12-16 12:00:00,22.566726684570312,24.73133659362793,26.55573969643377,28.327030879098427,23.006336212158203,22.48151397705078,24.922382311742297,24.91796112060547,16.064722061157227,24.711127931381,26.996429443359375,25.752836227416992,25.9364070892334,-1.013667345046997,27.56005246662904,28.09298428583418,27.732318244334262,-0.5395405238337654
1885-01-16 12:00:00,24.652544021606445,25.631866455078125,26.589654473580815,28.322009891848513,22.016374588012695,21.057018280029297,24.133310709055817,23.61270523071289,18.716062545776367,23.843552713132517,27.316221237182617,24.52794647216797,26.491117477416992,-2.521848678588867,27.385374900014323,28.110585598729347,27.765463760762472,-0.7334628578788982
1885-02-15 00:00:00,25.208181381225586,26.526180267333984,26.663785165775394,28.320054497858045,21.498741149902344,20.47735595703125,23.83177405184876,23.67334747314453,19.901199340820312,23.547131178094922,27.643075942993164,24.189544677734375,27.207799911499023,-2.9446277618408203,27.631756267225434,28.11273269489078,28.071408176260825,-0.48684546487418495
1885-03-16 12:00:00,26.104721069335938,26.83167266845703,26.88038861465155,28.33379947696163,21.535184860229492,20.498798370361328,23.94014636428946,23.753158569335938,19.57427406311035,23.706174940630966,27.765226364135742,24.122859954833984,27.45438575744629,-2.219289541244507,28.262341984086273,28.512079056543882,28.582098916060204,-0.24855707390401038
1885-04-16 00:00:00,24.87086296081543,27.35618019104004,27.149463919343614,28.360951908294304,21.701486587524414,20.68366050720215,24.214484528111722,23.53230857849121,17.53699493408203,24.01288502127246,27.860614776611328,24.328704833984375,27.521381378173828,-2.9619643688201904,29.114617332180853,28.757455291711075,29.077585013284498,0.3671594367737209
1885-05-16 12:00:00,23.47268295288086,26.6977596282959,27.26307309450373,28.378851984973505,22.42426109313965,21.449626922607422,24.579826423047063,24.111656188964844,14.710762023925781,24.394102395665094,27.399065017700195,24.822612762451172,26.973276138305664,-1.9888570308685303,29.084248611754983,28.850435316017325,28.68103088011375,0.24374179333078952
1885-06-16 00:00:00,22.3641414642334,26.219196319580078,27.175047396069424,28.366477023872317,23.823413848876953,22.785175323486328,25.0761081216597,24.579458236694336,13.170830726623535,24.941492255610875,26.458412170410156,25.282386779785156,26.17710304260254,-0.6168334484100342,27.768207370794645,28.576445102174567,27.475208725650322,-0.8116716557626666
1885-07-16 12:00:00,21.382444381713867,25.699560165405273,26.92285486716942,28.33800675274658,24.941303253173828,23.27467155456543,25.735980194584798,25.36044692993164,12.067434310913086,25.458490856614638,25.844327926635742,26.012649536132812,25.378698348999023,0.9522857069969177,26.995951414879027,28.05493909231548,26.751595753669122,-1.0711325306364101
1885-08-16 12:00:00,20.29766845703125,25.114736557006836,26.57807201562577,28.303480031971336,25.37438201904297,24.280473709106445,26.415229208722128,26.191444396972656,11.831957817077637,26.0017385920889,25.498552322387695,26.66389274597168,24.418113708496094,1.7136366367340088,26.760809986426327,27.493147462940748,26.559458543634022,-0.7481064502973369
1885-09-16 00:00:00,20.005359649658203,24.62578010559082,26.397308455084584,28.27878132040874,25.706275939941406,24.54867935180664,26.876668775252742,26.564477920532227,12.210603713989258,26.502633101936496,25.55804443359375,26.791826248168945,24.533220291137695,2.308692693710327,27.0040040962939,27.4351093899216,26.7731811846503,-0.4446670327556123
1885-10-16 12:00:00,20.571361541748047,24.173768997192383,26.38005637938273,28.28479061139839,25.4437313079834,24.50925064086914,26.81585363002465,26.706584930419922,12.91799259185791,26.642123558864554,25.74652099609375,26.93809700012207,25.15872573852539,1.937569499015808,27.560908009999245,27.691801254703154,27.177709275602965,-0.13846107174122108
1885-11-16 00:00:00,21.390052795410156,24.981353759765625,26.316808865755927,28.291112540922164,24.85490608215332,23.61370849609375,26.112099898743107,25.874374389648438,14.472458839416504,26.013022905124885,26.30573272705078,26.44364356994629,25.56268310546875,0.5135737061500549,27.82579721285449,27.945198988218802,27.596033710669598,-0.12380200739581751
1885-12-16 12:00:00,22.566726684570312,24.410734176635742,26.324184926375477,28.29330632641795,23.128551483154297,22.376026153564453,25.064305782263773,24.978702545166016,16.064722061157227,24.866498325634353,26.757186889648438,25.383729934692383,25.987945556640625,-1.013667345046997,27.59682134975635,28.142742295674253,27.717221217117643,-0.5520547940778795
1886-01-16 12:00:00,24.529727935791016,24.804094314575195,26.376622182730337,28.287412720948257,22.035606384277344,21.124670028686523,24.16406721210863,23.6060848236084,18.727922439575195,23.888967254251718,27.00527000427246,24.52794647216797,26.565649032592773,-2.507208824157715,27.408979022963003,28.11061516184038,27.73149342201924,-0.7096604120551082
1886-02-15 00:00:00,25.208181381225586,25.68288803100586,26.507456098881775,28.28925320213701,21.498741149902344,20.47735595703125,23.793454384638782,23.67334747314453,19.901199340820312,23.524282781495074,27.579256057739258,24.189544677734375,27.218862533569336,-2.608264923095703,27.668407731131907,28.11602884291881,28.074223679823994,-0.45312846009718094
1886-03-16 12:00:00,26.104721069335938,27.176424026489258,26.724458038139545,28.30708292155625,21.535184860229492,20.498798370361328,23.90534154083428,23.753158569335938,19.57427406311035,23.683579654770007,27.754810333251953,24.122859954833984,27.550600051879883,-2.219289541244507,28.28163894066944,28.59086786576273,28.570058214710567,-0.30767269753063164
1886-04-16 00:00:00,24.87086296081543,26.956045150756836,27.015591303675347,28.338739777917993,21.701486587524414,20.68366050720215,24.27220571112331,23.544170379638672,17.53699493408203,24.079769824351573,27.707199096679688,24.589027404785156,27.51323699951172,-2.7224152088165283,29.094301037316484,28.872049156630787,28.982280543561185,0.23232951688670642
1886-05-16 12:00:00,24.51175880432129,26.48808479309082,27.093098355603324,28.354310478318595,22.42426109313965,21.514636993408203,24.61008969870164,23.779216766357422,14.710762023925781,24.41769052866072,27.467041015625,24.881582260131836,26.833234786987305,-1.8380519151687622,28.894050961688535,28.89016834181292,28.469889674356182,0.012071237758756008
1886-06-16 00:00:00,22.390840530395508,26.18120765686035,26.98799907769771,28.34041149707733,23.823413848876953,22.799884796142578,25.09447774430942,24.433059692382812,12.776657104492188,24.944150198474752,26.424379348754883,25.396930694580078,26.13835906982422,-0.5444462299346924,27.601724924351092,28.717135832283144,27.30715792756963,-1.1201123841516998
1886-07-16 12:00:00,20.891138076782227,25.94468116760254,26.68793934329024,28.308538843491764,24.941303253173828,23.292959213256836,25.788609809449934,25.32803726196289,12.123163223266602,25.505076376650408,25.747211456298828,26.02513885498047,25.367551803588867,0.8235695362091064,26.869517348627117,28.284288677702612,26.630336799333396,-1.4275834233564701
1886-08-16 12:00:00,20.29766845703125,25.01877784729004,26.309722708415137,28.268593860847147,25.52591896057129,24.163633346557617,26.49119352620559,26.14356803894043,11.831957817077637,26.07707221697951,25.498552322387695,26.413694381713867,24.515350341796875,1.9318238496780396,26.624939461947566,27.88181376008727,26.435293350739165,-1.273017425606606
1886-09-16 00:00:00,20.032543182373047,25.086288452148438,26.111298344097257,28.240520248689183,26.018293380737305,24.90114974975586,26.972264635112214,26.576332092285156,12.210603713989258,26.6037973914384,25.55804443359375,26.756895065307617,24.533220291137695,2.3724546432495117,26.832424963657683,27.878605309079642,26.627066888479966,-1.0603286674927401
1886-10-16 12:00:00,20.131973266601562,24.938697814941406,26.033527346567354,28.241514928132663,25.68061065673828,24.673330307006836,26.921630360802784,26.713651657104492,12.90976619720459,26.7780408360684,25.72467041015625,27.105785369873047,24.907527923583984,2.088866949081421,27.352392758070444,28.018567942593528,27.063454911659125,-0.6749675539271676
1886-11-16 00:00:00,21.18270492553711,24.981353759765625,25.99918365795599,28.25070603638134,24.56155776977539,23.789628982543945,26.229303239799894,26.096956253051758,14.472458839416504,26.167230173504358,26.26749610900879,26.510021209716797,25.579191207885742,1.0751787424087524,27.66667436794869,28.06244973389705,27.495031449316897,-0.40142864002098955
1886-12-16 12:00:00,22.465675354003906,25.144092559814453,26.034323083641304,28.25611256406599,23.53761100769043,22.527400970458984,25.106920214390694,24.853607177734375,16.064722061157227,24.93492401351032,26.681804656982422,25.792940139770508,25.9945011138916,-0.4066202640533447,27.480656229540365,28.15182676152286,27.633088698850823,-0.6784036398446858
1887-01-16 12:00:00,23.39472198486328,24.9965877532959,26.13894703358578,28.256196459276627,22.020465850830078,21.270488739013672,24.198403536057704,23.92238426208496,18.727922439575195,23.94832925475297,27.027490615844727,24.52794647216797,26.458621978759766,-1.8245550394058228,27.270316370376296,28.038897644420636,27.585716453249784,-0.7781167806256011
1887-02-15 00:00:00,25.208181381225586,26.437660217285156,26.30181743004719,28.262354161806215,21.498741149902344,20.47735595703125,23.850494147889048,23.67334747314453,19.66996955871582,23.60618947934124,27.382375717163086,24.189544677734375,27.01744270324707,-3.123091220855713,27.488499510306145,27.86682766079211,27.861390099091864,-0.3861727824094299
1887-03-16 12:00:00,25.642377853393555,26.20912742614746,26.551262816065467,28.283090842446434,21.535184860229492,20.498798370361328,23.89954189892162,23.753158569335938,19.34304428100586,23.68967207441036,27.827978134155273,24.122859954833984,27.43815040588379,-3.0184526443481445,28.134694041448725,28.295624603353943,28.383653028147734,-0.16150449521948435
1887-04-16 00:00:00,24.87086296081543,26.735103607177734,26.83349964003827,28.31493389682817,21.837181091308594,20.619937896728516,24.18483403893637,23.560312271118164,17.53699493408203,24.009134672948512,27.75560760498047,24.328704833984375,27.470767974853516,-3.2156569957733154,28.942949434891794,28.71828855939559,28.80938598607783,0.23290697924416867
1887-05-16 12:00:00,23.469127655029297,26.541048049926758,26.974465254238766,28.33762992535958,22.42426109313965,21.514636993408203,24.509716810995826,24.139142990112305,14.710762023925781,24.312836109683445,27.1257266998291,24.9074649810791,26.834468841552734,-2.1635901927948,28.761966741789816,28.79502582191602,28.323063616332906,-0.02637468915941789
1887-06-16 00:00:00,22.642980575561523,26.083784103393555,26.931523982586626,28.32615120554715,23.828636169433594,22.799884796142578,25.05272954044793,24.433059692382812,13.170830726623535,24.892242694895238,26.318754196166992,25.282386779785156,26.098726272583008,-0.6717458963394165,27.41714154034905,28.62026887507412,27.101458061024474,-1.2098438906138225
1887-07-16 12:00:00,20.891138076782227,25.67422103881836,26.705660278389317,28.3025638180119,24.941303253173828,23.27467155456543,25.746823263418335,25.36044692993164,12.180689811706543,25.423619929212002,25.586902618408203,25.999996185302734,25.125762939453125,0.767132043838501,26.74158844654795,28.19535684771149,26.468209312294807,-1.4680296414523226
1887-08-16 12:00:00,20.29766845703125,25.01877784729004,26.35613650330202,28.269164255382247,25.53866195678711,24.229394912719727,26.441093504597813,26.14356803894043,11.831957817077637,25.974608492294095,25.498552322387695,26.28554344177246,24.515350341796875,1.9357770681381226,26.548438370834837,27.83114023940166,26.32773175491441,-1.2997055346659956
1887-09-16 00:00:00,20.032543182373047,25.086288452148438,26.15118157220779,28.242278651099962,25.868770599365234,24.833742141723633,26.936981055301384,26.594573974609375,12.210603713989258,26.50463126547669,25.55804443359375,26.791826248168945,24.533220291137695,2.600271701812744,26.73550222065523,27.86520347397508,26.531219958611178,-1.1448173393019099
1887-10-16 12:00:00,20.163923263549805,24.938697814941406,26.084623404833454,28.244708502744956,25.518115997314453,24.604238510131836,26.8916279764136,26.713651657104492,12.901551246643066,26.702413485039273,25.72467041015625,26.93809700012207,24.788785934448242,2.174865961074829,27.314919055467577,28.01825805952767,26.980964812445055,-0.7124937973493641
1887-11-16 00:00:00,21.625961303710938,24.981353759765625,26.04364326329081,28.257408237037584,24.642343521118164,23.729095458984375,26.17293421265636,25.881681442260742,14.472458839416504,26.09040240505123,26.26749610900879,26.44364356994629,25.57194709777832,1.0751787424087524,27.684176229285285,28.013618120055998,27.500668530172632,-0.3350439945193531
1887-12-16 12:00:00,22.782838821411133,25.144092559814453,26.117363670230134,28.267271300134503,23.547588348388672,22.54556655883789,25.111342355492617,24.853607177734375,16.064722061157227,24.939704480969247,26.681804656982422,25.559553146362305,25.78539276123047,-0.3407699763774872,27.48041857089051,28.080875897181986,27.640275283216777,-0.6078638129726988
1888-01-16 12:00:00,23.794944763183594,24.338729858398438,26.245352879534323,28.268182758351323,22.14431381225586,21.207706451416016,24.191167603458876,23.9105224609375,18.727922439575195,23.934691470300685,27.038785934448242,24.52794647216797,26.458621978759766,-1.5824276208877563,27.21664924850387,27.926004650694058,27.547559755899318,-0.7196810967308771
1888-02-15 12:00:00,25.208181381225586,25.613245010375977,26.429601265650156,28.274786890585883,21.498741149902344,20.47735595703125,23.79146563654012,23.67334747314453,19.66996955871582,23.544831523613468,27.612836837768555,24.189544677734375,27.01744270324707,-2.919828414916992,27.40719521050098,27.782105451938,27.775588650925204,-0.383743872259191
1888-03-16 12:00:00,26.143590927124023,26.74557113647461,26.67650124065761,28.299290751887558,21.535184860229492,20.498798370361328,23.868598789974605,23.753158569335938,19.34304428100586,23.67898204881373,27.827978134155273,24.122859954833984,27.464479446411133,-3.956054449081421,28.07759975582439,28.20776735296126,28.324560098936622,-0.1315044264837165
1888-04-16 00:00:00,24.87086296081543,26.4014892578125,26.964053013884666,28.336669755419564,21.893285751342773,20.918733596801758,24.22934457175395,23.544170379638672,17.53699493408203,24.073312819518186,27.70656394958496,24.589027404785156,27.418912887573242,-3.2509500980377197,28.97436164640594,28.706282609337222,28.85712941072151,0.27659936496303983
1888-05-16 12:00:00,23.913013458251953,26.453369140625,27.086709383003342,28.357043688711734,22.682270050048828,21.421316146850586,24.591516974166044,23.779216766357422,14.710762023925781,24.423391115633592,27.330852508544922,24.84735107421875,26.833234786987305,-2.152456521987915,28.810438308131012,28.82986303051615,28.372241634547397,-0.01218850553615907
1888-06-16 00:00:00,22.433698654174805,26.272159576416016,27.056678240581867,28.347878723808005,23.75831413269043,22.558372497558594,25.085771856872437,24.433059692382812,13.170830726623535,24.97930337847049,26.424379348754883,25.396930694580078,26.098726272583008,-0.5091818571090698,27.4974719220883,28.571346846034682,27.186209296023357,-1.079934139377258
1888-07-16 12:00:00,21.190183639526367,25.526592254638672,26.84289909139867,28.324647143319446,24.91099739074707,23.512910842895508,25.822280432158838,25.32803726196289,12.217841148376465,25.543116551583836,25.784263610839844,26.17219352722168,25.27603530883789,0.8107947707176208,26.805700452006597,28.176979641473952,26.53721946108287,-1.3849659673524455
1888-08-16 12:00:00,20.29766845703125,24.64838981628418,26.497358946048756,28.293488520385818,25.606243133544922,24.29730224609375,26.570812492865006,26.14356803894043,11.831957817077637,26.15397393546023,25.498552322387695,26.413694381713867,24.515350341796875,1.9209504127502441,26.5877370445613,27.769608311932828,26.385176634493746,-1.198644016155395
1888-09-16 00:00:00,20.032543182373047,25.086288452148438,26.276315647764697,28.26411346181188,25.996496200561523,24.878032684326172,27.049356830136237,26.582380294799805,12.210603713989258,26.663368616551814,25.55804443359375,26.756895065307617,24.533220291137695,2.383286476135254,26.813651600372225,27.797713956661187,26.611672224710677,-0.9985869238182481
1888-10-16 12:00:00,20.163923263549805,24.938697814941406,26.18651709446054,28.26242709825603,25.761247634887695,24.68680191040039,27.045877753049925,26.7244873046875,12.899275779724121,26.881506030802115,25.741439819335938,27.16004180908203,24.913557052612305,2.174865961074829,27.402762352422457,27.99105556774529,27.075683914221695,-0.5966657847092913
1888-11-16 00:00:00,21.464269638061523,24.981353759765625,26.144955435876348,28.27376431283246,24.63011360168457,23.74115753173828,26.31857829596238,26.096956253051758,14.472458839416504,26.26149421502963,26.324125289916992,26.51677894592285,25.57194709777832,1.0751787424087524,27.773957485390465,28.074680527941698,27.560352638247036,-0.30531138352668136
1888-12-16 12:00:00,22.96979331970215,25.144092559814453,26.181557820414767,28.281964590310206,23.29635238647461,22.373149871826172,25.22680884973845,24.910423278808594,16.064722061157227,25.080949561379285,26.687881469726562,25.842754364013672,25.96135139465332,-0.3407699763774872,27.555876728080467,28.116218831969714,27.721780641367438,-0.5669350847034051
1889-01-16 12:00:00,23.794944763183594,24.68416404724121,26.296597836761492,28.28358772551543,22.22052574157715,21.266433715820312,24.27451023165151,23.77121353149414,18.727922439575195,24.050543539177205,26.99428367614746,24.52794647216797,26.458621978759766,-1.8245550394058228,27.30752475134239,27.968620366531688,27.646034837538707,-0.670441466688819
1889-02-15 00:00:00,25.208181381225586,25.508197784423828,26.460407283161945,28.28898711756065,21.679597854614258,20.745210647583008,23.932670061519477,23.67334747314453,19.901199340820312,23.7174271874431,27.52753257751465,24.189544677734375,27.173931121826172,-2.843409299850464,27.52439061000812,27.923357750642687,27.905364588708895,-0.4063290583626888
1889-03-16 12:00:00,25.659059524536133,26.74557113647461,26.699591275895802,28.31262189356487,21.535184860229492,20.498798370361328,23.949963282019013,23.753158569335938,19.57427406311035,23.76594558851673,27.81293487548828,24.122859954833984,27.464479446411133,-3.956054449081421,28.17446149365674,28.367099106620813,28.4266728113727,-0.19265538382192518
1889-04-16 00:00:00,24.8375186920166,26.4014892578125,26.9784009564695,28.34577757082623,21.88994026184082,21.088912963867188,24.21580801068912,23.32040023803711,17.53699493408203,24.037368516082566,27.694517135620117,24.41534423828125,27.42729377746582,-3.0966782569885254,29.040617577373716,28.760203257535387,28.933681204579212,0.2897041352709939
1889-05-16 12:00:00,23.36725425720215,26.48808479309082,27.117497604454066,28.367071539572986,22.657106399536133,21.511682510375977,24.60593010168622,24.111656188964844,14.710762023925781,24.41218242679865,27.4354190826416,24.710935592651367,26.833234786987305,-1.833736538887024,28.85355345263044,28.81703451134342,28.445708880849107,0.04414034942055907
1889-06-16 00:00:00,22.530643463134766,26.422819137573242,27.088292473219873,28.355972322513185,23.75831413269043,22.73311996459961,25.15849216717516,24.387317657470703,13.085346221923828,25.01929416200889,26.424379348754883,25.638731002807617,26.149274826049805,-0.5091818571090698,27.547087442874012,28.55407204686095,27.24857781504796,-1.01260661127999
1889-07-16 12:00:00,21.190183639526367,25.865781784057617,26.891336208307806,28.333963164658275,25.01675033569336,23.440156936645508,25.862254882723956,25.32803726196289,12.005812644958496,25.561938764239684,25.7769718170166,26.02513885498047,25.269790649414062,0.8901957273483276,26.8465861337013,28.005457325761345,26.585083135491654,-1.1725769574046423
1889-08-16 12:00:00,20.29766845703125,24.53567886352539,26.55410267076579,28.303996749253262,25.477689743041992,24.24543571472168,26.574040327689705,26.174598693847656,11.831957817077637,26.14094488026565,25.498552322387695,26.391000747680664,24.515350341796875,1.9357770681381226,26.644710640154123,27.629659557625065,26.443260816266243,-1.0015092476675533
1889-09-16 00:00:00,20.032543182373047,25.086288452148438,26.341497422751925,28.27594620196264,25.996496200561523,24.878032684326172,27.06344410125443,26.582380294799805,12.210603713989258,26.671100052120416,25.55804443359375,26.79465103149414,24.533220291137695,2.4281091690063477,26.87437491850948,27.71420492594238,26.651986737340074,-0.8539698719122866
1889-10-16 12:00:00,20.442224502563477,24.938697814941406,26.275260174323513,28.27627319701068,25.67896842956543,24.743858337402344,27.017186718889423,26.7244873046875,12.90976619720459,26.851054220823833,25.74880599975586,27.19684600830078,24.8002872467041,2.174865961074829,27.391010491278116,27.898671480389368,27.044175602610835,-0.5163697487078076
1889-11-16 00:00:00,20.804222106933594,24.981353759765625,26.25035403839234,28.28714093877366,24.542823791503906,23.729095458984375,26.285299651381873,26.096956253051758,14.472458839416504,26.217963971139632,26.39275550842285,26.51677894592285,25.57194709777832,1.0751787424087524,27.74685087593291,28.020640742506654,27.545412039034616,-0.2787701335055968
1889-12-16 12:00:00,22.537216186523438,25.144092559814453,26.299566758137537,28.297781398286514,23.27680206298828,22.55531120300293,25.183756619691945,24.853607177734375,16.064722061157227,25.020322229237372,26.757186889648438,25.7916316986084,25.99650764465332,-0.4066202640533447,27.577081431084675,28.17616256286664,27.737591063623533,-0.6053249124796247
1890-01-16 12:00:00,24.676210403442383,25.25208854675293,26.403936050190033,28.296893048363785,22.2801513671875,21.30076026916504,24.235179266484266,23.938526153564453,18.727922439575195,24.00051488762712,27.057775497436523,24.52794647216797,26.544408798217773,-1.9389101266860962,27.381521659146273,28.05684673471418,27.71518337594553,-0.6837440056693855
1890-02-15 00:00:00,25.208181381225586,25.964094161987305,26.546410456269694,28.303197771139864,21.61532211303711,20.47735595703125,23.85787440261739,23.67334747314453,19.901199340820312,23.636558823929782,27.58323860168457,24.189544677734375,27.218862533569336,-3.1641721725463867,27.591063684500163,28.020498406358865,27.985245131825106,-0.43591890883555146
1890-03-16 12:00:00,26.10016441345215,27.000415802001953,26.792979650046306,28.32395546607834,21.535184860229492,20.498798370361328,23.932669306808858,23.753158569335938,19.57427406311035,23.7491572820094,27.754810333251953,24.122859954833984,27.456052780151367,-3.1293718814849854,28.208518246209014,28.429333388636298,28.496827758435558,-0.22035414863457864
1890-04-16 00:00:00,24.87086296081543,27.144664764404297,27.078061460974546,28.360183175407833,21.85004997253418,20.918733596801758,24.257327348094723,23.544170379638672,17.53699493408203,24.12170694051219,27.766815185546875,24.54383087158203,27.492929458618164,-2.8281795978546143,29.028340011062856,28.767054929826028,28.9451280357142,0.2704729215518031
1890-05-16 12:00:00,23.478431701660156,26.75567626953125,27.23470244049502,28.384346002764755,22.629926681518555,21.688610076904297,24.620141757011563,23.87789535522461,14.710762023925781,24.468916245048227,27.395082473754883,24.881582260131836,26.833234786987305,-1.9718657732009888,28.960073379659487,28.827218582097316,28.52229891995139,0.14152883757683996
1890-06-16 00:00:00,22.532358169555664,26.184480667114258,27.1967179595962,28.374964106417597,23.866865158081055,22.736886978149414,25.128516409389622,24.387317657470703,12.776657104492188,25.03221382844572,26.458412170410156,25.869857788085938,26.236019134521484,-0.5237483978271484,27.62646632318223,28.625881902115584,27.308307780048736,-1.004098306258127
1890-07-16 12:00:00,21.48270034790039,25.39443588256836,27.005979978250863,28.354536341375855,25.01675033569336,23.440156936645508,25.820729081065313,25.32803726196289,12.217841148376465,25.551088749679685,25.808515548706055,26.02513885498047,25.367551803588867,0.8235695362091064,26.922067319688924,28.18483265013948,26.65445872089911,-1.275310059843106
1890-08-16 12:00:00,20.29656982421875,24.52075958251953,26.678296262833523,28.323882914527722,25.477689743041992,24.230545043945312,26.566407078048524,26.174598693847656,11.831957817077637,26.14760588040008,25.498552322387695,26.418811798095703,24.515350341796875,1.8922587633132935,26.700807445838105,27.68493890005184,26.502138782864286,-1.0000170712145129
1890-09-16 00:00:00,20.0091552734375,24.532194137573242,26.481427820093945,28.297601466248377,25.996496200561523,24.884458541870117,27.053578945265922,26.609590530395508,12.210603713989258,26.688885529068905,25.55804443359375,26.79812240600586,24.533220291137695,2.3724546432495117,26.951945848116694,27.6611993414289,26.727461760836608,-0.7227724968772202
1890-10-16 12:00:00,21.309680938720703,24.272729873657227,26.419010317892706,28.300185193135388,25.656156539916992,24.743858337402344,27.002311189236334,26.71843910217285,12.90976619720459,26.84840488984647,25.83122444152832,27.16004180908203,25.047109603881836,2.075725793838501,27.520974045278297,27.813400274230617,27.177627337348806,-0.30008626397186555
1890-11-16 00:00:00,21.592626571655273,24.981353759765625,26.37136332641323,28.311398830559934,24.542823791503906,23.789628982543945,26.27557291089563,26.096956253051758,14.472458839416504,26.203038285567047,26.366233825683594,26.51677894592285,25.579191207885742,1.0983233451843262,27.81392268821606,28.03235012141526,27.596829009816187,-0.22273212290398092
1890-12-16 12:00:00,22.508739471435547,24.410734176635742,26.395669904736685,28.316340179888392,23.27680206298828,22.55531120300293,25.24889165030394,24.910423278808594,16.064722061157227,25.07374141383098,26.95895767211914,25.807950973510742,25.977174758911133,-0.4066202640533447,27.603512457418535,28.179796093009436,27.748756183853597,-0.5822635561945717
1891-01-16 12:00:00,24.676210403442383,24.93570899963379,26.478269006636886,28.314399675737757,22.2801513671875,21.39325714111328,24.298422123163924,23.77121353149414,18.727922439575195,24.057191115959853,27.28338050842285,24.81327247619629,26.55992889404297,-1.9398878812789917,27.44775048654104,28.144124499950223,27.79548588136188,-0.7039432829614909
1891-02-15 00:00:00,25.208181381225586,26.61815643310547,26.61549327895021,28.316476307711707,21.628738403320312,20.47735595703125,23.910444299371527,23.67334747314453,19.901199340820312,23.67891743027959,27.647539138793945,24.189544677734375,27.218862533569336,-2.860745906829834,27.66945867713968,28.134555395164245,28.07389605622686,-0.47054924975155504
1891-03-16 12:00:00,26.104721069335938,27.259672164916992,26.843122932281908,28.333273630152384,21.535184860229492,20.498798370361328,24.01809825814826,23.753158569335938,19.57427406311035,23.828675600337732,27.765226364135742,24.122859954833984,27.174360275268555,-3.403209924697876,28.281727286338732,28.57581775057932,28.557194505729797,-0.2925696746178159
1891-04-16 00:00:00,24.87086296081543,27.375272750854492,27.138188256505185,28.365440756974333,21.88994026184082,20.824432373046875,24.330735631899024,23.446044921875,17.53699493408203,24.16551459860188,27.767208099365234,24.27651023864746,27.492929458618164,-3.321370840072632,29.163596544624674,28.842991596971867,29.089105541530706,0.3312813209942321
1891-05-16 12:00:00,23.47268295288086,26.72145652770996,27.266074029302843,28.386855453941912,22.716245651245117,21.708112716674805,24.70803999251589,24.280750274658203,14.710762023925781,24.526239925214377,27.44961166381836,24.936017990112305,26.833234786987305,-1.833736538887024,29.053443114446733,28.949999124517046,28.624788250251367,0.11331524886316081
1891-06-16 00:00:00,22.456571578979492,25.99863052368164,27.21929189455852,28.376034432720196,23.683778762817383,22.759174346923828,25.194181941420897,24.387317657470703,12.776657104492188,25.06901020480293,26.484445571899414,25.628786087036133,26.13835906982422,-0.5442663431167603,27.66318000590334,28.73435276231022,27.346872813648904,-1.0752395847044476
1891-07-16 12:00:00,21.382444381713867,25.347551345825195,26.998818571234352,28.353798869977858,24.9417724609375,23.445629119873047,25.903779376398166,25.32803726196289,12.217841148376465,25.62903964624129,25.808515548706055,26.044937133789062,25.367551803588867,0.8107947707176208,26.906943496473552,28.284241021071274,26.63227290809662,-1.3897485161089824
1891-08-16 12:00:00,20.29766845703125,24.79354476928711,26.637341849422384,28.32285676177888,25.477689743041992,24.230545043945312,26.603804595327208,26.21122932434082,11.831957817077637,26.19132682666197,25.498552322387695,26.418811798095703,24.515350341796875,1.8988797664642334,26.694240529396577,27.793696811278576,26.47814951990999,-1.1151430294840887
1891-09-16 00:00:00,20.033153533935547,24.252742767333984,26.426381580556686,28.293495132987513,26.02185821533203,24.90114974975586,27.041287491546516,26.582380294799805,12.210603713989258,26.681481246237027,25.55804443359375,26.79812240600586,24.533220291137695,2.3409669399261475,26.925647667506517,27.76698693665926,26.698929690338876,-0.8548570015784323
1891-10-16 12:00:00,20.624404907226562,24.21036148071289,26.363278166869968,28.29590902148848,25.656156539916992,24.743858337402344,26.982837186092585,26.71843910217285,12.859375,26.835703073887984,25.83122444152832,27.19684600830078,25.05527114868164,2.1266531944274902,27.493100517125864,27.943867706194386,27.142414958705466,-0.458381646460219
1891-11-16 00:00:00,22.185138702392578,24.981353759765625,26.328621609181905,28.305151536871964,24.542823791503906,23.729095458984375,26.28805639415207,26.096956253051758,14.472458839416504,26.228649542438376,26.366233825683594,26.51677894592285,25.56268310546875,1.0983233451843262,27.781034202661402,28.090319380178094,27.554967399795892,-0.31376750746483334
1891-12-16 12:00:00,22.508739471435547,25.144092559814453,26.370879159292784,28.314420588161987,23.27680206298828,22.44556427001953,25.24156913359058,24.910423278808594,16.064722061157227,25.086232546158264,26.95895767211914,25.842754364013672,25.977174758911133,-0.4066202640533447,27.612946535267984,28.227095734491858,27.76918031494487,-0.6199240125683154
1892-01-16 12:00:00,24.676210403442383,25.25208854675293,26.45621615640149,28.314747414931524,22.20454978942871,21.29461669921875,24.348987131867755,23.912050247192383,18.727922439575195,24.11052425996501,27.25836944580078,24.62084197998047,26.544408798217773,-1.863720178604126,27.403988702828386,28.163540326521034,27.74937426483637,-0.7674964414647161
1892-02-15 12:00:00,25.208181381225586,26.224632263183594,26.58513530238243,28.315864029860933,21.62683868408203,20.643136978149414,23.97459286692184,23.67334747314453,19.901199340820312,23.74021885426147,27.58323860168457,24.189544677734375,27.218862533569336,-3.081355333328247,27.59079488787864,28.065009395978308,27.973209086639915,-0.4805939592328429
1892-03-16 12:00:00,26.653396606445312,26.83167266845703,26.83118018762911,28.33329521214945,21.535184860229492,20.498798370361328,24.064057912567495,23.255237579345703,19.34304428100586,23.874346911202288,27.765226364135742,24.417293548583984,27.550600051879883,-3.956054449081421,28.246990559169873,28.467767472090795,28.52539517688627,-0.21985192762405414
1892-04-16 00:00:00,24.898435592651367,27.36526870727539,27.13686346362904,28.362842276657343,21.88994026184082,20.848115921020508,24.36022096111824,23.5737361907959,17.51148796081543,24.20304439412085,27.860614776611328,24.506689071655273,27.412866592407227,-3.2509500980377197,29.126378971129366,28.861650873412703,29.03108626643321,0.27509025986411495
1892-05-16 12:00:00,23.588151931762695,26.6977596282959,27.258968233277308,28.38418211977481,22.629926681518555,21.653934478759766,24.71636039710188,24.186506271362305,14.710762023925781,24.564867572710355,27.399065017700195,24.82227325439453,26.833234786987305,-2.15287184715271,29.034909332059158,28.822325608274816,28.588903894745084,0.2219682429185622
1892-06-16 00:00:00,22.42548370361328,25.99863052368164,27.221804289620238,28.37512096195548,23.832168579101562,22.530969619750977,25.23960054399013,24.433578491210938,13.221221923828125,25.140868676409262,26.441566467285156,25.334728240966797,26.13835906982422,-0.5888566374778748,27.70409834285176,28.552359252223933,27.402102855290668,-0.8523716593320891
1892-07-16 12:00:00,21.68939971923828,25.39443588256836,26.99685571097801,28.352772640856138,24.9417724609375,23.440156936645508,25.922635451566006,25.32803726196289,12.180689811706543,25.66205898289337,25.808515548706055,26.049606323242188,25.367551803588867,0.8107947707176208,27.000353458369478,28.029762054452075,26.7458687211601,-1.0415716728839162
1892-08-16 12:00:00,20.58770751953125,25.307544708251953,26.66025769585844,28.32073821478427,25.52591896057129,24.230545043945312,26.612751000993423,26.21122932434082,11.831957817077637,26.211077519550244,25.498552322387695,26.418811798095703,24.515350341796875,1.8988797664642334,26.773023137186726,27.55339929749712,26.57666870534489,-0.7958819728199187
1892-09-16 00:00:00,20.31406021118164,24.689990997314453,26.497591616166094,28.29835178631496,25.985563278198242,25.100786209106445,27.10739889829843,26.627639770507812,12.210603713989258,26.740551881153557,25.55804443359375,26.912580490112305,24.533220291137695,2.3724546432495117,27.027500070516304,27.565630430514737,26.808575508096506,-0.5511506005508113
1892-10-16 12:00:00,20.77513885498047,24.56168556213379,26.4585779439318,28.304499397781942,25.656156539916992,24.743858337402344,27.079947770707843,26.733346939086914,13.087031364440918,26.93088820503297,25.899450302124023,26.99652671813965,25.05527114868164,2.1036932468414307,27.610618212785347,27.824590239513757,27.246045464312715,-0.2207398803766148
1892-11-16 00:00:00,21.581911087036133,24.45915412902832,26.422573869780443,28.312241543723765,24.698938369750977,23.690176010131836,26.354874337416522,26.16751480102539,14.472458839416504,26.312747348105134,26.43524742126465,26.53783416748047,25.56268310546875,1.0751787424087524,27.869316333438242,28.106311015293983,27.661103468459796,-0.24058639775107665
1892-12-16 12:00:00,22.691648483276367,24.534385681152344,26.4378203113105,28.313982972501947,23.29635238647461,22.44556427001953,25.297055565136475,24.910423278808594,16.064722061157227,25.16167825264779,26.996429443359375,25.543720245361328,25.98204803466797,-0.4066202640533447,27.695007988106852,28.21955498279216,27.852522344260862,-0.5295479767766427
1893-01-16 12:00:00,24.1801815032959,25.502098083496094,26.534450648335355,28.311229282841342,22.22052574157715,21.356548309326172,24.39990880570129,23.912050247192383,18.727922439575195,24.17708967259282,27.235301971435547,24.808605194091797,26.544408798217773,-1.8245550394058228,27.51867626594014,28.17585178747991,27.874530362065894,-0.6639837478482336
1893-02-15 00:00:00,25.235754013061523,25.784149169921875,26.67155786171383,28.313186732020537,21.68294334411621,20.594284057617188,24.05205513779868,23.67334747314453,19.66996955871582,23.83493734671181,27.691518783569336,24.189544677734375,27.210481643676758,-3.170949935913086,27.74357847864026,28.231692750855103,28.151850502196158,-0.4926172092176378
1893-03-16 12:00:00,26.341018676757812,26.992870330810547,26.89461641703815,28.332030410061954,21.535184860229492,20.498798370361328,24.14722070135218,23.3759822845459,19.57427406311035,23.972543951322834,27.918642044067383,24.36864471435547,27.550600051879883,-3.387927293777466,28.370899120372137,28.687625812619093,28.668530898130733,-0.3140756577909784
1893-04-16 00:00:00,24.87086296081543,27.375272750854492,27.161746421145786,28.36495945017075,21.85004997253418,20.900632858276367,24.481574797879716,23.777435302734375,17.53699493408203,24.328819985611702,27.915563583374023,24.621566772460938,27.51323699951172,-3.1706254482269287,29.213954978297235,28.945393113847924,29.14054577184058,0.2799711937332037
1893-05-16 12:00:00,23.47268295288086,26.72145652770996,27.26248204524358,28.383162618388276,22.629926681518555,21.586191177368164,24.842085117378947,24.034631729125977,14.710762023925781,24.68745196170562,27.466699600219727,25.179208755493164,26.973276138305664,-2.152456521987915,29.072258495626556,28.979972114196155,28.639997286738033,0.10241151101755949
1893-06-16 00:00:00,22.433698654174805,26.128128051757812,27.17503615324036,28.36794856721259,23.75831413269043,22.558372497558594,25.34431559226593,24.49696922302246,12.776657104492188,25.22260502492896,26.484445571899414,25.334728240966797,26.139585494995117,-0.5888566374778748,27.736005773988527,28.704684981518508,27.41049078073034,-0.9721146978858148
1893-07-16 12:00:00,21.382444381713867,25.865781784057617,26.89398200070808,28.33570187136259,24.9417724609375,23.445629119873047,26.007632948929437,25.32803726196289,12.123163223266602,25.73622181556796,25.808515548706055,26.066326141357422,25.367551803588867,0.8022857904434204,26.979064402644454,28.25668434063295,26.716277387923874,-1.2894413039848356
1893-08-16 12:00:00,20.29766845703125,24.528783798217773,26.49665494741235,28.29625263558173,25.477689743041992,24.230545043945312,26.685689586662317,26.20706558227539,11.831957817077637,26.27170999026861,25.498552322387695,26.39575958251953,24.515350341796875,1.9209504127502441,26.755416468812157,27.816806827505005,26.550570096588437,-1.0764309424054295
1893-09-16 00:00:00,20.032543182373047,24.368484497070312,26.302821355409165,28.268837549828234,26.018293380737305,24.90114974975586,27.133434749562998,26.489013671875,12.210603713989258,26.754375257561286,25.55804443359375,26.912580490112305,24.533220291137695,2.383286476135254,26.95819390904452,27.84131772554197,26.75234789823277,-0.8961481944193073
1893-10-16 12:00:00,20.624404907226562,24.938697814941406,26.204294684176883,28.26703016094853,25.672245025634766,24.91983413696289,27.06171689199766,26.7244873046875,13.307656288146973,26.90085981015794,25.74652099609375,26.99652671813965,25.0452823638916,2.1036932468414307,27.49437150472848,28.027542026413986,27.19438965769795,-0.5405709468133986
1893-11-16 00:00:00,21.55851936340332,24.981353759765625,26.155612634603948,28.27154331647758,24.56155776977539,23.789628982543945,26.301217055967438,26.096956253051758,14.472458839416504,26.241261419906415,26.281766891479492,26.53783416748047,25.579191207885742,1.0751787424087524,27.812303161104662,28.08320440605992,27.625524329282328,-0.2750989396651355
1893-12-16 12:00:00,22.537216186523438,25.144092559814453,26.1972377476851,28.276123847038075,23.35769271850586,22.527400970458984,25.14374616024747,24.853607177734375,16.064722061157227,24.992493027462167,26.757186889648438,25.7916316986084,25.981548309326172,-0.4066202640533447,27.633005479725536,28.168267240425326,27.797926867254798,-0.5409848297381918
1894-01-16 12:00:00,24.562108993530273,24.788837432861328,26.296096348531854,28.274630767261566,22.2801513671875,21.185043334960938,24.196704697633454,23.707677841186523,18.727922439575195,23.97999414694631,27.057775497436523,24.52794647216797,26.55992889404297,-1.9398878812789917,27.417994165120607,28.10081873771896,27.743872999774382,-0.6907854586086837
1894-02-15 00:00:00,25.208181381225586,25.577713012695312,26.450567259614758,28.279427934373686,21.628738403320312,20.47735595703125,23.8234618762735,23.67334747314453,19.901199340820312,23.609575219566594,27.579256057739258,24.189544677734375,27.26233673095703,-3.2023086547851562,27.57930380518923,27.98460555132732,27.930300552350126,-0.4119859824145382
1894-03-16 12:00:00,27.07140350341797,26.900819778442383,26.690526951252146,28.302158251025087,21.535184860229492,20.498798370361328,23.86194472007474,23.753158569335938,19.34304428100586,23.67974920400335,27.7615966796875,24.122859954833984,27.550600051879883,-2.219289541244507,28.257710164691517,28.453599409961328,28.506345803962652,-0.1948949636202265
1894-04-16 00:00:00,24.87086296081543,26.66144561767578,26.95796571490891,28.33597020868752,21.88994026184082,21.088912963867188,24.17012822608914,23.269847869873047,17.51148796081543,24.031623863839904,27.707199096679688,24.399656295776367,27.486907958984375,-2.748779773712158,29.142912523001097,28.83794925272585,28.99333099677909,0.3154278535206111
1894-05-16 12:00:00,23.531038284301758,26.453369140625,27.07388092008277,28.354417799711626,22.67617416381836,21.708112716674805,24.52175282570411,23.824052810668945,14.710762023925781,24.386819555938096,27.395082473754883,24.905527114868164,26.833234786987305,-1.8380519151687622,28.883897920079875,28.90611170760388,28.43012961309993,-0.014084716992989993
1894-06-16 00:00:00,23.51929473876953,26.380035400390625,27.010274076064746,28.341954489089872,23.866865158081055,22.759174346923828,25.060319276070462,24.46958351135254,13.221221923828125,24.980631632902643,26.424379348754883,25.454097747802734,26.1341609954834,-0.4825736880302429,27.54807821588155,28.68153917407337,27.23730228431748,-1.1387660393440728
1894-07-16 12:00:00,21.18117332458496,25.1911678314209,26.77237518373878,28.31670810169862,24.9417724609375,23.440156936645508,25.782710454840043,25.32803726196289,12.005812644958496,25.54475948737246,25.858978271484375,26.02513885498047,25.367551803588867,0.8235695362091064,26.842449555399735,28.299468603143858,26.573585964393295,-1.4700557826465983
1894-08-16 12:00:00,20.29766845703125,24.301389694213867,26.420056794812155,28.28262163645881,25.477689743041992,24.230545043945312,26.506494319618003,26.14356803894043,11.831957817077637,26.110947519317875,25.498552322387695,26.413694381713867,24.515350341796875,1.9318238496780396,26.623256382489487,27.91368016441298,26.40896131449362,-1.3065063135779342
1894-09-16 00:00:00,20.032543182373047,25.086288452148438,26.260875820347227,28.257016956660436,26.005950927734375,24.89984893798828,27.005703216285564,26.576332092285156,12.210603713989258,26.646928921843596,25.55804443359375,26.79465103149414,24.533220291137695,2.3409669399261475,26.828977296371853,27.958941684643783,26.606836534275473,-1.1439522689224897
1894-10-16 12:00:00,21.832422256469727,24.938697814941406,26.213598973305064,28.261550610541747,25.656156539916992,24.673330307006836,26.962202795134377,26.73668098449707,12.901551246643066,26.81400325751769,25.907291412353516,27.105785369873047,25.0452823638916,2.1266531944274902,27.380460416713866,28.115496761041655,27.03398226339202,-0.743324093153007
1894-11-16 00:00:00,21.532629013061523,24.981353759765625,26.194187390252612,28.273998178724185,24.56155776977539,23.729095458984375,26.237324659510303,25.995573043823242,14.472458839416504,26.181603714130006,26.404449462890625,26.532716751098633,25.579191207885742,1.1205536127090454,27.7691241424434,28.14209154367571,27.545938575010876,-0.3774398417537515
1894-12-16 12:00:00,22.508739471435547,25.144092559814453,26.24398835373253,28.284257615655573,23.35769271850586,22.55531120300293,25.12613945653261,24.853607177734375,16.6485652923584,24.975809925522107,26.758712768554688,25.792940139770508,25.981548309326172,-0.4066202640533447,27.601760211086148,28.22238400666656,27.75159376954018,-0.626517934971081
1895-01-16 12:00:00,24.529727935791016,24.76597023010254,26.35384012042011,28.28334744675209,22.2801513671875,21.47389793395996,24.21548290342066,23.938526153564453,18.727922439575195,23.99383002997949,27.00527000427246,24.52794647216797,26.55992889404297,-1.9398878812789917,27.324613381566937,28.123826672594372,27.64362948707919,-0.8080199602854572
1895-02-15 00:00:00,25.208181381225586,26.224632263183594,26.522965615357432,28.287691008677676,21.62683868408203,20.47735595703125,23.85347618131419,23.67334747314453,19.66996955871582,23.646931263508392,27.579256057739258,24.189544677734375,27.26233673095703,-3.2023086547851562,27.53924806091749,27.926849980405226,27.912319956808684,-0.3948120199636568
1895-03-16 12:00:00,26.34831428527832,26.98513412475586,26.75192878956102,28.30833734102508,21.535184860229492,20.498798370361328,23.921872651912626,23.753158569335938,19.34304428100586,23.756377866411142,27.766857147216797,24.122859954833984,27.472623825073242,-3.1853580474853516,28.239172218420972,28.406957075844034,28.483070027647035,-0.16708196385205015
1895-04-16 00:00:00,24.87086296081543,26.977195739746094,27.025820350001204,28.340623390513503,21.88994026184082,20.619937896728516,24.212646362503403,23.560312271118164,17.53699493408203,24.06312147174092,27.707199096679688,24.05150032043457,27.416231155395508,-3.321370840072632,29.099611855669558,28.83306899407947,28.96327104024131,0.2765777614951166
1895-05-16 12:00:00,23.913013458251953,26.328670501708984,27.15255283518215,28.361944812887124,22.688642501831055,21.708112716674805,24.590683358170345,23.779216766357422,14.710762023925781,24.436484616334766,27.395082473754883,25.124753952026367,26.833234786987305,-1.9718657732009888,28.93682079039158,28.899764896929053,28.488761029368384,0.045680443796320566
1895-06-16 00:00:00,22.548038482666016,26.15608787536621,27.096849111850574,28.351450776967006,23.836259841918945,22.558372497558594,25.130000247839327,24.387317657470703,13.221221923828125,25.034725674200573,26.459938049316406,25.869857788085938,26.13835906982422,-0.5444462299346924,27.591165073262435,28.66704775093711,27.252143132765084,-1.0808068503443506
1895-07-16 12:00:00,21.458728790283203,25.82497787475586,26.879117740487793,28.32824378316964,24.91099739074707,23.440156936645508,25.833811356413005,25.32803726196289,12.180689811706543,25.572627978887986,25.858978271484375,26.02513885498047,25.367551803588867,0.814570426940918,26.882514985805564,28.153121749470873,26.618738362279867,-1.283609696633048
1895-08-16 12:00:00,20.29766845703125,24.650854110717773,26.542741737665487,28.29673758217247,25.477689743041992,24.24543571472168,26.578790073198025,26.174598693847656,11.92042064666748,26.176118168647093,25.498552322387695,26.39775848388672,24.515350341796875,1.9218802452087402,26.655858030885412,27.70274353085295,26.448568270459678,-1.0631620126907735
1895-09-16 00:00:00,20.032543182373047,24.489063262939453,26.354709843144818,28.272275639741945,25.996496200561523,24.878032684326172,27.065331844023778,26.609590530395508,12.210603713989258,26.696359308553525,25.55804443359375,26.79812240600586,24.533220291137695,2.3724546432495117,26.862944108186177,27.70390410371017,26.654004216559628,-0.855235022783712
1895-10-16 12:00:00,20.491252899169922,24.938697814941406,26.304876519808506,28.278939077594682,25.656156539916992,24.743858337402344,26.98124289023683,26.71843910217285,13.352996826171875,26.83918502999174,25.728443145751953,27.19684600830078,24.900484085083008,2.088866949081421,27.43355240791965,27.918715781400884,27.10364065934995,-0.49341320748303114
1895-11-16 00:00:00,21.674522399902344,24.981353759765625,26.27106678488312,28.289300181827365,24.716655731201172,23.729095458984375,26.250355823740154,26.096956253051758,14.472458839416504,26.21304172260308,26.30573272705078,26.51677894592285,25.579191207885742,1.0751787424087524,27.746222483994444,28.063101106081422,27.537369728060852,-0.3217625685123552
1895-12-16 12:00:00,22.508739471435547,25.144092559814453,26.325045716904796,28.297606342551738,23.27680206298828,22.44556427001953,25.170526089357534,24.853607177734375,16.064722061157227,25.040548223162425,26.757186889648438,25.77570915222168,25.99650764465332,-0.4066202640533447,27.57518712779674,28.15130048342653,27.733354325594735,-0.5824353695235895
1896-01-16 12:00:00,24.3891544342041,25.70720100402832,26.426352891303587,28.29655151057075,22.2801513671875,21.4360294342041,24.26928629228233,23.69659996032715,18.687591552734375,24.053922209208203,27.20496940612793,24.81327247619629,26.458621978759766,-1.8245550394058228,27.40890822316798,28.092197965375444,27.74625725753112,-0.6913591084162567
1896-02-15 12:00:00,25.208181381225586,26.224632263183594,26.60228076407563,28.304615969766676,21.62683868408203,20.413633346557617,23.94345116497733,23.67334747314453,19.66996955871582,23.7278150539073,27.58323860168457,24.189544677734375,27.26233673095703,-2.919828414916992,27.576223099534815,28.038507096801634,27.95195393852706,-0.46886799316918826
1896-03-16 12:00:00,27.07140350341797,27.146465301513672,26.834730313833965,28.326228005563998,21.535184860229492,20.498798370361328,24.031914191536817,23.753158569335938,19.353193283081055,23.851765004117922,27.754810333251953,24.417293548583984,27.550600051879883,-3.066847085952759,28.254015777945007,28.422866599380537,28.51552253001614,-0.16796630264683077
1896-04-16 00:00:00,24.898435592651367,27.029926300048828,27.105534134379646,28.359625913463738,21.88994026184082,20.848115921020508,24.35405885993619,23.58251953125,17.51148796081543,24.205681948680827,27.767208099365234,24.492908477783203,27.51323699951172,-3.321370840072632,29.09449200198494,28.849302737727648,28.97769890885493,0.25521389471162736
1896-05-16 12:00:00,23.588151931762695,26.6977596282959,27.23906939289659,28.38017703167887,22.688642501831055,21.653934478759766,24.703987885605283,24.186506271362305,14.710762023925781,24.555630307649665,27.44961166381836,24.82227325439453,26.833234786987305,-1.8940637111663818,28.954605111963687,28.927134421921416,28.53517383191431,0.03633288199947966
1896-06-16 00:00:00,22.413619995117188,26.184480667114258,27.189837578074723,28.36866074903523,23.75831413269043,22.558372497558594,25.1672254715491,24.387317657470703,13.221221923828125,25.06263190757084,26.484445571899414,25.628786087036133,26.1341609954834,-0.5444462299346924,27.670170155955134,28.655570075915563,27.356564339635916,-0.9895892530418235
1896-07-16 12:00:00,21.282066345214844,25.14596939086914,26.962622058336486,28.344310200555206,25.01675033569336,23.440156936645508,25.866120518135464,25.32803726196289,12.180689811706543,25.614440465193752,25.808515548706055,26.044937133789062,25.367551803588867,0.8235695362091064,26.963556673585988,28.192981149633123,26.698671739458415,-1.2415491231867861
1896-08-16 12:00:00,20.29656982421875,25.114736557006836,26.59904963989251,28.31206049240857,25.52591896057129,24.230545043945312,26.559558864961527,26.174598693847656,11.831957817077637,26.165839592986394,25.498552322387695,26.418811798095703,24.515350341796875,1.9264050722122192,26.74990401784801,27.735693551978905,26.54075292675629,-1.0010789110104972
1896-09-16 00:00:00,20.033153533935547,24.103118896484375,26.4009479821941,28.284499694518253,25.992143630981445,24.884458541870117,27.05555991065552,26.582380294799805,12.210603713989258,26.695931489063597,25.55804443359375,26.79812240600586,24.533220291137695,2.3724546432495117,26.97424074201161,27.740478126192993,26.767972666692284,-0.7793500427213016
1896-10-16 12:00:00,20.54429817199707,24.21036148071289,26.333005048743725,28.28413075945584,25.656156539916992,24.749549865722656,27.019666119353868,26.7244873046875,12.841842651367188,26.864296690760597,25.83122444152832,26.99652671813965,24.900484085083008,2.088866949081421,27.55722745137114,27.985633803098214,27.20168496584013,-0.43530117803023405
1896-11-16 00:00:00,21.744346618652344,24.981353759765625,26.2876369635872,28.293809791652237,24.542823791503906,23.729095458984375,26.32398869226999,26.034282684326172,14.472458839416504,26.26797503143831,26.318376541137695,26.53783416748047,25.579191207885742,1.0751787424087524,27.876809496929333,28.096804758675255,27.663231815181085,-0.22353758013321698
1896-12-16 12:00:00,22.537216186523438,25.144092559814453,26.305710966718124,28.30124663172179,23.27680206298828,22.54556655883789,25.25953159041428,24.910423278808594,16.6485652923584,25.107009361629856,26.757186889648438,25.233842849731445,25.981548309326172,-0.38913795351982117,27.641124908306697,28.206630437925412,27.80100518613721,-0.5710577283117193
1897-01-16 12:00:00,24.529727935791016,25.25208854675293,26.407647757097102,28.30045570247011,22.20454978942871,21.29461669921875,24.368601168299122,23.912050247192383,18.727922439575195,24.14620711232069,27.20496940612793,24.681968688964844,26.55992889404297,-1.8245550394058228,27.415922814845043,28.17165829850937,27.747394898285513,-0.7635455445952892
1897-02-15 00:00:00,25.208181381225586,26.526180267333984,26.585806409703835,28.30677106231151,21.679597854614258,20.745210647583008,24.014356480393335,23.67334747314453,19.66996955871582,23.80227964724557,27.58323860168457,24.189544677734375,27.26233673095703,-2.843409299850464,27.664108870178175,28.059513863077147,28.070122706411148,-0.40109010713651166
1897-03-16 12:00:00,27.07140350341797,27.259672164916992,26.81965428500238,28.328147699891566,21.535184860229492,20.498798370361328,24.05015791267985,23.255237579345703,19.34304428100586,23.8815425429146,27.765226364135742,24.417293548583984,27.472623825073242,-3.387927293777466,28.323365384857386,28.460772559495506,28.61257607992365,-0.13576192626004838
1897-04-16 00:00:00,24.898435592651367,27.442838668823242,27.109504357591852,28.359734954267836,21.88993263244629,20.917831420898438,24.363620734462376,23.5737361907959,17.51148796081543,24.233138554959247,27.860614776611328,24.71223258972168,27.412866592407227,-3.2156569957733154,29.189503261435277,28.84602345357965,29.114882429361437,0.35441353010268783
1897-05-16 12:00:00,23.83993911743164,26.6977596282959,27.24001215574362,28.382245732546785,22.638809204101562,21.586191177368164,24.72534441829769,24.186506271362305,14.710762023925781,24.583488960656744,27.399065017700195,24.79044532775879,26.833234786987305,-2.15287184715271,29.033995070204202,28.87420501809778,28.612940425475088,0.16929084499074376
1897-06-16 00:00:00,22.42548370361328,25.99863052368164,27.204423654126334,28.369965610395404,23.832168579101562,22.530969619750977,25.246674723995582,24.433578491210938,13.221221923828125,25.145292437938927,26.458412170410156,25.334728240966797,26.1341609954834,-0.5091818571090698,27.689206259842134,28.596427490903274,27.35129653112822,-0.9113694491339142
1897-07-16 12:00:00,21.395734786987305,25.39443588256836,26.98669241229812,28.34738177965301,24.892953872680664,23.476198196411133,25.978406764632343,25.32803726196289,12.180689811706543,25.720748300831218,25.808515548706055,26.066326141357422,25.367551803588867,0.8107947707176208,26.940345738216198,28.088533541491906,26.66673293692491,-1.1607883266201309
1897-08-16 12:00:00,20.35251808166504,24.52075958251953,26.64205348918142,28.314935228033832,25.606243133544922,24.34395408630371,26.69998271690127,26.20706558227539,11.831957817077637,26.300394028855862,25.498552322387695,26.418811798095703,24.515350341796875,1.9209504127502441,26.740754348424773,27.61924876042585,26.53197863335814,-0.8941528820890123
1897-09-16 00:00:00,20.0091552734375,24.62578010559082,26.457818362098518,28.291903745010423,26.12696647644043,25.079647064208984,27.183292334572403,26.489013671875,12.210603713989258,26.829130238735786,25.55804443359375,27.08026885986328,24.533220291137695,2.4281091690063477,27.00238598699539,27.63863900533344,26.79037183640611,-0.6493396000886491
1897-10-16 12:00:00,20.937776565551758,25.11277961730957,26.385868213334597,28.29422020327157,25.77069091796875,24.92934799194336,27.137381239555413,26.670970916748047,12.841842651367188,27.004035675122395,25.899450302124023,27.111812591552734,25.05527114868164,2.197967290878296,27.58219847281621,27.92461778925524,27.248376963544462,-0.34922026443235127
1897-11-16 00:00:00,21.367177963256836,24.981353759765625,26.345062145568228,28.301439244550608,24.698938369750977,23.663333892822266,26.38754900443006,26.175006866455078,14.472458839416504,26.356738975210916,26.43524742126465,26.53783416748047,25.56268310546875,1.0751787424087524,27.87179710062595,28.12768377508448,27.68893484464397,-0.25940291077120664
1897-12-16 12:00:00,23.486799240112305,24.473102569580078,26.36802481442728,28.307927676788502,23.27715301513672,22.373149871826172,25.349989296199293,24.99164390563965,17.00075340270996,25.22022266682165,26.95895767211914,25.566743850708008,25.987945556640625,-0.3407699763774872,27.685011736432298,28.21220347989036,27.871512042675707,-0.5323069309715198
1898-01-16 12:00:00,24.529727935791016,25.70720100402832,26.4500313507898,28.305917873887186,22.210657119750977,21.21006202697754,24.385100587118785,23.912050247192383,18.687591552734375,24.181954769626515,27.299959182739258,24.681968688964844,26.55992889404297,-1.8245550394058228,27.456899003619316,28.10074930254214,27.81415259905713,-0.6514358631264583
1898-02-15 00:00:00,25.208181381225586,26.61815643310547,26.595070246884923,28.308982193207413,21.679597854614258,20.594284057617188,24.022015926072566,23.67334747314453,19.66996955871582,23.815505161055007,27.647539138793945,24.189544677734375,27.26233673095703,-2.815584897994995,27.653226287341763,28.063399862615896,28.0482989817522,-0.4159543521541039
1898-03-16 12:00:00,26.193260192871094,27.146465301513672,26.837287852529293,28.33230095513753,21.535184860229492,20.498798370361328,24.03843520242999,23.753158569335938,19.34304428100586,23.862111626846293,27.765226364135742,24.417293548583984,27.478532791137695,-3.956054449081421,28.350015194017598,28.52539971366107,28.638351193357607,-0.17332622459992233
1898-04-16 00:00:00,24.87086296081543,27.029926300048828,27.122607927601074,28.36796709163989,21.88994026184082,20.918733596801758,24.346076022629553,23.337194442749023,17.51148796081543,24.18990168063163,27.94756317138672,24.461341857910156,27.412866592407227,-3.2509500980377197,29.188354482963764,28.93112311091846,29.08854686133132,0.2683592091747504
1898-05-16 12:00:00,23.547517776489258,26.72145652770996,27.244167855658397,28.385986450781022,22.613950729370117,21.529144287109375,24.717754529040693,24.186506271362305,14.710762023925781,24.566916419597476,27.44961166381836,24.82227325439453,26.833234786987305,-2.15287184715271,29.026662840319094,28.95077242938612,28.605169965333747,0.08550506529309217
1898-06-16 00:00:00,22.42548370361328,26.184480667114258,27.20379110487646,28.373700868094645,23.75831413269043,22.759174346923828,25.218804608479378,24.387317657470703,13.170830726623535,25.111680504125836,26.661428451538086,25.334728240966797,26.1341609954834,-0.5442663431167603,27.662402608369042,28.70109554847259,27.360641321453006,-1.0428474651392565
1898-07-16 12:00:00,21.29681968688965,25.234338760375977,26.97010203207386,28.347943018182946,24.91099739074707,23.512910842895508,25.905787451216224,25.32803726196289,12.067434310913086,25.65186808914794,25.82485580444336,26.049606323242188,25.367551803588867,0.8107947707176208,26.967761389205823,28.202316057460457,26.70914491816797,-1.2466162242425263
1898-08-16 12:00:00,20.29656982421875,24.79354476928711,26.601472505178897,28.311952658711952,25.606243133544922,24.29730224609375,26.61283997899795,26.220985412597656,11.831957817077637,26.227950223809202,25.498552322387695,26.418811798095703,24.515350341796875,1.9045597314834595,26.739358125188666,27.713530186290235,26.532121316307258,-0.9896166643558792
1898-09-16 00:00:00,20.032543182373047,24.252742767333984,26.409133508256836,28.285115010463524,26.089237213134766,25.07308006286621,27.113672389900845,26.627639770507812,12.210603713989258,26.770433628908542,25.55804443359375,26.912580490112305,24.533220291137695,2.3724546432495117,26.98907972000047,27.679698792053784,26.755394500704153,-0.7037350707794847
1898-10-16 12:00:00,21.309680938720703,24.938697814941406,26.32745970447452,28.28836428330906,25.78449821472168,24.92934799194336,27.107705808364184,26.733346939086914,13.329190254211426,26.973152923353283,25.83122444152832,26.99652671813965,25.06930923461914,2.088866949081421,27.55955146530984,27.883832689783198,27.214697113129755,-0.3313990954115541
1898-11-16 00:00:00,21.744346618652344,24.981353759765625,26.26330335921788,28.295821408094845,24.647727966308594,23.74115753173828,26.382708753067515,26.16751480102539,14.472458839416504,26.34174454342987,26.318376541137695,26.53783416748047,25.56268310546875,1.0983233451843262,27.843364139381716,28.074412356618936,27.63888302900208,-0.23496732798616166
1898-12-16 12:00:00,22.605958938598633,25.144092559814453,26.302272066907435,28.30104525205867,23.27715301513672,22.373149871826172,25.327728348873904,24.958906173706055,17.05849266052246,25.190973002176598,26.757186889648438,25.479475021362305,25.98204803466797,-0.4066202640533447,27.62836735767144,28.154299907634417,27.785617474048337,-0.5317340634137273
1899-01-16 12:00:00,24.562108993530273,24.760677337646484,26.38334863088405,28.295934385237302,22.19403648376465,21.20364761352539,24.392568543838046,23.912050247192383,18.687591552734375,24.18570737262924,27.20496940612793,24.808605194091797,26.565649032592773,-1.8445794582366943,27.423028581632938,28.040201730463753,27.76398600318662,-0.6252316121262262
1899-02-15 00:00:00,25.208181381225586,26.224632263183594,26.532948157022506,28.29880161473568,21.679597854614258,20.745210647583008,24.00559078570715,23.67334747314453,19.66996955871582,23.800396790648264,27.58323860168457,24.189544677734375,27.26233673095703,-3.170949935913086,27.659603701205736,27.9902052807994,28.04662145204583,-0.3364973003735752
1899-03-16 12:00:00,26.120681762695312,27.000415802001953,26.78108251411478,28.320163953873127,21.535184860229492,20.498798370361328,24.081427205870856,23.306476593017578,19.34304428100586,23.917770337155552,27.754810333251953,24.223140716552734,27.567312240600586,-3.5411646366119385,28.26159160489745,28.522373641327412,28.51491242661697,-0.25958445663290397
1899-04-16 00:00:00,24.87086296081543,26.975055694580078,27.074262589300545,28.356515023255362,21.85004997253418,20.903493881225586,24.35887717677477,23.5737361907959,17.53699493408203,24.229056693108824,27.998085021972656,24.71223258972168,27.486907958984375,-3.2509500980377197,29.12661795100979,28.88542457782375,29.001406271791563,0.25161516779253956
1899-05-16 12:00:00,23.538909912109375,26.328670501708984,27.192361637856603,28.375398945491128,22.62094497680664,21.586191177368164,24.750516505942247,23.998397827148438,14.710762023925781,24.610631131994843,27.395082473754883,24.842464447021484,26.833234786987305,-2.152456521987915,28.95152196546843,28.90852401911793,28.48953754270414,0.05178550579349531
1899-06-16 00:00:00,22.56475067138672,26.12518882751465,27.144520468067235,28.36441131450063,23.832168579101562,22.530969619750977,25.249177111093083,24.433578491210938,12.776657104492188,25.156572231793426,26.458412170410156,25.334728240966797,26.183698654174805,-0.6818781495094299,27.63234281122868,28.686174007046798,27.292590591902773,-1.0583118229327986
1899-07-16 12:00:00,21.190183639526367,25.865781784057617,26.905415817197078,28.33893851187049,24.91099739074707,23.50360870361328,25.93105833884029,25.32803726196289,12.123163223266602,25.670507650345776,25.806339263916016,26.049606323242188,25.367551803588867,0.8901957273483276,26.92511905714609,28.191427740209583,26.65243697114975,-1.2788080558194908
1899-08-16 12:00:00,20.29766845703125,24.53567886352539,26.54048638628537,28.30522886241065,25.501081466674805,24.29730224609375,26.62466131201214,26.21122932434082,11.831957817077637,26.21763866755684,25.498552322387695,26.418811798095703,24.515350341796875,1.9357770681381226,26.736270163651106,27.738009231917886,26.53044850183734,-1.0171544481660832
1899-09-16 00:00:00,20.032543182373047,24.39594268798828,26.35966782986276,28.281370202745105,26.089237213134766,25.07308006286621,27.10608989950087,26.59123992919922,12.210603713989258,26.769229886249718,25.55804443359375,26.912580490112305,24.533220291137695,2.4281091690063477,26.96355394320362,27.741477658742415,26.749607458725368,-0.79113710730408
1899-10-16 12:00:00,21.832422256469727,24.938697814941406,26.301032865581412,28.284222496247384,25.761247634887695,24.68680191040039,27.063040342094478,26.7244873046875,12.975767135620117,26.934592995181248,25.82701301574707,26.99652671813965,24.907527923583984,2.220750570297241,27.53302678947266,27.98473507544049,27.199154640205304,-0.4588388515720576
1899-11-16 00:00:00,21.566537857055664,24.981353759765625,26.27075448678248,28.293361768789016,24.716655731201172,23.729095458984375,26.34829872468023,26.096956253051758,14.472458839416504,26.295496891191554,26.366233825683594,26.53783416748047,25.579191207885742,1.0751787424087524,27.876518314413474,28.122869207149517,27.673764109646083,-0.24983317180432546
1899-12-16 12:00:00,23.486799240112305,25.144092559814453,26.29672075931247,28.29791313912619,23.27680206298828,22.498889923095703,25.29944342109408,24.910423278808594,16.064722061157227,25.142783176792655,26.95895767211914,25.171358108520508,25.981548309326172,-0.38913795351982117,27.665510194033605,28.237088524083017,27.843595026683644,-0.5768217305495948
1900-01-16 12:00:00,24.296051025390625,25.261741638183594,26.38244888333967,28.295740419746405,22.22052574157715,21.356548309326172,24.35550715855016,23.682706832885742,18.727922439575195,24.125453853316742,27.249736785888672,24.62084197998047,26.55992889404297,-1.8445794582366943,27.448795136281834,28.095358844416154,27.813103672473577,-0.654240484750525
1900-02-15 00:00:00,25.235754013061523,26.21382713317871,26.533484285929696,28.297036715635514,21.68294334411621,20.413633346557617,23.967670117078207,23.67334747314453,19.66996955871582,23.746943157662436,27.58323860168457,24.189544677734375,27.159317016601562,-2.8497304916381836,27.637359375207694,28.16653121656883,28.026262738401744,-0.5348570749728696
1900-03-16 12:00:00,26.49989128112793,27.000415802001953,26.78748833567788,28.317030269487354,21.535184860229492,20.498798370361328,24.044242903243454,23.753158569335938,19.57427406311035,23.858059474089153,27.765226364135742,24.417293548583984,27.456052780151367,-3.272404193878174,28.32411115795097,28.537005144976092,28.612894468174368,-0.21105771986540248
1900-04-16 00:00:00,24.87086296081543,27.144664764404297,27.069054545014417,28.351252216760304,21.85004997253418,20.918733596801758,24.368285768780503,23.5737361907959,17.53699493408203,24.21656749634841,27.860614776611328,24.781335830688477,27.416231155395508,-3.2156569957733154,29.148121186995585,28.896467075423825,29.031091486898937,0.26231007117949434
1900-05-16 12:00:00,23.83993911743164,26.70651626586914,27.200341504660322,28.37244345036575,22.688642501831055,21.708112716674805,24.713695799881393,24.280750274658203,14.710762023925781,24.54649020022668,27.399065017700195,24.82227325439453,26.833234786987305,-1.833736538887024,28.98702489102308,28.92508395743336,28.52133024244312,0.07111108004709402
1900-06-16 00:00:00,22.42548370361328,26.219196319580078,27.14713704949542,28.359846025489666,23.683778762817383,22.745872497558594,25.210237768812952,24.387317657470703,13.170830726623535,25.08176266901269,26.449520111083984,25.334728240966797,26.12727928161621,-0.5091818571090698,27.629233079597682,28.70439678700929,27.322962776626504,-1.0796304071278282
1900-07-16 12:00:00,21.395734786987305,25.234338760375977,26.931216132416118,28.33710393849296,24.986160278320312,23.292959213256836,25.874566418647166,25.32803726196289,12.067434310913086,25.587386126393525,25.808515548706055,26.02513885498047,25.367551803588867,0.8200138211250305,26.91284685535326,28.293698605413002,26.649589684449467,-1.3932229601872375
1900-08-16 12:00:00,20.35251808166504,24.699905395507812,26.563037400382605,28.305511788582802,25.52591896057129,24.163633346557617,26.578687155887824,26.174598693847656,11.831957817077637,26.16066505364632,25.498552322387695,26.418811798095703,24.515350341796875,1.9218802452087402,26.68656460519811,27.90616468470087,26.485805214871508,-1.2350897153745866
1900-09-16 00:00:00,20.0091552734375,24.103118896484375,26.38439347810566,28.282232508042448,25.985563278198242,24.8185977935791,27.045137255952792,26.582380294799805,12.210603713989258,26.684292057063082,25.55804443359375,26.912580490112305,24.533220291137695,2.3409669399261475,26.924869539476145,27.91039673972256,26.712948863530166,-0.998706636189324
1900-10-16 12:00:00,20.624404907226562,24.938697814941406,26.31467471308332,28.284150246692988,25.672245025634766,24.673330307006836,27.008661830740632,26.7244873046875,12.859375,26.86843912403853,25.83122444152832,26.99652671813965,25.04902458190918,2.10933256149292,27.49195497774746,28.08498231004092,27.15546175227004,-0.6003125737193975
1900-11-16 00:00:00,21.367177963256836,24.981353759765625,26.286185411077383,28.29485248282686,24.56155776977539,23.789628982543945,26.242563098613676,26.096956253051758,14.472458839416504,26.19349636578719,26.366233825683594,26.51677894592285,25.56268310546875,1.0983233451843262,27.82120162081134,28.1472685959007,27.62052309663621,-0.3300243073983407
1900-12-16 12:00:00,23.486799240112305,25.144092559814453,26.320595422083905,28.303239013598223,23.27680206298828,22.55531120300293,25.16545729153205,24.853607177734375,16.064722061157227,25.03771036352893,26.784950256347656,25.716203689575195,25.99650764465332,-0.381661981344223,27.68015791976734,28.218477030306744,27.85362041538849,-0.5434660170411476
1901-01-16 12:00:00,24.296051025390625,24.671302795410156,26.42855101562062,28.302828556428445,22.211544036865234,21.266433715820312,24.27338326435918,23.920833587646484,18.727922439575195,24.08376341431827,27.262645721435547,24.392820358276367,26.458621978759766,-1.5824276208877563,27.440986078509496,28.19493644461067,27.79716418270045,-0.7614623984645688
1901-02-15 00:00:00,25.208181381225586,26.224632263183594,26.582179669635053,28.30623543030637,21.679597854614258,20.594284057617188,23.868846661832666,23.67334747314453,19.66996955871582,23.679816152533718,27.58323860168457,24.189544677734375,27.205223083496094,-2.843409299850464,27.659850476381994,28.081703852816734,28.058443947756942,-0.427526083360346
1901-03-16 12:00:00,26.10016441345215,26.98513412475586,26.804902569015706,28.327429649201612,21.535184860229492,20.498798370361328,23.949074313592313,23.753158569335938,19.57427406311035,23.791154918024972,27.754810333251953,24.122859954833984,27.43815040588379,-3.2928688526153564,28.279237941143023,28.601644153492717,28.534770643156097,-0.3208471729325694
1901-04-16 00:00:00,24.87086296081543,27.013639450073242,27.09886126952755,28.360123767955304,21.88994026184082,20.848115921020508,24.271125591409717,23.337194442749023,17.53699493408203,24.132406013073783,27.860614776611328,24.41122817993164,27.470767974853516,-3.0659334659576416,29.14362812227343,28.91373118574022,29.050915407827123,0.2405511606720325
1901-05-16 12:00:00,23.503162384033203,26.70651626586914,27.235075429270605,28.379671086203665,22.67617416381836,21.40916633605957,24.653850028585907,24.280750274658203,14.710762023925781,24.501084027463996,27.399065017700195,25.15320587158203,26.833234786987305,-2.0545406341552734,28.98094040865682,28.99442715700399,28.556079646514476,-0.004208117673061194
1901-06-16 00:00:00,23.03241539001465,26.184480667114258,27.189391320037352,28.368681197450666,23.866865158081055,22.67768669128418,25.175563189767722,24.387317657470703,13.221221923828125,25.06811203211931,26.458412170410156,25.334728240966797,26.098726272583008,-0.6717458963394165,27.66839611525092,28.719818957278818,27.360416587384446,-1.0554743727735016
1901-07-16 12:00:00,21.367788314819336,25.12411117553711,26.96847405015331,28.34611282518378,24.8828182220459,23.512910842895508,25.888427795871184,25.32803726196289,12.171554565429688,25.61154952305602,25.76824951171875,26.044937133789062,25.269790649414062,0.8901957273483276,26.9358535171301,28.23604886661849,26.680578784421193,-1.3124835231244214
1901-08-16 12:00:00,20.29656982421875,24.79354476928711,26.628428054458272,28.314288195178047,25.606243133544922,24.29730224609375,26.619478954194232,26.236316680908203,11.882959365844727,26.20726364986964,25.498552322387695,26.418811798095703,24.515350341796875,2.0366857051849365,26.699185053764822,27.751258882227855,26.495963473273957,-1.0678151854127675
1901-09-16 00:00:00,20.0091552734375,24.440994262695312,26.426062583533074,28.28980489257367,26.12696647644043,24.837100982666016,27.09458940493398,26.59123992919922,12.210603713989258,26.729405860907228,25.55804443359375,26.79812240600586,24.533220291137695,2.4281091690063477,26.91733599117221,27.737917868071786,26.702448899517144,-0.8342499240500496
1901-10-16 12:00:00,20.624404907226562,24.21036148071289,26.366886127540262,28.292604761783966,25.62027931213379,24.727733612060547,27.049330770839557,26.7244873046875,13.352996826171875,26.886076738430198,25.83122444152832,26.99652671813965,24.907527923583984,2.1036932468414307,27.453929329519813,27.912473397892665,27.113325546356876,-0.4666122873096811
1901-11-16 00:00:00,21.55851936340332,24.981353759765625,26.36571726478476,28.30490510278989,24.716655731201172,23.729095458984375,26.37221973660259,26.16751480102539,14.472458839416504,26.300291317420744,26.33643341064453,26.53783416748047,25.579191207885742,1.1217936277389526,27.818800576119823,28.045402923691377,27.603544432847436,-0.23082848399233225
1901-12-16 12:00:00,22.537216186523438,24.410734176635742,26.391332721776003,28.31228785687322,23.27680206298828,22.54556655883789,25.264416020713423,24.910423278808594,16.064722061157227,25.09548098150131,26.95895767211914,25.807950973510742,25.99650764465332,-0.39816826581954956,27.60364336025626,28.150506701077234,27.758886900851387,-0.5529126240422664
1902-01-16 12:00:00,24.529727935791016,25.70720100402832,26.47402552918456,28.308171626766395,22.20454978942871,21.4360294342041,24.381963631814322,23.912050247192383,18.727922439575195,24.14345793125983,27.25836944580078,24.681968688964844,26.458621978759766,-1.5201693773269653,27.37983687688476,28.13001647945165,27.719200839382765,-0.7584383578225227
1902-02-15 00:00:00,25.208181381225586,26.391437530517578,26.62868437328413,28.310239905683908,21.68294334411621,20.413633346557617,24.049623559143534,23.67334747314453,19.66996955871582,23.82002437729509,27.6308536529541,24.189544677734375,27.159317016601562,-2.63126540184021,27.64827778470932,28.169716494413485,28.063986633636958,-0.5270108837981831
1902-03-16 12:00:00,27.07140350341797,26.992870330810547,26.882221976698098,28.331773125414614,21.535184860229492,20.498798370361328,24.0852489707848,23.255237579345703,19.57427406311035,23.897144816744905,27.918642044067383,24.417293548583984,27.464479446411133,-3.2928688526153564,28.339473718038928,28.614481597744813,28.626047568026372,-0.2728365207908597
1902-04-16 00:00:00,24.87086296081543,27.36526870727539,27.150332758484602,28.362916927421825,21.899303436279297,20.900632858276367,24.453967420299797,23.93181610107422,17.53699493408203,24.308227659462318,27.915563583374023,24.511810302734375,27.412866592407227,-3.0659334659576416,29.17475310413945,28.915004876990658,29.070224005083837,0.2707059246746342
1902-05-16 12:00:00,23.83993911743164,26.86040496826172,27.271253820945013,28.380880582330153,22.62094497680664,21.592281341552734,24.839179217336554,24.05770492553711,14.710762023925781,24.688324628160046,27.462236404418945,25.189258575439453,26.833234786987305,-2.0545406341552734,29.021864188747617,29.017382069580083,28.577055052244194,0.014211076433872186
1902-06-16 00:00:00,22.47576332092285,25.99863052368164,27.194197139052484,28.36847521394235,23.75831413269043,22.759174346923828,25.297166208603976,24.433578491210938,13.221221923828125,25.15987290262383,26.661428451538086,25.334728240966797,26.13835906982422,-0.6818781495094299,27.656848635688505,28.782073108200446,27.346717443958553,-1.1292373389914
1902-07-16 12:00:00,21.395734786987305,25.347551345825195,26.962688425391192,28.343270832936525,25.01675033569336,23.440156936645508,25.976053523096436,25.32803726196289,12.143062591552734,25.683268738524404,25.87284278869629,26.066326141357422,25.367551803588867,0.8901957273483276,26.945344564928142,28.34930550217476,26.66930750835639,-1.415884410524437
1902-08-16 12:00:00,20.35251808166504,25.29393196105957,26.61333630165648,28.309639652082176,25.477689743041992,24.230545043945312,26.652582442556724,26.21122932434082,11.882959365844727,26.235033840932232,25.498552322387695,26.418811798095703,24.515350341796875,1.9209504127502441,26.72020318932049,27.927366781962846,26.499088357589766,-1.2222774414330793
1902-09-16 00:00:00,20.31406021118164,24.532194137573242,26.420065557119692,28.284935811454098,26.02185821533203,24.90114974975586,27.101150512536375,26.59123992919922,12.210603713989258,26.742798575011832,25.55804443359375,26.912580490112305,24.533220291137695,2.3724546432495117,26.971724300705354,27.829661064830663,26.745847334641475,-0.8708586616644647
1902-10-16 12:00:00,20.668161392211914,24.323392868041992,26.382261198091953,28.28779529554301,25.640254974365234,24.673330307006836,27.03985802511181,26.7244873046875,13.329190254211426,26.900348287877996,25.917482376098633,26.99652671813965,25.06930923461914,2.1266531944274902,27.557253267316057,27.995408677940343,27.216621841380352,-0.44502641743853366
1902-11-16 00:00:00,21.64531135559082,24.981353759765625,26.3361472466722,28.2994505667685,24.56155776977539,23.729095458984375,26.305097105201387,26.096956253051758,14.472458839416504,26.24338321813928,26.43524742126465,26.53783416748047,25.56268310546875,1.1095385551452637,27.805030142325876,28.1117211905209,27.65371415557679,-0.3108901752721845
1902-12-16 12:00:00,23.486799240112305,24.410734176635742,26.351582262578106,28.3029742120718,23.35769271850586,22.54556655883789,25.130703653066675,24.86602020263672,17.00075340270996,24.963085348640313,26.95895767211914,25.559553146362305,25.9364070892334,-1.013667345046997,27.50100434228069,28.211951126082816,27.693773886218345,-0.7178385233457638
1903-01-16 12:00:00,24.296051025390625,25.70720100402832,26.436025288306528,28.298025944910233,22.316904067993164,21.4360294342041,24.198195293303442,23.707677841186523,18.687591552734375,23.971941654130212,27.28338050842285,24.52794647216797,26.504474639892578,-2.507208824157715,27.28475016017183,28.096403869983167,27.658377461482058,-0.820911243202946
1903-02-15 00:00:00,25.235754013061523,26.21382713317871,26.552518403323305,28.29884240938073,21.503747940063477,20.47735595703125,23.806836729416737,23.67334747314453,19.66996955871582,23.57721386767922,27.58323860168457,24.189544677734375,27.210481643676758,-2.933493137359619,27.44942696303301,28.0275081027071,27.85957002801141,-0.585915427909143
1903-03-16 12:00:00,26.653396606445312,26.900819778442383,26.75294507844324,28.316546047552936,21.535184860229492,20.498798370361328,23.851499792071948,23.753158569335938,19.34304428100586,23.643103390102503,27.754810333251953,24.122859954833984,27.174360275268555,-2.219289541244507,28.106562787388388,28.470236758217478,28.42265811138037,-0.36409836700843196
1903-04-16 00:00:00,24.87086296081543,26.956045150756836,27.0263211864421,28.34902499709925,21.701486587524414,20.68366050720215,24.077214636380667,23.812400817871094,17.53699493408203,23.889158010878127,27.998085021972656,23.987707138061523,27.51323699951172,-2.9329655170440674,28.965625598043342,28.805420744238308,28.920789851784008,0.16887991943146904
1903-05-16 12:00:00,23.47268295288086,26.599929809570312,27.194887996231856,28.373694717774555,22.4422550201416,21.369779586791992,24.39490696026371,23.83858871459961,15.263418197631836,24.191769347123042,27.395082473754883,24.996009826660156,26.973276138305664,-1.9888570308685303,28.977279418610333,28.823994909163936,28.528080407370766,0.1621168398879784
1903-06-16 00:00:00,22.637004852294922,26.12518882751465,27.139116165692283,28.36411009554795,23.778289794921875,22.32834243774414,24.915266193110078,24.15770721435547,13.273494720458984,24.781431130834143,26.458412170410156,25.223236083984375,26.139585494995117,-0.6168334484100342,27.668944878698905,28.598193265638425,27.340314438575128,-0.9335878994660722
1903-07-16 12:00:00,22.59046173095703,25.12788963317871,26.94066335154462,28.342081880809822,24.890405654907227,23.392314910888672,25.604066195251583,25.46078109741211,12.180689811706543,25.335629137556225,25.675106048583984,25.694252014160156,25.367551803588867,1.0872628688812256,26.919885558899406,28.168123341898966,26.65376843026629,-1.2608438610583879
1903-08-16 12:00:00,20.29766845703125,25.29393196105957,26.62825901933156,28.312554979086745,25.443206787109375,24.143335342407227,26.32192637353798,26.00468635559082,11.831957817077637,25.90523626904796,25.498552322387695,26.28554344177246,24.515350341796875,1.7136366367340088,26.697515719674534,27.772751848786964,26.47789019044758,-1.0909417712386982
1903-09-16 00:00:00,20.032543182373047,24.440994262695312,26.43517192455426,28.289128548139296,26.06075096130371,24.711931228637695,26.779397178616374,26.564477920532227,12.210603713989258,26.405762938546815,25.55804443359375,26.77056884765625,24.533220291137695,2.1709370613098145,26.942242583448735,27.700673249178635,26.70213527453677,-0.7719481360264282
1903-10-16 12:00:00,20.624404907226562,24.173768997192383,26.42016515091079,28.293520868381965,25.17754364013672,24.25365447998047,26.698084942336276,26.522329330444336,12.975767135620117,26.520157845848637,25.899450302124023,26.823638916015625,25.04902458190918,1.937569499015808,27.569662987935093,27.907393689074976,27.188994049539527,-0.344694167878314
1903-11-16 00:00:00,21.744346618652344,24.981353759765625,26.376288404081293,28.303820145246178,24.402454376220703,23.595157623291016,25.98675984804095,25.874374389648438,14.472458839416504,25.889593194162288,26.33643341064453,26.439064025878906,25.56268310546875,0.5135737061500549,27.84225234177346,28.0495109661424,27.643035845491468,-0.2112485107681828
1903-12-16 12:00:00,22.537216186523438,24.410734176635742,26.386858378605094,28.308392431982554,23.006336212158203,22.372285842895508,24.9541775838925,25.034343719482422,16.064722061157227,24.760578657435296,26.95895767211914,25.92059898376465,25.9364070892334,-1.013667345046997,27.569727054572006,28.148339759579976,27.729808293393116,-0.5849945559298204
1904-01-16 12:00:00,24.676210403442383,25.261741638183594,26.43282285163812,28.301874831625263,22.016374588012695,21.057018280029297,24.085601864375473,24.087902069091797,18.727922439575195,23.813005166661874,27.249736785888672,24.52794647216797,26.504474639892578,-2.521848678588867,27.37279572682592,27.976022266115425,27.74544419348192,-0.6119245810010558
1904-02-15 12:00:00,25.208181381225586,25.91678810119629,26.560590177436758,28.302678655622273,21.498741149902344,20.47735595703125,23.74679871064367,23.67334747314453,19.66996955871582,23.48245708803683,27.630451202392578,24.189544677734375,27.29697608947754,-2.36942458152771,27.583741147131224,28.055682018925896,28.003443872321263,-0.4784108932270878
1904-03-16 12:00:00,27.07140350341797,27.000415802001953,26.779439822337526,28.319079494168804,21.535184860229492,20.498798370361328,23.77721904771232,23.753158569335938,19.34304428100586,23.542968233172992,27.765226364135742,24.122859954833984,27.194660186767578,-2.219289541244507,28.25349725936572,28.568972931176354,28.563681213885413,-0.3142438487370027
1904-04-16 00:00:00,24.87086296081543,27.013639450073242,27.086277355089933,28.34839003092969,21.701486587524414,20.68366050720215,24.06728480428619,23.812400817871094,17.53699493408203,23.861996284948177,27.767208099365234,24.300273895263672,27.486907958984375,-3.2202749252319336,29.106345209606104,28.926755833673646,29.07222569447102,0.1899151713792654
1904-05-16 12:00:00,23.531038284301758,26.72145652770996,27.219653294392547,28.368675139547754,22.355228424072266,21.369779586791992,24.47574155519034,23.905467987060547,14.710762023925781,24.274079483999074,27.399065017700195,24.874706268310547,26.833234786987305,-1.9888570308685303,29.00288943530418,28.88198118625404,28.60869326846347,0.13012757735872824
1904-06-16 00:00:00,23.722620010375977,26.219196319580078,27.16569418358063,28.359880284999285,23.775222778320312,22.29964256286621,24.975817887785798,24.56018829345703,13.221221923828125,24.826253294732993,26.458412170410156,25.15287208557129,26.1341609954834,-0.6168334484100342,27.734912229000166,28.60657706648498,27.40812089247302,-0.8753474515006805
1904-07-16 12:00:00,21.367788314819336,25.14596939086914,26.951402225312272,28.338545534476303,24.94719123840332,23.427236557006836,25.644599466435288,25.23304557800293,12.234200477600098,25.362531998454124,25.808515548706055,25.999996185302734,25.367551803588867,0.9646027684211731,26.965075517109383,28.183110909198387,26.702904251812452,-1.2301691804256711
1904-08-16 12:00:00,20.29656982421875,24.908193588256836,26.61161514620727,28.309093265155294,25.443206787109375,24.280473709106445,26.366738331204008,26.128625869750977,11.831957817077637,25.93359165098353,25.498552322387695,26.28554344177246,24.515350341796875,1.7136366367340088,26.735446151449988,27.6927238275113,26.539369983710476,-0.9728102063857769
1904-09-16 00:00:00,20.033153533935547,24.62578010559082,26.43215577168054,28.284401735141092,26.050872802734375,24.65481948852539,26.85180644857969,26.571544647216797,12.210603713989258,26.481854661842554,25.55804443359375,26.791826248168945,24.533220291137695,2.4501407146453857,26.979768734099235,27.631204445319785,26.767508073718126,-0.6647585100002711
1904-10-16 12:00:00,20.624404907226562,24.85334587097168,26.40031803341595,28.29027215848534,25.4437313079834,24.50925064086914,26.784158627678888,26.634172439575195,12.853357315063477,26.63216694128183,25.83122444152832,26.93809700012207,25.15872573852539,1.937569499015808,27.58100573816509,27.845564832702408,27.208306773584077,-0.27156217596257975
1904-11-16 00:00:00,21.367177963256836,24.981353759765625,26.355600957802597,28.29869702396763,24.51336669921875,23.649169921875,26.124422005774225,25.874374389648438,14.472458839416504,26.054404857210137,26.366233825683594,26.782913208007812,25.56268310546875,0.5135737061500549,27.851445595373097,28.051525300424725,27.608367751234788,-0.2039760057560599
1904-12-16 12:00:00,22.605958938598633,24.473102569580078,26.366679250616528,28.301471761376874,23.53761100769043,22.527400970458984,25.117820134213463,24.853607177734375,16.064722061157227,24.95383982083763,26.757186889648438,25.78289031982422,26.209741592407227,-1.013667345046997,27.626200724544752,28.131759044705433,27.753866615612285,-0.5114350980033116
1905-01-16 12:00:00,24.676210403442383,25.01952362060547,26.43949868617069,28.298266534927155,22.14431381225586,21.169095993041992,24.241125379044096,23.69659996032715,18.727922439575195,24.006712434582788,27.20496940612793,24.81327247619629,26.491117477416992,-2.507208824157715,27.451120367124606,28.04061489582803,27.777002895786534,-0.597280868444459
1905-02-15 00:00:00,25.208181381225586,25.964094161987305,26.554663530327893,28.301286850251806,21.498741149902344,20.47735595703125,23.877975899862587,23.67334747314453,19.66996955871582,23.630504201643788,27.58323860168457,24.189544677734375,27.29697608947754,-2.608264923095703,27.63121289207142,28.006320967020418,28.015149611358403,-0.38123894899447475
1905-03-16 12:00:00,26.10016441345215,27.000415802001953,26.784362792574754,28.319025030113977,21.535184860229492,20.498798370361328,23.93237024912662,23.753158569335938,19.57427406311035,23.72609448788159,27.754810333251953,24.122859954833984,27.41109275817871,-2.219289541244507,28.27395065422571,28.48144255718181,28.532732896034553,-0.20627373789224923
1905-04-16 00:00:00,24.87086296081543,26.975055694580078,27.060271894535823,28.350274966484978,21.837181091308594,20.619937896728516,24.240028320422027,23.25522232055664,17.53699493408203,24.081465465358512,27.998085021972656,24.27651023864746,27.51323699951172,-2.7224152088165283,29.148299238967446,28.79978087638677,29.045945021936237,0.35894289952858754
1905-05-16 12:00:00,23.47268295288086,26.03855323791504,27.156803149399174,28.369952272293474,22.53599739074707,21.708112716674805,24.65411249931106,23.938058853149414,14.710762023925781,24.493719688770923,27.395082473754883,25.329917907714844,26.833234786987305,-1.9718657732009888,29.061929907445283,28.86825147042125,28.626654100482202,0.20343448651331755
1905-06-16 00:00:00,22.433698654174805,26.272159576416016,27.057863434381737,28.354268332760824,23.683778762817383,22.73311996459961,25.204303143314096,24.387317657470703,13.221221923828125,25.08587543470434,26.458412170410156,25.334728240966797,26.1341609954834,-0.5442663431167603,27.669788724996536,28.63684952161857,27.373722679011145,-0.9712989522767319
1905-07-16 12:00:00,22.68157958984375,25.317241668701172,26.79852753838852,28.321993362391876,24.941303253173828,23.292959213256836,25.866563202952857,25.32803726196289,12.005812644958496,25.58775801521496,25.858978271484375,26.044937133789062,25.367551803588867,0.814570426940918,26.904318775087383,28.164724837747013,26.646534856404575,-1.2731705780801617
1905-08-16 12:00:00,20.29766845703125,24.64838981628418,26.43796704919388,28.2823295783677,25.52591896057129,24.163633346557617,26.537514923790855,26.14356803894043,11.831957817077637,26.12256950925277,25.498552322387695,26.39775848388672,24.515350341796875,1.9264050722122192,26.69465482332119,27.71977851849923,26.492344585125274,-1.040984684704646
1905-09-16 00:00:00,20.032543182373047,25.086288452148438,26.270387101489053,28.25828811851882,25.857799530029297,24.8185977935791,27.01764818001836,26.582380294799805,12.210603713989258,26.665247608122627,25.55804443359375,26.912580490112305,24.533220291137695,2.3409669399261475,26.908028486698374,27.75583721862146,26.694142775665696,-0.8615234010150195
1905-10-16 12:00:00,20.491252899169922,24.938697814941406,26.217471176124977,28.263080419988686,25.68061065673828,24.673330307006836,26.926963893990905,26.713651657104492,13.087031364440918,26.786895506713464,25.907291412353516,27.105785369873047,25.05527114868164,2.1365966796875,27.48188461242062,27.97110439792038,27.140874205050704,-0.4968768166500071
1905-11-16 00:00:00,21.483793258666992,24.981353759765625,26.167833231978815,28.27314015230532,24.642343521118164,23.789628982543945,26.246403483153717,26.096956253051758,14.472458839416504,26.18787948666602,26.374494552612305,26.51677894592285,25.579191207885742,1.0983233451843262,27.786645915453345,28.07577411936402,27.587130582794863,-0.29359144577198915
1905-12-16 12:00:00,22.537216186523438,25.144092559814453,26.20376588655237,28.28115273282936,23.547588348388672,22.527400970458984,25.16602214362116,24.853607177734375,16.064722061157227,25.005680700501124,26.76192855834961,25.76927947998047,25.981548309326172,-0.4066202640533447,27.5656431021043,28.204817549051064,27.71051560187233,-0.6454595281679631
1906-01-16 12:00:00,24.212759017944336,24.832853317260742,26.293486361046803,28.27872780966755,22.15324592590332,21.39325714111328,24.25940435639825,23.682706832885742,18.727922439575195,24.03011627280989,27.00527000427246,24.81327247619629,26.458621978759766,-1.8245550394058228,27.35866006506265,28.113281920240908,27.68107761120985,-0.7631253503269482
1906-02-15 00:00:00,25.208181381225586,25.577713012695312,26.465997595371363,28.28187189517908,21.498741149902344,20.47735595703125,23.871156529626816,23.67334747314453,19.66996955871582,23.640450064230237,27.579256057739258,24.189544677734375,27.159317016601562,-2.919828414916992,27.584326733415647,27.977738780912905,27.963347153561077,-0.4000643630504731
1906-03-16 12:00:00,26.120681762695312,26.900819778442383,26.683605402184224,28.30386583183127,21.535184860229492,20.498798370361328,23.961360658732506,23.753158569335938,19.34304428100586,23.76150860512375,27.706039428710938,24.122859954833984,27.479873657226562,-3.956054449081421,28.225643974644733,28.40578284115736,28.482619524426784,-0.17956937195679334
1906-04-16 00:00:00,24.87086296081543,26.841922760009766,26.973515040585056,28.33873730909666,21.893285751342773,20.918733596801758,24.28819437837335,23.446044921875,17.53699493408203,24.117195522675985,27.694517135620117,24.27651023864746,27.418912887573242,-3.2318637371063232,29.081738726743527,28.78553946446097,28.94524246507704,0.30594705126969624
1906-05-16 12:00:00,23.492176055908203,26.453369140625,27.10143745140659,28.35865707454521,22.53599739074707,21.708112716674805,24.669298783629618,23.938058853149414,14.710762023925781,24.48590388943188,27.4354190826416,25.104721069335938,26.833234786987305,-2.15287184715271,28.90434010470082,28.859229632431443,28.43843223293432,0.05332379254994006
1906-06-16 00:00:00,21.631471633911133,26.272159576416016,27.062852886373847,28.348364436871375,23.683778762817383,22.73311996459961,25.17437569465639,24.387317657470703,13.085346221923828,25.03551904814067,26.424379348754883,25.869857788085938,26.149274826049805,-0.5091818571090698,27.579489906925307,28.617109725416757,27.271862097793637,-1.0427770902207532
1906-07-16 12:00:00,21.52542495727539,25.526592254638672,26.834139169978815,28.324707334829135,24.986160278320312,23.315427780151367,25.84168977231388,25.32803726196289,12.067434310913086,25.54977687470037,25.810646057128906,26.02513885498047,25.29007339477539,0.8107947707176208,26.871522907658996,28.16476981727713,26.623169212589556,-1.3063278452088796
1906-08-16 12:00:00,20.29766845703125,24.64838981628418,26.47000117427296,28.29108436328259,25.52591896057129,24.163633346557617,26.530085577512747,26.14356803894043,11.831957817077637,26.09914061590252,25.498552322387695,26.413694381713867,24.515350341796875,1.8922587633132935,26.655142170227997,27.74747851829568,26.46468557925639,-1.1085118996465857
1906-09-16 00:00:00,20.032543182373047,25.086288452148438,26.29683953938329,28.266572091190483,25.857799530029297,24.857349395751953,26.983885545424076,26.576332092285156,12.210603713989258,26.608355787325827,25.55804443359375,26.79465103149414,24.533220291137695,2.3724546432495117,26.893045989461537,27.768033389868744,26.68768944421079,-0.8888172639173084
1906-10-16 12:00:00,20.491252899169922,24.938697814941406,26.216790334314876,28.267058814069497,25.68061065673828,24.721317291259766,26.90934693892341,26.706584930419922,13.084945678710938,26.752490801322622,25.699317932128906,27.12494659423828,24.900484085083008,2.1266531944274902,27.452409369329235,27.93809114684357,27.133763939872512,-0.49370289378861926
1906-11-16 00:00:00,20.63151741027832,24.981353759765625,26.18870135544869,28.28097575547771,24.56155776977539,23.729095458984375,26.25206523886113,26.096956253051758,14.472458839416504,26.188437765798568,26.403926849365234,26.510021209716797,25.579191207885742,1.0983233451843262,27.757253739048224,28.048735448472176,27.56040583975613,-0.2962938280830958
1906-12-16 12:00:00,23.07817840576172,25.144092559814453,26.223270217218,28.286299779747797,23.35769271850586,22.54556655883789,25.185546794868966,24.853607177734375,17.00075340270996,25.029301510877886,26.758712768554688,25.842754364013672,25.99650764465332,-0.4066202640533447,27.54190127490923,28.162235822584684,27.70149937078937,-0.626951450709047
1907-01-16 12:00:00,23.794944763183594,24.488353729248047,26.298769385254907,28.28618646834492,22.282928466796875,21.39325714111328,24.26285491997507,23.77121353149414,18.727922439575195,24.027419172268083,27.023439407348633,24.81327247619629,26.458621978759766,-1.8245550394058228,27.342546590099854,27.95248706568655,27.667017981050318,-0.6189872170510569
1907-02-15 00:00:00,25.208181381225586,25.437774658203125,26.465536195042972,28.290295958711486,21.503747940063477,20.47735595703125,23.88023080644915,23.67334747314453,19.66996955871582,23.647611928681748,27.651216506958008,24.189544677734375,27.20453643798828,-2.8879997730255127,27.59696372640349,27.933104565295473,27.984860704376885,-0.3427788160367324
1907-03-16 12:00:00,26.120681762695312,26.727622985839844,26.715590879086164,28.314351300633867,21.535184860229492,20.498798370361328,23.904079204592808,23.753158569335938,19.353193283081055,23.702577928467008,27.766857147216797,24.122859954833984,27.464479446411133,-3.272404193878174,28.23876170564845,28.548880163526064,28.507571351555136,-0.30907730473566236
1907-04-16 00:00:00,24.87086296081543,26.4014892578125,26.98740818963835,28.35015736215656,21.706493377685547,20.68366050720215,24.163056630422908,23.32040023803711,17.51148796081543,23.980871290713488,27.75522232055664,24.399656295776367,27.418912887573242,-3.321370840072632,29.115223406231696,28.883444517722683,29.028484528521293,0.24208593435076445
1907-05-16 12:00:00,23.47268295288086,26.267520904541016,27.13520028150571,28.370160295813143,22.46565055847168,21.449626922607422,24.517809729222463,23.73284339904785,14.710762023925781,24.346003484512245,27.395082473754883,24.905527114868164,26.833234786987305,-1.8940637111663818,28.95831758467099,28.895317470677483,28.540169457679127,0.07182141603193204
1907-06-16 00:00:00,22.530643463134766,26.459888458251953,27.107561645212414,28.35924964768694,23.683778762817383,22.785175323486328,25.03218398938768,24.550193786621094,13.221221923828125,24.909622907129645,26.458412170410156,25.282386779785156,26.098726272583008,-0.5237483978271484,27.58046352038463,28.65517559084144,27.26854678376278,-1.0797681564882997
1907-07-16 12:00:00,21.164894104003906,25.677734375,26.891389845319715,28.335714035698945,24.986160278320312,23.292959213256836,25.743299140462454,25.36044692993164,12.180689811706543,25.479848660540384,25.844327926635742,25.834901809692383,25.29007339477539,0.8200138211250305,26.869979981067466,28.18645404060639,26.601439457621584,-1.3295175991060626
1907-08-16 12:00:00,20.29766845703125,24.528783798217773,26.530514341354603,28.303092713117042,25.52591896057129,24.229394912719727,26.44983820094006,26.14356803894043,11.92042064666748,26.039056945884894,25.498552322387695,26.413694381713867,24.515350341796875,1.9218802452087402,26.635617476022507,27.744898146505033,26.434197702744484,-1.1256508863358212
1907-09-16 00:00:00,20.032543182373047,25.086288452148438,26.326750745269656,28.2759912524839,25.857799530029297,24.857349395751953,26.9459937920596,26.576332092285156,12.210603713989258,26.582617944749593,25.55804443359375,26.79465103149414,24.533220291137695,2.3409669399261475,26.891041904782263,27.79084810820054,26.67888859370596,-0.9136003957800398
1907-10-16 12:00:00,20.382837295532227,24.938697814941406,26.262575479741336,28.276702636185178,25.68061065673828,24.721317291259766,26.900640473184463,26.713651657104492,13.380066871643066,26.7600302883275,25.757917404174805,27.105785369873047,25.05527114868164,2.1365966796875,27.450298591775805,27.947931562717024,27.120030217743114,-0.5056507309739122
1907-11-16 00:00:00,20.63151741027832,24.981353759765625,26.208334861386547,28.28774461938756,24.57127571105957,23.780174255371094,26.161714420159303,25.874374389648438,14.472458839416504,26.10187840522883,26.331649780273438,26.50481605529785,25.56268310546875,1.1095385551452637,27.780000288929987,28.06554877268812,27.583780806867978,-0.2901005223026528
1907-12-16 12:00:00,22.537216186523438,25.144092559814453,26.26996212052684,28.296238527748585,23.35769271850586,22.527400970458984,25.08502083196842,24.899349212646484,16.064722061157227,24.92958074793105,26.758712768554688,25.435749053955078,25.977174758911133,-0.3809050917625427,27.592674635988768,28.078443057128425,27.771386210043403,-0.4920973371008181
1908-01-16 12:00:00,24.529727935791016,25.70720100402832,26.400236762659585,28.296158857214767,22.316904067993164,21.527626037597656,24.12959840104602,23.6060848236084,18.727922439575195,23.908358410160062,27.00527000427246,24.52794647216797,26.55992889404297,-2.0086607933044434,27.413080760891113,28.145080235262032,27.770718765011654,-0.7399010534755992
1908-02-15 12:00:00,25.235754013061523,26.21382713317871,26.560831650453224,28.305115601055363,21.503747940063477,20.47735595703125,23.79188599409176,23.67334747314453,19.66996955871582,23.570645995897053,27.58323860168457,24.189544677734375,27.210481643676758,-2.731997489929199,27.56842365864765,28.104009915066644,27.963244849371307,-0.5420875803697032
1908-03-16 12:00:00,26.653396606445312,27.000415802001953,26.815255697230885,28.325504631723753,21.535184860229492,20.498798370361328,23.915237841274966,23.753158569335938,19.353193283081055,23.72763283563063,27.754810333251953,24.122859954833984,27.174360275268555,-2.6797935962677,28.227108865096305,28.465336840020875,28.503946756874402,-0.2375007384088605
1908-04-16 00:00:00,24.87086296081543,27.114879608154297,27.109131610678247,28.359989758377612,21.88994026184082,20.918733596801758,24.266902554072814,23.446044921875,17.51148796081543,24.122732458219232,27.998085021972656,24.41122817993164,27.521381378173828,-2.748779773712158,29.083684432376472,28.879254039272517,28.984511405365783,0.21442293662359213
1908-05-16 12:00:00,23.478431701660156,26.6977596282959,27.24884940460519,28.382844688758457,22.657106399536133,21.529144287109375,24.607524786283328,23.818931579589844,14.710762023925781,24.456463616246417,27.399065017700195,25.099592208862305,26.973276138305664,-1.8380519151687622,28.98771078869357,28.901626788668015,28.545514250130555,0.09520420372820922
1908-06-16 00:00:00,22.548038482666016,25.769664764404297,27.21807090015419,28.373544040299024,23.683778762817383,22.759174346923828,25.122133274886444,24.387317657470703,13.221221923828125,25.039544767928668,26.449520111083984,25.628786087036133,26.139585494995117,-0.5444462299346924,27.6256636431248,28.699597727882715,27.333002451637565,-1.0784468068710769
1908-07-16 12:00:00,21.48270034790039,25.52570343017578,27.031237378518007,28.353362146833025,25.01675033569336,23.440156936645508,25.818911310446904,25.32803726196289,12.234200477600098,25.565209668072065,25.82485580444336,26.02513885498047,25.390552520751953,0.8235695362091064,26.986718332694995,28.15269647523524,26.727634733650948,-1.1779763845510736
1908-08-16 12:00:00,20.35251808166504,24.52075958251953,26.683298454016203,28.325176806479973,25.477689743041992,24.230545043945312,26.542326258245428,26.174598693847656,11.831957817077637,26.152171658324498,25.498552322387695,26.418811798095703,24.515350341796875,1.9264050722122192,26.732615500874743,27.693180503384887,26.53440065660523,-0.9761237516090369
1908-09-16 00:00:00,20.31406021118164,24.517070770263672,26.476866176189198,28.297546052316562,25.996496200561523,24.878032684326172,27.045124597975178,26.609590530395508,12.210603713989258,26.69455356666026,25.55804443359375,26.912580490112305,24.533220291137695,2.3409669399261475,26.965820875328298,27.711804205580503,26.75623417339714,-0.7592463948865802
1908-10-16 12:00:00,20.577402114868164,24.323392868041992,26.416740523060994,28.298624283869735,25.67896842956543,24.743858337402344,27.004400576903368,26.71843910217285,13.087031364440918,26.852336911968415,25.899450302124023,27.16004180908203,25.05527114868164,2.1266531944274902,27.56889778222677,27.93178708584381,27.23442064743133,-0.3698013354976376
1908-11-16 00:00:00,21.566537857055664,24.981353759765625,26.374047821136195,28.30883667577622,24.716655731201172,23.729095458984375,26.32337602070277,26.096956253051758,14.472458839416504,26.276914037972006,26.43524742126465,26.53783416748047,25.56268310546875,1.0983233451843262,27.874780803127514,28.091573039879517,27.66169553635025,-0.2203667503703371
1908-12-16 12:00:00,22.537216186523438,24.410734176635742,26.397503928577372,28.316063731320916,23.27680206298828,22.520389556884766,25.27268617653894,24.910423278808594,16.064722061157227,25.123496139805397,26.95895767211914,25.171358108520508,25.98204803466797,-0.4066202640533447,27.671585811461515,28.17221319751948,27.823409189989082,-0.5059685828742204
1909-01-16 12:00:00,24.676210403442383,25.25208854675293,26.46724620546957,28.313021662581374,22.211544036865234,21.356548309326172,24.3205925221798,23.77121353149414,18.727922439575195,24.09694578846976,27.24301528930664,24.81327247619629,26.544408798217773,-1.9398878812789917,27.468674396367497,28.07282483735026,27.81787313409014,-0.611689689980877
1909-02-15 00:00:00,25.208181381225586,25.964094161987305,26.5769414258152,28.31390703137796,21.679597854614258,20.745210647583008,23.99205273773031,23.67334747314453,19.66996955871582,23.782780125594307,27.58323860168457,24.189544677734375,27.210481643676758,-3.0775864124298096,27.67778803441835,28.046173585742903,28.07070139299493,-0.37397080903819685
1909-03-16 12:00:00,26.10016441345215,27.000415802001953,26.807989893468438,28.333651003458485,21.535184860229492,20.498798370361328,24.052799400342536,23.753158569335938,19.34304428100586,23.883726241409782,27.765226364135742,24.417293548583984,27.567312240600586,-3.1853580474853516,28.31775868549322,28.49647078035913,28.592661400527597,-0.1770348796847077
1909-04-16 00:00:00,24.87086296081543,27.083927154541016,27.098243514414335,28.366983066282934,21.85004997253418,20.865903854370117,24.354491419030822,23.337194442749023,17.53699493408203,24.20881183013325,27.767208099365234,24.461341857910156,27.51323699951172,-3.321370840072632,29.205060675840667,28.892486027093582,29.115812772335453,0.32377055907171903
1909-05-16 12:00:00,23.47268295288086,26.70651626586914,27.229703322016015,28.386453940539717,22.629926681518555,21.682388305664062,24.71187151254764,24.280750274658203,14.710762023925781,24.570007045189733,27.44961166381836,24.82227325439453,26.973276138305664,-1.9718657732009888,29.012209033925846,28.947877844728247,28.610006384966425,0.07379936318424656
1909-06-16 00:00:00,23.03241539001465,26.219196319580078,27.178905552439556,28.374067719072126,23.832168579101562,22.530969619750977,25.21991600679463,24.387317657470703,13.221221923828125,25.13745955808787,26.661428451538086,25.334728240966797,26.1341609954834,-0.5237483978271484,27.681435950391286,28.7101432913672,27.390389584273883,-1.032656349127388
1909-07-16 12:00:00,22.59046173095703,25.12788963317871,26.95149366268628,28.34829257575053,24.91099739074707,23.512910842895508,25.922248699909037,25.32803726196289,12.171554565429688,25.691077281890706,25.808515548706055,26.066326141357422,25.367551803588867,0.8107947707176208,26.971932753291018,28.27935648951163,26.70845233001642,-1.3192592634322962
1909-08-16 12:00:00,20.29766845703125,24.718379974365234,26.592041838961883,28.314399657460072,25.501081466674805,24.29730224609375,26.611710275454843,26.21122932434082,11.92042064666748,26.232994043026558,25.498552322387695,26.418811798095703,24.515350341796875,1.9045597314834595,26.75625999015228,27.820188449895678,26.555220501290023,-1.0789527480620829
1909-09-16 00:00:00,20.032543182373047,24.80645179748535,26.404765757374218,28.28995676357502,25.97537612915039,24.822364807128906,27.07715059841107,26.59123992919922,12.210603713989258,26.74042251993152,25.55804443359375,26.912580490112305,24.533220291137695,2.3409669399261475,26.980168347564152,27.840816172775376,26.777356265480513,-0.8734613267012059
1909-10-16 12:00:00,21.832422256469727,24.938697814941406,26.33794068862145,28.29032522228499,25.793977737426758,24.727733612060547,27.019653166637266,26.7244873046875,13.087031364440918,26.907547568891466,25.899450302124023,26.99652671813965,25.06930923461914,2.1365966796875,27.561072715962137,28.049991626001233,27.2312337097742,-0.4956214367060277
1909-11-16 00:00:00,21.55851936340332,24.981353759765625,26.316187654517044,28.300267142005644,24.698938369750977,23.690176010131836,26.28392279051562,26.096956253051758,14.472458839416504,26.263487451866865,26.43524742126465,26.51677894592285,25.56268310546875,1.1095385551452637,27.873376051026817,28.12503917654664,27.670355409659066,-0.2551704995924062
1909-12-16 12:00:00,22.605958938598633,25.144092559814453,26.341711168540677,28.30517589798181,23.27680206298828,22.54556655883789,25.175217881787557,24.853607177734375,17.05849266052246,25.048699011795563,26.95895767211914,25.77570915222168,25.98204803466797,-0.3809050917625427,27.697444300787605,28.19073319006273,27.865111462903716,-0.49833585583893797
1910-01-16 12:00:00,24.652544021606445,24.93570899963379,26.434479137240146,28.303889146553605,22.211544036865234,21.415054321289062,24.262285007810288,23.92238426208496,18.687591552734375,24.060954697705633,27.28338050842285,24.52794647216797,26.565649032592773,-2.0182297229766846,27.45538730908323,28.194004637443527,27.789037297869815,-0.7459926144302573
1910-02-15 00:00:00,25.208181381225586,26.224632263183594,26.571197813914115,28.306442600389104,21.679597854614258,20.594284057617188,23.928821418622103,23.67334747314453,19.66996955871582,23.7369056611588,27.6308536529541,24.189544677734375,27.210481643676758,-2.860745906829834,27.658805108481477,28.067658195883386,28.061075579249444,-0.4145697522124956
1910-03-16 12:00:00,26.653396606445312,26.83167266845703,26.82680561104682,28.32495822516317,21.535184860229492,20.498798370361328,24.002635486522,23.753158569335938,19.353193283081055,23.841536089395724,27.813249588012695,24.122859954833984,27.174360275268555,-3.112262487411499,28.328106253381023,28.49621254541125,28.62775553086079,-0.1663298301999312
1910-04-16 00:00:00,24.87086296081543,27.375272750854492,27.117212956765293,28.35822038133401,21.88994026184082,20.824432373046875,24.29445048118073,23.25522232055664,17.51148796081543,24.14554816301591,27.915563583374023,24.27651023864746,27.51323699951172,-2.7224152088165283,29.19799335973709,28.911355922421052,29.099028468703548,0.29781063889578935
1910-05-16 12:00:00,23.47268295288086,26.70651626586914,27.224773028890013,28.377217022856662,22.64220428466797,21.481361389160156,24.650376003058945,23.779216766357422,14.710762023925781,24.475799723729935,27.399065017700195,25.099592208862305,26.833234786987305,-1.8380519151687622,29.042116292279854,28.9760444998877,28.60390495103194,0.07589653440752442
1910-06-16 00:00:00,22.695730209350586,26.219196319580078,27.147518141936708,28.363078023438334,23.683778762817383,22.73311996459961,25.16144539650908,24.387317657470703,13.170830726623535,25.03123759752784,26.449520111083984,25.869857788085938,26.1341609954834,-0.5444462299346924,27.65191091568748,28.72705952066396,27.354547421384346,-1.0793417829844112
1910-07-16 12:00:00,21.282066345214844,25.82497787475586,26.90656111836035,28.33608929748476,25.01675033569336,23.315427780151367,25.863355000435735,25.32803726196289,12.005812644958496,25.59252336907769,25.808515548706055,26.044937133789062,25.367551803588867,0.8107947707176208,26.92548686659937,28.285371244675286,26.68507977637058,-1.3721536733093782
1910-08-16 12:00:00,20.29766845703125,24.718379974365234,26.56195143236895,28.30155959620842,25.52591896057129,24.163633346557617,26.553139113793616,26.174598693847656,11.831957817077637,26.155149088001316,25.498552322387695,26.418811798095703,24.515350341796875,1.9045597314834595,26.722670570393806,27.880953661638582,26.54191870193921,-1.173485042928291
1910-09-16 00:00:00,20.032543182373047,24.39594268798828,26.37152561528307,28.27819775855437,26.02185821533203,24.8185977935791,27.0339685809377,26.582380294799805,12.210603713989258,26.669053385978238,25.55804443359375,26.79812240600586,24.533220291137695,2.3724546432495117,26.93416068991658,27.87725277184683,26.73047928129351,-0.9562617651586469
1910-10-16 12:00:00,20.624404907226562,24.938697814941406,26.31513002256434,28.282398794294664,25.656156539916992,24.673330307006836,26.978236827705505,26.71843910217285,13.318952560424805,26.827201774684404,25.83122444152832,27.19684600830078,24.907527923583984,2.088866949081421,27.496468505484987,28.045188777155786,27.178342952348554,-0.556057905720591
1910-11-16 00:00:00,21.592626571655273,24.981353759765625,26.273806220487593,28.291117548631895,24.542823791503906,23.789628982543945,26.214871863399214,25.995573043823242,14.472458839416504,26.163601072211485,26.366233825683594,26.532716751098633,25.579191207885742,1.0751787424087524,27.823492359015923,28.141374333415545,27.641239153820628,-0.3218314106349584
1910-12-16 12:00:00,22.605958938598633,25.144092559814453,26.32852048590491,28.297516475645324,23.27680206298828,22.55531120300293,25.117199258411496,24.899349212646484,17.00075340270996,24.97270491490292,26.95895767211914,25.792940139770508,25.99650764465332,-0.4066202640533447,27.619612424587274,28.203080701389588,27.80311552739396,-0.5892366623249092
1911-01-16 12:00:00,24.296051025390625,25.70720100402832,26.42660749603961,28.297183696637696,22.2801513671875,21.517648696899414,24.18990976295663,23.6688232421875,18.727922439575195,23.970787710449137,27.24301528930664,24.52794647216797,26.55992889404297,-1.9398878812789917,27.450284894407048,28.10369652219088,27.7991225262171,-0.6610539212421735
1911-02-15 00:00:00,25.235754013061523,26.61815643310547,26.582557581423565,28.301021824786098,21.68294334411621,20.47735595703125,23.866487384120244,23.67334747314453,19.66996955871582,23.66054216405476,27.647539138793945,24.189544677734375,27.26233673095703,-3.0859951972961426,27.65329097426288,28.036702299663958,28.054788267296313,-0.3892558542575975
1911-03-16 12:00:00,26.653396606445312,26.80077362060547,26.838742052824504,28.321789001397143,21.535184860229492,20.498798370361328,23.91853492855368,23.753158569335938,19.34304428100586,23.735560804384356,27.813249588012695,24.122859954833984,27.472623825073242,-3.392075300216675,28.29441892345802,28.494212052432957,28.577690587625753,-0.1983466235301929
1911-04-16 00:00:00,24.898435592651367,27.442838668823242,27.11523929221398,28.360778523305417,21.88994026184082,20.824432373046875,24.24039795116617,23.370508193969727,17.53699493408203,24.091098321235833,27.94756317138672,24.287290573120117,27.492929458618164,-2.694685220718384,29.153110952255446,28.82738947820722,29.03729660927556,0.3362590242515276
1911-05-16 12:00:00,23.797517776489258,26.6977596282959,27.23627957529279,28.381828732507106,22.629926681518555,21.421316146850586,24.679494908206316,23.938058853149414,14.710762023925781,24.53303587432454,27.466699600219727,25.329917907714844,26.973276138305664,-1.8958892822265625,28.982676889096602,28.863865691252112,28.53501599395114,0.12779176297482786
1911-06-16 00:00:00,22.42548370361328,26.184480667114258,27.184995950169835,28.371437583652252,23.75831413269043,22.736886978149414,25.168756431671763,24.387317657470703,13.221221923828125,25.056486961322577,26.661428451538086,25.628786087036133,26.139585494995117,-0.4825736880302429,27.632467478187657,28.69990206170897,27.299013865352023,-1.0718809047168512
1911-07-16 12:00:00,21.29681968688965,25.234338760375977,26.961819644497524,28.346312450197622,25.01675033569336,23.315427780151367,25.86519556203862,25.32803726196289,12.005812644958496,25.613717444506122,25.87284278869629,26.044937133789062,25.367551803588867,0.8235695362091064,26.902728722859436,28.329647950681114,26.63024707394752,-1.4393014076080912
1911-08-16 12:00:00,20.29656982421875,24.79354476928711,26.596868832835824,28.311050768599756,25.52591896057129,24.163633346557617,26.574292727765066,26.220985412597656,11.831957817077637,26.17690885611845,25.498552322387695,26.418811798095703,24.515350341796875,1.9045597314834595,26.720215092241958,27.897175221965348,26.503649612151765,-1.1921466650705914
1911-09-16 00:00:00,20.07887077331543,24.62578010559082,26.407059159201978,28.284135083996276,25.865161895751953,24.857349395751953,27.02835626569647,26.582380294799805,12.210603713989258,26.684872831040494,25.55804443359375,26.912580490112305,24.533220291137695,2.3409669399261475,26.95067889192645,27.805011773538354,26.732919327833905,-0.8675173357424402
1911-10-16 12:00:00,20.577402114868164,24.3658504486084,26.36082726001989,28.28807122577974,25.68061065673828,24.604238510131836,26.96291979932028,26.71843910217285,12.90976619720459,26.82254391044612,25.899450302124023,26.99652671813965,25.15872573852539,2.1311779022216797,27.517340889057333,27.99201465193887,27.181076943819395,-0.48193816725603217
1911-11-16 00:00:00,21.390052795410156,24.981353759765625,26.33764972510282,28.29980659534982,24.56155776977539,23.780174255371094,26.242687635352407,26.096956253051758,14.472458839416504,26.194105826405753,26.43524742126465,26.51677894592285,25.56268310546875,1.1095385551452637,27.864749649386862,28.08994267634678,27.679813777873186,-0.2288682873733991
1911-12-16 12:00:00,23.486799240112305,24.410734176635742,26.35875591884659,28.304568251549686,23.35769271850586,22.527400970458984,25.154579960209404,24.853607177734375,16.064722061157227,25.01491041237562,26.95895767211914,25.842754364013672,26.209741592407227,-1.013667345046997,27.64293586038496,28.26334362875863,27.798273230621046,-0.6258057351903794
1912-01-16 12:00:00,24.296051025390625,24.671302795410156,26.450377137606537,28.302516094743847,22.2801513671875,21.527626037597656,24.255220427821467,23.92238426208496,18.727922439575195,24.04664266991086,27.316221237182617,24.81327247619629,26.491117477416992,-2.507208824157715,27.423843006920638,28.164057616280544,27.769459695151383,-0.7479665563804632
1912-02-15 12:00:00,25.235754013061523,26.526180267333984,26.606030654387062,28.306079186428917,21.628738403320312,20.47735595703125,23.9231173657766,23.67334747314453,19.66996955871582,23.707914132259745,27.5603084564209,24.189544677734375,27.22652816772461,-2.731997489929199,27.60961096607174,28.086979015807216,28.002463176594286,-0.48351292215361813
1912-03-16 12:00:00,26.49989128112793,27.000415802001953,26.819326464573653,28.326812856676998,21.535184860229492,20.498798370361328,23.9503062094813,23.753158569335938,19.34304428100586,23.759665827605765,27.918642044067383,24.122859954833984,27.40035057067871,-2.219289541244507,28.32272791074182,28.59268105584202,28.613610687722844,-0.267995976023294
1912-04-16 00:00:00,24.928258895874023,27.35618019104004,27.11690414226174,28.35789790878932,21.88994026184082,20.619937896728516,24.270596686747172,23.544170379638672,17.51148796081543,24.115588166841114,27.921255111694336,24.552814483642578,27.521381378173828,-2.748779773712158,29.170745175871996,28.954903583943093,29.06980407304804,0.226856815469405
1912-05-16 12:00:00,23.83993911743164,26.72145652770996,27.240784188234223,28.38171005212662,22.53599739074707,21.449626922607422,24.62549635240849,23.779216766357422,14.710762023925781,24.455053251155185,27.462236404418945,25.099592208862305,26.973276138305664,-1.8380519151687622,29.07370074962978,28.923959867146063,28.61846327433019,0.15974486864320242
1912-06-16 00:00:00,22.537437438964844,26.184480667114258,27.19325084277382,28.370192779383054,23.683778762817383,22.745872497558594,25.127534773582795,24.39973258972168,13.221221923828125,25.009818410905837,26.661428451538086,25.869857788085938,26.1341609954834,-0.4825736880302429,27.71878166845329,28.6146694324422,27.38142127553605,-0.8997065485095659
1912-07-16 12:00:00,21.30912971496582,25.14596939086914,26.950834302329586,28.34434017526946,25.01675033569336,23.292959213256836,25.832641375493534,25.32803726196289,12.171554565429688,25.565651535242147,25.82485580444336,26.02513885498047,25.367551803588867,0.8235695362091064,26.96329031978775,28.08639353316581,26.6959488948374,-1.135487447811775
1912-08-16 12:00:00,20.29656982421875,24.79354476928711,26.602551554313024,28.311226571689105,25.52591896057129,24.229394912719727,26.52442106397263,26.14356803894043,11.882959365844727,26.119338216407556,25.498552322387695,26.418811798095703,24.515350341796875,1.9264050722122192,26.757830648861542,27.636772412178733,26.536382430092853,-0.894393166759478
1912-09-16 00:00:00,20.07887077331543,24.532194137573242,26.442459228773657,28.290455489792695,25.870708465576172,24.833742141723633,26.992990049082476,26.582380294799805,12.210603713989258,26.63194510663193,25.55804443359375,26.79812240600586,24.533220291137695,2.3409669399261475,26.97013593575831,27.627856812468174,26.74154834877247,-0.6711447184474759
1912-10-16 12:00:00,20.54429817199707,24.3658504486084,26.391462762439126,28.293811643454838,25.518115997314453,24.683025360107422,26.978586730805464,26.71843910217285,13.307656288146973,26.827598600334063,25.899450302124023,26.99652671813965,25.06930923461914,2.1266531944274902,27.559744038582977,27.874796550321268,27.15884848132889,-0.3221903130608746
1912-11-16 00:00:00,21.532629013061523,24.981353759765625,26.37152246273651,28.304772748820564,24.642343521118164,23.780174255371094,26.23627056896491,25.995573043823242,14.472458839416504,26.17350636097551,26.43524742126465,26.51677894592285,25.56268310546875,1.1095385551452637,27.807698461071634,28.05885305654254,27.581805868433612,-0.2554554511825525
1912-12-16 12:00:00,22.605958938598633,24.750276565551758,26.41827494539868,28.313725745820125,23.53761100769043,22.527400970458984,25.14942894002975,24.853607177734375,16.064722061157227,24.982906152492326,26.996429443359375,25.7916316986084,25.98204803466797,-0.3809050917625427,27.645187970809594,28.24481246715165,27.81269089704975,-0.6050454114764567
1913-01-16 12:00:00,24.296051025390625,26.0715274810791,26.504729411802593,28.308396442920973,22.020465850830078,21.180381774902344,24.213506548000364,23.938526153564453,18.727922439575195,23.978412756698276,27.235301971435547,24.52794647216797,26.504474639892578,-2.0086607933044434,27.43236872106666,28.15965223913691,27.781072095966287,-0.7349638021016771
1913-02-15 00:00:00,25.208181381225586,26.526180267333984,26.62178788072606,28.31047483609202,21.498741149902344,20.47735595703125,23.858456471141366,23.67334747314453,19.66996955871582,23.627043960218906,27.5603084564209,24.189544677734375,27.207799911499023,-2.608264923095703,27.68489318258274,28.11804759835961,28.11052875225921,-0.4384977872361318
1913-03-16 12:00:00,26.34831428527832,26.80077362060547,26.848733164021656,28.326383987629054,21.535184860229492,20.498798370361328,23.994332509862485,23.753158569335938,19.353193283081055,23.795145338307066,28.05611228942871,24.122859954833984,27.174360275268555,-3.1293718814849854,28.290987020034713,28.546408503064338,28.593973788301017,-0.25388223831379714
1913-04-16 00:00:00,24.898435592651367,27.375272750854492,27.11552163882265,28.35734767291629,21.701486587524414,20.68366050720215,24.288217722309636,23.446044921875,17.51148796081543,24.10734553395475,27.915563583374023,24.41122817993164,27.51323699951172,-2.8281795978546143,29.132854178933265,28.8747547124064,29.054966356429823,0.26855572152372686
1913-05-16 12:00:00,23.588151931762695,26.6977596282959,27.2342980411119,28.376042807072526,22.42426109313965,21.449626922607422,24.64171135749102,24.00454330444336,15.263418197631836,24.461170172567222,27.466699600219727,24.936017990112305,26.973276138305664,-1.8380519151687622,29.04318310141704,28.928273663377077,28.623083503903956,0.1246292856869192
1913-06-16 00:00:00,22.42548370361328,26.184480667114258,27.18144593513907,28.36597688816346,23.775249481201172,22.32834243774414,25.105638461696046,24.433059692382812,13.221221923828125,24.957700940628442,26.661428451538086,25.638731002807617,26.139585494995117,-0.6656580567359924,27.684078420509564,28.668727273026164,27.365466940636463,-0.9886722240930903
1913-07-16 12:00:00,21.48270034790039,25.347551345825195,26.966121737251367,28.34263023317768,24.890405654907227,23.33411407470703,25.768805550710763,25.36044692993164,12.143062591552734,25.49437354249283,25.87284278869629,26.02513885498047,25.390552520751953,0.8105074763298035,26.938766429282275,28.239385988393543,26.679531534570362,-1.3128715719762734
1913-08-16 12:00:00,20.29656982421875,24.718687057495117,26.605870731844142,28.308913797660228,25.391996383666992,24.280473709106445,26.441552351127083,26.14356803894043,11.92042064666748,26.028644128532953,25.498552322387695,26.39775848388672,24.418113708496094,1.7136366367340088,26.70113568176991,27.769654044696274,26.494630380013103,-1.0841965368532525
1913-09-16 00:00:00,20.0091552734375,24.532194137573242,26.427948165508035,28.284204917264688,25.85588836669922,24.65481948852539,26.872910214419047,26.571544647216797,12.210603713989258,26.512589590831098,25.55804443359375,26.79465103149414,24.533220291137695,2.368180990219116,26.9240964921299,27.730948706339273,26.706329656398275,-0.8204718173876373
1913-10-16 12:00:00,20.624404907226562,24.272729873657227,26.381853894531808,28.289128312325502,25.661405563354492,24.510988235473633,26.86711784911333,26.706584930419922,12.841842651367188,26.714427744113962,25.899450302124023,27.053407669067383,25.15872573852539,1.937569499015808,27.54264136586787,27.91575620110293,27.164285143313442,-0.3803189359233433
1913-11-16 00:00:00,21.367177963256836,24.981353759765625,26.347408588643095,28.30049148568543,24.642343521118164,23.649169921875,26.198412462920846,25.995573043823242,14.472458839416504,26.115176244449742,26.43524742126465,26.532716751098633,25.56268310546875,1.1095385551452637,27.790712109822433,28.062244377286785,27.555519820206044,-0.27598888903953434
1913-12-16 12:00:00,23.486799240112305,24.594562530517578,26.36909199925872,28.303205567051812,23.128551483154297,22.376026153564453,25.127039487173334,24.853607177734375,16.6485652923584,24.94570337703891,26.95895767211914,25.78289031982422,25.9364070892334,-1.013667345046997,27.578018178048858,28.135437283741243,27.720938243276894,-0.5637520469749235
1914-01-16 12:00:00,24.652544021606445,25.70720100402832,26.443702661046167,28.30246656950518,22.020465850830078,21.180381774902344,24.264446877559852,23.590652465820312,18.727922439575195,24.012039938722985,27.24301528930664,24.52794647216797,26.504474639892578,-2.0086607933044434,27.426285764106094,28.10035706201245,27.764604688516396,-0.6819532709688103
1914-02-15 00:00:00,25.208181381225586,26.61815643310547,26.595778238741236,28.307298249280745,21.498741149902344,20.47735595703125,23.986956337000233,23.67334747314453,19.66996955871582,23.745039286292375,27.647539138793945,24.189544677734375,27.29697608947754,-2.597548723220825,27.637580501504274,27.95380914242187,28.036177925494123,-0.32242468079564685
1914-03-16 12:00:00,26.104721069335938,26.80077362060547,26.84513225056091,28.327492816569766,21.535184860229492,20.498798370361328,24.082314850643872,23.255237579345703,19.353193283081055,23.88652524113818,27.754810333251953,23.959627151489258,27.40035057067871,-3.1187541484832764,28.234816962953143,28.443975169520925,28.491783814504817,-0.20840808527657106
1914-04-16 00:00:00,24.87086296081543,27.375272750854492,27.10761323438233,28.35829408812758,21.893285751342773,20.824432373046875,24.35608199873485,23.5737361907959,17.51148796081543,24.19105449486927,27.767208099365234,24.506689071655273,27.521381378173828,-2.694685220718384,29.116518912375348,28.885200238277662,28.998984488048492,0.2416424570896644
1914-05-16 12:00:00,23.797517776489258,26.872350692749023,27.237405436507625,28.37708670324506,22.53599739074707,21.708112716674805,24.715383564837396,24.186506271362305,14.710762023925781,24.548254844669614,27.399065017700195,24.79044532775879,26.95775604248047,-1.8958892822265625,28.95584865481718,28.906374117196982,28.503446460865362,0.058298671919010774
1914-06-16 00:00:00,22.42548370361328,26.184480667114258,27.18643727903292,28.366840825441944,23.683778762817383,22.736886978149414,25.223624504109857,24.433578491210938,13.221221923828125,25.105927890008125,26.484445571899414,25.334728240966797,26.139585494995117,-0.5444462299346924,27.763808788062025,28.58363355449441,27.422931761235613,-0.8232838100036342
1914-07-16 12:00:00,21.395734786987305,25.39443588256836,26.959704783462822,28.343002440919467,24.986160278320312,23.440156936645508,25.918265218865347,25.32803726196289,12.005812644958496,25.65619379658544,25.808515548706055,26.066326141357422,25.367551803588867,0.8107947707176208,27.008504330231915,28.103530235595517,26.7315954794155,-1.1069324356883494
1914-08-16 12:00:00,20.35251808166504,24.52075958251953,26.638969680169495,28.311697779574246,25.52591896057129,24.190475463867188,26.59302435881224,26.21122932434082,11.831957817077637,26.182494890651647,25.498552322387695,26.418811798095703,24.515350341796875,1.9218802452087402,26.76903413447259,27.673623470328078,26.548440539496944,-0.9198437494884004
1914-09-16 00:00:00,20.07887077331543,24.532194137573242,26.447225274219246,28.289207642593652,25.83871841430664,24.740270614624023,27.037682002357666,26.582380294799805,12.210603713989258,26.675568722231688,25.55804443359375,26.912580490112305,24.533220291137695,2.3409669399261475,26.980734655663582,27.64701814764249,26.749652169079777,-0.6795588363294893
1914-10-16 12:00:00,21.832422256469727,24.3658504486084,26.401565659138406,28.296357613429095,25.68061065673828,24.604238510131836,26.982463147458486,26.71843910217285,13.318952560424805,26.83220485105521,25.899450302124023,26.99652671813965,25.15872573852539,2.1365966796875,27.564114249070823,27.91235646972276,27.193377108448395,-0.35524727408785856
1914-11-16 00:00:00,21.532629013061523,24.981353759765625,26.343207419317068,28.30388147132508,24.642343521118164,23.780174255371094,26.23152218202846,26.096956253051758,14.472458839416504,26.172248001442085,26.43524742126465,26.51677894592285,25.56268310546875,1.1095385551452637,27.862040636243304,28.09891797070081,27.634241713013342,-0.24055709857038304
1914-12-16 12:00:00,22.605958938598633,24.473102569580078,26.3861934544027,28.30946561961942,23.35769271850586,22.55531120300293,25.191324101916265,24.853607177734375,17.05849266052246,25.04316113191755,26.95895767211914,25.842754364013672,25.98204803466797,-0.3809050917625427,27.686346936797772,28.21779992701865,27.841412051201903,-0.5365417962649104
1915-01-16 12:00:00,24.529727935791016,24.671302795410156,26.463728197138288,28.304639688704626,22.2801513671875,21.356548309326172,24.332477735255985,23.912050247192383,18.687591552734375,24.11764361784755,27.24301528930664,24.681968688964844,26.504474639892578,-1.9492521286010742,27.504709997237036,28.094428756557924,27.84473043244489,-0.5968581175604855
1915-02-15 00:00:00,25.208181381225586,26.224632263183594,26.591348061263183,28.30811542927552,21.61532211303711,20.594284057617188,24.012445934654792,23.67334747314453,19.66996955871582,23.798698497247152,27.630451202392578,24.189544677734375,27.207799911499023,-3.0859951972961426,27.715144052150148,28.153979908810626,28.098477787839467,-0.4438006182739806
1915-03-16 12:00:00,27.07140350341797,27.000415802001953,26.8133955667433,28.326730525556,21.535184860229492,20.498798370361328,24.105386298568014,23.329998016357422,19.57427406311035,23.92625746449893,27.765226364135742,24.36864471435547,27.194660186767578,-3.565444231033325,28.373808052588007,28.62411579722467,28.656527412966604,-0.24778177749428626
1915-04-16 00:00:00,24.87086296081543,26.95349884033203,27.097225264841953,28.36002733312585,21.893285751342773,21.088912963867188,24.317236504335973,23.337194442749023,17.53699493408203,24.152157928210812,27.767208099365234,24.492908477783203,27.51323699951172,-3.321370840072632,29.187866631279174,28.975693469761087,29.07725608287033,0.22340376344388774
1915-05-16 12:00:00,23.503162384033203,26.03855323791504,27.195301542401104,28.377090293915117,22.53599739074707,21.708112716674805,24.700331869873704,24.186506271362305,14.710762023925781,24.525358617531495,27.399065017700195,24.82227325439453,26.833234786987305,-1.833736538887024,29.02970078891828,28.992681812646047,28.611268606069434,0.046764008159556544
1915-06-16 00:00:00,22.56475067138672,26.459888458251953,27.11291717731706,28.361564138887662,23.683778762817383,22.73311996459961,25.197963029610438,24.387317657470703,13.221221923828125,25.074692996253795,26.458412170410156,25.334728240966797,26.139585494995117,-0.5444462299346924,27.68713620600573,28.77939145587042,27.38096256609758,-1.095982262806448
1915-07-16 12:00:00,21.52542495727539,25.317241668701172,26.83981293187642,28.33234524149669,24.986160278320312,23.292959213256836,25.887650106093634,25.32803726196289,12.234200477600098,25.603706459285014,25.631004333496094,26.044937133789062,25.367551803588867,0.814570426940918,26.93170499956318,28.352133386414902,26.67566428494196,-1.4324766831832612
1915-08-16 12:00:00,20.29766845703125,24.463605880737305,26.470929257732372,28.293050949124503,25.52591896057129,24.229394912719727,26.575160084990618,26.21122932434082,11.831957817077637,26.170976227597166,25.498552322387695,26.418811798095703,24.515350341796875,1.9218802452087402,26.702216544583933,27.94482447988357,26.50720250397839,-1.257853285764035
1915-09-16 00:00:00,20.032543182373047,25.086288452148438,26.280632878553554,28.266262051741123,25.857799530029297,24.740270614624023,27.03885047611583,26.582380294799805,12.210603713989258,26.68402130757144,25.55804443359375,26.912580490112305,24.533220291137695,2.3409669399261475,26.963250111206005,27.893924752750177,26.75530969413858,-0.943523367390513
1915-10-16 12:00:00,20.491252899169922,24.938697814941406,26.221897200877223,28.268213711210006,25.68061065673828,24.604238510131836,27.0003769620961,26.7244873046875,12.853357315063477,26.84292850969812,25.82701301574707,26.99652671813965,25.04902458190918,2.075725793838501,27.55824066711511,28.06028373372718,27.23702966782438,-0.5087481091997752
1915-11-16 00:00:00,22.66016387939453,24.981353759765625,26.1655546857418,28.279621993510126,24.57127571105957,23.789628982543945,26.31127822291636,26.034282684326172,14.472458839416504,26.2543119200404,26.30573272705078,26.53783416748047,25.56268310546875,1.0983233451843262,27.859989400213387,28.129590694452332,27.659844921815,-0.2732268941377021
1915-12-16 12:00:00,23.07817840576172,25.144092559814453,26.210198187769052,28.284622922859203,23.35769271850586,22.527400970458984,25.229201181374748,24.910423278808594,16.6485652923584,25.07364903535,26.757186889648438,25.171358108520508,25.98204803466797,-0.4066202640533447,27.634931593054635,28.205842724830617,27.789364218146495,-0.5765250045482895
1916-01-16 12:00:00,23.794944763183594,24.832853317260742,26.29093377452312,28.280615446783926,22.282928466796875,21.47389793395996,24.26362443115752,23.590652465820312,18.747570037841797,24.038128601399713,27.057775497436523,24.81327247619629,26.504474639892578,-2.0182297229766846,27.402555791980117,28.05947425087534,27.741189476380057,-0.6651280427268382
1916-02-15 12:00:00,25.208181381225586,25.508197784423828,26.42770942780698,28.28092014930231,21.503747940063477,20.47735595703125,23.853862672537865,23.67334747314453,19.66996955871582,23.623587529802627,27.579256057739258,24.189544677734375,27.210481643676758,-2.7379488945007324,27.585200412674467,27.890282765400887,27.96914511501618,-0.3119371202040659
1916-03-16 12:00:00,26.653396606445312,26.74557113647461,26.667968461534365,28.302902463013492,21.535184860229492,20.498798370361328,23.84660079328378,23.753158569335938,19.353193283081055,23.654080314269585,27.7615966796875,24.122859954833984,27.174360275268555,-2.219289541244507,28.24967149604883,28.354126221737488,28.51034290607182,-0.10377789052228092
1916-04-16 00:00:00,24.87086296081543,26.54688835144043,26.954310468279864,28.338063507286304,21.839080810546875,20.68366050720215,24.1214935858548,23.269847869873047,17.51148796081543,23.948641801206527,27.707199096679688,24.445777893066406,27.492929458618164,-2.748779773712158,29.12487182780328,28.80288688159448,28.991604151919855,0.332190863551461
1916-05-16 12:00:00,23.47268295288086,26.267520904541016,27.107581143623968,28.360384714423567,22.42426109313965,21.514636993408203,24.47881031591522,23.905467987060547,14.710762023925781,24.296196270656296,27.395082473754883,24.960290908813477,26.833234786987305,-1.8380519151687622,28.90573482048924,28.894553145465217,28.491123402869373,0.019493632580404315
1916-06-16 00:00:00,22.56475067138672,26.363445281982422,27.074930099352915,28.352516418287617,23.683778762817383,22.785175323486328,24.999094351173976,24.550193786621094,13.273494720458984,24.876875872772303,26.458412170410156,25.173965454101562,26.161277770996094,-0.5444462299346924,27.569892646930562,28.62275990818528,27.277153403075573,-1.058103536353946
1916-07-16 12:00:00,22.59046173095703,25.82497787475586,26.891937157763564,28.329989599704554,24.986160278320312,23.292959213256836,25.727637516132027,25.36044692993164,12.338908195495605,25.463940925926934,25.687135696411133,26.17219352722168,25.29007339477539,0.8200138211250305,26.912444697467144,28.167512334881255,26.648797132887868,-1.2677470041237038
1916-08-16 12:00:00,20.29766845703125,24.673721313476562,26.560430265452567,28.300492726529484,25.52591896057129,24.190475463867188,26.468993845694573,26.14356803894043,11.882959365844727,26.06498645535425,25.498552322387695,26.413694381713867,24.515350341796875,1.8988797664642334,26.72720250347996,27.77589741354279,26.520804943727555,-1.0641064458592924
1916-09-16 00:00:00,20.032543182373047,24.489063262939453,26.388212807458537,28.27668840427265,25.865161895751953,24.857349395751953,26.9739563571471,26.582380294799805,12.210603713989258,26.62026103125831,25.55804443359375,26.79812240600586,24.533220291137695,2.383286476135254,26.951813940909524,27.81489989876539,26.741421956061693,-0.8762356136753271
1916-10-16 12:00:00,20.82649803161621,24.938697814941406,26.305505339467743,28.278488045798767,25.640254974365234,24.673330307006836,26.92785900453855,26.73668098449707,13.307656288146973,26.791169094451277,25.804405212402344,27.19684600830078,24.900484085083008,2.088866949081421,27.54099422692517,28.005857297244724,27.199754443557428,-0.4718658059841725
1916-11-16 00:00:00,21.483793258666992,24.981353759765625,26.233817028231442,28.287416823862323,24.56155776977539,23.729095458984375,26.231837635010937,26.096956253051758,14.472458839416504,26.188731896904407,26.30573272705078,26.51677894592285,25.56268310546875,1.0983233451843262,27.872723773874377,28.0985707144355,27.663860340195097,-0.22942443393918177
1916-12-16 12:00:00,22.418060302734375,25.144092559814453,26.287314103041183,28.29838325046047,23.27680206298828,22.55531120300293,25.181340222320966,24.853607177734375,16.6485652923584,25.045220160654054,26.75002670288086,25.716203689575195,25.977174758911133,-0.4066202640533447,27.660644452927745,28.20766619431844,27.826269642083076,-0.5523830500685687
1917-01-16 12:00:00,24.676210403442383,24.840818405151367,26.39829430634584,28.29747108770423,22.20454978942871,21.4360294342041,24.273557677177358,23.77121353149414,18.687591552734375,24.065456010531086,27.25425910949707,24.81327247619629,26.544408798217773,-1.863720178604126,27.43239095250529,28.04004016196743,27.77056381202883,-0.615617701623383
1917-02-15 00:00:00,25.208181381225586,26.224632263183594,26.56655350260023,28.30319900854479,21.679597854614258,20.413633346557617,23.90528138843972,23.67334747314453,19.66996955871582,23.70134713626573,27.58323860168457,24.189544677734375,27.26233673095703,-3.0859951972961426,27.661356122537143,27.992072940818815,28.05030095177575,-0.33659112208236436
1917-03-16 12:00:00,26.104721069335938,27.000415802001953,26.79400560113077,28.32584012158695,21.535184860229492,20.498798370361328,23.995283816551332,23.753158569335938,19.353193283081055,23.82622298338365,27.754810333251953,24.122859954833984,27.472623825073242,-3.1853580474853516,28.317788087895796,28.487009175646367,28.60558638029762,-0.1675664037258158
1917-04-16 00:00:00,24.87086296081543,26.975055694580078,27.05954748006382,28.35759050001541,21.88994026184082,20.918733596801758,24.314257912358286,23.446044921875,17.53699493408203,24.165792961109354,27.860614776611328,24.41122817993164,27.412866592407227,-3.0966782569885254,29.199003136400705,28.869116255647494,29.08855466242848,0.3409679749232519
1917-05-16 12:00:00,23.478431701660156,26.70651626586914,27.200304979491314,28.380057530134483,22.67617416381836,21.529144287109375,24.703308809093077,24.280750274658203,14.710762023925781,24.549550599580428,27.399065017700195,24.82227325439453,26.833234786987305,-1.833736538887024,29.016169931480487,28.924951136971433,28.59003425341455,0.10066991344393625
1917-06-16 00:00:00,23.03241539001465,26.094589233398438,27.14440671945625,28.365496101493335,23.866865158081055,22.558372497558594,25.222299487406854,24.387317657470703,13.170830726623535,25.13270518571796,26.458412170410156,25.334728240966797,26.1341609954834,-0.5442663431167603,27.669422090949745,28.66069501370133,27.37723283509448,-0.9954571179145477
1917-07-16 12:00:00,22.59046173095703,25.699560165405273,26.918909981813265,28.3391570579064,25.01675033569336,23.440156936645508,25.897587851487504,25.32803726196289,12.067434310913086,25.64045619229247,25.76824951171875,26.049606323242188,25.367551803588867,0.8235695362091064,26.99578531059714,28.213178174188528,26.723271224634953,-1.2291577552744746
1917-08-16 12:00:00,20.29766845703125,24.660417556762695,26.56605819093238,28.306632465928715,25.52591896057129,24.230545043945312,26.602075744927962,26.174598693847656,11.831957817077637,26.189990625711793,25.498552322387695,26.418811798095703,24.515350341796875,1.9218802452087402,26.778960863292845,27.775230263790494,26.562552711173225,-1.011183000274284
1917-09-16 00:00:00,20.0091552734375,24.252742767333984,26.38277871328785,28.281343491399294,26.005950927734375,24.884458541870117,27.081553338631654,26.59123992919922,12.210603713989258,26.710557261051946,25.55804443359375,26.912580490112305,24.533220291137695,2.3724546432495117,26.98600778444502,27.786783283924482,26.77268139182661,-0.8136629322172397
1917-10-16 12:00:00,20.73931121826172,24.3658504486084,26.347354985600944,28.286106321169292,25.656156539916992,24.743858337402344,27.014354424946927,26.7244873046875,12.901551246643066,26.870455586571993,25.899450302124023,26.99652671813965,25.0452823638916,2.088866949081421,27.584470404651576,27.993546955929205,27.239522401678947,-0.4156893616616996
1917-11-16 00:00:00,21.931943893432617,24.981353759765625,26.327491126444656,28.298339708311662,24.542823791503906,23.729095458984375,26.3226472900738,26.096956253051758,14.472458839416504,26.271791017629603,26.43524742126465,26.53783416748047,25.56268310546875,1.0751787424087524,27.88967799072594,28.13517751840996,27.66870968430447,-0.24882511716451294
1917-12-16 12:00:00,23.486799240112305,25.383056640625,26.366140933780585,28.304993636958624,23.27680206298828,22.54556655883789,25.227543547473022,24.910423278808594,17.00075340270996,25.083020340319564,26.95895767211914,25.171358108520508,25.987945556640625,-0.4066202640533447,27.697189271197516,28.220431875577276,27.874911318418587,-0.5282204193959366
1918-01-16 12:00:00,24.296051025390625,24.671302795410156,26.465700740013535,28.30148021562176,22.2801513671875,21.39325714111328,24.301413438547925,23.682706832885742,18.687591552734375,24.08758883189892,27.299959182739258,24.324426651000977,26.504474639892578,-1.9398878812789917,27.45877962067759,28.140123412189585,27.812394609396872,-0.6888162614993067
1918-02-15 00:00:00,25.235754013061523,26.526180267333984,26.6144982731851,28.3053095115438,21.62683868408203,20.47735595703125,23.904001387533988,23.67334747314453,19.66996955871582,23.702574526546222,27.5603084564209,24.189544677734375,27.210481643676758,-3.310896873474121,27.69359578847467,28.03701992627422,28.128824270688135,-0.34887889968413216
1918-03-16 12:00:00,25.882884979248047,26.992870330810547,26.873463844773937,28.326966104518153,21.535184860229492,20.498798370361328,23.96698998207459,23.753158569335938,19.353193283081055,23.79853971695806,27.82523536682129,24.122859954833984,27.194660186767578,-3.1293718814849854,28.35768826875862,28.47675230477848,28.654388974087347,-0.117048988804412
1918-04-16 00:00:00,24.928258895874023,27.318639755249023,27.137921819862356,28.36088199815657,21.88994026184082,20.619937896728516,24.28124293185549,23.446044921875,17.51148796081543,24.142748938650882,27.890867233276367,24.461341857910156,27.521381378173828,-2.7224152088165283,29.228318614396937,28.848820877292354,29.126517006313165,0.3908128303975835
1918-05-16 12:00:00,23.775955200195312,26.86040496826172,27.265053074002804,28.381680890939357,22.53599739074707,21.449626922607422,24.648212763051475,23.938058853149414,15.263418197631836,24.489962441560515,27.456663131713867,25.15320587158203,26.95775604248047,-1.8380519151687622,29.11397589907359,28.946061998982465,28.676122121608675,0.17835989627256538
1918-06-16 00:00:00,22.441574096679688,25.769664764404297,27.19749084768494,28.36899008322162,23.683778762817383,22.799884796142578,25.156583057904207,24.387317657470703,13.26865005493164,25.04476360799063,26.661428451538086,25.628786087036133,26.139585494995117,-0.5444462299346924,27.70706805142419,28.7034411668965,27.415279029676356,-1.0000908968856201
1918-07-16 12:00:00,21.48270034790039,25.234338760375977,26.95631284687924,28.342534194280418,24.941303253173828,23.27467155456543,25.81525228674241,25.32803726196289,12.171554565429688,25.555786156210097,25.869050979614258,26.044937133789062,25.390552520751953,0.8235695362091064,26.967501598859478,28.227589650803175,26.726460803782253,-1.2720911726345296
1918-08-16 12:00:00,20.29656982421875,25.114736557006836,26.583680032981988,28.30739171723498,25.52591896057129,24.190475463867188,26.52249311712311,26.174598693847656,11.831957817077637,26.132586983074106,25.498552322387695,26.418811798095703,24.515350341796875,1.9264050722122192,26.740097647815166,27.7920868648465,26.54153216848127,-1.0672372577039126
1918-09-16 00:00:00,20.07887077331543,24.252742767333984,26.378207830422216,28.2826960317276,25.848995208740234,24.863887786865234,27.016369815181488,26.582380294799805,12.210603713989258,26.676345415589694,25.55804443359375,26.912580490112305,24.533220291137695,2.4294798374176025,26.9906021838733,27.85048615022696,26.78992264490472,-0.8725734485042742
1918-10-16 12:00:00,20.624404907226562,24.938697814941406,26.323914425852642,28.285226212297573,25.640254974365234,24.673330307006836,27.019065483340537,26.7244873046875,12.841842651367188,26.89866309167629,25.917482376098633,26.99652671813965,25.15872573852539,2.1311779022216797,27.557006269078304,28.043664482978265,27.24501821620014,-0.4934152445448972
1918-11-16 00:00:00,21.744346618652344,24.981353759765625,26.26708050758252,28.295576178955532,24.542823791503906,23.729095458984375,26.326056496564437,26.034282684326172,14.472458839416504,26.2974498522411,26.33643341064453,26.53783416748047,25.56268310546875,1.1095385551452637,27.84425555293563,28.158992682164346,27.667899800656915,-0.318443686498363
1918-12-16 12:00:00,23.486799240112305,25.144092559814453,26.30803924860662,28.301289993737974,23.35769271850586,22.54556655883789,25.24448990745576,24.910423278808594,17.00075340270996,25.112179253130535,26.95895767211914,25.543720245361328,25.9364070892334,-0.4066202640533447,27.654530963636898,28.22521272569395,27.833747164685775,-0.5760597646909107
1919-01-16 12:00:00,24.652544021606445,25.097410202026367,26.426253671575715,28.30104006904857,22.2801513671875,21.39325714111328,24.2616125071853,23.590652465820312,18.687591552734375,24.054899703222958,27.24301528930664,24.81327247619629,26.504474639892578,-2.0086607933044434,27.45319713796328,28.128619788397746,27.821927660248093,-0.6829767385266816
1919-02-15 00:00:00,25.208181381225586,26.224632263183594,26.575819004475484,28.30433332344842,21.68294334411621,20.63730239868164,23.893265314799756,23.67334747314453,19.66996955871582,23.70185473926132,27.5603084564209,24.189544677734375,27.210481643676758,-3.1641721725463867,27.66138204841746,28.064100103764467,28.076692543399055,-0.4084184285653988
1919-03-16 12:00:00,26.34831428527832,27.13155746459961,26.821285641476642,28.324725347174173,21.535184860229492,20.498798370361328,23.96297287982828,23.753158569335938,19.57427406311035,23.819315257236816,28.05611228942871,24.122859954833984,27.194660186767578,-3.1187541484832764,28.326883010142083,28.484861921116757,28.610437457698858,-0.15624162521008328
1919-04-16 00:00:00,24.87086296081543,27.40410804748535,27.097575659375252,28.35719235130322,21.84255027770996,20.918733596801758,24.272868269759677,23.361169815063477,17.51148796081543,24.152833079386397,27.915563583374023,24.41122817993164,27.521381378173828,-2.634629964828491,29.175560943594924,28.895708762605878,29.080230809413226,0.290771146302047
1919-05-16 12:00:00,23.478431701660156,26.70651626586914,27.215256355200417,28.377023223586924,22.62094497680664,21.586191177368164,24.67366582060851,24.4580078125,15.263418197631836,24.558917482199377,27.466699600219727,24.82227325439453,26.95775604248047,-1.8380519151687622,29.041272212368792,28.955536704530957,28.614721489665683,0.09550265242752018
1919-06-16 00:00:00,22.456571578979492,26.128128051757812,27.147793394533146,28.364761078638253,23.836259841918945,22.530969619750977,25.200244723778823,24.387317657470703,13.221221923828125,25.123721143989954,26.661428451538086,25.334728240966797,26.168724060058594,-0.4825736880302429,27.672533361188155,28.747555460251988,27.373499306449574,-1.07896681775132
1919-07-16 12:00:00,21.282066345214844,25.82497787475586,26.913224149478552,28.34097687209539,24.9417724609375,23.512910842895508,25.894423538779346,25.32803726196289,12.143062591552734,25.660479745174797,25.87284278869629,26.049606323242188,25.278371810913086,0.8235695362091064,26.969238948570222,28.314090545143344,26.72143533203411,-1.3566293681483164
1919-08-16 12:00:00,20.29766845703125,24.660417556762695,26.558935601822114,28.308108663908577,25.52591896057129,24.230545043945312,26.601971522561573,26.21122932434082,11.831957817077637,26.21794938750307,25.498552322387695,26.418811798095703,24.515350341796875,1.9318238496780396,26.777256414862215,27.9239858461224,26.571323897810704,-1.1613007845448937
1919-09-16 00:00:00,20.0091552734375,24.103118896484375,26.375596947866185,28.2807568982468,26.005950927734375,24.822364807128906,27.12303461445644,26.52886390686035,12.210603713989258,26.781974037680357,25.55804443359375,27.099430084228516,24.533220291137695,2.3724546432495117,26.985236894544915,27.92298789423754,26.76540256583973,-0.9503174400963972
1919-10-16 12:00:00,21.832422256469727,24.938697814941406,26.32300682284152,28.28306887282416,25.62027931213379,24.68680191040039,27.08641611715981,26.733346939086914,13.087031364440918,26.970325490424614,25.917482376098633,27.111812591552734,25.15872573852539,2.075725793838501,27.54030292735375,28.091837648253758,27.216822865080722,-0.5583368027021207
1919-11-16 00:00:00,21.55851936340332,24.981353759765625,26.298238706712738,28.293967199154334,24.698938369750977,23.74115753173828,26.362876411193593,26.034282684326172,14.472458839416504,26.33927862278874,26.43524742126465,26.53783416748047,25.56268310546875,1.1205536127090454,27.859081375492785,28.207208545200675,27.675480354486556,-0.3515743721056894
1919-12-16 12:00:00,22.418060302734375,25.144092559814453,26.32288489172047,28.300212352147497,23.29635238647461,22.373149871826172,25.28641135423826,24.910423278808594,16.6485652923584,25.16546594703545,26.95895767211914,25.543720245361328,25.9364070892334,-0.4066202640533447,27.623749273379072,28.276765523981933,27.788007106371303,-0.6585670319127257
1920-01-16 12:00:00,24.652544021606445,25.000228881835938,26.430014662546128,28.300086155792563,22.211544036865234,21.266433715820312,24.304872880510562,23.77121353149414,18.687591552734375,24.106607721022478,27.24301528930664,24.62084197998047,26.504474639892578,-2.0086607933044434,27.42542496867529,28.047645888971953,27.778038560222363,-0.6302383046827813
1920-02-15 12:00:00,25.235754013061523,26.526180267333984,26.60541507151137,28.308069199821176,21.679597854614258,20.674592971801758,23.981972465826413,23.67334747314453,19.66996955871582,23.795651193238214,27.5603084564209,24.189544677734375,27.207799911499023,-2.860745906829834,27.66600045166478,28.026866354255596,28.083481551242514,-0.3666114837787928
1920-03-16 12:00:00,25.99820899963379,26.80077362060547,26.857087516232134,28.33153107881843,21.535184860229492,20.498798370361328,24.060344011904633,23.255237579345703,19.353193283081055,23.9062342035622,27.82523536682129,23.964202880859375,27.45438575744629,-3.392075300216675,28.324612924396003,28.55515355933894,28.61266891226053,-0.22865576340549654
1920-04-16 00:00:00,24.928258895874023,27.36526870727539,27.14865454163569,28.36545060744379,21.88994026184082,20.918733596801758,24.280346772851495,23.446044921875,17.51148796081543,24.142622086713132,27.898521423339844,24.41122817993164,27.51323699951172,-2.931858539581299,29.210827824924745,28.92945811279711,29.13511840317384,0.29271043540895225
1920-05-16 12:00:00,24.84676170349121,27.221603393554688,27.284783779461318,28.385747498375956,22.629926681518555,21.592281341552734,24.68921070302591,24.280750274658203,15.263418197631836,24.553397415946833,27.497955322265625,24.82227325439453,26.973276138305664,-1.9718657732009888,29.121578613638075,28.965598303262794,28.681344212766643,0.16654679223028673
1920-06-16 00:00:00,23.097816467285156,25.92013931274414,27.227074100524792,28.374967221952502,23.836259841918945,22.41815185546875,25.215570716854383,24.433578491210938,13.221221923828125,25.133722613412154,26.69890022277832,25.334728240966797,26.139585494995117,-0.5442663431167603,27.739141489297623,28.719199687309995,27.422410853748175,-0.9834284245131055
1920-07-16 12:00:00,21.540056228637695,25.623126983642578,27.03096113417692,28.352270121745512,24.9417724609375,23.512910842895508,25.911877544662847,25.32803726196289,12.180689811706543,25.67437700229307,25.937358856201172,26.066326141357422,25.367551803588867,0.8107947707176208,26.997744918455847,28.259711705452276,26.74416961930288,-1.2736005584464183
1920-08-16 12:00:00,22.058393478393555,25.246196746826172,26.728220070086923,28.32630536994412,25.477689743041992,24.24543571472168,26.614866144176194,26.236316680908203,11.831957817077637,26.230059536383315,25.515321731567383,26.418811798095703,24.515350341796875,1.9045597314834595,26.808312307458788,27.79619126506111,26.592647715739588,-1.0024587288986688
1920-09-16 00:00:00,21.910696029663086,24.896581649780273,26.569303047360897,28.307073601939088,26.005950927734375,24.822364807128906,27.094305215176195,26.627639770507812,12.210603713989258,26.749013785464072,25.55804443359375,26.912580490112305,24.533220291137695,2.3724546432495117,27.062472489241387,27.773095856935925,26.828774901986726,-0.7228058076619088
1920-10-16 12:00:00,21.06171226501465,24.723705291748047,26.520820087665516,28.314486682461812,25.761247634887695,24.68680191040039,27.078607419237596,26.733346939086914,12.841842651367188,26.961332357647066,25.98175811767578,27.111812591552734,25.06930923461914,2.088866949081421,27.609267363948387,28.03521832778644,27.25285282998211,-0.43222396397827073
1920-11-16 00:00:00,21.246347427368164,24.692893981933594,26.50202000655542,28.323843730753286,24.647727966308594,23.663333892822266,26.404275611376757,26.175006866455078,14.472458839416504,26.38050938519293,26.387733459472656,26.597620010375977,25.56268310546875,1.0751787424087524,27.9047070937211,28.17391486042799,27.691919265931148,-0.27229489508233284
1920-12-16 12:00:00,22.66237449645996,24.73133659362793,26.532092369891274,28.328695541373513,23.28140640258789,22.373149871826172,25.32952240136951,24.910423278808594,16.064722061157227,25.21465098467955,26.965394973754883,25.479475021362305,25.98204803466797,-0.4066202640533447,27.74272797147414,28.192197028146577,27.89135356924041,-0.454075439055136
1921-01-16 12:00:00,24.079530715942383,25.118188858032227,26.61188460980591,28.325572388840165,22.298173904418945,21.261308670043945,24.43849563157799,23.83063507080078,18.687591552734375,24.258070641013497,27.440141677856445,24.760692596435547,26.565649032592773,-1.8245550394058228,27.583984294206186,28.190889930760992,27.933034522600444,-0.6130472820530071
1921-02-15 00:00:00,25.413902282714844,26.028888702392578,26.758144977561816,28.33071347294065,21.62692642211914,20.692380905151367,24.101979358463183,23.115177154541016,19.66996955871582,23.920738440904238,27.776262283325195,24.189544677734375,27.210481643676758,-2.63126540184021,27.784042367449633,28.231138252002122,28.18675001528134,-0.45120962224958067
1921-03-16 12:00:00,26.290164947509766,26.508651733398438,26.99414723112669,28.349412485444923,21.535184860229492,20.498798370361328,24.152910979436218,23.429075241088867,19.353193283081055,23.998037527014958,27.83255386352539,24.323131561279297,27.194660186767578,-3.387927293777466,28.43778917076649,28.721529861426813,28.72612420974369,-0.2803623148521958
1921-04-16 00:00:00,24.990556716918945,27.277137756347656,27.263168083164196,28.379164957456855,21.899303436279297,20.83147430419922,24.46425360924124,23.492321014404297,17.51148796081543,24.33354195446256,27.96614646911621,24.64278793334961,27.521381378173828,-3.2509500980377197,29.28482553335032,29.065915318505308,29.189933284232367,0.2312941671145906
1921-05-16 12:00:00,24.01780891418457,26.976428985595703,27.379258203161367,28.400536319050772,22.613950729370117,21.682388305664062,24.876472324898035,23.976726531982422,14.710762023925781,24.74583457388144,27.56351089477539,25.25090980529785,26.97899627685547,-1.833736538887024,29.167994036253305,29.08291798036529,28.72104751006177,0.09637341021751299
1921-06-16 00:00:00,22.9538631439209,26.546178817749023,27.314087077737035,28.386627273720848,23.75831413269043,22.5837345123291,25.3712663448794,24.49696922302246,13.170830726623535,25.24922219668028,26.67687225341797,25.642518997192383,26.101144790649414,-0.5237483978271484,27.802323252368954,28.780882321307818,27.48102984880477,-0.981170761556291
1921-07-16 12:00:00,21.73541831970215,25.713258743286133,27.076673300947366,28.36042447682352,25.01675033569336,23.440156936645508,26.034815327117695,25.32803726196289,12.123163223266602,25.77467845616706,25.976518630981445,26.072223663330078,25.26673698425293,0.814570426940918,27.037259417531057,28.312199551982832,26.782465737179606,-1.2860659676750772
1921-08-16 12:00:00,20.923564910888672,25.314191818237305,26.742580245274176,28.32878782416201,25.477689743041992,24.24543571472168,26.701403026819914,26.226497650146484,11.831957817077637,26.31607430958522,25.53717613220215,26.511396408081055,24.79244041442871,1.9318238496780396,26.81204904175141,27.84442817869652,26.599238397294997,-1.0468065287139257
1921-09-16 00:00:00,20.912822723388672,24.43143081665039,26.56978323378827,28.306985501387825,25.996496200561523,24.837100982666016,27.18785090255683,26.639299392700195,12.210603713989258,26.8541319637255,25.574813842773438,26.9687442779541,24.435983657836914,2.3409669399261475,27.032081601769487,27.771923814474395,26.80411096298748,-0.7523207958550595
1921-10-16 12:00:00,20.969738006591797,24.72865104675293,26.535761934583213,28.31316483608194,25.761247634887695,24.67206573486328,27.113363759506182,26.733346939086914,12.901551246643066,26.998717680462995,25.949092864990234,27.111812591552734,25.15872573852539,2.1266531944274902,27.649556464417692,27.98180636411613,27.26490420837225,-0.33826284362942277
1921-11-16 00:00:00,21.246347427368164,24.692893981933594,26.48297566345662,28.323415405189706,24.716655731201172,23.729095458984375,26.371187639492074,26.034282684326172,14.472458839416504,26.346360144057456,26.51082992553711,26.53783416748047,25.56268310546875,1.1095385551452637,27.950140891757982,28.16401916262153,27.69683915050889,-0.21655075755468464
1921-12-16 12:00:00,22.670381546020508,24.73133659362793,26.500411771296633,28.32580618407524,23.29635238647461,22.44556427001953,25.337259204569705,24.910423278808594,16.064722061157227,25.21035545596324,26.992822647094727,25.566743850708008,26.216981887817383,-0.4066202640533447,27.741820595946212,28.306278727381176,27.875112825163047,-0.5687981841347021
1922-01-16 12:00:00,24.13361930847168,25.118188858032227,26.570873053327254,28.317979735404503,22.210657119750977,21.211259841918945,24.44461403293579,24.10307502746582,18.727922439575195,24.252401193920733,27.3719425201416,24.733800888061523,26.529016494750977,-1.9398878812789917,27.59614984949564,28.1424189697909,27.946859347652378,-0.5524102290673543
1922-02-15 00:00:00,25.235754013061523,26.028888702392578,26.722726030647443,28.320888194182743,21.63442611694336,20.674592971801758,24.116726441513226,23.12801170349121,19.66996955871582,23.926221804606712,27.776262283325195,24.189544677734375,27.29697608947754,-2.919828414916992,27.867798877310335,28.23446045951772,28.291339000411288,-0.3699589348001237
1922-03-16 12:00:00,26.49989128112793,26.76202964782715,26.93920710718796,28.342178793126507,21.540191650390625,20.65273094177246,24.25686317763966,23.1184139251709,19.57427406311035,24.104223639473226,27.9565486907959,23.910572052001953,27.618213653564453,-3.565444231033325,28.464195358043742,28.801926628092982,28.74126327204321,-0.33390417334440364
1922-04-16 00:00:00,24.87086296081543,27.140888214111328,27.20252116133266,28.37312472657002,21.88993263244629,20.950387954711914,24.52534466473562,23.434734344482422,17.53699493408203,24.39571860906794,27.75951385498047,24.514387130737305,27.616069793701172,-3.2318637371063232,29.302273397690747,29.08260362931896,29.203148453104873,0.23226235915605195
1922-05-16 12:00:00,23.913013458251953,26.757612228393555,27.289550653009954,28.38842350131797,22.634130477905273,21.54276466369629,24.916674850227217,24.318965911865234,14.710762023925781,24.79325297394862,27.556121826171875,25.223081588745117,26.97899627685547,-2.15287184715271,29.16095148537148,29.125861595936225,28.70657877863925,0.04642282342404463
1922-06-16 00:00:00,22.42548370361328,26.184480667114258,27.205463839336367,28.373001513319114,24.38745880126953,23.05469512939453,25.41949998147651,24.429672241210938,13.221221923828125,25.33652134622252,26.69890022277832,25.642518997192383,26.168724060058594,-0.5888566374778748,27.746864903255027,28.863537255433812,27.43075421895058,-1.119619992605503
1922-07-16 12:00:00,21.3946590423584,25.214019775390625,26.951943365969186,28.34522649273259,24.8828182220459,23.4872989654541,26.091616494440725,25.335344314575195,12.171554565429688,25.852792116511566,25.937358856201172,26.23319435119629,25.278371810913086,0.8022857904434204,27.035261959947785,28.389001776880193,26.768484426396448,-1.3646997340261955
1922-08-16 12:00:00,20.58770751953125,24.52075958251953,26.60676005276863,28.310559510100834,25.477689743041992,24.29730224609375,26.754146540714206,26.182987213134766,11.882959365844727,26.368470292489846,25.498552322387695,26.511396408081055,24.418113708496094,1.8988797664642334,26.819207625302795,27.91500026837471,26.608981254570303,-1.1099807722054005
1922-09-16 00:00:00,20.31406021118164,24.689990997314453,26.439741714191598,28.287130124159837,26.005950927734375,24.822364807128906,27.193177242242907,26.489013671875,12.210603713989258,26.8444210592071,25.55804443359375,27.14275360107422,24.533220291137695,2.3724546432495117,27.052593062033715,27.879042207063637,26.82279468120901,-0.8384714657936507
1922-10-16 12:00:00,20.77513885498047,24.48560905456543,26.408542416578527,28.294571065327403,25.67896842956543,24.734159469604492,27.14742446834359,26.769746780395508,13.28554916381836,27.009242909179846,25.91993522644043,27.111812591552734,25.15872573852539,2.0691049098968506,27.599832604913885,28.04876182949285,27.24943005097817,-0.4552606264163229
1922-11-16 00:00:00,21.390052795410156,24.298585891723633,26.363253179600008,28.304301679712836,24.698938369750977,23.690176010131836,26.436056889809553,26.175006866455078,14.472458839416504,26.396491667896854,26.514089584350586,26.597620010375977,25.56268310546875,1.0751787424087524,27.90612854379212,28.156521187469885,27.682420041600263,-0.25350799462567025
1922-12-16 12:00:00,22.566726684570312,24.750276565551758,26.4088144224255,28.3095386910032,23.29635238647461,22.44556427001953,25.352747004234413,24.99164390563965,17.00075340270996,25.22535385910915,26.976346969604492,25.637365341186523,25.98204803466797,-0.38913795351982117,27.746921687822642,28.338736745393764,27.907055081285073,-0.5960276106018847
1923-01-16 12:00:00,24.079530715942383,25.85572052001953,26.489364103970836,28.305565432200325,22.216228485107422,21.20364761352539,24.437304499757353,24.208086013793945,18.747570037841797,24.244812808516848,27.190021514892578,24.733800888061523,26.504474639892578,-1.8245550394058228,27.565900795011753,28.22926359144873,27.920821862934783,-0.6695864433703695
1923-02-15 00:00:00,25.413902282714844,25.820310592651367,26.640038948287383,28.306522236124998,21.679597854614258,20.745210647583008,24.04768014381975,23.67334747314453,19.66996955871582,23.85938260328036,27.672466278076172,24.189544677734375,27.210481643676758,-2.8879997730255127,27.75015363925676,28.215583948906634,28.136001743356427,-0.4699086300633809
1923-03-16 12:00:00,26.49989128112793,26.992870330810547,26.87383428758412,28.32756211522327,21.535184860229492,20.498798370361328,24.078781497000676,23.255237579345703,19.34304428100586,23.9308791708266,28.005590438842773,23.891233444213867,27.194660186767578,-3.1853580474853516,28.41203255409611,28.663375855461023,28.707651587124058,-0.24835374277798483
1923-04-16 00:00:00,24.928258895874023,27.35618019104004,27.117582690562315,28.356403044639666,21.88994026184082,20.918733596801758,24.374385344833886,23.5737361907959,17.51148796081543,24.243721392071997,27.898521423339844,24.594865798950195,27.521381378173828,-3.321370840072632,29.263330514802828,29.022249341817453,29.170378357157137,0.2531523739978061
1923-05-16 12:00:00,23.588151931762695,26.70651626586914,27.20392620791506,28.373430891658135,22.688642501831055,21.421316146850586,24.73995075378953,23.998397827148438,15.263418197631836,24.599836139194295,27.462236404418945,24.964506149291992,26.973276138305664,-1.833736538887024,29.074771181868737,29.051598103964707,28.64587886631761,0.033495171633321955
1923-06-16 00:00:00,22.532358169555664,26.12518882751465,27.140528776333312,28.362219141087262,23.866865158081055,22.558372497558594,25.281489005116942,24.433578491210938,13.221221923828125,25.191364827108565,26.661428451538086,25.334728240966797,26.139585494995117,-0.5888566374778748,27.723096606177542,28.87200897688486,27.42411425319124,-1.1520689823470465
1923-07-16 12:00:00,22.59046173095703,25.865781784057617,26.877353002452267,28.332997710409288,24.9417724609375,23.50360870361328,25.961936895212848,25.32803726196289,12.180689811706543,25.703084666642717,25.87284278869629,26.066326141357422,25.367551803588867,0.8107947707176208,26.947747709446432,28.458238348060217,26.68624174680458,-1.5221282463137318
1923-08-16 12:00:00,20.29766845703125,24.53567886352539,26.495291655633256,28.296245694796625,25.477689743041992,24.24543571472168,26.641590817961298,26.236316680908203,11.92042064666748,26.24265088904162,25.498552322387695,26.418811798095703,24.515350341796875,1.9045597314834595,26.71648893991759,28.06028611035612,26.508080190618056,-1.3586263565258936
1923-09-16 00:00:00,20.032543182373047,24.39594268798828,26.323994645868652,28.270769659488067,26.02185821533203,24.90114974975586,27.13535655465134,26.589500427246094,12.210603713989258,26.773442976987724,25.55804443359375,27.099430084228516,24.533220291137695,2.3724546432495117,26.950176187042082,28.04983292971808,26.74002683538103,-1.1122557071115284
1923-10-16 12:00:00,20.624404907226562,24.938697814941406,26.268845730477878,28.273755395007026,25.640254974365234,24.673330307006836,27.053961933155524,26.7244873046875,13.380066871643066,26.906909044473153,25.899450302124023,26.99652671813965,25.04902458190918,2.088866949081421,27.51216627104314,28.156012621692174,27.1796597180694,-0.6507652465652496
1923-11-16 00:00:00,21.566537857055664,24.981353759765625,26.249897930684284,28.284363067726627,24.542823791503906,23.729095458984375,26.328299890605603,26.096956253051758,14.472458839416504,26.28094282906718,26.33643341064453,26.53783416748047,25.56268310546875,1.0983233451843262,27.843287486213605,28.183620901566147,27.641100834246632,-0.34398992944126744
1923-12-16 12:00:00,23.486799240112305,25.144092559814453,26.298717276868167,28.294446213406783,23.35769271850586,22.54556655883789,25.266739921007375,24.910423278808594,17.05849266052246,25.125113742146915,26.95895767211914,25.208677291870117,25.98204803466797,-0.4066202640533447,27.650864616034212,28.248607742341967,27.80618625127754,-0.603100101805705
1924-01-16 12:00:00,24.296051025390625,24.93570899963379,26.39629200437583,28.29398617045819,22.2801513671875,21.40449333190918,24.32995811256817,23.682706832885742,18.747570037841797,24.10889032166343,27.28338050842285,24.324426651000977,26.565649032592773,-1.9398878812789917,27.446011818354904,28.14661749011746,27.77895174697084,-0.7081857106437417
1924-02-15 12:00:00,25.235754013061523,26.61815643310547,26.560309610623264,28.298141787359263,21.62683868408203,20.413633346557617,23.93464706513565,23.67334747314453,19.66996955871582,23.725763722327386,27.6308536529541,24.189544677734375,27.210481643676758,-3.310896873474121,27.650736502209117,28.105095403574854,28.031453656614435,-0.46006316716696555
1924-03-16 12:00:00,25.858680725097656,26.83167266845703,26.81448818396597,28.31980659374728,21.535184860229492,20.498798370361328,23.988584241518073,23.753158569335938,19.34304428100586,23.83043176556324,28.05611228942871,24.122859954833984,27.194660186767578,-3.1293718814849854,28.320445784842395,28.530767021146264,28.58675942804682,-0.208535387513437
1924-04-16 00:00:00,24.928258895874023,27.318639755249023,27.113176890888752,28.353712214451402,21.88994026184082,20.918733596801758,24.273413020717854,23.25522232055664,17.51148796081543,24.139693136128997,27.915563583374023,24.27651023864746,27.51323699951172,-2.694685220718384,29.189025227502487,28.920633987600382,29.075371311814905,0.2795002581017523
1924-05-16 12:00:00,23.775955200195312,26.6977596282959,27.21579948458928,28.376555315252226,22.657106399536133,21.688610076904297,24.650920698763322,23.9512939453125,15.263418197631836,24.496975543128585,27.462236404418945,25.091079711914062,26.833234786987305,-1.8958892822265625,29.057462758719275,28.984725205658755,28.61082952696382,0.08273134311432215
1924-06-16 00:00:00,22.52968406677246,26.184480667114258,27.1686100342744,28.366518807563008,23.683778762817383,22.73311996459961,25.185867777571858,24.387317657470703,13.141417503356934,25.064177111344044,26.661428451538086,25.628786087036133,26.1341609954834,-0.5444462299346924,27.764407897696014,28.75348125681047,27.419080194158955,-0.9921170636529508
1924-07-16 12:00:00,21.941537857055664,25.39443588256836,26.95566503989118,28.340824927981046,24.941303253173828,23.292959213256836,25.865245771982966,25.32803726196289,12.143062591552734,25.596780417402307,25.869050979614258,26.049606323242188,25.367551803588867,0.8200138211250305,26.972753733946497,28.305343484518925,26.71338420800308,-1.344354691210348
1924-08-16 12:00:00,20.571428298950195,24.52075958251953,26.614748900157366,28.30819031122044,25.52591896057129,24.163633346557617,26.55178178449118,26.174598693847656,11.92042064666748,26.148381187643523,25.498552322387695,26.418811798095703,24.515350341796875,1.9318238496780396,26.741471523214486,27.880157814279382,26.535228235590825,-1.153708704785243
1924-09-16 00:00:00,20.31406021118164,24.52396583557129,26.44831233626985,28.287699947118327,25.807661056518555,24.8185977935791,27.045733652240333,26.582380294799805,12.210603713989258,26.691961407029417,25.55804443359375,26.912580490112305,24.533220291137695,2.3409669399261475,26.945547714740982,27.86280099227278,26.72783454981772,-0.9303479069568454
1924-10-16 12:00:00,20.77513885498047,24.323392868041992,26.386435209523782,28.289707053428536,25.672245025634766,24.91983413696289,26.987387990316872,26.7244873046875,13.329190254211426,26.85756840086185,25.917482376098633,26.99652671813965,25.04902458190918,2.0691049098968506,27.512734038316854,28.04281362769039,27.145117688521125,-0.5372659642121043
1924-11-16 00:00:00,21.297618865966797,24.236217498779297,26.372329068142506,28.30504734960972,24.716655731201172,23.729095458984375,26.29410947647374,26.096956253051758,14.472458839416504,26.266023503048196,26.514089584350586,26.53783416748047,25.56268310546875,1.0983233451843262,27.821741770439573,28.20152687638502,27.5597712664134,-0.38360639106976313
1924-12-16 12:00:00,22.566726684570312,24.89896583557129,26.424872627158862,28.31186097225774,23.29635238647461,22.44556427001953,25.234235358341362,24.853607177734375,17.05849266052246,25.105653441489373,26.996429443359375,25.807950973510742,25.98204803466797,-0.4066202640533447,27.6968976011226,28.265540966441502,27.83559712464367,-0.5735152230420575
1925-01-16 12:00:00,24.3891544342041,25.773805618286133,26.535866964843585,28.311315399280648,22.19403648376465,21.215518951416016,24.325481529354146,23.818700790405273,18.687591552734375,24.132038272702047,27.21187973022461,24.392820358276367,26.504474639892578,-1.9492521286010742,27.5190639799919,28.157774938805108,27.859087482171095,-0.6455590321293272
1925-02-15 00:00:00,25.304216384887695,26.055152893066406,26.69623682447706,28.31524925194776,21.679597854614258,20.745210647583008,23.982637428396767,23.67334747314453,19.66996955871582,23.79304273143145,27.745452880859375,24.189544677734375,27.210481643676758,-3.2023086547851562,27.74407067245254,28.1401712402208,28.154741879920053,-0.4008194417938755
1925-03-16 12:00:00,25.858680725097656,26.854551315307617,26.914725331156653,28.338686178167706,21.535184860229492,20.498798370361328,24.04350897910335,23.753158569335938,19.353193283081055,23.87759606610537,27.973590850830078,24.417293548583984,27.46631622314453,-3.1293718814849854,28.390682999101767,28.621710452181397,28.665219982885706,-0.22834441779371872
1925-04-16 00:00:00,24.990556716918945,27.140888214111328,27.191286488236365,28.37019373913445,21.85004997253418,20.918733596801758,24.357806365917746,23.58251953125,17.51148796081543,24.223139043285705,27.908994674682617,24.506689071655273,27.51323699951172,-3.321370840072632,29.238228834076466,28.981840868075768,29.134560284998262,0.268119461005101
1925-05-16 12:00:00,24.01780891418457,27.16472625732422,27.31641296457159,28.39009077862293,22.688642501831055,21.688610076904297,24.7225813058698,24.186506271362305,14.710762023925781,24.567536768681613,27.556121826171875,24.79044532775879,26.833234786987305,-2.15287184715271,29.074500189710044,29.01859284437492,28.668257280879857,0.06614723742888116
1925-06-16 00:00:00,22.66609001159668,26.418720245361328,27.254179769340027,28.378588340787847,23.75831413269043,22.558372497558594,25.23502097540873,24.433578491210938,13.221221923828125,25.129075090134506,26.602148056030273,25.334728240966797,26.13835906982422,-0.6818781495094299,27.773011449644077,28.73874618319488,27.475334079456765,-0.9687309320282238
1925-07-16 12:00:00,21.540056228637695,25.667062759399414,27.048019133714885,28.351601940027646,24.9417724609375,23.440156936645508,25.929768190140752,25.32803726196289,12.171554565429688,25.67333966132084,25.92568016052246,26.066326141357422,25.367551803588867,0.8901957273483276,27.051048990908427,28.230273500932817,26.794930055418956,-1.1904148031894033
1925-08-16 12:00:00,21.53565216064453,25.246196746826172,26.722197181373474,28.322326702489644,25.477689743041992,24.230545043945312,26.637789866428097,26.296306610107422,11.92042064666748,26.2450668207237,25.515321731567383,26.418811798095703,24.515350341796875,1.9209504127502441,26.843426927822225,27.789575666841465,26.629168972835703,-0.9604055545977006
1925-09-16 00:00:00,20.406200408935547,24.765607833862305,26.544959121225684,28.299751541283264,26.005950927734375,24.884458541870117,27.128389374617928,26.52886390686035,12.210603713989258,26.78193977059047,25.55804443359375,27.099430084228516,24.533220291137695,2.4281091690063477,27.07947278551744,27.789670043192608,26.852056055202695,-0.722175654012235
1925-10-16 12:00:00,21.3712215423584,24.557682037353516,26.48863779835424,28.304818299956434,25.656156539916992,24.749549865722656,27.077347056032846,26.733346939086914,13.352996826171875,26.947070460236972,25.943769454956055,27.111812591552734,25.05527114868164,2.197967290878296,27.691342384848134,27.994734516534475,27.31756829982933,-0.3089706057979219
1925-11-16 00:00:00,21.246347427368164,24.803653717041016,26.456622139159872,28.314497072072474,24.698938369750977,23.729095458984375,26.354232326658146,26.034282684326172,14.472458839416504,26.315564665501604,26.4419002532959,26.53783416748047,25.579191207885742,1.0751787424087524,27.947510454697227,28.159024261285733,27.73663848044896,-0.21422372518109728
1925-12-16 12:00:00,22.670381546020508,24.534385681152344,26.464337129464532,28.319864433638067,23.29635238647461,22.520389556884766,25.320738995067043,24.910423278808594,16.064722061157227,25.18204378340208,26.965394973754883,25.566743850708008,25.987945556640625,-0.38913795351982117,27.73183973188841,28.29545824813313,27.895190624512487,-0.5680809906567199
1926-01-16 12:00:00,24.079530715942383,25.773805618286133,26.539020736983385,28.31697210429135,22.216228485107422,21.266433715820312,24.4467407782512,24.208086013793945,18.727922439575195,24.242322433126276,27.440141677856445,24.733800888061523,26.565649032592773,-1.8245550394058228,27.569682886303145,28.240561466323086,27.938552907086866,-0.6770384814146477
1926-02-15 00:00:00,25.413902282714844,25.759084701538086,26.665572893254204,28.321936876201796,21.679597854614258,20.745210647583008,24.057504111446494,23.67334747314453,19.66996955871582,23.861811713650873,27.745452880859375,24.189544677734375,27.210481643676758,-3.170949935913086,27.77657351633595,28.263385433267207,28.185940557012565,-0.4909199818961851
1926-03-16 12:00:00,25.858680725097656,26.929147720336914,26.926414219330848,28.3400930987265,21.535184860229492,20.498798370361328,24.119898630486784,23.306476593017578,19.353193283081055,23.968295554444296,27.948894500732422,24.36864471435547,27.550600051879883,-3.067619562149048,28.422857564666664,28.640816157112663,28.704761646682623,-0.21491895509107656
1926-04-16 00:00:00,24.898435592651367,27.140888214111328,27.18778609833966,28.368055739016174,21.88994026184082,20.824432373046875,24.377809390811287,23.5737361907959,17.51148796081543,24.233657454897447,27.908994674682617,24.351806640625,27.51323699951172,-3.2318637371063232,29.287776270560634,29.03112118772581,29.19941595321232,0.2689836143862317
1926-05-16 12:00:00,23.547517776489258,26.86040496826172,27.305983618444536,28.387736182205852,22.716245651245117,21.708112716674805,24.730981100405238,24.186506271362305,15.263418197631836,24.56881054387489,27.497955322265625,24.79044532775879,26.833234786987305,-1.8470027446746826,29.156539057749004,29.03271691258699,28.754676142829958,0.13488789129175796
1926-06-16 00:00:00,22.413619995117188,25.769664764404297,27.24006154039092,28.37575730853994,23.75831413269043,22.55083656311035,25.237163066745083,24.387317657470703,13.141417503356934,25.123179245428446,26.682912826538086,25.334728240966797,26.1341609954834,-0.5091818571090698,27.75490950015131,28.800794033663045,27.4784937701041,-1.048905825508665
1926-07-16 12:00:00,21.3946590423584,25.39443588256836,26.99531707467309,28.349119062156074,24.9417724609375,23.512910842895508,25.940658482896968,25.32803726196289,12.338908195495605,25.678431957728776,25.937358856201172,26.066326141357422,25.367551803588867,0.8107947707176208,27.05700951124648,28.406044569838173,26.806852814017365,-1.3597439840628378
1926-08-16 12:00:00,20.58770751953125,24.52075958251953,26.66228084549894,28.318726511583836,25.477689743041992,24.24543571472168,26.637987192911606,26.198644638061523,11.854264259338379,26.242475197556857,25.515321731567383,26.418811798095703,24.515350341796875,1.8988797664642334,26.826399448488456,27.960199342034926,26.61861691223937,-1.1478096216308002
1926-09-16 00:00:00,20.31406021118164,24.689990997314453,26.488705180440085,28.296238460950754,26.005950927734375,24.89984893798828,27.10404146989463,26.627639770507812,12.210603713989258,26.76860483202656,25.55804443359375,27.099430084228516,24.533220291137695,2.3409669399261475,27.01939591130462,27.9360320424332,26.804730585015466,-0.9288414329119374
1926-10-16 12:00:00,20.668161392211914,24.57680892944336,26.458884761587107,28.30075293357431,25.656156539916992,24.749549865722656,27.05267636782745,26.7244873046875,13.247735023498535,26.938639391905305,25.996408462524414,26.99652671813965,25.15872573852539,2.1365966796875,27.57963150277094,28.124518205038836,27.251601879833565,-0.551230401946212
1926-11-16 00:00:00,21.390052795410156,24.45915412902832,26.440981699904636,28.313010297974248,24.716655731201172,23.729095458984375,26.358310205548502,26.034282684326172,14.472458839416504,26.326190910841987,26.4419002532959,26.53783416748047,25.56268310546875,1.1095385551452637,27.901488994823396,28.20262503801946,27.720068510616883,-0.3041850016319184
1926-12-16 12:00:00,22.566726684570312,24.523487091064453,26.468639574929387,28.316232713450738,23.27680206298828,22.498889923095703,25.31017454310801,24.910423278808594,17.05849266052246,25.184437982112286,26.965394973754883,25.566743850708008,26.209741592407227,-0.4066202640533447,27.718230186264986,28.237384911444494,27.899420748646524,-0.5238885850907271
1927-01-16 12:00:00,24.079530715942383,25.118188858032227,26.570519080644075,28.316446517455184,22.216228485107422,21.215518951416016,24.405032922529156,23.912050247192383,18.687591552734375,24.20692081959661,27.440141677856445,24.808605194091797,26.504474639892578,-1.9398878812789917,27.534216964506754,28.23160432311408,27.888589078439576,-0.7039111571224492
1927-02-15 00:00:00,25.413902282714844,26.028888702392578,26.712388367505035,28.318674596997706,21.679597854614258,20.674592971801758,24.07683686960375,23.67334747314453,19.66996955871582,23.87854524700743,27.730409622192383,24.189544677734375,27.29697608947754,-3.2023086547851562,27.801289564533146,28.258981082368763,28.21971217470029,-0.46157165666556205
1927-03-16 12:00:00,26.16668128967285,26.76202964782715,26.931630340898387,28.338980558384847,21.535184860229492,20.498798370361328,24.157695448313227,23.3759822845459,19.34304428100586,23.99646838254273,27.976947784423828,24.36864471435547,27.40035057067871,-3.066847085952759,28.424511528184592,28.678530252247945,28.713116610940464,-0.2508721828560766
1927-04-16 00:00:00,25.34459686279297,27.260019302368164,27.208070154668025,28.372562977909276,21.88993263244629,20.917831420898438,24.489663952103196,23.777435302734375,17.51148796081543,24.355741630228543,27.921283721923828,24.576688766479492,27.52729034423828,-3.0966782569885254,29.290427795696328,28.992551814179034,29.19910693437857,0.3101371012024309
1927-05-16 12:00:00,24.84676170349121,26.940343856811523,27.322846368823512,28.390518609138905,22.629926681518555,21.682388305664062,24.834087673786776,24.05770492553711,15.263418197631836,24.68132779992318,27.56351089477539,25.179208755493164,26.973276138305664,-1.8470027446746826,29.172509586629932,29.064969403261273,28.74589749641789,0.11883783972015305
1927-06-16 00:00:00,23.097816467285156,26.33104133605957,27.249449181577273,28.378953185779636,23.836259841918945,22.530969619750977,25.328989060916935,24.461185455322266,13.221221923828125,25.23095211076331,26.67687225341797,25.334728240966797,26.17710304260254,-0.5091818571090698,27.755748021437856,28.826859630346377,27.443483738775686,-1.0740619555050601
1927-07-16 12:00:00,21.540056228637695,25.638744354248047,27.021238948280704,28.354092894402445,24.892953872680664,23.476198196411133,26.024436264569882,25.32803726196289,12.234200477600098,25.77897268197772,25.976518630981445,26.066326141357422,25.278371810913086,0.8107947707176208,27.014016985778607,28.39837077005764,26.7382404455261,-1.3954961551803988
1927-08-16 12:00:00,22.058393478393555,25.42884635925293,26.685804297334613,28.32182550333341,25.77285385131836,24.62485122680664,26.746387014345633,26.226497650146484,11.92042064666748,26.376325186059198,25.53717613220215,26.511396408081055,24.418113708496094,1.9209504127502441,26.824221013388488,27.968187504149707,26.596065187999802,-1.1579779819712792
1927-09-16 00:00:00,21.74736976623535,25.125627517700195,26.50454443568255,28.29761141714143,26.4470157623291,25.36428451538086,27.245375629836207,26.687131881713867,12.210603713989258,26.94946853475259,25.574813842773438,26.9687442779541,24.533220291137695,2.4281091690063477,27.032321606533593,27.95133672073544,26.81190181019351,-0.9310587594686426
1927-10-16 12:00:00,21.06171226501465,24.557682037353516,26.479903082718153,28.30314074601108,25.900829315185547,25.136978149414062,27.204402956900243,26.80569839477539,13.271702766418457,27.133192898741633,25.8397274017334,27.147014617919922,25.15872573852539,2.1036932468414307,27.593292803993176,28.13373269574981,27.24763779698106,-0.5466295206084708
1927-11-16 00:00:00,21.246347427368164,24.45915412902832,26.43028374108549,28.31296191761478,24.818078994750977,23.74115753173828,26.481034965362472,26.162250518798828,14.472458839416504,26.482184490133733,26.448087692260742,26.597620010375977,25.56268310546875,1.0751787424087524,27.931709310130262,28.217455145900942,27.723698269355857,-0.28846736336514583
1927-12-16 12:00:00,22.725936889648438,24.55332374572754,26.456731302555355,28.316328571674422,23.396841049194336,22.373149871826172,25.44929354685312,25.258132934570312,17.05849266052246,25.34554862533163,26.965394973754883,25.617076873779297,25.9364070892334,-0.38913795351982117,27.729612998024155,28.34634461088459,27.88524838317768,-0.6210928753703422
1928-01-16 12:00:00,23.97340965270996,25.502098083496094,26.540590143925883,28.315867263460092,22.210657119750977,21.261308670043945,24.542009147789482,23.866268157958984,18.687591552734375,24.34996581211631,27.440141677856445,24.57559585571289,26.504474639892578,-1.5824276208877563,27.53161115438154,28.22747892409611,27.85395479458392,-0.7024266657986289
1928-02-15 12:00:00,25.304216384887695,25.918119430541992,26.705976835177136,28.31734913644384,21.62692642211914,20.692380905151367,24.167952211092445,23.12801170349121,19.66996955871582,23.972968048255552,27.745452880859375,24.483978271484375,27.207799911499023,-3.123091220855713,27.767048812621468,28.13121928178288,28.16924369977203,-0.3686891561607964
1928-03-16 12:00:00,26.324047088623047,26.508651733398438,26.95043687106888,28.338375536962573,21.672779083251953,20.609712600708008,24.309890164197427,23.367088317871094,19.353193283081055,24.15105812674137,27.9565486907959,24.454988479614258,27.46631622314453,-3.1716203689575195,28.44306797532366,28.64240619614996,28.715361776692994,-0.19609968902567754
1928-04-16 00:00:00,24.990556716918945,27.29039764404297,27.21342805901301,28.3717209811093,21.945890426635742,20.981983184814453,24.629053868580087,23.884109497070312,17.51148796081543,24.499303730438584,28.129518508911133,24.681467056274414,27.521381378173828,-3.0659334659576416,29.327533527474394,28.977182915378748,29.252890448412032,0.36293279768198605
1928-05-16 12:00:00,24.01780891418457,27.154037475585938,27.308279993713633,28.391779477573127,22.617509841918945,21.596942901611328,24.92719855415179,24.237600326538086,15.5451021194458,24.790083787046015,27.556121826171875,25.233856201171875,26.95775604248047,-2.1596570014953613,29.175188728051282,29.01200190556228,28.721339695895455,0.17438261506334501
1928-06-16 00:00:00,22.822460174560547,26.059782028198242,27.243141066175337,28.379468568592955,23.832168579101562,22.530969619750977,25.38584238819776,24.50687026977539,13.26865005493164,25.300163622788546,26.67687225341797,25.642518997192383,26.139585494995117,-0.6717458963394165,27.804861231690126,28.72117195971013,27.488653578025104,-0.9190419060234187
1928-07-16 12:00:00,21.759117126464844,25.39443588256836,26.994796184627955,28.353312929736017,24.91099739074707,23.50360870361328,26.035834490643193,25.32803726196289,12.338908195495605,25.80450671538224,25.92568016052246,26.13339614868164,25.278371810913086,0.8107947707176208,27.054172243806526,28.206072982734078,26.79525234433963,-1.1631192432156716
1928-08-16 12:00:00,20.630815505981445,24.52075958251953,26.617473644246758,28.31764978638084,25.501081466674805,24.3717098236084,26.727312039771068,26.226497650146484,11.78357219696045,26.355925577369476,25.515321731567383,26.511396408081055,24.751108169555664,1.9218802452087402,26.830463941888375,27.753691351943534,26.630323288751864,-0.9376958660987136
1928-09-16 00:00:00,20.74144172668457,24.52396583557129,26.443862068813754,28.290755764268226,26.082054138183594,24.846017837524414,27.192441626414247,26.489013671875,12.210603713989258,26.877087499356733,25.55804443359375,27.134525299072266,24.533220291137695,2.3409669399261475,27.0769718244532,27.759264076411647,26.86123769070186,-0.6943681047091459
1928-10-16 12:00:00,20.77513885498047,24.173768997192383,26.386160702664668,28.295292554048928,25.78449821472168,25.118946075439453,27.172270779490564,26.631120681762695,13.329190254211426,27.07723338505985,25.996408462524414,27.276273727416992,25.15872573852539,2.075725793838501,27.668592172763567,28.033828414083782,27.310457477833932,-0.3709400208293193
1928-11-16 00:00:00,21.367177963256836,24.981353759765625,26.35589512866131,28.3056282451841,24.80812644958496,23.814226150512695,26.51274558839094,26.421733856201172,14.472458839416504,26.504363805048314,26.4841251373291,26.660125732421875,25.56268310546875,1.0751787424087524,27.997604537153922,28.209437180322304,27.779743534263336,-0.2139375182150406
1928-12-16 12:00:00,23.486799240112305,24.473102569580078,26.360560954814673,28.309397032855546,23.43692398071289,22.42987823486328,25.43813169165308,25.258132934570312,16.6485652923584,25.317347746848675,26.954099655151367,25.475868225097656,26.209741592407227,-0.4066202640533447,27.80272995946059,28.30858184113822,27.973446090669455,-0.5095985153878562
1929-01-16 12:00:00,24.296051025390625,25.000228881835938,26.44043784470444,28.30608852985896,22.415428161621094,21.261308670043945,24.466347802805924,23.83063507080078,18.687591552734375,24.272666238305355,27.190021514892578,24.808605194091797,26.504474639892578,-1.863720178604126,27.60399530199665,28.257291218814732,27.97303953299085,-0.6590843119035901
1929-02-15 00:00:00,25.208181381225586,26.61815643310547,26.57838115918475,28.309326036456987,21.706567764282227,20.692380905151367,24.073315765846225,23.67334747314453,19.66996955871582,23.884052682105256,27.672466278076172,24.189544677734375,27.210481643676758,-2.919828414916992,27.779592028889482,28.19419320274387,28.181686278428614,-0.4188469501454111
1929-03-16 12:00:00,26.34831428527832,27.146465301513672,26.821196819905428,28.327526357573714,21.670879364013672,20.658565521240234,24.128387014378866,23.306476593017578,19.353193283081055,23.981694246259565,27.82523536682129,24.223140716552734,27.174360275268555,-3.565444231033325,28.39712462627463,28.62694452850914,28.68700670822278,-0.22706207469845563
1929-04-16 00:00:00,24.87086296081543,27.029926300048828,27.098220293895437,28.360315631069632,21.94989013671875,20.917831420898438,24.385877490163843,23.5737361907959,17.51148796081543,24.26010455960172,27.898521423339844,24.513843536376953,27.51323699951172,-3.2509500980377197,29.307851428837722,29.005791797639418,29.23689160244122,0.3145208405190873
1929-05-16 12:00:00,23.913013458251953,26.70651626586914,27.225106971220537,28.379617347672898,22.617509841918945,21.592281341552734,24.777732670669735,23.97504425048828,15.263418197631836,24.640889855460415,27.456663131713867,25.189258575439453,26.833234786987305,-2.1596570014953613,29.06030700123403,29.039672451576937,28.682683280055723,0.03078828611438696
1929-06-16 00:00:00,22.543621063232422,26.184480667114258,27.195773209131065,28.36876926890927,23.832168579101562,22.558372497558594,25.262756880823563,24.433578491210938,13.225301742553711,25.156412451990263,26.69890022277832,25.334728240966797,26.1341609954834,-0.6818781495094299,27.80294708303452,28.797876263772224,27.508741308959415,-0.9974938746754505
1929-07-16 12:00:00,21.48270034790039,25.39443588256836,26.98169756792477,28.345073249506452,24.91099739074707,23.512910842895508,25.951018883556667,25.32803726196289,12.338908195495605,25.705923982806944,25.937358856201172,26.066326141357422,25.367551803588867,0.8901957273483276,27.11936497653123,28.303805617504917,26.858408367937525,-1.1947942745487516
1929-08-16 12:00:00,20.58770751953125,24.52075958251953,26.64791974304871,28.315050232241987,25.501081466674805,24.29730224609375,26.675534826345956,26.20706558227539,11.854264259338379,26.28596711109244,25.498552322387695,26.511396408081055,24.515350341796875,1.9209504127502441,26.867853125765222,27.797030048599996,26.65910824585914,-0.9431800145922256
1929-09-16 00:00:00,20.31406021118164,24.52396583557129,26.462408148512516,28.29117367978925,25.996496200561523,24.837100982666016,27.1558609328666,26.489013671875,12.210603713989258,26.827041522534955,25.55804443359375,27.134525299072266,24.533220291137695,2.383286476135254,27.090775044682356,27.779626476981495,26.881031106895257,-0.7007449633447813
1929-10-16 12:00:00,20.77513885498047,24.670392990112305,26.4164761008296,28.29594475292799,25.62027931213379,24.734159469604492,27.114197421688548,26.670970916748047,13.247735023498535,26.993480052597064,25.955907821655273,27.276273727416992,25.15872573852539,2.088866949081421,27.6379950430722,28.04384346199312,27.294142678618343,-0.41182335652839214
1929-11-16 00:00:00,21.64531135559082,24.298585891723633,26.373221847437023,28.303809730067748,24.698938369750977,23.690176010131836,26.3968034705123,26.16751480102539,14.472458839416504,26.354746695952088,26.514089584350586,26.53783416748047,25.56268310546875,1.0983233451843262,27.942121038082373,28.16054705728111,27.750112233937276,-0.22118428168868043
1929-12-16 12:00:00,22.691648483276367,24.404842376708984,26.393756093674565,28.308051614249806,23.27715301513672,22.44556427001953,25.345914091472103,24.905214309692383,17.05849266052246,25.207611715037757,26.996429443359375,25.566743850708008,25.9364070892334,-0.4066202640533447,27.76195975750874,28.270961512442504,27.93072441827341,-0.5132325959547057
1930-01-16 12:00:00,24.1801815032959,25.85572052001953,26.501403962495964,28.30565025410899,22.19403648376465,21.266433715820312,24.39940416728021,23.912050247192383,18.687591552734375,24.1961726341814,27.21187973022461,24.808605194091797,26.504474639892578,-1.9492521286010742,27.548416857352723,28.231723284684033,27.88681113141241,-0.6896928890228273
1930-02-15 00:00:00,25.235754013061523,25.784149169921875,26.651213944015495,28.30823017358908,21.679597854614258,20.594284057617188,24.000334539286282,23.67334747314453,19.66996955871582,23.81391738054367,27.745452880859375,24.189544677734375,27.29697608947754,-2.597548723220825,27.78617670623169,28.180733251884362,28.186731729945567,-0.3987712262829202
1930-03-16 12:00:00,25.99820899963379,26.992870330810547,26.875061014169496,28.329063759202704,21.535184860229492,20.498798370361328,24.09265092711757,23.255237579345703,19.353193283081055,23.943527097217057,27.973590850830078,24.223140716552734,27.40035057067871,-3.392075300216675,28.440775900879686,28.652099794746054,28.721646271557706,-0.20808410963037707
1930-04-16 00:00:00,24.928258895874023,27.36526870727539,27.14375989665437,28.36191571931192,21.88993263244629,20.903493881225586,24.40814799599123,23.5737361907959,17.51148796081543,24.29320147541123,27.908994674682617,24.594865798950195,27.521381378173828,-3.321370840072632,29.25497317000329,29.001258899522078,29.157371127398136,0.26565419613364316
1930-05-16 12:00:00,23.531038284301758,26.72145652770996,27.250389890291316,28.378893261828242,22.629926681518555,21.653934478759766,24.769472390263328,23.998397827148438,14.710762023925781,24.639669767852283,27.51700782775879,25.189258575439453,26.95775604248047,-1.833736538887024,29.115160493526755,29.04280879152153,28.68234536993141,0.08304241851019467
1930-06-16 00:00:00,22.456571578979492,26.128128051757812,27.15580166278356,28.361861590896908,23.75831413269043,22.759174346923828,25.2493165814726,24.433578491210938,13.221221923828125,25.154144492243084,26.661428451538086,25.334728240966797,26.139585494995117,-0.5442663431167603,27.720388863642626,28.78310479300636,27.414111953748943,-1.0661130509393317
1930-07-16 12:00:00,21.458728790283203,25.82497787475586,26.892905278339377,28.334351804176073,25.01675033569336,23.440156936645508,25.9120006498587,25.32803726196289,12.338908195495605,25.647167728068375,25.869050979614258,26.066326141357422,25.367551803588867,0.8200138211250305,26.989683932568212,28.356532980825342,26.740651528730876,-1.3783271533075603
1930-08-16 12:00:00,20.29766845703125,24.53567886352539,26.513080117747513,28.29992848037776,25.52591896057129,24.230545043945312,26.62847828108986,26.21122932434082,11.751147270202637,26.22776167642946,25.498552322387695,26.418811798095703,24.515350341796875,1.9218802452087402,26.767056372022164,27.90921059780689,26.57417584670229,-1.1568596523850458
1930-09-16 00:00:00,20.032543182373047,24.39594268798828,26.346053125788153,28.27665158705496,26.02185821533203,24.90114974975586,27.137146394726745,26.52886390686035,12.210603713989258,26.776673189527237,25.55804443359375,27.08026885986328,24.533220291137695,2.3724546432495117,27.021216226719126,27.918453789054183,26.813233815387147,-0.9094676821323442
1930-10-16 12:00:00,21.832422256469727,24.938697814941406,26.280926313553206,28.279933529950615,25.672245025634766,24.673330307006836,27.082694800376654,26.733346939086914,13.084945678710938,26.93460104265929,25.917482376098633,27.111812591552734,25.15872573852539,2.0691049098968506,27.563315131856086,28.115738581293286,27.247364178348214,-0.5589457966893989
1930-11-16 00:00:00,21.566537857055664,24.981353759765625,26.275406329854974,28.290023381727394,24.716655731201172,23.729095458984375,26.323555762838364,26.096956253051758,14.472458839416504,26.283680219287042,26.514089584350586,26.53783416748047,25.56268310546875,1.1095385551452637,27.876369791870587,28.230833568943602,27.692744250463342,-0.35768715324746564
1930-12-16 12:00:00,22.605958938598633,25.144092559814453,26.30978897708279,28.296785165405883,23.27680206298828,22.54556655883789,25.226481422458345,24.853607177734375,17.05849266052246,25.10434710462458,26.996429443359375,25.233842849731445,26.209741592407227,-0.6133591532707214,27.68857304962449,28.279984308351906,27.867608354008357,-0.5963286332024014
1931-01-16 12:00:00,24.296051025390625,25.70720100402832,26.40653737210051,28.2931155547352,22.22052574157715,21.45024871826172,24.27345743660756,23.590652465820312,18.7342586517334,24.07625248074327,27.316221237182617,24.81327247619629,26.486440658569336,-2.507208824157715,27.444987735654095,28.08180288889023,27.788647441853932,-0.6445613646129766
1931-02-15 00:00:00,25.208181381225586,26.61815643310547,26.55656486030296,28.294739442004477,21.679597854614258,20.594284057617188,23.945256497068026,23.67334747314453,19.66996955871582,23.752528449300684,27.643075942993164,24.189544677734375,27.29095458984375,-2.7379488945007324,27.641407823014582,28.05818930348082,28.01431391873728,-0.42268888732053855
1931-03-16 12:00:00,26.34831428527832,27.146465301513672,26.79038063656203,28.315206536074434,21.535184860229492,20.498798370361328,24.00942921146373,23.753158569335938,19.353193283081055,23.847470508674874,28.05611228942871,24.122859954833984,27.434701919555664,-2.219289541244507,28.328865653173338,28.531248944574006,28.602976192364526,-0.2005150163563332
1931-04-16 00:00:00,24.898435592651367,27.144664764404297,27.05976342698996,28.350262454230684,21.88994026184082,20.918733596801758,24.280920573692036,23.361169815063477,17.51148796081543,24.129178455973964,27.915563583374023,24.41122817993164,27.616069793701172,-2.741915464401245,29.19869469763814,28.940061344810296,29.079785518924503,0.2698825412433559
1931-05-16 12:00:00,23.478431701660156,26.599929809570312,27.17936413912328,28.37067027933785,22.629926681518555,21.40916633605957,24.658171468132434,23.938058853149414,15.263418197631836,24.524895101520606,27.466699600219727,24.82227325439453,26.97899627685547,-1.8380519151687622,29.004030680001186,28.966805043747595,28.569692561516334,0.04666051651439882
1931-06-16 00:00:00,22.433698654174805,26.094589233398438,27.14879332452255,28.362073523830038,23.832168579101562,22.648744583129883,25.19730309520532,24.433578491210938,13.221221923828125,25.129822647910004,26.661428451538086,25.334728240966797,26.17508316040039,-0.4825736880302429,27.707544257109003,28.755876481817403,27.392848474957535,-1.0519189718394717
1931-07-16 12:00:00,21.382444381713867,25.82497787475586,26.9164461305556,28.3387426372224,24.919239044189453,23.512001037597656,25.920207323882504,25.32803726196289,12.180689811706543,25.688330200216214,25.87284278869629,26.049606323242188,25.278371810913086,0.8235695362091064,27.011555105182303,28.31463107905137,26.75404898826825,-1.3144440285428396
1931-08-16 12:00:00,20.29766845703125,24.673721313476562,26.54809397008733,28.303300288344452,25.727210998535156,24.377653121948242,26.645478254711808,26.296306610107422,11.831957817077637,26.266781864091072,25.498552322387695,26.418811798095703,24.515350341796875,1.9218802452087402,26.81971013683113,27.883940022207277,26.60531295592691,-1.0784880606455527
1931-09-16 00:00:00,20.032543182373047,25.086288452148438,26.320254236109,28.27272057287736,26.060548782348633,25.36428451538086,27.15908028410399,26.489013671875,12.210603713989258,26.837313421375136,25.55804443359375,27.099430084228516,24.533220291137695,2.3724546432495117,27.050590822373273,27.905997042231544,26.83903555783353,-0.8673828685302805
1931-10-16 12:00:00,20.442224502563477,24.938697814941406,26.24175090937967,28.274511188347976,25.78449821472168,25.136978149414062,27.075800443839075,26.733346939086914,13.352996826171875,26.98592760833212,25.899450302124023,26.99652671813965,25.06930923461914,2.088866949081421,27.60561559804869,28.14297468081651,27.295198464847644,-0.5434074930695532
1931-11-16 00:00:00,21.674522399902344,24.981353759765625,26.186074382567057,28.284712178119243,24.818078994750977,23.772218704223633,26.33772712540811,26.034282684326172,14.472458839416504,26.33680996157969,26.366233825683594,26.53783416748047,25.56268310546875,1.0983233451843262,27.91792794454607,28.187827325043664,27.740375920248052,-0.2728253607376454
1931-12-16 12:00:00,22.508739471435547,25.144092559814453,26.231589248384743,28.292729275700808,23.267648696899414,22.391437530517578,25.28862354116635,24.910423278808594,17.05849266052246,25.183775220883895,26.95895767211914,25.208677291870117,25.98204803466797,-0.4066202640533447,27.679128850361707,28.27223895671791,27.835973209712034,-0.5981373078253145
1932-01-16 12:00:00,24.676210403442383,24.6002197265625,26.32900883772505,28.28845063372353,22.298173904418945,21.261308670043945,24.34510762297884,23.920833587646484,18.687591552734375,24.169943118263667,27.25836944580078,24.681968688964844,26.565649032592773,-1.9398878812789917,27.468997259845434,28.102330932910252,27.81683645576083,-0.6407986573879407
1932-02-15 12:00:00,25.208181381225586,26.181438446044922,26.488347745978984,28.290440325520464,21.63442611694336,20.745210647583008,23.95612826116297,23.67334747314453,19.66996955871582,23.77603477781082,27.558704376220703,24.189544677734375,27.210481643676758,-3.2023086547851562,27.640133370687472,27.985538863542413,28.033844254030303,-0.3515003833372058
1932-03-16 12:00:00,26.49989128112793,26.98513412475586,26.744527638759415,28.313289417725663,21.535184860229492,20.498798370361328,24.0015507431967,23.753158569335938,19.353193283081055,23.851479095271337,27.765226364135742,24.122859954833984,27.550600051879883,-3.112262487411499,28.270548915860527,28.443306917011757,28.54497773408008,-0.17166462503111704
1932-04-16 00:00:00,24.928258895874023,26.975055694580078,27.032179770743326,28.349504712304537,21.899303436279297,20.848115921020508,24.29269795602628,23.493532180786133,17.51148796081543,24.174840163798038,27.94756317138672,24.461341857910156,27.492929458618164,-3.0966782569885254,29.1585473365249,28.918958705179907,29.0440782927638,0.2503994531780055
1932-05-16 12:00:00,23.913013458251953,26.599929809570312,27.17371615834093,28.371973527434772,22.638809204101562,21.653934478759766,24.653162411730225,23.938058853149414,14.710762023925781,24.519340169915296,27.466699600219727,25.329917907714844,26.833234786987305,-1.833736538887024,29.023769627519265,28.990103137251502,28.604968648255788,0.04334805966946524
1932-06-16 00:00:00,22.433698654174805,26.094589233398438,27.143136167262732,28.36286814901985,23.832168579101562,22.558372497558594,25.185413974135734,24.387317657470703,13.273494720458984,25.101011462210906,26.661428451538086,25.334728240966797,26.236019134521484,-0.5888566374778748,27.69624081290831,28.821889179335475,27.401918507111787,-1.129185030940661
1932-07-16 12:00:00,21.29681968688965,25.12411117553711,26.932149206913515,28.340044779894917,24.9417724609375,23.440156936645508,25.87844120787531,25.32803726196289,12.234200477600098,25.62850519154388,25.87284278869629,26.044937133789062,25.367551803588867,0.8107947707176208,26.939724139658836,28.4378943109304,26.68105303347911,-1.5099342742208395
1932-08-16 12:00:00,20.32056427001953,24.699905395507812,26.582735384762398,28.307813665656123,25.477689743041992,24.230545043945312,26.59660595079534,26.21122932434082,11.92042064666748,26.204867716720088,25.498552322387695,26.418811798095703,24.515350341796875,1.9209504127502441,26.689184307811864,28.01607984175095,26.47670942876039,-1.3420948454629922
1932-09-16 00:00:00,20.0091552734375,24.252742767333984,26.405992707905575,28.284312426260374,26.005950927734375,24.89984893798828,27.09121226197313,26.627639770507812,12.210603713989258,26.732090942687293,25.55804443359375,26.912580490112305,24.533220291137695,2.383286476135254,26.93519528759424,27.984134669289123,26.707632634671555,-1.0618413533345736
1932-10-16 12:00:00,20.937776565551758,24.938697814941406,26.336732681775857,28.28890132676644,25.62027931213379,24.727733612060547,27.044835399536336,26.751697540283203,13.084945678710938,26.914466369073985,25.917482376098633,26.99652671813965,25.05527114868164,2.088866949081421,27.488619123379348,28.13158986612662,27.161114297566257,-0.6501757944859512
1932-11-16 00:00:00,22.514720916748047,24.981353759765625,26.3162989598514,28.302025675669768,24.698938369750977,23.690176010131836,26.387992986337554,26.175006866455078,14.472458839416504,26.3487912174367,26.514089584350586,26.526737213134766,25.56268310546875,1.0751787424087524,27.851902505035323,28.259395457133493,27.66156115199924,-0.41088360199985435
1932-12-16 12:00:00,22.605958938598633,24.410734176635742,26.359459122063015,28.309001781712965,23.27715301513672,22.44556427001953,25.275691698683673,24.910423278808594,17.00075340270996,25.14890682689542,26.996429443359375,25.208677291870117,25.9364070892334,-0.4066202640533447,27.69845257440637,28.280129430677462,27.87970060830425,-0.5864985287827882
1933-01-16 12:00:00,24.652544021606445,24.671302795410156,26.45911837956371,28.308053704877313,22.27685546875,21.20364761352539,24.347984451892035,23.912050247192383,18.747570037841797,24.16899221020585,27.387981414794922,24.808605194091797,26.504474639892578,-1.9398878812789917,27.50660994372528,28.186873935803973,27.87925724655207,-0.6871620983449738
1933-02-15 00:00:00,25.208181381225586,26.61815643310547,26.616314783939053,28.312365187154626,21.715938568115234,20.65795135498047,24.024510019204136,23.67334747314453,19.66996955871582,23.846131487118043,27.5603084564209,24.189544677734375,27.210481643676758,-2.8879997730255127,27.680006959543483,28.118461626237536,28.089646602122944,-0.44384419908034883
1933-03-16 12:00:00,26.104721069335938,26.83167266845703,26.85435706418698,28.333991343147808,21.672779083251953,20.658565521240234,24.12389545366001,23.37179946899414,19.34304428100586,23.979198107511245,27.951778411865234,24.36864471435547,27.174360275268555,-3.565444231033325,28.356329996390087,28.540686570890372,28.6582314702822,-0.18220047080689702
1933-04-16 00:00:00,24.87086296081543,27.36526870727539,27.1556621929683,28.36785959700207,21.940719604492188,21.046993255615234,24.454113300811198,23.93181610107422,17.51148796081543,24.33079483047038,27.915563583374023,24.511810302734375,27.51323699951172,-3.2156569957733154,29.219156205097892,28.923719990723978,29.1405201509209,0.30684348240845744
1933-05-16 12:00:00,23.478431701660156,26.74132537841797,27.29027507699754,28.3903005902349,22.617509841918945,21.882808685302734,24.78507398392648,23.998397827148438,15.263418197631836,24.6516522940383,27.37946891784668,25.189258575439453,26.833234786987305,-2.1635901927948,29.090687238644904,28.98456668801451,28.673854651376416,0.11643462382254074
1933-06-16 00:00:00,22.66609001159668,26.33104133605957,27.243592571051515,28.37929250249765,24.38745880126953,23.05469512939453,25.33723610104546,24.49696922302246,13.26865005493164,25.249845719206682,26.69890022277832,25.334728240966797,26.1341609954834,-0.6717458963394165,27.704893033724286,28.758292534283914,27.418887045502874,-1.0570060100482606
1933-07-16 12:00:00,21.540056228637695,25.623126983642578,27.0464772002274,28.35792912687159,24.919239044189453,24.003280639648438,26.030322916763726,25.32803726196289,12.338908195495605,25.792040524573103,25.937358856201172,26.066326141357422,25.367551803588867,0.767132043838501,26.98341416722766,28.310394673195322,26.74061880420511,-1.3386303776365165
1933-08-16 12:00:00,21.01508903503418,25.55861473083496,26.72880399641427,28.329298399673945,25.727210998535156,24.62485122680664,26.70906260245835,26.20706558227539,11.78357219696045,26.331266817818317,25.515321731567383,26.511396408081055,24.515350341796875,1.9357770681381226,26.794680166688085,27.919955489435974,26.59324807148163,-1.1396882295250779
1933-09-16 00:00:00,20.74144172668457,24.713411331176758,26.54134968700518,28.30609906854934,26.082054138183594,25.07308006286621,27.200458013915817,26.489013671875,12.210603713989258,26.869407278747254,25.55804443359375,27.134525299072266,24.533220291137695,2.4281091690063477,27.015230541567743,27.941865288806564,26.80830308890988,-0.9388661851921603
1933-10-16 12:00:00,20.77513885498047,24.57680892944336,26.473133200266062,28.30924725217658,25.78449821472168,24.69571876525879,27.143648187434284,26.769746780395508,13.247735023498535,27.02219156557794,25.98175811767578,27.111812591552734,25.15872573852539,2.088866949081421,27.62723424419161,28.127236741248677,27.28749573134358,-0.5058802046159128
1933-11-16 00:00:00,21.581911087036133,24.420045852661133,26.432133856267264,28.32130418005454,24.818078994750977,23.757328033447266,26.448347925618666,26.409414291381836,14.472458839416504,26.433815280456706,26.4419002532959,26.597620010375977,25.56268310546875,1.0751787424087524,27.951871286415432,28.240480493760685,27.75531994654909,-0.2910806206218493
1933-12-16 12:00:00,22.691648483276367,24.654739379882812,26.470696280066743,28.328429738667893,23.267648696899414,22.391437530517578,25.350290351301524,24.99164390563965,16.6485652923584,25.246227658809865,26.965394973754883,25.637365341186523,26.216981887817383,-0.4066202640533447,27.7731138435065,28.34271559091058,27.94003566592401,-0.5735519131309383
1934-01-16 12:00:00,24.1801815032959,25.502098083496094,26.563754266983153,28.326093403387663,22.298173904418945,21.267290115356445,24.449339996699006,24.208086013793945,18.727922439575195,24.273543943683507,27.440141677856445,24.66284942626953,26.446102142333984,-2.0182297229766846,27.53630862096364,28.326303866045258,27.884726825633162,-0.7962705053520427
1934-02-15 00:00:00,25.304216384887695,26.008268356323242,26.7062308538921,28.330446228449862,21.715938568115234,20.901857376098633,24.147565385112397,23.19552230834961,19.66996955871582,23.986844577940623,27.745452880859375,24.483978271484375,27.29095458984375,-2.919828414916992,27.782113119264995,28.179717010596075,28.189171784602085,-0.4018602420665511
1934-03-16 12:00:00,25.99820899963379,26.929147720336914,26.942975045683077,28.34948108782401,21.670879364013672,20.76799774169922,24.182045504289178,23.426105499267578,19.353193283081055,24.052933116822445,27.97928237915039,24.36864471435547,27.40035057067871,-3.956054449081421,28.382711064855993,28.684583497527836,28.66738873274326,-0.29911473146780476
1934-04-16 00:00:00,24.928258895874023,27.260019302368164,27.24032429912711,28.381584815742613,21.940719604492188,21.046993255615234,24.464380307849147,23.777435302734375,17.51148796081543,24.366996890737838,27.832115173339844,24.576688766479492,27.59935760498047,-3.321370840072632,29.228272948564744,28.95365503291712,29.14987822945749,0.2861853566329033
1934-05-16 12:00:00,23.588151931762695,26.940343856811523,27.374152721444943,28.405773933907597,22.634130477905273,21.882808685302734,24.83287958937759,23.976726531982422,15.263418197631836,24.72354856079187,27.556121826171875,25.165597915649414,26.97899627685547,-1.833736538887024,29.205691502257096,28.98694784724228,28.769808264342128,0.2301734311883969
1934-06-16 00:00:00,22.42548370361328,26.467880249023438,27.31702565855357,28.393646586394386,24.38745880126953,23.05469512939453,25.354335714067748,24.542272567749023,13.221221923828125,25.2995374344246,26.665576934814453,25.642518997192383,26.139585494995117,-0.6717458963394165,27.8036559721455,28.73495095019849,27.511893695918864,-0.9340045630727156
1934-07-16 12:00:00,21.941537857055664,25.667062759399414,27.105817732625148,28.371112894329443,25.210933685302734,24.003280639648438,26.052119078981892,25.32803726196289,12.171554565429688,25.82357965069569,25.9328556060791,26.072223663330078,25.378698348999023,0.8901957273483276,27.105927518514523,28.1808569950831,26.84832928891061,-1.0857092696553778
1934-08-16 12:00:00,21.01508903503418,24.996593475341797,26.774342594953076,28.340154187691077,25.917715072631836,24.63597297668457,26.783039711850368,26.338340759277344,11.78357219696045,26.419000686196632,25.515321731567383,26.682575225830078,24.515350341796875,2.120393753051758,26.90310658185858,27.672340991690035,26.700780536606782,-0.7831979184992695
1934-09-16 00:00:00,20.74144172668457,24.765607833862305,26.578154179391483,28.31424042801963,26.07027816772461,25.352258682250977,27.265912765281843,26.871639251708984,12.210603713989258,26.964169489457184,25.55804443359375,26.9687442779541,24.533220291137695,2.4281091690063477,27.139585284640802,27.66811462673876,26.924099070615974,-0.5402206726082142
1934-10-16 12:00:00,20.65638542175293,24.557682037353516,26.522928027599363,28.3179074566007,25.900829315185547,25.12495231628418,27.188971217753487,26.631120681762695,13.084945678710938,27.091824401322896,25.8397274017334,27.276273727416992,25.15872573852539,2.2994823455810547,27.76521169144507,27.934835646292555,27.385937689333392,-0.17463391608249884
1934-11-16 00:00:00,21.56623077392578,24.803653717041016,26.49361784056947,28.327416466518148,24.80812644958496,23.814226150512695,26.455087922811277,26.409414291381836,14.472458839416504,26.453587855439594,26.51082992553711,26.597620010375977,25.56268310546875,1.0751787424087524,27.997222129023086,28.20153629521969,27.764037446390848,-0.20644178358994528
1934-12-16 12:00:00,22.691648483276367,24.55332374572754,26.49391357073312,28.328064273546275,23.417530059814453,22.42987823486328,25.38044472761893,24.99164390563965,17.05849266052246,25.275737357893675,26.965394973754883,25.637365341186523,26.209741592407227,-0.4066202640533447,27.81186772417896,28.331531892612716,27.949922780769,-0.5232672693375011
1935-01-16 12:00:00,24.1801815032959,25.890329360961914,26.54654738134799,28.324695323743743,22.391284942626953,21.23138427734375,24.487124599655427,24.08035659790039,18.687591552734375,24.300354506760677,27.440141677856445,24.66284942626953,26.529016494750977,-1.9398878812789917,27.628624360809663,28.307458915432804,27.973035251081793,-0.6842642726161501
1935-02-15 00:00:00,25.304216384887695,25.780942916870117,26.68237288507894,28.327909369969635,21.771425247192383,20.872583389282227,24.18505275440422,23.222984313964844,19.66996955871582,24.005203376537857,27.730409622192383,24.483978271484375,27.29697608947754,-2.8879997730255127,27.848727507847503,28.235994070191076,28.25352837545988,-0.3907442838384566
1935-03-16 12:00:00,26.49989128112793,27.0089168548584,26.924071696180093,28.346090591008178,21.691038131713867,20.76799774169922,24.267904359659585,23.1184139251709,19.353193283081055,24.121413857518156,27.948894500732422,24.39524269104004,27.45438575744629,-3.2928688526153564,28.505968123576693,28.661324868070466,28.806198305859336,-0.15146551429993393
1935-04-16 00:00:00,24.898435592651367,27.140888214111328,27.20167548651343,28.376270559587017,21.94989013671875,21.10120391845703,24.520983642874096,23.434734344482422,17.51148796081543,24.399890338670062,27.832115173339844,24.514387130737305,27.521381378173828,-3.2509500980377197,29.3041683187132,29.023849180156912,29.219862152455242,0.29278834249921065
1935-05-16 12:00:00,23.588151931762695,26.86040496826172,27.329027737833417,28.396820583682707,22.629926681518555,21.40916633605957,24.815878593925856,24.05770492553711,15.263418197631836,24.67094454266949,27.556121826171875,25.179208755493164,26.95775604248047,-1.8470027446746826,29.124857781685105,29.08657484579725,28.715030856293275,0.049172779420152135
1935-06-16 00:00:00,22.42548370361328,25.769664764404297,27.282749581046886,28.387082715861872,23.832168579101562,22.530969619750977,25.337545587803948,24.50687026977539,13.141417503356934,25.263351708195785,26.665576934814453,25.642518997192383,26.139585494995117,-0.7054673433303833,27.81244978849925,28.796930631797167,27.53664797488052,-0.9869561022910969
1935-07-16 12:00:00,21.48270034790039,25.450977325439453,27.047229099116343,28.362215114077863,24.892953872680664,23.4872989654541,26.026220901595092,25.32803726196289,12.338908195495605,25.802446100032782,25.9328556060791,26.13339614868164,25.278371810913086,0.8107947707176208,27.107461908972017,28.272800948462418,26.85609592604674,-1.1758823173749973
1935-08-16 12:00:00,20.58770751953125,25.661617279052734,26.696410747409857,28.328470234763977,25.77285385131836,24.64332389831543,26.77153789020986,26.338340759277344,11.78357219696045,26.416893408344023,25.515321731567383,26.730533599853516,24.751108169555664,1.9209504127502441,26.852949961005805,27.758013134371243,26.655054982576164,-0.919304184875043
1935-09-16 00:00:00,20.31406021118164,24.627248764038086,26.51382722834863,28.304106739291775,26.082054138183594,25.07308006286621,27.232382292936382,26.64177894592285,12.210603713989258,26.922975573811392,25.55804443359375,26.9687442779541,24.533220291137695,2.3724546432495117,27.126828242774703,27.730701102737488,26.89580404806454,-0.6155363989309468
1935-10-16 12:00:00,20.73931121826172,24.57680892944336,26.450852247047877,28.30639747097561,25.78449821472168,24.922780990600586,27.172108966254736,26.631120681762695,13.318952560424805,27.066521271186843,25.943769454956055,27.276273727416992,25.15872573852539,2.088866949081421,27.693505152472927,28.006044952823398,27.326445200056245,-0.3180701275023842
1935-11-16 00:00:00,21.64531135559082,24.654964447021484,26.46008275265394,28.31898568142417,24.818078994750977,23.74115753173828,26.483010336300243,26.279769897460938,14.472458839416504,26.469020323845044,26.448087692260742,26.660125732421875,25.56268310546875,1.0751787424087524,27.969070833213195,28.24192047623134,27.717350414122787,-0.275151582972776
1935-12-16 12:00:00,22.725936889648438,24.771211624145508,26.493181425631633,28.3250104330842,23.396841049194336,22.373149871826172,25.393794823359773,24.901203155517578,17.00075340270996,25.28123889196103,26.96807289123535,25.54805564880371,25.9364070892334,-0.4066202640533447,27.779102432897393,28.348022526028107,27.903042981937148,-0.5727996634064587
1936-01-16 12:00:00,25.002723693847656,25.474855422973633,26.575297115141893,28.323215826184605,22.37629508972168,21.261308670043945,24.44858829503873,23.83063507080078,18.687591552734375,24.26687496131276,27.3719425201416,24.733800888061523,26.504474639892578,-1.8445794582366943,27.617806764073126,28.214713365852564,27.953439296896036,-0.6026643645492957
1936-02-15 12:00:00,25.304216384887695,26.028888702392578,26.725378983814345,28.325810654464092,21.715673446655273,20.736536026000977,24.104288406059815,23.115177154541016,19.66996955871582,23.93587423827008,27.776262283325195,24.189544677734375,27.207799911499023,-2.8879997730255127,27.86669079405406,28.247039666183632,28.28823766251905,-0.3836265869034448
1936-03-16 12:00:00,26.290164947509766,26.508651733398438,26.963242453364565,28.347244155333183,21.72698402404785,20.658565521240234,24.153395244663763,23.326398849487305,19.353193283081055,24.0248403990729,27.976947784423828,24.36864471435547,27.41109275817871,-3.1853580474853516,28.480986798739718,28.700111757950104,28.772070119390026,-0.21538130824520907
1936-04-16 00:00:00,24.957120895385742,27.277137756347656,27.25659696391307,28.37932883368319,21.940719604492188,20.950387954711914,24.439172365942344,23.5737361907959,17.51148796081543,24.326311396016386,27.903554916381836,24.594865798950195,27.521381378173828,-3.321370840072632,29.361801879333072,29.07528023297641,29.264888098808683,0.2996711160054969
1936-05-16 12:00:00,24.84676170349121,27.011455535888672,27.372757071708484,28.39835840911818,22.617509841918945,21.580995559692383,24.834452456368705,24.05770492553711,15.263418197631836,24.7089868247375,27.59432029724121,25.179208755493164,26.95775604248047,-1.833736538887024,29.173297676892407,29.098435029864337,28.754856369340448,0.08624860586768666
1936-06-16 00:00:00,23.40370750427246,26.577638626098633,27.332856582242087,28.388786110595646,23.832168579101562,22.377676010131836,25.379516866221667,24.50687026977539,13.273494720458984,25.30127340120498,26.705488204956055,25.642518997192383,26.17508316040039,-0.5442663431167603,27.812080560176142,28.84949965905356,27.512578187419443,-1.0397711608541482
1936-07-16 12:00:00,21.853878021240234,25.807621002197266,27.113819650616158,28.365025625327828,24.91099739074707,23.512910842895508,26.04285396004226,25.32803726196289,12.171554565429688,25.802493163486247,26.013742446899414,26.066326141357422,25.278371810913086,0.8107947707176208,27.125182225036372,28.348422537674434,26.860379993273693,-1.233430215599724
1936-08-16 12:00:00,20.94045639038086,24.957313537597656,26.797255640461692,28.33493518586084,25.477689743041992,24.29730224609375,26.75707590500763,26.182987213134766,11.78357219696045,26.390492394548872,25.722793579101562,26.57390022277832,24.751108169555664,1.8922587633132935,26.89109102173106,27.87392038456081,26.683723501216303,-0.9964227675057329
1936-09-16 00:00:00,20.75018310546875,25.448671340942383,26.62976409040263,28.312070463655804,26.082054138183594,25.07308006286621,27.249082145285538,26.687131881713867,12.210603713989258,26.938196675115464,25.512182235717773,26.9687442779541,24.435983657836914,2.3724546432495117,27.13222891797403,27.88443702300219,26.918513946793304,-0.7634488133758848
1936-10-16 12:00:00,20.94706153869629,24.95309066772461,26.57495225708442,28.31476444927783,25.78449821472168,24.922780990600586,27.209677208258267,26.631120681762695,13.307656288146973,27.10671758319848,26.01342010498047,27.147014617919922,25.15872573852539,2.088866949081421,27.706918869145536,28.10917689320912,27.373057488722157,-0.40741020515524173
1936-11-16 00:00:00,21.507083892822266,24.799541473388672,26.528655368527254,28.323885806829022,24.63011360168457,23.663333892822266,26.502078540496893,26.270221710205078,14.472458839416504,26.48908179240175,26.516908645629883,26.660125732421875,25.56268310546875,1.0983233451843262,28.051358450909262,28.312369773660514,27.84832427199468,-0.262349189856299
1936-12-16 12:00:00,22.633556365966797,25.701494216918945,26.548041954516123,28.330874420222347,23.28140640258789,22.373149871826172,25.46823213435807,25.175817489624023,16.6485652923584,25.348189111867,26.930755615234375,25.606754302978516,26.216981887817383,-0.4066202640533447,27.89224127373112,28.402893192026976,28.053575201531455,-0.5133072208124188
1937-01-16 12:00:00,24.27396011352539,24.956403732299805,26.632093552770428,28.327858419755092,22.210657119750977,21.211259841918945,24.528191376383063,24.093969345092773,18.727922439575195,24.328462779642038,27.40760040283203,24.77239227294922,26.57052230834961,-1.9398878812789917,27.72343028736081,28.34582136279792,28.096948351402645,-0.6268132719672437
1937-02-15 00:00:00,25.415433883666992,26.31531524658203,26.77481971316746,28.32915141162967,21.715938568115234,20.674592971801758,24.180020808207352,23.18412971496582,19.66996955871582,23.99437163628651,27.676105499267578,24.25433349609375,27.325428009033203,-2.860745906829834,27.92815318618145,28.310792630910015,28.359297758918938,-0.38517022786717797
1937-03-16 12:00:00,26.324047088623047,26.987287521362305,26.993392633183728,28.34651273187868,21.672779083251953,20.498798370361328,24.216815433460738,23.426105499267578,19.34304428100586,24.074194520948524,27.990982055664062,24.150821685791016,27.683202743530273,-3.403209924697876,28.549275836681957,28.76060053314066,28.850599345122077,-0.2067760976260189
1937-04-16 00:00:00,24.990556716918945,27.303503036499023,27.23242003320933,28.376907748000377,21.899303436279297,20.918733596801758,24.469255665016313,23.492321014404297,17.51148796081543,24.346395839825433,27.852092742919922,24.621566772460938,27.227718353271484,-2.7224152088165283,29.414939394476406,29.13029512170993,29.32540971008471,0.29843925639842633
1937-05-16 12:00:00,23.775955200195312,27.16472625732422,27.339238072654506,28.394616949278575,22.638809204101562,21.592281341552734,24.866133519913443,23.976726531982422,15.263418197631836,24.751188584976518,27.304821014404297,25.142108917236328,26.917821884155273,-1.9460713863372803,29.231140180723887,29.18312041486784,28.811156322389134,0.060168193766115124
1937-06-16 00:00:00,22.441574096679688,25.769664764404297,27.231638945466187,28.37784843925928,23.832168579101562,22.530969619750977,25.374414395257258,24.429672241210938,13.221221923828125,25.30622221754276,26.67687225341797,25.64116859436035,26.067523956298828,-0.5442663431167603,27.874336203665525,28.905216574487287,27.587134490990916,-1.0324972225806412
1937-07-16 12:00:00,21.395734786987305,25.39443588256836,26.968373781209294,28.34750567977433,24.9417724609375,23.512910842895508,26.032812257264144,25.32803726196289,12.234200477600098,25.80184252656217,25.976518630981445,26.13339614868164,25.3040828704834,0.814570426940918,27.156209599028678,28.415173306846192,26.904301962946587,-1.26869319342802
1937-08-16 12:00:00,20.35251808166504,24.718687057495117,26.590947964452653,28.31078575327222,25.477689743041992,24.29730224609375,26.7387411313501,26.199718475341797,11.78357219696045,26.3646046955565,25.515321731567383,26.57390022277832,24.744739532470703,1.9045597314834595,26.883331341320954,27.96849366854706,26.685156338523782,-1.0986025780799877
1937-09-16 00:00:00,20.07887077331543,24.532194137573242,26.40379603034456,28.28448129629718,25.996496200561523,24.837100982666016,27.21941408064065,26.64177894592285,12.210603713989258,26.89325893388954,25.55804443359375,26.9687442779541,24.435983657836914,2.3724546432495117,27.084806588805115,27.97717498360301,26.88423464469935,-0.9038431780978062
1937-10-16 12:00:00,20.54429817199707,24.3658504486084,26.36316191896358,28.28881767872916,25.62027931213379,24.68680191040039,27.153896257619426,26.631120681762695,13.084945678710938,27.042725013314815,25.98175811767578,27.276273727416992,25.15872573852539,2.075725793838501,27.64263432517617,28.132612089854693,27.323431441509236,-0.49569387700487794
1937-11-16 00:00:00,21.367177963256836,24.981353759765625,26.320432699717074,28.299490100001275,24.698938369750977,23.663333892822266,26.449712952128525,26.270221710205078,14.472458839416504,26.433253353545965,26.4841251373291,26.597620010375977,25.56268310546875,1.0983233451843262,27.94146607778078,28.274033120724088,27.761205049344372,-0.33505797583701213
1937-12-16 12:00:00,23.486799240112305,25.383056640625,26.36210235683292,28.30279513626633,23.28140640258789,22.373149871826172,25.366519538930085,24.99164390563965,17.05849266052246,25.25895441175036,26.954099655151367,25.54805564880371,25.9364070892334,-0.4066202640533447,27.75192542576595,28.32316184122476,27.905595268050796,-0.5754382310563617
1938-01-16 12:00:00,24.54483985900879,24.671302795410156,26.442057351177354,28.299658072526036,22.210657119750977,21.21006202697754,24.46650176529455,24.178598403930664,18.727922439575195,24.28590540155598,27.27922248840332,24.8572940826416,26.504474639892578,-1.8245550394058228,27.573758921195722,28.22224372145213,27.916846741606918,-0.654649531784345
1938-02-15 00:00:00,25.235754013061523,26.526180267333984,26.582184200455355,28.303380296530822,21.715938568115234,20.729970932006836,24.152407601732694,23.42582893371582,19.66996955871582,23.97702826106135,27.745452880859375,24.026309967041016,27.29697608947754,-3.170949935913086,27.72959422376968,28.187772005396916,28.097556851077353,-0.46292159423668444
1938-03-16 12:00:00,26.653396606445312,26.80077362060547,26.830549622722593,28.324629358535763,21.670879364013672,20.658565521240234,24.203210842161834,23.200000762939453,19.353193283081055,24.06810750303943,28.005590438842773,24.206260681152344,27.618213653564453,-3.4972755908966064,28.40942913317984,28.615936530893674,28.67347702410016,-0.20365735726354137
1938-04-16 00:00:00,24.87086296081543,27.375272750854492,27.12029719551552,28.35882957865763,21.94989013671875,21.10120391845703,24.48527364877205,23.777435302734375,17.51148796081543,24.365660323164015,27.774526596069336,24.65206527709961,27.504810333251953,-3.0966782569885254,29.267169508745987,28.9967671330725,29.134023996536392,0.2824491829597116
1938-05-16 12:00:00,23.478431701660156,26.70651626586914,27.216609894122193,28.378686563528056,22.664011001586914,21.569631576538086,24.82825749796424,23.976726531982422,15.263418197631836,24.711152758953297,27.456663131713867,25.172027587890625,26.95775604248047,-2.15287184715271,29.133201376716837,29.02428158154491,28.654489485752567,0.11973995789872466
1938-06-16 00:00:00,22.637004852294922,26.094589233398438,27.159330158795257,28.36806746970474,24.38745880126953,23.077180862426758,25.32879142168666,24.50687026977539,13.273494720458984,25.267857254769396,26.69890022277832,25.642518997192383,26.17710304260254,-0.5888566374778748,27.74978567389136,28.800490261504734,27.45172531191917,-1.0537760646036616
1938-07-16 12:00:00,21.382444381713867,25.82497787475586,26.918814632618606,28.33897343454071,24.919239044189453,23.476198196411133,25.99730899135334,25.32803726196289,12.171554565429688,25.777951442600035,25.937358856201172,26.066326141357422,25.278371810913086,0.8200138211250305,27.049845552576453,28.33655579328945,26.8052787327258,-1.2976558684854027
1938-08-16 12:00:00,20.29766845703125,24.718379974365234,26.54579191441166,28.303248381862016,25.75362777709961,24.34395408630371,26.735277401958573,26.226497650146484,11.92042064666748,26.383040072709036,25.498552322387695,26.511396408081055,24.418113708496094,1.8922587633132935,26.846170398253193,27.943688818246713,26.645968000152994,-1.1113771412838576
1938-09-16 00:00:00,20.032543182373047,24.80645179748535,26.347626376945747,28.27833092493572,26.089237213134766,24.846017837524414,27.225219347245645,26.64177894592285,12.210603713989258,26.917325591740706,25.55804443359375,26.9687442779541,24.533220291137695,2.3724546432495117,27.075268343042765,28.001871694241263,26.862090040106782,-0.938110641067551
1938-10-16 12:00:00,21.832422256469727,24.938697814941406,26.29523225217943,28.281554829008044,25.78449821472168,24.69571876525879,27.179582442521774,26.631120681762695,13.084945678710938,27.083313654496784,25.955907821655273,27.147014617919922,25.15872573852539,2.088866949081421,27.621744733424375,28.222274253901144,27.31207795793522,-0.6062310443158652
1938-11-16 00:00:00,21.931943893432617,24.981353759765625,26.273041083194407,28.29309533153153,24.818078994750977,23.74115753173828,26.467073878465545,26.270221710205078,14.472458839416504,26.457297318669198,26.514089584350586,26.597620010375977,25.56268310546875,1.0751787424087524,27.94947899640722,28.29040708853432,27.77620928476603,-0.34330220566860686
1938-12-16 12:00:00,23.486799240112305,25.144092559814453,26.301890656195138,28.300240656152646,23.28140640258789,22.391437530517578,25.422476235794967,25.258132934570312,17.00075340270996,25.30123988415189,26.996429443359375,25.508655548095703,26.209741592407227,-0.4066202640533447,27.729695072006717,28.33539250286814,27.898739910794454,-0.6100843102458278
1939-01-16 12:00:00,24.3891544342041,25.70720100402832,26.401328777908887,28.29743163273082,22.37629508972168,21.658008575439453,24.47292198415816,24.137794494628906,18.687591552734375,24.292481856862224,27.235301971435547,24.621435165405273,26.446102142333984,-1.9398878812789917,27.492779831530765,28.19147908753814,27.806742780803784,-0.7057197388299008
1939-02-15 00:00:00,25.235754013061523,26.391437530517578,26.586712894326602,28.301746566269824,21.715938568115234,20.736536026000977,24.100937539423857,23.115177154541016,19.66996955871582,23.925969577074255,27.691518783569336,24.189544677734375,27.29095458984375,-3.0859951972961426,27.709457431590383,28.145442792717112,28.071121684616827,-0.44102559273743003
1939-03-16 12:00:00,26.653396606445312,26.80077362060547,26.83471985738063,28.324063809479654,21.672779083251953,20.658565521240234,24.156970904015967,23.429075241088867,19.34304428100586,24.01671341443506,28.14608383178711,24.36864471435547,27.45438575744629,-3.956054449081421,28.40809691472102,28.624425777410703,28.670214087157454,-0.21347120984927603
1939-04-16 00:00:00,24.898435592651367,27.375272750854492,27.106405610431207,28.358559226918587,21.94989013671875,21.095195770263672,24.424087986375906,23.492321014404297,17.53699493408203,24.299923349766352,27.774526596069336,24.511810302734375,27.521381378173828,-3.0966782569885254,29.274050174219383,29.033888825778774,29.152329095603335,0.25236407651369164
1939-05-16 12:00:00,23.509859085083008,26.6977596282959,27.23434733225016,28.37742130836092,22.70726776123047,21.7984561920166,24.813617195737375,24.05770492553711,14.710762023925781,24.69538130622236,27.51700782775879,25.179208755493164,26.973276138305664,-2.152456521987915,29.059377750184325,29.076214282822107,28.598479728999642,-0.006603650870075653
1939-06-16 00:00:00,22.441574096679688,26.184480667114258,27.182236466284287,28.366406491872247,24.397436141967773,23.05469512939453,25.348004146071567,24.50687026977539,13.221221923828125,25.29186495379924,26.69890022277832,25.642518997192383,26.1341609954834,-0.6717458963394165,27.701413309945742,28.807381410139065,27.37653200995305,-1.1094898252974938
1939-07-16 12:00:00,21.48270034790039,25.234338760375977,26.951727106595982,28.341855692270972,25.210933685302734,23.4872989654541,26.025712344058928,25.32803726196289,12.171554565429688,25.810634757342626,25.937358856201172,26.066326141357422,25.367551803588867,0.8901957273483276,27.015753603058617,28.354694236987516,26.732322081455628,-1.3501715618937928
1939-08-16 12:00:00,20.58770751953125,25.29393196105957,26.597230717295073,28.31002830436662,25.477689743041992,24.29730224609375,26.694772153780296,26.20706558227539,11.78357219696045,26.31919609992196,25.498552322387695,26.511396408081055,24.515350341796875,1.9209504127502441,26.824142130379364,27.939113178302172,26.594380457524217,-1.1290534079015904
1939-09-16 00:00:00,20.31406021118164,24.62578010559082,26.41966902832777,28.28589816601604,25.996496200561523,24.837100982666016,27.183632250303486,26.489013671875,12.210603713989258,26.845146629382242,25.55804443359375,27.134525299072266,24.533220291137695,2.4281091690063477,27.048422947922084,27.973480712794302,26.82853807164283,-0.9368926121827907
1939-10-16 12:00:00,20.77513885498047,24.3658504486084,26.360501125866122,28.287647811252793,25.793977737426758,24.67206573486328,27.109966804974864,26.733346939086914,13.271702766418457,27.002208613221896,25.91993522644043,27.111812591552734,25.15872573852539,2.088866949081421,27.615821745741442,28.16303263917929,27.296366700725624,-0.553112433211872
1939-11-16 00:00:00,21.246347427368164,24.298585891723633,26.33822011366702,28.29922662966228,24.63011360168457,23.74115753173828,26.448416078320502,26.162250518798828,14.472458839416504,26.425423161249554,26.514089584350586,26.597620010375977,25.56268310546875,1.0983233451843262,27.94980169283389,28.235597005778395,27.779677906948407,-0.28829847650044726
1939-12-16 12:00:00,22.670381546020508,24.404842376708984,26.38254105118923,28.310139735682,23.267648696899414,22.391437530517578,25.389095694814177,24.901203155517578,17.05849266052246,25.27632992780648,26.89558219909668,25.54805564880371,25.9364070892334,-0.4066202640533447,27.73475667294318,28.359519404681073,27.89946233104979,-0.6290425815656764
1940-01-16 12:00:00,24.309741973876953,26.077987670898438,26.47402790790639,28.30779167778325,22.210657119750977,21.261308670043945,24.454886417440996,24.137794494628906,18.687591552734375,24.273582390292468,27.27922248840332,24.621435165405273,26.504474639892578,-1.8445794582366943,27.5543538738985,28.22747695577917,27.91083126216232,-0.679462481828123
1940-02-15 12:00:00,25.39714813232422,26.055152893066406,26.647791522445548,28.311923755943905,21.679597854614258,20.674592971801758,24.098326797785013,23.12801170349121,19.66996955871582,23.923113243703376,27.745452880859375,24.483978271484375,27.29697608947754,-2.8879997730255127,27.769546808422962,28.144729765370762,28.16997156568309,-0.37964495652718944
1940-03-16 12:00:00,26.290164947509766,26.929147720336914,26.895187538017776,28.333255331747747,21.535184860229492,20.498798370361328,24.1322001955119,23.426105499267578,19.353193283081055,23.988371238648313,27.973590850830078,24.206260681152344,27.457935333251953,-3.956054449081421,28.425444039946342,28.59357023446577,28.7003550022286,-0.1651755187728652
1940-04-16 00:00:00,24.97380256652832,27.140888214111328,27.16890262584529,28.369090382287943,21.84255027770996,20.918733596801758,24.37098686071909,23.5737361907959,17.51148796081543,24.236711985578147,27.832115173339844,24.511810302734375,27.521381378173828,-3.0966782569885254,29.318140092902315,28.976394969831063,29.20391053243887,0.3542347481329284
1940-05-16 12:00:00,24.84676170349121,27.221603393554688,27.272657945171787,28.38718342495191,22.629926681518555,21.40916633605957,24.73647945253418,24.105648040771484,15.5451021194458,24.594414141558595,27.556121826171875,24.964506149291992,26.973276138305664,-1.833736538887024,29.105656782459356,29.030328911599096,28.670297243306305,0.08589676954319539
1940-06-16 00:00:00,23.40370750427246,25.769664764404297,27.215492274897663,28.375360599913886,23.836259841918945,22.558372497558594,25.23196100022521,24.433578491210938,13.22075366973877,25.1402138578716,26.665576934814453,25.334728240966797,26.1341609954834,-0.5888566374778748,27.75838693514276,28.79960012835493,27.439825305438873,-1.0442038017026178
1940-07-16 12:00:00,21.540056228637695,25.52570343017578,26.997075385004102,28.348280444017902,24.919239044189453,23.4872989654541,25.964922360421088,25.32803726196289,12.32942008972168,25.72826554086567,25.976518630981445,26.066326141357422,25.367551803588867,0.8901957273483276,27.073545528988323,28.33242828246337,26.788311934528544,-1.2696095941587735
1940-08-16 12:00:00,22.17124366760254,25.574499130249023,26.660461668398217,28.318108675282637,25.727210998535156,24.377653121948242,26.691894265689232,26.226497650146484,11.867416381835938,26.319741252083887,25.515321731567383,26.511396408081055,24.515350341796875,2.0139009952545166,26.8431655911289,27.872880727637515,26.621554244543738,-1.0437735994209472
1940-09-16 00:00:00,21.910696029663086,24.713411331176758,26.491065619901093,28.29459461834237,26.082054138183594,25.07308006286621,27.175524298445804,26.489013671875,12.210603713989258,26.84946202787812,25.55804443359375,27.134525299072266,24.533220291137695,2.600271701812744,27.08627538089164,27.840264280529023,26.873647543424674,-0.76577964209675
1940-10-16 12:00:00,20.747167587280273,24.57680892944336,26.437747917558468,28.297741200891426,25.822803497314453,25.136978149414062,27.16053000555227,26.631120681762695,13.271702766418457,27.058756899119167,25.783597946166992,27.276273727416992,25.05527114868164,2.174865961074829,27.645348567401026,28.091160850825432,27.320211716552617,-0.4516021513970364
1940-11-16 00:00:00,21.64531135559082,25.208539962768555,26.39363887914068,28.308258901629493,24.818078994750977,23.772218704223633,26.448559282938238,26.175006866455078,14.472458839416504,26.43788645937552,26.4841251373291,26.597620010375977,25.56268310546875,1.0751787424087524,27.933987291323945,28.228092970862196,27.729739260914545,-0.2967795700711627
1940-12-16 12:00:00,22.691648483276367,24.654739379882812,26.438953224903454,28.31553103167682,23.43692398071289,22.42987823486328,25.406439667913066,24.901203155517578,17.05849266052246,25.301039500867198,26.965394973754883,25.48756217956543,25.9364070892334,-0.38913795351982117,27.80342846383921,28.27995762163817,27.97670569163341,-0.4803380719904446
1941-01-16 12:00:00,24.079530715942383,25.474855422973633,26.550720297598218,28.31394981100469,22.429996490478516,21.658008575439453,24.460539835337535,24.208086013793945,18.687591552734375,24.28622572742514,27.440141677856445,24.733800888061523,26.504474639892578,-1.9781731367111206,27.579405480085367,28.21607376573377,27.917325678098237,-0.64279339725331
1941-02-15 00:00:00,25.413902282714844,26.01234245300293,26.712837777276285,28.319356101275417,21.715673446655273,20.736536026000977,24.06694243487183,23.67334747314453,19.66996955871582,23.896542372909266,27.776262283325195,24.189544677734375,27.22652816772461,-3.2023086547851562,27.791453155920358,28.25530053868213,28.191477383517476,-0.46783133244361974
1941-03-16 12:00:00,26.324047088623047,26.873165130615234,26.973935458790958,28.342302710099784,21.7236385345459,20.76799774169922,24.188044437054717,23.401071548461914,19.353193283081055,24.066595068718613,27.83255386352539,24.36864471435547,27.618213653564453,-3.066847085952759,28.447471714809105,28.669082078132277,28.738343875113475,-0.21826500490147377
1941-04-16 00:00:00,24.957120895385742,27.277137756347656,27.24860443406395,28.374829568909142,22.028379440307617,20.981983184814453,24.499825117136982,23.826801300048828,17.51148796081543,24.393759339046007,27.921283721923828,24.564685821533203,27.207420349121094,-2.7041592597961426,29.305209447576726,29.04942918097231,29.210938391198656,0.26832120048470637
1941-05-16 12:00:00,24.839563369750977,26.976428985595703,27.356724395384028,28.393972096595487,22.80253028869629,21.882808685302734,24.860505446700106,24.05770492553711,15.263418197631836,24.728660612755824,27.53419303894043,25.179208755493164,26.917821884155273,-1.8940637111663818,29.226219843790904,29.078765529928006,28.796296497937817,0.15930362048241953
1941-06-16 00:00:00,22.755374908447266,26.409963607788086,27.287085405927712,28.38212667995524,24.397436141967773,23.077180862426758,25.364351962915876,24.49696922302246,13.26865005493164,25.293019952096863,26.67687225341797,25.642518997192383,26.168724060058594,-0.5091818571090698,27.837602082794326,28.818745404745087,27.54022758467355,-0.9833232217564163
1941-07-16 12:00:00,22.989553451538086,25.713258743286133,27.06629473431562,28.356880715916063,25.353036880493164,24.003280639648438,26.080039718700053,25.453447341918945,12.338908195495605,25.87216038300548,25.98580551147461,26.178279876708984,25.278371810913086,0.8022857904434204,27.11378764139094,28.271253782492305,26.85337875367942,-1.1679520970199082
1941-08-16 12:00:00,20.85037612915039,25.331188201904297,26.72208508823569,28.323882618178992,26.119998931884766,24.5261173248291,26.810732249380987,26.424955368041992,11.78357219696045,26.464509507184907,25.53717613220215,26.645828247070312,24.744739532470703,1.9209504127502441,26.882631002816318,27.74161508240598,26.673326853178562,-0.8729781660534162
1941-09-16 00:00:00,20.599449157714844,25.089632034301758,26.51897870789905,28.298645356448066,26.432275772094727,25.36428451538086,27.291202437561143,26.871639251708984,12.210603713989258,27.003148026808056,25.574813842773438,27.091259002685547,24.435983657836914,2.3724546432495117,27.093680023319877,27.685889892597825,26.876090730287967,-0.6043013916501332
1941-10-16 12:00:00,21.13142967224121,24.56168556213379,26.462591871890343,28.304922603261986,25.900829315185547,25.136978149414062,27.20975444409292,26.631120681762695,13.225287437438965,27.130567007365805,25.783597946166992,27.147014617919922,25.15872573852539,2.088866949081421,27.699762228932215,27.90450395314061,27.33260015028428,-0.21045650890793996
1941-11-16 00:00:00,21.246347427368164,24.30953025817871,26.426169624486704,28.3133296399592,24.818078994750977,23.74115753173828,26.497982274041814,26.409414291381836,14.93179988861084,26.48799335341178,26.448087692260742,26.597620010375977,25.56268310546875,1.0983233451843262,28.00316971292124,28.137129605762365,27.766097259717725,-0.13618541223063318
1941-12-16 12:00:00,22.725936889648438,24.89896583557129,26.443457865377464,28.318927045151355,23.417530059814453,22.391437530517578,25.42307845844221,24.99164390563965,16.978923797607422,25.308660480045738,26.96807289123535,25.637365341186523,26.216981887817383,-0.4066202640533447,27.795416291417425,28.33235919211988,27.924324105563826,-0.5407027873844283
1942-01-16 12:00:00,24.13361930847168,25.773805618286133,26.533038172062742,28.316339692048967,22.37629508972168,21.21006202697754,24.469418007894134,23.912050247192383,18.773691177368164,24.274216099758895,27.346147537231445,24.808605194091797,26.446102142333984,-2.0182297229766846,27.610553770681562,28.261125229019786,27.950383758265485,-0.6562873094841299
1942-02-15 00:00:00,25.413902282714844,25.759084701538086,26.671792706384245,28.31992939577925,21.706567764282227,20.745210647583008,24.069110473774135,23.67334747314453,19.521888732910156,23.879320230243415,27.730409622192383,24.189544677734375,27.29095458984375,-2.597548723220825,27.836081661236978,28.233800833431886,28.237198826863022,-0.40132423340467255
1942-03-16 12:00:00,26.250938415527344,27.0089168548584,26.90495918244435,28.340461012817965,21.670879364013672,20.435075759887695,24.13516543934056,23.255237579345703,19.353193283081055,23.99286059267874,27.83255386352539,24.223140716552734,27.457935333251953,-3.577653646469116,28.450722074323522,28.701174104674642,28.744779053390964,-0.2469979170868586
1942-04-16 00:00:00,24.990556716918945,27.1567440032959,27.196863994172602,28.375412818310792,22.082050323486328,20.981983184814453,24.515233510107826,23.777435302734375,17.51148796081543,24.410402041925167,27.921283721923828,24.65206527709961,27.59935760498047,-3.321370840072632,29.32924793267562,29.040711414488907,29.280559250337337,0.3012884377013642
1942-05-16 12:00:00,23.588151931762695,26.86040496826172,27.317777965589997,28.395578586439314,22.87023162841797,21.841228485107422,24.89214220272057,24.585538864135742,15.579466819763184,24.78325615784687,27.556121826171875,25.25090980529785,26.917821884155273,-1.833736538887024,29.213352839981315,29.053785313212597,28.81950446337093,0.17123241253549837
1942-06-16 00:00:00,22.42548370361328,25.769664764404297,27.257401558082563,28.382473933607404,24.38745880126953,23.05469512939453,25.37541176139979,24.50687026977539,13.141417503356934,25.31839833629664,26.67687225341797,25.642518997192383,26.17508316040039,-0.5091818571090698,27.82594792322174,28.78359867321058,27.53371637521171,-0.960027879601596
1942-07-16 12:00:00,21.395734786987305,25.450977325439453,27.02927275685879,28.357678292314258,24.919239044189453,23.512001037597656,26.041274283045016,25.32803726196289,12.338908195495605,25.83386719788537,25.976518630981445,26.13339614868164,25.278371810913086,0.8107947707176208,27.107728530537997,28.287581367345556,26.84269568797117,-1.1903579011168137
1942-08-16 12:00:00,21.01508903503418,25.679706573486328,26.669094474165334,28.324567704395417,25.75362777709961,24.34395408630371,26.742592042724556,26.226497650146484,11.854264259338379,26.390218421918547,25.53717613220215,26.57390022277832,24.751108169555664,1.9045597314834595,26.881554200325805,27.787669570054206,26.66278720035556,-0.9200087969364414
1942-09-16 00:00:00,20.297780990600586,24.627248764038086,26.49993781784591,28.30277737052756,26.089237213134766,25.079647064208984,27.20354023455457,26.489013671875,12.210603713989258,26.892419640368146,25.574813842773438,26.9687442779541,24.533220291137695,2.3724546432495117,27.111909515419725,27.76670805398471,26.886578234954435,-0.666519241126891
1942-10-16 12:00:00,20.688173294067383,24.56168556213379,26.455573924227224,28.305235364836424,25.78449821472168,24.69571876525879,27.137556964375232,26.769746780395508,13.271702766418457,27.04159854885384,25.8397274017334,27.276273727416992,25.15872573852539,2.088866949081421,27.692346451297947,27.96490492369628,27.334141966998992,-0.2781991844030557
1942-11-16 00:00:00,21.246347427368164,24.45915412902832,26.42381215362331,28.312648939859006,24.818078994750977,23.757328033447266,26.47360344363023,26.279769897460938,15.110125541687012,26.468564397861208,26.448087692260742,26.660125732421875,25.56268310546875,1.0751787424087524,27.97611254345257,28.16091600091437,27.755255703981533,-0.18723276200671113
1942-12-16 12:00:00,22.648164749145508,24.523487091064453,26.457796962665675,28.319592521042228,23.28140640258789,22.373149871826172,25.38278902257519,24.99164390563965,17.013851165771484,25.270720262898955,26.965394973754883,25.637365341186523,26.216981887817383,-0.4066202640533447,27.79399843239848,28.332994344793793,27.945008091319746,-0.5427679519592503
1943-01-16 12:00:00,24.27396011352539,25.389863967895508,26.536068519827634,28.315806928270735,22.298173904418945,21.267290115356445,24.50678806101106,24.066104888916016,18.687591552734375,24.325260415447566,27.346147537231445,24.421138763427734,26.630617141723633,-1.9492521286010742,27.624774931611185,28.289515117568865,27.96864407443686,-0.6702503248302627
1943-02-15 00:00:00,25.415433883666992,25.784149169921875,26.672380692546373,28.3187833191459,21.715938568115234,20.692380905151367,24.141421603253217,23.115177154541016,19.66996955871582,23.959283014242885,27.525531768798828,24.189544677734375,27.332677841186523,-2.860745906829834,27.847905736790782,28.286082547795495,28.245994843388452,-0.4415416845826999
1943-03-16 12:00:00,26.181917190551758,26.992870330810547,26.897411531832912,28.33852810472482,21.540191650390625,20.435075759887695,24.172538921021655,23.3759822845459,19.353193283081055,24.02142342731249,27.976947784423828,24.36864471435547,27.683202743530273,-3.1187541484832764,28.4878048236984,28.749678204283676,28.751534681626325,-0.25794440515451955
1943-04-16 00:00:00,25.581701278686523,27.171470642089844,27.172032473091555,28.37009604392192,21.88993263244629,20.903493881225586,24.422277113281996,23.5737361907959,17.51148796081543,24.284550927731324,27.921283721923828,24.594865798950195,27.59935760498047,-2.7224152088165283,29.35054894308588,29.08783763952306,29.241917453422026,0.27578244562656673
1943-05-16 12:00:00,23.509859085083008,27.182872772216797,27.297402265635796,28.388993568792053,22.629056930541992,21.580995559692383,24.774579500019794,24.105648040771484,15.263418197631836,24.648206512956556,27.556121826171875,24.964506149291992,26.97899627685547,-1.9460713863372803,29.070024306562154,29.07764799394351,28.665698716287814,0.0027154065357972434
1943-06-16 00:00:00,22.441574096679688,25.769664764404297,27.226290767139055,28.37830330317221,24.08583641052246,22.377676010131836,25.286326097723016,24.433578491210938,13.273494720458984,25.21959206029321,26.67687225341797,25.334728240966797,26.089599609375,-0.5444462299346924,27.770760572853202,28.860202392650557,27.46489287560143,-1.09216687308059
1943-07-16 12:00:00,21.48270034790039,25.234338760375977,26.964744719614565,28.350597169965702,24.91099739074707,23.512910842895508,25.986730722131274,25.32803726196289,12.338908195495605,25.775847357525706,25.9328556060791,26.066326141357422,25.3040828704834,0.8235695362091064,27.08657082147384,28.4134857966343,26.805896539792744,-1.337320647102331
1943-08-16 12:00:00,20.58770751953125,24.734397888183594,26.600298502758037,28.313183608719832,25.477689743041992,24.29730224609375,26.70721687247679,26.226497650146484,11.78357219696045,26.361021013719892,25.515321731567383,26.57390022277832,24.79244041442871,1.9218802452087402,26.86141675375032,28.003025345502042,26.644653911362926,-1.1551770839529696
1943-09-16 00:00:00,20.297780990600586,24.517070770263672,26.4254215012595,28.287735710640238,26.12696647644043,25.07308006286621,27.223076791887447,26.687131881713867,12.210603713989258,26.910350520706174,25.55804443359375,26.9687442779541,24.435983657836914,2.3724546432495117,27.07376156277306,27.961285345513513,26.85980277411382,-0.899143481841193
1943-10-16 12:00:00,20.688173294067383,24.48560905456543,26.39632599158565,28.293257535589312,25.78449821472168,24.92934799194336,27.1477163209041,26.670970916748047,13.225287437438965,27.060615977501627,25.783597946166992,27.276273727416992,25.181217193603516,2.1365966796875,27.629743995706768,28.120140984874386,27.30704770070083,-0.49626758403366905
1943-11-16 00:00:00,21.56623077392578,25.208539962768555,26.383339987634862,28.30558956505824,24.818078994750977,23.757328033447266,26.455917151832633,26.409414291381836,14.93179988861084,26.45141816557193,26.4419002532959,26.660125732421875,25.735570907592773,1.1095385551452637,27.935970895706756,28.223671476775497,27.72651353532126,-0.2903659885114559
1943-12-16 12:00:00,22.691648483276367,24.654739379882812,26.4354175413749,28.315160112437066,23.267648696899414,22.391437530517578,25.41663199633034,25.258132934570312,17.013851165771484,25.31382168824151,26.965394973754883,25.508655548095703,26.222984313964844,-0.4066202640533447,27.743838273922645,28.319864762491317,27.883529780773106,-0.5803143074471713
1944-01-16 12:00:00,24.079530715942383,25.389863967895508,26.540301685978555,28.311717689690255,22.298173904418945,21.261308670043945,24.507011613421383,23.906660079956055,18.6732177734375,24.32891477565873,27.440141677856445,24.785032272338867,26.72869300842285,-2.0086607933044434,27.554748337645528,28.22224478859502,27.889043261061655,-0.6738446601546664
1944-02-15 12:00:00,25.38046646118164,26.028888702392578,26.692207048708674,28.31387355239736,21.715938568115234,20.719337463378906,24.16082078252094,23.202714920043945,19.66996955871582,23.98297909421919,27.745452880859375,24.483978271484375,27.403404235839844,-2.731997489929199,27.758003585293135,28.20200258562958,28.145831031501334,-0.44843430613866087
1944-03-16 12:00:00,26.181917190551758,26.873165130615234,26.95766424124845,28.335697281607136,21.672779083251953,20.658565521240234,24.22652146328051,23.426105499267578,19.353193283081055,24.078360875637827,27.83255386352539,24.29751205444336,27.695737838745117,-2.6797935962677,28.44270916531902,28.67160712577011,28.724330301440663,-0.2255924789848351
1944-04-16 00:00:00,25.437692642211914,27.277137756347656,27.233915245709845,28.370949737223416,21.94989013671875,21.095195770263672,24.480199547966528,23.777435302734375,17.51148796081543,24.36654760732347,27.903554916381836,24.564685821533203,27.59751319885254,-2.8904664516448975,29.326578314542925,29.010892536767717,29.22820773328301,0.3283400287441795
1944-05-16 12:00:00,24.668228149414062,26.940343856811523,27.329637138780726,28.391620603066723,22.617509841918945,21.596942901611328,24.817074395003836,24.05770492553711,15.5451021194458,24.703165364957563,27.53419303894043,25.179208755493164,26.840978622436523,-1.9888570308685303,29.16066359304351,29.073145026182424,28.712969745816416,0.09872160587536456
1944-06-16 00:00:00,22.9538631439209,26.467880249023438,27.270376140278042,28.3792461242815,24.186111450195312,23.077180862426758,25.332600703246367,24.461185455322266,13.141417503356934,25.280698025320234,26.705488204956055,25.642518997192383,26.26214027404785,-0.4825736880302429,27.828064468741683,28.824325716015327,27.48789378179924,-0.998519743260029
1944-07-16 12:00:00,21.853878021240234,25.667062759399414,27.051663151140616,28.356106682546226,24.892953872680664,23.512001037597656,26.043044544159333,25.32803726196289,12.171554565429688,25.849820760079837,26.013742446899414,26.23319435119629,25.3040828704834,0.8105074763298035,27.103472249599825,28.339323654247234,26.81819867117416,-1.2462727812809062
1944-08-16 12:00:00,22.058393478393555,25.246196746826172,26.712530054162293,28.322108676278777,25.606243133544922,24.34395408630371,26.758714336086488,26.338340759277344,11.831957817077637,26.40245892420449,25.722793579101562,26.730533599853516,24.8236083984375,1.9264050722122192,26.85795094191835,27.923597863515557,26.637303320650425,-1.0794403888871156
1944-09-16 00:00:00,20.74144172668457,24.765607833862305,26.541227558394787,28.299147897473706,26.12696647644043,24.846017837524414,27.230870552479356,26.64177894592285,12.210603713989258,26.919859540933977,25.574813842773438,26.9687442779541,24.754671096801758,2.3409669399261475,27.123554266498854,27.90273273673818,26.890820117201244,-0.7904587850298657
1944-10-16 12:00:00,20.747167587280273,24.5507869720459,26.464028968590817,28.301476536765513,25.800405502319336,24.727733612060547,27.153049901830695,26.670970916748047,13.329190254211426,27.058361524040002,25.90882682800293,27.276273727416992,25.21202278137207,2.1266531944274902,27.70456824731694,28.127281497678503,27.352832322315525,-0.4278444624809848
1944-11-16 00:00:00,21.56623077392578,24.420045852661133,26.389676651896238,28.3121644522453,24.647727966308594,23.690176010131836,26.423876879418234,26.16751480102539,14.472458839416504,26.40935994124385,26.448087692260742,26.597620010375977,25.643505096435547,1.1095385551452637,28.02650617358487,28.26900434661407,27.80340728229783,-0.24418046918382902
1944-12-16 12:00:00,22.691648483276367,24.554466247558594,26.41065211671028,28.31577294512014,23.28140640258789,22.44556427001953,25.339144541717005,24.910423278808594,17.00075340270996,25.227531692761026,26.965394973754883,25.566743850708008,26.222984313964844,-0.368439644575119,27.824782195697075,28.416523239534836,27.957729643174453,-0.5950145598661032
1945-01-16 12:00:00,24.54483985900879,26.01299476623535,26.473785727970977,28.311057702136438,22.298173904418945,21.215518951416016,24.440399411497832,23.912050247192383,18.687591552734375,24.264013768337584,27.440141677856445,24.760692596435547,26.446102142333984,-2.0182297229766846,27.615719832878444,28.330205592846603,27.954138153130017,-0.719985176281682
1945-02-15 00:00:00,25.208181381225586,25.759084701538086,26.634540801713328,28.31405881680604,21.715938568115234,20.674592971801758,24.092899121605843,23.67334747314453,19.66996955871582,23.91665078919499,27.745452880859375,24.189544677734375,27.317283630371094,-2.860745906829834,27.805301550977564,28.203820622821148,28.195068948523552,-0.4024934984520428
1945-03-16 12:00:00,26.49989128112793,26.80077362060547,26.86605019399107,28.33832474700014,21.672779083251953,20.498798370361328,24.174478556615764,23.3759822845459,19.353193283081055,24.018739222067722,27.948894500732422,24.36864471435547,27.40035057067871,-3.1853580474853516,28.44124156934176,28.691010936979914,28.71308788642774,-0.24643126189411907
1945-04-16 00:00:00,24.87086296081543,27.36526870727539,27.153841707462057,28.37145927361456,21.89413833618164,20.865903854370117,24.459635444179792,23.492321014404297,17.51148796081543,24.33115257423566,27.832115173339844,24.511810302734375,27.521381378173828,-3.2318637371063232,29.310768462752968,29.016514606142174,29.20835522255831,0.3067690757194353
1945-05-16 12:00:00,23.47268295288086,26.72145652770996,27.267395772277425,28.393085665957578,22.634130477905273,21.586191177368164,24.83974286834317,24.05770492553711,15.263418197631836,24.716254857642298,27.556121826171875,25.179208755493164,26.973276138305664,-2.152456521987915,29.170033823795332,29.072038761164933,28.72257457121278,0.10928587067504768
1945-06-16 00:00:00,22.456571578979492,26.219196319580078,27.21152932891077,28.381054801318925,23.832168579101562,22.558372497558594,25.323942772787444,24.433578491210938,13.26865005493164,25.22349200562312,26.602148056030273,25.334728240966797,26.139585494995117,-0.5091818571090698,27.821287077668643,28.82783489787815,27.473137401270765,-1.0088632662927468
1945-07-16 12:00:00,21.382444381713867,25.234338760375977,26.985761456161807,28.355351091080088,24.9417724609375,23.50360870361328,26.003452302447986,25.32803726196289,12.338908195495605,25.75550950826571,25.937358856201172,26.066326141357422,25.390552520751953,0.8022857904434204,27.050180250999286,28.284541928513274,26.7821734911145,-1.2454294968944364
1945-08-16 12:00:00,20.32056427001953,24.734397888183594,26.627125774960906,28.321179113411304,25.477689743041992,24.29730224609375,26.70929463046119,26.226497650146484,11.78357219696045,26.318321914814646,25.515321731567383,26.511396408081055,24.515350341796875,1.8922587633132935,26.812938446118675,27.834163642805017,26.610927374520458,-1.0356687554425945
1945-09-16 00:00:00,20.0091552734375,24.62578010559082,26.44620155577652,28.296323284580097,26.034801483154297,24.846017837524414,27.1748553944764,26.489013671875,12.210603713989258,26.83944304490086,25.55804443359375,27.171329498291016,24.533220291137695,2.3724546432495117,27.059063073456493,27.8496283655839,26.84353590014583,-0.8025960938218946
1945-10-16 12:00:00,20.668161392211914,24.323392868041992,26.398469603474208,28.29814343980406,25.793977737426758,24.68680191040039,27.108018626379117,26.733346939086914,13.084945678710938,26.991824686749304,25.98175811767578,27.111812591552734,25.15872573852539,2.0691049098968506,27.64754491844977,28.03495341288579,27.308869761977952,-0.39331269835163624
1945-11-16 00:00:00,21.64531135559082,24.298585891723633,26.38710776591421,28.310553575624294,24.63011360168457,23.74115753173828,26.43568688286,26.175006866455078,14.472458839416504,26.404389649319015,26.4841251373291,26.597620010375977,25.56268310546875,1.0751787424087524,27.943246812011107,28.175172943344972,27.739007634052076,-0.2346382607850544
1945-12-16 12:00:00,22.566726684570312,24.750276565551758,26.43046664928356,28.31730345922946,23.396841049194336,22.391437530517578,25.371371393364683,24.99164390563965,17.05849266052246,25.260317027778477,26.954099655151367,25.637365341186523,25.9364070892334,-0.381661981344223,27.741614227420392,28.30613485792581,27.895746704254304,-0.5688630218816106
1946-01-16 12:00:00,24.652544021606445,25.935773849487305,26.528471085576292,28.316609186307016,22.391284942626953,21.23138427734375,24.45821026859545,24.208086013793945,18.687591552734375,24.28049761620393,27.27922248840332,24.733800888061523,26.504474639892578,-1.8245550394058228,27.58219326893233,28.24278762197131,27.924077669414736,-0.6666281427686993
1946-02-15 00:00:00,25.208181381225586,25.918119430541992,26.69777772243612,28.320450373137994,21.715673446655273,20.907865524291992,24.116777388722692,23.115177154541016,19.66996955871582,23.94347258503381,27.745452880859375,24.189544677734375,27.210481643676758,-3.123091220855713,27.802917249056904,28.27404676917264,28.219138296956675,-0.4749576212280701
1946-03-16 12:00:00,26.49989128112793,26.508651733398438,26.942516638614848,28.34126903085577,21.670879364013672,20.76799774169922,24.222773695862504,23.094053268432617,19.353193283081055,24.07933680745078,27.9565486907959,24.206260681152344,27.174360275268555,-3.288228988647461,28.43971225035005,28.82074958525348,28.734361468646775,-0.37740114827542603
1946-04-16 00:00:00,24.990556716918945,27.140888214111328,27.193124762684953,28.37362017664746,21.94989013671875,21.10120391845703,24.508011734701522,23.777435302734375,17.53113555908203,24.367098029300948,28.022939682006836,24.576688766479492,27.51323699951172,-3.1602888107299805,29.33502728107888,29.14668658651697,29.251752031993686,0.20140393312501242
1946-05-16 12:00:00,23.557329177856445,27.16472625732422,27.331012600644655,28.392903226864092,22.638809204101562,21.586191177368164,24.839656770966528,24.05770492553711,15.579466819763184,24.689189804729786,27.56351089477539,25.179208755493164,26.973276138305664,-2.152456521987915,29.1684446915713,29.148045237781417,28.74422417479015,0.03185820010596371
1946-06-16 00:00:00,22.409957885742188,26.418720245361328,27.276712079025657,28.380727241900345,23.836259841918945,22.558372497558594,25.329222879645357,24.47739601135254,13.225301742553711,25.231331150870943,26.67687225341797,25.334728240966797,26.17710304260254,-0.5091818571090698,27.815146007249574,28.86121195532828,27.51119874435379,-1.0483601818918855
1946-07-16 12:00:00,21.759117126464844,25.638744354248047,27.054264446725224,28.357248568774335,24.9417724609375,23.512910842895508,26.027727272854943,25.32803726196289,12.171554565429688,25.77964692950215,25.976518630981445,26.072223663330078,25.278371810913086,0.8107947707176208,27.055049089932687,28.364834335942124,26.790757966169974,-1.3206124634045697
1946-08-16 12:00:00,20.58770751953125,25.618310928344727,26.709055149474235,28.32636964339754,25.477689743041992,24.29730224609375,26.73005810461291,26.226497650146484,11.882959365844727,26.35627586587477,25.515321731567383,26.57390022277832,24.751108169555664,1.9209504127502441,26.839981222810497,27.89538870423434,26.618183645261325,-1.0694424043224688
1946-09-16 00:00:00,20.406200408935547,25.089632034301758,26.529542185038068,28.303585849968215,25.996496200561523,24.822364807128906,27.176668878037578,26.489013671875,12.210603713989258,26.86153836808103,25.574813842773438,26.9687442779541,24.533220291137695,2.3724546432495117,27.083648136385502,27.886713086383565,26.85898653621192,-0.8147690464340862
1946-10-16 12:00:00,20.747167587280273,24.5507869720459,26.482384683391793,28.308436577843214,25.62027931213379,24.727733612060547,27.144516605834955,26.73160743713379,13.084945678710938,27.038652198654987,25.949092864990234,27.276273727416992,25.15872573852539,2.075725793838501,27.732123044342337,28.110294841220753,27.358327539622838,-0.3830780246714752
1946-11-16 00:00:00,21.243240356445312,24.803653717041016,26.43198965773699,28.315960013005814,24.647727966308594,23.663333892822266,26.478561819049833,26.279769897460938,14.472458839416504,26.460408880677974,26.51082992553711,26.660125732421875,25.631502151489258,1.0983233451843262,28.034994813600928,28.259574406224488,27.813245549398907,-0.22620269942658222
1946-12-16 12:00:00,22.725936889648438,24.523487091064453,26.451854142381293,28.320338369718495,23.267648696899414,22.391437530517578,25.411951826351604,25.258132934570312,17.05849266052246,25.308688507929475,26.96807289123535,25.508655548095703,26.216981887817383,-0.4066202640533447,27.807538503910106,28.369265010768032,27.9698665192369,-0.5652804046122484
1947-01-16 12:00:00,24.079530715942383,25.474855422973633,26.548072705604834,28.316236871381413,22.298173904418945,21.261308670043945,24.48718133339234,23.807981491088867,18.687591552734375,24.31239904821689,27.346147537231445,24.785032272338867,26.630617141723633,-1.9398878812789917,27.58871632929771,28.275396081070344,27.931602062825963,-0.6925719549729497
1947-02-15 00:00:00,25.304216384887695,26.055152893066406,26.67838171959959,28.317407382791004,21.715938568115234,20.692380905151367,24.118028211685992,23.115177154541016,19.66996955871582,23.948130350410253,27.730409622192383,24.483978271484375,27.325428009033203,-3.3621816635131836,27.80009002544625,28.19476947485344,28.178574464975426,-0.3987260001371433
1947-03-16 12:00:00,26.164140701293945,26.929147720336914,26.89135061934062,28.337367919113646,21.670879364013672,20.92755126953125,24.203629142879716,23.429075241088867,19.353193283081055,24.061319763736876,27.9565486907959,24.29751205444336,27.746068954467773,-3.1293718814849854,28.42336241807029,28.64540242721671,28.678778478499364,-0.21898444025599656
1947-04-16 00:00:00,24.898435592651367,27.21201515197754,27.195021799699283,28.370930338780923,22.082050323486328,21.013717651367188,24.56745274682037,23.434734344482422,17.51148796081543,24.454494387137963,28.022939682006836,24.514387130737305,27.498321533203125,-2.931858539581299,29.30470374645472,29.02681742399009,29.185023315510108,0.290367851455551
1947-05-16 12:00:00,23.797517776489258,27.221603393554688,27.293881859557835,28.391454130675754,22.849763870239258,21.87439727783203,24.9323442911847,24.76490020751953,15.5451021194458,24.81719210256621,27.59432029724121,25.142108917236328,26.923891067504883,-1.8958892822265625,29.23234309830058,29.06468639917492,28.79320444850742,0.17953115495379943
1947-06-16 00:00:00,22.441574096679688,25.99863052368164,27.184935697358597,28.374417405405303,24.203601837158203,22.990869522094727,25.417884918225763,24.50687026977539,13.141417503356934,25.354122065140672,26.67687225341797,25.642518997192383,26.067523956298828,-0.5444462299346924,27.84665405952344,28.78038895219069,27.54077501670252,-0.9359199170940489
1947-07-16 12:00:00,21.48270034790039,25.12411117553711,26.91370836855228,28.343095517498014,25.353036880493164,24.003280639648438,26.09971246418306,25.335344314575195,12.338908195495605,25.88865562791269,25.9328556060791,26.23319435119629,25.3040828704834,0.8200138211250305,27.10427330328986,28.338081729351078,26.85401207166456,-1.244225066016989
1947-08-16 12:00:00,20.58770751953125,24.79354476928711,26.557190755337338,28.305705967754438,25.917715072631836,24.64332389831543,26.787664932021006,26.338340759277344,11.78357219696045,26.43898351258047,25.515321731567383,26.682575225830078,24.79244041442871,1.9045597314834595,26.920535895651458,27.902480681688683,26.719531229186064,-0.9951851361824255
1947-09-16 00:00:00,20.0091552734375,24.440994262695312,26.392341946926003,28.28020872270385,26.060548782348633,25.07308006286621,27.258437834860427,26.687131881713867,12.210603713989258,26.966003360466566,25.55804443359375,26.9687442779541,24.754671096801758,2.3724546432495117,27.10821400688494,27.888612008893553,26.918831349685945,-0.791860422553019
1947-10-16 12:00:00,20.624404907226562,24.21036148071289,26.332155595931003,28.285261947434904,25.77069091796875,24.68680191040039,27.181527800625926,26.631120681762695,13.084945678710938,27.083926262633412,25.98175811767578,27.147014617919922,25.15872573852539,2.0691049098968506,27.72819262405252,28.138711357655403,27.417223718838475,-0.41539437452169875
1947-11-16 00:00:00,21.367177963256836,24.981353759765625,26.304806891406052,28.29578225675131,24.63011360168457,23.74115753173828,26.475724096797553,26.421733856201172,14.472458839416504,26.475364894340707,26.4841251373291,26.754798889160156,25.56268310546875,1.0751787424087524,27.996053072128458,28.2317197005261,27.807908466539363,-0.23773274714548043
1947-12-16 12:00:00,23.486799240112305,24.410734176635742,26.3305228859165,28.300411167748077,23.267648696899414,22.373149871826172,25.363442657298286,24.99164390563965,16.978923797607422,25.26868596196944,26.89558219909668,25.475868225097656,26.209741592407227,-0.4066202640533447,27.81949776873321,28.31463355141515,27.997440306712388,-0.49870598963589935
1948-01-16 12:00:00,24.1801815032959,24.671302795410156,26.429052282203575,28.301493375064375,22.298173904418945,21.215518951416016,24.37893687631338,23.912050247192383,19.275211334228516,24.207518768476632,27.27922248840332,24.808605194091797,26.486440658569336,-1.9389101266860962,27.634751881516713,28.225153200347744,28.005135160681007,-0.5959703623977559
1948-02-15 12:00:00,25.304216384887695,26.526180267333984,26.573106259381007,28.304851284294003,21.715938568115234,20.745210647583008,24.04331024118138,23.67334747314453,19.521888732910156,23.867882407790802,27.745452880859375,24.189544677734375,27.207799911499023,-3.0859951972961426,27.804043497041018,28.17255767656773,28.22358652701039,-0.37257613310620313
1948-03-16 12:00:00,25.858680725097656,26.80077362060547,26.836235525333084,28.327227297615124,21.672779083251953,20.498798370361328,24.11562845200465,23.255237579345703,19.353193283081055,23.971123585898816,27.973590850830078,24.223140716552734,27.46631622314453,-3.1853580474853516,28.43431366519323,28.657135787416237,28.717371066975545,-0.21963256474259618
1948-04-16 00:00:00,24.928258895874023,27.375272750854492,27.113097131950738,28.362015737113552,21.94989013671875,20.917831420898438,24.420779850369936,23.5737361907959,17.51148796081543,24.29045901844499,27.908994674682617,24.594865798950195,27.52863121032715,-3.0966782569885254,29.334748007843416,29.01331730172988,29.240036553582623,0.3341696535851326
1948-05-16 12:00:00,23.775955200195312,26.872350692749023,27.24730310274458,28.384601593472397,22.664011001586914,21.569631576538086,24.78719607658524,23.96559715270996,15.579466819763184,24.659870687350733,27.556121826171875,25.189258575439453,26.973276138305664,-1.8470027446746826,29.18063178539879,29.03219413524348,28.74827531367623,0.15973466616106413
1948-06-16 00:00:00,22.441574096679688,25.769664764404297,27.222060743261533,28.375266957390828,24.38745880126953,23.271947860717773,25.290274735975554,24.433578491210938,13.26865005493164,25.230362470098925,26.602148056030273,25.334728240966797,26.139585494995117,-0.5091818571090698,27.728999359703085,28.84267414019297,27.452113460371134,-1.116845157432498
1948-07-16 12:00:00,21.759117126464844,25.638744354248047,27.031027831981138,28.352444054430478,24.919239044189453,23.512001037597656,25.994452259689094,25.32803726196289,12.338908195495605,25.76462131087998,25.976518630981445,26.066326141357422,25.367551803588867,0.8901957273483276,27.041465426267628,28.404662800723063,26.786781677506735,-1.3740596552224635
1948-08-16 12:00:00,20.67984390258789,25.246196746826172,26.716674733471258,28.32485205812462,25.606243133544922,24.34395408630371,26.706853240118203,26.226497650146484,11.854264259338379,26.334655218682173,25.53717613220215,26.511396408081055,24.515350341796875,1.9357770681381226,26.86191784080268,27.95040654223785,26.65231244008636,-1.1021792380468516
1948-09-16 00:00:00,20.599449157714844,24.43143081665039,26.56403539627604,28.30578042104856,26.082054138183594,25.07308006286621,27.227535773255763,26.64177894592285,12.210603713989258,26.901069851002717,25.574813842773438,26.9687442779541,24.533220291137695,2.600271701812744,27.11415609348483,27.933264502906543,26.888429716218877,-0.8304058087006112
1948-10-16 12:00:00,20.969738006591797,24.86080551147461,26.545738253702133,28.3093121018335,25.900829315185547,25.136978149414062,27.203631448698463,26.631120681762695,13.537066459655762,27.116680812466498,25.949092864990234,27.147014617919922,25.06930923461914,2.174865961074829,27.706314904002475,28.12429877909119,27.354237906800744,-0.42310542166913934
1948-11-16 00:00:00,21.243240356445312,24.72779655456543,26.535921313967368,28.32346038456627,24.80812644958496,23.868022918701172,26.537750517956166,26.436676025390625,14.93179988861084,26.545549512179697,26.51082992553711,26.81885528564453,25.56268310546875,1.0751787424087524,28.03962222167027,28.27146610733219,27.82020525108079,-0.2333936564654156
1948-12-16 12:00:00,22.6861629486084,24.671213150024414,26.586365787158503,28.331306075116856,23.66387367248535,22.651325225830078,25.495641718474012,25.311092376708984,17.013851165771484,25.397017217562485,26.953115463256836,25.8631534576416,26.209741592407227,-0.38913795351982117,27.830514693440893,28.335408261586878,27.99409626945704,-0.5083073510586216
1949-01-16 12:00:00,24.27396011352539,25.59260368347168,26.693907378351994,28.331909048399712,22.4498233795166,21.597789764404297,24.64482033361767,24.2275390625,18.687591552734375,24.469569242232282,27.40760040283203,24.856372833251953,26.446102142333984,-1.8245550394058228,27.668061551256844,28.3017578568838,28.028726855199167,-0.6387591434615922
1949-02-15 00:00:00,26.046527862548828,26.398555755615234,26.841115533111445,28.33415526874883,21.912755966186523,21.06763458251953,24.322228521051386,23.30984115600586,19.66996955871582,24.148447687132638,27.66931915283203,24.46096420288086,27.317283630371094,-2.815584897994995,27.873001828836482,28.313367726844177,28.26989147718732,-0.44342276394697805
1949-03-16 12:00:00,26.337888717651367,27.133020401000977,27.070789319833,28.353335378014727,21.674177169799805,20.872224807739258,24.38778776793285,23.367088317871094,19.353193283081055,24.263034627352013,27.94074058532715,24.264097213745117,27.630653381347656,-3.2928688526153564,28.530886278059302,28.689252993238746,28.82287164521172,-0.15416764436033298
1949-04-16 00:00:00,25.581701278686523,27.403141021728516,27.32302782663362,28.386659920449556,22.0603084564209,20.953672409057617,24.69232647873726,23.789865493774414,17.51148796081543,24.584783356883356,27.941160202026367,24.672954559326172,27.504810333251953,-3.0659334659576416,29.377522051557342,29.06945207714029,29.27276222588209,0.321357113445862
1949-05-16 12:00:00,24.38003921508789,27.037439346313477,27.426539123765007,28.404328760100867,22.849763870239258,21.73932456970215,25.083265739185396,23.910673141479492,15.579466819763184,24.977802544619145,27.447792053222656,25.063634872436523,26.917821884155273,-2.0819523334503174,29.192615880056277,29.113314818914105,28.78411341629697,0.09090934911240034
1949-06-16 00:00:00,22.925386428833008,26.516204833984375,27.3315383518807,28.389607738525495,24.397436141967773,22.990869522094727,25.5703278510489,24.73879623413086,13.26865005493164,25.50605673566949,26.633974075317383,25.688762664794922,26.089599609375,-0.6717458963394165,27.867904714102078,28.83179427208881,27.56762197163145,-0.9657455276163252
1949-07-16 12:00:00,22.06169891357422,25.604230880737305,27.083231988743634,28.361860602130484,25.353036880493164,24.003280639648438,26.228907013151154,25.55483055114746,12.338908195495605,26.005166126551167,25.89967155456543,26.18339729309082,25.278371810913086,0.7302113771438599,27.164741215392443,28.362574576409337,26.912268199815912,-1.207607336149799
1949-08-16 12:00:00,20.777063369750977,24.937416076660156,26.765312945961966,28.330919195121975,25.917715072631836,24.64332389831543,26.905975244735604,26.424955368041992,11.78357219696045,26.552978581477184,25.503398895263672,26.666954040527344,24.836048126220703,2.120393753051758,26.957979864075206,27.900436107630963,26.757077812096785,-0.9553401341382681
1949-09-16 00:00:00,20.912822723388672,24.43143081665039,26.587839456631208,28.31066171685159,26.07027816772461,25.36428451538086,27.35166438431023,26.923465728759766,12.210603713989258,27.06438639276452,25.669069290161133,27.223207473754883,24.754671096801758,2.4281091690063477,27.191809292077412,27.909913033002645,26.976707700579556,-0.7287079797865468
1949-10-16 12:00:00,20.969738006591797,24.74712562561035,26.53368798628761,28.315134103495648,25.78449821472168,25.136978149414062,27.289738615394707,26.845149993896484,13.247735023498535,27.213040975506146,26.009628295898438,27.345006942749023,25.080890655517578,2.075725793838501,27.794172331239945,28.089392809984556,27.442074236101035,-0.2995782405738555
1949-11-16 00:00:00,21.454696655273438,24.59147834777832,26.494313462616702,28.32129329124315,24.818078994750977,23.814226150512695,26.573104398117483,26.436676025390625,14.472458839416504,26.59478288135974,26.516908645629883,26.77259063720703,25.633712768554688,1.0983233451843262,28.06190123974748,28.2787217719387,27.842436364103296,-0.2181377818055173
1949-12-16 12:00:00,22.6861629486084,25.249834060668945,26.508707744293787,28.327795204180603,23.66387367248535,22.651325225830078,25.507792196351158,25.311092376708984,16.99306297302246,25.43240877312924,26.948925018310547,26.344242095947266,26.222984313964844,-0.4066202640533447,27.86032894233377,28.4186248259912,28.000569822315267,-0.5612212534101346
1950-01-16 12:00:00,24.079530715942383,25.118188858032227,26.59213176736566,28.324162289352337,22.4498233795166,21.63709259033203,24.60428195211061,24.335176467895508,19.131898880004883,24.455416013967557,27.47955894470215,24.883176803588867,26.703781127929688,-1.863720178604126,27.679265544313516,28.388649726156686,28.017567617469545,-0.7141293606867625
1950-02-15 00:00:00,25.39714813232422,26.25994300842285,26.74259359123976,28.325013655216093,21.771425247192383,20.901857376098633,24.209967042820963,23.453832626342773,19.66996955871582,24.05810336165755,27.613985061645508,24.315460205078125,27.308856964111328,-3.2023086547851562,27.85703964866714,28.33342390631293,28.253834000376923,-0.4795468204171662
1950-03-16 12:00:00,26.181917190551758,26.873165130615234,26.982175450085954,28.344910803840026,21.72698402404785,20.609712600708008,24.231274499892553,23.094053268432617,19.353193283081055,24.114671572063436,27.828834533691406,24.150821685791016,27.746068954467773,-3.112262487411499,28.53337155327743,28.823161149482782,28.827768188337945,-0.28524364372245126
1950-04-16 00:00:00,24.957120895385742,27.29039764404297,27.236800751807877,28.3793561717061,21.94989013671875,20.917831420898438,24.487194167932675,23.93181610107422,17.51148796081543,24.372760247246767,27.852092742919922,24.564685821533203,27.59935760498047,-3.321370840072632,29.411923098090384,29.157476331862302,29.338843749799057,0.2682781806663879
1950-05-16 12:00:00,23.588151931762695,27.155637741088867,27.33800761296151,28.395398086263064,22.629056930541992,21.586191177368164,24.87053991065801,24.05770492553711,15.263418197631836,24.748747933873958,27.304821014404297,25.165597915649414,26.917821884155273,-1.9460713863372803,29.275123639791072,29.180154259105517,28.85101697046817,0.10753516168968995
1950-06-16 00:00:00,22.42548370361328,25.92013931274414,27.253029666176506,28.383134574694566,23.832168579101562,22.377676010131836,25.357429872029634,24.49696922302246,13.221221923828125,25.28527856020444,26.705488204956055,25.642518997192383,26.067523956298828,-0.5444462299346924,27.90324343414656,28.90248342938917,27.61193850914555,-1.0005844399503327
1950-07-16 12:00:00,21.48270034790039,25.39443588256836,26.986158450109343,28.354242204357334,24.91099739074707,23.512910842895508,26.057578539387695,25.32803726196289,12.171554565429688,25.82076787979792,25.976518630981445,26.23319435119629,25.26673698425293,0.8107947707176208,27.133909706298,28.396340923087767,26.89934254369321,-1.272421340206346
1950-08-16 12:00:00,20.29656982421875,24.79354476928711,26.586716097324093,28.314889869451477,25.41728973388672,24.29730224609375,26.769016957060128,26.338340759277344,11.751147270202637,26.404273276814685,25.515321731567383,26.725826263427734,24.751108169555664,1.9209504127502441,26.886428460319532,27.91103621984152,26.697690442750822,-1.0381566667486248
1950-09-16 00:00:00,20.07887077331543,24.532194137573242,26.40862095702901,28.28783862746151,26.12696647644043,24.846017837524414,27.230640053953312,26.687131881713867,12.210603713989258,26.924964352019337,25.55804443359375,26.9687442779541,24.435983657836914,2.3724546432495117,27.09094671168757,27.90420136191522,26.882436021886434,-0.8248461348314273
1950-10-16 12:00:00,20.54429817199707,24.272729873657227,26.351954666065247,28.293336882251506,25.78449821472168,24.922780990600586,27.181391494043037,26.80569839477539,13.084945678710938,27.097227500604085,25.98175811767578,27.128711700439453,25.080890655517578,2.10933256149292,27.676376885893216,28.10971301960536,27.32417870086789,-0.4387817973468865
1950-11-16 00:00:00,21.390052795410156,24.981353759765625,26.329828846622092,28.303389569114835,24.63011360168457,23.74115753173828,26.429164146143794,26.162250518798828,14.472458839416504,26.429038956270176,26.4841251373291,26.597620010375977,25.735570907592773,1.1095385551452637,27.93238802307667,28.226703774678402,27.695360253862805,-0.29700842723184157
1950-12-16 12:00:00,22.691648483276367,24.404842376708984,26.36925244348191,28.30711177004597,23.267648696899414,22.373149871826172,25.35220717876149,24.905214309692383,17.05849266052246,25.24116166995521,26.965394973754883,25.637365341186523,26.222984313964844,-0.368439644575119,27.751861045498543,28.315600836056973,27.895940575328506,-0.5679604595049417
1951-01-16 12:00:00,23.97340965270996,26.0715274810791,26.46960415637568,28.30556806108362,22.37629508972168,21.261308670043945,24.43159932358363,23.912050247192383,19.131898880004883,24.254699401775703,27.27922248840332,24.808605194091797,26.630617141723633,-2.0086607933044434,27.56623245781612,28.173111424341947,27.90279799456972,-0.6132348131263545
1951-02-15 00:00:00,25.304216384887695,25.729360580444336,26.620930316318553,28.308436616444162,21.771425247192383,20.719337463378906,24.090131575471105,23.67334747314453,19.521888732910156,23.919537846947307,27.745452880859375,24.189544677734375,27.317283630371094,-3.3621816635131836,27.77397272803566,28.203497991959313,28.15402341821149,-0.43380283797845426
1951-03-16 12:00:00,25.858680725097656,26.992870330810547,26.881537177337876,28.332776232243372,21.7236385345459,20.76799774169922,24.206952888471076,23.426105499267578,19.353193283081055,24.0755640776732,27.973590850830078,24.348243713378906,27.1655330657959,-3.112262487411499,28.43878205518988,28.705998332387445,28.715244783955328,-0.2638657700340694
1951-04-16 00:00:00,24.928258895874023,27.140888214111328,27.155405788673754,28.367794347789758,21.945890426635742,21.10120391845703,24.467354864080292,23.5737361907959,17.51148796081543,24.331080045548163,27.908994674682617,24.594865798950195,27.59935760498047,-2.931858539581299,29.297617253016657,29.048056315882263,29.192409780717455,0.26202528469367914
1951-05-16 12:00:00,23.509859085083008,27.221603393554688,27.277180727993255,28.386173783404786,22.617509841918945,21.596942901611328,24.84551082107786,24.05770492553711,15.5451021194458,24.692955707592873,27.556121826171875,25.189258575439453,26.917821884155273,-1.9718657732009888,29.103770816221758,29.101141208369505,28.66362271668432,0.013351055102527893
1951-06-16 00:00:00,22.52968406677246,25.769664764404297,27.221725517154603,28.375249085611113,23.832168579101562,22.530969619750977,25.353330641991906,24.461185455322266,13.26865005493164,25.25072172960556,26.602148056030273,25.334728240966797,26.17508316040039,-0.5237483978271484,27.782262185333654,28.88937277471965,27.447209149210856,-1.1096542960433236
1951-07-16 12:00:00,21.68939971923828,25.39443588256836,26.988803798487325,28.351301737496893,24.91099739074707,23.512910842895508,26.0143583460676,25.32803726196289,12.188909530639648,25.76462963589654,25.937358856201172,26.066326141357422,25.278371810913086,0.8107947707176208,27.004715240645016,28.480041541987006,26.722808225062742,-1.4863615136800066
1951-08-16 12:00:00,20.35251808166504,24.52075958251953,26.634567776535576,28.316721995760805,25.477689743041992,24.230545043945312,26.716384659289208,26.226497650146484,11.78357219696045,26.330461720195636,25.498552322387695,26.511396408081055,24.418113708496094,1.8988797664642334,26.811415533656337,27.96237094236053,26.577935937134686,-1.1651045173119645
1951-09-16 00:00:00,20.07887077331543,24.62578010559082,26.423429058951605,28.289337234710093,25.992143630981445,24.90114974975586,27.161572198764656,26.489013671875,12.210603713989258,26.830317268428082,25.55804443359375,27.134525299072266,24.533220291137695,2.3724546432495117,27.028344739902217,27.913029290920967,26.79033341086739,-0.8968589503071263
1951-10-16 12:00:00,20.65638542175293,24.173768997192383,26.375783822300573,28.291908460561437,25.656156539916992,24.673330307006836,27.073004738948246,26.7244873046875,13.271702766418457,26.96020195091674,25.996408462524414,27.111812591552734,25.15872573852539,2.1266531944274902,27.67984521840645,28.086230598203336,27.29963173752801,-0.41185419246665017
1951-11-16 00:00:00,21.246347427368164,24.236217498779297,26.345832066361574,28.30155329965786,24.716655731201172,23.729095458984375,26.35187505836861,26.096956253051758,15.110125541687012,26.3213273816486,26.4841251373291,26.53783416748047,25.56268310546875,1.1205536127090454,27.976483436543415,28.237397282746546,27.750312284207876,-0.2631551504270485
1951-12-16 12:00:00,22.725936889648438,24.554466247558594,26.397286668422893,28.309286911793667,23.29635238647461,22.498889923095703,25.292653733810912,24.910423278808594,17.04942512512207,25.17168155636115,26.965394973754883,25.479475021362305,25.9364070892334,-0.4066202640533447,27.765433771515337,28.289491611537034,27.929663718546667,-0.5282104697165309
1952-01-16 12:00:00,24.1801815032959,26.0715274810791,26.484806154896106,28.309040494967455,22.216228485107422,21.29461669921875,24.34192115736283,23.77121353149414,18.773691177368164,24.154663741417757,27.27922248840332,24.324426651000977,26.504474639892578,-1.9398878812789917,27.5684121084131,28.205431526237057,27.911599833988035,-0.6432762935446077
1952-02-15 12:00:00,25.413902282714844,25.784149169921875,26.649777194820274,28.316069508224636,21.679597854614258,20.745210647583008,23.993995880422258,23.67334747314453,19.503070831298828,23.806685592357738,27.745452880859375,24.189544677734375,27.22652816772461,-2.597548723220825,27.748217770031744,28.173476371350134,28.130516279544004,-0.42985714047239487
1952-03-16 12:00:00,25.99820899963379,26.929147720336914,26.91923932502882,28.340006872913893,21.540191650390625,20.498798370361328,24.079943947706386,23.753158569335938,19.353193283081055,23.924850431556685,27.973590850830078,24.417293548583984,27.45438575744629,-3.577653646469116,28.38814882981702,28.593864165262055,28.64788430168332,-0.2031239048803341
1952-04-16 00:00:00,24.97380256652832,27.221221923828125,27.215261964683833,28.377897107410146,21.94989013671875,20.83147430419922,24.380282320618512,23.337194442749023,17.53113555908203,24.24420951308184,27.832115173339844,24.492908477783203,27.521381378173828,-2.694685220718384,29.279304510238145,28.976179816558876,29.159986760006923,0.31523897912238547
1952-05-16 12:00:00,23.557329177856445,27.16472625732422,27.343006598610206,28.4008230858244,22.629056930541992,21.653934478759766,24.722994397147502,24.280750274658203,15.579466819763184,24.590033582863725,27.556121826171875,24.79044532775879,26.97899627685547,-1.8380519151687622,29.09470169858927,29.054417377748422,28.66614950934455,0.050805571700620555
1952-06-16 00:00:00,23.066162109375,26.409963607788086,27.308630715450946,28.39112337830792,23.832168579101562,22.530969619750977,25.241077971962312,24.387317657470703,13.359614372253418,25.16820330034438,26.67687225341797,25.334728240966797,26.089599609375,-0.4825736880302429,27.80824847940352,28.752100081473934,27.496822051008056,-0.9464755106016451
1952-07-16 12:00:00,20.856958389282227,25.800029754638672,27.10963321568175,28.36961216805058,24.91099739074707,23.512910842895508,25.948755609853304,25.32803726196289,12.338908195495605,25.739334295523122,25.98580551147461,26.066326141357422,25.3040828704834,0.8235695362091064,27.08033366791069,28.262861398286553,26.8359485767895,-1.1933568033243658
1952-08-16 12:00:00,22.058393478393555,25.314191818237305,26.777954887937714,28.34113298346889,25.477689743041992,24.3717098236084,26.672366414900292,26.20706558227539,11.882959365844727,26.309038363098523,25.508556365966797,26.511396408081055,24.79244041442871,1.9264050722122192,26.86936714171896,27.78133928936661,26.676678925841664,-0.9259984623141939
1952-09-16 00:00:00,20.406200408935547,25.089632034301758,26.580954277641816,28.317255003842384,26.12696647644043,24.846017837524414,27.149743274328618,26.489013671875,12.210603713989258,26.84128543243574,25.574813842773438,27.134525299072266,24.435983657836914,2.3409669399261475,27.112072946288965,27.786727254750808,26.907367517986437,-0.68632516102478
1952-10-16 12:00:00,21.06171226501465,24.723705291748047,26.517019892737444,28.318692026650503,25.78449821472168,24.922780990600586,27.115463747845045,26.769746780395508,13.084945678710938,27.023379536115762,25.949092864990234,27.276273727416992,25.15872573852539,2.1266531944274902,27.742921522543018,28.028848934426314,27.37940925239515,-0.29092581033050335
1952-11-16 00:00:00,21.246347427368164,24.654964447021484,26.477722416333854,28.329484526081032,24.818078994750977,23.74115753173828,26.458958209059656,26.175006866455078,14.472458839416504,26.45470667542115,26.51082992553711,26.597620010375977,25.56268310546875,1.0983233451843262,28.004815062957,28.237458565037546,27.783825656459925,-0.23461121643225663
1952-12-16 12:00:00,22.648164749145508,24.55332374572754,26.492352471911765,28.334818197925077,23.396841049194336,22.391437530517578,25.405828257327357,24.901203155517578,17.074947357177734,25.304006031818524,26.93631935119629,25.475868225097656,26.216981887817383,-0.4066202640533447,27.811751029957165,28.3815891139482,27.96737135796419,-0.5733216073123157
1953-01-16 12:00:00,24.309741973876953,25.474855422973633,26.593076558854776,28.333493731358214,22.37629508972168,21.261308670043945,24.454286750784245,23.83063507080078,18.7342586517334,24.275929660785245,27.47955894470215,24.733800888061523,26.529016494750977,-1.9492521286010742,27.639662580742364,28.321259034377007,28.0027411993396,-0.6868863600098545
1953-02-15 00:00:00,25.413902282714844,25.918119430541992,26.74430318968591,28.33663102666778,21.706567764282227,20.736536026000977,24.138786223108603,23.12801170349121,19.66996955871582,23.969715488287534,27.484071731567383,24.483978271484375,27.29095458984375,-2.919828414916992,27.826354836633598,28.318857180584896,28.236037866032323,-0.49599618554653574
1953-03-16 12:00:00,26.290164947509766,26.715559005737305,27.00223133600194,28.357839113887604,21.670879364013672,20.76799774169922,24.25203098532768,23.367088317871094,19.353193283081055,24.123180333212666,27.900068283081055,24.157316207885742,27.40574073791504,-3.5411646366119385,28.493840342411183,28.72630199842041,28.780668189836266,-0.22853079635007845
1953-04-16 00:00:00,24.928258895874023,27.260019302368164,27.28204626060313,28.389508886460487,21.945890426635742,21.013717651367188,24.577903431751608,23.789865493774414,17.51148796081543,24.475409372019733,27.881139755249023,24.686595916748047,27.227718353271484,-3.2509500980377197,29.375490554556308,29.043871350505583,29.31222734727498,0.3448250528745717
1953-05-16 12:00:00,23.509859085083008,26.940343856811523,27.40182469907495,28.406281749878175,22.634130477905273,21.54276466369629,24.915081280221106,24.501419067382812,15.5451021194458,24.790865733842374,27.53419303894043,24.961442947387695,26.917821884155273,-1.833736538887024,29.271856353132723,29.095496199157225,28.837057999787156,0.18869026336831465
1953-06-16 00:00:00,22.66609001159668,26.546178817749023,27.35547835874685,28.39520289693365,24.08583641052246,23.271947860717773,25.43298367249204,24.807344436645508,13.141417503356934,25.363533557924164,26.705488204956055,25.470386505126953,26.067523956298828,-0.5091818571090698,27.84715427970121,28.809957169213906,27.573961739379172,-0.9649117877154418
1953-07-16 12:00:00,21.813180923461914,25.807621002197266,27.151410205375306,28.37433581924247,24.91099739074707,23.4872989654541,26.106508290193364,25.55483055114746,12.338908195495605,25.89256110119657,26.013742446899414,26.16234016418457,25.3040828704834,0.8107947707176208,27.093203588140213,28.21964260920147,26.850378183733188,-1.1372480944660979
1953-08-16 12:00:00,20.749998092651367,25.012664794921875,26.818977403569768,28.34489028238449,25.477689743041992,24.351099014282227,26.76780118951631,26.338340759277344,11.882959365844727,26.427389424414102,25.722793579101562,26.67454719543457,24.798973083496094,1.9218802452087402,26.907208860314384,27.691111616673968,26.70048336907888,-0.7977814100357823
1953-09-16 00:00:00,21.74736976623535,25.482925415039062,26.63908222369437,28.32142297942456,25.996496200561523,24.837100982666016,27.227924225952332,26.687131881713867,12.210603713989258,26.92862407341412,25.576425552368164,26.9687442779541,24.754671096801758,2.3409669399261475,27.145147284613696,27.684090807259157,26.920889739716277,-0.5505426479852045
1953-10-16 12:00:00,20.969738006591797,24.95309066772461,26.605745319534158,28.32669305332954,25.800405502319336,24.68680191040039,27.178056596214322,26.631120681762695,13.084945678710938,27.087421437639726,26.01342010498047,27.147014617919922,25.181217193603516,2.1266531944274902,27.769672575360175,27.930094525187556,27.380030524273394,-0.1654002892827123
1953-11-16 00:00:00,21.454696655273438,25.322233200073242,26.580852678279296,28.335512857647906,24.63011360168457,23.663333892822266,26.49747088711357,26.279769897460938,14.472458839416504,26.494601972530333,26.516908645629883,26.775432586669922,25.643505096435547,1.0983233451843262,28.03739601183344,28.203181010939776,27.813154685162473,-0.167520913176218
1953-12-16 12:00:00,22.633556365966797,24.671213150024414,26.594891385449596,28.337196267439985,23.396841049194336,22.391437530517578,25.49327383627825,25.311092376708984,17.05849266052246,25.39039980930127,26.948925018310547,25.90578842163086,26.216981887817383,-0.38913795351982117,27.861878373419483,28.290062643823216,28.01763860376345,-0.4314046900956246
1954-01-16 12:00:00,24.213239669799805,25.22266387939453,26.655002859550347,28.330852665830136,22.298173904418945,21.261308670043945,24.590337330620926,24.46651840209961,18.773691177368164,24.402886935772713,27.40760040283203,24.824806213378906,26.486440658569336,-1.5824276208877563,27.70601890343696,28.257556717984254,28.03740765635746,-0.5563408907696028
1954-02-15 00:00:00,26.046527862548828,26.36151123046875,26.799996688814606,28.333572409727772,21.630136489868164,20.674592971801758,24.235677970247476,23.43769073486328,19.492855072021484,24.044929958957802,27.681365966796875,24.315460205078125,27.29697608947754,-2.815584897994995,27.90618612119866,28.266005205269384,28.3035792763857,-0.3626698785823088
1954-03-16 12:00:00,26.181917190551758,26.987287521362305,27.022896997110657,28.355587857004547,21.672779083251953,20.435075759887695,24.324692195518267,23.367088317871094,19.353193283081055,24.168771297409016,28.008987426757812,24.157316207885742,27.40035057067871,-3.2928688526153564,28.519844923367785,28.802596453440295,28.787782454147052,-0.2783857175875833
1954-04-16 00:00:00,25.581701278686523,27.77117347717285,27.289021853854848,28.38633100647563,21.94989013671875,20.900632858276367,24.604990132623836,23.550827026367188,17.51148796081543,24.46573478858891,27.950603485107422,24.706628799438477,27.521381378173828,-3.1706254482269287,29.39246317361763,29.117952213885378,29.287114872292296,0.2880592519178367
1954-05-16 12:00:00,24.668228149414062,26.970930099487305,27.384636592144158,28.405617451254745,22.629056930541992,21.592281341552734,24.920940845193112,24.237600326538086,15.5451021194458,24.778423133079386,27.256567001342773,24.961442947387695,26.917821884155273,-1.833736538887024,29.210325172110895,29.126280255651256,28.793300702204842,0.09585538907723383
1954-06-16 00:00:00,22.9538631439209,26.418720245361328,27.266341359535364,28.38629943879963,24.38745880126953,22.648744583129883,25.409418321896233,24.429672241210938,13.273494720458984,25.33829838481499,26.626583099365234,25.80071449279785,26.067523956298828,-0.5091818571090698,27.92970648940129,28.84884837268096,27.635212990825664,-0.9203602515131892
1954-07-16 12:00:00,21.853878021240234,25.7103214263916,27.023442697299227,28.356107731906576,24.892953872680664,23.476198196411133,26.090438159857964,25.453447341918945,12.171554565429688,25.877076924979484,26.043174743652344,26.16234016418457,25.3040828704834,0.8107947707176208,27.214707999535953,28.341584058850053,26.961361215204935,-1.1362183958750218
1954-08-16 12:00:00,21.53565216064453,25.49444580078125,26.651138437311758,28.319388776844267,25.727210998535156,24.377653121948242,26.81411801609929,26.424955368041992,11.92042064666748,26.476750118188207,25.508556365966797,26.666954040527344,24.798973083496094,1.8922587633132935,26.95472148900123,27.796196358847997,26.760570017201683,-0.8546415636997937
1954-09-16 00:00:00,21.74736976623535,25.125627517700195,26.496902496205507,28.295511003143286,26.060548782348633,25.34358024597168,27.291557599613196,26.871639251708984,12.210603713989258,27.000824187014352,25.574813842773438,27.091259002685547,24.754671096801758,2.383286476135254,27.167571085991916,27.827632775580224,26.954392363541167,-0.671098266815328
1954-10-16 12:00:00,21.3712215423584,24.5507869720459,26.438447574000683,28.299413413018787,25.78449821472168,24.69571876525879,27.22951834181836,26.79979705810547,13.084945678710938,27.1497294307841,25.949092864990234,27.321950912475586,25.080890655517578,2.075725793838501,27.737687503074,28.067134216531695,27.418493840066837,-0.3344033099634727
1954-11-16 00:00:00,21.246347427368164,24.30953025817871,26.397621314189152,28.309090919118844,24.63011360168457,23.663333892822266,26.50583506923972,26.421733856201172,14.472458839416504,26.490437984889596,26.51082992553711,26.81885528564453,25.735570907592773,1.0983233451843262,28.038321588972412,28.283351340606625,27.846813362672513,-0.2465634163959478
1954-12-16 12:00:00,22.725936889648438,24.654739379882812,26.410889140943624,28.313051412142755,23.267648696899414,22.373149871826172,25.415110376288954,24.901203155517578,17.074947357177734,25.308455536725866,26.96807289123535,25.508655548095703,26.222984313964844,-0.4066202640533447,27.825532352558643,28.391217959030143,27.974209145624037,-0.5690129014425225
1955-01-16 12:00:00,24.079530715942383,25.935773849487305,26.488196958867015,28.307767637637735,22.298173904418945,21.21006202697754,24.489607645082483,24.137794494628906,19.131898880004883,24.30794639647649,27.440141677856445,24.77239227294922,26.630617141723633,-1.9398878812789917,27.63273462973843,28.32420295308349,27.961411297747297,-0.6968179959720957
1955-02-15 00:00:00,25.304216384887695,25.820310592651367,26.638776781341264,28.307872397019548,21.630136489868164,20.745210647583008,24.12440413749298,23.115177154541016,19.521888732910156,23.942858528392932,27.776262283325195,24.483978271484375,27.332677841186523,-3.2023086547851562,27.828455025043958,28.289703618993794,28.20696417400328,-0.4647924641139935
1955-03-16 12:00:00,26.181917190551758,26.508651733398438,26.901852734071653,28.329986068478465,21.672779083251953,20.435075759887695,24.203658532320915,23.426105499267578,19.353193283081055,24.06420143512988,27.976947784423828,24.150821685791016,27.582107543945312,-3.1853580474853516,28.49911808883832,28.661343059982865,28.790119988096855,-0.15839981005157283
1955-04-16 00:00:00,24.992090225219727,27.171470642089844,27.171854249461646,28.36435237255578,21.89413833618164,20.865903854370117,24.46705158116047,23.826801300048828,17.46160125732422,24.353963001338748,27.903554916381836,24.597301483154297,27.227718353271484,-2.931858539581299,29.3493545618592,29.056868285341082,29.247427551780504,0.3054712140903693
1955-05-16 12:00:00,24.01780891418457,27.221603393554688,27.2678817752903,28.384117032026058,22.629926681518555,21.40916633605957,24.834323654318677,24.05770492553711,15.579466819763184,24.700325469488646,27.53419303894043,25.165597915649414,26.917821884155273,-1.9460713863372803,29.213366623602774,29.096139825358968,28.764697970124463,0.128993947219682
1955-06-16 00:00:00,22.52968406677246,25.99863052368164,27.194396020154706,28.3717999011217,23.75831413269043,22.759174346923828,25.32955432793848,24.461185455322266,13.225301742553711,25.21290144486374,26.67687225341797,25.334728240966797,26.067523956298828,-0.5444462299346924,27.90286222407663,28.839898117691757,27.611442640557662,-0.9385349306218453
1955-07-16 12:00:00,21.395734786987305,25.234338760375977,26.933852047183166,28.343794386387014,24.9417724609375,23.440156936645508,26.024073823718208,25.32803726196289,12.338908195495605,25.775053358966375,25.976518630981445,26.13339614868164,25.3040828704834,0.814570426940918,27.12750282552301,28.35743031049829,26.895104466296246,-1.240073270109431
1955-08-16 12:00:00,20.29656982421875,25.114736557006836,26.563267739336474,28.30806061457038,25.477689743041992,24.24543571472168,26.745164406386383,26.182987213134766,11.78357219696045,26.368293842412882,25.515321731567383,26.57390022277832,24.79244041442871,1.9218802452087402,26.864965023819348,27.85282994698495,26.677109087350004,-1.0017613381066823
1955-09-16 00:00:00,20.07887077331543,24.62578010559082,26.396845487020265,28.28484283316,25.996496200561523,24.884458541870117,27.214381600435434,26.64177894592285,12.210603713989258,26.88598169644169,25.55804443359375,26.9687442779541,24.435983657836914,2.3724546432495117,27.116410351028136,27.838170893036075,26.91376961967765,-0.7332654852537626
1955-10-16 12:00:00,20.937776565551758,24.21036148071289,26.329489753335558,28.286705820234626,25.793977737426758,24.727733612060547,27.171792200808678,26.631120681762695,13.271702766418457,27.066512476905324,25.98175811767578,27.147014617919922,25.15872573852539,2.088866949081421,27.708840695844053,28.08338658902598,27.387243847030554,-0.37974171441537025
1955-11-16 00:00:00,21.596508026123047,24.981353759765625,26.29992793643688,28.29696093731903,24.647727966308594,23.690176010131836,26.448563845567012,26.175006866455078,15.110125541687012,26.422605038153854,26.4841251373291,26.597620010375977,25.631502151489258,1.1205536127090454,27.979651051648762,28.23788555633347,27.801167220480817,-0.2604440593548831
1955-12-16 12:00:00,22.66237449645996,24.473102569580078,26.329108785101432,28.301835994568258,23.27715301513672,22.498889923095703,25.35801134550198,24.910423278808594,17.013851165771484,25.23240216546941,26.954099655151367,25.637365341186523,26.209741592407227,-0.4066202640533447,27.759753376588943,28.34971138293999,27.928621790053658,-0.5940202512697563
1956-01-16 12:00:00,24.27396011352539,26.102624893188477,26.4408063494683,28.301347175018527,22.216228485107422,21.266433715820312,24.463107013524716,23.739425659179688,19.131898880004883,24.259371630798185,27.440141677856445,24.66284942626953,26.504474639892578,-1.8445794582366943,27.573719766445883,28.241529659709855,27.945976770770475,-0.6739284981725486
1956-02-15 12:00:00,25.39714813232422,26.526180267333984,26.600591951074314,28.307330852569272,21.679597854614258,20.745210647583008,24.071107805158125,23.67334747314453,19.66996955871582,23.860703746019396,27.745452880859375,24.189544677734375,27.29697608947754,-3.0859951972961426,27.76903147815922,28.26510979286396,28.184169425764225,-0.500255013515267
1956-03-16 12:00:00,26.164140701293945,27.000415802001953,26.824178736064486,28.32927854099413,21.535184860229492,20.498798370361328,24.138999274230386,23.255237579345703,19.353193283081055,23.965528429960756,27.948894500732422,24.223140716552734,27.40035057067871,-3.392075300216675,28.41714931684275,28.64674187458467,28.731951072299555,-0.22659372463545457
1956-04-16 00:00:00,24.928258895874023,27.375272750854492,27.11971051662175,28.363035746965735,21.85004997253418,20.848115921020508,24.404115084224223,23.5737361907959,17.53113555908203,24.252935335100936,27.75951385498047,24.71223258972168,27.59935760498047,-2.748779773712158,29.28608918583856,28.95185059253501,29.22802582069352,0.34635969541775424
1956-05-16 12:00:00,23.547517776489258,26.72145652770996,27.245418972454537,28.38573161321434,22.613950729370117,21.529144287109375,24.740377199371455,24.186506271362305,15.579466819763184,24.57645607411792,27.556121826171875,24.79044532775879,26.917821884155273,-1.8380519151687622,29.173359426455026,28.99556080954553,28.76903904910118,0.18893710931495092
1956-06-16 00:00:00,23.722620010375977,26.219196319580078,27.18406695673155,28.374003546837457,23.866865158081055,22.67768669128418,25.28463113064626,24.433578491210938,13.225301742553711,25.19263008549303,26.682912826538086,25.334728240966797,26.089599609375,-0.5444462299346924,27.780813810630853,28.758722918184926,27.484564718717902,-0.9807818314563674
1956-07-16 12:00:00,22.59046173095703,25.214019775390625,26.98357714630503,28.349702855916995,24.9417724609375,23.440156936645508,25.96645046020102,25.32803726196289,12.068642616271973,25.739725362967157,25.937358856201172,26.066326141357422,25.278371810913086,0.814570426940918,27.08487767952779,28.310793680506876,26.813220974557407,-1.2365856375428712
1956-08-16 12:00:00,20.32056427001953,24.52075958251953,26.63828217659678,28.319170415071333,25.477689743041992,24.230545043945312,26.68503732222271,26.20706558227539,11.812024116516113,26.31320647353524,25.515321731567383,26.511396408081055,24.751108169555664,1.9218802452087402,26.850205874244956,27.884109897496955,26.639841069415333,-1.0478674599248405
1956-09-16 00:00:00,20.033153533935547,24.532194137573242,26.451805209535692,28.294239110218545,26.005950927734375,24.89984893798828,27.179220976698563,26.489013671875,12.324250221252441,26.848713587011346,25.55804443359375,26.9687442779541,24.533220291137695,2.383286476135254,27.08018826704958,27.83607124286658,26.84723642993922,-0.7677425786737315
1956-10-16 12:00:00,20.73931121826172,24.173768997192383,26.403815855795987,28.29673538479104,25.62027931213379,24.734159469604492,27.157545191219622,26.631120681762695,13.651469230651855,27.03539286056096,25.996408462524414,27.276273727416992,25.15872573852539,2.1036932468414307,27.6754110575839,28.07052290470152,27.32264472725872,-0.4006613322344211
1956-11-16 00:00:00,21.390052795410156,24.420045852661133,26.387379723500786,28.30880131793808,24.647727966308594,23.690176010131836,26.426005192913603,26.175006866455078,15.110125541687012,26.412991749534747,26.4419002532959,26.597620010375977,25.56268310546875,1.0751787424087524,27.98524091772295,28.22079937909851,27.762172590703525,-0.2377552657683038
1956-12-16 12:00:00,22.695791244506836,24.89896583557129,26.42132320546143,28.314322039602924,23.27715301513672,22.44556427001953,25.337846904934793,24.97183609008789,17.074947357177734,25.22578498554561,26.965394973754883,25.637365341186523,26.216981887817383,-0.4066202640533447,27.7900055021888,28.355266935628872,27.943071970057886,-0.5690183043983368
1957-01-16 12:00:00,24.237356185913086,25.401981353759766,26.518688023599196,28.3128444233172,22.19403648376465,21.266433715820312,24.424301030748385,23.912050247192383,19.275211334228516,24.243813234225073,27.440141677856445,24.733800888061523,26.529016494750977,-1.9492521286010742,27.595032230177413,28.2221542765647,27.957305899870775,-0.6330816746975254
1957-02-15 00:00:00,25.413902282714844,26.01234245300293,26.688194616005156,28.317939031267876,21.679597854614258,20.745210647583008,24.055719774511644,23.67334747314453,19.59056854248047,23.874614944790935,27.776262283325195,24.189544677734375,27.325428009033203,-2.731997489929199,27.809091705535096,28.163778457938363,28.223767921454275,-0.35872115278742134
1957-03-16 12:00:00,25.99820899963379,27.0089168548584,26.910387135854517,28.340204529712743,21.535184860229492,20.498798370361328,24.13681292182268,23.37179946899414,19.353193283081055,23.986609260236563,27.9565486907959,24.36864471435547,27.746068954467773,-3.1187541484832764,28.443250219028496,28.62748344653097,28.742510986523367,-0.18102892026798567
1957-04-16 00:00:00,24.97380256652832,27.176969528198242,27.206468893251582,28.37637217335908,21.88993263244629,20.903493881225586,24.455913510910754,23.492321014404297,17.46160125732422,24.331345475208906,27.921283721923828,24.511810302734375,27.207420349121094,-2.931858539581299,29.333535754285837,29.008104103657573,29.233182038680358,0.33814632738414846
1957-05-16 12:00:00,24.01780891418457,27.16472625732422,27.333107632895846,28.398042442219207,22.629926681518555,21.682388305664062,24.823307291506644,24.05770492553711,15.533761978149414,24.673024449728885,27.59432029724121,25.189258575439453,26.97899627685547,-1.9718657732009888,29.153524635944525,29.057070733596067,28.71900146003596,0.10754927964408866
1957-06-16 00:00:00,22.52968406677246,26.418720245361328,27.27141400636427,28.38473667426839,23.832168579101562,22.377676010131836,25.330160452848837,24.47739601135254,13.359614372253418,25.240573983189833,26.67687225341797,25.334728240966797,26.168724060058594,-0.5091818571090698,27.869586779232343,28.763913457848368,27.566335040991486,-0.8963300960250851
1957-07-16 12:00:00,21.540056228637695,25.623126983642578,27.051738850063423,28.35978255089437,24.892953872680664,23.499399185180664,26.02793187912813,25.32803726196289,12.068642616271973,25.7967164121072,25.98580551147461,26.13339614868164,25.278371810913086,0.8107947707176208,27.110282532103838,28.245508795614807,26.860853170399245,-1.1458081282563115
1957-08-16 12:00:00,20.67984390258789,25.246196746826172,26.72754642023834,28.329304199682827,25.477689743041992,24.29730224609375,26.70820881591536,26.226497650146484,11.812024116516113,26.340205454922533,25.508556365966797,26.511396408081055,24.751108169555664,1.9218802452087402,26.89795986839767,27.811597881860905,26.70067372287239,-0.9273154029509665
1957-09-16 00:00:00,21.74736976623535,24.7969913482666,26.562184394241356,28.306222854997046,26.12696647644043,24.837100982666016,27.159016721033698,26.489013671875,12.286788940429688,26.841351360683177,25.574813842773438,27.134525299072266,24.533220291137695,2.3409669399261475,27.10598684322946,27.854428325718892,26.903042184138574,-0.7600078261711785
1957-10-16 12:00:00,21.3712215423584,24.74712562561035,26.507582107889302,28.309839520133682,25.800405502319336,24.67206573486328,27.113525792477265,26.733346939086914,13.486306190490723,27.01539640926474,25.949092864990234,27.111812591552734,25.15872573852539,2.10933256149292,27.67015554306325,28.06790606066119,27.320777844607004,-0.40335703624532765
1957-11-16 00:00:00,21.211624145507812,24.561641693115234,26.481010270256284,28.32126095078508,24.647727966308594,23.690176010131836,26.43130746696134,26.175006866455078,15.205902099609375,26.417490291592607,26.51082992553711,26.597620010375977,25.56268310546875,1.0983233451843262,27.993588016269566,28.210266576511437,27.793041415412855,-0.2188202007184828
1957-12-16 12:00:00,22.617685317993164,25.249834060668945,26.525359507976226,28.328461911465126,23.267648696899414,22.373149871826172,25.408203644069587,24.901203155517578,17.11370086669922,25.311480659569746,26.951265335083008,25.508655548095703,26.222984313964844,-0.4066202640533447,27.7992670079086,28.357450335911867,27.952872002901692,-0.5618455468610026
1958-01-16 12:00:00,24.309741973876953,25.026826858520508,26.624287868908823,28.327848347384524,22.391284942626953,21.267290115356445,24.545969230044367,23.866268157958984,19.483531951904297,24.378267570430545,27.47955894470215,24.57559585571289,26.763795852661133,-1.9398878812789917,27.639286474415705,28.256207542942015,27.992029451863804,-0.6223714646842333
1958-02-15 00:00:00,25.415433883666992,26.31531524658203,26.778377792506266,28.330387874750325,21.715673446655273,20.769092559814453,24.224860278181023,23.43769073486328,19.521888732910156,24.054062476254856,27.613985061645508,24.315460205078125,27.325428009033203,-2.919828414916992,27.84999333575811,28.242324074237064,28.254236377376643,-0.395780979212572
1958-03-16 12:00:00,26.181917190551758,26.987287521362305,27.024717097261366,28.35198615669893,21.691038131713867,20.76799774169922,24.284880429705765,23.367088317871094,19.353193283081055,24.14900201455061,28.075706481933594,24.157316207885742,27.582107543945312,-3.0184526443481445,28.50839024662986,28.687258817390795,28.801227794711647,-0.17489142851088735
1958-04-16 00:00:00,25.581701278686523,27.714069366455078,27.314513103529592,28.384837558036665,21.940719604492188,21.046993255615234,24.567239410329567,23.5911865234375,17.51148796081543,24.444503430660376,27.95779037475586,24.564485549926758,27.59935760498047,-3.2509500980377197,29.388530560866297,29.03364678150202,29.310863963524778,0.36819082885464965
1958-05-16 12:00:00,24.84676170349121,27.037439346313477,27.44075431288681,28.404068632108967,22.629056930541992,21.882808685302734,24.93552101202239,24.45657730102539,15.579466819763184,24.80104482343696,27.447792053222656,24.565601348876953,26.917821884155273,-2.152456521987915,29.248348771982762,29.092043292669867,28.82941546164567,0.16840037972289354
1958-06-16 00:00:00,23.40370750427246,26.958677291870117,27.37748699089967,28.39556285788715,23.836259841918945,22.539775848388672,25.421508293294703,24.429672241210938,13.26865005493164,25.343144768692788,26.659929275512695,25.463420867919922,26.089599609375,-0.5091818571090698,27.908712320037495,28.794116217557114,27.625405732887142,-0.8869568671446806
1958-07-16 12:00:00,21.853878021240234,25.898906707763672,27.163919634304904,28.371973784104615,24.9417724609375,23.512910842895508,26.077934772194123,25.335344314575195,12.338908195495605,25.86087570085722,25.92363739013672,26.16234016418457,25.3040828704834,0.8107947707176208,27.182425664003162,28.363852037884445,26.92532241715168,-1.1910265875622175
1958-08-16 12:00:00,20.85037612915039,24.843791961669922,26.81979038184408,28.34211706254396,25.477689743041992,24.24543571472168,26.76773426226509,26.338340759277344,11.854264259338379,26.42527338861605,25.593669891357422,26.64569664001465,24.798973083496094,1.8988797664642334,26.97002341851506,27.897299623410216,26.750327116150366,-0.9400514204226316
1958-09-16 00:00:00,21.74736976623535,26.081499099731445,26.639981734715015,28.32052984123576,25.996496200561523,24.822364807128906,27.23529500929337,26.687131881713867,12.210603713989258,26.948289272379306,25.588144302368164,27.091259002685547,24.80434799194336,2.3724546432495117,27.19466805364932,27.858778928813894,26.951464545074995,-0.6748108233090155
1958-10-16 12:00:00,21.13142967224121,25.184829711914062,26.578667141580333,28.324094367490893,25.793977737426758,24.68680191040039,27.21119223791182,26.631120681762695,13.271702766418457,27.125186142310284,26.07793617248535,27.303241729736328,25.080890655517578,2.0691049098968506,27.82996707132049,28.1694890119241,27.432436497872768,-0.34334109287166226
1958-11-16 00:00:00,21.246347427368164,24.790538787841797,26.532978691716117,28.330665645456914,24.647727966308594,23.663333892822266,26.51777383996816,26.421733856201172,15.110125541687012,26.509628171664346,26.546464920043945,26.75146484375,25.643505096435547,1.0983233451843262,28.126930080759454,28.307060900518056,27.902301671787356,-0.18075211023384502
1958-12-16 12:00:00,22.725936889648438,24.741151809692383,26.538454425632892,28.33231247687017,23.28140640258789,22.373149871826172,25.467538139757618,25.258132934570312,17.11370086669922,25.361806379761823,26.930755615234375,25.606754302978516,26.222984313964844,-0.4066202640533447,27.936601601451,28.395627829073593,28.103216913040857,-0.46127090645873015
1959-01-16 12:00:00,24.27396011352539,25.118188858032227,26.59647597554028,28.328408708439518,22.298173904418945,21.267290115356445,24.584656656091564,23.943151473999023,19.275211334228516,24.40553769290792,27.40760040283203,24.824806213378906,26.57052230834961,-1.863720178604126,27.69297221320676,28.330937568745497,28.046998362295987,-0.642717407089221
1959-02-15 00:00:00,26.046527862548828,26.093297958374023,26.72892987254174,28.329273778453224,21.715673446655273,20.907865524291992,24.211983167619263,23.42582893371582,19.492855072021484,24.039026081948286,27.66931915283203,23.957916259765625,27.332677841186523,-3.0775864124298096,27.904290510742435,28.295915982076703,28.320296283967835,-0.3944224369107652
1959-03-16 12:00:00,26.324047088623047,26.508651733398438,26.95980419877101,28.34661453836723,21.670879364013672,20.76799774169922,24.23906586121675,23.426105499267578,19.228958129882812,24.09664144102939,28.075706481933594,24.150821685791016,27.69045639038086,-3.392075300216675,28.52604079212926,28.75219851228413,28.84480522459085,-0.22185363380985546
1959-04-16 00:00:00,24.928258895874023,27.176969528198242,27.218574844854352,28.37823811044047,21.940719604492188,21.10120391845703,24.494886149622292,23.64710807800293,17.46160125732422,24.36878749990133,27.881139755249023,24.576688766479492,27.498321533203125,-2.7224152088165283,29.401798928381172,29.083376483658384,29.330126742031762,0.3319774676869411
1959-05-16 12:00:00,23.588151931762695,27.221603393554688,27.33101214380222,28.396239774855417,22.617509841918945,21.580995559692383,24.88578598132365,24.034631729125977,15.579466819763184,24.756298562531633,27.53419303894043,25.25090980529785,26.917821884155273,-1.9460713863372803,29.23295811099782,29.147403506751093,28.828754060713507,0.09763445306695358
1959-06-16 00:00:00,22.537437438964844,25.769664764404297,27.263739897500145,28.385618400079288,23.832168579101562,22.377676010131836,25.394485314492538,24.50687026977539,13.273494720458984,25.31044529303727,26.705488204956055,25.642518997192383,26.074562072753906,-0.5444462299346924,27.839244772108334,28.95566264280003,27.551840002447417,-1.1182517651821715
1959-07-16 12:00:00,21.30912971496582,25.39443588256836,27.011986757668744,28.357643038934523,24.8828182220459,23.512910842895508,26.08042931061615,25.32803726196289,12.143062591552734,25.852179093999474,25.98580551147461,26.178279876708984,25.3040828704834,0.8235695362091064,27.122150891812833,28.491822856826598,26.86380941630336,-1.3795453411242729
1959-08-16 12:00:00,20.29656982421875,24.734397888183594,26.629395364173142,28.32170173737055,25.501081466674805,24.29730224609375,26.768894221246885,26.199718475341797,11.78357219696045,26.40658730281126,25.53717613220215,26.730533599853516,24.798973083496094,1.9218802452087402,26.924170281163285,28.06334988344029,26.71241974480381,-1.1519969685032734
1959-09-16 00:00:00,20.07887077331543,24.517070770263672,26.448609181289306,28.2969602113769,26.1046199798584,24.837100982666016,27.266914405834687,26.687131881713867,12.210603713989258,26.95262919639036,25.574813842773438,26.9687442779541,24.754671096801758,2.3724546432495117,27.134243208126012,28.044820222870605,26.919636901507612,-0.921411547394801
1959-10-16 12:00:00,20.624404907226562,24.85334587097168,26.401436668437025,28.299598504298768,25.78449821472168,24.69571876525879,27.24094072322114,26.80569839477539,13.651469230651855,27.152896768517806,25.90882682800293,27.266023635864258,25.181018829345703,2.088866949081421,27.67515732413195,28.184925489430984,27.33686238725593,-0.5150442383632055
1959-11-16 00:00:00,21.367177963256836,24.981353759765625,26.348668915797234,28.307935898159595,24.63011360168457,23.74115753173828,26.56351377559388,26.48455238342285,15.110125541687012,26.54953791351342,26.448087692260742,26.751333236694336,25.56268310546875,1.0751787424087524,27.98695963707771,28.277757297837987,27.809922039407205,-0.29284053334224247
1959-12-16 12:00:00,22.691648483276367,24.750276565551758,26.39163227863027,28.31468186279275,23.28140640258789,22.373149871826172,25.47934887964304,25.170988082885742,17.11370086669922,25.36269140416494,26.96807289123535,25.8631534576416,26.216981887817383,-0.381661981344223,27.81107284714894,28.41040081733228,27.977169126088953,-0.602748564806987
1960-01-16 12:00:00,24.079530715942383,26.102624893188477,26.476920236963608,28.311099761321305,22.210657119750977,21.215518951416016,24.511931309815353,24.137794494628906,19.483531951904297,24.320572085830896,27.35483741760254,24.77239227294922,26.446102142333984,-1.9398878812789917,27.62345057993549,28.297119781486217,27.986199516406263,-0.6791737851166082
1960-02-15 12:00:00,25.413902282714844,26.526180267333984,26.613673655842973,28.31383230883949,21.679597854614258,20.643136978149414,24.10480834810576,23.115177154541016,19.521888732910156,23.90969850395191,27.730409622192383,24.189544677734375,27.317283630371094,-3.2023086547851562,27.81555536476294,28.227816172396988,28.235783123524204,-0.41607840888386427
1960-03-16 12:00:00,26.290164947509766,26.770174026489258,26.848412574601017,28.33552799046783,21.535184860229492,20.498798370361328,24.15714579201066,23.3759822845459,19.353193283081055,23.997727191676013,27.976947784423828,24.36864471435547,27.618213653564453,-3.112262487411499,28.431163930615483,28.713398457025754,28.741231902823927,-0.27893970136701873
1960-04-16 00:00:00,24.928258895874023,27.36526870727539,27.15417735636091,28.371862267097136,21.88993263244629,20.83147430419922,24.44947586093422,23.93181610107422,17.46160125732422,24.31629252307733,27.921283721923828,24.511810302734375,27.504810333251953,-3.321370840072632,29.313865238900984,29.04570460090933,29.258952689017075,0.2807761319161702
1960-05-16 12:00:00,23.83993911743164,26.6977596282959,27.27265876852742,28.393232013836837,22.638809204101562,21.592281341552734,24.81392773246017,24.05770492553711,15.512972831726074,24.673969481068163,27.59432029724121,25.179208755493164,26.95775604248047,-1.833736538887024,29.184786586560076,29.066710995743765,28.776357874406113,0.12949593790889513
1960-06-16 00:00:00,22.695730209350586,26.184480667114258,27.228773957005906,28.38212996544829,24.08583641052246,22.530969619750977,25.30812193121152,24.461185455322266,13.359614372253418,25.240743120638818,26.67687225341797,25.671398162841797,26.17508316040039,-0.5237483978271484,27.871834199440208,28.80406340931766,27.56611180065894,-0.9341141220762685
1960-07-16 12:00:00,21.48270034790039,25.39443588256836,27.01961854686438,28.35887970981611,24.91099739074707,23.512910842895508,26.012746222011284,25.32803726196289,12.338908195495605,25.79814187591588,25.976518630981445,26.13339614868164,25.29767417907715,0.8200138211250305,27.13857844660763,28.3366921912902,26.872851177315106,-1.2082026398809054
1960-08-16 12:00:00,20.58770751953125,25.574499130249023,26.695724415997617,28.329477909565696,25.501081466674805,24.29730224609375,26.735552247873233,26.226497650146484,11.812024116516113,26.378254656194756,25.508556365966797,26.57390022277832,24.751108169555664,1.8988797664642334,26.934717605813294,27.908724981263052,26.724753448581733,-0.9870957941263552
1960-09-16 00:00:00,20.74144172668457,25.089632034301758,26.539735254471438,28.307577409118366,26.12696647644043,24.822364807128906,27.220963694821858,26.639299392700195,12.324250221252441,26.913235175052186,25.574813842773438,26.9687442779541,24.533220291137695,2.3724546432495117,27.157720289055845,27.83895330064569,26.93411808427255,-0.6923373661976315
1960-10-16 12:00:00,21.13142967224121,24.723705291748047,26.50075170262127,28.309544894301638,25.62027931213379,24.743858337402344,27.171144775156844,26.670970916748047,13.271702766418457,27.060295202289645,25.949092864990234,27.147014617919922,25.15872573852539,2.0691049098968506,27.73134743190475,28.071483535127665,27.362178569986526,-0.3451434032051983
1960-11-16 00:00:00,21.211624145507812,24.59147834777832,26.48466018471256,28.319402690989875,24.698938369750977,23.729095458984375,26.419318425524164,26.175006866455078,14.472458839416504,26.401282152930342,26.51082992553711,26.597620010375977,25.56268310546875,1.0983233451843262,28.029117358019455,28.240124685741865,27.78516739460898,-0.21273406011690218
1960-12-16 12:00:00,22.6861629486084,25.24018096923828,26.525393956917895,28.32527010462893,23.27715301513672,22.44556427001953,25.349942846934706,24.905214309692383,17.05849266052246,25.248421126194764,26.93631935119629,25.637365341186523,26.209741592407227,-0.4066202640533447,27.84391588514978,28.297365896753163,27.98150801380655,-0.4568261854143211
1961-01-16 12:00:00,24.27396011352539,25.749465942382812,26.629540786274095,28.325714622235868,22.37629508972168,21.21006202697754,24.479344311238936,24.10307502746582,19.131898880004883,24.310824413575,27.47955894470215,24.398435592651367,26.504474639892578,-1.8445794582366943,27.665658291150066,28.360693226750282,28.02306784017688,-0.699978856560308
1961-02-15 00:00:00,25.415433883666992,26.31531524658203,26.77951032158615,28.33081757722779,21.715673446655273,20.729970932006836,24.156586965549597,23.18412971496582,19.521888732910156,23.99431790405275,27.676105499267578,24.25433349609375,27.207799911499023,-2.7798163890838623,27.87655129259706,28.297487627486788,28.298647359568267,-0.42399723521522925
1961-03-16 12:00:00,26.337888717651367,27.040504455566406,27.044668294210915,28.35471237030275,21.672779083251953,20.92755126953125,24.252909625138443,23.347312927246094,19.353193283081055,24.113796593867676,27.94074058532715,24.44600486755371,27.45438575744629,-3.2928688526153564,28.494988642994738,28.789338400485068,28.78987103748825,-0.29025581425199287
1961-04-16 00:00:00,25.34459686279297,27.41838836669922,27.334062854943106,28.38739008916436,21.94989013671875,20.950387954711914,24.574394288206747,23.550827026367188,17.46160125732422,24.443582083193583,27.936912536621094,24.706628799438477,27.504810333251953,-3.2156569957733154,29.39119044118033,29.12165516007272,29.320831096791757,0.28308021852160825
1961-05-16 12:00:00,24.473142623901367,27.217897415161133,27.438131435753167,28.40714209185217,22.62094497680664,21.592281341552734,24.907792958670324,24.318965911865234,15.579466819763184,24.764465558516335,27.44253158569336,24.565601348876953,26.917821884155273,-1.833736538887024,29.257197456718142,29.148406755989978,28.854730002894712,0.12110691424027073
1961-06-16 00:00:00,24.214643478393555,26.869386672973633,27.386373427906292,28.397452463860247,23.75831413269043,22.67768669128418,25.37294673774833,24.50687026977539,13.225301742553711,25.264275187108943,26.655738830566406,25.642518997192383,26.067523956298828,-0.5444462299346924,27.960161561902346,28.76741067676644,27.65126039800392,-0.8083699187429934
1961-07-16 12:00:00,21.75829315185547,25.65289306640625,27.164990632241565,28.372888559008565,25.01675033569336,23.440156936645508,26.056212189424908,25.335344314575195,12.338908195495605,25.81597520117171,25.92363739013672,26.155582427978516,25.3040828704834,0.814570426940918,27.150970100002688,28.232038145224916,26.89682820953656,-1.0912896967701615
1961-08-16 12:00:00,20.853490829467773,25.321422576904297,26.84085430797007,28.340829220116273,25.52591896057129,24.230545043945312,26.741385720893735,26.338340759277344,11.854264259338379,26.36697071635531,25.593669891357422,26.645828247070312,24.866806030273438,1.9264050722122192,26.944650929287473,27.790836146131085,26.73053927617973,-0.8594620316683617
1961-09-16 00:00:00,20.663217544555664,25.253803253173828,26.67819478080586,28.32143846294341,26.005950927734375,24.884458541870117,27.20578091773852,26.64177894592285,12.324250221252441,26.898549164359864,25.588144302368164,26.9687442779541,24.80434799194336,2.3409669399261475,27.175189603103714,27.75477055737396,26.940725716232524,-0.5907196954809155
1961-10-16 12:00:00,21.167285919189453,25.783912658691406,26.644239720678048,28.32819888574444,25.646747589111328,24.749549865722656,27.12228672174881,26.769746780395508,13.537066459655762,27.036268404019843,26.07793617248535,27.276273727416992,25.181217193603516,2.1365966796875,27.78688586614523,27.975796184606715,27.393260856104625,-0.1936123229883998
1961-11-16 00:00:00,22.544111251831055,25.0058536529541,26.589229351004676,28.33617426536745,24.716655731201172,23.729095458984375,26.40361917754328,26.16751480102539,15.110125541687012,26.397784516669574,26.546464920043945,26.597620010375977,25.6268310546875,1.1095385551452637,28.03376196375722,28.1801630411719,27.806167025627467,-0.14822756905728532
1961-12-16 12:00:00,22.6861629486084,24.671213150024414,26.60702120712249,28.342799003421582,23.27680206298828,22.44556427001953,25.387563744479426,24.99164390563965,17.05962371826172,25.281920195473432,26.9490966796875,25.508655548095703,26.222984313964844,-0.4066202640533447,27.835972772440865,28.378192121076932,27.969648112929768,-0.5454772875435936
1962-01-16 12:00:00,24.27396011352539,25.22266387939453,26.670312315464386,28.338288723384473,22.216228485107422,21.252992630004883,24.510735240585444,24.178598403930664,19.331430435180664,24.333797909101357,27.40760040283203,24.785032272338867,26.703781127929688,-2.0182297229766846,27.693924622263125,28.277912171366868,28.05612155064654,-0.5888582695672657
1962-02-15 00:00:00,26.046527862548828,26.36151123046875,26.80015769634608,28.3404318946932,21.630136489868164,20.692380905151367,24.201359934918354,23.42582893371582,19.521888732910156,24.026339703404105,27.66931915283203,23.957916259765625,27.420116424560547,-3.3621816635131836,27.929085150625347,28.393756656785396,28.341225012280074,-0.46699324185497937
1962-03-16 12:00:00,26.121788024902344,26.987287521362305,27.026327203682868,28.35833622308779,21.540191650390625,20.435075759887695,24.27019386398206,23.29982566833496,19.16031837463379,24.123428403464338,27.918325424194336,24.39524269104004,27.65349769592285,-3.1187541484832764,28.520092996314954,28.780456734923757,28.80010010623959,-0.2560489177439255
1962-04-16 00:00:00,25.581701278686523,27.41838836669922,27.31104848949169,28.389299845870802,21.94989013671875,20.917831420898438,24.569036150907994,23.4283447265625,17.53113555908203,24.44484348463986,27.936912536621094,24.564485549926758,27.549633026123047,-2.748779773712158,29.38850714364342,29.10549773089872,29.312115006537926,0.2964894916766248
1962-05-16 12:00:00,24.668228149414062,27.011470794677734,27.419118322588986,28.408474079912178,22.629926681518555,21.653934478759766,24.924655557127128,24.318965911865234,15.579466819763184,24.77012228540591,27.44253158569336,25.233856201171875,27.230714797973633,-1.8380519151687622,29.30940091447668,29.152173904684936,28.8660907972849,0.17005614767870195
1962-06-16 00:00:00,22.9538631439209,26.49991798400879,27.338282159802084,28.394711647224845,23.75831413269043,22.67768669128418,25.399414575578962,24.50687026977539,13.22075366973877,25.3061790450502,26.655738830566406,25.64116859436035,26.300573348999023,-0.4825736880302429,27.943174056726182,28.862269311213506,27.62255671431861,-0.9201512786317474
1962-07-16 12:00:00,21.888282775878906,25.807621002197266,27.10795305611663,28.368950615557612,24.9417724609375,23.50360870361328,26.041597386041996,25.32803726196289,12.32942008972168,25.83673472279147,25.93669319152832,26.155582427978516,25.48558807373047,0.8105074763298035,27.19048504223054,28.28470831669741,26.934151033186488,-1.10393654386771
1962-08-16 12:00:00,21.143478393554688,25.015052795410156,26.772795808922787,28.334382168431496,25.477689743041992,24.24543571472168,26.730505093422874,26.182987213134766,11.760568618774414,26.394802474465912,25.593669891357422,26.64569664001465,24.836217880249023,1.9264050722122192,26.996423976110343,27.772519999892765,26.789456481448337,-0.7889173181702269
1962-09-16 00:00:00,20.54640769958496,25.53493309020996,26.61198868001351,28.31064326878584,25.992143630981445,24.894880294799805,27.19360958782288,26.64177894592285,12.286788940429688,26.89629471437786,25.588144302368164,27.091259002685547,24.810880661010742,2.4294798374176025,27.244653222825708,27.76066046194463,27.011359162090667,-0.5264613512233034
1962-10-16 12:00:00,20.295211791992188,24.53514289855957,26.592829966839957,28.31685356347127,25.656156539916992,24.743858337402344,27.13672766914109,26.670970916748047,13.271702766418457,27.051763481203736,26.07793617248535,27.147014617919922,25.080890655517578,2.1311779022216797,27.823080651525768,28.015649679200735,27.4653133420959,-0.19682559955669726
1962-11-16 00:00:00,21.334989547729492,25.77734375,26.57001726686346,28.327066543979594,24.542823791503906,23.729095458984375,26.408854810859662,26.034282684326172,15.110125541687012,26.39050271771211,26.546464920043945,26.597620010375977,25.633712768554688,1.1095385551452637,28.07906000408442,28.247411212746037,27.858627487686988,-0.1695783505195919
1962-12-16 12:00:00,22.6861629486084,24.671213150024414,26.5720672030024,28.329412958382072,23.27680206298828,22.520389556884766,25.349922372439277,24.910423278808594,16.978923797607422,25.23623084075284,26.93162727355957,25.637365341186523,26.229883193969727,-1.013667345046997,27.8371801780545,28.412281468472262,27.976663361057497,-0.5782653758349188
1963-01-16 12:00:00,24.213239669799805,25.910123825073242,26.642402923036272,28.3226966552745,22.216228485107422,21.266433715820312,24.4883561413621,23.992597579956055,18.7342586517334,24.30373753569907,27.40760040283203,24.421138763427734,26.72117042541504,-2.507208824157715,27.686388753695283,28.32677434327906,28.037014182257032,-0.6452112201148255
1963-02-15 00:00:00,26.046527862548828,26.35857391357422,26.75490211832338,28.325643525858872,21.679597854614258,20.674592971801758,24.171699603661956,23.115177154541016,19.492855072021484,23.982629680666662,27.681365966796875,24.483978271484375,27.420116424560547,-3.077580451965332,27.88564402916983,28.34128249393738,28.295004769436805,-0.45850600340744013
1963-03-16 12:00:00,26.181917190551758,26.873165130615234,26.966343757860173,28.343099897510577,21.535184860229492,20.435075759887695,24.275533480680174,23.29982566833496,19.353193283081055,24.124284209123225,27.990982055664062,24.454988479614258,27.65349769592285,-3.1293718814849854,28.526063113618427,28.769410431201234,28.8300342762741,-0.23900151240094336
1963-04-16 00:00:00,24.990556716918945,27.77117347717285,27.255469989575467,28.373792481173023,21.88993263244629,20.917831420898438,24.55567691966156,23.64443588256836,17.51148796081543,24.426858436507707,27.881139755249023,24.598716735839844,27.432355880737305,-2.931858539581299,29.339348933971028,29.07825595536353,29.25944260787691,0.27403291953419123
1963-05-16 12:00:00,24.01780891418457,26.940343856811523,27.327280474458234,28.390258510629327,22.638809204101562,21.580995559692383,24.893950608172954,24.023574829101562,15.263418197631836,24.734023592294626,27.556121826171875,25.233856201171875,26.917821884155273,-1.9460713863372803,29.157438705195613,29.05812531306183,28.766754559651897,0.11044908891305165
1963-06-16 00:00:00,22.66609001159668,25.769664764404297,27.219571682078268,28.373793316910245,23.866865158081055,22.530969619750977,25.397808354822594,24.429672241210938,13.273494720458984,25.277383221177686,26.682912826538086,25.642518997192383,26.089599609375,-0.5237483978271484,27.78201405667332,28.702576709443523,27.519351686945527,-0.9235591788591166
1963-07-16 12:00:00,21.68939971923828,25.39443588256836,26.95160228123055,28.340822963968105,25.01675033569336,23.440156936645508,26.06724379931781,25.335344314575195,12.338908195495605,25.784810659945677,25.869050979614258,26.072223663330078,25.278371810913086,0.8200138211250305,27.034458114444913,28.122247916746243,26.79219085191607,-1.099400705947014
1963-08-16 12:00:00,20.58770751953125,25.590076446533203,26.614315858518804,28.303487175980976,25.52591896057129,24.230545043945312,26.719897854875175,26.226497650146484,11.854264259338379,26.29353239806447,25.498552322387695,26.511396408081055,24.751108169555664,1.9318238496780396,26.772185715373205,27.66255109846773,26.579985458019618,-0.9056160783142846
1963-09-16 00:00:00,20.31406021118164,24.627248764038086,26.465777346897646,28.28115948436331,26.02185821533203,24.89984893798828,27.15010518344923,26.52886390686035,12.210603713989258,26.777198286286627,25.55804443359375,27.099430084228516,24.533220291137695,2.3409669399261475,26.99886740400841,27.6084606973214,26.78493058804441,-0.6227866040763947
1963-10-16 12:00:00,20.73931121826172,24.670392990112305,26.410650799682944,28.28793620467376,25.640254974365234,24.673330307006836,27.121778795687778,26.733346939086914,13.329190254211426,26.95124593938411,25.83122444152832,26.99652671813965,25.15872573852539,2.0691049098968506,27.54794058271253,27.799042116073554,27.19775121158649,-0.2585359234853998
1963-11-16 00:00:00,21.390052795410156,24.30953025817871,26.39303586376581,28.299095866205782,24.56155776977539,23.729095458984375,26.405221270978824,26.175006866455078,14.472458839416504,26.334448719373796,26.318376541137695,26.526737213134766,25.56268310546875,1.0751787424087524,27.782092232005358,27.96643510071636,27.569520734511027,-0.1891137114432867
1963-12-16 12:00:00,23.486799240112305,24.750276565551758,26.408781483706107,28.306660527159618,23.27680206298828,22.54556655883789,25.35933394193536,24.99164390563965,16.064722061157227,25.188885121349294,26.757186889648438,25.566743850708008,25.98204803466797,-0.381661981344223,27.5995256329828,28.088305179624797,27.750677463699766,-0.49501855963996183
1964-01-16 12:00:00,24.296051025390625,25.935773849487305,26.509663837662288,28.30691584315575,22.22052574157715,21.266433715820312,24.459521755780653,24.066104888916016,18.716062545776367,24.214951894928788,27.249736785888672,24.808605194091797,26.544408798217773,-1.5824276208877563,27.412489104305862,28.1681511955292,27.746048396842415,-0.7635137492787409
1964-02-15 12:00:00,25.208181381225586,25.729360580444336,26.66019490520592,28.312168646520373,21.679597854614258,20.745210647583008,24.089107199415988,23.115177154541016,19.901199340820312,23.855025012801875,27.647539138793945,24.189544677734375,27.26233673095703,-2.843409299850464,27.61802585609582,28.118361930337393,28.015625275483433,-0.5063240563529201
1964-03-16 12:00:00,26.337270736694336,27.0089168548584,26.91608160264179,28.3328508649364,21.535184860229492,20.498798370361328,24.164460926838665,23.329998016357422,19.57427406311035,23.96665425832078,27.813249588012695,24.223140716552734,27.456052780151367,-3.387927293777466,28.282480084366615,28.533753121013163,28.567677478684658,-0.2498464125871439
1964-04-16 00:00:00,24.87086296081543,27.375272750854492,27.142602649749783,28.360240229140278,21.88994026184082,20.918733596801758,24.43133625618176,23.5737361907959,17.53699493408203,24.25307932923993,27.767208099365234,24.351806640625,27.492929458618164,-3.2156569957733154,29.181366888543597,28.878523157094303,29.088697798871408,0.3137772927673214
1964-05-16 12:00:00,23.775955200195312,26.72145652770996,27.22965991727812,28.37613291541145,22.682270050048828,21.708112716674805,24.753089457303773,24.201053619384766,14.710762023925781,24.57132208485845,27.399065017700195,24.79044532775879,26.833234786987305,-2.152456521987915,29.059863780900937,28.90427744103166,28.626103770668507,0.1654093182350761
1964-06-16 00:00:00,22.42548370361328,26.12518882751465,27.13312449904085,28.361417126479058,23.683778762817383,22.73311996459961,25.251930096834794,24.387317657470703,12.776657104492188,25.112454694868127,26.458412170410156,25.334728240966797,26.1341609954834,-0.5091818571090698,27.678188731154776,28.661942971514325,27.378346524423954,-0.9878508152549768
1964-07-16 12:00:00,21.382444381713867,25.865781784057617,26.868794113325215,28.33185772371013,25.01675033569336,23.292959213256836,25.911075972276155,25.32803726196289,12.217841148376465,25.627496511427445,25.631004333496094,26.044937133789062,25.367551803588867,0.8107947707176208,26.96658940100435,28.21353645398044,26.704926204303575,-1.2589928644450563
1964-08-16 12:00:00,20.29766845703125,24.53567886352539,26.496605474618693,28.29647639965186,25.52591896057129,24.163633346557617,26.610109062833214,26.220985412597656,11.831957817077637,26.21212752135049,25.498552322387695,26.418811798095703,24.515350341796875,1.8922587633132935,26.759189730189004,27.748890717570383,26.550154078065514,-1.0048689208456139
1964-09-16 00:00:00,20.032543182373047,24.489063262939453,26.332468890046655,28.27396675254684,25.857799530029297,24.740270614624023,27.06447237279193,26.609590530395508,12.210603713989258,26.701613750252832,25.55804443359375,26.912580490112305,24.533220291137695,2.383286476135254,26.963440279205408,27.767607833680923,26.750967087750265,-0.8173190351181385
1964-10-16 12:00:00,21.832422256469727,24.938697814941406,26.305288846319293,28.277437208835195,25.518115997314453,24.67784881591797,26.99488521432649,26.71843910217285,12.91799259185791,26.825616159720454,25.804405212402344,26.99652671813965,25.0452823638916,2.088866949081421,27.55463610264367,27.943559122824993,27.195860239701805,-0.395944312245927
1964-11-16 00:00:00,21.566537857055664,24.981353759765625,26.280908258611714,28.28819027247102,24.57127571105957,23.780174255371094,26.300829572688915,26.096956253051758,14.472458839416504,26.22876180490509,26.30573272705078,26.53783416748047,25.579191207885742,1.0751787424087524,27.85186209168273,28.072627793876496,27.63286274503076,-0.22460709828079384
1964-12-16 12:00:00,22.605958938598633,24.410734176635742,26.31470673705728,28.29268020126171,23.35769271850586,22.527400970458984,25.23976384548366,24.853607177734375,16.064722061157227,25.080363905112513,26.757186889648438,25.556705474853516,25.987945556640625,-0.4066202640533447,27.618516256536168,28.237720004172537,27.740489367657652,-0.6248991864447009
1965-01-16 12:00:00,24.652544021606445,24.671302795410156,26.412407085902217,28.291902032243,22.2801513671875,21.39325714111328,24.33742976971345,23.920833587646484,18.727922439575195,24.112555433233545,27.249736785888672,24.681968688964844,26.544408798217773,-1.8445794582366943,27.43157282086487,28.13717961488192,27.75922228147903,-0.7133489482950262
1965-02-15 00:00:00,25.208181381225586,26.61815643310547,26.551598322097426,28.293044278196867,21.61532211303711,20.413633346557617,23.978207089281938,23.67334747314453,19.901199340820312,23.759157241719393,27.58323860168457,24.189544677734375,27.26233673095703,-3.170949935913086,27.652025775786424,28.002083814507287,28.052084109379457,-0.35599825477351255
1965-03-16 12:00:00,26.120681762695312,26.83167266845703,26.80481964816794,28.314211563551716,21.535184860229492,20.498798370361328,24.015343866108495,23.753158569335938,19.57427406311035,23.835556732337317,27.754810333251953,24.122859954833984,27.472623825073242,-3.956054449081421,28.300383884367573,28.492571105802295,28.591388011878788,-0.19068710213757423
1965-04-16 00:00:00,24.87086296081543,26.95349884033203,27.043518224920604,28.345291640657255,21.88994026184082,20.918733596801758,24.36406769753115,23.5737361907959,17.53699493408203,24.20299502576924,27.998085021972656,24.492908477783203,27.492929458618164,-3.2509500980377197,29.151642009843183,28.885798141440286,29.02136396335079,0.27650808297154805
1965-05-16 12:00:00,23.47268295288086,26.03855323791504,27.14853443053365,28.364067926362594,22.53599739074707,21.708112716674805,24.709457665588467,24.186506271362305,14.710762023925781,24.52338522631461,27.395082473754883,24.82227325439453,26.833234786987305,-2.1635901927948,28.998168401496756,28.935698987144036,28.53649812212672,0.07177270837591451
1965-06-16 00:00:00,22.56475067138672,26.363445281982422,27.0971890146752,28.354200100523897,23.683778762817383,22.73311996459961,25.19911253369736,24.387317657470703,13.085346221923828,25.06011282934311,26.458412170410156,25.628786087036133,26.161277770996094,-0.5888566374778748,27.648431990374917,28.677601958400317,27.339592731990983,-1.0335159806942715
1965-07-16 12:00:00,22.067720413208008,25.526592254638672,26.857928592159052,28.327261722809777,24.941303253173828,23.27467155456543,25.83636120352112,25.32803726196289,12.123163223266602,25.549249010654513,25.631004333496094,26.02513885498047,25.367551803588867,0.8107947707176208,26.9621829049972,28.22121125650681,26.687231447699258,-1.2710981857971166
1965-08-16 12:00:00,20.29766845703125,24.610979080200195,26.51792296434515,28.29530053485244,25.53866195678711,24.289928436279297,26.49488038660431,26.14356803894043,11.831957817077637,26.07770703523473,25.498552322387695,26.39775848388672,24.515350341796875,1.9045597314834595,26.731025700264357,27.77152849633818,26.515202671106874,-1.0558879672128523
1965-09-16 00:00:00,20.0091552734375,24.252742767333984,26.347417809223945,28.27151859760512,25.83871841430664,24.833742141723633,26.978758231565568,26.576332092285156,12.210603713989258,26.620848456511688,25.55804443359375,26.79812240600586,24.533220291137695,2.3724546432495117,26.940882586121848,27.775211421531715,26.724627828615255,-0.8476796964920617
1965-10-16 12:00:00,20.630020141601562,24.938697814941406,26.2869140200549,28.27591676095032,25.68061065673828,24.683025360107422,26.934384564114705,26.73668098449707,12.90976619720459,26.79974932700943,25.83122444152832,27.16004180908203,24.900484085083008,2.088866949081421,27.475772864287336,27.965359337570415,27.13607376831705,-0.4973163450075229
1965-11-16 00:00:00,21.566537857055664,24.981353759765625,26.242515340100123,28.287133325880276,24.642343521118164,23.780174255371094,26.190519482714702,25.881681442260742,14.472458839416504,26.150547417110324,26.30573272705078,26.510021209716797,25.56268310546875,1.0983233451843262,27.820616667325623,28.087150967014033,27.61055615629731,-0.2706422403549378
1965-12-16 12:00:00,22.537216186523438,25.144092559814453,26.292579142164794,28.29791757101343,23.547588348388672,22.527400970458984,25.095357778635293,24.935871124267578,16.6485652923584,24.96246611146786,26.95895767211914,25.792940139770508,25.987945556640625,-0.3809050917625427,27.59380668827085,28.20209467497063,27.746678544514285,-0.614307813370724
1966-01-16 12:00:00,24.676210403442383,24.788837432861328,26.373758407898613,28.294888886011705,22.15324592590332,21.180381774902344,24.163167015526874,23.6060848236084,18.727922439575195,23.947803604266596,27.25836944580078,24.52794647216797,26.565649032592773,-2.507208824157715,27.408238862069545,28.06407534613448,27.745665308889443,-0.6639801231626086
1966-02-15 00:00:00,25.208181381225586,25.68288803100586,26.502976490661418,28.297218299247554,21.503747940063477,20.47735595703125,23.79541180646873,23.67334747314453,19.66996955871582,23.57105003356181,27.630451202392578,24.189544677734375,27.210481643676758,-2.608264923095703,27.63516682154882,28.083529033515,28.028121025872863,-0.45426875158115776
1966-03-16 12:00:00,26.653396606445312,26.900819778442383,26.741829325613665,28.317930049012432,21.535184860229492,20.498798370361328,23.864593364227318,23.753158569335938,19.353193283081055,23.667877540016846,27.765226364135742,24.122859954833984,27.550600051879883,-2.219289541244507,28.307310034533938,28.54062081478164,28.594679418877945,-0.23162795025213684
1966-04-16 00:00:00,24.87086296081543,27.011415481567383,27.03621439212857,28.352063959324106,21.88994026184082,20.619937896728516,24.18917336347407,23.269847869873047,17.51148796081543,24.028746110460048,28.088056564331055,24.445777893066406,27.492929458618164,-2.748779773712158,29.164667708999218,28.893525307271517,29.055576574715403,0.2819509662102277
1966-05-16 12:00:00,23.47268295288086,26.03855323791504,27.170368497630758,28.372766701789562,22.53599739074707,21.514636993408203,24.555338767062494,23.905467987060547,15.263418197631836,24.364063515410628,27.399065017700195,24.87769889831543,26.833234786987305,-1.8380519151687622,29.01539346720651,28.94267891727706,28.57699520759946,0.08220092214265728
1966-06-16 00:00:00,22.530643463134766,26.15608787536621,27.117447170409292,28.363672235526124,23.683778762817383,22.799884796142578,25.093214754022355,24.46958351135254,13.141417503356934,24.966386025014998,26.484445571899414,25.454097747802734,26.236019134521484,-0.5444462299346924,27.618314234069256,28.775479391895324,27.307869527843252,-1.1615658378222489
1966-07-16 12:00:00,21.18117332458496,25.865781784057617,26.906128187243112,28.3402794450111,24.986160278320312,23.27467155456543,25.768053932161873,25.36044692993164,12.338908195495605,25.500356007172257,25.808515548706055,25.841867446899414,25.29007339477539,0.8200138211250305,26.94107626508844,28.264438290560005,26.67255644265541,-1.3355313359496062
1966-08-16 12:00:00,20.29766845703125,24.528783798217773,26.544410607590102,28.30723834858604,25.52591896057129,24.229394912719727,26.476420312732674,26.14356803894043,11.854264259338379,26.074141081227808,25.498552322387695,26.39775848388672,24.515350341796875,1.9045597314834595,26.73310520900487,27.870357012419305,26.52224105987563,-1.1523785972869374
1966-09-16 00:00:00,20.032543182373047,24.368484497070312,26.35564614803416,28.280712887367763,25.807661056518555,24.740270614624023,26.963275301306087,26.576332092285156,12.210603713989258,26.616780617817334,25.55804443359375,26.79812240600586,24.533220291137695,2.3724546432495117,26.9526474893912,27.859562703105915,26.735690495947736,-0.9199491283562471
1966-10-16 12:00:00,20.82649803161621,24.938697814941406,26.308422430755,28.285167260579712,25.68061065673828,24.683025360107422,26.90419214319603,26.713651657104492,13.247735023498535,26.777351398790003,25.899450302124023,27.19684600830078,25.0452823638916,2.075725793838501,27.551061776112153,28.051927403039482,27.226456948902733,-0.5076601061982555
1966-11-16 00:00:00,21.744346618652344,24.981353759765625,26.291849033057968,28.296579220647324,24.642343521118164,23.780174255371094,26.186603786082703,25.881681442260742,14.472458839416504,26.133294307633925,26.43524742126465,26.532716751098633,25.56268310546875,1.1205536127090454,27.87161204559126,28.160392361688608,27.67144710684118,-0.29221946767721774
1966-12-16 12:00:00,22.605958938598633,25.144092559814453,26.335943874250773,28.306809516928876,23.547588348388672,22.527400970458984,25.110209152431946,24.86602020263672,17.05849266052246,24.963821808729797,26.95895767211914,25.78289031982422,25.977174758911133,-0.4066202640533447,27.68454994746735,28.215197665155927,27.86590535636462,-0.5357601422172362
1967-01-16 12:00:00,24.652544021606445,25.70720100402832,26.437479751711564,28.30658901543334,22.271121978759766,21.169095993041992,24.18614520513072,23.61270523071289,18.687591552734375,23.964977711542183,27.24301528930664,24.52794647216797,26.544408798217773,-2.0086607933044434,27.47532355477627,28.074921736736258,27.82220280038488,-0.6070682004542569
1967-02-15 00:00:00,25.208181381225586,26.61815643310547,26.60768963935052,28.31200507501646,21.62683868408203,20.47735595703125,23.85196869214239,23.67334747314453,19.66996955871582,23.63534115783522,27.5603084564209,24.189544677734375,27.210481643676758,-2.731997489929199,27.68393895540626,28.047430855645047,28.08129617923709,-0.36901476078993745
1967-03-16 12:00:00,26.49989128112793,26.80077362060547,26.849899924403047,28.331384161826552,21.535184860229492,20.498798370361328,23.959838590486076,23.753158569335938,19.353193283081055,23.79372433668391,28.05611228942871,24.122859954833984,27.194660186767578,-2.6797935962677,28.33955129584931,28.528208635098085,28.618981214856515,-0.18669326309860107
1967-04-16 00:00:00,24.928258895874023,27.140888214111328,27.173442819935993,28.367645969606105,21.84255027770996,20.77557945251465,24.280400319358055,23.361169815063477,17.51148796081543,24.14848635457384,27.921255111694336,24.41122817993164,27.52863121032715,-2.7224152088165283,29.206678231573605,28.92056053718833,29.102401665782985,0.29739691307309046
1967-05-16 12:00:00,23.775955200195312,27.154037475585938,27.308147393131076,28.3927309322126,22.613950729370117,21.529144287109375,24.65924325631568,23.938058853149414,14.710762023925781,24.512313194699033,27.51700782775879,24.936017990112305,26.85685920715332,-1.8958892822265625,29.10796549517379,28.966183193183102,28.66454865857028,0.1522188074721998
1967-06-16 00:00:00,22.795896530151367,26.418720245361328,27.283177726473355,28.38230278096192,23.75831413269043,22.759174346923828,25.171182142846924,24.387317657470703,13.273494720458984,25.074371877979203,26.682912826538086,25.628786087036133,26.1341609954834,-0.5444462299346924,27.745200950921003,28.663113749255682,27.418723258290743,-0.9213597830724927
1967-07-16 12:00:00,21.540056228637695,25.82195472717285,27.106013839116926,28.364200308712924,25.01675033569336,23.315427780151367,25.855597720171037,25.32803726196289,12.338908195495605,25.608971284410025,25.92568016052246,26.049606323242188,25.367551803588867,0.8200138211250305,27.03595233183912,28.165688388401374,26.756117313287895,-1.1412277900299908
1967-08-16 12:00:00,20.67984390258789,24.996593475341797,26.801000471361743,28.340157875105987,25.52591896057129,24.229394912719727,26.547276061473188,26.174598693847656,11.78357219696045,26.15331604919345,25.515321731567383,26.418811798095703,24.515350341796875,1.9318238496780396,26.830133760693002,27.7116733644302,26.616025791236215,-0.8961125652266944
1967-09-16 00:00:00,21.74736976623535,24.43143081665039,26.64207163566242,28.32079139168903,25.857799530029297,24.842281341552734,27.023822826507963,26.582380294799805,12.210603713989258,26.678740722209646,25.574813842773438,26.912580490112305,24.533220291137695,2.3409669399261475,27.082262469022687,27.6737828213226,26.863189698206806,-0.6037512649521135
1967-10-16 12:00:00,21.3712215423584,25.448535919189453,26.606975974605064,28.323819085834653,25.68061065673828,24.683025360107422,26.944550342837356,26.713651657104492,13.247735023498535,26.80774403995442,25.949092864990234,27.16004180908203,25.04902458190918,2.1365966796875,27.661376969053435,27.925154985512183,27.317528618311933,-0.269813479497089
1967-11-16 00:00:00,21.211624145507812,24.72779655456543,26.581765995113273,28.336027772346682,24.57127571105957,23.780174255371094,26.25310896364662,26.096956253051758,14.472458839416504,26.212554280475416,26.516908645629883,26.53783416748047,25.56268310546875,1.1205536127090454,27.94757679676172,28.17583241732874,27.751594241849897,-0.2309243690595833
1967-12-16 12:00:00,22.617685317993164,25.129295349121094,26.610014923179648,28.339636555846397,23.35769271850586,22.527400970458984,25.215002392022576,24.853607177734375,17.05849266052246,25.088578629478576,26.953115463256836,25.171358108520508,25.9364070892334,-0.3809050917625427,27.78608993299379,28.277497504322234,27.957066198784172,-0.4953897601125437
1968-01-16 12:00:00,25.002723693847656,25.22266387939453,26.685186384410905,28.33915074856762,22.20454978942871,21.39325714111328,24.367033509437036,23.920833587646484,18.687591552734375,24.1618632923946,27.42043113708496,24.808605194091797,26.486440658569336,-2.0182297229766846,27.600342054722542,28.313567186194245,27.967976839084784,-0.7189130865715165
1968-02-15 12:00:00,25.415433883666992,26.31531524658203,26.801500544403083,28.33929898502266,21.679597854614258,20.643136978149414,24.05441315686873,23.67334747314453,19.66996955871582,23.86341197152774,27.676105499267578,24.189544677734375,27.317283630371094,-2.597548723220825,27.80724862128727,28.33909475884774,28.231547466222874,-0.5354755831676121
1968-03-16 12:00:00,26.121788024902344,26.987287521362305,27.0246632167488,28.35683437573583,21.535184860229492,20.498798370361328,24.117245435342856,23.255237579345703,19.353193283081055,23.95286952849252,27.94074058532715,24.36864471435547,27.746068954467773,-3.1187541484832764,28.46934452516215,28.72972963026188,28.807138878778986,-0.2566824012009276
1968-04-16 00:00:00,25.3651123046875,27.41838836669922,27.30772167280827,28.38863659576427,21.88994026184082,20.918733596801758,24.41634169828263,23.5737361907959,17.46160125732422,24.27087089407243,27.936912536621094,24.594865798950195,27.227718353271484,-2.748779773712158,29.37239208514562,29.08759006100394,29.347852778473907,0.29808338784480715
1968-05-16 12:00:00,24.84676170349121,27.07537841796875,27.423131139341077,28.410686859318222,22.657106399536133,21.708112716674805,24.758366663165777,24.105648040771484,15.579466819763184,24.5965979918098,27.44253158569336,24.842464447021484,26.917821884155273,-1.8380519151687622,29.282189774994826,29.0899531023518,28.905749037567393,0.20465314867493054
1968-06-16 00:00:00,23.1590576171875,26.546178817749023,27.328382167402268,28.397206987645067,23.75831413269043,22.759174346923828,25.278566420269037,24.433578491210938,13.225301742553711,25.190633993111277,26.659929275512695,25.334728240966797,26.089599609375,-0.5444462299346924,27.92052666069097,28.820527882053717,27.655674237981753,-0.9013764782164495
1968-07-16 12:00:00,21.540056228637695,25.713258743286133,27.093280133940716,28.37010740146282,25.01675033569336,23.315427780151367,25.958265496943543,25.32803726196289,12.338908195495605,25.73132094119439,25.92363739013672,26.072223663330078,25.3040828704834,0.8235695362091064,27.147489351328222,28.374142373945613,26.900646041841924,-1.2365656101235727
1968-08-16 12:00:00,22.17124366760254,24.996593475341797,26.766917423394535,28.33748308379043,25.52591896057129,24.229394912719727,26.652513310131813,26.198644638061523,11.812024116516113,26.28467702190973,25.503398895263672,26.511396408081055,24.809917449951172,1.9264050722122192,26.89299593247717,27.904581974758308,26.685231188238365,-1.0250871269214754
1968-09-16 00:00:00,21.74736976623535,24.43143081665039,26.59663345044154,28.314176162674173,25.848995208740234,24.857349395751953,27.130368777718967,26.489013671875,12.324250221252441,26.835066344997834,25.669069290161133,26.9687442779541,24.80434799194336,2.3409669399261475,27.1683215824903,27.846063909941,26.923313935645552,-0.6887272179594164
1968-10-16 12:00:00,21.3712215423584,24.86080551147461,26.56593009429693,28.318610833873585,25.68061065673828,24.683025360107422,27.064382968491675,26.733346939086914,13.651469230651855,26.959660520691394,26.009628295898438,27.276273727416992,25.080890655517578,2.1311779022216797,27.766679921042545,28.037885260594436,27.39680891395603,-0.2759526448602213
1968-11-16 00:00:00,21.243240356445312,24.72779655456543,26.53791268900745,28.32942186946119,24.56155776977539,23.780174255371094,26.337283927709525,26.096956253051758,14.93179988861084,26.32060938608342,26.504955291748047,26.597620010375977,25.633712768554688,1.1095385551452637,28.053083212622226,28.223653278192604,27.837877859017194,-0.17210520981269564
1968-12-16 12:00:00,22.617685317993164,25.24018096923828,26.530254593371957,28.329596063059217,23.27680206298828,22.55531120300293,25.309381778914176,24.910423278808594,17.05849266052246,25.196282949523678,26.930755615234375,25.637365341186523,26.198856353759766,-1.013667345046997,27.859643801928634,28.406656542611522,28.020036718869992,-0.5499735823851888
1969-01-16 12:00:00,24.309741973876953,25.026826858520508,26.601970363181938,28.324232967932318,22.22052574157715,21.40449333190918,24.443601912848525,23.70358657836914,19.275211334228516,24.25756251265235,27.40760040283203,24.621435165405273,26.72117042541504,-2.507208824157715,27.67499539747639,28.384066440990466,28.034406952360335,-0.7138684873465291
1969-02-15 00:00:00,26.046527862548828,26.241994857788086,26.72921302389109,28.323789040829684,21.679597854614258,20.643136978149414,24.09275534511248,23.67334747314453,19.66996955871582,23.9065134820637,27.681365966796875,24.189544677734375,27.0114688873291,-2.933493137359619,27.87191893311121,28.349075383416494,28.274681146290416,-0.48013766529252916
1969-03-16 12:00:00,26.121788024902344,26.873165130615234,26.965199938019914,28.342956381228554,21.535184860229492,20.498798370361328,24.174652570258235,23.3759822845459,19.353193283081055,24.021150002686483,27.94074058532715,24.29751205444336,27.506702423095703,-2.219289541244507,28.53092702959171,28.815913035453857,28.822924111732014,-0.28048112415286125
1969-04-16 00:00:00,25.3651123046875,27.367549896240234,27.23065177263691,28.37337016184899,21.88994026184082,20.824432373046875,24.449077503248315,23.5737361907959,17.51148796081543,24.311040646557863,27.95779037475586,24.64278793334961,27.549633026123047,-3.2202749252319336,29.384334117103986,29.125772101846035,29.28707830285353,0.2720507062569812
1969-05-16 12:00:00,24.01780891418457,26.940343856811523,27.335325577337954,28.392100775525936,22.64220428466797,21.708112716674805,24.78856000107623,23.998397827148438,15.5451021194458,24.638694984319024,27.256567001342773,25.189258575439453,27.230714797973633,-1.9888570308685303,29.236613717142788,29.113911591748312,28.83541683802937,0.13473649658004072
1969-06-16 00:00:00,22.52968406677246,25.92013931274414,27.240562492135652,28.379545157085634,23.683778762817383,22.736886978149414,25.276967361835524,24.433578491210938,13.26865005493164,25.18045728971468,26.705488204956055,25.334728240966797,26.21224021911621,-0.6168334484100342,27.881705526476495,28.809423366975288,27.576240885379118,-0.9294945552309481
1969-07-16 12:00:00,21.48270034790039,25.234338760375977,26.962826794994392,28.348923211751828,25.01675033569336,23.440156936645508,25.964733953852043,25.32803726196289,12.338908195495605,25.744485350765245,25.976518630981445,26.072223663330078,25.3040828704834,0.9646027684211731,27.13772393859414,28.322061032080374,26.872517855510885,-1.1944695163212242
1969-08-16 12:00:00,20.35251808166504,24.79354476928711,26.586295295532718,28.309408282296978,25.477689743041992,24.230545043945312,26.65936759281202,26.20706558227539,11.760568618774414,26.3073827108256,25.53717613220215,26.511396408081055,24.801437377929688,1.7136366367340088,26.911501422422894,27.888451695718707,26.69831604546927,-0.9903116478103764
1969-09-16 00:00:00,20.0091552734375,24.52396583557129,26.436009330079933,28.286095655619018,26.02185821533203,24.8185977935791,27.123701124967756,26.52886390686035,12.286788940429688,26.825918365644668,25.574813842773438,26.9687442779541,24.84795570373535,2.4441964626312256,27.13327081127846,27.919300858699206,26.913199429593046,-0.7971766321795029
1969-10-16 12:00:00,20.668161392211914,25.11277961730957,26.37883219704625,28.293026994366663,25.640254974365234,24.71862030029297,27.059199176425846,26.7244873046875,13.537066459655762,26.971748324360384,25.83323097229004,27.276273727416992,25.080890655517578,1.937569499015808,27.68008231461265,28.10240199773422,27.35778632169368,-0.4277472130833954
1969-11-16 00:00:00,21.367177963256836,24.981353759765625,26.32189036123971,28.300512302282524,24.642343521118164,23.780174255371094,26.303382306808675,26.096956253051758,14.93179988861084,26.282648670925674,26.448087692260742,26.53783416748047,25.633712768554688,0.5135737061500549,27.977876854394946,28.255522926601838,27.81190789697662,-0.27983022120508394
1969-12-16 12:00:00,23.486799240112305,24.410734176635742,26.32699929404025,28.305057919283406,23.547588348388672,22.527400970458984,25.25237982110568,24.910423278808594,17.05849266052246,25.130744202401345,26.965394973754883,25.479475021362305,26.229883193969727,-1.013667345046997,27.758136570764332,28.369297612971735,27.91507676251416,-0.6151916630743541
1970-01-16 12:00:00,24.1801815032959,24.671302795410156,26.409220537126465,28.29970795791873,22.316904067993164,21.47389793395996,24.360034808688027,23.912050247192383,18.6732177734375,24.159915115433904,27.440141677856445,24.808605194091797,26.72869300842285,-2.507208824157715,27.5783200485965,28.228985248140006,27.92468823683946,-0.6567696534841727
1970-02-15 00:00:00,25.304216384887695,26.61815643310547,26.557045101272166,28.30131973406623,21.62683868408203,20.413633346557617,24.040213480672968,23.67334747314453,19.66996955871582,23.8451519602974,27.745452880859375,24.189544677734375,27.308856964111328,-2.6536803245544434,27.80138149386677,28.14675291963198,28.20937372244447,-0.34952129507502344
1970-03-16 12:00:00,26.250938415527344,26.83167266845703,26.81650964346132,28.322294479855845,21.535184860229492,20.498798370361328,24.075045033484596,23.255237579345703,19.353193283081055,23.916147437093677,27.97928237915039,24.223140716552734,27.746068954467773,-2.219289541244507,28.43972903768551,28.633544801778264,28.744172709082125,-0.19063082561447925
1970-04-16 00:00:00,24.898435592651367,27.35618019104004,27.10775622896402,28.356247219383395,21.88994026184082,20.918733596801758,24.390345112265916,23.5737361907959,17.51148796081543,24.252704470027922,27.832115173339844,24.594865798950195,27.443098068237305,-2.9262349605560303,29.237291920605383,28.997735705910387,29.142016130533623,0.2513169945993701
1970-05-16 12:00:00,23.913013458251953,26.70651626586914,27.22802491975364,28.379123288379905,22.688642501831055,21.529144287109375,24.765769244719134,23.998397827148438,15.579466819763184,24.61621354975815,27.556121826171875,24.964506149291992,26.904468536376953,-1.8380519151687622,29.175429979174883,29.016188816218417,28.72164872255754,0.17044937993198148
1970-06-16 00:00:00,23.251882553100586,26.094589233398438,27.167601741392303,28.369786703489964,23.836259841918945,22.558372497558594,25.250390338047765,24.433578491210938,13.225301742553711,25.168227901824068,26.665576934814453,25.334728240966797,26.067523956298828,-0.4825736880302429,27.824711644018087,28.820851686642836,27.473402085011845,-0.9984392753168525
1970-07-16 12:00:00,22.59046173095703,25.82497787475586,26.924347666718177,28.343313467875507,24.91099739074707,23.445629119873047,25.920739935024645,25.32803726196289,12.338908195495605,25.71365547713222,25.92568016052246,26.066326141357422,25.3040828704834,0.8105074763298035,27.0510858702318,28.405222570851464,26.768235640019086,-1.3649047800890108
1970-08-16 12:00:00,20.29766845703125,24.650854110717773,26.546171933087958,28.30604600732186,25.477689743041992,24.230545043945312,26.604217116981193,26.21122932434082,11.854264259338379,26.264604871727663,25.515321731567383,26.511396408081055,24.798973083496094,1.7136366367340088,26.8254433456743,27.98579059282924,26.605463059136383,-1.174304494414485
1970-09-16 00:00:00,20.0091552734375,24.62578010559082,26.383340875489854,28.283143333458035,25.992143630981445,24.8185977935791,27.081193729084934,26.59123992919922,12.324250221252441,26.77161747293279,25.55804443359375,27.14275360107422,24.754671096801758,2.4441964626312256,27.069795518730835,27.962755012986854,26.830040008078704,-0.9046139277131637
1970-10-16 12:00:00,20.73931121826172,24.3658504486084,26.348470068581577,28.287936366618993,25.656156539916992,24.673330307006836,27.05163567727936,26.7244873046875,13.271702766418457,26.96486211544918,25.98175811767578,27.111812591552734,25.181217193603516,1.937569499015808,27.620555518994106,28.173049385098622,27.288355692531844,-0.5583255644099423
1970-11-16 00:00:00,21.64531135559082,24.981353759765625,26.321537903260023,28.298104587049487,24.716655731201172,23.729095458984375,26.369512918014617,26.034282684326172,15.110125541687012,26.355710269242465,26.4419002532959,26.597620010375977,25.735570907592773,1.1095385551452637,27.940052023918696,28.23429384567461,27.770207702938578,-0.2968422263707259
1970-12-16 12:00:00,22.648164749145508,24.89896583557129,26.391135429286305,28.305425622793585,23.27680206298828,22.56346893310547,25.27407341106186,24.910423278808594,17.04942512512207,25.152618192931527,26.965394973754883,25.566743850708008,26.222984313964844,-0.6133591532707214,27.740736156777448,28.361647417890357,27.919921365569298,-0.6251282687617263
1971-01-16 12:00:00,24.27396011352539,25.773805618286133,26.48891766461071,28.304123859385143,22.2801513671875,21.598337173461914,24.308906874151184,23.69659996032715,19.483531951904297,24.112186912520315,27.3719425201416,24.324426651000977,26.763795852661133,-2.507208824157715,27.554957464948778,28.20627934040294,27.915282439590435,-0.6577065640363142
1971-02-15 00:00:00,25.902517318725586,26.01234245300293,26.654916721608846,28.30794062044632,21.62683868408203,20.47735595703125,23.926906523935422,23.67334747314453,19.666425704956055,23.73392211882176,27.730409622192383,24.189544677734375,27.325428009033203,-2.734088659286499,27.758489232148822,28.16930173546794,28.169305373488065,-0.41532197404342996
1971-03-16 12:00:00,26.16668128967285,26.929147720336914,26.895680837980855,28.330927243341687,21.535184860229492,20.498798370361328,24.00565762372255,23.753158569335938,19.1717529296875,23.843214673911824,27.83255386352539,24.417293548583984,27.582107543945312,-2.219289541244507,28.42956417156384,28.569991587765138,28.716704429582443,-0.1374938306940573
1971-04-16 00:00:00,25.34459686279297,27.21199607849121,27.187081600083005,28.367688866458348,21.88994026184082,20.8185977935791,24.311325817426617,23.361169815063477,17.53113555908203,24.17312559912253,28.022939682006836,24.461341857910156,27.227718353271484,-3.2202749252319336,29.3094469229602,28.959620156073093,29.197796369167623,0.3621920405983447
1971-05-16 12:00:00,24.84676170349121,27.16472625732422,27.31263769555991,28.38791422528409,22.688642501831055,21.708112716674805,24.68827771981713,23.938058853149414,15.579466819763184,24.535805391304308,27.59432029724121,24.82227325439453,26.917821884155273,-1.9888570308685303,29.193465252993338,29.020535973555987,28.744658682133565,0.18432204585839201
1971-06-16 00:00:00,23.7168025970459,26.418720245361328,27.25809190277833,28.378738847996733,23.75831413269043,22.73311996459961,25.207969393352215,24.387317657470703,13.22075366973877,25.126749746890667,26.67687225341797,25.334728240966797,26.074562072753906,-0.6168334484100342,27.802629226642626,28.817279609964103,27.48127077409245,-1.0171713574151302
1971-07-16 12:00:00,21.540056228637695,25.667062759399414,27.053240170059244,28.35756777489363,25.01675033569336,23.440156936645508,25.916452497060614,25.32803726196289,12.062514305114746,25.696070435528732,26.013742446899414,26.066326141357422,25.3040828704834,0.9646027684211731,27.090339845269277,28.407929080534366,26.816989255671352,-1.3279719295592702
1971-08-16 12:00:00,22.058393478393555,25.314191818237305,26.752092430977076,28.329249953376245,25.477689743041992,24.230545043945312,26.646254484155083,26.20706558227539,11.785625457763672,26.29875463897995,25.722793579101562,26.511396408081055,24.798973083496094,1.9264050722122192,26.85042195921695,27.971055784189616,26.62801721836201,-1.1343855219669086
1971-09-16 00:00:00,20.599449157714844,24.43143081665039,26.59870029901585,28.31050314286827,26.005950927734375,24.89984893798828,27.125316569706523,26.52886390686035,12.324250221252441,26.827918855566637,25.669069290161133,26.9687442779541,24.754671096801758,2.4294798374176025,27.11346291617185,27.943366224640105,26.87875940655323,-0.8411830394750259
1971-10-16 12:00:00,21.3712215423584,24.74712562561035,26.541029406506162,28.314146769538613,25.640254974365234,24.673330307006836,27.034333356975598,26.7244873046875,13.537066459655762,26.943084965619697,26.009628295898438,27.111812591552734,25.181217193603516,1.937569499015808,27.730285320625665,28.117931440054683,27.37397096086874,-0.3925516697096971
1971-11-16 00:00:00,21.243240356445312,24.59147834777832,26.517819607607144,28.32685744320642,24.542823791503906,23.729095458984375,26.300966359915048,26.096956253051758,15.110125541687012,26.290465390708917,26.504955291748047,26.53783416748047,25.683250427246094,0.5135737061500549,28.02949794422598,28.259322480514207,27.80720020497084,-0.23150130348419234
1971-12-16 12:00:00,22.617685317993164,25.24018096923828,26.556600516088317,28.331575246345885,23.27680206298828,22.54556655883789,25.25294298582787,24.853607177734375,17.05962371826172,25.139831554412694,26.930755615234375,25.208677291870117,26.222984313964844,-1.013667345046997,27.8428308250544,28.353199298764505,28.012696882523823,-0.513620487896004
1972-01-16 12:00:00,24.27396011352539,25.026826858520508,26.62564900393807,28.328147097587774,22.211544036865234,21.356548309326172,24.38039225717321,23.912050247192383,19.483531951904297,24.20138049288547,27.40760040283203,24.808605194091797,26.703781127929688,-2.507208824157715,27.659094131065938,28.32861227880432,28.02118340173828,-0.6746027799040781
1972-02-15 12:00:00,25.902517318725586,26.093297958374023,26.76875174468609,28.331021278727423,21.679597854614258,20.643136978149414,24.008407487262538,23.67334747314453,19.675504684448242,23.824678421006467,27.676105499267578,24.189544677734375,27.325428009033203,-3.1190714836120605,27.8281496957346,28.241554432239386,28.25799339946361,-0.41706765652551797
1972-03-16 12:00:00,26.337888717651367,26.508651733398438,26.98063145484744,28.349054255386996,21.535184860229492,20.498798370361328,24.086658353758484,23.753158569335938,19.353193283081055,23.931395164371693,27.94074058532715,24.18764877319336,27.695737838745117,-2.219289541244507,28.48076556749019,28.713235934549548,28.772661202133975,-0.22869720474612504
1972-04-16 00:00:00,24.957120895385742,27.77117347717285,27.27915845699377,28.383346464409673,21.88993263244629,20.848115921020508,24.377686218551446,23.58251953125,17.51148796081543,24.252180140513545,27.941160202026367,24.71223258972168,27.59751319885254,-2.9329655170440674,29.34575529487613,29.064328691510884,29.268974944963706,0.2943947920953405
1972-05-16 12:00:00,23.557329177856445,26.976428985595703,27.394608004248724,28.403820321684606,22.629926681518555,21.529144287109375,24.728692572626276,24.280750274658203,15.533761978149414,24.581959040025275,27.38041114807129,24.79044532775879,26.904468536376953,-1.9888570308685303,29.27240249742017,29.106699889876776,28.81302087005877,0.17806500369201825
1972-06-16 00:00:00,22.795896530151367,26.418720245361328,27.30934870301884,28.391000031449305,23.832168579101562,22.558372497558594,25.274797097975185,24.433578491210938,13.22075366973877,25.20149479596573,26.633974075317383,25.334728240966797,26.074562072753906,-0.4825736880302429,27.87520582182906,28.864143450322832,27.574903591565697,-0.9906451274945758
1972-07-16 12:00:00,21.540056228637695,25.667062759399414,27.093564216864618,28.367034685548155,24.91099739074707,23.440156936645508,25.942934312250006,25.32803726196289,12.338908195495605,25.73575497447988,25.92363739013672,26.066326141357422,25.3040828704834,0.9646027684211731,27.13599261746441,28.38988643393885,26.867605343373114,-1.263879400540068
1972-08-16 12:00:00,20.67984390258789,25.331188201904297,26.754096776888296,28.33621089971253,25.477689743041992,24.230545043945312,26.64316572637291,26.25774383544922,11.854264259338379,26.293215927215435,25.589458465576172,26.511396408081055,24.798973083496094,1.7136366367340088,26.940190666933916,27.957355903757666,26.711742946064465,-1.0300835677702094
1972-09-16 00:00:00,20.406200408935547,24.43143081665039,26.591628828963145,28.31697938877731,26.02185821533203,24.8185977935791,27.110941614557245,26.627639770507812,12.210603713989258,26.804144592239503,25.59954071044922,27.134525299072266,24.754671096801758,2.4294798374176025,27.204534684606074,27.909109337664106,26.940781604278797,-0.7150580110235356
1972-10-16 12:00:00,21.3712215423584,25.184829711914062,26.569203424738078,28.323660915304224,25.672245025634766,24.721317291259766,27.076245923554563,26.751697540283203,13.247735023498535,26.97561332133359,26.036222457885742,27.276273727416992,25.21202278137207,2.1311779022216797,27.8008186179102,28.12667522501498,27.42595285438718,-0.33006032269673774
1972-11-16 00:00:00,21.211624145507812,24.790538787841797,26.539722906965693,28.329205604936362,24.56155776977539,23.780174255371094,26.31192245826411,26.096956253051758,14.472458839416504,26.28605314756652,26.546464920043945,26.53783416748047,25.643505096435547,1.1095385551452637,28.09056800901955,28.270970675829894,27.873529493842696,-0.181461930052971
1972-12-16 12:00:00,22.617685317993164,24.930002212524414,26.549481458158418,28.332588532508698,23.27680206298828,22.527400970458984,25.292669752360073,24.910423278808594,16.978923797607422,25.166899181105045,26.930755615234375,25.479475021362305,26.222984313964844,-1.013667345046997,27.89006729882009,28.38705214735737,28.048850521071063,-0.49969933091572066
1973-01-16 12:00:00,25.002723693847656,25.173084259033203,26.6063275561036,28.32917378658774,22.20454978942871,21.39325714111328,24.42516381020749,23.912050247192383,19.483531951904297,24.218336354686677,27.40760040283203,24.808605194091797,26.703781127929688,-2.507208824157715,27.6483228487584,28.375901674146018,28.00051674924863,-0.7326533866127118
1973-02-15 00:00:00,25.415433883666992,26.276098251342773,26.73783289926308,28.330661900900406,21.679597854614258,20.643136978149414,24.096336078960697,23.67334747314453,19.66996955871582,23.89404895144098,27.676105499267578,24.189544677734375,27.325428009033203,-2.731997489929199,27.804426695816122,28.32524698584254,28.198924257704128,-0.5245103627658838
1973-03-16 12:00:00,26.290164947509766,26.873165130615234,27.006034261416794,28.3512436712036,21.535184860229492,20.498798370361328,24.1791534449771,23.3759822845459,19.353193283081055,24.003818690848092,27.95846939086914,24.36864471435547,27.683202743530273,-3.1187541484832764,28.493993401193507,28.7591676252878,28.77703041318256,-0.26116263772995374
1973-04-16 00:00:00,24.992090225219727,27.77117347717285,27.27649924960653,28.38356897480043,21.85004997253418,20.848115921020508,24.478643167582227,23.93181610107422,17.51148796081543,24.334257266076385,27.941160202026367,24.576688766479492,27.498321533203125,-2.7224152088165283,29.388217108816118,29.12351906959549,29.30589936027311,0.27821877405703016
1973-05-16 12:00:00,24.84676170349121,26.970930099487305,27.389239692560423,28.404053931861633,22.613950729370117,21.421316146850586,24.82286231246837,23.96559715270996,15.579466819763184,24.671608856637356,27.38041114807129,25.179208755493164,26.917821884155273,-1.8380519151687622,29.245768731845196,29.122579398711686,28.842394574219306,0.13533296458714633
1973-06-16 00:00:00,22.66609001159668,26.409963607788086,27.3276379696468,28.39409967588507,23.75831413269043,22.759174346923828,25.316780974302443,24.433578491210938,13.141417503356934,25.223746681125895,26.633974075317383,25.334728240966797,26.067523956298828,-0.5444462299346924,27.93017300027646,28.80480224565752,27.626128828959242,-0.8759493202919355
1973-07-16 12:00:00,20.856958389282227,25.807621002197266,27.114480157334516,28.368890915430256,24.9417724609375,23.440156936645508,26.005767115975633,25.32803726196289,12.338908195495605,25.784515834617288,25.92363739013672,26.072223663330078,25.3040828704834,0.8235695362091064,27.206427865509813,28.320654903277998,26.940706054844146,-1.1236997567091758
1973-08-16 12:00:00,21.143478393554688,24.843791961669922,26.785540233957732,28.337853772508787,25.477689743041992,24.24543571472168,26.715189683218053,26.226497650146484,11.854264259338379,26.36744770768218,25.593669891357422,26.66610336303711,24.798973083496094,1.9318238496780396,26.95177927255238,27.819643731000276,26.73928156210768,-0.8810030099825523
1973-09-16 00:00:00,20.912822723388672,25.448671340942383,26.643303242277142,28.319537654426327,25.996496200561523,24.878032684326172,27.196316316792792,26.489013671875,12.324250221252441,26.899111163462784,25.588144302368164,26.9687442779541,24.754671096801758,2.3409669399261475,27.176248884414978,27.771728229814865,26.931859518385885,-0.606566972646599
1973-10-16 12:00:00,20.14093589782715,24.53514289855957,26.618066389714265,28.327658575510767,25.656156539916992,24.673330307006836,27.135893369895616,26.769746780395508,13.486306190490723,27.049014151660195,26.07793617248535,27.147014617919922,25.15872573852539,2.0691049098968506,27.801207710619728,28.014473231257647,27.38807437970772,-0.2177360355419066
1973-11-16 00:00:00,21.925125122070312,25.0058536529541,26.597707511369318,28.33809562854737,24.56155776977539,23.780174255371094,26.42186227101632,26.16751480102539,15.205902099609375,26.392761038597328,26.546464920043945,26.597620010375977,25.56268310546875,1.0983233451843262,28.05992198004221,28.24611119022955,27.805087500339877,-0.18760419705207076
1973-12-16 12:00:00,22.926834106445312,26.097646713256836,26.631326891670263,28.342213126764936,23.27680206298828,22.55531120300293,25.40444580932863,24.99164390563965,17.104307174682617,25.276327673346415,27.162796020507812,25.508655548095703,26.216981887817383,-0.4066202640533447,27.843095408075083,28.360680267893752,27.988490541503154,-0.5208162813952071
1974-01-16 12:00:00,25.120038986206055,25.910123825073242,26.69033883632686,28.337057627268067,22.211544036865234,21.356548309326172,24.568775479905657,23.906660079956055,19.328426361083984,24.36610895106117,27.479217529296875,24.721088409423828,26.474468231201172,-1.863720178604126,27.691514405778484,28.318063209737797,28.03836353450612,-0.6313459696750767
1974-02-15 00:00:00,26.050275802612305,26.34313201904297,26.837909217788052,28.340197039042536,21.679597854614258,20.745210647583008,24.25782138553723,23.43769073486328,19.492855072021484,24.050156026156785,27.961545944213867,24.315460205078125,27.317283630371094,-3.170949935913086,27.922501555323784,28.34441351923286,28.336839584725716,-0.42441622300826726
1974-03-16 12:00:00,26.121788024902344,27.193758010864258,27.065309275447355,28.361044008644143,21.535184860229492,20.498798370361328,24.316595576803888,23.1184139251709,19.353193283081055,24.14450584811322,27.974098205566406,24.454988479614258,27.1655330657959,-3.565444231033325,28.542320680315466,28.80949060919832,28.84021388373919,-0.26257056810024426
1974-04-16 00:00:00,25.349151611328125,27.13405990600586,27.339544411007502,28.39102005285928,21.94989013671875,21.10120391845703,24.640485908615762,23.550827026367188,17.51148796081543,24.500544554567085,27.91693878173828,24.681467056274414,27.227718353271484,-3.2318637371063232,29.420297521124795,29.125900267559278,29.338938632165764,0.30823335365624277
1974-05-16 12:00:00,24.264169692993164,27.598968505859375,27.449717792140227,28.410957498320215,22.62094497680664,21.592281341552734,24.97349245456264,24.45657730102539,15.579466819763184,24.813270370241277,27.455631256103516,24.655536651611328,26.917821884155273,-1.833736538887024,29.344281577526115,29.159531868065148,28.919619069914205,0.1979332397254409
1974-06-16 00:00:00,24.214643478393555,26.891111373901367,27.36052563262863,28.39847524294374,23.832168579101562,22.530969619750977,25.483311318054415,24.807344436645508,13.141417503356934,25.386225558339838,26.739383697509766,25.668964385986328,26.067523956298828,-0.5091818571090698,27.983083351148252,28.87812174341625,27.683659853407104,-0.8956710074427368
1974-07-16 12:00:00,21.75829315185547,25.929340362548828,27.13682774157186,28.370334786061093,24.91099739074707,23.512910842895508,26.14686320802512,25.55483055114746,12.338908195495605,25.92423296227605,26.06157875061035,26.18339729309082,25.3040828704834,0.8200138211250305,27.250589673899537,28.347291888096382,26.98977572245091,-1.1056844761377675
1974-08-16 12:00:00,20.835500717163086,25.012331008911133,26.8225146193589,28.339613135169255,25.477689743041992,24.230545043945312,26.808894782800746,26.338340759277344,11.882959365844727,26.456873414024976,25.700759887695312,26.666954040527344,24.824716567993164,1.9318238496780396,27.00536681569484,27.84216708168634,26.789018898640464,-0.8493673075218195
1974-09-16 00:00:00,20.72130584716797,25.253803253173828,26.656415445122878,28.320618761605957,26.005950927734375,24.90114974975586,27.270322367131673,26.871639251708984,12.210603713989258,26.964318290398722,25.72827911376953,27.223207473754883,24.869754791259766,2.3409669399261475,27.231277674100944,27.78930031006691,26.999614886363485,-0.5685367821324971
1974-10-16 12:00:00,20.14093589782715,25.783912658691406,26.650667703274202,28.329105602525168,25.646747589111328,24.743858337402344,27.202807240171555,26.631120681762695,13.247735023498535,27.12119374261347,26.117095947265625,27.303241729736328,25.069255828857422,2.1365966796875,27.861574222305908,28.020121271562783,27.48466728551724,-0.16242131881449293
1974-11-16 00:00:00,21.893470764160156,25.0058536529541,26.600380009231237,28.337251299054525,24.716655731201172,23.729095458984375,26.47718430413015,26.409414291381836,14.93179988861084,26.455296051100426,26.589691162109375,26.754798889160156,25.735570907592773,1.1205536127090454,28.081245275133412,28.240063577629094,27.886284026868903,-0.1600420707369439
1974-12-16 12:00:00,22.633556365966797,24.671213150024414,26.612644709129498,28.339494966842,23.29635238647461,22.44556427001953,25.439671758084184,25.258132934570312,17.04942512512207,25.3069620124596,27.06020164489746,25.508655548095703,26.209741592407227,-0.4066202640533447,27.835726272486973,28.377943949528856,28.035580139433772,-0.5454785934589681
1975-01-16 12:00:00,24.213239669799805,25.096342086791992,26.663011292182876,28.334324982504846,22.216228485107422,21.21006202697754,24.563142137645528,23.866268157958984,19.331430435180664,24.354270705205053,27.411582946777344,24.57559585571289,26.504474639892578,-1.5824276208877563,27.63463406882923,28.358269777403056,27.998158752995323,-0.7288849028741222
1975-02-15 00:00:00,25.38046646118164,26.31531524658203,26.79909846458584,28.334889042287106,21.679597854614258,20.65795135498047,24.236518331169176,23.42582893371582,19.59056854248047,24.018957943489227,27.66931915283203,24.030887603759766,27.22652816772461,-2.8513143062591553,27.874711820512854,28.373843364540157,28.317034330810387,-0.502026080053497
1975-03-16 12:00:00,26.337888717651367,26.987287521362305,27.027118289968882,28.353243565357378,21.535184860229492,20.435075759887695,24.307946732097914,23.1184139251709,19.353193283081055,24.12066392283093,27.889278411865234,24.480144500732422,27.41109275817871,-3.387927293777466,28.53605739429885,28.842618145388787,28.85440644802566,-0.301941959273544
1975-04-16 00:00:00,25.3651123046875,27.714069366455078,27.306144821592085,28.381611747949517,21.85004997253418,21.10120391845703,24.625430194350166,23.550827026367188,17.51148796081543,24.466982061038273,27.936912536621094,24.706628799438477,27.52729034423828,-3.1706254482269287,29.418071051486592,29.136444286804096,29.374474594986324,0.2954668010261996
1975-05-16 12:00:00,24.839563369750977,27.08985710144043,27.39467085833905,28.400088718024957,22.629926681518555,21.580995559692383,24.957373841562426,24.318965911865234,15.579466819763184,24.794276157550286,27.44253158569336,25.223081588745117,26.917821884155273,-1.833736538887024,29.290697404367684,29.1650160070789,28.89277872276188,0.13836098502457417
1975-06-16 00:00:00,23.097816467285156,26.418720245361328,27.278360183961542,28.384997842122104,23.866865158081055,22.558372497558594,25.42678039578763,24.542272567749023,13.22075366973877,25.31966218448379,26.633974075317383,25.64116859436035,26.067523956298828,-0.5237483978271484,27.95646491297591,28.92264277252478,27.655880844695673,-0.9669600276871304
1975-07-16 12:00:00,21.540056228637695,25.52570343017578,27.017005197931823,28.35619556480754,24.91099739074707,23.512910842895508,26.097652158398194,25.32803726196289,12.152689933776855,25.86872024803685,25.89967155456543,26.155582427978516,25.3040828704834,0.814570426940918,27.198006415212777,28.515901264302236,26.925207738046925,-1.3269780465131582
1975-08-16 12:00:00,22.17124366760254,25.42884635925293,26.675924278085258,28.32129720185022,25.477689743041992,24.24543571472168,26.762808645183018,26.182987213134766,11.73786735534668,26.413368417251235,25.503398895263672,26.645828247070312,24.866806030273438,1.9318238496780396,26.914454376354367,28.02578255331088,26.695959261271323,-1.1243299027962455
1975-09-16 00:00:00,20.31406021118164,24.713411331176758,26.49900582209048,28.298587921409407,25.996496200561523,24.89984893798828,27.220235227012612,26.64177894592285,12.324250221252441,26.926878716732638,25.576425552368164,26.9687442779541,24.754671096801758,2.3724546432495117,27.13108475714765,27.97918846048178,26.888389217192692,-0.8591269787259033
1975-10-16 12:00:00,20.77513885498047,24.5507869720459,26.44766017004209,28.303570987172957,25.656156539916992,24.673330307006836,27.14477554210227,26.769746780395508,13.271702766418457,27.055519695836864,25.949092864990234,27.276273727416992,25.080890655517578,2.1311779022216797,27.70248950581851,28.12166587113358,27.344477507488477,-0.42434118142330507
1975-11-16 00:00:00,21.57131004333496,24.45915412902832,26.406526029535556,28.311702107408458,24.56155776977539,23.789628982543945,26.40457724903033,26.16751480102539,14.93179988861084,26.389798411919593,26.51082992553711,26.597620010375977,25.735570907592773,1.1095385551452637,27.983019402296343,28.29841215706716,27.76163235136284,-0.31742385102283144
1975-12-16 12:00:00,22.691648483276367,24.89896583557129,26.395975789225155,28.311924868283842,23.27680206298828,22.54556655883789,25.35867020197296,24.905214309692383,17.074947357177734,25.234011370427858,26.992822647094727,25.54805564880371,26.222984313964844,-0.3809050917625427,27.788320505096777,28.359934048450576,27.93368024143767,-0.5753754231354686
1976-01-16 12:00:00,24.296051025390625,26.01299476623535,26.45533379174292,28.305804515959778,22.22052574157715,21.356548309326172,24.465309557309944,23.83063507080078,18.7342586517334,24.268754800695987,27.3719425201416,24.621435165405273,26.763795852661133,-2.0182297229766846,27.618866433606662,28.242918878462042,27.972855792849685,-0.6297319678004165
1976-02-15 12:00:00,25.304216384887695,26.61815643310547,26.5841996797216,28.3089878752597,21.679597854614258,20.745210647583008,24.136161891247227,23.115177154541016,19.47542381286621,23.932848789418742,27.776262283325195,24.189544677734375,27.332677841186523,-2.860745906829834,27.7868205626446,28.237893816475594,28.19189641714782,-0.4551438880242243
1976-03-16 12:00:00,25.882884979248047,26.83167266845703,26.8245315775457,28.3266970661122,21.535184860229492,20.435075759887695,24.205945181386774,23.200000762939453,19.117141723632812,24.0440266695229,27.9565486907959,24.206260681152344,27.746068954467773,-3.112262487411499,28.50789274520897,28.680030808414166,28.82610875791009,-0.16818315160433978
1976-04-16 00:00:00,24.898435592651367,27.35618019104004,27.113006941277973,28.36129978165219,21.84255027770996,20.903493881225586,24.467723053114184,23.777435302734375,17.46160125732422,24.320438893640443,27.921283721923828,24.564685821533203,27.498321533203125,-2.7224152088165283,29.348306115015088,29.070003247515633,29.28519044749931,0.29130935857315243
1976-05-16 12:00:00,23.47268295288086,26.70651626586914,27.209249780127948,28.38022786534886,22.62094497680664,21.596942901611328,24.846428993890576,24.313173294067383,15.533761978149414,24.704257799198558,27.556121826171875,25.172027587890625,26.904468536376953,-1.8380519151687622,29.173199370696544,29.143594378561588,28.761676036407103,0.041098895702626426
1976-06-16 00:00:00,22.530643463134766,26.15608787536621,27.148867060239958,28.36943715309909,23.75831413269043,22.5837345123291,25.29435741192084,24.433578491210938,13.22075366973877,25.19992189381494,26.67687225341797,25.334728240966797,26.074562072753906,-0.4825736880302429,27.861833136425844,28.909991380805177,27.54261055200962,-1.0498842556566985
1976-07-16 12:00:00,22.68157958984375,25.865781784057617,26.892171095362706,28.34026753172395,25.01675033569336,23.440156936645508,25.96808118745339,25.32803726196289,12.035139083862305,25.741435589157113,25.976518630981445,26.072223663330078,25.3040828704834,0.8105074763298035,27.105013891200965,28.539401643102778,26.831513245055966,-1.4443117978556799
1976-08-16 12:00:00,20.29766845703125,24.53567886352539,26.505498810341546,28.3023904823268,25.52591896057129,24.229394912719727,26.65088757686677,26.236316680908203,11.867416381835938,26.285172579996853,25.515321731567383,26.511396408081055,24.8236083984375,1.7136366367340088,26.873413371885416,28.183915912034475,26.654798149079824,-1.3235190626502287
1976-09-16 00:00:00,20.032543182373047,25.086288452148438,26.3052198273192,28.27550841002915,25.870708465576172,24.833742141723633,27.113096707484477,26.627639770507812,12.210603713989258,26.78902557912656,25.55804443359375,27.134525299072266,24.754671096801758,2.4294798374176025,27.096470131687905,28.14726455034488,26.8840599692934,-1.06174649156558
1976-10-16 12:00:00,21.99574851989746,24.938697814941406,26.26187553178445,28.277817222903618,25.68061065673828,24.691564559936523,27.032798539209292,26.7244873046875,13.271702766418457,26.936879433682556,25.996408462524414,27.111812591552734,25.080890655517578,1.937569499015808,27.698699723503328,28.246592351858613,27.385559027493183,-0.5527927840580222
1976-11-16 00:00:00,21.566537857055664,24.981353759765625,26.24684530510342,28.28876037975997,24.56155776977539,23.780174255371094,26.33419718498271,26.096956253051758,14.93179988861084,26.317759771658032,26.514089584350586,26.597620010375977,25.631502151489258,1.1095385551452637,27.97814725086907,28.335888453232535,27.798541697563202,-0.3597289548341595
1976-12-16 12:00:00,23.486799240112305,25.144092559814453,26.27677090335157,28.295548636017998,23.27680206298828,22.54556655883789,25.302013042760397,24.910423278808594,17.05849266052246,25.188758420109615,26.89558219909668,25.637365341186523,26.222984313964844,-0.368439644575119,27.755796553169453,28.396217309713432,27.939756493358612,-0.6444090501058133
1977-01-16 12:00:00,24.296051025390625,25.70720100402832,26.37168336119985,28.292228466557464,22.216228485107422,21.215518951416016,24.404931892213877,23.912050247192383,19.131898880004883,24.22257769285592,27.27922248840332,24.760692596435547,26.703781127929688,-2.0086607933044434,27.533955303033217,28.211235564284642,27.88369206650389,-0.6838557007316268
1977-02-15 00:00:00,25.304216384887695,26.526180267333984,26.552399088846762,28.29680340204567,21.62692642211914,20.692380905151367,24.054839825368454,23.67334747314453,19.492855072021484,23.877324882026024,27.745452880859375,24.189544677734375,27.325428009033203,-2.731997489929199,27.709064939778013,28.121179163947662,28.09736202207,-0.41721675121978985
1977-03-16 12:00:00,25.858680725097656,26.83167266845703,26.817765759307065,28.320618789587336,21.540191650390625,20.435075759887695,24.13042575716413,23.329998016357422,19.353193283081055,23.982540565891185,27.973590850830078,24.36864471435547,27.695737838745117,-2.219289541244507,28.378795328608557,28.569383877550973,28.66436004314672,-0.18814642324585562
1977-04-16 00:00:00,24.928258895874023,27.40410804748535,27.105584316874502,28.358854568036435,21.94989013671875,21.10120391845703,24.437582849675845,23.64710807800293,17.51148796081543,24.311555970391915,27.908994674682617,24.511810302734375,27.486391067504883,-2.748779773712158,29.226933925872295,28.968753571367223,29.125846818968316,0.26977127931091516
1977-05-16 12:00:00,23.509859085083008,26.6977596282959,27.23170287415465,28.383305705856724,22.70726776123047,21.882808685302734,24.802066499208692,24.05770492553711,15.498834609985352,24.669119932613285,27.556121826171875,25.189258575439453,26.917821884155273,-1.8380519151687622,29.131090928818573,28.999403447680198,28.69933111112331,0.14242728584151726
1977-06-16 00:00:00,22.42548370361328,26.184480667114258,27.185021168709735,28.3735433505939,23.832168579101562,22.530969619750977,25.27748446703451,24.433578491210938,13.166642189025879,25.195020841182803,26.67687225341797,25.334728240966797,26.089599609375,-0.5444462299346924,27.830302273349673,28.751816676597908,27.504321427229442,-0.9239261434265198
1977-07-16 12:00:00,21.48270034790039,25.39443588256836,27.002113242426926,28.352388591977146,24.91099739074707,23.512910842895508,25.96968148384519,25.32803726196289,12.181047439575195,25.745480068212416,25.976518630981445,26.066326141357422,25.3040828704834,0.8235695362091064,27.118443525677254,28.256929210219322,26.84318142349756,-1.1489612453825182
1977-08-16 12:00:00,20.29656982421875,24.52075958251953,26.65955697994668,28.32358831637171,25.477689743041992,24.230545043945312,26.688698024906113,26.20706558227539,11.73786735534668,26.332245144681288,25.515321731567383,26.511396408081055,24.809917449951172,1.9264050722122192,26.872681122475587,27.84826606674838,26.647622404576698,-0.9894178924130297
1977-09-16 00:00:00,20.31406021118164,24.52396583557129,26.481903834858777,28.300746387968235,25.996496200561523,24.90114974975586,27.14667006889498,26.52886390686035,12.324250221252441,26.83830632469892,25.574813842773438,26.9687442779541,24.754671096801758,2.3409669399261475,27.143292289367444,27.78199984407401,26.908311754524423,-0.6500884937193661
1977-10-16 12:00:00,20.747167587280273,24.670392990112305,26.422190271984043,28.30385573437967,25.62027931213379,24.673330307006836,27.08397198113158,26.7244873046875,13.537066459655762,26.998221259414414,25.949092864990234,27.276273727416992,25.181018829345703,2.1311779022216797,27.77202818691073,27.98844515427155,27.40788186720733,-0.22123186978679668
1977-11-16 00:00:00,21.550748825073242,25.208539962768555,26.40769752762824,28.315979335242268,24.698938369750977,23.729095458984375,26.39029950126471,26.034282684326172,15.110125541687012,26.380688448714572,26.51082992553711,26.597620010375977,25.56268310546875,1.1095385551452637,28.053130396834067,28.17445271962807,27.862853519738874,-0.12297564980724632
1977-12-16 12:00:00,22.648164749145508,24.534385681152344,26.451879153444622,28.32233656777497,23.27715301513672,22.498889923095703,25.354667162478275,24.97183609008789,17.05999183654785,25.245647609018526,26.93631935119629,25.637365341186523,26.209741592407227,-0.4066202640533447,27.819903670119924,28.339525330476537,27.992415123045056,-0.5231279277791074
1978-01-16 12:00:00,24.27396011352539,25.387880325317383,26.54967534621147,28.32037570514914,22.216228485107422,21.356548309326172,24.452924753767718,23.83063507080078,19.275211334228516,24.265354799560924,27.47955894470215,24.733800888061523,26.446102142333984,-1.9492521286010742,27.626585082434435,28.28194950307798,27.969099295212207,-0.6608753319819203
1978-02-15 00:00:00,26.046527862548828,26.093297958374023,26.720133821335416,28.32284226256894,21.63442611694336,20.745210647583008,24.131080221745677,23.115177154541016,19.521888732910156,23.949878033202197,27.681365966796875,24.189544677734375,27.317283630371094,-3.2023086547851562,27.82104699810447,28.222819826940746,28.21419262217111,-0.40554947547676884
1978-03-16 12:00:00,26.121788024902344,26.646516799926758,26.97843922722931,28.3466591793227,21.540191650390625,20.498798370361328,24.188676925455546,23.429075241088867,19.353193283081055,24.04916099756627,27.94074058532715,24.29751205444336,27.746068954467773,-3.392075300216675,28.45610993353733,28.658076167755556,28.753949757109613,-0.19856404295312677
1978-04-16 00:00:00,26.31583595275879,27.77117347717285,27.272412493768577,28.38349501388413,21.899303436279297,20.865903854370117,24.465113517344427,23.777435302734375,17.46160125732422,24.34301377575428,27.936912536621094,24.597301483154297,27.227718353271484,-2.8281795978546143,29.311226893289636,29.071085201827284,29.233910418385747,0.2527929221366605
1978-05-16 12:00:00,24.839563369750977,27.037439346313477,27.414028582453398,28.407565454213028,22.62094497680664,21.586191177368164,24.83122978841225,23.976726531982422,15.579466819763184,24.68889685529492,27.435745239257812,25.165597915649414,26.917821884155273,-1.9718657732009888,29.268659100202616,29.083117959578402,28.869504844463933,0.19781054393125025
1978-06-16 00:00:00,22.9538631439209,26.61899757385254,27.363996389970666,28.40013061296988,23.832168579101562,22.530969619750977,25.343831899888638,24.50687026977539,13.225301742553711,25.24692099037513,26.637569427490234,25.642518997192383,26.067523956298828,-0.5444462299346924,27.930751169387158,28.765251411268807,27.655615660907188,-0.8359101062249161
1978-07-16 12:00:00,21.887985229492188,25.816133499145508,27.175590540313145,28.379664286120757,24.9417724609375,23.50360870361328,26.038610747700712,25.32803726196289,12.338908195495605,25.818457873221753,25.9606990814209,26.155582427978516,25.3040828704834,0.814570426940918,27.211866650399983,28.242833601383946,26.964849260134308,-1.0405748294739867
1978-08-16 12:00:00,20.94045639038086,25.321422576904297,26.862056723599338,28.35006368134706,25.477689743041992,24.24543571472168,26.75121710017284,26.338340759277344,11.867416381835938,26.40514392346627,25.700759887695312,26.64569664001465,24.801437377929688,1.9318238496780396,26.996178856317314,27.793470696964,26.80594303901662,-0.8100649820203685
1978-09-16 00:00:00,20.75018310546875,25.253803253173828,26.697428105343306,28.330565578631948,25.996496200561523,24.878032684326172,27.215720780080847,26.64177894592285,12.210603713989258,26.919049491250384,25.72827911376953,27.091259002685547,24.83225440979004,2.3409669399261475,27.247608913087078,27.822685238986256,27.031048233145253,-0.5853523497897415
1978-10-16 12:00:00,22.12394142150879,24.53514289855957,26.645807011399263,28.336788394337574,25.793977737426758,24.749549865722656,27.160826370725633,26.631120681762695,13.225287437438965,27.087175105119158,26.12638282775879,27.128711700439453,25.080890655517578,2.1365966796875,27.869496766167977,28.103110201710187,27.507278783585384,-0.23721112817266649
1978-11-16 00:00:00,21.334989547729492,24.70572853088379,26.622724824746122,28.3456839364697,24.698938369750977,23.729095458984375,26.4508448366911,26.175006866455078,15.110125541687012,26.44881928986789,26.588165283203125,26.660125732421875,25.6268310546875,1.1095385551452637,28.11657791211517,28.33658617737708,27.92718288887637,-0.22065827465973653
1978-12-16 12:00:00,22.9112606048584,26.17848777770996,26.63056048108856,28.348007455018102,23.29635238647461,22.54556655883789,25.37003806747434,24.98174476623535,17.11370086669922,25.26976723241242,27.102962493896484,25.508655548095703,26.222984313964844,-0.3809050917625427,27.941643242075916,28.437158622496874,28.13941148076887,-0.49761125603842066
1979-01-16 12:00:00,24.241628646850586,25.910123825073242,26.703201825190582,28.343426585052153,22.223827362060547,21.266433715820312,24.52048930668439,23.807981491088867,19.483531951904297,24.352493885001607,27.391986846923828,24.721088409423828,26.722517013549805,-1.9492521286010742,27.725659608713062,28.431683075445996,28.102778650617402,-0.7102171071634074
1979-02-15 00:00:00,25.829938888549805,26.398555755615234,26.85116737982554,28.34497145417196,21.715938568115234,20.692380905151367,24.150287257010202,23.115177154541016,19.47542381286621,23.995643652109152,27.82407569885254,24.026309967041016,27.308856964111328,-3.3621816635131836,27.935810679261845,28.38235137110062,28.356122127907256,-0.4488250179994926
1979-03-16 12:00:00,26.121788024902344,27.14727210998535,27.10810050841501,28.365392165889023,21.670879364013672,20.92755126953125,24.214878424912186,23.426105499267578,19.353193283081055,24.085125286223857,28.03795051574707,24.150821685791016,27.695737838745117,-3.1293718814849854,28.610088147676525,28.84549593743267,28.93397764417637,-0.23006755239795768
1979-04-16 00:00:00,25.558914184570312,27.13405990600586,27.39019940461194,28.39732477025161,21.89413833618164,20.903493881225586,24.498843362120184,23.826801300048828,17.46160125732422,24.375766194389456,28.174070358276367,24.597301483154297,27.432355880737305,-2.7224152088165283,29.48556718613508,29.23002556710798,29.44445491895751,0.27025874708574493
1979-05-16 12:00:00,24.38003921508789,27.445884704589844,27.508702737813255,28.417656976970733,22.638809204101562,21.580995559692383,24.89273309688643,24.585538864135742,15.533761978149414,24.7744068272725,27.657052993774414,24.961442947387695,26.923891067504883,-1.9460713863372803,29.356348987883923,29.27547458125417,28.937779975496223,0.09445397994795844
1979-06-16 00:00:00,22.945850372314453,26.350996017456055,27.455673634261437,28.408882612609094,23.866865158081055,22.558372497558594,25.383190616141384,24.50687026977539,13.34455394744873,25.304125171547945,26.803077697753906,25.80071449279785,26.26214027404785,-0.5444462299346924,28.060487273165684,29.00885513696267,27.743273176960013,-0.947938176912537
1979-07-16 12:00:00,22.013551712036133,25.591394424438477,27.235916783755112,28.386239299800547,24.91099739074707,23.512910842895508,26.060809933527626,25.32803726196289,12.152689933776855,25.865073924332677,26.134521484375,26.16234016418457,25.365079879760742,0.8235695362091064,27.299393343631245,28.527842172870514,27.03066431936417,-1.2365246995170436
1979-08-16 12:00:00,21.424123764038086,25.183483123779297,26.905930958229874,28.355660901821725,25.477689743041992,24.230545043945312,26.757249961184076,26.338340759277344,11.73786735534668,26.433619944124125,25.775474548339844,26.666954040527344,24.836217880249023,1.9318238496780396,27.063104684140527,27.986084541157794,26.84926415952086,-0.9346426120250713
1979-09-16 00:00:00,20.798635482788086,25.333385467529297,26.75738973062017,28.337518251525005,26.005950927734375,24.90114974975586,27.234988558616745,26.74416160583496,12.286788940429688,26.96994833111782,25.748764038085938,27.223207473754883,24.842226028442383,2.3409669399261475,27.318067696181213,27.910552163864615,27.081089125810696,-0.601868585044667
1979-10-16 12:00:00,21.059301376342773,24.899011611938477,26.741724984338095,28.344063193996572,25.793977737426758,24.727733612060547,27.182004675564787,26.631120681762695,13.537066459655762,27.137668789373308,26.075315475463867,27.339691162109375,25.115392684936523,2.1311779022216797,27.923289219995258,28.12699032008279,27.538877932180633,-0.20672203342476855
1979-11-16 00:00:00,21.619882583618164,25.448820114135742,26.711535778114158,28.353390121385996,24.63011360168457,23.690176010131836,26.5174685378588,26.421733856201172,15.205902099609375,26.537828268389184,26.785181045532227,26.77259063720703,25.676652908325195,1.1095385551452637,28.187323557202173,28.338273229749408,27.96527458424854,-0.15091281380880797
1979-12-16 12:00:00,22.440298080444336,24.846769332885742,26.716574727634672,28.35290368390126,23.27715301513672,22.54556655883789,25.465160642936365,24.901203155517578,17.090829849243164,25.373310070260978,27.172866821289062,25.90578842163086,26.228649139404297,-1.013667345046997,28.020109271961374,28.53746562986954,28.186420569428954,-0.518453048232262
1980-01-16 12:00:00,24.23031234741211,25.30000877380371,26.768007824161835,28.345337371428602,22.210657119750977,21.266433715820312,24.622607831052186,23.943151473999023,19.483531951904297,24.452908546505256,27.568639755249023,25.026906967163086,26.62775230407715,-1.9389101266860962,27.789505411302567,28.531635713845617,28.14965721197085,-0.7454667189949347
1980-02-15 12:00:00,26.232357025146484,26.245527267456055,26.899114755749515,28.345372195173766,21.715938568115234,20.692380905151367,24.31304538510265,23.357328414916992,19.492855072021484,24.140696617134537,27.875093460083008,24.386159896850586,27.312999725341797,-3.310896873474121,28.0266727889097,28.476444045255736,28.454327803805608,-0.4509517414387319
1980-03-16 12:00:00,27.027767181396484,27.27411460876465,27.116557909018105,28.363055180219963,21.672779083251953,20.435075759887695,24.34789270318311,23.367088317871094,19.353193283081055,24.204399205572436,28.165088653564453,24.391775131225586,27.22614860534668,-3.1293718814849854,28.711262818798048,28.99146186037504,29.01729702120635,-0.2735303488058047
1980-04-16 00:00:00,25.94599151611328,27.13405990600586,27.367147369746288,28.39286667263697,21.94989013671875,21.10120391845703,24.652044684311836,23.789865493774414,17.46160125732422,24.536130921708043,28.00878143310547,24.456209182739258,27.549633026123047,-3.321370840072632,29.585641009827565,29.253378345610265,29.513883607538496,0.3480019636608071
1980-05-16 12:00:00,24.839563369750977,27.16071891784668,27.446511466564804,28.410842028208315,22.634130477905273,21.882808685302734,25.02299083059252,23.910673141479492,15.654478073120117,24.907309631392188,27.552719116210938,25.063634872436523,27.230714797973633,-1.8940637111663818,29.465485031398945,29.25129956951781,29.036873493162616,0.22876006581691072
1980-06-16 00:00:00,23.12979507446289,26.418720245361328,27.301454374729545,28.393493430481666,24.38745880126953,23.271947860717773,25.530312246785883,24.73879623413086,13.33305549621582,25.46343359643403,26.821578979492188,25.678829193115234,26.341787338256836,-0.5444462299346924,28.080800819368275,28.953445246808613,27.754166765722328,-0.8721522956269501
1980-07-16 12:00:00,21.540056228637695,25.450977325439453,26.983288784175762,28.354758433042775,24.892953872680664,23.4872989654541,26.192351007663422,25.55483055114746,12.068642616271973,25.99043026464819,26.06157875061035,26.18339729309082,25.48558807373047,0.8200138211250305,27.257564782535983,28.442807980216756,27.000156586708172,-1.1939278198808259
1980-08-16 12:00:00,20.571428298950195,24.52075958251953,26.58944937573116,28.311012680102742,25.727210998535156,24.34395408630371,26.884339076432386,26.424955368041992,11.76703929901123,26.559306224776066,25.663707733154297,26.66977882385254,24.836217880249023,1.9045597314834595,27.01299584432666,28.020054442448263,26.802187141719156,-1.0191230653334664
1980-09-16 00:00:00,20.31406021118164,24.627248764038086,26.436509109838404,28.288230900084876,26.082054138183594,24.837100982666016,27.334275945051044,26.923465728759766,12.286788940429688,27.055118896136,25.668636322021484,27.121498107910156,24.869754791259766,2.3724546432495117,27.254423373344043,27.989068854648064,27.030863607569696,-0.7444545318477855
1980-10-16 12:00:00,20.670183181762695,24.5507869720459,26.405422116794973,28.29400828239433,25.78449821472168,24.68680191040039,27.24258766829627,26.631120681762695,13.651469230651855,27.18866611304292,26.07793617248535,27.345006942749023,25.115392684936523,2.1365966796875,27.802175796483148,28.2048445366476,27.490957383206375,-0.40667086594584634
1980-11-16 00:00:00,21.246347427368164,24.45915412902832,26.387748831814566,28.304009233468697,24.818078994750977,23.663333892822266,26.50395360216081,26.162250518798828,15.110125541687012,26.536398120156242,26.546464920043945,26.780181884765625,25.639137268066406,1.1095385551452637,28.119998843020788,28.35723643916619,27.942855735106832,-0.23780479416213784
1980-12-16 12:00:00,22.725936889648438,24.534385681152344,26.385728989526434,28.305291941243798,23.267648696899414,22.373149871826172,25.439831281521933,25.258132934570312,16.930553436279297,25.370611692822635,26.948925018310547,25.90578842163086,26.243898391723633,-0.368439644575119,27.899578349733357,28.38776509507283,28.059177522475174,-0.4908077128651743
1981-01-16 12:00:00,24.309741973876953,25.502098083496094,26.461251426005468,28.301259359304943,22.37629508972168,21.267290115356445,24.584867882860774,24.335176467895508,19.287378311157227,24.437666562743388,27.47955894470215,25.026906967163086,26.62775230407715,-1.9389101266860962,27.654714664023334,28.317906967217354,27.998001851919216,-0.6683450175997678
1981-02-15 00:00:00,25.902517318725586,25.918119430541992,26.638120032608754,28.306201958703205,21.715938568115234,20.729970932006836,24.184782552868644,23.42582893371582,19.52164649963379,24.02739747289064,27.681365966796875,24.315460205078125,27.031766891479492,-2.731997489929199,27.893945122528102,28.28932014933347,28.32209031419209,-0.3982877453273266
1981-03-16 12:00:00,26.181917190551758,26.95514678955078,26.885927034631486,28.32781639298984,21.72698402404785,20.92755126953125,24.208956138328013,23.426105499267578,19.1717529296875,24.095269823411805,28.194992065429688,24.150821685791016,27.059091567993164,-2.219289541244507,28.553329624388613,28.693819154787573,28.864594760652935,-0.1360628376257764
1981-04-16 00:00:00,24.990556716918945,27.140888214111328,27.1528284709025,28.3610042282973,22.05900764465332,21.10120391845703,24.510817227462116,23.771156311035156,17.46160125732422,24.414817131914887,27.950603485107422,24.44947052001953,27.507366180419922,-2.748779773712158,29.429579260349485,29.118773242385785,29.351307708351257,0.32471451504627913
1981-05-16 12:00:00,23.83993911743164,26.72145652770996,27.233672291002367,28.379869277578415,22.855663299560547,21.882808685302734,24.864090947639568,24.327510833740234,15.579466819763184,24.75598508948677,27.60994529724121,25.233856201171875,26.840978622436523,-1.8380519151687622,29.255240377114117,29.128630345394424,28.828857169954485,0.13885966931369154
1981-06-16 00:00:00,22.603330612182617,26.219196319580078,27.152126889369647,28.36739080333699,24.38745880126953,23.077180862426758,25.367076466982596,24.542272567749023,13.359614372253418,25.305661864286556,26.726600646972656,25.642518997192383,26.043058395385742,-0.45683765411376953,27.900964054746563,28.91281266260675,27.587354311829067,-1.0131901448897007
1981-07-16 12:00:00,21.382444381713867,25.12788963317871,26.903298101248055,28.336994375321748,25.210933685302734,23.4872989654541,26.0654496163791,25.335344314575195,12.152689933776855,25.875923946171568,26.043174743652344,26.16234016418457,25.3040828704834,0.8200138211250305,27.14639310207271,28.54706276598855,26.879769880831514,-1.4101758658796637
1981-08-16 12:00:00,20.32056427001953,24.699905395507812,26.544530878275793,28.302583145755964,25.784135818481445,24.351099014282227,26.759867011746,26.241558074951172,11.748357772827148,26.443454079889925,25.722793579101562,26.64569664001465,24.801437377929688,1.9318238496780396,26.929808294828717,28.16620580110012,26.71834320195387,-1.2489124390511694
1981-09-16 00:00:00,20.07887077331543,24.52396583557129,26.401275835249777,28.28261766583004,26.1046199798584,24.837100982666016,27.222364346770302,26.64177894592285,12.22329044342041,26.944680670349193,25.669069290161133,27.081987380981445,24.738462448120117,2.3409669399261475,27.15528140985315,28.139415029016977,26.94149027786752,-0.9945370039366421
1981-10-16 12:00:00,20.670183181762695,24.56168556213379,26.406393795441524,28.291023168177464,25.78449821472168,24.727733612060547,27.15040853865241,26.670970916748047,13.456377029418945,27.08703057740535,26.009628295898438,27.147014617919922,25.080890655517578,2.1266531944274902,27.702972043540058,28.298291972522833,27.37828697893397,-0.6000541862772557
1981-11-16 00:00:00,21.507083892822266,24.692893981933594,26.390982694198733,28.302507032652446,24.63011360168457,23.663333892822266,26.446447568509843,26.175006866455078,15.16252613067627,26.454334125479356,26.504955291748047,26.660125732421875,25.637910842895508,1.1095385551452637,28.036956740500166,28.365499901322913,27.861955546746366,-0.3298919121281524
1981-12-16 12:00:00,23.430164337158203,24.821292877197266,26.45637134020636,28.3108608457597,23.28140640258789,22.44556427001953,25.42991105527961,24.901203155517578,17.394384384155273,25.326758747144957,26.930755615234375,25.617076873779297,26.229883193969727,-0.368439644575119,27.79640401640131,28.45227981420744,27.963985598079056,-0.6593369847851831
1982-01-16 12:00:00,24.213239669799805,25.096342086791992,26.57288048313645,28.310668747550842,22.223827362060547,21.29461669921875,24.507435397482944,24.10307502746582,19.137422561645508,24.323540950641508,27.40760040283203,24.785032272338867,26.62775230407715,-2.0086607933044434,27.609231802037662,28.272135044112225,27.948490941021255,-0.6686053040133424
1982-02-15 00:00:00,25.81397819519043,26.36151123046875,26.762209523349526,28.316364148812347,21.63442611694336,20.745210647583008,24.140333105379053,23.115177154541016,19.68183135986328,23.959479430095747,27.66931915283203,24.483978271484375,27.0114688873291,-2.608264923095703,27.837096962390312,28.25296895045743,28.241546901799307,-0.41942102970277667
1982-03-16 12:00:00,25.961444854736328,26.987287521362305,26.98890578143705,28.341614534393152,21.540191650390625,20.498798370361328,24.204657745096277,23.3759822845459,19.41130828857422,24.046475819468867,27.889278411865234,24.348243713378906,27.645700454711914,-2.219289541244507,28.47313789979373,28.773736723752375,28.74957582601519,-0.29675339330864675
1982-04-16 00:00:00,24.966487884521484,27.68440818786621,27.257569695855054,28.3764331701601,21.945890426635742,21.046993255615234,24.545911672825085,23.686704635620117,17.920801162719727,24.419766354589562,27.877248764038086,24.514387130737305,27.650495529174805,-2.9619643688201904,29.357686368083435,29.116343198839484,29.27901866120334,0.25455193397043757
1982-05-16 12:00:00,24.322052001953125,27.16071891784668,27.398114628584466,28.399794121972025,22.617509841918945,21.596942901611328,24.88270342197089,23.98609161376953,15.824090957641602,24.747015671942385,27.442949295043945,25.25090980529785,27.01356315612793,-1.8380519151687622,29.337894393081555,29.078242566161876,28.873774083324836,0.2725776970897187
1982-06-16 00:00:00,23.05420684814453,26.516204833984375,27.30897454009379,28.386756003148946,24.186111450195312,22.648744583129883,25.36494143902382,24.49696922302246,13.800887107849121,25.294752833932492,26.658039093017578,25.642518997192383,26.18790054321289,-0.4825736880302429,28.009940183950317,28.793251877846874,27.651138773724178,-0.7838897491028369
1982-07-16 12:00:00,21.884563446044922,25.898906707763672,27.096157008588214,28.36082787229382,25.210933685302734,23.740699768066406,26.054922313871753,25.32803726196289,12.181047439575195,25.876726051519356,25.9606990814209,26.155582427978516,25.52151107788086,0.8235695362091064,27.197218933322834,28.26461813046748,26.928827050394393,-1.0770959183539583
1982-08-16 12:00:00,21.424123764038086,25.012331008911133,26.795155473740373,28.33241717208528,25.77285385131836,24.377653121948242,26.76350299376524,26.241558074951172,11.76703929901123,26.44044356843277,25.688716888427734,26.645828247070312,24.836217880249023,1.9264050722122192,27.00574937494667,27.754161368113326,26.78083025656593,-0.7611875521524518
1982-09-16 00:00:00,20.77178192138672,25.338794708251953,26.666726004027662,28.316176911656814,26.060548782348633,24.846017837524414,27.219762805180817,26.489013671875,12.324250221252441,26.938944282234864,25.72827911376953,26.9687442779541,24.810880661010742,2.4441964626312256,27.246497903486702,27.700961349999577,26.993591000653765,-0.4650437082343068
1982-10-16 12:00:00,21.237110137939453,25.759960174560547,26.657366891543283,28.325708929018788,25.77069091796875,24.734159469604492,27.135242573613024,26.769746780395508,13.537066459655762,27.055750535880215,26.117095947265625,27.147014617919922,25.069255828857422,1.937569499015808,27.83467655467045,27.92844573804417,27.456894352325097,-0.09812411402847365
1982-11-16 00:00:00,22.2204647064209,26.152082443237305,26.62844597512981,28.33597834250626,24.647727966308594,23.690176010131836,26.436257593479507,26.16751480102539,15.110125541687012,26.42568948142827,26.592905044555664,26.597620010375977,25.639137268066406,1.1095385551452637,28.070160161258432,28.177555232361126,27.866350507065192,-0.1088765545566785
1982-12-16 12:00:00,23.30925750732422,25.856767654418945,26.654785663126837,28.341360962761573,23.28140640258789,22.44556427001953,25.385423726063685,24.958906173706055,17.04942512512207,25.280016603434888,27.162796020507812,25.54805564880371,26.198856353759766,-0.6133591532707214,27.907471254096304,28.38596809758823,28.10616012917373,-0.4810459659473703
1983-01-16 12:00:00,25.120038986206055,26.381404876708984,26.731329701598586,28.336243162270243,22.210657119750977,21.21006202697754,24.519525451521016,23.807981491088867,19.131898880004883,24.335663749163032,27.479217529296875,24.57559585571289,26.72186851501465,-1.9492521286010742,27.697850107181193,28.335391439493826,28.080647610756497,-0.642235565274683
1983-02-15 00:00:00,26.78066062927246,26.688949584960938,26.869797098208778,28.33762797044052,21.630136489868164,20.692380905151367,24.22106951915044,23.42582893371582,19.492855072021484,24.029805723974313,27.961545944213867,24.315460205078125,27.325428009033203,-2.919828414916992,27.90874806288592,28.41734238239847,28.364009238983506,-0.5110554655122779
1983-03-16 12:00:00,26.987985610961914,27.359994888305664,27.085387327906993,28.356744540963415,21.672779083251953,20.65273094177246,24.29120925791699,23.347312927246094,19.09971046447754,24.123583283418448,28.06342315673828,24.44600486755371,27.69045639038086,-3.066847085952759,28.511629778850406,28.904503704138783,28.871415101654115,-0.3883416703613321
1983-04-16 00:00:00,25.85417938232422,27.275205612182617,27.36530455174642,28.38855095040359,21.94989013671875,20.950387954711914,24.596579282641184,23.5911865234375,17.51148796081543,24.45135144893056,28.081655502319336,24.598716735839844,27.482845306396484,-2.694685220718384,29.384755395923783,29.172569797633493,29.363541891503736,0.2257911993563381
1983-05-16 12:00:00,25.069116592407227,27.505861282348633,27.45397335946,28.40730301357558,22.638809204101562,21.580995559692383,24.96296300693901,23.826473236083984,15.5451021194458,24.819492308772787,27.657052993774414,24.655536651611328,26.840978622436523,-1.8958892822265625,29.38307925763093,29.195405759861618,29.006864654585772,0.20131798637717654
1983-06-16 00:00:00,24.50286102294922,26.891111373901367,27.34792287312002,28.394548653186924,23.866865158081055,22.530969619750977,25.42687970451575,24.542272567749023,13.141417503356934,25.321440412944796,26.826101303100586,25.6506404876709,26.292442321777344,-0.4825736880302429,28.08395384370517,28.949224930823473,27.792885541779135,-0.8647587004781503
1983-07-16 12:00:00,23.10897445678711,25.807621002197266,27.100210182453722,28.366118801261834,24.9417724609375,23.440156936645508,26.064713035534435,25.32803726196289,12.062514305114746,25.838990287538778,26.134521484375,26.155582427978516,25.48558807373047,0.8105074763298035,27.29027595220548,28.559240872633314,27.029058029897705,-1.2770530747841777
1983-08-16 12:00:00,21.143478393554688,25.015052795410156,26.744665219316687,28.330791741346648,25.477689743041992,24.230545043945312,26.753123106549918,26.182987213134766,11.73786735534668,26.41096860448812,25.727142333984375,26.64569664001465,24.836217880249023,1.7136366367340088,27.046216656963903,28.158287903412674,26.833718873549486,-1.1234817589157828
1983-09-16 00:00:00,20.71435546875,25.448671340942383,26.586149069236587,28.309111613459553,26.005950927734375,24.8185977935791,27.20438154863164,26.64177894592285,12.210138320922852,26.909761308197503,25.74631118774414,27.091259002685547,24.83134651184082,2.3409669399261475,27.281086399254658,28.07650276949095,27.043891079836516,-0.8047572522120245
1983-10-16 12:00:00,21.167285919189453,24.508737564086914,26.584362509884073,28.31797211084581,25.672245025634766,24.721317291259766,27.133133413486124,26.73160743713379,13.39162826538086,27.048361093930502,26.12638282775879,27.128711700439453,25.07375144958496,2.1311779022216797,27.847270616096097,28.2698172351347,27.48173906439534,-0.4259568433039495
1983-11-16 00:00:00,22.112079620361328,25.0058536529541,26.521998596631104,28.32281976249991,24.716655731201172,23.789628982543945,26.4277787777587,26.175006866455078,15.274297714233398,26.413600487058353,26.588165283203125,26.660125732421875,25.633712768554688,1.1095385551452637,28.10764034854001,28.409538036585676,27.902285028570805,-0.3024580480563473
1983-12-16 12:00:00,22.926834106445312,24.6298770904541,26.534259314952422,28.324545901287653,23.27680206298828,22.55531120300293,25.36064403413941,24.97183609008789,17.273958206176758,25.244153814823065,27.11370277404785,25.54805564880371,26.222984313964844,-0.3809050917625427,27.902454274101345,28.458922800970214,28.08110999935575,-0.558890153648349
1984-01-16 12:00:00,24.241628646850586,24.956403732299805,26.5817696856944,28.31767847271322,22.229408264160156,21.40449333190918,24.491231698310393,24.066104888916016,19.45648765563965,24.30714157668504,27.411582946777344,24.785032272338867,26.703781127929688,-2.0182297229766846,27.677534968002117,28.401647198660967,28.020237756651643,-0.7288427710905616
1984-02-15 12:00:00,26.050275802612305,26.25994300842285,26.735508950791214,28.321029773220204,21.679597854614258,20.643136978149414,24.13772217904559,23.12801170349121,19.713781356811523,23.950195288642128,27.67973518371582,24.030887603759766,27.420116424560547,-3.1641721725463867,27.88644995209527,28.292851964964722,28.30387184543898,-0.4093785545435683
1984-03-16 12:00:00,26.121788024902344,26.95514678955078,26.949987571601994,28.342929559977872,21.535184860229492,20.498798370361328,24.21953288655046,23.200000762939453,19.228958129882812,24.060229664534468,27.97834587097168,24.39524269104004,27.695737838745117,-3.403209924697876,28.54769562043335,28.820947533557074,28.86177998871831,-0.26857304993641185
1984-04-16 00:00:00,25.349151611328125,27.367549896240234,27.23668470106601,28.372631384437945,21.88994026184082,20.918733596801758,24.46417410320444,23.678678512573242,17.46160125732422,24.316819903160727,27.960206985473633,24.564685821533203,27.432355880737305,-2.748779773712158,29.396232583404956,29.22032577614912,29.342762719993416,0.18973833498456613
1984-05-16 12:00:00,23.557329177856445,26.940343856811523,27.359120078218375,28.395325563030614,22.688642501831055,21.653934478759766,24.8205003844409,24.05770492553711,15.657383918762207,24.67313317640916,27.435745239257812,25.172027587890625,27.073659896850586,-1.9888570308685303,29.227108783675824,29.172672888446204,28.810997326643314,0.06652022189180279
1984-06-16 00:00:00,22.589460372924805,26.059782028198242,27.271016989238866,28.385646139836386,23.836259841918945,22.377676010131836,25.3352231006929,24.461185455322266,13.47695255279541,25.25998226435732,26.637569427490234,25.642518997192383,26.341787338256836,-0.6656580567359924,27.912896641625405,28.915849705694843,27.61848018235925,-1.004172110710512
1984-07-16 12:00:00,21.312583923339844,25.39443588256836,27.014513902669172,28.358844989245114,24.8828182220459,23.4872989654541,26.05514971509928,25.32803726196289,12.181047439575195,25.843925918329838,25.93669319152832,26.178279876708984,25.52151107788086,0.8105074763298035,27.19817021172728,28.508830586313213,26.948600910071438,-1.3197590407806408
1984-08-16 12:00:00,20.29766845703125,25.29393196105957,26.63788726161461,28.32239854303532,25.41728973388672,24.29730224609375,26.764195132695487,26.182987213134766,11.748357772827148,26.416344241475706,25.589458465576172,26.725826263427734,24.866806030273438,1.9264050722122192,26.958495411969746,28.109169136101137,26.75413025528763,-1.163049317307696
1984-09-16 00:00:00,20.0091552734375,24.52396583557129,26.459915365380965,28.2975157004776,25.97537612915039,24.837100982666016,27.225467539713858,26.64177894592285,12.286788940429688,26.940153839518167,25.59954071044922,27.048871994018555,24.80434799194336,2.3409669399261475,27.189574184232093,28.076578224003985,26.983573008717567,-0.8972279680365653
1984-10-16 12:00:00,20.571361541748047,24.323392868041992,26.402851977355844,28.301711305049064,25.761247634887695,24.727733612060547,27.153221013251642,26.631120681762695,13.486306190490723,27.0781495304432,26.036222457885742,27.128711700439453,25.21202278137207,2.0691049098968506,27.7684941004756,28.244515117040173,27.451343573755697,-0.48025256216702833
1984-11-16 00:00:00,21.56623077392578,24.981353759765625,26.352655082355987,28.3116936416095,24.63011360168457,23.690176010131836,26.482593984404847,26.162250518798828,15.205902099609375,26.474963679399984,26.516908645629883,26.775432586669922,25.631502151489258,1.0751787424087524,28.058536147065308,28.322372175697673,27.876479058252894,-0.265080501385568
1984-12-16 12:00:00,22.695791244506836,24.360219955444336,26.37657324570993,28.316512438981075,23.267648696899414,22.373149871826172,25.438921721929763,24.85497283935547,17.15365982055664,25.34135095528977,26.93631935119629,25.606754302978516,26.222984313964844,-0.4066202640533447,27.846171482570025,28.43075548881229,28.03275328000835,-0.5876167655427929
1985-01-16 12:00:00,24.079530715942383,25.366596221923828,26.44587036813325,28.30926393990749,22.298173904418945,21.261308670043945,24.4887253311823,24.066104888916016,19.16400909423828,24.3164542659039,27.47955894470215,24.77604866027832,26.763795852661133,-1.9398878812789917,27.633440493629205,28.28339772743642,27.986525470965457,-0.655398488158742
1985-02-15 00:00:00,25.304216384887695,25.820310592651367,26.618104610897603,28.313153943018627,21.715938568115234,20.692380905151367,24.10295417598911,23.115177154541016,19.52164649963379,23.933647740027908,27.484071731567383,24.189544677734375,27.332677841186523,-3.2023086547851562,27.80590011851261,28.25693905133491,28.204663106698995,-0.4548794969719035
1985-03-16 12:00:00,26.250938415527344,26.854551315307617,26.87397904704688,28.334811091383912,21.65936279296875,20.609712600708008,24.23020074131428,22.942890167236328,19.19060516357422,24.092733843138497,27.824987411499023,24.150821685791016,27.618213653564453,-3.956054449081421,28.448203500663514,28.672701986606775,28.744963672740816,-0.22113733595697152
1985-04-16 00:00:00,24.992090225219727,27.21199607849121,27.174440536728987,28.367470543158444,22.028379440307617,20.97077751159668,24.564580074873444,23.362092971801758,17.501657485961914,24.44648345519913,27.852092742919922,24.44947052001953,27.504810333251953,-3.2156569957733154,29.34311728271443,29.052626880985922,29.27377868961416,0.3034049129586512
1985-05-16 12:00:00,23.517240524291992,26.74132537841797,27.293599980341405,28.39101103348578,22.634130477905273,21.54276466369629,24.957637425714683,23.886157989501953,15.654478073120117,24.817512600614123,27.256567001342773,24.548152923583984,26.97899627685547,-2.287916660308838,29.259389503648652,29.045667113724733,28.831583554627887,0.22581202203287387
1985-06-16 00:00:00,22.537437438964844,25.769664764404297,27.256739039451027,28.38095125617017,24.08583641052246,23.00393295288086,25.484376586993623,24.657825469970703,13.22075366973877,25.38018803131341,26.626583099365234,25.470386505126953,26.089599609375,-0.6818781495094299,27.976858906394913,28.822966761079588,27.65319705846214,-0.8469335411327308
1985-07-16 12:00:00,21.29681968688965,25.327285766601562,27.024068121195263,28.356887517987623,24.91099739074707,23.512910842895508,26.120522196190077,25.453447341918945,12.338908195495605,25.87620882242497,25.949554443359375,26.16234016418457,25.3040828704834,0.8107947707176208,27.176414274176285,28.335485382660973,26.904440063309416,-1.1687977419815312
1985-08-16 12:00:00,20.29656982421875,24.52075958251953,26.669631112921934,28.325162177347202,25.477689743041992,24.24543571472168,26.780801168405628,26.182987213134766,11.854264259338379,26.42273235086538,25.485321044921875,26.657413482666016,24.82034683227539,1.9045597314834595,26.96377561783328,27.895803145021517,26.730813173541016,-0.9448666517181554
1985-09-16 00:00:00,20.0091552734375,24.517070770263672,26.469329920981775,28.29964280750553,26.005950927734375,24.90114974975586,27.236112021554124,26.639299392700195,12.324250221252441,26.930743530631702,25.512182235717773,27.091259002685547,24.754671096801758,2.3724546432495117,27.18565482431346,27.942495918226673,26.938100198265236,-0.7674261648100598
1985-10-16 12:00:00,20.77513885498047,24.48560905456543,26.421263261920657,28.303785738727996,25.646747589111328,24.743858337402344,27.174318296132558,26.670970916748047,13.651469230651855,27.0880166319982,26.009628295898438,27.128711700439453,25.181217193603516,2.075725793838501,27.717502880912793,28.15446660532251,27.35024549764495,-0.4419045462568141
1985-11-16 00:00:00,21.246347427368164,24.30953025817871,26.413743499960532,28.316300127662274,24.698938369750977,23.729095458984375,26.420024838517907,26.16751480102539,15.110125541687012,26.416751943451864,26.504955291748047,26.597620010375977,25.683250427246094,1.1095385551452637,28.052127960105896,28.260904467890633,27.84273218777355,-0.21023104718079838
1985-12-16 12:00:00,22.648164749145508,24.55332374572754,26.4523444236931,28.322004766222303,23.27715301513672,22.373149871826172,25.384028128092,24.99164390563965,17.11370086669922,25.29132132049321,26.930755615234375,25.508655548095703,26.222984313964844,-0.4066202640533447,27.879684379986852,28.371767633363227,28.05804360934488,-0.4949348020955045
1986-01-16 12:00:00,24.309741973876953,25.389863967895508,26.540254712227302,28.317580893670506,22.27685546875,21.261308670043945,24.469617267456393,23.70358657836914,19.275211334228516,24.30977471207961,27.40760040283203,24.398435592651367,26.72186851501465,-2.0182297229766846,27.66639724132244,28.294139287901114,28.033443280912138,-0.6328393182547012
1986-02-15 00:00:00,25.413902282714844,26.055152893066406,26.670142529915047,28.319293964604164,21.706567764282227,20.719337463378906,24.15457092605349,23.024215698242188,19.521888732910156,23.998841960717613,27.681365966796875,24.026309967041016,27.325428009033203,-3.310896873474121,27.82908900832287,28.276960153391688,28.24259737710214,-0.45143962489833406
1986-03-16 12:00:00,26.181917190551758,26.76202964782715,26.90806548530631,28.338471077392537,21.691038131713867,20.609712600708008,24.23520895427304,23.1184139251709,19.09971046447754,24.1181042338212,27.95846939086914,24.157316207885742,27.632080078125,-3.577653646469116,28.53117508989301,28.663584646470035,28.8588884212514,-0.1282695928305479
1986-04-16 00:00:00,24.97380256652832,27.171470642089844,27.18528352137527,28.370192694657387,22.028379440307617,21.013717651367188,24.530328412337845,23.4283447265625,17.46160125732422,24.434760514946205,27.91803741455078,24.598716735839844,27.443098068237305,-3.321370840072632,29.386471746499698,29.03510547134127,29.33262896213266,0.36465697140925135
1986-05-16 12:00:00,23.557329177856445,26.86040496826172,27.289176608420654,28.391819309421628,22.80253028869629,21.54276466369629,24.913201106355896,23.68852996826172,15.64436149597168,24.789823847506447,27.38041114807129,24.630369186401367,26.899791717529297,-1.8940637111663818,29.248920859131466,29.10252176890759,28.8601454031129,0.1585247790542872
1986-06-16 00:00:00,22.532358169555664,26.184480667114258,27.20536441417744,28.37759193927027,24.08583641052246,22.377676010131836,25.400779709668395,24.383441925048828,13.740736961364746,25.332565649987735,26.633974075317383,25.463420867919922,26.074562072753906,-0.5442663431167603,27.869414444374705,28.827004835785175,27.61199656389919,-0.9594433387614598
1986-07-16 12:00:00,21.367788314819336,25.214019775390625,26.972317298655653,28.353019051370737,24.892953872680664,23.499399185180664,26.090417263268126,25.338733673095703,12.152689933776855,25.87526833173161,25.89967155456543,26.155582427978516,25.3040828704834,0.814570426940918,27.187254514461983,28.382756117675275,26.946254987660335,-1.2050096276061668
1986-08-16 12:00:00,20.32056427001953,24.908193588256836,26.606818351727384,28.31836394697164,25.501081466674805,24.29730224609375,26.797416179549163,26.311620712280273,11.73786735534668,26.450705114184437,25.503398895263672,26.64569664001465,24.866806030273438,1.9045597314834595,26.96198306835935,28.02294165913839,26.759148039598536,-1.07350844473752
1986-09-16 00:00:00,20.0091552734375,24.62578010559082,26.424379998493507,28.291963577631492,26.12696647644043,24.878032684326172,27.264175861418163,26.74416160583496,12.286788940429688,26.972382470076084,25.576425552368164,27.10578727722168,24.84795570373535,2.3724546432495117,27.19497917056071,28.01152954888117,26.983483113100704,-0.8268789934816938
1986-10-16 12:00:00,20.77513885498047,25.11277961730957,26.336543604407872,28.289747302466175,25.800405502319336,24.749549865722656,27.159671474227,26.670970916748047,13.511712074279785,27.08611029722025,26.01342010498047,27.128711700439453,25.080890655517578,2.1266531944274902,27.789184652959353,28.204212215510633,27.480938051026875,-0.41915659681034095
1986-11-16 00:00:00,21.581911087036133,25.208539962768555,26.353867591283375,28.302193473010803,24.63011360168457,23.663333892822266,26.455760444876322,26.162250518798828,15.205902099609375,26.46457513283982,26.516908645629883,26.754798889160156,25.6268310546875,1.1095385551452637,28.056093436207103,28.351065684826775,27.894884077574197,-0.29617110798476304
1986-12-16 12:00:00,22.670381546020508,24.89896583557129,26.38120987709819,28.3087769177657,23.396841049194336,22.391437530517578,25.41546297321936,24.901203155517578,17.15365982055664,25.32917926132835,26.953115463256836,25.609355926513672,26.198856353759766,-0.3809050917625427,27.85124049446284,28.447351558089846,28.036577135380806,-0.599054881072574
1987-01-16 12:00:00,24.309741973876953,25.890329360961914,26.473750139061487,28.3065566985619,22.391284942626953,21.32854461669922,24.54759747927272,23.869138717651367,19.077098846435547,24.393598321726024,27.40760040283203,24.856372833251953,26.649106979370117,-2.0182297229766846,27.633787623727162,28.258213503977583,28.002177259105565,-0.6299245114420509
1987-02-15 00:00:00,26.046527862548828,26.055152893066406,26.650246924037724,28.310035031640055,21.715673446655273,20.719337463378906,24.18012904961101,23.18412971496582,19.68183135986328,24.018750454161527,27.676105499267578,23.957916259765625,27.031766891479492,-2.731997489929199,27.810295164425256,28.162468286145852,28.240924411654294,-0.35619906618657493
1987-03-16 12:00:00,26.337888717651367,27.0089168548584,26.889632563297404,28.332655375459034,21.691038131713867,20.76799774169922,24.268304054503727,23.29982566833496,19.16031837463379,24.1438841763431,27.95846939086914,24.399681091308594,27.506702423095703,-3.1187541484832764,28.456422953357386,28.663379566011177,28.75626909647539,-0.20353861210735547
1987-04-16 00:00:00,25.3651123046875,27.221221923828125,27.17736616122412,28.366875943643958,22.082050323486328,21.240468978881836,24.599597020122335,23.550827026367188,17.501657485961914,24.49499499337812,27.941160202026367,24.728076934814453,27.72187614440918,-2.7224152088165283,29.319794676555528,29.065864247646427,29.23977041775699,0.2666517619865854
1987-05-16 12:00:00,24.84676170349121,27.16472625732422,27.3069357395498,28.38963446845546,22.831520080566406,21.889108657836914,24.979689832221652,23.775348663330078,15.498834609985352,24.85476241301486,27.447792053222656,24.981407165527344,27.073659896850586,-1.8958892822265625,29.27663595683374,29.107522613564964,28.835051255827164,0.1815185824106196
1987-06-16 00:00:00,23.7168025970459,26.418720245361328,27.26096126352481,28.38069176260962,24.38745880126953,23.271947860717773,25.455928053217328,24.807344436645508,13.359614372253418,25.36378278815601,26.655738830566406,25.80071449279785,26.300573348999023,-0.4825736880302429,27.93275998783438,28.87986864028583,27.63682657729651,-0.9482227501941167
1987-07-16 12:00:00,21.941537857055664,25.7103214263916,27.065310501030417,28.35872054853641,25.210933685302734,24.003280639648438,26.13124958163903,25.55483055114746,12.152689933776855,25.923496164927265,25.99049949645996,26.18339729309082,25.629268646240234,0.8235695362091064,27.219052916895375,28.45327837212115,26.964880495459553,-1.2432565264541058
1987-08-16 12:00:00,21.01508903503418,25.55861473083496,26.713108984340188,28.330114257736163,26.112478256225586,24.64332389831543,26.840645800360644,26.424955368041992,11.814358711242676,26.505315494988942,25.663707733154297,26.666954040527344,24.801437377929688,1.9218802452087402,27.003538306011933,28.03595452538566,26.79313492623958,-1.0445336256708846
1987-09-16 00:00:00,21.910696029663086,25.089632034301758,26.54366817998428,28.31038658286,26.4470157623291,25.34358024597168,27.34756931503851,26.923465728759766,12.167898178100586,27.052816306294197,25.668636322021484,27.223207473754883,24.84795570373535,2.3724546432495117,27.252325111631844,27.952534483501303,27.012702949782632,-0.7101267697112226
1987-10-16 12:00:00,21.3712215423584,25.194482803344727,26.532558015337166,28.31614584584995,25.822803497314453,24.922780990600586,27.26921385852444,26.926578521728516,13.261094093322754,27.182029163220193,26.07793617248535,27.345006942749023,25.21202278137207,2.1036932468414307,27.810864327469343,28.155976353347743,27.468713712009233,-0.34914813119035926
1987-11-16 00:00:00,21.548017501831055,25.331886291503906,26.543577655616815,28.327143339292984,24.80812644958496,23.74115753173828,26.539950691936387,26.421733856201172,15.266427040100098,26.548451400521287,26.589691162109375,26.780181884765625,25.735570907592773,1.0983233451843262,28.092550027717266,28.298997797357863,27.908993225741778,-0.20742032118221848
1987-12-16 12:00:00,22.9112606048584,26.236324310302734,26.59764571960976,28.334759839425303,23.417530059814453,22.391437530517578,25.515020109261414,25.311092376708984,17.209320068359375,25.433190864906805,27.11379051208496,26.076602935791016,26.222984313964844,-0.4066202640533447,27.894314089233255,28.459221005584652,28.0744104495232,-0.5674063888892644
1988-01-16 12:00:00,24.241628646850586,26.381404876708984,26.69193756978361,28.33224154931318,22.481210708618164,21.63709259033203,24.62913470622949,24.310300827026367,19.231489181518555,24.48359101691026,27.411582946777344,25.026906967163086,26.722517013549805,-1.9781731367111206,27.684347621196043,28.37368558133642,28.061774183664546,-0.6940701727294105
1988-02-15 12:00:00,25.81397819519043,26.398555755615234,26.842597750132775,28.33545682774003,21.889713287353516,20.821014404296875,24.29590613461145,23.30984115600586,19.235504150390625,24.156646774078368,27.73471450805664,24.387939453125,27.403404235839844,-3.081355333328247,27.87491608377126,28.34182059812181,28.309150600858768,-0.46987429599155184
1988-03-16 12:00:00,25.980144500732422,27.07901954650879,27.08966602430982,28.360553635687754,21.7236385345459,20.69738006591797,24.337679208681102,23.367088317871094,19.19060516357422,24.227078095734207,28.031543731689453,24.36020851135254,27.645700454711914,-3.392075300216675,28.528255190411596,28.825633363445462,28.841603490763866,-0.29287563972758796
1988-04-16 00:00:00,25.58272361755371,27.13405990600586,27.381457502941622,28.398050088559867,22.082050323486328,21.013717651367188,24.661613175028474,23.789865493774414,17.447227478027344,24.569794490730473,28.094572067260742,24.963850021362305,27.72187614440918,-2.931858539581299,29.426687208010705,29.19773115237319,29.356645739107492,0.24302703272819645
1988-05-16 12:00:00,24.164226531982422,26.745399475097656,27.52234669801435,28.42189338181499,22.88267707824707,21.851526260375977,25.058289304774785,23.921180725097656,15.498834609985352,24.96455591673994,27.519582748413086,25.063634872436523,27.20404815673828,-1.8958892822265625,29.286483932998962,29.230847747661734,28.887477697583876,0.06843384807080732
1988-06-16 00:00:00,22.929285049438477,26.179611206054688,27.484387370263416,28.41255921871581,24.203601837158203,23.05469512939453,25.56042429946546,24.73879623413086,13.166642189025879,25.509180026248316,26.83450698852539,25.688762664794922,26.36366081237793,-0.5444462299346924,28.004537834483077,28.92266029462823,27.686994836050204,-0.9184406112332653
1988-07-16 12:00:00,21.5142765045166,25.091127395629883,27.287207756789602,28.392522174592003,25.01149559020996,23.703777313232422,26.24378148261351,25.55483055114746,12.181047439575195,26.0616372165682,26.07358169555664,26.18339729309082,25.570545196533203,0.8235695362091064,27.32837344821423,28.41561578179148,27.03684139651802,-1.0953091164422517
1988-08-16 12:00:00,20.31221580505371,24.630704879760742,26.993167574375583,28.364875985142625,25.757341384887695,24.562908172607422,26.957735767643104,26.447107315063477,11.680434226989746,26.65389613877396,25.591602325439453,26.79408073425293,24.949487686157227,1.8988797664642334,27.117893890424074,27.892727304105712,26.89627647083353,-0.7861924857486486
1988-09-16 00:00:00,20.167999267578125,24.780866622924805,26.843179239605597,28.347038739498537,26.181642532348633,25.061866760253906,27.423354150237078,26.941932678222656,12.116442680358887,27.172999431178255,25.59726333618164,27.277725219726562,24.827665328979492,2.4281091690063477,27.430650182434686,27.839413560734037,27.15684937843764,-0.4172324459031271
1988-10-16 12:00:00,20.737865447998047,24.693321228027344,26.822940562876713,28.352759019435588,25.846141815185547,24.97588539123535,27.405569981911132,27.095582962036133,13.261094093322754,27.386518909825824,26.09505271911621,27.474430084228516,25.111860275268555,2.174865961074829,28.043285201289493,28.086438168384724,27.644704840798642,-0.045113545836383176
1988-11-16 00:00:00,21.468080520629883,24.70965576171875,26.804068160394998,28.362021564685,24.797609329223633,24.021162033081055,26.77296406682522,26.562868118286133,15.1239595413208,26.8247465347142,26.69501304626465,26.91380500793457,25.676652908325195,1.0751787424087524,28.33751083026209,28.35569248494876,28.113858610796466,-0.016653263261149034
1988-12-16 12:00:00,22.597814559936523,24.603776931762695,26.785902646864027,28.358131581803395,23.637601852416992,22.699596405029297,25.772034557250443,25.624671936035156,17.280906677246094,25.723323475021004,27.093412399291992,26.178163528442383,26.228649139404297,-0.38913795351982117,28.092117427775676,28.528648020715355,28.25228976146531,-0.43695356010585773
1989-01-16 12:00:00,24.50562286376953,25.103832244873047,26.828773334879543,28.35208353779226,22.432287216186523,21.449670791625977,24.85889419592188,24.19571876525879,19.2060489654541,24.73100076401218,27.258028030395508,24.90354347229004,26.883838653564453,-1.9781731367111206,27.919302067123255,28.53867586347031,28.29564002477228,-0.6214405070476579
1989-02-15 00:00:00,25.902950286865234,25.7790584564209,26.96398350009714,28.352661382652048,21.80404281616211,20.761262893676758,24.564313248727334,23.437397003173828,19.68183135986328,24.45115620610273,27.703397750854492,24.48392105102539,27.334754943847656,-2.8879997730255127,28.11881329495101,28.60369406540867,28.562644647056022,-0.4848651231772236
1989-03-16 12:00:00,26.4718074798584,26.93343162536621,27.182849769870657,28.37294358656328,21.674177169799805,20.872224807739258,24.629468539698816,23.572052001953125,19.460342407226562,24.536204852655054,27.99325180053711,24.388891220092773,27.761024475097656,-3.956054449081421,28.714259943916595,29.046891161209455,29.04628628345767,-0.3257999401874664
1989-04-16 00:00:00,25.300006866455078,27.162588119506836,27.444630470195648,28.403522521261294,22.0603084564209,20.86579132080078,24.917377426707148,23.22372817993164,17.46160125732422,24.85173533351707,27.979570388793945,24.166410446166992,27.895809173583984,-3.321370840072632,29.619853731962802,29.40023064890255,29.57377694104191,0.23604669340785214
1989-05-16 12:00:00,24.264169692993164,26.696884155273438,27.545853738788825,28.422454620279645,22.88267707824707,21.695558547973633,25.253843196052724,24.180517196655273,15.664674758911133,25.182562480109205,27.445112228393555,25.029067993164062,27.335691452026367,-1.8380519151687622,29.528156382565466,29.340606238584268,29.120753141556555,0.20294496588988978
1989-06-16 00:00:00,23.13374900817871,26.350996017456055,27.401340187895745,28.405808882228744,24.203601837158203,22.977191925048828,25.703746657241815,24.709320068359375,13.359614372253418,25.676789676747347,26.71078872680664,25.77800941467285,26.345630645751953,-0.4825736880302429,28.18489168879275,28.923884267251882,27.893473698546405,-0.7375670966991408
1989-07-16 12:00:00,21.922191619873047,25.807621002197266,27.11300316866636,28.370197643276803,25.140472412109375,23.918298721313477,26.37446954812547,25.649097442626953,12.085749626159668,26.216500356257882,26.0194149017334,26.398479461669922,25.6519718170166,0.8235695362091064,27.42988022064104,28.336624666862352,27.177611963127575,-0.9140220112489148
1989-08-16 12:00:00,20.852415084838867,24.843791961669922,26.719953152708236,28.329415553093785,25.90770721435547,24.742956161499023,27.07907617455435,26.52199935913086,11.756584167480469,26.793577119955195,25.547500610351562,27.031089782714844,25.093778610229492,1.9218802452087402,27.21122239507766,27.940907813699067,27.01423564957356,-0.74002755406679
1989-09-16 00:00:00,20.643205642700195,25.53493309020996,26.558550187202087,28.30434213758167,26.189722061157227,25.180753707885742,27.546180040490317,27.03203010559082,12.22329044342041,27.306295320866617,25.748764038085938,27.395061492919922,24.955366134643555,2.383286476135254,27.40302892568287,27.947912894672424,27.217287077685416,-0.5533579962327579
1989-10-16 12:00:00,20.94756507873535,24.53514289855957,26.516696496873763,28.310148396093027,25.846141815185547,25.136978149414062,27.468310395968505,27.099950790405273,13.327314376831055,27.442854839517103,26.051349639892578,27.48685073852539,25.335206985473633,2.088866949081421,27.931906467014556,28.216598760684313,27.626162026680444,-0.28741398342533403
1989-11-16 00:00:00,21.334989547729492,24.72779655456543,26.47580924200414,28.319647994470255,24.80812644958496,23.868022918701172,26.75015026711767,26.53778076171875,15.261582374572754,26.797851910693147,26.56166648864746,26.91380500793457,25.60907554626465,1.0751787424087524,28.231898886042195,28.438311842444822,28.07911296725422,-0.2057046549495699
1989-12-16 12:00:00,22.9112606048584,24.821292877197266,26.456111062763096,28.32118567771355,23.678142547607422,22.71169662475586,25.72758131312232,25.744396209716797,17.613359451293945,25.672718706573967,27.102962493896484,26.178346633911133,26.228649139404297,-0.381661981344223,28.03169334861076,28.44788326942084,28.231918244677885,-0.4173908191744487
1990-01-16 12:00:00,24.09832000732422,25.173084259033203,26.528795879578908,28.31449989586907,22.432287216186523,21.623844146728516,24.828079027479493,24.359006881713867,19.2060489654541,24.69686988133151,27.387046813964844,24.84960174560547,26.746902465820312,-1.8445794582366943,27.83431112533902,28.48164133753131,28.205813199617133,-0.6503547395451141
1990-02-15 00:00:00,25.81397819519043,26.31531524658203,26.698674881540512,28.319626132733493,21.80404281616211,20.8886661529541,24.469701262469354,23.537635803222656,19.6027889251709,24.339168225565672,27.723121643066406,24.44744873046875,27.247034072875977,-2.919828414916992,28.02355136749089,28.403710667757878,28.449208797056418,-0.38154529496009626
1990-03-16 12:00:00,26.121788024902344,26.873165130615234,26.95523444263955,28.343795375835008,21.753868103027344,20.759323120117188,24.47799982340771,23.680343627929688,19.117141723632812,24.37540875883704,27.974098205566406,24.548561096191406,27.713132858276367,-3.112262487411499,28.648419092444936,28.837129583156234,28.964279149236418,-0.1830204769760837
1990-04-16 00:00:00,24.957120895385742,27.260019302368164,27.219064987265135,28.376805991919813,22.06934356689453,20.953672409057617,24.768905546374484,23.651700973510742,17.46160125732422,24.689962514145954,27.906564712524414,24.87452507019043,27.663497924804688,-2.8281795978546143,29.535667167591395,29.166519088268576,29.453032641225203,0.38419561202264146
1990-05-16 12:00:00,23.797517776489258,27.155637741088867,27.331980297386295,28.394570813335747,22.899972915649414,21.802812576293945,25.13278600677348,24.30764389038086,15.533761978149414,25.038099706490314,27.435745239257812,25.047239303588867,27.110986709594727,-1.9460713863372803,29.381133103879556,29.209102577690953,28.95482149274169,0.18568925891080795
1990-06-16 00:00:00,22.441574096679688,26.33104133605957,27.272143600763066,28.383393935719987,24.111820220947266,22.964847564697266,25.637239686585318,24.709320068359375,13.33305549621582,25.600807902107817,26.637569427490234,25.6955509185791,26.34870147705078,-0.5237483978271484,28.067378584417522,28.965713949227247,27.771227686869025,-0.8979431936799205
1990-07-16 12:00:00,21.363943099975586,25.52570343017578,27.0183815611458,28.35579748995163,25.01149559020996,23.88750457763672,26.298331762212893,25.613285064697266,12.186553955078125,26.133300555559664,25.9606990814209,26.277305603027344,25.58878517150879,0.8107947707176208,27.32152873978059,28.47740326988939,27.08144689014593,-1.1638583852824718
1990-08-16 12:00:00,20.571428298950195,25.679706573486328,26.63127461101672,28.320404836715635,25.932531356811523,24.562908172607422,26.97678769145926,26.465349197387695,11.697966575622559,26.690537447348895,25.663707733154297,26.79408073425293,24.943458557128906,1.9218802452087402,27.081979549729756,28.040972919559756,26.877198776838753,-0.9703416011584804
1990-09-16 00:00:00,20.3571720123291,24.676687240600586,26.460084376005454,28.297336413392216,26.432275772094727,25.36428451538086,27.44689706455863,26.941932678222656,12.116442680358887,27.206605978547323,25.672847747802734,27.319490432739258,24.748811721801758,2.3724546432495117,27.271181946625855,28.008726761216668,27.046829505436097,-0.747144718659932
1990-10-16 12:00:00,20.674575805664062,24.5507869720459,26.44679136389305,28.306114067005524,25.87483024597168,25.136978149414062,27.383518100581913,27.095582962036133,13.44505500793457,27.353750537926317,26.06625747680664,27.49043083190918,25.1706600189209,2.10933256149292,27.86177411848225,28.247254824353323,27.503486636212347,-0.388805355021966
1990-11-16 00:00:00,21.454696655273438,24.692893981933594,26.42030165370067,28.314787292984185,24.80812644958496,23.888633728027344,26.694168999374096,26.512868881225586,15.1239595413208,26.731561061534663,26.546464920043945,26.91380500793457,25.67765998840332,1.0983233451843262,28.11574960993367,28.410497225624272,27.92027395416475,-0.2952273964248333
1990-12-16 12:00:00,22.633556365966797,24.741151809692383,26.465617987125356,28.319521818903347,23.66387367248535,22.651325225830078,25.592577398647617,25.275081634521484,17.273958206176758,25.532462522480785,27.06020164489746,25.84674644470215,26.228649139404297,-0.4066202640533447,27.933945859646425,28.50060123173851,28.13033125779451,-0.5686725585609014
1991-01-16 12:00:00,24.213239669799805,25.026826858520508,26.55951707152527,28.316168000592175,22.481210708618164,21.597789764404297,24.70123938634547,23.977764129638672,19.15327262878418,24.580279549329305,27.411582946777344,24.9222412109375,26.80392074584961,-1.9398878812789917,27.70885815651681,28.355881386799744,28.0706790142527,-0.6515618115178048
1991-02-15 00:00:00,25.852848052978516,26.31531524658203,26.707608414092213,28.320354551885817,21.88967514038086,21.06763458251953,24.330573521926883,23.48438262939453,19.822141647338867,24.214564756100984,27.66931915283203,24.060707092285156,27.301069259643555,-3.0859951972961426,27.874923203000264,28.216129077349972,28.292873097492482,-0.3444786694445126
1991-03-16 12:00:00,26.181917190551758,26.987287521362305,26.97930765642992,28.34573603494689,21.753868103027344,20.759323120117188,24.393034982258072,23.285673141479492,19.262405395507812,24.30479646934448,27.94074058532715,24.255380630493164,27.22614860534668,-3.1913094520568848,28.509827887375994,28.69922204954517,28.808131540592832,-0.18537429740829792
1991-04-16 00:00:00,25.34459686279297,27.367549896240234,27.244070070852473,28.38043461840134,22.067028045654297,21.061500549316406,24.70406245827524,23.580120086669922,17.501657485961914,24.631660094534098,27.966726303100586,24.424379348754883,27.549633026123047,-3.0966782569885254,29.38529786695719,29.12518844071458,29.25920355927783,0.2736060114609262
1991-05-16 12:00:00,24.84676170349121,27.011455535888672,27.3905619077849,28.403501838770403,22.899972915649414,21.726694107055664,25.07465607851515,23.91704750061035,15.65783977508545,24.986286413046457,27.455631256103516,24.906030654907227,27.170700073242188,-1.9718657732009888,29.330220084481997,29.14848193000469,28.878159928911252,0.1947593256259515
1991-06-16 00:00:00,23.631059646606445,26.43366050720215,27.305788548692124,28.392200729845584,24.111820220947266,22.969284057617188,25.588539626483307,24.73879623413086,13.449993133544922,25.539237654469567,26.77907371520996,25.678829193115234,26.34870147705078,-0.5444462299346924,28.01353199329446,28.87486908107087,27.718389883398427,-0.8616836717184977
1991-07-16 12:00:00,21.853878021240234,25.800029754638672,27.086252948528916,28.36646932518999,25.01149559020996,23.703777313232422,26.255833494000104,25.492156982421875,12.181047439575195,26.07443256749417,26.06157875061035,26.16034507751465,25.461986541748047,0.814570426940918,27.270160305616496,28.37191385163574,27.0191727684791,-1.1104875510447176
1991-08-16 12:00:00,22.058393478393555,25.331188201904297,26.73951360396193,28.333106453460232,25.90652847290039,24.5261173248291,26.937973682368654,26.424955368041992,11.814358711242676,26.622880138275704,25.688716888427734,26.673250198364258,24.72928237915039,1.9218802452087402,27.04438717018963,27.94114991572494,26.845219470573777,-0.9087145038875413
1991-09-16 00:00:00,20.74144172668457,25.125627517700195,26.53320782619133,28.306255782350732,26.418725967407227,25.352258682250977,27.364269732098922,26.923465728759766,12.22329044342041,27.088827725552378,25.646028518676758,27.223207473754883,24.818958282470703,2.3724546432495117,27.241942765034914,27.851904006741687,27.033495269223916,-0.6202214965807225
1991-10-16 12:00:00,21.13142967224121,24.74712562561035,26.510133013634672,28.3110351042601,25.867647171020508,25.136978149414062,27.24091718751153,26.631120681762695,13.327314376831055,27.174208486626313,26.036222457885742,27.135292053222656,25.080890655517578,2.1365966796875,27.73316033577564,27.996800393303882,27.439739404537086,-0.2688099450742209
1991-11-16 00:00:00,21.243240356445312,24.737239837646484,26.473764492101658,28.32062522626366,24.80812644958496,23.814226150512695,26.47056696526899,26.175006866455078,15.266427040100098,26.463104051402944,26.516908645629883,26.597620010375977,25.6268310546875,1.1095385551452637,27.92650620215602,28.186469507888095,27.82223879176535,-0.2628097672260784
1991-12-16 12:00:00,22.725936889648438,24.826080322265625,26.505022091638274,28.325422568817896,23.42831039428711,22.42987823486328,25.412182978142297,24.99164390563965,17.090829849243164,25.29117286294617,26.951265335083008,25.637365341186523,26.222984313964844,-0.4066202640533447,27.69982355265365,28.211297025794774,27.93831170742132,-0.5164478904680228
1992-01-16 12:00:00,24.13361930847168,25.282976150512695,26.603911385761876,28.323968998555372,22.429996490478516,21.658008575439453,24.481087732197448,23.992597579956055,19.331430435180664,24.285096121695034,27.346147537231445,24.733800888061523,26.446102142333984,-1.9492521286010742,27.451278480332835,28.202302162804298,27.83954002115973,-0.7584186168481746
1992-02-15 12:00:00,25.902517318725586,26.276098251342773,26.763030957434587,28.329132198489454,21.706567764282227,20.692380905151367,24.06409122983043,23.67334747314453,19.713781356811523,23.85852521358281,27.776262283325195,24.189544677734375,27.29095458984375,-2.597548723220825,27.54827738233184,28.118241208610268,27.97294846076575,-0.5766252754273051
1992-03-16 12:00:00,26.337888717651367,26.95514678955078,26.974841253477486,28.34854147750587,21.670879364013672,20.65273094177246,24.137936723036265,23.305950164794922,19.353193283081055,23.97736574022138,27.9565486907959,24.36864471435547,27.434701919555664,-3.403209924697876,28.162108452445505,28.460502131859673,28.50166842970036,-0.29830545104126127
1992-04-16 00:00:00,25.581701278686523,27.202260971069336,27.249704600476427,28.383491759192363,21.945890426635742,20.981983184814453,24.45456800074952,23.391616821289062,17.53113555908203,24.3191538852098,28.022939682006836,24.511810302734375,27.504810333251953,-2.8281795978546143,29.059835414314815,28.817543528627287,29.072268881783263,0.2519054472721237
1992-05-16 12:00:00,24.84676170349121,27.08985710144043,27.41995754330945,28.40463493465642,22.634130477905273,21.7984561920166,24.80376659674239,23.97504425048828,15.579466819763184,24.65723945277204,27.59432029724121,24.964506149291992,26.917821884155273,-1.8958892822265625,29.185455768952586,28.865137460598362,28.78339496742906,0.3312590562518609
1992-06-16 00:00:00,23.097816467285156,26.61899757385254,27.377998019414726,28.39706211506633,23.832168579101562,23.077180862426758,25.27925009409394,24.433578491210938,13.22075366973877,25.177715884933775,26.705488204956055,25.334728240966797,26.089599609375,-0.4825736880302429,27.94715287804068,28.57688020023653,27.624721367442497,-0.6314331085898428
1992-07-16 12:00:00,22.06169891357422,25.591394424438477,27.21185557245083,28.376373684443116,24.9417724609375,23.50360870361328,25.945743574625705,25.32803726196289,12.062514305114746,25.7160811554294,25.949554443359375,26.066326141357422,25.26673698425293,0.8105074763298035,27.20662213791281,28.005155527076944,26.94857351106732,-0.8087650022593118
1992-08-16 12:00:00,20.859529495239258,25.183483123779297,26.91111216943201,28.350297126953404,25.52591896057129,24.230545043945312,26.63642246250978,26.21122932434082,11.862163543701172,26.27147240442556,25.503398895263672,26.511396408081055,24.79244041442871,1.9264050722122192,27.020279814871373,27.429302735787633,26.81297346247274,-0.42244157697272294
1992-09-16 00:00:00,20.75018310546875,24.731426239013672,26.770595280929463,28.33301415636991,25.857799530029297,24.740270614624023,27.060366697892942,26.582380294799805,12.210603713989258,26.739812040460613,25.59954071044922,27.099430084228516,24.435983657836914,2.4294798374176025,27.272566932391765,27.399650087486098,27.04753906935453,-0.13813836925051928
1992-10-16 12:00:00,20.295211791992188,25.309049606323242,26.732080684927933,28.337429643490957,25.640254974365234,24.681001663208008,26.998535227214088,26.71843910217285,13.28554916381836,26.89248393663342,26.07793617248535,26.99652671813965,25.15872573852539,2.1426658630371094,27.871260205918595,27.73413751804319,27.495102625810656,0.13265230475407502
1992-11-16 00:00:00,21.957103729248047,25.653728485107422,26.71237746854296,28.34681510007161,24.542823791503906,23.729095458984375,26.34420244416663,26.096956253051758,14.472458839416504,26.31272900340086,26.546464920043945,26.53783416748047,25.56268310546875,1.1205536127090454,28.06369055443485,28.03498052551158,27.881326668068787,0.026822311306925806
1992-12-16 12:00:00,22.633556365966797,25.47282600402832,26.712266073350996,28.349540831008873,23.27680206298828,22.520389556884766,25.39777845515971,24.901203155517578,17.00075340270996,25.2717072972777,27.010282516479492,25.508655548095703,25.9364070892334,-0.38913795351982117,27.882194974361788,28.270559069782305,28.078173812233246,-0.39143545917194367
1993-01-16 12:00:00,24.27396011352539,25.910123825073242,26.746603102865446,28.342085605338855,22.19403648376465,21.261308670043945,24.554740471808056,23.869138717651367,18.747570037841797,24.359923972698986,27.40760040283203,24.721088409423828,26.486440658569336,-1.5824276208877563,27.647223705518613,28.280559720475978,28.015730720010378,-0.6386510842628277
1993-02-15 00:00:00,25.39714813232422,26.36151123046875,26.85548851548039,28.342691130683008,21.63442611694336,20.692380905151367,24.196815813180912,23.222984313964844,19.66996955871582,23.993850800265086,27.66931915283203,24.026309967041016,27.207799911499023,-2.815584897994995,27.877018459749937,28.34279397903935,28.31689994232662,-0.46872266276207886
1993-03-16 12:00:00,26.250938415527344,26.987287521362305,27.04048375287495,28.359018838665502,21.540191650390625,20.435075759887695,24.25540978139257,23.426105499267578,19.34304428100586,24.065498917521346,27.94074058532715,24.206260681152344,27.361915588378906,-3.387927293777466,28.49395343161644,28.834765894504613,28.82707962775184,-0.33661897085908693
1993-04-16 00:00:00,24.928258895874023,27.714069366455078,27.328410572664446,28.389428428271536,21.85004997253418,20.83147430419922,24.53246252317901,23.777435302734375,17.51148796081543,24.35932350697866,27.941160202026367,24.599239349365234,27.52863121032715,-3.1706254482269287,29.37187684002476,29.047377679668926,29.344619325915033,0.3376785863621989
1993-05-16 12:00:00,24.01780891418457,27.07537841796875,27.445079236768166,28.406704872763406,22.62094497680664,21.592281341552734,24.91263853336779,24.164222717285156,15.263418197631836,24.743231740162635,27.38041114807129,25.233856201171875,26.95775604248047,-2.0545406341552734,29.290950744891152,29.049732417820024,28.910831021085812,0.253622374580301
1993-06-16 00:00:00,22.795896530151367,26.467880249023438,27.31709746648177,28.39028382830198,23.836259841918945,22.558372497558594,25.402657841414108,24.50687026977539,13.26865005493164,25.273601242304487,26.626583099365234,25.642518997192383,26.168724060058594,-0.5888566374778748,27.976222279536003,28.730119534792433,27.70777081501479,-0.7549529702378364
1993-07-16 12:00:00,21.382137298583984,25.52570343017578,27.024929377893635,28.35406991648364,24.906179428100586,23.445629119873047,26.071001229651944,25.32803726196289,12.171554565429688,25.814425157970376,25.98580551147461,26.178279876708984,25.278371810913086,0.8022857904434204,27.189666562328213,28.233480529236143,26.956362192859572,-1.0536586623113733
1993-08-16 12:00:00,20.58770751953125,24.52075958251953,26.630170029709006,28.313419534838523,25.501081466674805,24.24543571472168,26.762313019310216,26.182987213134766,11.882959365844727,26.393242163587722,25.53717613220215,26.725826263427734,24.744739532470703,1.8922587633132935,26.944414627882242,27.789283109544144,26.73379640070379,-0.8581513220090422
1993-09-16 00:00:00,20.31406021118164,24.667123794555664,26.474457492003825,28.29203033132556,25.996496200561523,24.884458541870117,27.212853855958752,26.489013671875,12.210603713989258,26.900067497073202,25.574813842773438,26.9687442779541,24.754671096801758,2.3409669399261475,27.131128419104922,27.787517443093154,26.89913292829762,-0.6678740576579199
1993-10-16 12:00:00,20.688173294067383,24.723705291748047,26.474390316664152,28.30038423627088,25.62027931213379,24.73758888244629,27.163416170554182,26.631120681762695,13.247735023498535,27.054606571456546,25.949092864990234,27.147014617919922,25.15872573852539,2.088866949081421,27.73508510613562,27.984313555111285,27.380475921414043,-0.2544098693722634
1993-11-16 00:00:00,21.31945037841797,24.654964447021484,26.41552845750892,28.306901041250306,24.63011360168457,23.663333892822266,26.496937293874876,26.270221710205078,14.93179988861084,26.4648549604117,26.51082992553711,26.660125732421875,25.56268310546875,1.0751787424087524,27.967384226982524,28.18730076720687,27.759903599995372,-0.22236646388457756
1993-12-16 12:00:00,22.617685317993164,24.771211624145508,26.44861494821422,28.310092970378573,23.27715301513672,22.373149871826172,25.475581027055842,25.170988082885742,17.05849266052246,25.34752229735662,26.96807289123535,25.606754302978516,26.209741592407227,-0.39816826581954956,27.77100101888989,28.26439193362009,27.940537883280694,-0.49755033554602485
1994-01-16 12:00:00,24.309741973876953,25.474855422973633,26.525367520425718,28.3054639107699,22.216228485107422,21.20364761352539,24.558143309149,23.816011428833008,18.6732177734375,24.36004442432356,27.3719425201416,24.69821548461914,26.529016494750977,-1.9315390586853027,27.54032716917863,28.216833562468846,27.886732733001764,-0.6830068362862278
1994-02-15 00:00:00,25.413902282714844,26.028888702392578,26.681993988204763,28.30738121867096,21.62692642211914,20.65795135498047,24.176305969500078,23.19552230834961,19.66996955871582,23.987780507058503,27.730409622192383,23.957916259765625,27.29095458984375,-3.195486307144165,27.79152310491164,28.24630079889006,28.213015035142277,-0.4587826697791883
1994-03-16 12:00:00,26.181917190551758,26.929147720336914,26.895453186232032,28.330702761703986,21.535184860229492,20.435075759887695,24.227679355501397,23.094053268432617,19.353193283081055,24.073221275942657,27.976947784423828,23.910572052001953,27.457935333251953,-3.638592004776001,28.446061571309325,28.717048422636456,28.752456372043234,-0.26753944078959885
1994-04-16 00:00:00,24.957120895385742,27.176969528198242,27.163458548763206,28.36284234501251,21.89413833618164,20.950387954711914,24.559585156089856,23.550827026367188,17.51148796081543,24.438470420318794,27.903554916381836,24.681467056274414,27.616069793701172,-3.1706254482269287,29.28720963785053,29.048419311425487,29.207165974588644,0.2511551004012364
1994-05-16 12:00:00,23.509859085083008,26.811613082885742,27.26043790372911,28.381633703111028,22.638809204101562,21.57188606262207,24.90371394911684,24.023574829101562,15.579466819763184,24.770039499072972,27.56351089477539,24.565601348876953,26.97899627685547,-2.1635901927948,29.16607896287204,29.091611157508233,28.71380304476962,0.08576763841279204
1994-06-16 00:00:00,22.413619995117188,26.219196319580078,27.165535093258697,28.368961312086093,23.832168579101562,22.648744583129883,25.41478951784467,24.383441925048828,13.359614372253418,25.326961810889003,26.67687225341797,25.463420867919922,26.177322387695312,-0.7054673433303833,27.826216258175272,28.78694248138122,27.500917943265417,-0.9630927000062992
1994-07-16 12:00:00,21.382444381713867,25.652816772460938,26.886309504831935,28.33877760206515,24.919239044189453,23.535930633544922,26.078751569489913,25.335344314575195,12.152689933776855,25.852923478348444,25.92568016052246,26.178279876708984,25.278371810913086,0.8022857904434204,27.11967657796419,28.292550451514174,26.841168161622615,-1.1832516394891526
1994-08-16 12:00:00,20.29766845703125,24.53567886352539,26.510103073854324,28.301435376355286,25.727210998535156,24.62485122680664,26.785385565175684,26.199718475341797,11.73786735534668,26.4337852134586,25.498552322387695,26.57390022277832,24.751108169555664,1.9209504127502441,26.923261871502465,27.888085267029158,26.693086877364884,-0.9780721478882763
1994-09-16 00:00:00,20.032543182373047,24.489063262939453,26.324715443057023,28.272985588766144,26.060548782348633,25.07308006286621,27.302397665808673,26.67291831970215,12.139446258544922,26.9929623223233,25.55804443359375,26.9687442779541,24.533220291137695,2.4040448665618896,27.157603539842892,27.882913219540377,26.92856860188212,-0.7363091597856952
1994-10-16 12:00:00,20.77513885498047,25.11277961730957,26.29911072543574,28.275098263311722,25.78449821472168,24.69571876525879,27.207066294126275,26.631120681762695,13.327314376831055,27.12041574863882,25.996408462524414,27.135292053222656,25.06930923461914,2.1939098834991455,27.718347987482584,28.074400130887717,27.38185630456572,-0.3611778744155764
1994-11-16 00:00:00,21.56623077392578,24.981353759765625,26.2612469303414,28.284408291312705,24.647727966308594,23.690176010131836,26.44924292349786,26.16751480102539,15.1239595413208,26.43841527520464,26.514089584350586,26.597620010375977,25.56268310546875,1.0751787424087524,28.005116206423278,28.19381532440456,27.826634616225284,-0.19076916356344317
1994-12-16 12:00:00,22.725936889648438,25.157981872558594,26.302300281050936,28.29183193462553,23.27715301513672,22.44556427001953,25.383408571371362,24.98174476623535,17.575891494750977,25.264806895957946,26.954099655151367,25.48756217956543,25.9364070892334,-0.38913795351982117,27.765642586015655,28.337019252702902,27.954338904761006,-0.5754126767799348
1995-01-16 12:00:00,24.391136169433594,25.935773849487305,26.419063698692987,28.29034111963385,22.223827362060547,21.266433715820312,24.479989735194692,24.08035659790039,19.15327262878418,24.29978705238365,27.440141677856445,24.77239227294922,26.491117477416992,-1.8245550394058228,27.542245186243434,28.180588792348686,27.895751186487363,-0.6449129350484237
1995-02-15 00:00:00,25.902517318725586,26.055152893066406,26.61047837058294,28.297367019617294,21.715938568115234,20.719337463378906,24.14648066148494,23.12801170349121,19.503070831298828,23.98085806622167,27.745452880859375,24.25433349609375,27.317283630371094,-2.919828414916992,27.762184432802993,28.109056771395355,28.178510252364305,-0.35149141490142527
1995-03-16 12:00:00,26.181917190551758,26.992870330810547,26.85392541269757,28.323065764307394,21.670879364013672,20.658565521240234,24.182763454451916,23.429075241088867,19.117141723632812,24.046020506233276,27.948894500732422,24.29751205444336,27.618213653564453,-3.1853580474853516,28.405990943915274,28.58193248332251,28.710007771174585,-0.17320667712420504
1995-04-16 00:00:00,25.34459686279297,27.171470642089844,27.146427308574214,28.356782185433463,22.028379440307617,21.046993255615234,24.479880496992106,23.777435302734375,17.46160125732422,24.37346377576727,27.94814109802246,24.514387130737305,27.616069793701172,-3.2509500980377197,29.2972110554871,28.941324487654498,29.218708293843815,0.3680896306586317
1995-05-16 12:00:00,24.668228149414062,27.182872772216797,27.25555029864369,28.376807675116122,22.87023162841797,22.027345657348633,24.849438373026423,24.313173294067383,15.512972831726074,24.74324470647275,27.59432029724121,25.233856201171875,26.95775604248047,-2.1635901927948,29.182057588236507,29.012317081732963,28.765274868806408,0.1810033537284641
1995-06-16 00:00:00,23.12979507446289,25.912052154541016,27.18562229676386,28.36691852042405,24.397436141967773,23.271947860717773,25.392183061034604,24.807344436645508,13.33305549621582,25.327194710836572,26.67687225341797,25.740890502929688,26.17710304260254,-0.6717458963394165,27.84816582141782,28.75345027512467,27.535669504866895,-0.9075198450989805
1995-07-16 12:00:00,21.68939971923828,25.39443588256836,26.953110065263843,28.339470084959608,25.353036880493164,24.003280639648438,26.09164346681995,25.55483055114746,12.181047439575195,25.86639564572325,25.976518630981445,26.178279876708984,25.278371810913086,0.8901957273483276,27.13805266421779,28.279377691311776,26.86807730125287,-1.1515572003274614
1995-08-16 12:00:00,20.29656982421875,24.908193588256836,26.572131360940354,28.304181585366493,26.1298770904541,24.62485122680664,26.81186192543259,26.338340759277344,11.691948890686035,26.458137344567888,25.515321731567383,26.730533599853516,24.418113708496094,2.120393753051758,26.924595012983712,27.831106572090096,26.695684615029624,-0.9198848384055847
1995-09-16 00:00:00,20.032543182373047,24.252742767333984,26.383387852123427,28.27957493342206,26.307079315185547,25.352258682250977,27.29279111540121,26.687131881713867,12.167898178100586,27.01361336699818,25.574813842773438,27.081987380981445,24.533220291137695,2.600271701812744,27.154006514224562,27.831893287045013,26.922523151468845,-0.6890439947829465
1995-10-16 12:00:00,20.54429817199707,24.21036148071289,26.299088914648515,28.28133600023114,25.846141815185547,25.136978149414062,27.25020479040278,26.926578521728516,13.261094093322754,27.175669145672323,25.8397274017334,27.321950912475586,25.04902458190918,2.443392753601074,27.717370818409577,28.1119212353711,27.3814192299462,-0.3995951038026458
1995-11-16 00:00:00,21.56623077392578,24.298585891723633,26.30419489789393,28.294336879907657,24.80812644958496,23.888633728027344,26.520744578993604,26.409414291381836,15.180766105651855,26.530360616672695,26.448087692260742,26.754798889160156,25.56268310546875,1.6322752237319946,27.96602716780594,28.26164603871103,27.79354296298562,-0.297902622138688
1995-12-16 12:00:00,22.617685317993164,24.534385681152344,26.379669900257305,28.302096424416213,23.66387367248535,22.651325225830078,25.47709405967135,25.170988082885742,17.278230667114258,25.40926244527474,26.965394973754883,25.8631534576416,25.98204803466797,0.05419721081852913,27.794516926966335,28.390621972536017,27.98363618926343,-0.5997331223862821
1996-01-16 12:00:00,24.27396011352539,25.474855422973633,26.509842458378333,28.305004170933007,22.481210708618164,21.63709259033203,24.535096838288656,24.093969345092773,19.16400909423828,24.399622608651498,27.35483741760254,24.721088409423828,26.504474639892578,-1.3366914987564087,27.597888825011623,28.28778051808771,27.963944669975888,-0.6956655053155918
1996-02-15 12:00:00,25.80942153930664,26.01234245300293,26.68591352102602,28.314337665158085,21.776596069335938,20.907865524291992,24.123971659639153,23.67334747314453,19.520023345947266,23.987946271008674,27.613985061645508,24.483978271484375,27.29697608947754,-2.8879997730255127,27.780759266867097,28.205919087391795,28.207980968789116,-0.4293660564117655
1996-03-16 12:00:00,26.138689041137695,26.76202964782715,26.916676420931715,28.334205859922054,21.72698402404785,20.658565521240234,24.17923798831693,23.37179946899414,19.325368881225586,24.056324567813824,28.008987426757812,24.348243713378906,27.630653381347656,-3.1853580474853516,28.443452931078564,28.728154493437657,28.766168270376014,-0.28125254879532396
1996-04-16 00:00:00,25.558914184570312,27.424724578857422,27.22106268021696,28.3678325508163,22.082050323486328,21.095195770263672,24.510566716418612,23.826801300048828,17.51148796081543,24.40234403221659,27.936912536621094,24.61051368713379,27.59935760498047,-3.0966782569885254,29.371112617357927,29.08812550145846,29.325132149966723,0.2962574219628744
1996-05-16 12:00:00,24.38003921508789,26.940343856811523,27.32692324060951,28.390688005433862,22.849763870239258,21.7984561920166,24.873096425259472,24.313173294067383,15.533761978149414,24.762304419397566,27.44253158569336,25.233856201171875,26.917821884155273,-1.833736538887024,29.324032158195028,29.08551002404562,28.900807617287214,0.25133173739714865
1996-06-16 00:00:00,23.097816467285156,26.418720245361328,27.280390638077435,28.38186679737484,24.111820220947266,22.990869522094727,25.437111153588205,24.807344436645508,13.34455394744873,25.387756552912876,26.637569427490234,25.668964385986328,26.074562072753906,-0.5091818571090698,27.938630686814474,28.86970775353636,27.64166291422045,-0.9321590046599912
1996-07-16 12:00:00,20.856958389282227,25.667062759399414,27.068671737092423,28.358610226867125,25.01149559020996,23.703777313232422,26.131729388882892,25.453447341918945,12.068642616271973,25.914779719831635,25.9606990814209,26.178279876708984,25.3040828704834,0.8235695362091064,27.193638799992552,28.452318450822844,26.93483494243397,-1.2679583205526384
1996-08-16 12:00:00,20.67984390258789,25.246196746826172,26.72791334884041,28.32587468091415,25.757341384887695,24.564645767211914,26.888014350357775,26.424955368041992,11.76703929901123,26.539174985512588,25.663707733154297,26.666954040527344,24.798973083496094,1.9209504127502441,26.980304645135018,28.019467833268475,26.76247591439016,-1.0515445882731405
1996-09-16 00:00:00,20.297780990600586,24.747133255004883,26.564880133148943,28.30563967521547,26.189722061157227,25.061866760253906,27.385631660649313,26.923465728759766,12.139446258544922,27.103439832833402,25.672847747802734,27.223207473754883,24.754671096801758,2.600271701812744,27.262568257618977,28.029338572929586,27.026328371610276,-0.7764036525969378
1996-10-16 12:00:00,20.969738006591797,24.74712562561035,26.50286240550993,28.309349482830253,25.846141815185547,24.91038703918457,27.333319821058037,27.0296573638916,13.39162826538086,27.26821264687711,26.06625747680664,27.339691162109375,25.181018829345703,2.174865961074829,27.808827482493516,28.198372383640574,27.491111441692546,-0.3934984347356006
1996-11-16 00:00:00,21.211624145507812,24.72779655456543,26.491205498908343,28.31840061661121,24.80812644958496,23.868022918701172,26.59605552413954,26.436676025390625,15.274297714233398,26.637665737768685,26.589691162109375,26.77259063720703,25.631502151489258,1.0751787424087524,28.120696331076065,28.378558908435213,27.94594846337691,-0.25837162834096916
1996-12-16 12:00:00,22.6861629486084,25.076906204223633,26.524585538146276,28.32642483035702,23.678142547607422,22.688156127929688,25.52389198279229,25.175817489624023,17.3592529296875,25.47467264038732,27.100881576538086,26.076602935791016,26.222984313964844,-0.38913795351982117,27.91963912608477,28.48473639642992,28.101841697424188,-0.5672907931095785
1997-01-16 12:00:00,24.468244552612305,25.721214294433594,26.62606143185058,28.32405858254367,22.432287216186523,21.6015567779541,24.607012709084906,23.866268157958984,19.328426361083984,24.496087663978066,27.387046813964844,24.856372833251953,26.703781127929688,-1.910447120666504,27.701218322187618,28.39624392419041,28.074644265124387,-0.6995405920461193
1997-02-15 00:00:00,25.80942153930664,26.398555755615234,26.810167945505082,28.329295815431344,21.80404281616211,20.871204376220703,24.24968401968903,23.19552230834961,19.503070831298828,24.13122910954982,27.723121643066406,24.46096420288086,27.0114688873291,-2.597548723220825,27.890530010876777,28.334716505458413,28.327576644040796,-0.4470227089540205
1997-03-16 12:00:00,26.121788024902344,27.0002384185791,27.018330534862486,28.35303768780587,21.744497299194336,20.715167999267578,24.306837237611035,23.094053268432617,19.220993041992188,24.2095503397111,28.031543731689453,24.454988479614258,27.381702423095703,-2.6797935962677,28.57837300979583,28.830712051875423,28.903013341315095,-0.24734055135498312
1997-04-16 00:00:00,25.558914184570312,27.36602783203125,27.314630940379054,28.386908281009234,22.051349639892578,21.240468978881836,24.61292741005526,23.52699089050293,17.54109001159668,24.539460463342387,28.065767288208008,24.681467056274414,27.41330337524414,-2.7041592597961426,29.444137491550304,29.19244331136257,29.386727548525577,0.2659208276622546
1997-05-16 12:00:00,24.839563369750977,27.598968505859375,27.44302973435678,28.408920487681538,22.910184860229492,21.87439727783203,24.995626967767965,23.886157989501953,15.816780090332031,24.911563394551592,27.552719116210938,24.981407165527344,26.840978622436523,-1.8940637111663818,29.395536581958634,29.12058965713353,28.99510440288378,0.28853123966023464
1997-06-16 00:00:00,23.631059646606445,26.958677291870117,27.376377750764,28.400403763441755,24.150304794311523,22.987688064575195,25.5301441259682,24.753416061401367,13.941060066223145,25.493631744998012,26.829360961914062,25.688762664794922,26.196842193603516,-0.5237483978271484,28.042896890809228,28.770117134691443,27.763595820610124,-0.7275360033312048
1997-07-16 12:00:00,22.989553451538086,26.00691032409668,27.177030566918,28.380281731243354,25.140472412109375,23.918298721313477,26.248886914764963,25.55483055114746,12.216763496398926,26.07730841403972,26.134521484375,26.18339729309082,25.461986541748047,0.814570426940918,27.326141579675884,28.235192141653894,27.07140323010884,-0.9175739443583129
1997-08-16 12:00:00,22.058393478393555,25.522672653198242,26.84451872569455,28.351424974617963,25.91503143310547,24.723604202270508,27.015679182905973,26.447107315063477,11.748357772827148,26.712238474210565,25.775474548339844,26.79408073425293,24.72928237915039,1.9209504127502441,27.1261696876248,27.696661342688927,26.905216049966015,-0.5822436307330265
1997-09-16 00:00:00,21.910696029663086,25.6925106048584,26.660589620671246,28.329138562221768,26.500446319580078,25.252803802490234,27.486085352735483,26.941932678222656,12.10702133178711,27.242058651197965,25.78473663330078,27.277725219726562,24.842226028442383,2.3724546432495117,27.42969213597251,27.541589890388597,27.18764177922985,-0.121094216016496
1997-10-16 12:00:00,22.009159088134766,25.39719581604004,26.624047880145493,28.332096469830926,26.106229782104492,24.97588539123535,27.376060830305253,27.081483840942383,13.486306190490723,27.340646133248732,26.165618896484375,27.450885772705078,25.115392684936523,2.088866949081421,27.978917557163786,27.77393848505784,27.614060402355076,0.20164371443238344
1997-11-16 00:00:00,22.544111251831055,25.77734375,26.590208230439323,28.339968904275473,24.797609329223633,24.11506462097168,26.665288220599802,26.475303649902344,15.205902099609375,26.71252725139457,26.785181045532227,26.789329528808594,25.683012008666992,1.1095385551452637,28.19706786147073,28.15071973807782,28.008066383373095,0.04602677806212716
1997-12-16 12:00:00,23.430164337158203,26.736757278442383,26.59090497309905,28.340841895948138,23.685867309570312,22.71169662475586,25.57733842471055,25.311092376708984,16.930553436279297,25.52139830899705,27.262847900390625,26.12203598022461,26.228649139404297,-0.6133591532707214,27.99001044966184,28.40523533858604,28.17041995370783,-0.41693092662037695
1998-01-16 12:00:00,25.146137237548828,25.721214294433594,26.646593546370482,28.337747871992672,22.491422653198242,21.6015567779541,24.677303331916292,24.335176467895508,19.211679458618164,24.558380777873666,27.529525756835938,25.022911071777344,26.75870132446289,-2.0086607933044434,27.804182183843228,28.440069203280093,28.173525082387293,-0.6393025792550928
1998-02-15 00:00:00,26.3858642578125,26.57456398010254,26.79872837514335,28.34235975983452,21.937219619750977,21.06763458251953,24.394256643084713,23.48438262939453,19.6027889251709,24.26693738125696,28.043376922607422,24.575531005859375,27.438453674316406,-2.7710649967193604,27.977364919446615,28.372978195682766,28.41536587026909,-0.3975191442168339
1998-03-16 12:00:00,27.027767181396484,27.193758010864258,27.060895274327645,28.365187557501,21.813020706176758,20.89115333557129,24.468096681540935,23.78369140625,19.47113800048828,24.36670845827784,28.165088653564453,24.51450538635254,27.64491081237793,-2.6797935962677,28.59396705369605,28.808540585493922,28.911280484771478,-0.20947799792906466
1998-04-16 00:00:00,26.31583595275879,27.512693405151367,27.354017471427433,28.399285141267022,22.166175842285156,21.455781936645508,24.865306665013282,23.862348556518555,17.501657485961914,24.80248209092737,28.174070358276367,24.8572940826416,27.920629501342773,-2.7224152088165283,29.491193709791954,29.168545996560557,29.445530617455848,0.33727089880074285
1998-05-16 12:00:00,24.628828048706055,27.598968505859375,27.49447330414869,28.42305889879651,23.166847229003906,22.115747451782227,25.27366962160782,24.180517196655273,15.657383918762207,25.229499092238527,27.747024536132812,25.354896545410156,27.27400779724121,-1.833736538887024,29.51356373524975,29.21929707498413,29.106829981397162,0.3092281266329336
1998-06-16 00:00:00,24.214643478393555,26.350996017456055,27.43892834813238,28.413404430789587,24.266666412353516,23.101703643798828,25.758192527940146,25.012466430664062,13.875484466552734,25.750191236001868,26.921186447143555,25.887624740600586,26.38616371154785,-0.5091818571090698,28.21671103511091,28.824194377580547,27.91234739741665,-0.6059911409291581
1998-07-16 12:00:00,22.013551712036133,25.591394424438477,27.22560241551968,28.389036940396604,25.140472412109375,23.759567260742188,26.408137747894568,25.798625946044922,12.261037826538086,26.263069571209634,26.077011108398438,26.52348518371582,25.6519718170166,0.8107947707176208,27.40675404797553,28.264608862513747,27.16612648378278,-0.8655292343087513
1998-08-16 12:00:00,21.424123764038086,25.183483123779297,26.89200269527894,28.355795233914332,25.886857986450195,24.72878074645996,27.10498365284438,26.52199935913086,12.086012840270996,26.819197440524867,25.725011825561523,26.98776626586914,24.943458557128906,1.8988797664642334,27.23506015303784,27.79547624039499,27.026774584015122,-0.5708788348782092
1998-09-16 00:00:00,20.75018310546875,24.896217346191406,26.730660768684615,28.333252988894813,26.190176010131836,25.252803802490234,27.58092879405425,27.03203010559082,12.16186237335205,27.320732849321594,25.772598266601562,27.31417465209961,24.83916664123535,2.4281091690063477,27.49645403509968,27.828805495643394,27.263992451589306,-0.34021100304970553
1998-10-16 12:00:00,21.237110137939453,24.8399658203125,26.748298313434788,28.34298028066303,26.120969772338867,25.029272079467773,27.50014736676142,27.183879852294922,13.44505500793457,27.460766847101702,26.1850528717041,27.480737686157227,25.115392684936523,2.174865961074829,28.080552721615824,28.16527910714547,27.720922120033237,-0.08613716703988086
1998-11-16 00:00:00,21.619882583618164,24.935565948486328,26.724629302531522,28.352700036120854,24.823949813842773,24.12241554260254,26.78444046035329,26.559255599975586,15.266427040100098,26.830547375321025,26.753528594970703,26.91380500793457,25.676652908325195,1.0751787424087524,28.332463710012536,28.48367922019323,28.15508514790574,-0.149427214275204
1998-12-16 12:00:00,23.01399803161621,24.603776931762695,26.751138939270582,28.35310006082487,23.706199645996094,22.71169662475586,25.69454350735975,25.275081634521484,17.3592529296875,25.64404082059596,27.118953704833984,25.84674644470215,26.232728958129883,-0.4066202640533447,28.117299149785985,28.64037127071892,28.31124927596334,-0.5229826470055869
1999-01-16 12:00:00,24.449831008911133,25.252138137817383,26.82573371181092,28.349973439598152,22.6608943939209,21.369888305664062,24.847002329073337,23.9581356048584,19.077098846435547,24.742856532420923,27.30628204345703,24.842670440673828,26.7733154296875,-1.8445794582366943,27.925418865230313,28.621486982756483,28.306170540696126,-0.6978761081755205
1999-02-15 00:00:00,25.544681549072266,25.7790584564209,26.98358670345863,28.353547818461664,21.92943572998047,20.929767608642578,24.543677329893058,23.29746437072754,19.235504150390625,24.454060281449635,27.778478622436523,24.330474853515625,26.934066772460938,-2.8497304916381836,28.08672559199648,28.593993047603153,28.533302214466417,-0.5075848943558372
1999-03-16 12:00:00,26.934314727783203,26.989587783813477,27.20565942276719,28.377230343672036,21.870758056640625,20.791982650756836,24.64366365462997,23.37700080871582,19.41130828857422,24.589181740948575,27.989341735839844,24.463727951049805,27.743131637573242,-3.4972755908966064,28.73271414198176,29.021816200906365,29.076184235650995,-0.2821531352025075
1999-04-16 00:00:00,24.942283630371094,27.284263610839844,27.450156583915593,28.408384843368246,22.365421295166016,21.37350082397461,24.966864434133758,23.287620544433594,17.721269607543945,24.929420971978132,27.95196533203125,24.41775894165039,27.920629501342773,-3.2509500980377197,29.68107136803819,29.391323258788155,29.661434099719738,0.30674108178905574
1999-05-16 12:00:00,24.21831512451172,26.861360549926758,27.56152972340799,28.427260815714224,23.166847229003906,22.115747451782227,25.344145559860774,24.134775161743164,15.640090942382812,25.306577731501058,27.445112228393555,25.029067993164062,27.26872444152832,-2.1596570014953613,29.59949215847012,29.3406275890695,29.209153632090967,0.27494793854471683
1999-06-16 00:00:00,22.918476104736328,26.309452056884766,27.446552847960895,28.41269779358202,24.259790420532227,23.101703643798828,25.84903214182872,24.80632781982422,13.707255363464355,25.82865829946801,26.779109954833984,25.793243408203125,26.38616371154785,-0.6717458963394165,28.2575275947172,29.00572315493828,27.971489052119157,-0.7458716949878548
1999-07-16 12:00:00,21.66585922241211,25.929340362548828,27.133906502647687,28.37637841579567,25.067617416381836,23.759567260742188,26.527297884410505,25.779170989990234,12.261037826538086,26.37074903284396,26.079769134521484,26.373092651367188,25.6519718170166,0.7302113771438599,27.511868181971252,28.484942088136258,27.276615743835002,-0.9792025256996899
1999-08-16 12:00:00,20.923564910888672,24.996593475341797,26.71212557140384,28.330325438762483,25.937891006469727,24.737319946289062,27.207271626611433,26.386486053466797,11.680434226989746,26.921135306627214,25.547500610351562,26.85211753845215,24.93641471862793,2.0139009952545166,27.291366391332893,27.98618375794107,27.087384134830643,-0.70427681926891
1999-09-16 00:00:00,21.224628448486328,24.43143081665039,26.524385497849316,28.303667685740347,26.298124313354492,25.252803802490234,27.65426844925233,27.174503326416016,12.114104270935059,27.401841187419215,25.748764038085938,27.464914321899414,24.83916664123535,2.4912471771240234,27.495765510060103,28.001146909982904,27.294281004721647,-0.5128320178437553
1999-10-16 12:00:00,20.28173065185547,24.687402725219727,26.436785775635002,28.305162595853243,26.044254302978516,25.029272079467773,27.59633482736299,27.211275100708008,13.387866020202637,27.55977724602954,26.051349639892578,27.73326873779297,25.115392684936523,2.45135498046875,28.054677419967646,28.246532850873177,27.721193748768588,-0.19332001877468835
1999-11-16 00:00:00,21.893470764160156,24.561641693115234,26.395181076621697,28.31258598670908,24.797609329223633,24.021162033081055,26.87270086833848,26.52289390563965,15.150761604309082,26.928771994983258,26.57427978515625,27.126359939575195,25.676652908325195,1.1812012195587158,28.303736887926217,28.44458636817643,28.131050839700023,-0.13943270594723697
1999-12-16 12:00:00,22.817890167236328,24.741151809692383,26.420818182455164,28.318241304795635,23.637601852416992,22.688495635986328,25.794685003783727,25.624671936035156,17.35101890563965,25.748486659797564,27.07635498046875,26.200286865234375,26.228649139404297,-0.3407699763774872,28.084079275515926,28.603398296315984,28.28394996155931,-0.5196393213766073
2000-01-16 12:00:00,24.23031234741211,24.87298011779785,26.521050265817937,28.318870687147637,22.444162368774414,21.43559455871582,24.88832305613585,23.78391456604004,19.448938369750977,24.775562681126324,27.510473251342773,25.02655792236328,26.75870132446289,-1.8245550394058228,27.841509442987824,28.572023572864595,28.20527893276177,-0.7332512425503577
2000-02-15 12:00:00,26.232357025146484,26.31531524658203,26.712339944913737,28.326856161625866,21.937219619750977,20.761262893676758,24.53068160433555,23.389720916748047,20.49812889099121,24.414529143821923,27.875093460083008,24.48595428466797,27.363773345947266,-2.919828414916992,28.053385117919795,28.41554363774309,28.504788297638534,-0.36322804164895245
2000-03-16 12:00:00,25.941347122192383,26.987287521362305,26.9552721806295,28.350880581278165,21.813020706176758,20.839584350585938,24.52194942294605,23.40980339050293,19.52898406982422,24.43900792202605,28.165088653564453,24.53616714477539,27.83557891845703,-3.1293718814849854,28.65138481570774,28.799167479316754,28.988241080316385,-0.14215556494331882
2000-04-16 00:00:00,25.679658889770508,27.714069366455078,27.270409647829446,28.385117558658767,22.080156326293945,21.137338638305664,24.813659102452338,23.62862777709961,17.868709564208984,24.759240925606,28.00878143310547,24.86447525024414,27.590290069580078,-2.7224152088165283,29.525915567288635,29.23841772187708,29.466158967757114,0.3026246311787049
2000-05-16 12:00:00,24.628828048706055,27.08985710144043,27.3899106486002,28.408159539136236,23.0120906829834,21.75918197631836,25.191064389894883,24.297651290893555,15.642675399780273,25.133624067105096,27.426176071166992,25.20189666748047,27.110986709594727,-1.833736538887024,29.456679394636105,29.249814098811967,29.051966294956223,0.22135133039891933
2000-06-16 00:00:00,22.9538631439209,26.409963607788086,27.3326279475357,28.399185781859398,24.24039649963379,23.01358413696289,25.71067736659043,24.709320068359375,13.912354469299316,25.713537534595375,26.75606918334961,25.6955509185791,26.344327926635742,-0.5091818571090698,28.09745101417771,28.977183023173776,27.809700446613807,-0.8790219388591125
2000-07-16 12:00:00,21.853878021240234,25.604230880737305,27.1064667485277,28.3737078329848,25.04888343811035,23.77491569519043,26.41681261058626,25.658645629882812,12.359722137451172,26.27240284317923,26.0194149017334,26.358966827392578,25.58878517150879,0.8022857904434204,27.372151326393276,28.49694062295088,27.119540309828892,-1.1322374581313746
2000-08-16 12:00:00,21.143478393554688,25.012664794921875,26.761824786108868,28.337963143263693,25.91503143310547,24.63530921936035,27.137087637600782,26.50364875793457,11.84589672088623,26.855868877421713,25.591602325439453,26.916227340698242,24.949487686157227,2.0139009952545166,27.19542724349131,28.08000554854854,26.978912181002695,-0.8947374782749185
2000-09-16 00:00:00,20.51934242248535,24.493249893188477,26.57620994300471,28.313512496161017,26.405229568481445,25.243852615356445,27.643084774391614,27.11500358581543,12.02230167388916,27.4009150163195,25.81058692932129,27.425369262695312,24.869754791259766,2.5529582500457764,27.46212962492161,28.11844695854959,27.239972747269476,-0.6638097399314424
2000-10-16 12:00:00,20.94756507873535,24.95309066772461,26.527452307513975,28.316394705045816,25.977447509765625,25.07803726196289,27.568332599965725,27.2769775390625,13.43371295928955,27.547123890267187,26.076995849609375,27.65801239013672,25.080890655517578,2.5169529914855957,28.01096479023242,28.38055148789434,27.68671585749559,-0.37115001557871796
2000-11-16 00:00:00,22.2204647064209,25.0058536529541,26.5118601858145,28.328706861027577,24.950794219970703,23.951812744140625,26.83256088394992,26.51447296142578,15.130706787109375,26.909538640261488,26.785181045532227,27.019725799560547,25.735570907592773,1.4785765409469604,28.279261484172526,28.534261400953298,28.102112998716013,-0.25360313134965956
2000-12-16 12:00:00,22.796327590942383,24.651954650878906,26.517215466979614,28.33283894072354,23.706199645996094,22.727581024169922,25.746060952866397,25.266998291015625,17.35101890563965,25.72346359326294,27.03107452392578,25.84674644470215,26.198856353759766,-0.02885977178812027,28.09275928856054,28.651595797353973,28.286991277334135,-0.5589568149270139
2001-01-16 12:00:00,24.241628646850586,25.22266387939453,26.626603629690855,28.334454775710988,22.695724487304688,21.50922393798828,24.835189553501102,24.337182998657227,19.15992546081543,24.758978777340666,27.568639755249023,25.169584274291992,26.72117042541504,-1.4994703531265259,27.878974333537315,28.5510392315664,28.272294229144975,-0.6744910190029121
2001-02-15 00:00:00,25.81397819519043,26.57456398010254,26.795281458429073,28.340698907293614,22.040691375732422,20.95707893371582,24.466199185841557,23.293479919433594,19.972280502319336,24.390201532564305,27.85039710998535,24.4853572845459,27.031766891479492,-2.7798163890838623,28.05866317556899,28.529506708251798,28.524609998513814,-0.47158731229778555
2001-03-16 12:00:00,26.088293075561523,27.058155059814453,27.028337073901675,28.363115878451957,21.870758056640625,21.05382537841797,24.485580078893683,23.63953971862793,19.689729690551758,24.445540889594348,28.15186882019043,24.53297233581543,27.749738693237305,-3.272404193878174,28.658099546839885,28.95272408493387,28.982815852842638,-0.28856235860897866
2001-04-16 00:00:00,25.94599151611328,27.41838836669922,27.32164201493898,28.39675378298974,22.291379928588867,21.22891616821289,24.81261916645875,24.179534912109375,17.89193344116211,24.780442294478974,28.135927200317383,24.88766098022461,27.66303062438965,-3.2509500980377197,29.59891927940388,29.369251468105368,29.544050584093643,0.2458146725729723
2001-05-16 12:00:00,24.420757293701172,27.037439346313477,27.449079674010697,28.417589999946795,23.033794403076172,21.744861602783203,25.17180160737642,24.324384689331055,15.642675399780273,25.1096056907813,27.573848724365234,25.171157836914062,27.20404815673828,-2.15287184715271,29.516985442798177,29.357663632195436,29.110991472834865,0.17464994721125787
2001-06-16 00:00:00,22.9538631439209,26.891111373901367,27.390805515704717,28.404395771752174,24.266666412353516,23.07365608215332,25.704699941262575,24.82435417175293,13.869709014892578,25.694644949075837,26.779109954833984,25.77800941467285,26.292442321777344,-0.6717458963394165,28.160605250343306,29.093577880289416,27.86460826244869,-0.931372363059586
2001-07-16 12:00:00,21.887985229492188,25.816133499145508,27.173856224511177,28.379740915521804,25.077335357666016,23.771459579467773,26.394833246615494,25.658645629882812,12.45069408416748,26.241309113108237,26.14251136779785,26.451509475708008,25.48558807373047,0.7499372959136963,27.385551273037404,28.67040637667436,27.145662597888446,-1.2917556548959626
2001-08-16 12:00:00,20.885190963745117,24.85782241821289,26.81645490246703,28.348844658473656,25.915983200073242,24.73145866394043,27.13073176740117,26.50364875793457,12.432039260864258,26.841108762724858,25.741352081298828,26.968605041503906,24.824716567993164,1.9937539100646973,27.193355298658986,28.273461134458238,26.990737381077498,-1.0898185235075428
2001-09-16 00:00:00,20.54640769958496,25.482925415039062,26.617177345372934,28.326199406271034,26.530208587646484,25.35196876525879,27.64577695631915,27.18606948852539,12.592334747314453,27.39898741259939,25.740041732788086,27.425369262695312,24.82182502746582,2.700920581817627,27.437241151366198,28.255899558843144,27.2247424824959,-0.8260595825017103
2001-10-16 12:00:00,20.94706153869629,24.53514289855957,26.594698513952853,28.331864591546335,26.07792091369629,25.07803726196289,27.54699942155033,27.2769775390625,13.733444213867188,27.513192180560402,26.1850528717041,27.60592269897461,25.181217193603516,2.680973768234253,27.99174924593119,28.450394834180603,27.656028839561166,-0.46022595010721773
2001-11-16 00:00:00,21.603845596313477,24.608787536621094,26.60559940945541,28.3423307416719,24.950794219970703,24.059690475463867,26.79910540414664,26.562868118286133,15.678130149841309,26.8604838121663,26.69501304626465,27.10065460205078,25.637910842895508,1.4763517379760742,28.256000988228816,28.55847388518965,28.089165750812086,-0.30124222573374865
2001-12-16 12:00:00,22.597814559936523,25.856767654418945,26.626240622704163,28.349347573438717,23.706199645996094,22.727581024169922,25.74594265426764,25.744396209716797,17.620012283325195,25.71304514977419,27.1129093170166,26.223779678344727,26.222984313964844,0.06865237653255463,28.07418958526267,28.58309169886995,28.27829609610123,-0.5093668299769352
2002-01-16 12:00:00,24.209636688232422,25.30000877380371,26.73989271408548,28.347746067838223,22.695724487304688,21.46706199645996,24.82482864296356,24.634140014648438,20.09361457824707,24.733324495327103,27.30628204345703,25.169584274291992,26.72869300842285,-1.3366914987564087,27.895813979297333,28.46145812905933,28.281937479272717,-0.5681237517272002
2002-02-15 00:00:00,26.025657653808594,26.24556541442871,26.948448590641746,28.356754022253863,21.9473819732666,20.95707893371582,24.481032010493745,23.828527450561523,20.187406539916992,24.399754073568495,27.703397750854492,24.7600040435791,27.394742965698242,-2.542773962020874,28.0660500082976,28.54792416747086,28.502812546840648,-0.4825022345843906
2002-03-16 12:00:00,26.438621520996094,27.010032653808594,27.193073331812634,28.38128459714253,21.93033790588379,21.05382537841797,24.564249472831005,23.534210205078125,19.55241584777832,24.509552801272477,28.230131149291992,24.49411392211914,27.65349769592285,-3.0875742435455322,28.70264617423586,29.049087170600977,29.043058591598975,-0.33971651403956055
2002-04-16 00:00:00,25.56019401550293,27.284263610839844,27.47427138013439,28.414575684164735,22.175107955932617,21.12139129638672,24.808563584650237,23.651700973510742,17.868709564208984,24.760750210847412,28.14449119567871,24.86447525024414,27.392135620117188,-3.0659334659576416,29.619405637656545,29.366912745169902,29.573908953253838,0.26883183801673327
2002-05-16 12:00:00,25.084238052368164,26.946048736572266,27.604278844998532,28.435098391230873,22.99595832824707,21.744861602783203,25.181191181654384,24.30764389038086,15.781428337097168,25.125059058167274,27.656253814697266,25.171157836914062,27.197872161865234,-2.189732313156128,29.51046061835701,29.323157106122757,29.123929282909266,0.20248546844530096
2002-06-16 00:00:00,23.068876266479492,26.5468807220459,27.56873830403857,28.427349285573346,24.121601104736328,22.932701110839844,25.704583228370804,24.709320068359375,13.912354469299316,25.68478311984169,26.93348503112793,25.6955509185791,26.36366081237793,-0.6717458963394165,28.15196943527126,29.054183883688125,27.881697178827476,-0.9007925213531045
2002-07-16 12:00:00,21.855789184570312,25.836933135986328,27.3929172906397,28.408161932594496,25.077335357666016,23.759567260742188,26.42775311333661,25.781278610229492,12.437746047973633,26.259955419507243,26.226078033447266,26.386898040771484,25.461986541748047,0.7302113771438599,27.45698169151943,28.531847020144653,27.216054605623583,-1.081410581293345
2002-08-16 12:00:00,20.88231086730957,25.2066707611084,27.10377169990892,28.385283705667526,25.84649085998535,24.66566276550293,27.18339452997586,26.386486053466797,12.14101791381836,26.901829024993603,25.893014907836914,26.85211753845215,24.808982849121094,1.9691357612609863,27.28742990591009,28.050319096853592,27.088266197372555,-0.7722319858454187
2002-09-16 00:00:00,21.1097412109375,25.284191131591797,26.934701334522046,28.367395712919823,26.411508560180664,25.327457427978516,27.66335233689726,27.18739891052246,12.114104270935059,27.447194032043527,25.91643524169922,27.45522117614746,24.842226028442383,2.700920581817627,27.582649327750932,28.021194131253697,27.360752913836972,-0.44510852385457816
2002-10-16 12:00:00,20.922391891479492,25.463651657104492,26.940624636856548,28.3764536425278,26.107654571533203,25.23355484008789,27.59046948967116,27.211275100708008,13.498565673828125,27.57909925170175,26.28304672241211,27.65801239013672,25.115392684936523,2.4750216007232666,28.218283139465555,28.277561178837555,27.876384498143636,-0.059088770902807494
2002-11-16 00:00:00,21.76015281677246,25.456722259521484,26.927026564458036,28.38591596335784,25.04819107055664,24.226551055908203,26.88953452299572,26.542325973510742,15.150761604309082,26.95003097721502,26.830102920532227,27.126359939575195,25.633712768554688,1.6322752237319946,28.43284604569128,28.547964672873366,28.264693355124475,-0.11220648062075081
2002-12-16 12:00:00,23.202768325805664,25.552526473999023,26.922935776914628,28.389256026158016,23.706199645996094,22.915712356567383,25.876119693304613,25.43909454345703,17.394384384155273,25.85058399864439,27.274686813354492,26.15545654296875,26.243898391723633,0.05419721081852913,28.22963716179076,28.677787653273796,28.438289989239358,-0.4468865667985254
2003-01-16 12:00:00,24.50562286376953,25.74191665649414,26.965782601200814,28.383642588559812,22.719524383544922,21.75581169128418,25.034452617732327,24.292308807373047,19.221416473388672,24.95118374667466,27.66980743408203,25.061769485473633,26.800012588500977,-1.6305400133132935,28.037811018187323,28.720527818943232,28.44232192452302,-0.6832012219837518
2003-02-15 00:00:00,25.902950286865234,26.1295223236084,27.08824908019582,28.38656892390701,22.176528930664062,21.027101516723633,24.69093114382285,23.39080810546875,19.841814041137695,24.618646209211917,27.908227920532227,24.384288787841797,27.301069259643555,-2.8958592414855957,28.23877792047304,28.743391303414956,28.707350463463058,-0.5031030451854215
2003-03-16 12:00:00,26.4718074798584,27.30351448059082,27.337672580869363,28.409298113225454,21.97528839111328,20.977840423583984,24.75936793706639,23.326160430908203,19.393299102783203,24.72199302848648,28.135639190673828,24.205049514770508,27.713132858276367,-3.436983585357666,28.85021932780557,29.229906143137462,29.20671845666165,-0.37110202183941066
2003-04-16 00:00:00,25.313678741455078,27.286773681640625,27.619617320631168,28.43715817932272,22.29340934753418,21.2594051361084,25.05338516306594,23.66757583618164,17.864582061767578,25.04674397659864,28.097352981567383,24.44126319885254,27.804304122924805,-3.0512940883636475,29.77428436993625,29.508613984513108,29.775240073925733,0.2838458264856343
2003-05-16 12:00:00,24.113344192504883,26.824373245239258,27.709260656013676,28.453838033670987,23.16167449951172,22.11951446533203,25.406642502799215,24.134775161743164,15.596382141113281,25.38775829012615,27.628278732299805,25.029067993164062,27.300016403198242,-2.0574333667755127,29.734192135240047,29.42872400627775,29.32079230194385,0.3230639805548186
2003-06-16 00:00:00,22.923175811767578,26.148046493530273,27.62168641863318,28.436441939631987,24.46147346496582,23.139219284057617,25.919029581216254,24.839580535888672,13.875484466552734,25.93554595919685,26.920654296875,25.799072265625,26.38616371154785,-0.5633882880210876,28.314076606547886,29.08821800660033,28.031033091928055,-0.7710728319312283
2003-07-16 12:00:00,21.7524356842041,25.749013900756836,27.382672886734344,28.40773788591793,25.280319213867188,23.979114532470703,26.59690090675176,25.779170989990234,12.216763496398926,26.457207534903525,26.224552154541016,26.41431999206543,25.6519718170166,0.8901957273483276,27.571365437985065,28.521463977061426,27.303642946461945,-0.9555648562158754
2003-08-16 12:00:00,21.089780807495117,25.222288131713867,27.064477772468152,28.376460024046807,26.181089401245117,24.820894241333008,27.32737735432323,26.785022735595703,11.865387916564941,27.08005846702209,25.92984390258789,27.13909339904785,25.101940155029297,1.9691357612609863,27.350162814384895,28.064717066593126,27.14381405349109,-0.7232568636764938
2003-09-16 00:00:00,20.573211669921875,24.656023025512695,26.930480545163093,28.358880197053278,26.437353134155273,25.622385025024414,27.79439266120919,27.39080238342285,12.14327621459961,27.59468505538549,25.957597732543945,27.735172271728516,25.095048904418945,2.4879422187805176,27.613016552109855,28.048638404910335,27.38129270034312,-0.4418263076624394
2003-10-16 12:00:00,20.75029754638672,24.722349166870117,26.935180781578048,28.365879261268674,26.314847946166992,25.253293991088867,27.713091984070903,27.463783264160156,13.498565673828125,27.728544400526616,26.28304672241211,27.87320327758789,25.44690704345703,2.220750570297241,28.208623346313033,28.346213221512482,27.8377390791218,-0.13732829614970413
2003-11-16 00:00:00,21.77288818359375,25.484861373901367,26.9112879364491,28.375159401834043,25.080896377563477,24.226551055908203,26.98720822719667,26.6512508392334,15.16252613067627,27.089000272973465,26.87409210205078,27.035743713378906,25.82624626159668,1.0751787424087524,28.491591316804282,28.592611705301987,28.294358218700015,-0.09743360500698314
2003-12-16 12:00:00,22.781923294067383,25.016773223876953,26.93165569935872,28.375608156648884,23.794654846191406,22.96404457092285,26.00774415758706,25.56649398803711,17.35101890563965,26.01321615336588,27.21900749206543,26.203481674194336,26.313404083251953,-0.381661981344223,28.28519623598096,28.80322320899039,28.480092322356196,-0.5159243561278422
2004-01-16 12:00:00,24.60165786743164,25.362207412719727,26.996736289367906,28.369383008704553,22.787124633789062,21.869783401489258,25.13642948376103,24.307573318481445,19.448938369750977,25.06588714409221,27.623945236206055,25.31016731262207,26.927778244018555,-1.5824276208877563,28.07527776537803,28.83377526994271,28.49028776566839,-0.7583472407022605
2004-02-15 12:00:00,25.700590133666992,26.209611892700195,27.128382143710112,28.368305655039272,22.179306030273438,21.23297882080078,24.810548755733404,23.68915557861328,20.340490341186523,24.748152302451075,27.855741500854492,24.35897445678711,27.362930297851562,-2.63126540184021,28.270701308247244,28.867643931108084,28.744606833977812,-0.5948245646565589
2004-03-16 12:00:00,26.16985321044922,26.844846725463867,27.333628118633342,28.389271668909164,22.002492904663086,20.983638763427734,24.913167041229826,23.18312644958496,19.61358070373535,24.88747576878381,28.12091064453125,24.378684997558594,27.687944412231445,-3.1716203689575195,28.908842744004435,29.289656651321994,29.259632670876144,-0.371519233700297
2004-04-16 00:00:00,25.40479278564453,27.280223846435547,27.54492873787761,28.416353074701163,22.325349807739258,21.265697479248047,25.222939086056137,23.69462013244629,18.023815155029297,25.198655611750475,28.097352981567383,24.984111785888672,27.709300994873047,-3.0512940883636475,29.78440016917114,29.593652282480832,29.73350470203031,0.20922601451493572
2004-05-16 12:00:00,24.113344192504883,26.935901641845703,27.59811629979265,28.429837437879595,23.168926239013672,22.141801834106445,25.538142505372065,24.242448806762695,15.844334602355957,25.511511155543566,27.635465621948242,25.175567626953125,27.32731056213379,-2.0545406341552734,29.696528550293884,29.552547201320085,29.258463232675165,0.16151226830048035
2004-06-16 00:00:00,22.92203140258789,26.350996017456055,27.403768806286635,28.405957291204594,24.48527717590332,23.154096603393555,26.0570399682175,24.90131950378418,13.707255363464355,26.067753678592382,26.93348503112793,25.883089065551758,26.5767879486084,-0.6717458963394165,28.33771384881022,29.201376438227445,28.04257126058514,-0.8600930260379589
2004-07-16 12:00:00,21.548999786376953,25.785451889038086,27.02511388332973,28.358852947691915,25.298036575317383,23.979114532470703,26.7012499673876,25.8770751953125,12.359722137451172,26.567833300956913,26.13663673400879,26.547597885131836,25.676130294799805,0.767132043838501,27.585597182528897,28.688536178205638,27.33365390122724,-1.1078650913067092
2004-08-16 12:00:00,21.424123764038086,25.314191818237305,26.61347506342878,28.3086843725091,26.201337814331055,25.016036987304688,27.354702673440695,26.65754508972168,12.044417381286621,27.0874194210111,25.785547256469727,27.13909339904785,25.115978240966797,2.0366857051849365,27.355332069946673,28.199516590273472,27.144005106735985,-0.8525121963810867
2004-09-16 00:00:00,20.75018310546875,25.482925415039062,26.46195822114914,28.285362423137517,26.5019588470459,25.6356258392334,27.81353421413353,27.19841766357422,12.592334747314453,27.58828926043811,25.740041732788086,27.469341278076172,24.961395263671875,2.5529582500457764,27.560297490094214,28.14160017592769,27.337830415840482,-0.587791797276189
2004-10-16 12:00:00,21.884897232055664,24.884990692138672,26.440291660421654,28.29173947520764,26.234634399414062,25.574357986450195,27.71525147581605,27.463783264160156,13.439163208007812,27.729761702287924,26.124853134155273,27.87320327758789,25.109664916992188,2.5169529914855957,28.05208644761657,28.37573509652854,27.73151110485984,-0.32482669585943486
2004-11-16 00:00:00,21.619882583618164,25.0058536529541,26.427807107271747,28.302902208872688,25.182294845581055,24.287303924560547,27.046094703646933,26.716293334960938,15.037002563476562,27.14618034268333,26.815872192382812,27.242591857910156,25.683012008666992,1.4886687994003296,28.322403444282898,28.538249012235184,28.152609741462687,-0.21402278339649025
2004-12-16 12:00:00,22.597814559936523,25.612350463867188,26.47018033996484,28.30857537587325,23.7187557220459,22.81336784362793,25.963935999863732,25.56649398803711,18.173805236816406,25.967263321444477,27.172866821289062,26.19070816040039,26.228649139404297,0.23010878264904022,28.095994959295638,28.67102958785456,28.268657844254598,-0.5750768446446037
2005-01-16 12:00:00,24.449831008911133,25.89931869506836,26.55163658553512,28.303731200994143,22.594755172729492,21.639568328857422,25.013803090431907,24.40869140625,20.10093116760254,24.944078504654442,27.568639755249023,25.295156478881836,26.883838653564453,-1.575971245765686,27.826889624926384,28.55047229436747,28.171532829274057,-0.7265128519588324
2005-02-15 00:00:00,25.6842098236084,26.398555755615234,26.75631336057271,28.311288217451256,22.14499282836914,21.131431579589844,24.59301789556842,23.768007278442383,20.31974220275879,24.526004945231037,27.88078498840332,24.591184616088867,27.363773345947266,-3.123091220855713,28.055736726416068,28.390780963124218,28.487434260372837,-0.33615077270437366
2005-03-16 12:00:00,26.156064987182617,27.133020401000977,27.0114154858916,28.33764382761133,22.00480842590332,21.079835891723633,24.642384776230795,23.37700080871582,19.55241584777832,24.599551722763913,28.20281219482422,24.59307098388672,27.83557891845703,-3.565444231033325,28.68387713758497,28.871756533199576,29.01099518190486,-0.18176366272565245
2005-04-16 00:00:00,25.115642547607422,27.68440818786621,27.232565351720424,28.371136077324422,22.337818145751953,21.526493072509766,24.886546067690215,24.04142951965332,17.868709564208984,24.83958904955506,28.011104583740234,24.928224563598633,27.750988006591797,-3.1110332012176514,29.539669282633884,29.322501781658342,29.474404538642794,0.23262978380501692
2005-05-16 12:00:00,24.38003921508789,26.976428985595703,27.344860390728563,28.39198602169313,23.196828842163086,22.167802810668945,25.216778770534063,24.326915740966797,16.059385299682617,25.152438702968595,27.747024536132812,25.59596824645996,27.19652557373047,-1.8470027446746826,29.397333761870588,29.389343301245667,29.001622905374283,0.02224017127239058
2005-06-16 00:00:00,22.52968406677246,26.059782028198242,27.253012157342823,28.380447596712578,24.327199935913086,23.070280075073242,25.72470293115316,25.283039093017578,13.912354469299316,25.70834718799115,26.82740020751953,26.08963394165039,26.34870147705078,-0.5568563938140869,28.07145922727203,29.145726832036182,27.778284867200018,-1.0734019811786388
2005-07-16 12:00:00,21.759117126464844,25.39443588256836,26.97138302086683,28.349438847860235,25.140472412109375,23.759567260742188,26.42519880774523,25.798625946044922,12.45069408416748,26.24844070918823,26.134521484375,26.451509475708008,25.51074981689453,0.8901957273483276,27.35818058522287,28.74211469675258,27.114295497144663,-1.3909259188832128
2005-08-16 12:00:00,20.58770751953125,25.114736557006836,26.544568854498827,28.307690767109573,25.954614639282227,24.66566276550293,27.15349672592743,26.540048599243164,12.432039260864258,26.84814719240392,25.775474548339844,26.968605041503906,24.762630462646484,2.0366857051849365,27.146005658629857,28.422249265793884,26.950970622897547,-1.2860545135086565
2005-09-16 00:00:00,20.07887077331543,24.62578010559082,26.331086637083043,28.275426764677515,26.405229568481445,25.327457427978516,27.65289953755364,27.159809112548828,12.592334747314453,27.406704120251234,25.75835418701172,27.530363082885742,24.83551597595215,2.881284713745117,27.301211760214514,28.478598895930553,27.119407284453708,-1.185564196760034
2005-10-16 12:00:00,20.65638542175293,24.323392868041992,26.303729317858718,28.281409915487867,26.137699127197266,25.213790893554688,27.566592436036384,27.191322326660156,13.590614318847656,27.54282773604791,26.12638282775879,27.688650131225586,25.080890655517578,2.686918020248413,27.85115931284792,28.594127096799337,27.557354752045427,-0.7455584624931171
2005-11-16 00:00:00,21.243240356445312,24.236217498779297,26.276486487704084,28.29380904120568,25.031877517700195,24.24590301513672,26.84116577743423,26.652034759521484,15.678130149841309,26.898659677287874,26.592905044555664,27.10065460205078,25.643505096435547,1.4886687994003296,28.14050835504813,28.56708977702361,27.993128431692902,-0.4264446498367471
2005-12-16 12:00:00,22.9112606048584,24.654739379882812,26.326420617459178,28.301852504248888,23.706199645996094,22.751510620117188,25.776989300177508,25.812700271606445,17.658777236938477,25.7253252251596,27.11379051208496,26.223779678344727,26.209741592407227,0.23010878264904022,27.944752633016414,28.596009609109284,28.142535054118884,-0.6529398013230536
2006-01-16 12:00:00,24.23031234741211,25.096872329711914,26.46798029934414,28.301595259686668,22.577869415283203,21.538288116455078,24.744092787611294,24.04779624938965,19.348526000976562,24.624699658185712,27.46253204345703,25.029706954956055,26.474468231201172,-1.4756516218185425,27.732722927315052,28.385222621713016,28.12051528352086,-0.6567371942619498
2006-02-15 00:00:00,25.863813400268555,26.31531524658203,26.690680675575415,28.31113803044641,21.916847229003906,21.06763458251953,24.307355128430128,23.453832626342773,20.31974220275879,24.199773888220776,27.82407569885254,24.46096420288086,27.331336975097656,-2.8497304916381836,27.906349357146357,28.285069255203574,28.344108366158164,-0.3815231476230375
2006-03-16 12:00:00,26.435022354125977,26.508651733398438,26.9354241975359,28.338153893234715,21.93492317199707,20.94269561767578,24.33370206948119,23.1184139251709,19.864246368408203,24.253865638205227,28.03795051574707,24.36020851135254,27.568466186523438,-3.392075300216675,28.562179390566666,28.754988571591593,28.873606755257185,-0.188149576032331
2006-04-16 00:00:00,25.3836669921875,27.41838836669922,27.240373304248614,28.37459960198941,22.104761123657227,20.9415225982666,24.65086036484012,23.905149459838867,17.725496292114258,24.584881287986526,28.174070358276367,24.787137985229492,27.72187614440918,-2.8281795978546143,29.44484739899255,29.159470586808606,29.35439114620159,0.29953080360725703
2006-05-16 12:00:00,24.34035301208496,26.956199645996094,27.360880650112666,28.400374026547613,23.0120906829834,21.73048210144043,25.01810061801999,23.885944366455078,15.642675399780273,24.93877365772535,27.552719116210938,25.063634872436523,27.230714797973633,-1.9718657732009888,29.376573372541817,29.187285017421566,28.93750968224503,0.2028504706254935
2006-06-16 00:00:00,22.755374908447266,26.546178817749023,27.32720917384916,28.39286373031478,24.259790420532227,23.070280075073242,25.57782939989461,24.73879623413086,13.833879470825195,25.57307626985274,26.82740020751953,25.6955509185791,26.21224021911621,-0.6818781495094299,28.05113876655194,28.947593163174904,27.75736956257609,-0.8962626587251128
2006-07-16 12:00:00,22.55337905883789,25.807621002197266,27.11376909456157,28.367681753235797,25.04888343811035,23.81037712097168,26.317831522789053,25.613285064697266,12.295513153076172,26.173851469038638,26.07358169555664,26.277305603027344,25.3040828704834,0.8901957273483276,27.334335315928396,28.45941290706516,27.060642026954635,-1.1329812243848694
2006-08-16 12:00:00,20.852415084838867,24.98802947998047,26.760194128903432,28.338667242079524,26.196996688842773,25.016036987304688,27.111823704394627,26.52199935913086,11.986238479614258,26.827131069301032,25.6036319732666,26.98776626586914,24.824716567993164,1.9735866785049438,27.14464539758095,28.001224375133535,26.92276893437872,-0.8674182371193366
2006-09-16 00:00:00,20.75018310546875,25.53493309020996,26.5916245360228,28.31442571929242,26.437353134155273,25.5512752532959,27.60653861116391,27.159809112548828,12.531187057495117,27.371011510072407,25.81058692932129,27.395061492919922,24.84795570373535,2.7035105228424072,27.37521948007318,27.987602158119834,27.148494670216415,-0.621029404157962
2006-10-16 12:00:00,21.50216293334961,25.783912658691406,26.580601560200833,28.32059613950579,26.314847946166992,25.50324821472168,27.56271169893412,27.2769775390625,13.733444213867188,27.560793957856575,26.124853134155273,27.688650131225586,25.080890655517578,2.686918020248413,27.935891795404164,28.201610659717772,27.630775826848193,-0.26843823082569973
2006-11-16 00:00:00,21.65597915649414,25.810834884643555,26.60903557542713,28.336660067440416,25.37727928161621,24.287303924560547,26.831724365648373,26.652034759521484,15.020709991455078,26.928250110694535,26.815872192382812,27.10065460205078,25.633712768554688,1.6322752237319946,28.181439596518658,28.41373287365507,28.040968031061265,-0.23213125016109487
2006-12-16 12:00:00,23.182199478149414,25.450429916381836,26.646078986787515,28.342780036588806,23.794654846191406,22.99483871459961,25.777461608189085,25.806400299072266,17.35101890563965,25.767955143321757,27.320987701416016,26.223779678344727,26.243898391723633,-0.16040527820587158,28.015525162463536,28.463202222494772,28.234380419212783,-0.44899706644705184
2007-01-16 12:00:00,24.449831008911133,25.43655014038086,26.758687055382158,28.34543545076088,22.698408126831055,21.805957794189453,24.88047009510783,24.528301239013672,20.10093116760254,24.802578173089003,27.60683822631836,25.215984344482422,26.792943954467773,-1.5201693773269653,27.840666908359186,28.385933423332684,28.238488983589757,-0.5484604817884773
2007-02-15 00:00:00,26.025657653808594,26.34021759033203,26.93502229139597,28.352354308733016,22.16452980041504,21.256628036499023,24.532982579118187,23.71498680114746,20.056987762451172,24.44624896596843,27.877151489257812,24.690900802612305,27.312999725341797,-2.63126540184021,27.991050315468964,28.368892720826803,28.439776236177494,-0.37962604040143944
2007-03-16 12:00:00,26.18922996520996,26.97586441040039,27.183117227534396,28.376006861324942,22.02045249938965,21.034832000732422,24.646238422574836,23.607284545898438,19.55241584777832,24.58963447911617,28.161279678344727,24.535829544067383,27.6951904296875,-3.2844600677490234,28.648799533116083,28.914061545368405,29.00741476433701,-0.2593828193143492
2007-04-16 00:00:00,25.33877182006836,27.205358505249023,27.488566408703036,28.412771125388566,22.279102325439453,21.386760711669922,24.99179008555503,23.383758544921875,17.89193344116211,24.93738175549759,27.979570388793945,24.505849838256836,27.663497924804688,-3.0659334659576416,29.549790350497236,29.261503965750304,29.520457004518494,0.30369926575012435
2007-05-16 12:00:00,24.262632369995117,26.926868438720703,27.616816058944927,28.43352284089081,23.16167449951172,22.11951446533203,25.398512800108318,24.134775161743164,15.844334602355957,25.335203687501938,27.694135665893555,25.029067993164062,27.283891677856445,-2.0545406341552734,29.55730742791011,29.283860373312752,29.144833246636995,0.2889863949133581
2007-06-16 00:00:00,22.581748962402344,26.3436336517334,27.554776664251335,28.424288122431104,24.46147346496582,23.101703643798828,25.923444892071007,24.82146453857422,13.941060066223145,25.900117340325565,26.96099090576172,25.793243408203125,26.380266189575195,-0.6717458963394165,28.192477360746093,28.969125415112362,27.903842654947493,-0.7750402688797011
2007-07-16 12:00:00,21.799657821655273,25.738433837890625,27.370113901483442,28.401022497713534,25.067617416381836,23.81037712097168,26.60719907370306,25.779170989990234,12.274580955505371,26.426859593071377,26.187345504760742,26.41084861755371,25.6519718170166,0.767132043838501,27.491295289708887,28.37704350182019,27.21832787972877,-0.8923355682368523
2007-08-16 12:00:00,20.782272338867188,25.18672752380371,27.09697087403736,28.37339049800569,25.84649085998535,24.66566276550293,27.30351667080996,26.600515365600586,11.84589672088623,27.013699675380884,25.893014907836914,26.974634170532227,24.93641471862793,1.9691357612609863,27.296864510570206,27.874790872546615,27.050885401415375,-0.5876013532690958
2007-09-16 00:00:00,20.528961181640625,24.656023025512695,26.951239783044905,28.358461131159604,26.405229568481445,25.319631576538086,27.77471641925816,27.19841766357422,12.0759916305542,27.538327129498008,25.904647827148438,27.469341278076172,24.748811721801758,2.7035105228424072,27.545238838974146,27.84697918729474,27.270411291409385,-0.3090852227690694
2007-10-16 12:00:00,20.75029754638672,24.656295776367188,26.95789568579602,28.368382389202814,26.107654571533203,25.17696189880371,27.674508906695895,27.312976837158203,13.733444213867188,27.65879733700948,26.276968002319336,27.807300567626953,25.109664916992188,2.5263803005218506,28.179815220240595,28.151596631455238,27.80577616262052,0.027732844416108147
2007-11-16 00:00:00,21.69546890258789,24.810571670532227,26.951729007451526,28.38027575985201,25.204822540283203,24.231727600097656,26.992418058275295,26.624530792236328,15.150761604309082,27.072935073094392,26.7689151763916,26.962844848632812,25.60907554626465,1.4468562602996826,28.395162765911806,28.477981499045043,28.194209687053853,-0.08043903761282396
2007-12-16 12:00:00,22.489276885986328,24.550954818725586,26.955606982031235,28.38097791888118,23.74831199645996,22.9478816986084,25.915870613317548,25.43909454345703,17.35665512084961,25.904451079713205,27.149381637573242,26.175254821777344,26.228649139404297,-0.3407699763774872,28.236263017536956,28.654397933208156,28.449731112384445,-0.41686344171976764
2008-01-16 12:00:00,24.50562286376953,25.362207412719727,27.028863530949423,28.37743807392354,22.76192283630371,21.869783401489258,25.01003896478174,24.2779541015625,19.397314071655273,24.938131721434388,27.43893051147461,25.295156478881836,26.829301834106445,-1.8245550394058228,28.058168661643794,28.70332209041213,28.473101894677917,-0.6454828570996325
2008-02-15 12:00:00,26.432153701782227,26.11322021484375,27.157438367581467,28.379662342319943,22.16452980041504,21.185527801513672,24.72562737793576,23.43120002746582,20.340490341186523,24.661452343511172,27.772783279418945,24.628700256347656,27.36734390258789,-3.170949935913086,28.21748529653462,28.740926995931623,28.67861297521042,-0.5221428091839255
2008-03-16 12:00:00,26.207977294921875,26.996736526489258,27.394171219134407,28.400756032768385,22.00480842590332,20.96189308166504,24.80476950576086,23.6176700592041,19.55241584777832,24.763094712392267,28.070022583007812,24.664461135864258,27.778135299682617,-3.4972755908966064,28.855835587978287,29.221320372339413,29.214459341923448,-0.35686648867023746
2008-04-16 00:00:00,25.697118759155273,27.3055477142334,27.64926982028505,28.431059835502342,22.263126373291016,21.253067016601562,25.149260539561013,23.97653579711914,18.023815155029297,25.11022335842508,28.080060958862305,24.592941284179688,27.99294662475586,-3.2509500980377197,29.777200467350436,29.49979882927681,29.76844506040456,0.29558396765128836
2008-05-16 12:00:00,24.57635498046875,26.948562622070312,27.723476304616312,28.446778290889064,23.231998443603516,22.141801834106445,25.47346866862232,24.1810359954834,16.028804779052734,25.438290214790392,27.564762115478516,25.3221435546875,27.335691452026367,-2.15287184715271,29.782856364923497,29.51745843776491,29.371463730801857,0.2836774274368244
2008-06-16 00:00:00,23.700876235961914,26.419822692871094,27.591363013304274,28.42756364116294,24.48527717590332,23.12066078186035,25.978825327810124,24.93372917175293,13.707255363464355,25.99809354672891,26.980152130126953,25.845550537109375,26.5767879486084,-0.5091818571090698,28.444581808535553,29.132368517975824,28.147157759063784,-0.6833521121841357
2008-07-16 12:00:00,21.998708724975586,25.84122657775879,27.329284689250457,28.392252858807392,25.280319213867188,23.979114532470703,26.634202668326207,25.805648803710938,12.359722137451172,26.506313000755256,26.20893669128418,26.547597885131836,25.676130294799805,0.8107947707176208,27.65703017035536,28.511620779140245,27.401755491561694,-0.8592538696229757
2008-08-16 12:00:00,21.496135711669922,25.252779006958008,27.00937719809906,28.356662086513214,26.201337814331055,24.8164005279541,27.344062629747665,26.785022735595703,12.008686065673828,27.087282558051363,25.85347557067871,27.13909339904785,25.19345474243164,1.9357770681381226,27.43040601179478,27.961659234501568,27.216611343333163,-0.539429873784727
2008-09-16 00:00:00,20.786264419555664,24.908960342407227,26.898122353656404,28.34094011051203,26.48917579650879,25.412137985229492,27.86323109480048,27.48650360107422,12.14327621459961,27.674477615377327,25.9892520904541,27.788925170898438,25.109365463256836,2.647082805633545,27.690324339319595,27.953497347086714,27.440087690923363,-0.26886074343263194
2008-10-16 12:00:00,21.60002899169922,24.656295776367188,26.90392795828447,28.356711567332773,26.246929168701172,25.323055267333984,27.82742183738438,27.578516006469727,13.41635799407959,27.851634812922086,26.28304672241211,27.86851692199707,25.376127243041992,2.5263803005218506,28.26695056893072,28.26179290104857,27.882963412165502,0.005778626706956801
2008-11-16 00:00:00,21.888612747192383,25.112831115722656,26.89845354565987,28.366015481658874,25.163808822631836,24.15294075012207,27.087257044395702,26.710281372070312,15.180766105651855,27.186952497054705,26.914772033691406,27.242591857910156,25.783784866333008,1.1812012195587158,28.506960984315608,28.609011502369317,28.306379695181363,-0.09827584941988705
2008-12-16 12:00:00,22.955245971679688,24.661724090576172,26.8909425856902,28.363045861822542,23.7187557220459,22.81336784362793,26.046521083027084,25.53408432006836,17.613359451293945,26.05920400884485,27.284448623657227,26.203481674194336,26.239255905151367,-0.02885977178812027,28.33952303912078,28.761701255917707,28.520079582537278,-0.4196513885209454
2009-01-16 12:00:00,24.60165786743164,25.39310646057129,26.954610730916947,28.356789329727363,22.594755172729492,21.667070388793945,25.149686731929652,24.307573318481445,19.211679458618164,25.094752324830047,27.623945236206055,25.048526763916016,26.921756744384766,-1.9315390586853027,28.124877846056595,28.777915240402375,28.522251269796797,-0.6525431126070247
2009-02-15 00:00:00,25.899383544921875,26.209611892700195,27.094289372326937,28.357439764158986,22.11690330505371,20.976186752319336,24.784761724546527,23.346141815185547,19.6027889251709,24.74149235461247,27.81247329711914,24.390804290771484,27.24088478088379,-3.123091220855713,28.280228998027912,28.805931907461765,28.747567209954983,-0.5236417022136621
2009-03-16 12:00:00,26.207977294921875,26.844846725463867,27.307263525308198,28.381481435414454,21.97528839111328,20.950529098510742,24.848866003742092,22.96441650390625,19.47113800048828,24.831095832807385,28.11998176574707,24.577362060546875,27.778135299682617,-3.956054449081421,28.908654312252132,29.217803754851545,29.27320778886066,-0.300029847774676
2009-04-16 00:00:00,25.977575302124023,27.205358505249023,27.52536290554208,28.409803243087985,22.27012062072754,21.258146286010742,25.118360942350023,23.714445114135742,17.501657485961914,25.095128923124186,28.080060958862305,24.650205612182617,28.02459144592285,-3.2318637371063232,29.809451481996028,29.53064088702901,29.78270294286376,0.29737856453346667
2009-05-16 12:00:00,24.534637451171875,26.95402717590332,27.569743239098685,28.42316089721506,23.164398193359375,21.92449951171875,25.453640846966096,24.1810359954834,15.664674758911133,25.44344362022862,27.635465621948242,25.334794998168945,27.32731056213379,-2.189732313156128,29.667964159387584,29.498838117260437,29.30332677001968,0.18625176317620376
2009-06-16 00:00:00,23.05420684814453,26.869386672973633,27.39532095385736,28.404997192006558,24.48527717590332,23.07398796081543,25.999997192629035,24.90131950378418,13.489198684692383,26.035852926198146,26.992612838745117,25.845550537109375,26.59600067138672,-0.5888566374778748,28.349204845666826,29.202091550811407,28.062300354327554,-0.8492045122854444
2009-07-16 12:00:00,21.75829315185547,25.800029754638672,27.042106849715047,28.3628139369223,25.367448806762695,24.004776000976562,26.707298629986777,25.84128761291504,12.181047439575195,26.59094000308238,26.187345504760742,26.547597885131836,25.676130294799805,0.8901957273483276,27.601513231894778,28.77706102101324,27.350051100725242,-1.1801068098265584
2009-08-16 12:00:00,21.241701126098633,25.040632247924805,26.628801904876507,28.31384053686069,26.19605827331543,25.161136627197266,27.418283827913893,26.836849212646484,11.865387916564941,27.191284755627514,25.865501403808594,27.00983428955078,25.19345474243164,2.0366857051849365,27.357516241292767,28.363535373138614,27.148819545122063,-1.013930226052877
2009-09-16 00:00:00,21.03555679321289,25.409090042114258,26.483300510711146,28.28779532564393,26.53315544128418,25.412137985229492,27.871013814794264,27.397825241088867,12.161571502685547,27.67946525249232,25.844635009765625,27.772014617919922,25.095048904418945,2.4879422187805176,27.55786261731201,28.29337010053106,27.328195496066396,-0.7416541293089312
2009-10-16 12:00:00,20.987289428710938,25.783912658691406,26.475672996057163,28.294916413923357,26.3596134185791,25.569202423095703,27.80121595828403,27.578516006469727,13.712433815002441,27.81937109835078,26.26389503479004,27.86851692199707,25.376127243041992,2.443392753601074,28.06088071870385,28.52025099329282,27.74829455685187,-0.46011497010020336
2009-11-16 00:00:00,21.591405868530273,25.20514678955078,26.458225106253515,28.307374652337423,25.395034790039062,24.240266799926758,27.05090279349619,26.716293334960938,15.164249420166016,27.14576744633836,26.7864990234375,27.242591857910156,25.783784866333008,1.1217936277389526,28.311657003922218,28.651786658298235,28.16244900822745,-0.33813681355112607
2009-12-16 12:00:00,23.182199478149414,26.16090202331543,26.46670283857125,28.30905849778024,23.794654846191406,22.99483871459961,25.961680811221154,25.56649398803711,17.56587791442871,25.960434249014362,27.30587387084961,26.18675994873047,26.32892417907715,-0.381661981344223,28.153826134910876,28.729969390686268,28.361797480947505,-0.5754851928977693
2010-01-16 12:00:00,24.50562286376953,25.910123825073242,26.553989995442926,28.30592588153018,22.76714515686035,21.805957794189453,25.03181617414774,24.2779541015625,19.397314071655273,24.963173852181683,27.60683822631836,25.295156478881836,26.927778244018555,-1.863720178604126,27.899612923268243,28.67143549359625,28.279796106044266,-0.7737591847689351
2010-02-15 00:00:00,25.991775512695312,26.398555755615234,26.740101549308747,28.313108737446974,22.213281631469727,21.218759536743164,24.636143023639004,23.917768478393555,20.316490173339844,24.565399725404404,27.877151489257812,24.64716148376465,27.37441635131836,-2.860745906829834,28.07618690602872,28.52077615997666,28.51917143770766,-0.4451849557679763
2010-03-16 12:00:00,26.4718074798584,27.058155059814453,26.95750691241568,28.335426646449044,21.995773315429688,21.079835891723633,24.654986056986726,23.572052001953125,19.531187057495117,24.60950692659722,28.059553146362305,24.81498146057129,28.0224609375,-3.1293718814849854,28.791682128884855,28.89479998319724,29.135526120725554,-0.0959060787249754
2010-04-16 00:00:00,25.56019401550293,27.77117347717285,27.207805960986725,28.36702125942397,22.365421295166016,21.62691879272461,24.852690444099135,24.380884170532227,18.023815155029297,24.79853387888147,28.233417510986328,25.04473114013672,28.22187614440918,-2.694685220718384,29.68762428214925,29.36964580871291,29.643002215831302,0.33498242007422246
2010-05-16 12:00:00,24.164226531982422,26.940343856811523,27.3039878029045,28.38436781792248,23.196828842163086,22.182512283325195,25.198778683119528,24.504718780517578,16.001392364501953,25.141346732416636,27.58440399169922,25.632478713989258,27.347646713256836,-1.8958892822265625,29.459441097232673,29.399523759953823,29.048201323500095,0.07479102389593598
2010-06-16 00:00:00,23.1590576171875,25.92013931274414,27.23160089589736,28.374868212450185,24.46147346496582,23.101703643798828,25.756330806174155,25.283039093017578,13.912354469299316,25.740905955760766,26.75606918334961,26.08963394165039,26.38616371154785,-0.5091818571090698,28.129702230797932,29.1289937541374,27.80641644361113,-0.9979041173845011
2010-07-16 12:00:00,21.540056228637695,25.234338760375977,26.94171369811778,28.343020702342148,25.298036575317383,23.81037712097168,26.455525607201007,25.844097137451172,12.437746047973633,26.30520559798856,26.115806579589844,26.581174850463867,25.62409019470215,0.8901957273483276,27.375295010219514,28.669506626739764,27.105799045767554,-1.3012133254686074
2010-08-16 12:00:00,20.29656982421875,24.610979080200195,26.494748341105414,28.298417695517077,26.120216369628906,24.776350021362305,27.21046836704379,26.540048599243164,11.986238479614258,26.93730206030395,25.69346809387207,27.05966567993164,24.949487686157227,2.0366857051849365,27.185086208929913,28.281695436444487,26.976478822984674,-1.1063818686532771
2010-09-16 00:00:00,20.005359649658203,24.54701805114746,26.27942676834179,28.269463668772985,26.498132705688477,25.55842399597168,27.69166857186482,27.18606948852539,12.531187057495117,27.467166776518383,25.75835418701172,27.530363082885742,24.83134651184082,2.7659010887145996,27.377566194502243,28.33947061301547,27.190201358441655,-0.9696800287926883
2010-10-16 12:00:00,20.747167587280273,24.173768997192383,26.27673736823938,28.275406054197607,26.137699127197266,25.23355484008789,27.608284226588584,27.32180404663086,13.484214782714844,27.600807746237145,26.13701820373535,27.79494857788086,25.080890655517578,2.686918020248413,27.847526294932553,28.55215233660325,27.580801208855938,-0.7073529986832372
2010-11-16 00:00:00,21.334989547729492,24.420045852661133,26.244778611971235,28.28708498217459,25.204822540283203,24.231727600097656,26.888103962255595,26.542325973510742,15.216909408569336,26.96931518356032,26.588165283203125,27.126359939575195,25.639137268066406,1.5812169313430786,28.131350413603062,28.572021975003498,28.000435321154306,-0.4406112838471087
2010-12-16 12:00:00,22.440298080444336,24.55332374572754,26.33177776014815,28.296177265181385,23.74831199645996,22.915712356567383,25.814546867720924,25.666828155517578,17.585859298706055,25.80385366928823,27.102962493896484,26.350360870361328,26.229883193969727,0.05663251504302025,27.97034066168781,28.601432562046423,28.172153800593517,-0.632514686802641
2011-01-16 12:00:00,24.245025634765625,24.87298011779785,26.46887601041921,28.295457181471818,22.76192283630371,22.083202362060547,24.850555026597693,24.40520477294922,20.14266586303711,24.78795669024405,27.391986846923828,25.216691970825195,26.80906867980957,-1.4994703531265259,27.716836057574273,28.470995864924188,28.07090465044306,-0.7583438124824504
2011-02-15 00:00:00,26.025657653808594,26.34313201904297,26.704084163248282,28.30501341163972,22.16452980041504,21.31035614013672,24.463936189302164,23.394184112548828,20.56040382385254,24.402945109275684,27.730669021606445,24.7600040435791,27.312999725341797,-2.843409299850464,27.88051295401197,28.274374589562445,28.294805252434617,-0.3969400328565604
2011-03-16 12:00:00,26.18922996520996,26.987287521362305,26.94660766191651,28.33267926696569,21.99420738220215,21.047605514526367,24.4928287411661,23.680343627929688,19.65131950378418,24.456154934306376,27.91261100769043,24.50752067565918,27.773656845092773,-3.565444231033325,28.538278882737483,28.706755243388326,28.84575988380593,-0.16416373677969598
2011-04-16 00:00:00,25.41806411743164,27.403141021728516,27.248866125161584,28.370601491589994,22.30628204345703,21.445804595947266,24.755982698859203,23.651700973510742,17.636686325073242,24.723311216646124,28.024595260620117,24.87452507019043,27.650495529174805,-3.2318637371063232,29.47547292150114,29.173211909320525,29.41374603310017,0.3167437198869469
2011-05-16 12:00:00,24.322052001953125,27.011470794677734,27.374934348172484,28.39385729492688,23.158634185791016,22.12849998474121,25.15896291942594,24.297651290893555,15.758831024169922,25.122811507841327,27.58440399169922,25.632478713989258,27.18878746032715,-2.1596570014953613,29.421139015971434,29.266557253651307,28.999895364267253,0.16876515273426962
2011-06-16 00:00:00,22.925386428833008,26.577638626098633,27.31678148269875,28.386050481449985,24.48527717590332,23.139219284057617,25.706983484139922,25.217185974121094,13.833879470825195,25.713439256069613,26.732646942138672,25.77800941467285,26.196842193603516,-0.6042299866676331,28.123188008563282,28.983497692210058,27.81220980794431,-0.859335986773536
2011-07-16 12:00:00,22.346342086791992,25.807621002197266,27.09398517801064,28.36077992187093,25.367448806762695,23.979114532470703,26.46710156987687,25.844097137451172,12.472326278686523,26.325829028433468,26.079769134521484,26.528196334838867,25.629268646240234,0.7499372959136963,27.40528588786063,28.55992551730547,27.13811281339319,-1.1616161169114003
2011-08-16 12:00:00,20.911579132080078,24.843791961669922,26.738240905038573,28.328214669764428,26.147279739379883,24.714256286621094,27.207481303184263,26.501909255981445,12.044417381286621,26.929958805859705,25.725011825561523,27.05966567993164,24.839277267456055,2.094965696334839,27.216310333883996,28.162913090897515,26.990844459761096,-0.9563604611114653
2011-09-16 00:00:00,20.663217544555664,25.368619918823242,26.58491827844218,28.30597055159084,26.5019588470459,25.5512752532959,27.67692607555409,27.1290283203125,12.558290481567383,27.448131819888076,25.64689826965332,27.530363082885742,24.83225440979004,2.731874704360962,27.430161340062753,28.1803475529659,27.199617309577828,-0.7578378984536667
2011-10-16 12:00:00,21.025392532348633,25.39719581604004,26.553660027156248,28.3135019672015,26.30621337890625,25.245468139648438,27.610677908174313,27.32180404663086,13.465703964233398,27.606184305207265,26.09505271911621,27.7518367767334,25.080890655517578,2.680973768234253,27.98546599316939,28.39887496820435,27.65807152049366,-0.41517421033062096
2011-11-16 00:00:00,21.65597915649414,24.608787536621094,26.560908951855446,28.329121746852906,25.182294845581055,24.287303924560547,26.934493918439824,26.6512508392334,15.495798110961914,27.02256913345324,26.69501304626465,26.962844848632812,25.633712768554688,1.4821605682373047,28.265768430463005,28.540494237010616,28.131312182716872,-0.2734442196961003
2011-12-16 12:00:00,22.597814559936523,25.517719268798828,26.59680727832815,28.33679353334357,23.7187557220459,22.81336784362793,25.898209716236156,25.43909454345703,17.620012283325195,25.8951835676016,27.130990982055664,26.012062072753906,26.228649139404297,-0.02500145137310028,28.063333724666467,28.61152757038559,28.288116236128165,-0.5486947692859032
2012-01-16 12:00:00,24.50562286376953,25.35654640197754,26.710904170846874,28.33565298532624,22.594755172729492,21.639568328857422,25.009855208284154,23.98120880126953,20.09361457824707,24.940898122233456,27.530017852783203,24.917869567871094,26.75870132446289,-1.4756516218185425,27.860157194023827,28.49898929924634,28.263208774098633,-0.6415653483389012
2012-02-15 12:00:00,25.889678955078125,26.24556541442871,26.91827644984952,28.345298702768417,22.100927352905273,21.033695220947266,24.66170107443276,23.63287353515625,20.56040382385254,24.60129307400573,27.778478622436523,24.557464599609375,26.934066772460938,-2.63126540184021,28.025837163295822,28.423701317699642,28.492637293302483,-0.3991798839821739
2012-03-16 12:00:00,26.16985321044922,26.94400978088379,27.16765684117746,28.372076454702942,21.97528839111328,20.983638763427734,24.727325653047174,23.213838577270508,20.10478401184082,24.684833853773384,28.161279678344727,24.125425338745117,27.64491081237793,-3.2844600677490234,28.64380243385574,28.926079990827272,29.000074016193466,-0.2764176131448171
2012-04-16 00:00:00,25.99412727355957,27.284263610839844,27.440690389262976,28.40908255894129,22.27012062072754,21.315176010131836,24.984883421385657,23.33432388305664,17.57790756225586,24.95120203074493,28.14449119567871,24.41775894165039,27.554405212402344,-3.0659334659576416,29.60278745844301,29.33030785968336,29.569707634524818,0.2885698882785018
2012-05-16 12:00:00,24.57635498046875,26.935901641845703,27.578677023254123,28.432913499699485,23.134675979614258,21.9573974609375,25.348568216151246,24.134775161743164,15.961080551147461,25.312447752643138,27.582759857177734,25.029067993164062,27.110986709594727,-2.0819523334503174,29.557531521858607,29.352773439605404,29.173233424576747,0.22046575669068558
2012-06-16 00:00:00,23.08301544189453,27.023685455322266,27.52025615240064,28.42179119114671,24.464427947998047,23.095483779907227,25.88888147990755,24.839580535888672,13.833879470825195,25.90087248587588,26.920654296875,25.793243408203125,26.38616371154785,-0.6042299866676331,28.25853345302002,29.018891248471398,27.97726166355909,-0.7579924697432225
2012-07-16 12:00:00,21.780912399291992,25.806930541992188,27.32264403069572,28.39541932789614,25.367448806762695,23.979114532470703,26.6111467396421,25.805648803710938,12.295513153076172,26.466999474059172,26.229291915893555,26.41084861755371,25.62409019470215,0.8227633833885193,27.551154390711112,28.474333938666376,27.276614349895958,-0.9289545770826355
2012-08-16 12:00:00,21.203411102294922,25.028575897216797,27.009487694884744,28.369185992552925,26.230915069580078,24.971538543701172,27.376152506510653,26.836849212646484,11.986238479614258,27.104027805292425,25.902301788330078,27.13909339904785,24.943458557128906,2.251199245452881,27.356970986773376,27.999479376624205,27.13069756589302,-0.6513026011694854
2012-09-16 00:00:00,20.970233917236328,25.085092544555664,26.83938691537179,28.348510384824575,26.917293548583984,25.941482543945312,27.903302502064133,27.48650360107422,12.568528175354004,27.6891817779171,25.904647827148438,27.772014617919922,24.748811721801758,2.731874704360962,27.60337377044693,27.97303362701942,27.37466441929914,-0.376139685665218
2012-10-16 12:00:00,20.75029754638672,25.13155746459961,26.7994726356113,28.352941908247992,26.311832427978516,25.72640609741211,27.81819040673233,27.578516006469727,13.712433815002441,27.83245869021507,26.276968002319336,27.86851692199707,25.109664916992188,2.680973768234253,28.211786877220796,28.269302336666502,27.875508089869566,-0.05740880420675998
2012-11-16 00:00:00,21.69546890258789,25.292619705200195,26.805632483174293,28.366070007031368,25.197757720947266,24.29825210571289,27.093680372785418,26.73331069946289,15.50765323638916,27.213224525410958,26.7689151763916,27.242591857910156,25.590007781982422,1.4785765409469604,28.467849662831224,28.557988023731923,28.295313788788317,-0.08686420817751567
2012-12-16 12:00:00,22.934528350830078,25.437225341796875,26.83539165370651,28.37008026436044,23.723573684692383,22.81336784362793,26.00048743393548,25.56649398803711,17.579708099365234,26.02632860564995,27.274686813354492,26.18675994873047,26.22169303894043,-0.02885977178812027,28.221727058352823,28.719717152786657,28.409762624962863,-0.49670140861124873
2013-01-16 12:00:00,24.53319549560547,25.491130828857422,26.91165845027787,28.3669916796892,22.669292449951172,21.667070388793945,25.136589064025056,24.34157943725586,19.248153686523438,25.093725889372536,27.532337188720703,25.218420028686523,26.84803009033203,-1.5824276208877563,28.026437700775848,28.723694008526827,28.418346423610796,-0.6978428636261131
2013-02-15 00:00:00,25.823659896850586,26.099071502685547,27.076789595641852,28.372948411667622,22.131210327148438,20.996978759765625,24.805223001798197,23.420400619506836,19.851627349853516,24.76701242190299,27.923723220825195,24.390804290771484,27.40387535095215,-2.7798163890838623,28.221033132092657,28.7143050952157,28.673544167601104,-0.4920030249044584
2013-03-16 12:00:00,26.16985321044922,27.087291717529297,27.32015758475217,28.397981740506015,22.096948623657227,21.337440490722656,24.850246734800308,23.901409149169922,19.393299102783203,24.838567530412945,28.12091064453125,24.66315269470215,28.0224609375,-3.067619562149048,28.856854412794796,29.1526983528897,29.213044946419945,-0.2873812807146282
2013-04-16 00:00:00,25.197128295898438,27.3055477142334,27.607254955341062,28.429168137832892,22.36172103881836,21.293392181396484,25.18232425316849,23.783533096313477,17.76251792907715,25.182755711440116,28.096071243286133,24.778587341308594,27.955970764160156,-3.2156569957733154,29.770498526132066,29.48704855510903,29.744949319966583,0.30153687199551554
2013-05-16 12:00:00,24.24195671081543,26.86714744567871,27.70601162445295,28.445404477283336,23.134675979614258,22.141801834106445,25.47338105135634,24.1810359954834,15.642675399780273,25.43534692625486,27.66641616821289,25.351022720336914,27.379165649414062,-2.152456521987915,29.74860587734664,29.46799684527002,29.34644891775045,0.29843869688464597
2013-06-16 00:00:00,22.55403709411621,26.148046493530273,27.603030420060676,28.429402043533468,24.37517738342285,23.12066078186035,26.01185526728123,24.93372917175293,13.833879470825195,26.03841728574379,26.900100708007812,25.845550537109375,26.569547653198242,-0.6717458963394165,28.39170923011648,29.064211108741514,28.146291162135686,-0.6687419291105561
2013-07-16 12:00:00,21.54977798461914,25.738433837890625,27.363192478889736,28.401719054036825,25.367448806762695,23.979114532470703,26.71402108035848,25.84128761291504,12.295513153076172,26.591185512824218,26.24386215209961,26.547597885131836,25.676130294799805,0.7499372959136963,27.693513932556172,28.506003533389226,27.47113336555915,-0.8168142843645914
2013-08-16 12:00:00,20.78537940979004,25.2066707611084,27.026876116962136,28.367565550927747,26.171663284301758,24.97734260559082,27.442734749792987,26.850948333740234,12.088403701782227,27.20491392464003,25.85347557067871,27.128843307495117,25.19345474243164,1.9691357612609863,27.436092895116506,28.089973483952555,27.24747211222839,-0.6616929466817956
2013-09-16 00:00:00,20.613542556762695,24.849403381347656,26.894089427435354,28.350262281795082,26.917293548583984,25.8327693939209,27.933869105337838,27.48650360107422,12.568528175354004,27.762092231106323,25.906530380249023,27.805112838745117,25.103118896484375,2.647082805633545,27.684888144556474,28.13284386007849,27.470558875997657,-0.4532634571207197
2013-10-16 12:00:00,21.003875732421875,24.69245719909668,26.915988513831355,28.35956728667895,26.62631607055664,25.528820037841797,27.863367814364754,27.578516006469727,13.733444213867188,27.902767730260145,26.312602996826172,27.86851692199707,25.44690704345703,2.5263803005218506,28.215529809905117,28.460590373113646,27.88258341598987,-0.24445652694114606
2013-11-16 00:00:00,21.774690628051758,24.867109298706055,26.89371511012689,28.371141958451165,25.197757720947266,24.22203254699707,27.174291944513573,26.692461013793945,15.495798110961914,27.287843927819026,26.91266441345215,27.212066650390625,25.77300453186035,1.4468562602996826,28.48707722854439,28.641936423846097,28.337117612848946,-0.1511970418821287
2013-12-16 12:00:00,22.955245971679688,25.04767417907715,26.909698211955554,28.3743598379187,23.713829040527344,22.822784423828125,26.119328138030394,25.53408432006836,17.597963333129883,26.14486607669525,27.3413143157959,26.19133949279785,26.32892417907715,0.05663251504302025,28.312313625484283,28.81619645247515,28.54406857629956,-0.5014872045811598
2014-01-16 12:00:00,24.60165786743164,25.603525161743164,26.96833900751669,28.3694911215363,22.669292449951172,21.654647827148438,25.23136763952704,24.22530746459961,19.240558624267578,25.194392871969328,27.597637176513672,25.064645767211914,26.927778244018555,-1.4756516218185425,28.10832074680883,28.807592789542326,28.513147171944727,-0.6988659994987485
2014-02-15 00:00:00,25.823659896850586,26.075374603271484,27.091380365932416,28.372372356019266,22.100223541259766,20.98454475402832,24.865059426578938,23.745285034179688,20.49812889099121,24.826098767691498,27.967792510986328,24.35897445678711,27.55082893371582,-2.843409299850464,28.294769269442007,28.74541549815482,28.776140744148,-0.44859061064387934
2014-03-16 12:00:00,26.207977294921875,27.03128433227539,27.305210833419192,28.392889998807828,22.225027084350586,21.090757369995117,24.937512247145673,23.109699249267578,19.99481201171875,24.9325048353786,28.07696533203125,23.901451110839844,27.778135299682617,-3.638592004776001,28.915782183685284,29.174918197178368,29.312439847938784,-0.2500510348620881
2014-04-16 00:00:00,25.33877182006836,27.3055477142334,27.606836298121067,28.424300909205066,22.51663589477539,21.530820846557617,25.281667663787026,23.682205200195312,17.767593383789062,25.30739144766492,28.080060958862305,24.65325355529785,27.988317489624023,-3.1602888107299805,29.837017107433912,29.534505307023377,29.87143776329962,0.3213551373792806
2014-05-16 12:00:00,24.279632568359375,26.946048736572266,27.670311225710392,28.44373001186998,23.22319984436035,22.262054443359375,25.668217364834227,24.441808700561523,16.069929122924805,25.679360676634452,27.568674087524414,25.387968063354492,27.324628829956055,-2.0819523334503174,29.872558491956852,29.527533403396596,29.46660101795013,0.36419464098680326
2014-06-16 00:00:00,23.057939529418945,27.080289840698242,27.514751105483327,28.42357273175322,24.418107986450195,22.95541000366211,26.160677989655095,24.90131950378418,13.912354469299316,26.217698390762642,26.963064193725586,25.94217300415039,26.59600067138672,-0.6717458963394165,28.409943643359963,29.206129904475464,28.15130611520476,-0.7919081112649431
2014-07-16 12:00:00,22.162673950195312,25.66130828857422,27.206638689924645,28.386616840384676,25.352415084838867,23.957849502563477,26.81121436479761,25.817209243774414,12.606321334838867,26.727582506701808,26.224552154541016,26.641645431518555,25.65962028503418,0.7302113771438599,27.626292667594313,28.712825643854224,27.386915538935334,-1.0910077306511219
2014-08-16 12:00:00,21.143707275390625,25.34126091003418,26.829623011319093,28.34290670997373,26.45160675048828,25.181840896606445,27.522710552813958,26.932924270629883,12.382303237915039,27.313326076142033,25.92984390258789,27.202512741088867,25.19345474243164,1.9691357612609863,27.419331565743978,28.287487573561688,27.20930908797587,-0.8756538681013912
2014-09-16 00:00:00,21.200117111206055,24.822654724121094,26.671497061105782,28.31960723138133,26.917293548583984,25.8327693939209,27.994717539972196,27.48650360107422,12.558290481567383,27.829301577756873,25.94831085205078,27.819438934326172,25.109365463256836,2.731874704360962,27.659950321481055,28.26886439721453,27.442469732774978,-0.6141345155082993
2014-10-16 12:00:00,20.99721908569336,25.394041061401367,26.62768176265179,28.326187012335215,26.62631607055664,25.664756774902344,27.923926008591277,27.636728286743164,13.590614318847656,27.973610277170827,26.276968002319336,27.86851692199707,25.419025421142578,2.680973768234253,28.19216289886135,28.513796893759928,27.879226153770187,-0.32112718607066193
2014-11-16 00:00:00,22.293542861938477,25.4609375,26.60873953040108,28.33596717933666,25.197757720947266,24.282861709594727,27.171514041358567,26.686412811279297,15.856980323791504,27.303331336981863,26.77293586730957,27.156139373779297,25.733884811401367,1.4763517379760742,28.419550685780678,28.698726629176136,28.276339633226574,-0.27602858177779827
2014-12-16 12:00:00,23.079952239990234,25.557817459106445,26.606904858121094,28.34057780411196,23.741893768310547,22.838132858276367,26.102738838420837,25.53408432006836,18.173805236816406,26.13760681758918,27.233057022094727,26.19133949279785,26.22169303894043,-0.02885977178812027,28.225887243869078,28.814011659895545,28.431303157266516,-0.5865682042640827
